{
  "trait": "A",
  "model": "Qwen/Qwen2.5-3B-Instruct",
  "analysis_layers": [
    8,
    9,
    33,
    34,
    35
  ],
  "scale_item_ids": [
    "hex3",
    "hex9",
    "hex15",
    "hex21",
    "hex27",
    "hex33",
    "hex39",
    "hex45",
    "hex51",
    "hex57",
    "hex63",
    "hex69",
    "hex75",
    "hex81",
    "hex87",
    "hex93"
  ],
  "reverse_keyed_item_ids": [
    "hex75",
    "hex93",
    "hex21",
    "hex87",
    "hex51",
    "hex9",
    "hex15",
    "hex63"
  ],
  "other_item_ids": [
    "hex6",
    "hex12",
    "hex18",
    "hex24",
    "hex5",
    "hex11",
    "hex17",
    "hex23",
    "hex4",
    "hex10",
    "hex16",
    "hex22",
    "hex2",
    "hex8",
    "hex14",
    "hex20",
    "hex1",
    "hex7",
    "hex13",
    "hex19"
  ],
  "projections": {
    "hex3": {
      "8": 1.2130544185638428,
      "9": 1.774662733078003,
      "33": -10.964962005615234,
      "34": 11.106988906860352,
      "35": 89.21759033203125
    },
    "hex9": {
      "8": 1.087710976600647,
      "9": 1.6502931118011475,
      "33": -8.357834815979004,
      "34": 14.041792869567871,
      "35": 92.3188247680664
    },
    "hex15": {
      "8": 1.180578351020813,
      "9": 1.8245558738708496,
      "33": -8.66877555847168,
      "34": 13.730855941772461,
      "35": 92.22830200195312
    },
    "hex21": {
      "8": 1.1990782022476196,
      "9": 1.8336114883422852,
      "33": -8.783852577209473,
      "34": 13.224124908447266,
      "35": 90.11851501464844
    },
    "hex27": {
      "8": 1.083469033241272,
      "9": 1.6684157848358154,
      "33": -11.263823509216309,
      "34": 11.091062545776367,
      "35": 88.81727600097656
    },
    "hex33": {
      "8": 1.097521424293518,
      "9": 1.7015995979309082,
      "33": -10.965078353881836,
      "34": 10.394256591796875,
      "35": 89.56107330322266
    },
    "hex39": {
      "8": 1.0810409784317017,
      "9": 1.6692578792572021,
      "33": -9.979877471923828,
      "34": 11.439372062683105,
      "35": 90.07627868652344
    },
    "hex45": {
      "8": 1.1909092664718628,
      "9": 1.8107155561447144,
      "33": -11.218692779541016,
      "34": 12.282405853271484,
      "35": 86.57180786132812
    },
    "hex51": {
      "8": 1.1217541694641113,
      "9": 1.6471755504608154,
      "33": -10.768608093261719,
      "34": 11.625778198242188,
      "35": 88.09403991699219
    },
    "hex57": {
      "8": 1.1069875955581665,
      "9": 1.6672396659851074,
      "33": -9.362791061401367,
      "34": 11.487021446228027,
      "35": 87.49754333496094
    },
    "hex63": {
      "8": 1.1490970849990845,
      "9": 1.6891376972198486,
      "33": -10.899950981140137,
      "34": 11.695353507995605,
      "35": 85.94857025146484
    },
    "hex69": {
      "8": 1.1846694946289062,
      "9": 1.7589106559753418,
      "33": -9.739622116088867,
      "34": 12.601624488830566,
      "35": 90.29478454589844
    },
    "hex75": {
      "8": 1.1301579475402832,
      "9": 1.685631513595581,
      "33": -10.357029914855957,
      "34": 12.061269760131836,
      "35": 88.95873260498047
    },
    "hex81": {
      "8": 1.1523547172546387,
      "9": 1.7365622520446777,
      "33": -10.297969818115234,
      "34": 11.972555160522461,
      "35": 89.12466430664062
    },
    "hex87": {
      "8": 1.1842942237854004,
      "9": 1.747867226600647,
      "33": -10.011787414550781,
      "34": 12.906631469726562,
      "35": 89.70985412597656
    },
    "hex93": {
      "8": 1.210763931274414,
      "9": 1.801551342010498,
      "33": -9.782684326171875,
      "34": 12.492819786071777,
      "35": 90.11138916015625
    },
    "hex6": {
      "8": 1.0925824642181396,
      "9": 1.60093355178833,
      "33": -10.566130638122559,
      "34": 12.357312202453613,
      "35": 88.12432861328125
    },
    "hex12": {
      "8": 1.1232479810714722,
      "9": 1.667785406112671,
      "33": -12.148244857788086,
      "34": 11.397287368774414,
      "35": 86.90127563476562
    },
    "hex18": {
      "8": 1.1519050598144531,
      "9": 1.7213636636734009,
      "33": -12.211458206176758,
      "34": 10.219871520996094,
      "35": 87.02336120605469
    },
    "hex24": {
      "8": 1.1657241582870483,
      "9": 1.7555049657821655,
      "33": -11.19587230682373,
      "34": 11.20283317565918,
      "35": 86.7845687866211
    },
    "hex5": {
      "8": 1.0653114318847656,
      "9": 1.5963029861450195,
      "33": -10.120925903320312,
      "34": 12.075536727905273,
      "35": 88.16172790527344
    },
    "hex11": {
      "8": 1.1479250192642212,
      "9": 1.7601583003997803,
      "33": -9.947256088256836,
      "34": 12.362051010131836,
      "35": 89.6082992553711
    },
    "hex17": {
      "8": 1.0944972038269043,
      "9": 1.6962937116622925,
      "33": -10.669763565063477,
      "34": 12.03558349609375,
      "35": 88.13937377929688
    },
    "hex23": {
      "8": 1.0991050004959106,
      "9": 1.7613768577575684,
      "33": -10.219124794006348,
      "34": 11.842615127563477,
      "35": 87.11643981933594
    },
    "hex4": {
      "8": 1.1012729406356812,
      "9": 1.7066658735275269,
      "33": -10.518985748291016,
      "34": 11.075723648071289,
      "35": 87.80593872070312
    },
    "hex10": {
      "8": 1.0788028240203857,
      "9": 1.737253189086914,
      "33": -8.965956687927246,
      "34": 13.084490776062012,
      "35": 88.65668487548828
    },
    "hex16": {
      "8": 1.1967474222183228,
      "9": 1.7914867401123047,
      "33": -9.512290000915527,
      "34": 12.772953987121582,
      "35": 88.72925567626953
    },
    "hex22": {
      "8": 1.1973187923431396,
      "9": 1.7887111902236938,
      "33": -12.728181838989258,
      "34": 9.425311088562012,
      "35": 84.24005126953125
    },
    "hex2": {
      "8": 1.1079539060592651,
      "9": 1.6867027282714844,
      "33": -9.42961311340332,
      "34": 12.200143814086914,
      "35": 90.45321655273438
    },
    "hex8": {
      "8": 1.1090493202209473,
      "9": 1.7192023992538452,
      "33": -8.792232513427734,
      "34": 13.086629867553711,
      "35": 89.84485626220703
    },
    "hex14": {
      "8": 1.0533086061477661,
      "9": 1.6010247468948364,
      "33": -8.86824893951416,
      "34": 14.0482816696167,
      "35": 92.82217407226562
    },
    "hex20": {
      "8": 1.0354317426681519,
      "9": 1.5729515552520752,
      "33": -10.664224624633789,
      "34": 12.217354774475098,
      "35": 88.8118667602539
    },
    "hex1": {
      "8": 1.157039999961853,
      "9": 1.7806990146636963,
      "33": -10.736368179321289,
      "34": 11.727790832519531,
      "35": 85.92774963378906
    },
    "hex7": {
      "8": 0.9892997741699219,
      "9": 1.5896813869476318,
      "33": -10.811250686645508,
      "34": 11.35400104522705,
      "35": 90.7175521850586
    },
    "hex13": {
      "8": 1.0239171981811523,
      "9": 1.5667719841003418,
      "33": -10.440387725830078,
      "34": 11.138532638549805,
      "35": 86.76390075683594
    },
    "hex19": {
      "8": 1.0874851942062378,
      "9": 1.6809566020965576,
      "33": -11.7491455078125,
      "34": 10.593317031860352,
      "35": 83.656494140625
    }
  }
}