{
  "trait": "X",
  "model": "Qwen/Qwen2.5-3B-Instruct",
  "analysis_layers": [
    8,
    9,
    33,
    34,
    35
  ],
  "scale_item_ids": [
    "hex4",
    "hex10",
    "hex16",
    "hex22",
    "hex28",
    "hex34",
    "hex40",
    "hex46",
    "hex52",
    "hex58",
    "hex64",
    "hex70",
    "hex76",
    "hex82",
    "hex88",
    "hex94"
  ],
  "reverse_keyed_item_ids": [
    "hex16",
    "hex76",
    "hex10",
    "hex82",
    "hex70",
    "hex52",
    "hex94"
  ],
  "other_item_ids": [
    "hex6",
    "hex12",
    "hex18",
    "hex24",
    "hex5",
    "hex11",
    "hex17",
    "hex23",
    "hex3",
    "hex9",
    "hex15",
    "hex21",
    "hex2",
    "hex8",
    "hex14",
    "hex20",
    "hex1",
    "hex7",
    "hex13",
    "hex19"
  ],
  "projections": {
    "hex4": {
      "8": 0.34098321199417114,
      "9": 1.5582520961761475,
      "33": 13.626470565795898,
      "34": -26.01923370361328,
      "35": -82.58638000488281
    },
    "hex10": {
      "8": 0.2756013870239258,
      "9": 1.534424901008606,
      "33": 12.232864379882812,
      "34": -25.886638641357422,
      "35": -79.23563385009766
    },
    "hex16": {
      "8": 0.41871118545532227,
      "9": 1.6158300638198853,
      "33": 12.688977241516113,
      "34": -25.90331268310547,
      "35": -79.97409057617188
    },
    "hex22": {
      "8": 0.3925188183784485,
      "9": 1.5502558946609497,
      "33": 9.584138870239258,
      "34": -24.00153160095215,
      "35": -77.19303894042969
    },
    "hex28": {
      "8": 0.2573944330215454,
      "9": 1.445654273033142,
      "33": 14.71878433227539,
      "34": -26.779224395751953,
      "35": -83.823486328125
    },
    "hex34": {
      "8": 0.4164164662361145,
      "9": 1.613813877105713,
      "33": 13.565027236938477,
      "34": -27.259899139404297,
      "35": -83.45538330078125
    },
    "hex40": {
      "8": 0.3000842332839966,
      "9": 1.4755537509918213,
      "33": 13.680780410766602,
      "34": -26.588333129882812,
      "35": -80.95380401611328
    },
    "hex46": {
      "8": 0.3835708498954773,
      "9": 1.5850780010223389,
      "33": 13.490198135375977,
      "34": -26.33512306213379,
      "35": -82.88668823242188
    },
    "hex52": {
      "8": 0.32102930545806885,
      "9": 1.4453853368759155,
      "33": 9.132269859313965,
      "34": -23.42060661315918,
      "35": -77.04867553710938
    },
    "hex58": {
      "8": 0.3703729510307312,
      "9": 1.535606861114502,
      "33": 14.458209991455078,
      "34": -28.096641540527344,
      "35": -83.32514953613281
    },
    "hex64": {
      "8": 0.25283151865005493,
      "9": 1.4514780044555664,
      "33": 13.28738784790039,
      "34": -27.126325607299805,
      "35": -80.78002166748047
    },
    "hex70": {
      "8": 0.38437825441360474,
      "9": 1.5180991888046265,
      "33": 14.435905456542969,
      "34": -27.276569366455078,
      "35": -83.0028076171875
    },
    "hex76": {
      "8": 0.35212868452072144,
      "9": 1.4913012981414795,
      "33": 13.616447448730469,
      "34": -27.209083557128906,
      "35": -82.26597595214844
    },
    "hex82": {
      "8": 0.30484604835510254,
      "9": 1.450257420539856,
      "33": 13.1630277633667,
      "34": -26.091869354248047,
      "35": -78.80023956298828
    },
    "hex88": {
      "8": 0.42216044664382935,
      "9": 1.5339281558990479,
      "33": 11.579988479614258,
      "34": -26.830842971801758,
      "35": -79.38575744628906
    },
    "hex94": {
      "8": 0.3471528887748718,
      "9": 1.515677571296692,
      "33": 10.556707382202148,
      "34": -24.594951629638672,
      "35": -80.04459381103516
    },
    "hex6": {
      "8": 0.3231942057609558,
      "9": 1.4353134632110596,
      "33": 12.352351188659668,
      "34": -25.621307373046875,
      "35": -78.03857421875
    },
    "hex12": {
      "8": 0.36194944381713867,
      "9": 1.4761266708374023,
      "33": 11.087251663208008,
      "34": -25.614988327026367,
      "35": -78.45985412597656
    },
    "hex18": {
      "8": 0.36416375637054443,
      "9": 1.5264465808868408,
      "33": 12.80388069152832,
      "34": -26.371246337890625,
      "35": -80.87017822265625
    },
    "hex24": {
      "8": 0.35708463191986084,
      "9": 1.5091185569763184,
      "33": 9.479857444763184,
      "34": -23.625566482543945,
      "35": -78.0367431640625
    },
    "hex5": {
      "8": 0.28765302896499634,
      "9": 1.4304922819137573,
      "33": 12.355552673339844,
      "34": -25.555099487304688,
      "35": -78.38192749023438
    },
    "hex11": {
      "8": 0.3901304006576538,
      "9": 1.6095383167266846,
      "33": 13.58496379852295,
      "34": -26.592763900756836,
      "35": -82.04014587402344
    },
    "hex17": {
      "8": 0.27686500549316406,
      "9": 1.4502506256103516,
      "33": 12.618429183959961,
      "34": -26.72332191467285,
      "35": -79.01419830322266
    },
    "hex23": {
      "8": 0.2916225790977478,
      "9": 1.4891313314437866,
      "33": 12.349424362182617,
      "34": -26.153404235839844,
      "35": -79.19880676269531
    },
    "hex3": {
      "8": 0.38102179765701294,
      "9": 1.5219604969024658,
      "33": 13.314757347106934,
      "34": -27.062271118164062,
      "35": -82.13867950439453
    },
    "hex9": {
      "8": 0.29360896348953247,
      "9": 1.4537463188171387,
      "33": 14.466903686523438,
      "34": -27.055400848388672,
      "35": -84.21147155761719
    },
    "hex15": {
      "8": 0.3829006552696228,
      "9": 1.582359790802002,
      "33": 14.557337760925293,
      "34": -27.388477325439453,
      "35": -84.75180053710938
    },
    "hex21": {
      "8": 0.3402186632156372,
      "9": 1.504110336303711,
      "33": 12.459677696228027,
      "34": -25.5966854095459,
      "35": -80.51382446289062
    },
    "hex2": {
      "8": 0.3374231457710266,
      "9": 1.492903470993042,
      "33": 14.102361679077148,
      "34": -26.60808563232422,
      "35": -82.42900085449219
    },
    "hex8": {
      "8": 0.3771224617958069,
      "9": 1.6030110120773315,
      "33": 13.830568313598633,
      "34": -27.029550552368164,
      "35": -82.89306640625
    },
    "hex14": {
      "8": 0.28988873958587646,
      "9": 1.465958595275879,
      "33": 15.047630310058594,
      "34": -28.931232452392578,
      "35": -84.90022277832031
    },
    "hex20": {
      "8": 0.3100317716598511,
      "9": 1.4788473844528198,
      "33": 12.374364852905273,
      "34": -28.182052612304688,
      "35": -82.0062255859375
    },
    "hex1": {
      "8": 0.3532581925392151,
      "9": 1.5713136196136475,
      "33": 10.30318832397461,
      "34": -26.04960823059082,
      "35": -78.10831451416016
    },
    "hex7": {
      "8": 0.27245938777923584,
      "9": 1.4571809768676758,
      "33": 14.990592956542969,
      "34": -28.32254409790039,
      "35": -85.0322265625
    },
    "hex13": {
      "8": 0.26441842317581177,
      "9": 1.3918942213058472,
      "33": 10.768091201782227,
      "34": -25.357582092285156,
      "35": -78.7982177734375
    },
    "hex19": {
      "8": 0.3662061095237732,
      "9": 1.5765496492385864,
      "33": 10.510763168334961,
      "34": -24.294767379760742,
      "35": -75.82730102539062
    }
  }
}