{
  "trait": "C",
  "model": "Qwen/Qwen2.5-3B-Instruct",
  "analysis_layers": [
    8,
    9,
    33,
    34,
    35
  ],
  "scale_item_ids": [
    "hex2",
    "hex8",
    "hex14",
    "hex20",
    "hex26",
    "hex32",
    "hex38",
    "hex44",
    "hex50",
    "hex56",
    "hex62",
    "hex68",
    "hex74",
    "hex80",
    "hex86",
    "hex92"
  ],
  "reverse_keyed_item_ids": [
    "hex50",
    "hex74",
    "hex38",
    "hex92",
    "hex44",
    "hex56",
    "hex80",
    "hex20"
  ],
  "other_item_ids": [
    "hex6",
    "hex12",
    "hex18",
    "hex24",
    "hex5",
    "hex11",
    "hex17",
    "hex23",
    "hex4",
    "hex10",
    "hex16",
    "hex22",
    "hex3",
    "hex9",
    "hex15",
    "hex21",
    "hex1",
    "hex7",
    "hex13",
    "hex19"
  ],
  "projections": {
    "hex2": {
      "8": -0.6740396022796631,
      "9": -1.57478666305542,
      "33": -5.315352916717529,
      "34": -7.131461143493652,
      "35": -31.719783782958984
    },
    "hex8": {
      "8": -0.6747972965240479,
      "9": -1.6016972064971924,
      "33": -5.286039352416992,
      "34": -7.095191955566406,
      "35": -30.936267852783203
    },
    "hex14": {
      "8": -0.6098917126655579,
      "9": -1.477545976638794,
      "33": -5.554925441741943,
      "34": -7.988969802856445,
      "35": -32.45907974243164
    },
    "hex20": {
      "8": -0.6162658929824829,
      "9": -1.4629096984863281,
      "33": -3.4009835720062256,
      "34": -7.599120616912842,
      "35": -30.521989822387695
    },
    "hex26": {
      "8": -0.66216641664505,
      "9": -1.5257948637008667,
      "33": -4.605585098266602,
      "34": -6.39954948425293,
      "35": -30.296588897705078
    },
    "hex32": {
      "8": -0.654299259185791,
      "9": -1.5992156267166138,
      "33": -4.77061653137207,
      "34": -6.781888961791992,
      "35": -30.25562858581543
    },
    "hex38": {
      "8": -0.6444172859191895,
      "9": -1.5574438571929932,
      "33": -2.8566946983337402,
      "34": -7.614673614501953,
      "35": -30.52069854736328
    },
    "hex44": {
      "8": -0.7400755882263184,
      "9": -1.6149816513061523,
      "33": -3.9980030059814453,
      "34": -7.837790012359619,
      "35": -31.466697692871094
    },
    "hex50": {
      "8": -0.592232346534729,
      "9": -1.5249345302581787,
      "33": -5.2493696212768555,
      "34": -6.836862564086914,
      "35": -30.35818099975586
    },
    "hex56": {
      "8": -0.6766912341117859,
      "9": -1.5377365350723267,
      "33": -3.7127902507781982,
      "34": -6.576298713684082,
      "35": -28.235502243041992
    },
    "hex62": {
      "8": -0.6479450464248657,
      "9": -1.5292613506317139,
      "33": -4.005128383636475,
      "34": -6.725564002990723,
      "35": -29.841386795043945
    },
    "hex68": {
      "8": -0.7136757373809814,
      "9": -1.5853831768035889,
      "33": -3.160102605819702,
      "34": -7.10733699798584,
      "35": -30.896915435791016
    },
    "hex74": {
      "8": -0.5957268476486206,
      "9": -1.480135440826416,
      "33": -4.739462852478027,
      "34": -6.267853736877441,
      "35": -28.79601287841797
    },
    "hex80": {
      "8": -0.7308037281036377,
      "9": -1.5716863870620728,
      "33": -1.928070306777954,
      "34": -6.941183567047119,
      "35": -30.213279724121094
    },
    "hex86": {
      "8": -0.7482051849365234,
      "9": -1.7670786380767822,
      "33": -4.657890319824219,
      "34": -6.3111701011657715,
      "35": -31.402843475341797
    },
    "hex92": {
      "8": -0.669467568397522,
      "9": -1.5322167873382568,
      "33": -1.8931293487548828,
      "34": -6.775460243225098,
      "35": -29.245357513427734
    },
    "hex6": {
      "8": -0.6149720549583435,
      "9": -1.4339455366134644,
      "33": -2.735945701599121,
      "34": -5.97887659072876,
      "35": -29.327129364013672
    },
    "hex12": {
      "8": -0.6206893920898438,
      "9": -1.459132432937622,
      "33": -2.7227511405944824,
      "34": -6.935463905334473,
      "35": -29.61642074584961
    },
    "hex18": {
      "8": -0.702648937702179,
      "9": -1.6039786338806152,
      "33": -1.9609001874923706,
      "34": -5.803232192993164,
      "35": -29.560970306396484
    },
    "hex24": {
      "8": -0.7744981050491333,
      "9": -1.6796460151672363,
      "33": -3.364424705505371,
      "34": -7.146448135375977,
      "35": -30.082014083862305
    },
    "hex5": {
      "8": -0.6289511322975159,
      "9": -1.4727931022644043,
      "33": -3.865448474884033,
      "34": -6.46681547164917,
      "35": -28.91611099243164
    },
    "hex11": {
      "8": -0.6703574061393738,
      "9": -1.570399522781372,
      "33": -4.12924861907959,
      "34": -6.145098686218262,
      "35": -29.043704986572266
    },
    "hex17": {
      "8": -0.638614296913147,
      "9": -1.583283543586731,
      "33": -3.08608341217041,
      "34": -6.159000396728516,
      "35": -28.198936462402344
    },
    "hex23": {
      "8": -0.6614147424697876,
      "9": -1.5729010105133057,
      "33": -3.7609219551086426,
      "34": -6.958155632019043,
      "35": -29.31130599975586
    },
    "hex4": {
      "8": -0.7316499352455139,
      "9": -1.6840547323226929,
      "33": -5.227334022521973,
      "34": -6.074066638946533,
      "35": -30.225601196289062
    },
    "hex10": {
      "8": -0.6653248071670532,
      "9": -1.6314823627471924,
      "33": -4.183332443237305,
      "34": -7.906287670135498,
      "35": -29.945663452148438
    },
    "hex16": {
      "8": -0.7272550463676453,
      "9": -1.6203160285949707,
      "33": -3.349064826965332,
      "34": -6.225747585296631,
      "35": -29.879602432250977
    },
    "hex22": {
      "8": -0.7915924191474915,
      "9": -1.695176124572754,
      "33": -2.4050261974334717,
      "34": -5.943251132965088,
      "35": -28.577972412109375
    },
    "hex3": {
      "8": -0.7571319341659546,
      "9": -1.6435269117355347,
      "33": -2.6380581855773926,
      "34": -6.12097692489624,
      "35": -30.00629234313965
    },
    "hex9": {
      "8": -0.6640836000442505,
      "9": -1.5432217121124268,
      "33": -5.176754474639893,
      "34": -6.747029781341553,
      "35": -31.221223831176758
    },
    "hex15": {
      "8": -0.7189233899116516,
      "9": -1.6599808931350708,
      "33": -5.363117694854736,
      "34": -6.982872009277344,
      "35": -31.47431182861328
    },
    "hex21": {
      "8": -0.7676384449005127,
      "9": -1.7175110578536987,
      "33": -5.319640636444092,
      "34": -7.982882499694824,
      "35": -31.40235137939453
    },
    "hex1": {
      "8": -0.7062253952026367,
      "9": -1.6609957218170166,
      "33": -2.8358635902404785,
      "34": -8.174866676330566,
      "35": -31.187103271484375
    },
    "hex7": {
      "8": -0.536483108997345,
      "9": -1.431824803352356,
      "33": -4.6169047355651855,
      "34": -6.2273406982421875,
      "35": -31.10191535949707
    },
    "hex13": {
      "8": -0.5839850902557373,
      "9": -1.4574403762817383,
      "33": -3.583531379699707,
      "34": -7.20754861831665,
      "35": -29.147903442382812
    },
    "hex19": {
      "8": -0.6368613839149475,
      "9": -1.521544337272644,
      "33": -2.5538530349731445,
      "34": -6.7453718185424805,
      "35": -29.08529281616211
    }
  }
}