{
  "trait": "H",
  "model": "Qwen/Qwen2.5-3B-Instruct",
  "analysis_layers": [
    8,
    9,
    33,
    34,
    35
  ],
  "scale_item_ids": [
    "hex6",
    "hex12",
    "hex18",
    "hex24",
    "hex30",
    "hex36",
    "hex42",
    "hex48",
    "hex54",
    "hex60",
    "hex66",
    "hex72",
    "hex78",
    "hex84",
    "hex90",
    "hex96"
  ],
  "reverse_keyed_item_ids": [
    "hex96",
    "hex36",
    "hex42",
    "hex12",
    "hex90",
    "hex72",
    "hex6",
    "hex54",
    "hex84",
    "hex66"
  ],
  "other_item_ids": [
    "hex5",
    "hex11",
    "hex17",
    "hex23",
    "hex4",
    "hex10",
    "hex16",
    "hex22",
    "hex3",
    "hex9",
    "hex15",
    "hex21",
    "hex2",
    "hex8",
    "hex14",
    "hex20",
    "hex1",
    "hex7",
    "hex13",
    "hex19"
  ],
  "projections": {
    "hex6": {
      "8": -0.0952451229095459,
      "9": -0.24208509922027588,
      "33": -11.960691452026367,
      "34": 23.258848190307617,
      "35": 40.65379333496094
    },
    "hex12": {
      "8": -0.16751253604888916,
      "9": -0.3418342173099518,
      "33": -12.935821533203125,
      "34": 22.2150821685791,
      "35": 40.23075485229492
    },
    "hex18": {
      "8": -0.14542341232299805,
      "9": -0.3636530637741089,
      "33": -13.187108993530273,
      "34": 22.397850036621094,
      "35": 39.211265563964844
    },
    "hex24": {
      "8": -0.17038393020629883,
      "9": -0.38516876101493835,
      "33": -13.779524803161621,
      "34": 21.397275924682617,
      "35": 39.91804504394531
    },
    "hex30": {
      "8": -0.2027580738067627,
      "9": -0.431321382522583,
      "33": -12.428064346313477,
      "34": 24.652175903320312,
      "35": 41.22661590576172
    },
    "hex36": {
      "8": -0.10082828998565674,
      "9": -0.28863096237182617,
      "33": -13.631004333496094,
      "34": 21.21192169189453,
      "35": 38.30204391479492
    },
    "hex42": {
      "8": -0.1815306544303894,
      "9": -0.3511587381362915,
      "33": -12.66670036315918,
      "34": 22.04665184020996,
      "35": 39.522422790527344
    },
    "hex48": {
      "8": -0.22291481494903564,
      "9": -0.37590065598487854,
      "33": -14.341525077819824,
      "34": 22.639326095581055,
      "35": 39.05818176269531
    },
    "hex54": {
      "8": -0.19409555196762085,
      "9": -0.3830491900444031,
      "33": -12.528837203979492,
      "34": 22.404455184936523,
      "35": 41.26615905761719
    },
    "hex60": {
      "8": -0.21860623359680176,
      "9": -0.3866865932941437,
      "33": -12.352912902832031,
      "34": 24.915128707885742,
      "35": 42.05022048950195
    },
    "hex66": {
      "8": -0.10297572612762451,
      "9": -0.2764160931110382,
      "33": -12.658760070800781,
      "34": 22.085386276245117,
      "35": 39.45567321777344
    },
    "hex72": {
      "8": -0.10023856163024902,
      "9": -0.236412912607193,
      "33": -12.314559936523438,
      "34": 22.864933013916016,
      "35": 41.51462173461914
    },
    "hex78": {
      "8": -0.21501260995864868,
      "9": -0.339194655418396,
      "33": -12.966720581054688,
      "34": 24.055925369262695,
      "35": 40.08575439453125
    },
    "hex84": {
      "8": -0.18623781204223633,
      "9": -0.34333789348602295,
      "33": -14.115006446838379,
      "34": 20.840261459350586,
      "35": 38.40680694580078
    },
    "hex90": {
      "8": -0.11673974990844727,
      "9": -0.3485305905342102,
      "33": -13.566203117370605,
      "34": 21.78890037536621,
      "35": 39.527931213378906
    },
    "hex96": {
      "8": -0.0749349594116211,
      "9": -0.2552780508995056,
      "33": -11.493751525878906,
      "34": 22.802120208740234,
      "35": 39.727989196777344
    },
    "hex5": {
      "8": -0.09473329782485962,
      "9": -0.283528208732605,
      "33": -12.583328247070312,
      "34": 22.85820960998535,
      "35": 40.38716125488281
    },
    "hex11": {
      "8": -0.18553799390792847,
      "9": -0.43722206354141235,
      "33": -12.732681274414062,
      "34": 22.932537078857422,
      "35": 39.74406433105469
    },
    "hex17": {
      "8": -0.13094639778137207,
      "9": -0.34777170419692993,
      "33": -13.375548362731934,
      "34": 23.38852310180664,
      "35": 40.88926696777344
    },
    "hex23": {
      "8": -0.1502668261528015,
      "9": -0.424450546503067,
      "33": -13.275272369384766,
      "34": 21.732364654541016,
      "35": 39.95317077636719
    },
    "hex4": {
      "8": -0.14044970273971558,
      "9": -0.36993634700775146,
      "33": -13.366323471069336,
      "34": 21.192394256591797,
      "35": 39.08899688720703
    },
    "hex10": {
      "8": -0.11734151840209961,
      "9": -0.4200263023376465,
      "33": -12.43084716796875,
      "34": 21.99825668334961,
      "35": 40.49093246459961
    },
    "hex16": {
      "8": -0.22053056955337524,
      "9": -0.45476680994033813,
      "33": -12.40941047668457,
      "34": 22.73477554321289,
      "35": 39.70894241333008
    },
    "hex22": {
      "8": -0.18606293201446533,
      "9": -0.39496153593063354,
      "33": -13.220544815063477,
      "34": 22.64533805847168,
      "35": 40.38990783691406
    },
    "hex3": {
      "8": -0.2100551724433899,
      "9": -0.39936792850494385,
      "33": -12.435663223266602,
      "34": 23.976924896240234,
      "35": 41.54198455810547
    },
    "hex9": {
      "8": -0.12764686346054077,
      "9": -0.3320361077785492,
      "33": -12.842191696166992,
      "34": 22.162765502929688,
      "35": 40.298072814941406
    },
    "hex15": {
      "8": -0.2267630696296692,
      "9": -0.4896814227104187,
      "33": -12.923229217529297,
      "34": 22.61678695678711,
      "35": 40.496063232421875
    },
    "hex21": {
      "8": -0.16051119565963745,
      "9": -0.41127705574035645,
      "33": -11.832785606384277,
      "34": 23.34674072265625,
      "35": 41.11240005493164
    },
    "hex2": {
      "8": -0.1675187349319458,
      "9": -0.37651050090789795,
      "33": -11.524852752685547,
      "34": 24.030006408691406,
      "35": 41.61094665527344
    },
    "hex8": {
      "8": -0.1741929054260254,
      "9": -0.4023156762123108,
      "33": -12.317716598510742,
      "34": 22.144495010375977,
      "35": 39.22425079345703
    },
    "hex14": {
      "8": -0.10861968994140625,
      "9": -0.2835444211959839,
      "33": -12.39522647857666,
      "34": 24.125524520874023,
      "35": 41.4593505859375
    },
    "hex20": {
      "8": -0.08641672134399414,
      "9": -0.2976251542568207,
      "33": -13.417171478271484,
      "34": 22.032291412353516,
      "35": 38.43172073364258
    },
    "hex1": {
      "8": -0.17050212621688843,
      "9": -0.39731651544570923,
      "33": -13.224611282348633,
      "34": 20.048582077026367,
      "35": 38.81752014160156
    },
    "hex7": {
      "8": -0.06443965435028076,
      "9": -0.28102362155914307,
      "33": -12.395933151245117,
      "34": 23.449966430664062,
      "35": 40.489540100097656
    },
    "hex13": {
      "8": -0.07732969522476196,
      "9": -0.2476772964000702,
      "33": -13.51675796508789,
      "34": 21.8890380859375,
      "35": 40.47854232788086
    },
    "hex19": {
      "8": -0.16804218292236328,
      "9": -0.4094691276550293,
      "33": -13.063097953796387,
      "34": 19.992877960205078,
      "35": 37.19865036010742
    }
  }
}