{
  "trait": "E",
  "model": "Qwen/Qwen2.5-3B-Instruct",
  "analysis_layers": [
    8,
    9,
    33,
    34,
    35
  ],
  "scale_item_ids": [
    "hex5",
    "hex11",
    "hex17",
    "hex23",
    "hex29",
    "hex35",
    "hex41",
    "hex47",
    "hex53",
    "hex59",
    "hex65",
    "hex71",
    "hex77",
    "hex83",
    "hex89",
    "hex95"
  ],
  "reverse_keyed_item_ids": [
    "hex29",
    "hex89",
    "hex59",
    "hex35",
    "hex77",
    "hex41",
    "hex95"
  ],
  "other_item_ids": [
    "hex6",
    "hex12",
    "hex18",
    "hex24",
    "hex4",
    "hex10",
    "hex16",
    "hex22",
    "hex3",
    "hex9",
    "hex15",
    "hex21",
    "hex2",
    "hex8",
    "hex14",
    "hex20",
    "hex1",
    "hex7",
    "hex13",
    "hex19"
  ],
  "projections": {
    "hex5": {
      "8": 0.8961135149002075,
      "9": 1.50851571559906,
      "33": -19.62361717224121,
      "34": -6.211638450622559,
      "35": -11.352964401245117
    },
    "hex11": {
      "8": 0.8655444383621216,
      "9": 1.519419550895691,
      "33": -20.25615692138672,
      "34": -5.953102111816406,
      "35": -11.74437141418457
    },
    "hex17": {
      "8": 0.8555156588554382,
      "9": 1.4777989387512207,
      "33": -20.683902740478516,
      "34": -6.730715751647949,
      "35": -11.722667694091797
    },
    "hex23": {
      "8": 0.9172325134277344,
      "9": 1.6388065814971924,
      "33": -19.067222595214844,
      "34": -5.860483169555664,
      "35": -10.584418296813965
    },
    "hex29": {
      "8": 0.9155607223510742,
      "9": 1.5976002216339111,
      "33": -20.70969009399414,
      "34": -7.4088640213012695,
      "35": -11.182125091552734
    },
    "hex35": {
      "8": 0.9395924806594849,
      "9": 1.556498408317566,
      "33": -20.349472045898438,
      "34": -5.984689235687256,
      "35": -9.636351585388184
    },
    "hex41": {
      "8": 0.8391836881637573,
      "9": 1.4544987678527832,
      "33": -23.027183532714844,
      "34": -9.321640014648438,
      "35": -12.826557159423828
    },
    "hex47": {
      "8": 0.9056122303009033,
      "9": 1.5098525285720825,
      "33": -20.801128387451172,
      "34": -6.79250431060791,
      "35": -10.703953742980957
    },
    "hex53": {
      "8": 0.9053798913955688,
      "9": 1.5426521301269531,
      "33": -19.097972869873047,
      "34": -5.958939552307129,
      "35": -10.68372917175293
    },
    "hex59": {
      "8": 0.7998250722885132,
      "9": 1.4966254234313965,
      "33": -20.377357482910156,
      "34": -6.6349029541015625,
      "35": -10.357219696044922
    },
    "hex65": {
      "8": 0.8256113529205322,
      "9": 1.4277080297470093,
      "33": -20.58881950378418,
      "34": -6.166478157043457,
      "35": -10.93531608581543
    },
    "hex71": {
      "8": 0.9493238925933838,
      "9": 1.5547668933868408,
      "33": -19.317371368408203,
      "34": -5.247352123260498,
      "35": -10.693144798278809
    },
    "hex77": {
      "8": 0.8617579936981201,
      "9": 1.522733449935913,
      "33": -21.43018341064453,
      "34": -7.296671390533447,
      "35": -10.596963882446289
    },
    "hex83": {
      "8": 0.8589370250701904,
      "9": 1.5598241090774536,
      "33": -19.332130432128906,
      "34": -6.137773513793945,
      "35": -12.083967208862305
    },
    "hex89": {
      "8": 0.9166399240493774,
      "9": 1.5522992610931396,
      "33": -20.56361961364746,
      "34": -7.586045265197754,
      "35": -11.285825729370117
    },
    "hex95": {
      "8": 0.8738682866096497,
      "9": 1.4425629377365112,
      "33": -20.261634826660156,
      "34": -7.7027153968811035,
      "35": -12.292196273803711
    },
    "hex6": {
      "8": 0.9139128923416138,
      "9": 1.4688369035720825,
      "33": -20.072654724121094,
      "34": -6.671918869018555,
      "35": -11.33914566040039
    },
    "hex12": {
      "8": 0.8489847183227539,
      "9": 1.4602172374725342,
      "33": -21.766586303710938,
      "34": -8.567028045654297,
      "35": -13.065204620361328
    },
    "hex18": {
      "8": 0.9337151050567627,
      "9": 1.5804808139801025,
      "33": -21.092885971069336,
      "34": -7.372221946716309,
      "35": -10.532885551452637
    },
    "hex24": {
      "8": 1.0091814994812012,
      "9": 1.6201601028442383,
      "33": -20.967266082763672,
      "34": -8.42940902709961,
      "35": -11.991270065307617
    },
    "hex4": {
      "8": 0.8577275276184082,
      "9": 1.4760515689849854,
      "33": -19.262779235839844,
      "34": -4.773329257965088,
      "35": -9.495000839233398
    },
    "hex10": {
      "8": 0.8491318225860596,
      "9": 1.5493062734603882,
      "33": -19.400733947753906,
      "34": -6.298716068267822,
      "35": -10.217333793640137
    },
    "hex16": {
      "8": 0.9107851386070251,
      "9": 1.5602142810821533,
      "33": -19.786048889160156,
      "34": -7.206774711608887,
      "35": -11.834342956542969
    },
    "hex22": {
      "8": 1.0379300117492676,
      "9": 1.6507844924926758,
      "33": -22.924747467041016,
      "34": -9.109668731689453,
      "35": -12.946224212646484
    },
    "hex3": {
      "8": 1.0274782180786133,
      "9": 1.6410815715789795,
      "33": -20.983041763305664,
      "34": -7.3277268409729,
      "35": -11.413317680358887
    },
    "hex9": {
      "8": 0.8897179365158081,
      "9": 1.5457313060760498,
      "33": -18.212125778198242,
      "34": -3.988975763320923,
      "35": -8.661619186401367
    },
    "hex15": {
      "8": 0.9018244743347168,
      "9": 1.620224118232727,
      "33": -18.395946502685547,
      "34": -4.124850749969482,
      "35": -8.945428848266602
    },
    "hex21": {
      "8": 1.0261852741241455,
      "9": 1.7504613399505615,
      "33": -18.406902313232422,
      "34": -4.82387638092041,
      "35": -9.259743690490723
    },
    "hex2": {
      "8": 0.8708652853965759,
      "9": 1.539185643196106,
      "33": -19.336278915405273,
      "34": -5.20344352722168,
      "35": -10.198339462280273
    },
    "hex8": {
      "8": 0.8421171307563782,
      "9": 1.4658002853393555,
      "33": -18.83650779724121,
      "34": -4.8660736083984375,
      "35": -9.589581489562988
    },
    "hex14": {
      "8": 0.8404101133346558,
      "9": 1.4442518949508667,
      "33": -19.093870162963867,
      "34": -4.344396591186523,
      "35": -8.984230041503906
    },
    "hex20": {
      "8": 0.7751951217651367,
      "9": 1.3359625339508057,
      "33": -20.013248443603516,
      "34": -8.092363357543945,
      "35": -13.765190124511719
    },
    "hex1": {
      "8": 0.9755314588546753,
      "9": 1.6325948238372803,
      "33": -19.27336311340332,
      "34": -6.792203903198242,
      "35": -9.870437622070312
    },
    "hex7": {
      "8": 0.7089478969573975,
      "9": 1.3326847553253174,
      "33": -21.013595581054688,
      "34": -6.382513999938965,
      "35": -11.125871658325195
    },
    "hex13": {
      "8": 0.7558959722518921,
      "9": 1.3348991870880127,
      "33": -20.913543701171875,
      "34": -8.116363525390625,
      "35": -11.732817649841309
    },
    "hex19": {
      "8": 0.7973114252090454,
      "9": 1.3936902284622192,
      "33": -19.876697540283203,
      "34": -7.803655624389648,
      "35": -12.131057739257812
    }
  }
}