{
  "trait": "O",
  "model": "Qwen/Qwen2.5-3B-Instruct",
  "analysis_layers": [
    8,
    9,
    33,
    34,
    35
  ],
  "scale_item_ids": [
    "hex1",
    "hex7",
    "hex13",
    "hex19",
    "hex25",
    "hex31",
    "hex37",
    "hex43",
    "hex49",
    "hex55",
    "hex61",
    "hex67",
    "hex73",
    "hex79",
    "hex85",
    "hex91"
  ],
  "reverse_keyed_item_ids": [
    "hex25",
    "hex55",
    "hex85",
    "hex1",
    "hex13",
    "hex19",
    "hex79",
    "hex91"
  ],
  "other_item_ids": [
    "hex6",
    "hex12",
    "hex18",
    "hex24",
    "hex5",
    "hex11",
    "hex17",
    "hex23",
    "hex4",
    "hex10",
    "hex16",
    "hex22",
    "hex3",
    "hex9",
    "hex15",
    "hex21",
    "hex2",
    "hex8",
    "hex14",
    "hex20"
  ],
  "projections": {
    "hex1": {
      "8": 0.4606967568397522,
      "9": 0.895342230796814,
      "33": 16.67965316772461,
      "34": 1.5001463890075684,
      "35": -40.2490348815918
    },
    "hex7": {
      "8": 0.35832399129867554,
      "9": 0.7711542844772339,
      "33": 17.450231552124023,
      "34": 0.5918784141540527,
      "35": -44.328895568847656
    },
    "hex13": {
      "8": 0.4143484830856323,
      "9": 0.7634890079498291,
      "33": 16.93305206298828,
      "34": 1.4033756256103516,
      "35": -41.294944763183594
    },
    "hex19": {
      "8": 0.49611663818359375,
      "9": 0.9342803359031677,
      "33": 17.118881225585938,
      "34": 2.151623249053955,
      "35": -38.61888885498047
    },
    "hex25": {
      "8": 0.4876728951931,
      "9": 0.9538329839706421,
      "33": 16.826623916625977,
      "34": 1.0372974872589111,
      "35": -41.371490478515625
    },
    "hex31": {
      "8": 0.5146731734275818,
      "9": 0.906869649887085,
      "33": 16.291358947753906,
      "34": 0.7460172176361084,
      "35": -41.7679328918457
    },
    "hex37": {
      "8": 0.41688504815101624,
      "9": 0.8474581241607666,
      "33": 17.291706085205078,
      "34": 1.1935701370239258,
      "35": -42.45838165283203
    },
    "hex43": {
      "8": 0.4996698498725891,
      "9": 0.9061399698257446,
      "33": 15.745177268981934,
      "34": -1.0693762302398682,
      "35": -43.781959533691406
    },
    "hex49": {
      "8": 0.4061809182167053,
      "9": 0.8152493834495544,
      "33": 17.0528507232666,
      "34": 0.9849731922149658,
      "35": -42.52824401855469
    },
    "hex55": {
      "8": 0.38173580169677734,
      "9": 0.8277388215065002,
      "33": 17.78094482421875,
      "34": 1.9756996631622314,
      "35": -40.670127868652344
    },
    "hex61": {
      "8": 0.43778538703918457,
      "9": 0.8717609643936157,
      "33": 17.60442543029785,
      "34": 0.4712948799133301,
      "35": -43.65203857421875
    },
    "hex67": {
      "8": 0.44670963287353516,
      "9": 0.8645150065422058,
      "33": 16.569900512695312,
      "34": -0.10698986053466797,
      "35": -43.152305603027344
    },
    "hex73": {
      "8": 0.5387199521064758,
      "9": 0.9318733811378479,
      "33": 16.89950180053711,
      "34": 0.7594144344329834,
      "35": -43.3027229309082
    },
    "hex79": {
      "8": 0.5439955592155457,
      "9": 1.0321459770202637,
      "33": 16.48386001586914,
      "34": 0.8012502193450928,
      "35": -39.88252258300781
    },
    "hex85": {
      "8": 0.5220497250556946,
      "9": 0.9668950438499451,
      "33": 17.470062255859375,
      "34": 2.427297830581665,
      "35": -38.931060791015625
    },
    "hex91": {
      "8": 0.507339358329773,
      "9": 0.9748387336730957,
      "33": 16.742374420166016,
      "34": 0.8741884231567383,
      "35": -39.644622802734375
    },
    "hex6": {
      "8": 0.46586039662361145,
      "9": 0.7939650416374207,
      "33": 16.324321746826172,
      "34": 0.6569750308990479,
      "35": -42.165008544921875
    },
    "hex12": {
      "8": 0.47805020213127136,
      "9": 0.829023540019989,
      "33": 18.080589294433594,
      "34": 2.1970407962799072,
      "35": -40.71002197265625
    },
    "hex18": {
      "8": 0.5240517854690552,
      "9": 0.9156041145324707,
      "33": 18.506027221679688,
      "34": 1.6461524963378906,
      "35": -42.28131103515625
    },
    "hex24": {
      "8": 0.5251789093017578,
      "9": 0.898877739906311,
      "33": 17.1820068359375,
      "34": 2.0550289154052734,
      "35": -40.6397819519043
    },
    "hex5": {
      "8": 0.4374867081642151,
      "9": 0.8139137029647827,
      "33": 16.44220542907715,
      "34": 0.732363224029541,
      "35": -41.56560516357422
    },
    "hex11": {
      "8": 0.5107729434967041,
      "9": 0.9531006813049316,
      "33": 16.826427459716797,
      "34": 0.10560750961303711,
      "35": -43.29365158081055
    },
    "hex17": {
      "8": 0.46348029375076294,
      "9": 0.8409123420715332,
      "33": 16.825096130371094,
      "34": 0.3598935604095459,
      "35": -42.27745056152344
    },
    "hex23": {
      "8": 0.4677612781524658,
      "9": 0.9136825799942017,
      "33": 16.07325553894043,
      "34": 0.8636044263839722,
      "35": -41.35620880126953
    },
    "hex4": {
      "8": 0.4935280680656433,
      "9": 0.9215719699859619,
      "33": 17.12030029296875,
      "34": -0.009975910186767578,
      "35": -43.216400146484375
    },
    "hex10": {
      "8": 0.4758016765117645,
      "9": 0.9513176679611206,
      "33": 15.303487777709961,
      "34": -1.0557316541671753,
      "35": -43.02843475341797
    },
    "hex16": {
      "8": 0.5957199931144714,
      "9": 1.0343365669250488,
      "33": 16.29147720336914,
      "34": 0.49127674102783203,
      "35": -42.02820587158203
    },
    "hex22": {
      "8": 0.5647907853126526,
      "9": 0.932475209236145,
      "33": 18.84088134765625,
      "34": 2.694377899169922,
      "35": -39.606990814208984
    },
    "hex3": {
      "8": 0.5554436445236206,
      "9": 0.9206674098968506,
      "33": 17.677080154418945,
      "34": 1.6149377822875977,
      "35": -42.396690368652344
    },
    "hex9": {
      "8": 0.4876926839351654,
      "9": 0.9002937078475952,
      "33": 15.411653518676758,
      "34": -0.9844930171966553,
      "35": -45.21152877807617
    },
    "hex15": {
      "8": 0.5491781830787659,
      "9": 1.0067858695983887,
      "33": 15.811835289001465,
      "34": -0.9007487297058105,
      "35": -45.10271453857422
    },
    "hex21": {
      "8": 0.5246122479438782,
      "9": 0.9341694116592407,
      "33": 14.978730201721191,
      "34": -0.6945408582687378,
      "35": -44.02050018310547
    },
    "hex2": {
      "8": 0.4900833070278168,
      "9": 0.8724311590194702,
      "33": 16.30886459350586,
      "34": 0.09949731826782227,
      "35": -43.433258056640625
    },
    "hex8": {
      "8": 0.5418236255645752,
      "9": 0.9593560695648193,
      "33": 15.994640350341797,
      "34": -0.2078876495361328,
      "35": -43.590511322021484
    },
    "hex14": {
      "8": 0.45870932936668396,
      "9": 0.8419342041015625,
      "33": 16.025266647338867,
      "34": -1.0611460208892822,
      "35": -45.65166473388672
    },
    "hex20": {
      "8": 0.46030712127685547,
      "9": 0.8437749147415161,
      "33": 16.645448684692383,
      "34": 1.694706678390503,
      "35": -40.74217987060547
    }
  }
}