,ipip4,ipip34,ipip64,ipip94,ipip124,ipip154,ipip184,ipip214,ipip244,ipip274,ipip9,ipip39,ipip69,ipip99,ipip129,ipip159,ipip189,ipip219,ipip249,ipip279,ipip14,ipip44,ipip74,ipip104,ipip134,ipip164,ipip194,ipip224,ipip254,ipip284,ipip19,ipip49,ipip79,ipip109,ipip139,ipip169,ipip199,ipip229,ipip259,ipip289,ipip24,ipip54,ipip84,ipip114,ipip144,ipip174,ipip204,ipip234,ipip264,ipip294,ipip29,ipip59,ipip89,ipip119,ipip149,ipip179,ipip209,ipip239,ipip269,ipip299,ipip5,ipip35,ipip65,ipip95,ipip125,ipip155,ipip185,ipip215,ipip245,ipip275,ipip10,ipip40,ipip70,ipip100,ipip130,ipip160,ipip190,ipip220,ipip250,ipip280,ipip15,ipip45,ipip75,ipip105,ipip135,ipip165,ipip195,ipip225,ipip255,ipip285,ipip20,ipip50,ipip80,ipip110,ipip140,ipip170,ipip200,ipip230,ipip260,ipip290,ipip25,ipip55,ipip85,ipip115,ipip145,ipip175,ipip205,ipip235,ipip265,ipip295,ipip30,ipip60,ipip90,ipip120,ipip150,ipip180,ipip210,ipip240,ipip270,ipip300,ipip2,ipip32,ipip62,ipip92,ipip122,ipip152,ipip182,ipip212,ipip242,ipip272,ipip7,ipip37,ipip67,ipip97,ipip127,ipip157,ipip187,ipip217,ipip247,ipip277,ipip12,ipip42,ipip72,ipip102,ipip132,ipip162,ipip192,ipip222,ipip252,ipip282,ipip17,ipip47,ipip77,ipip107,ipip137,ipip167,ipip197,ipip227,ipip257,ipip287,ipip112,ipip142,ipip172,ipip202,ipip232,ipip262,ipip292,ipip57,ipip87,ipip117,ipip147,ipip177,ipip207,ipip237,ipip267,ipip297,ipip1,ipip31,ipip61,ipip91,ipip121,ipip151,ipip181,ipip211,ipip241,ipip271,ipip6,ipip36,ipip66,ipip96,ipip126,ipip156,ipip186,ipip216,ipip246,ipip276,ipip11,ipip41,ipip71,ipip101,ipip131,ipip161,ipip191,ipip221,ipip251,ipip281,ipip16,ipip46,ipip76,ipip106,ipip136,ipip166,ipip196,ipip226,ipip256,ipip286,ipip21,ipip51,ipip81,ipip111,ipip141,ipip171,ipip201,ipip231,ipip261,ipip291,ipip26,ipip56,ipip86,ipip116,ipip146,ipip176,ipip206,ipip236,ipip266,ipip296,ipip3,ipip33,ipip63,ipip93,ipip123,ipip153,ipip183,ipip213,ipip243,ipip273,ipip8,ipip38,ipip68,ipip128,ipip158,ipip188,ipip218,ipip248,ipip278,ipip13,ipip43,ipip73,ipip103,ipip133,ipip163,ipip193,ipip223,ipip253,ipip283,ipip18,ipip48,ipip78,ipip108,ipip138,ipip168,ipip198,ipip228,ipip258,ipip288,ipip23,ipip53,ipip83,ipip113,ipip143,ipip173,ipip203,ipip233,ipip263,ipip293,ipip58,ipip178,ipip208
ipip4,0.99999785,0.99965197,0.9998408,0.99954486,0.99971354,0.99954385,0.9998743,0.9996039,0.9997287,0.99952394,0.9994981,0.99962056,0.9995532,0.9994788,0.9994022,0.9995188,0.9996144,0.9995147,0.9996421,0.99963367,0.99960256,0.99957675,0.99963623,0.9996087,0.99947274,0.99962443,0.999481,0.999595,0.9995792,0.9995362,0.9996022,0.9996144,0.9994225,0.99959534,0.99973804,0.9995548,0.99964845,0.9997131,0.99959993,0.9996695,0.99939835,0.9995641,0.9995201,0.9994627,0.9994632,0.99966,0.9995607,0.9994473,0.99962646,0.9994474,0.9996104,0.9992471,0.99963045,0.9995266,0.9993473,0.99949026,0.99939924,0.99945873,0.9995529,0.99958724,0.9996799,0.99951565,0.9996692,0.999553,0.9994714,0.99945873,0.9996738,0.99963725,0.9995543,0.99950117,0.99971294,0.99957293,0.99931526,0.9995873,0.9995166,0.9990022,0.9994061,0.9995659,0.99953663,0.9995776,0.9995329,0.9997037,0.99944955,0.99970335,0.99965584,0.99970484,0.99964744,0.9995037,0.99940693,0.99958897,0.9995118,0.99966085,0.9995445,0.9993599,0.9992495,0.9993433,0.9996584,0.99945784,0.99925655,0.99928117,0.9995197,0.99961555,0.9996074,0.99953866,0.99961954,0.99929565,0.99954647,0.9993305,0.999585,0.9997023,0.9997309,0.99953365,0.9995356,0.9995482,0.9996614,0.99952173,0.99966645,0.9996382,0.99968433,0.99949205,0.99968946,0.99956095,0.9996867,0.9996927,0.9996233,0.99949026,0.9995628,0.9996238,0.9994453,0.9994845,0.9996451,0.9992365,0.99944603,0.9994611,0.9996277,0.99959785,0.99948066,0.99958825,0.9997202,0.99967414,0.99970275,0.99963546,0.99951494,0.99962753,0.99962115,0.9994266,0.99958783,0.99958724,0.9994437,0.99961966,0.9996087,0.99950373,0.99931616,0.99929446,0.9997307,0.99954325,0.9995371,0.9995824,0.9993582,0.99969804,0.9993819,0.9996783,0.9995724,0.99948984,0.99968,0.99934065,0.99963146,0.99947053,0.99965,0.99954677,0.9997076,0.9994254,0.99969804,0.99963415,0.9995906,0.99966437,0.9996147,0.99958646,0.9995422,0.99953157,0.9993873,0.99946535,0.99952394,0.9995109,0.99937254,0.99949217,0.9996172,0.9996227,0.99962217,0.9994196,0.99963456,0.9996611,0.99966943,0.99961215,0.9996462,0.9997267,0.9996162,0.99967074,0.9994143,0.9995358,0.99953103,0.9996399,0.99941105,0.9996608,0.99959826,0.9995012,0.99968266,0.9992687,0.999507,0.999436,0.9995577,0.999478,0.99962133,0.9995573,0.9994727,0.9994929,0.999536,0.99912137,0.99949074,0.9995707,0.99964076,0.9996005,0.99967825,0.99955,0.9993206,0.9997057,0.99967134,0.999571,0.9992315,0.9993984,0.9995564,0.99955904,0.9996088,0.9996033,0.9996926,0.99944437,0.9995812,0.9995057,0.99965006,0.99943876,0.9995911,0.9994997,0.9997115,0.99946755,0.9995285,0.9995794,0.99954134,0.9997052,0.9991894,0.9995283,0.9996271,0.9996276,0.99943364,0.99962354,0.9995105,0.99956304,0.99959326,0.99955726,0.9994319,0.99959534,0.9996706,0.9994442,0.99952173,0.99934804,0.99950486,0.999617,0.9995207,0.99953604,0.99953246,0.9992569,0.99970716,0.9994921,0.9995469,0.9996459,0.9995802,0.99948865,0.9994892,0.99956,0.9994142,0.9995327,0.9994712,0.99964726,0.9995256,0.99943155,0.99958014,0.999238,0.99917203,0.9994571
ipip34,0.99965197,0.99999756,0.99961877,0.9997539,0.99977726,0.9996319,0.9996119,0.99964625,0.99962217,0.99974495,0.99940854,0.99949425,0.99952245,0.9995054,0.99939317,0.99941814,0.9995331,0.9995374,0.99955213,0.99958986,0.99953896,0.99956703,0.99955064,0.9995833,0.99948585,0.9995385,0.99952793,0.9995339,0.99948144,0.9994681,0.9994539,0.9994695,0.999328,0.99948454,0.99958056,0.99945223,0.99949116,0.9995508,0.99950266,0.9995378,0.9993301,0.9994486,0.99948174,0.99935454,0.99966633,0.9996219,0.9995513,0.999448,0.99954927,0.99941105,0.99955213,0.9994142,0.99955773,0.9995265,0.9994304,0.9994977,0.99944633,0.99948746,0.99961907,0.99950576,0.9995609,0.9994468,0.99952585,0.999523,0.99943274,0.9994233,0.9995575,0.999472,0.99948066,0.99947953,0.9995322,0.9994609,0.99933684,0.9994746,0.9994581,0.999017,0.9993341,0.999446,0.999494,0.9994994,0.999465,0.99956167,0.9993473,0.9995545,0.9995323,0.99950826,0.9994932,0.99950683,0.9993887,0.99951816,0.999424,0.9995014,0.9994441,0.99929684,0.99927324,0.9993631,0.999508,0.9994382,0.99923444,0.99932194,0.999417,0.9994746,0.99948823,0.99943477,0.99953353,0.9992996,0.999432,0.9992563,0.99948657,0.999514,0.9995572,0.99942523,0.9994817,0.99942243,0.99950314,0.9994457,0.9994837,0.99949586,0.9995314,0.9994284,0.9995222,0.99943477,0.99958277,0.9995652,0.99950254,0.9993891,0.99952674,0.9995034,0.9994464,0.99940825,0.99949354,0.9992437,0.9994063,0.9994502,0.99949014,0.99950415,0.99939615,0.9994514,0.999532,0.99951905,0.9995108,0.9995447,0.9994734,0.9995698,0.9995088,0.99936897,0.9994774,0.9994966,0.9993618,0.99953234,0.99948335,0.99940985,0.9992866,0.9992563,0.99954015,0.99945724,0.99945354,0.99947363,0.9993259,0.9995107,0.9993526,0.9995361,0.9994366,0.9994026,0.999513,0.9992798,0.9994977,0.9994269,0.99953103,0.99945104,0.9995482,0.9994397,0.9995046,0.99946964,0.99946994,0.99949586,0.99950606,0.9995483,0.999458,0.99940974,0.9993528,0.99940497,0.99945796,0.9994542,0.9993801,0.9993923,0.9994617,0.99947083,0.999474,0.9994,0.9994716,0.999522,0.999519,0.99949056,0.9995141,0.9995397,0.99952406,0.99952,0.9993884,0.9995455,0.9994417,0.99949676,0.999483,0.9995369,0.9995169,0.9994333,0.9995158,0.9993767,0.9994658,0.9993995,0.99948215,0.99934214,0.9994856,0.9994577,0.999457,0.999446,0.9994447,0.99917984,0.9994241,0.99944425,0.9994999,0.9994777,0.99952537,0.99949366,0.99928325,0.99951386,0.99947226,0.99946785,0.99932325,0.9993018,0.9994524,0.9994583,0.9994836,0.9995159,0.9995534,0.9993947,0.9994972,0.999432,0.9995029,0.99937326,0.99948865,0.99946094,0.9995242,0.9994581,0.9994341,0.9994891,0.99963784,0.99952835,0.9992814,0.99948895,0.9995366,0.99953395,0.99941564,0.9995208,0.9994751,0.9994943,0.9995941,0.9994973,0.9994363,0.99952674,0.99953276,0.9994306,0.99948114,0.9993505,0.9994712,0.9995181,0.99945664,0.99946487,0.99947524,0.9992703,0.999539,0.99945074,0.99943775,0.99950624,0.9994986,0.99941695,0.9994198,0.99946225,0.9993347,0.9994663,0.9994496,0.9995238,0.9994654,0.99941295,0.99947727,0.9994967,0.999339,0.999495
ipip64,0.9998408,0.99961877,0.9999978,0.9995221,0.9996362,0.999506,0.99975353,0.99954826,0.9996323,0.9995129,0.9994372,0.99956155,0.99951524,0.99942076,0.99938047,0.99943763,0.9995408,0.9994975,0.99954474,0.999541,0.9995305,0.99950796,0.9995384,0.9995072,0.9993932,0.9995273,0.999452,0.9995306,0.99949217,0.9994557,0.99950093,0.9995109,0.99935037,0.9994791,0.99963367,0.9994748,0.9995672,0.9996097,0.9995048,0.9995466,0.99935585,0.9995055,0.999446,0.99939334,0.9994476,0.99958175,0.9994858,0.9994105,0.9995594,0.99938846,0.9995187,0.9992752,0.9995565,0.9994604,0.99933785,0.9994678,0.9993587,0.9994326,0.999521,0.9995117,0.9995865,0.99949807,0.99957293,0.99947774,0.99940276,0.99942607,0.99957937,0.99954325,0.99947333,0.99946815,0.99957687,0.9994799,0.99931455,0.99949944,0.9995102,0.99901813,0.9993477,0.99948215,0.9994878,0.999504,0.9994892,0.9996265,0.9993918,0.9996524,0.9995955,0.99957037,0.999541,0.99946535,0.99947935,0.99954826,0.99944943,0.99953353,0.9994687,0.9993153,0.9993196,0.99930406,0.99954,0.99938583,0.99923253,0.9992566,0.99945384,0.9994954,0.99953246,0.9994445,0.999541,0.9992607,0.9994436,0.99923736,0.99948394,0.99957186,0.99961823,0.99948,0.99949807,0.9994924,0.99956805,0.99947774,0.9995652,0.9995504,0.9995975,0.9994208,0.99958414,0.9994746,0.9996219,0.99960685,0.9995122,0.99941564,0.99950963,0.9995439,0.99938816,0.9994001,0.9995382,0.9992792,0.9994147,0.9995025,0.9995139,0.99951804,0.9993844,0.99949914,0.9995977,0.9995328,0.999559,0.99953187,0.999511,0.9995363,0.9995436,0.99939716,0.99948615,0.9995118,0.9993942,0.99954814,0.9994929,0.9994051,0.99928856,0.9992569,0.9995968,0.9994709,0.9994625,0.9994921,0.99934804,0.9995645,0.9993677,0.9995835,0.99949324,0.99942464,0.99954695,0.9992882,0.9995418,0.9993734,0.9995471,0.99946815,0.99957377,0.999387,0.9995715,0.99951243,0.9994945,0.9995613,0.9995235,0.99949133,0.9994527,0.9994471,0.9993433,0.9994353,0.9994474,0.99947417,0.99939716,0.9994389,0.9995043,0.99950886,0.9995212,0.9993539,0.9995121,0.9995551,0.9995607,0.9995169,0.9995437,0.9996014,0.9995142,0.999533,0.9993504,0.99945736,0.99942404,0.9994984,0.99936354,0.9995521,0.9995034,0.9994137,0.99956083,0.9992597,0.99944776,0.99938124,0.999508,0.99939704,0.99952453,0.9994857,0.99944204,0.9994288,0.9994604,0.99917024,0.9994826,0.9994663,0.99953276,0.99950856,0.99958384,0.9994794,0.9993297,0.9995637,0.99953777,0.99950254,0.99920934,0.9993083,0.9994767,0.9994863,0.9995235,0.9995122,0.99958175,0.99940014,0.9994649,0.9994354,0.99953073,0.9993798,0.99950105,0.99946254,0.9995721,0.99940723,0.99945307,0.9994892,0.999509,0.9995793,0.99923503,0.999476,0.99955016,0.99955267,0.99941194,0.9995449,0.99947953,0.9994948,0.9995236,0.9994744,0.99939823,0.9994927,0.9995726,0.99943876,0.99947363,0.99930316,0.9994794,0.99954146,0.9994591,0.9994459,0.99946797,0.9993297,0.99959314,0.9994405,0.9994542,0.9995489,0.9995067,0.99942493,0.9994491,0.9994471,0.9993695,0.99947524,0.99942994,0.9995725,0.9994612,0.99939513,0.99952716,0.9992412,0.9992109,0.99944353
ipip94,0.99954486,0.9997539,0.9995221,0.999999,0.99975485,0.999589,0.9995538,0.9995014,0.99954563,0.9999215,0.99936754,0.9994267,0.9994447,0.99939233,0.9993227,0.99936676,0.99947494,0.99943256,0.9994741,0.99947125,0.9994908,0.99945337,0.9994935,0.999492,0.99936205,0.9994596,0.99945796,0.9994904,0.9993987,0.99938434,0.99941367,0.99942106,0.99928236,0.99941814,0.9995043,0.9994203,0.99942976,0.9994957,0.9994244,0.99946094,0.99929506,0.99939,0.9994862,0.9992944,0.9996214,0.9995326,0.9994497,0.9993731,0.99947876,0.9993628,0.99948466,0.9993481,0.99950314,0.9994092,0.99934196,0.9994585,0.9993953,0.9994136,0.9996307,0.9994656,0.9995,0.99937135,0.9994673,0.9994659,0.9993413,0.99936044,0.9994757,0.99941045,0.99938136,0.99939936,0.99949586,0.99942577,0.9992844,0.9994284,0.99940073,0.9989597,0.99926883,0.9993865,0.9994688,0.99948245,0.9993777,0.99950016,0.99928284,0.99948454,0.9994888,0.99946487,0.9994261,0.9993869,0.9993057,0.99944115,0.99936473,0.9994418,0.9993856,0.99921256,0.99917734,0.9992258,0.99945027,0.99941874,0.9991682,0.99921954,0.9993482,0.9994485,0.9994304,0.9993801,0.9994573,0.9992438,0.9993797,0.999206,0.9994108,0.9994578,0.99950993,0.9993591,0.99941,0.99934816,0.999453,0.99940044,0.9994165,0.99944794,0.99947834,0.99937063,0.9994594,0.99935716,0.99953467,0.9994911,0.99943614,0.9993465,0.99945986,0.99944454,0.99941045,0.9993143,0.99945664,0.9991963,0.99936897,0.99934214,0.9994373,0.999472,0.9993409,0.9994021,0.99948364,0.99946177,0.99945706,0.99946517,0.9993987,0.9995012,0.99945194,0.99923646,0.9994193,0.99940866,0.99930775,0.99944353,0.99945885,0.9993874,0.9992221,0.99918455,0.99948466,0.9994036,0.99940556,0.99942195,0.9992235,0.99945116,0.99932027,0.9995105,0.99939346,0.9993502,0.9994659,0.9992526,0.99945086,0.9993459,0.99945,0.9993828,0.99949133,0.999344,0.9994537,0.9994094,0.9994597,0.99944454,0.9994324,0.99945086,0.9994037,0.9993502,0.99928224,0.999376,0.99939096,0.9994277,0.99929124,0.99932295,0.9994096,0.9994165,0.99942285,0.9993643,0.99941736,0.99947274,0.99947137,0.99947244,0.9994493,0.9994931,0.9994862,0.99945694,0.99935496,0.9994535,0.9993824,0.9994557,0.9994269,0.9994975,0.99946994,0.99937695,0.9994697,0.99930453,0.99939233,0.9993331,0.9994303,0.99928117,0.9994625,0.99941903,0.9994297,0.99937946,0.99940324,0.9991175,0.9993803,0.99938977,0.9994708,0.99943805,0.99948114,0.9994464,0.9992357,0.9994671,0.999417,0.99941003,0.9992835,0.999252,0.9993855,0.9993993,0.99943995,0.99945253,0.99949175,0.99933624,0.99942136,0.9993938,0.9994564,0.99933004,0.999424,0.99940723,0.999477,0.9993748,0.99938035,0.99942005,0.9995966,0.9994969,0.99920124,0.9994416,0.9994993,0.9994921,0.9993791,0.999481,0.9994409,0.99943674,0.9994724,0.9994712,0.9993928,0.9994642,0.99949116,0.99939805,0.99941736,0.9992774,0.9994457,0.99946976,0.99940675,0.99941856,0.99941635,0.9992204,0.99948895,0.9994051,0.9994618,0.999452,0.9994719,0.9993931,0.9993899,0.9993912,0.9992823,0.9994355,0.9994295,0.99949485,0.99940646,0.9993892,0.9994262,0.9995112,0.9993037,0.9994931
ipip124,0.99971354,0.99977726,0.9996362,0.99975485,0.99999803,0.9996538,0.9996829,0.99957734,0.99962264,0.9997381,0.9994709,0.9995916,0.99954057,0.99945146,0.9994131,0.99947166,0.99956185,0.9995234,0.9995844,0.9995769,0.9995792,0.9995623,0.9996393,0.9995856,0.9994961,0.9995706,0.99949825,0.9995596,0.99950325,0.9995003,0.99951065,0.999551,0.9993902,0.999576,0.9996477,0.99958444,0.9995615,0.99963,0.99953216,0.9996331,0.9993832,0.9995261,0.9995634,0.9994345,0.99961126,0.9996869,0.9995874,0.999476,0.99962854,0.99944496,0.99963546,0.99932766,0.99966764,0.99951047,0.9993861,0.9995038,0.9995705,0.99948204,0.9996542,0.9995759,0.9996449,0.9995263,0.99961305,0.9995834,0.999471,0.9994641,0.9996012,0.9995619,0.99952924,0.9994943,0.9996814,0.9995706,0.9993553,0.9996115,0.99950254,0.99900544,0.9993812,0.99950653,0.9995274,0.99956703,0.9995076,0.9996405,0.9994216,0.9996472,0.9996323,0.99963665,0.9995788,0.9994391,0.9994067,0.99955827,0.9994982,0.9996241,0.9995361,0.99933285,0.9992681,0.9993269,0.9996408,0.9994666,0.9992698,0.999307,0.99946076,0.9995739,0.9995461,0.99951166,0.99959457,0.9992939,0.99951345,0.9993353,0.9995415,0.99961376,0.9996656,0.99949306,0.99956226,0.9994653,0.9995942,0.99951565,0.99957293,0.99960047,0.9996146,0.9994736,0.9995979,0.99946034,0.99962133,0.9996076,0.9995967,0.9994213,0.9995146,0.9995439,0.9994539,0.9993887,0.9996333,0.9992354,0.9994825,0.9994285,0.9996227,0.99959105,0.999467,0.9995453,0.99964446,0.9996426,0.9996454,0.99957615,0.9994669,0.9996098,0.9995875,0.99932593,0.99955505,0.9995595,0.99941844,0.9995631,0.9995666,0.99947584,0.999343,0.9992732,0.9996489,0.99954206,0.9995408,0.9995905,0.9993212,0.99961233,0.99943376,0.99965674,0.9995315,0.99946845,0.9996486,0.99934953,0.9996089,0.9994697,0.9996426,0.9995221,0.99971044,0.9994928,0.9996256,0.9995606,0.9995386,0.9995838,0.9995639,0.9996043,0.9995092,0.9994662,0.9993749,0.99940926,0.9994752,0.99946845,0.9993598,0.9994298,0.9995475,0.9995514,0.9995501,0.9994164,0.9995622,0.99959004,0.99959755,0.999551,0.9995912,0.999641,0.9995927,0.99963033,0.999417,0.9995697,0.9995233,0.9996127,0.99948114,0.9996234,0.999596,0.9995088,0.99959004,0.99931246,0.9994538,0.99942416,0.99951816,0.9994109,0.99956083,0.99951273,0.99947935,0.9994948,0.9995027,0.99912643,0.9994596,0.99954337,0.99963814,0.99955785,0.99960107,0.99954593,0.99932194,0.9996274,0.9995793,0.9995153,0.9992635,0.9993656,0.99950385,0.9995312,0.9995798,0.9995924,0.999646,0.9994256,0.9995823,0.9995505,0.999641,0.9994534,0.9995927,0.9995067,0.9996452,0.9994873,0.9994842,0.99955356,0.9997973,0.99968547,0.99925613,0.99961084,0.9996329,0.9996322,0.9994705,0.99961436,0.9995351,0.99955314,0.9995503,0.9996174,0.9994838,0.9995872,0.9996056,0.9994193,0.999499,0.9993588,0.99947965,0.99962413,0.9995364,0.9995531,0.9995352,0.9992941,0.99965733,0.9995197,0.99954885,0.99960184,0.99958307,0.99952507,0.99952817,0.9995534,0.9993828,0.9995713,0.999521,0.99962115,0.99952734,0.99947983,0.9995451,0.99948317,0.99931777,0.99955416
ipip154,0.99954385,0.9996319,0.999506,0.999589,0.9996538,0.9999975,0.9995489,0.99950063,0.9995655,0.9995828,0.9994134,0.9995007,0.9994683,0.9993987,0.9994081,0.99941826,0.9994912,0.99944377,0.99948794,0.9995138,0.99950767,0.9995153,0.9995293,0.9995499,0.9994672,0.99947184,0.999445,0.9994979,0.99945575,0.99942905,0.9994627,0.99950224,0.9993645,0.9994888,0.99953055,0.9994986,0.99945587,0.99950904,0.9994764,0.99952805,0.999336,0.9994509,0.9994613,0.99937344,0.99955845,0.9995877,0.9994843,0.99944794,0.9994941,0.9993704,0.99952364,0.999331,0.9994998,0.9994245,0.9993724,0.99943244,0.99941,0.9994821,0.9995523,0.9995119,0.9995652,0.99944896,0.99955785,0.99953234,0.9994098,0.9994641,0.99952185,0.9995227,0.9994857,0.99948484,0.9995847,0.9995055,0.9995203,0.9995004,0.9994613,0.9990305,0.9993337,0.9994559,0.99948514,0.9995263,0.9994637,0.9995584,0.99933636,0.99954796,0.9995137,0.99952024,0.99948263,0.9994193,0.9993846,0.9994688,0.9994537,0.9995231,0.9994848,0.9993083,0.9992749,0.99922895,0.99954945,0.9994364,0.99927753,0.9992775,0.9994075,0.9995291,0.9994893,0.999481,0.99953586,0.99932516,0.9994459,0.9993363,0.9994935,0.99952894,0.9995817,0.99945194,0.99949527,0.9994332,0.99950635,0.9994507,0.99949694,0.9995322,0.99953943,0.9994411,0.9994973,0.9993636,0.9995642,0.99953043,0.9994948,0.999377,0.9994902,0.99947655,0.99942356,0.99932265,0.9995353,0.99920386,0.99941814,0.9993878,0.9995209,0.999534,0.99946886,0.99948007,0.99953675,0.9995708,0.99956024,0.99950916,0.99942017,0.9995317,0.999548,0.99931824,0.99950653,0.99951935,0.999369,0.9994703,0.99951774,0.99944144,0.99930423,0.9992657,0.9995458,0.9995235,0.9994994,0.99950904,0.9993825,0.9995286,0.999367,0.99955827,0.9994445,0.9994551,0.9995533,0.9993384,0.9995136,0.9994632,0.99951994,0.9994804,0.99960107,0.9994451,0.9995339,0.99945927,0.9994808,0.99952066,0.99954164,0.99960357,0.99948144,0.9994111,0.9993465,0.99941105,0.9994548,0.9994697,0.99941164,0.9993785,0.99945563,0.99946237,0.9994678,0.99940324,0.999482,0.99952143,0.9995426,0.9994973,0.9995446,0.9995478,0.9995623,0.9995297,0.9994223,0.99949557,0.99944705,0.9995613,0.99949133,0.9995903,0.99955,0.99948823,0.9995011,0.9993841,0.9994523,0.9994018,0.9994773,0.99936247,0.99948543,0.9994719,0.9994599,0.99944204,0.99945956,0.9991631,0.99943197,0.99947107,0.9995582,0.99948823,0.99951494,0.99950415,0.99931055,0.9995413,0.9994823,0.99949074,0.9993421,0.99937934,0.99944663,0.9994726,0.99952734,0.99957275,0.999568,0.9994082,0.9994801,0.9994579,0.9995354,0.9994195,0.99947405,0.9994706,0.9995552,0.9994252,0.9994705,0.99948114,0.9995839,0.9995787,0.99922884,0.99949783,0.999566,0.99956167,0.99943256,0.99954844,0.99948347,0.99945,0.99947983,0.99950016,0.9994011,0.99952763,0.9995396,0.9993915,0.999423,0.9993125,0.99942946,0.99952954,0.99948287,0.99949753,0.99950635,0.9993017,0.99956226,0.9994887,0.99945813,0.9995314,0.9995224,0.99946135,0.9994517,0.9994704,0.99936134,0.99952286,0.999486,0.99952984,0.99947274,0.9994549,0.9994836,0.9994235,0.99932677,0.9994665
ipip184,0.9998743,0.9996119,0.99975353,0.9995538,0.9996829,0.9995489,0.9999967,0.99969345,0.99981993,0.99958366,0.99951565,0.9995868,0.99958634,0.9994942,0.99941665,0.99956083,0.99963933,0.9995376,0.9996659,0.9996589,0.9996196,0.99958396,0.9996364,0.99966526,0.999477,0.99968094,0.99954426,0.99965864,0.99960864,0.9995585,0.9995879,0.99969965,0.99949,0.9996367,0.9997707,0.99959075,0.9997093,0.99977535,0.99963784,0.9997263,0.99949616,0.99965495,0.99953985,0.9994795,0.9995076,0.9996647,0.9995824,0.99945587,0.9996434,0.99947613,0.9996603,0.9993304,0.9996492,0.9995873,0.9993951,0.9996003,0.99940044,0.99952734,0.99957156,0.9996733,0.9996729,0.9995199,0.9996735,0.99953455,0.9994745,0.9994581,0.99972874,0.9996993,0.99957967,0.9995524,0.9997261,0.9996046,0.999342,0.99961495,0.9994977,0.99904376,0.9994475,0.99958295,0.99959236,0.9996302,0.99950355,0.999703,0.9994349,0.99968165,0.99964285,0.99972695,0.9996905,0.9995098,0.99940675,0.999637,0.99950486,0.9996681,0.9995628,0.9993535,0.9992526,0.99935865,0.9996713,0.99953216,0.99928266,0.99931145,0.99952626,0.99962145,0.99961436,0.999546,0.9996098,0.99937505,0.9996111,0.99936366,0.9996616,0.99974847,0.9997689,0.9995196,0.99951464,0.9995634,0.9997144,0.9995282,0.9996934,0.99966383,0.99969447,0.9995254,0.99970835,0.99957806,0.99971753,0.9996877,0.99964046,0.9995469,0.99967676,0.9997214,0.999498,0.99957365,0.99967897,0.99928087,0.9994676,0.9994453,0.999661,0.9996407,0.9995001,0.9996839,0.9997952,0.9996966,0.9996986,0.9996153,0.9995022,0.9996419,0.99962527,0.9993979,0.99960136,0.99962074,0.9995256,0.99966395,0.9996549,0.99953187,0.9993271,0.9992969,0.999743,0.9995474,0.99953914,0.99960965,0.99933064,0.99975306,0.9994196,0.9997169,0.9995956,0.99948484,0.9997096,0.99938506,0.9997319,0.99948245,0.999668,0.9995547,0.9997239,0.9994159,0.99971086,0.9996512,0.9996337,0.99969167,0.99968606,0.9996575,0.99963975,0.9996206,0.99945265,0.9994978,0.9995381,0.9995439,0.9994156,0.9995039,0.9996956,0.9997089,0.9996941,0.9995174,0.99969,0.99970067,0.9996959,0.9996391,0.99965525,0.99974936,0.99970317,0.9997937,0.99950397,0.9996414,0.9996257,0.99971855,0.99950564,0.9997017,0.999619,0.999522,0.9997521,0.9993227,0.9995938,0.99953604,0.99961257,0.99954474,0.9996577,0.9995761,0.9995395,0.99949765,0.9995969,0.9991906,0.9995581,0.99962115,0.9996588,0.9996294,0.9997117,0.9995767,0.9993477,0.99973214,0.99975353,0.9996541,0.9993263,0.9994415,0.99965197,0.99956596,0.9996161,0.99960977,0.99970734,0.99947137,0.9996169,0.9995473,0.99968404,0.9994678,0.9996233,0.99953926,0.99974823,0.9995276,0.9995603,0.99964774,0.99953204,0.99973124,0.99922526,0.9995554,0.99970603,0.9997058,0.9995229,0.9997045,0.9995854,0.9996445,0.99963397,0.9996014,0.99948114,0.99962485,0.9997131,0.99948806,0.9995851,0.99942726,0.9996039,0.99965566,0.9995495,0.9995717,0.9995496,0.99927044,0.9998011,0.99959195,0.99958587,0.9997512,0.99959475,0.9995252,0.99952585,0.99957436,0.9994133,0.9995691,0.9995303,0.9997335,0.99960786,0.99949,0.99966776,0.9992562,0.99923635,0.999467
ipip214,0.9996039,0.99964625,0.99954826,0.9995014,0.99957734,0.99950063,0.99969345,0.99999857,0.99969226,0.9995279,0.99943405,0.99946105,0.9995919,0.99951655,0.99940455,0.99948317,0.9995562,0.99955577,0.9995956,0.99962986,0.99951196,0.9996268,0.99951893,0.99963814,0.9994316,0.99954987,0.9995119,0.9995597,0.9995024,0.9994527,0.99945194,0.99953884,0.99939317,0.9995379,0.9996249,0.9994552,0.99956185,0.9996128,0.9995605,0.99958426,0.9994017,0.999504,0.99944293,0.9993747,0.99952304,0.9995608,0.999532,0.99943215,0.9995696,0.999429,0.99954253,0.9993526,0.9995369,0.99957716,0.99939793,0.9995195,0.99933726,0.9994843,0.9994956,0.9995374,0.9995648,0.999432,0.9995663,0.9994836,0.9994166,0.9994031,0.99963397,0.9995267,0.99948066,0.99952656,0.99954486,0.99948674,0.99933684,0.9995004,0.99944866,0.9990674,0.9993953,0.9994993,0.9995173,0.9995133,0.9994273,0.9995641,0.9993438,0.99953276,0.99952364,0.9995412,0.9995358,0.99951196,0.9993653,0.9995633,0.99942607,0.9995032,0.9994853,0.99932706,0.9992542,0.99939066,0.99953127,0.9994698,0.9992423,0.9993353,0.999443,0.999482,0.9995055,0.99944437,0.99952966,0.99934393,0.9994762,0.9993094,0.9995637,0.99959755,0.9995905,0.9994262,0.9994503,0.99947405,0.99958545,0.99945194,0.99954885,0.99952453,0.99955404,0.99947697,0.99952585,0.9994625,0.99956536,0.99955934,0.99949193,0.9994388,0.99960697,0.9995671,0.99940497,0.99947417,0.9995238,0.9992793,0.9994057,0.99946886,0.99953645,0.9994937,0.9993766,0.99951935,0.9995915,0.9995473,0.9995283,0.99953127,0.9994709,0.999606,0.9995337,0.9993835,0.9995301,0.9995018,0.9994295,0.99958575,0.9995144,0.9994414,0.9993148,0.99929595,0.9995752,0.9994302,0.9994334,0.9994935,0.9993107,0.9995929,0.99937075,0.9995536,0.9994752,0.9993711,0.9995503,0.99929404,0.99955803,0.99941474,0.99955046,0.9994466,0.9995259,0.9993861,0.9995347,0.9995092,0.99947935,0.9995277,0.9995938,0.9996015,0.9995333,0.99949914,0.99944997,0.99941266,0.99945015,0.99946785,0.99935603,0.9994399,0.9995498,0.99956435,0.99955803,0.9994609,0.99955577,0.9995489,0.99953246,0.9994963,0.99953586,0.99956775,0.99957913,0.99956226,0.99943995,0.9995646,0.99955815,0.99955535,0.999514,0.99954844,0.99950165,0.99943787,0.9995852,0.9993753,0.9995135,0.999498,0.99947613,0.99943256,0.9995073,0.9994867,0.9995007,0.99944484,0.9994909,0.9992611,0.99946415,0.99949694,0.99948114,0.9995004,0.99957687,0.99952203,0.999261,0.9995327,0.9995661,0.9995633,0.99934673,0.99935794,0.9995673,0.9994825,0.9995179,0.9994968,0.99957633,0.9994463,0.9995344,0.9994762,0.999525,0.999413,0.99952567,0.99950314,0.9995507,0.99943066,0.9994808,0.9995523,0.99947256,0.9995248,0.9992771,0.99946475,0.9995281,0.9995333,0.99941653,0.9995286,0.99947524,0.9995735,0.9996207,0.9995027,0.99948424,0.99955124,0.99956053,0.9994404,0.9995614,0.99942064,0.99950147,0.99954206,0.999455,0.9994852,0.9994749,0.99920225,0.9995965,0.9994832,0.9994592,0.9995762,0.9995258,0.9994634,0.9994444,0.9994897,0.99934584,0.9994811,0.99946046,0.99958515,0.99955755,0.9994363,0.9995527,0.99932057,0.9992843,0.9994008
ipip244,0.9997287,0.99962217,0.9996323,0.99954563,0.99962264,0.9995655,0.99981993,0.99969226,0.99999696,0.9995745,0.99949735,0.9995511,0.9995798,0.9995232,0.9994731,0.9995097,0.9996075,0.9995842,0.9996673,0.99964017,0.99959755,0.9996112,0.9996332,0.9998337,0.99952835,0.99962384,0.9996474,0.999644,0.99960124,0.9995571,0.99964434,0.9996943,0.99953765,0.99963856,0.9996862,0.9995689,0.99960995,0.9996649,0.99961525,0.99966663,0.999518,0.9996301,0.9995721,0.99945116,0.9995701,0.999641,0.99961734,0.999462,0.99961746,0.99947774,0.99962175,0.9993944,0.9995924,0.9996044,0.99958867,0.9995985,0.99935997,0.99959993,0.9995501,0.99966365,0.99962133,0.9995105,0.9996229,0.9996264,0.9994769,0.99948263,0.9996632,0.99964184,0.9996039,0.99957055,0.99966735,0.9996011,0.99942106,0.9995744,0.9994948,0.99907863,0.9994228,0.99955696,0.99970555,0.9997339,0.9995379,0.9996574,0.9993888,0.99961907,0.9995866,0.9996341,0.99961185,0.9995468,0.99941605,0.9995852,0.9995025,0.9996062,0.99951947,0.999346,0.99927884,0.9993568,0.99959904,0.9996365,0.9993052,0.99936646,0.9994844,0.99968284,0.9995779,0.99955827,0.9995939,0.9994666,0.9995517,0.99943614,0.99966604,0.99966186,0.9997106,0.9995225,0.99951375,0.999554,0.99965477,0.9995581,0.99964243,0.9996168,0.9996477,0.99954623,0.99963933,0.9995364,0.99971414,0.9996798,0.999561,0.99961853,0.99973065,0.99968874,0.99968183,0.9995641,0.99963754,0.9993095,0.9995078,0.99950314,0.9996055,0.9996493,0.9995495,0.9996493,0.9997332,0.99965703,0.9996565,0.99963135,0.9995302,0.9996723,0.999615,0.99943334,0.9996029,0.9996289,0.9995411,0.9996491,0.99971414,0.99962795,0.9993708,0.999337,0.9996714,0.99957997,0.99958366,0.999592,0.99933773,0.9996807,0.9994587,0.9996986,0.9995572,0.999587,0.9996627,0.9994122,0.9996713,0.999549,0.9996203,0.99951005,0.9996532,0.9994272,0.9996337,0.99959785,0.9997028,0.99963003,0.99970794,0.9997002,0.99975944,0.9996311,0.99950904,0.99962026,0.999587,0.99965376,0.99944556,0.9994823,0.9996492,0.9996779,0.99967384,0.99960124,0.99962664,0.99967533,0.99965507,0.99971515,0.9996337,0.99968916,0.9996949,0.9996858,0.999585,0.99965286,0.99959385,0.999673,0.99953157,0.99965805,0.9996579,0.99965143,0.99979365,0.99953157,0.9996626,0.9996838,0.9996495,0.99951,0.99973685,0.9996775,0.9996667,0.9995891,0.9995868,0.99922174,0.9995212,0.99958766,0.9996397,0.99959815,0.9996607,0.99965566,0.9993547,0.999669,0.99968755,0.99967784,0.99944395,0.999504,0.9996613,0.9995518,0.99960804,0.99960643,0.9996618,0.99953705,0.9996206,0.99953747,0.99965364,0.99951303,0.9995814,0.9995522,0.99966615,0.9995475,0.9995552,0.9996518,0.99954784,0.9996624,0.9992547,0.9995552,0.9996849,0.999687,0.9995553,0.9996905,0.999593,0.9995954,0.9996426,0.9996689,0.99950767,0.99964464,0.9996766,0.99960834,0.99956644,0.999412,0.99960387,0.9996278,0.9995667,0.99968225,0.9995914,0.9993381,0.99972415,0.99964297,0.99963725,0.99969655,0.99968207,0.9995267,0.99952704,0.9995802,0.9994501,0.99957657,0.99966234,0.9996894,0.99962866,0.9996341,0.9996322,0.9992821,0.99926627,0.9994283
ipip274,0.99952394,0.99974495,0.9995129,0.9999215,0.9997381,0.9995828,0.99958366,0.9995279,0.9995745,0.999998,0.99936885,0.9994095,0.99946326,0.9994225,0.99933153,0.99939334,0.99948204,0.99944687,0.99949616,0.9994787,0.99947685,0.9994599,0.99947906,0.9995159,0.99935675,0.9994964,0.99948484,0.9994995,0.999414,0.99939984,0.99941564,0.9994429,0.99930805,0.99943393,0.9995171,0.9994282,0.9994538,0.9995244,0.99944854,0.9994845,0.99932027,0.9994163,0.99948895,0.99928683,0.99966425,0.99953955,0.9994616,0.9993726,0.99947435,0.9993744,0.9994871,0.99937403,0.99951035,0.9994338,0.99937785,0.99949265,0.99944645,0.99944246,0.9996612,0.9995066,0.99948496,0.99937814,0.9994593,0.9994586,0.99933493,0.9993621,0.99948245,0.99943066,0.9993919,0.99942327,0.9994843,0.9994165,0.9992992,0.99942726,0.999403,0.9989562,0.9992892,0.99939233,0.9994907,0.9995,0.99935734,0.9994825,0.99927074,0.9994688,0.99947244,0.99946225,0.9994291,0.99939704,0.9993223,0.9994511,0.99936616,0.9994388,0.99938434,0.99922144,0.999182,0.9992313,0.9994491,0.9994418,0.9991907,0.999236,0.999349,0.99944496,0.99942464,0.9993902,0.9994528,0.99926907,0.9993946,0.9992084,0.9994226,0.99945706,0.9995067,0.9993495,0.999407,0.99936366,0.9994661,0.9994143,0.9994289,0.9994658,0.99949205,0.9993711,0.9994545,0.99934644,0.9995259,0.9994816,0.99942386,0.9993682,0.999483,0.9994654,0.99943435,0.9993323,0.99945337,0.9991894,0.9993635,0.99934244,0.999431,0.9994952,0.9993542,0.9994325,0.99949133,0.9994604,0.9994521,0.9994501,0.99939907,0.9995084,0.9994562,0.9992383,0.9994152,0.9994175,0.9993377,0.9994507,0.9994684,0.99939686,0.9992195,0.99918425,0.99948263,0.99940425,0.9994035,0.99943095,0.9992254,0.99946016,0.9993285,0.9995344,0.9994194,0.9993695,0.99948996,0.9992759,0.9994772,0.99933857,0.99945295,0.9993883,0.99949014,0.9993527,0.99945146,0.99940336,0.9994797,0.999442,0.9994552,0.99949545,0.99944675,0.9993783,0.99931103,0.9993879,0.99939054,0.9994414,0.99931955,0.9993203,0.9994398,0.99944377,0.9994454,0.9994052,0.9994264,0.99947155,0.9994684,0.9994822,0.9994388,0.999484,0.9995077,0.99950284,0.9993962,0.9994984,0.9993977,0.99948883,0.9994562,0.9994969,0.99946594,0.9993812,0.99948937,0.9993459,0.9994106,0.9993719,0.9994324,0.9992826,0.9994702,0.99941397,0.99944407,0.99937904,0.99941254,0.99914783,0.99939334,0.99940234,0.9994644,0.9994334,0.999479,0.99944735,0.9992381,0.99946654,0.9994379,0.9994346,0.99932307,0.99926245,0.99940956,0.99939376,0.99943584,0.9994498,0.9994832,0.99933743,0.99941975,0.9993989,0.9994534,0.999338,0.9994449,0.9994155,0.9994698,0.99939674,0.9993763,0.99943274,0.99960244,0.99948883,0.99921983,0.99943966,0.9995291,0.9995203,0.9994059,0.9995055,0.9994605,0.99945635,0.99948204,0.9994657,0.9994058,0.9994736,0.9994853,0.9994169,0.9994159,0.99929523,0.99947673,0.99948245,0.9994057,0.99943215,0.99941,0.9992283,0.9995113,0.9994545,0.99946654,0.9994784,0.99947906,0.99939793,0.9993956,0.9993819,0.9992801,0.9994457,0.99945277,0.99950296,0.9994247,0.99940884,0.9994434,0.9995249,0.99933445,0.9995023
ipip9,0.9994981,0.99940854,0.9994372,0.99936754,0.9994709,0.9994134,0.99951565,0.99943405,0.99949735,0.99936885,0.9999977,0.9994823,0.9994933,0.9993772,0.99934286,0.9995943,0.9994553,0.9993964,0.9995158,0.99947363,0.9994303,0.99941134,0.999485,0.9994326,0.99936146,0.999453,0.9993819,0.99943686,0.99946004,0.9994215,0.99940443,0.9995143,0.99937266,0.99944896,0.99951136,0.9994336,0.9994871,0.9995437,0.999455,0.9994992,0.99929947,0.99943936,0.9994106,0.99939334,0.999369,0.9994417,0.9993999,0.99932957,0.99949574,0.9993241,0.9994194,0.9991968,0.9994571,0.9993244,0.9993444,0.999355,0.9992837,0.99943537,0.99941844,0.9994977,0.99951077,0.9993918,0.9994707,0.99943596,0.99932873,0.99934655,0.99948674,0.9994365,0.9994166,0.99940026,0.9994917,0.99945974,0.9992616,0.99943477,0.9993862,0.999044,0.9993573,0.99943525,0.9994721,0.99948275,0.99940187,0.99956554,0.99945015,0.99954814,0.9994885,0.9995229,0.99951154,0.9993963,0.9993417,0.99950594,0.9993771,0.9994913,0.9993966,0.99922144,0.99922675,0.9992197,0.9994698,0.9994142,0.99925625,0.9992795,0.9994097,0.99946254,0.9994462,0.99940795,0.99947405,0.99923664,0.9994154,0.9992376,0.999444,0.9994982,0.9995655,0.9993776,0.9994407,0.999395,0.9994851,0.99939555,0.9994655,0.9994903,0.99949336,0.99939936,0.99946076,0.9993409,0.99945503,0.9994552,0.9994628,0.99935395,0.9994101,0.99945563,0.9993831,0.9993088,0.99948686,0.9991721,0.9993536,0.99933136,0.9994912,0.9994514,0.9993708,0.9994551,0.999528,0.99946666,0.9994868,0.9994624,0.9993968,0.99947995,0.999442,0.9992413,0.9994371,0.9994389,0.99938613,0.999469,0.99946266,0.9993964,0.9992694,0.99922675,0.99948585,0.9994239,0.9994352,0.9994261,0.99920577,0.99945945,0.9993101,0.9995118,0.9994163,0.99941534,0.9994922,0.99951404,0.9994757,0.99935937,0.9994465,0.99938935,0.9995001,0.999288,0.99947745,0.9994532,0.9994631,0.99953485,0.99941784,0.9994066,0.9993945,0.9993568,0.99928015,0.9993657,0.9993641,0.9994237,0.99932003,0.9993025,0.99941736,0.9994103,0.99941826,0.9993352,0.99946994,0.9995109,0.9995146,0.99948484,0.9994843,0.99956816,0.9994545,0.99946284,0.9993327,0.99940044,0.99942017,0.99943984,0.9993382,0.9995219,0.99940825,0.99937785,0.9994808,0.9992835,0.9993747,0.9993799,0.99942535,0.99936473,0.9994997,0.9993937,0.999431,0.9994241,0.99942815,0.99912125,0.9993971,0.9994471,0.9994916,0.9995412,0.99949926,0.9994785,0.9994161,0.99958587,0.9994469,0.9993926,0.9991822,0.9993338,0.99937797,0.9993905,0.9994691,0.99945027,0.99950814,0.9993284,0.9994277,0.99939144,0.999501,0.99933034,0.99946916,0.99938035,0.99954164,0.9994085,0.9994427,0.9994215,0.9994066,0.9994996,0.99909735,0.99939156,0.99952924,0.99953735,0.9994314,0.9995318,0.9994761,0.9994074,0.99936265,0.99943864,0.999352,0.99945074,0.99951565,0.9993789,0.99942034,0.9992542,0.9993935,0.9994725,0.99941474,0.99939156,0.9994066,0.99917763,0.9995036,0.99940777,0.9994187,0.9994782,0.99943244,0.99938947,0.9994063,0.99942136,0.9992963,0.99939436,0.9994358,0.9995206,0.9993857,0.9994136,0.99947923,0.99919236,0.9992082,0.9993609
ipip39,0.99962056,0.99949425,0.99956155,0.9994267,0.9995916,0.9995007,0.9995868,0.99946105,0.9995511,0.9994095,0.9994823,0.9999976,0.999527,0.9994662,0.9995322,0.99949694,0.9995846,0.9994724,0.99959683,0.9995795,0.9995508,0.9995237,0.9995718,0.9994922,0.9994835,0.9995226,0.99943745,0.99953526,0.99955016,0.9995257,0.99952465,0.9995629,0.99939185,0.999569,0.9996441,0.999551,0.9995334,0.9996003,0.99955803,0.999625,0.9993972,0.9994952,0.999501,0.99944407,0.9993874,0.99952734,0.9994874,0.99946254,0.9995894,0.99948204,0.9995185,0.99919903,0.9995754,0.99944663,0.999354,0.9994408,0.999385,0.9994834,0.999488,0.99954045,0.9996745,0.9995091,0.999641,0.9995503,0.99948686,0.99948806,0.9995775,0.9995535,0.9995523,0.9994971,0.9996834,0.9995886,0.9993762,0.9995899,0.99966335,0.9991007,0.99943334,0.999555,0.999515,0.99955875,0.9997622,0.9997309,0.9995091,0.9996927,0.9996546,0.99974805,0.9996516,0.99948275,0.9995321,0.99958116,0.9996075,0.9996418,0.9995693,0.9993844,0.99936205,0.9993217,0.9996206,0.9994243,0.9993453,0.9993492,0.99951905,0.9996033,0.99959755,0.9995618,0.99968004,0.99933857,0.9995094,0.9993349,0.99954903,0.99962103,0.99971443,0.9995628,0.9998284,0.99954575,0.9995979,0.99955535,0.99960756,0.99961734,0.9996486,0.99950635,0.9995647,0.99943733,0.9995694,0.99960697,0.99954677,0.9994198,0.9994742,0.9995682,0.9994222,0.9994135,0.9995998,0.999258,0.9994922,0.99943626,0.9995759,0.9995874,0.9994725,0.99953496,0.99965876,0.9996183,0.9996919,0.99960744,0.9994741,0.9995445,0.9996492,0.99940306,0.99963915,0.99956846,0.9994366,0.9995779,0.9995696,0.99953574,0.99938416,0.99932927,0.9996436,0.9995991,0.9995867,0.9995683,0.9993721,0.9995984,0.9994352,0.9996351,0.9995351,0.999486,0.9996286,0.99935704,0.9995773,0.99949336,0.99957377,0.9995116,0.9996209,0.9994866,0.9995987,0.9995515,0.99952334,0.9995863,0.9995061,0.9995058,0.9994424,0.999446,0.9994359,0.9994224,0.9994529,0.9994831,0.99935395,0.9994811,0.99950457,0.9995151,0.9995182,0.99941987,0.9995737,0.9995766,0.999581,0.9995389,0.9996752,0.9996504,0.999547,0.99954563,0.99940646,0.999455,0.99948096,0.99953306,0.99937415,0.99958676,0.9995352,0.9994505,0.99956125,0.9992769,0.9994386,0.99938536,0.9995128,0.9994543,0.9995339,0.9995299,0.9994789,0.9995124,0.9995064,0.999124,0.99948215,0.9995778,0.9996142,0.9995785,0.9996081,0.99954194,0.9994177,0.9996425,0.9995426,0.99952555,0.9992047,0.9994141,0.9994934,0.99956113,0.99960995,0.99958235,0.9996352,0.9994303,0.99954295,0.99949443,0.99958456,0.9994653,0.99957085,0.999507,0.99960697,0.9994737,0.99949276,0.99952215,0.99952984,0.99964577,0.99915755,0.99953073,0.99960005,0.99960935,0.9994651,0.9995997,0.9995105,0.9994994,0.99946934,0.999526,0.9994286,0.99956834,0.9995805,0.99939686,0.9994541,0.99931407,0.9994207,0.99961597,0.9995358,0.99948984,0.9995448,0.9994835,0.99964935,0.9994831,0.9995696,0.99958646,0.9996257,0.9995198,0.9994955,0.9995468,0.999442,0.99952745,0.9995069,0.9996288,0.99949676,0.9994787,0.9995586,0.9992458,0.9991797,0.999515
ipip69,0.9995532,0.99952245,0.99951524,0.9994447,0.99954057,0.9994683,0.99958634,0.9995919,0.9995798,0.99946326,0.9994933,0.999527,0.9999969,0.9996702,0.99949527,0.99974513,0.9996271,0.99957186,0.9996892,0.999618,0.9995815,0.999544,0.99957705,0.9995172,0.9994506,0.999572,0.9994861,0.9996029,0.9995263,0.99952394,0.9995096,0.999561,0.9994214,0.9995623,0.9996183,0.99949986,0.9995988,0.99966055,0.9996091,0.9995716,0.9994429,0.9995285,0.9994708,0.9994691,0.9994679,0.9995474,0.9995291,0.999405,0.9996283,0.9995343,0.9994999,0.99932885,0.9995979,0.9995032,0.9993778,0.9995134,0.99937266,0.99950117,0.9995122,0.99955946,0.9996197,0.9995054,0.9996197,0.99945,0.99946165,0.9995251,0.99958664,0.9994885,0.9994961,0.9994908,0.9995819,0.9995546,0.9993692,0.9995277,0.99953365,0.999105,0.99943244,0.9995175,0.9995199,0.9995412,0.9994975,0.99961436,0.9994213,0.9995882,0.99958384,0.9995825,0.99956226,0.9995906,0.99944025,0.99957937,0.99950844,0.99956447,0.999523,0.99935734,0.9993389,0.9993833,0.9995481,0.9994988,0.9994428,0.9993991,0.9995326,0.9995187,0.99955326,0.99950904,0.9995901,0.9994054,0.9994958,0.99938875,0.9995768,0.9995981,0.9996174,0.99947417,0.9995022,0.9995108,0.99960303,0.9995345,0.9995727,0.99956876,0.9995971,0.99951714,0.99960124,0.99949956,0.9995696,0.9996082,0.9995774,0.99949276,0.9995564,0.9995517,0.99942124,0.99948734,0.99955934,0.9993541,0.9994594,0.9994836,0.99955124,0.9995578,0.99944806,0.99951136,0.9996021,0.99955505,0.9995911,0.99962884,0.99956864,0.9996598,0.9995782,0.9994397,0.9995327,0.9995175,0.99946564,0.9995828,0.99953496,0.9994817,0.99937373,0.99935514,0.99957997,0.99953985,0.99953353,0.9995303,0.99935484,0.9995612,0.99943703,0.99962634,0.9995284,0.9994424,0.9995856,0.9993494,0.9995499,0.9994551,0.9995592,0.99955976,0.9995372,0.99941283,0.9995735,0.99956834,0.9995106,0.99958557,0.9995034,0.9994759,0.9994584,0.9995062,0.99944144,0.9994444,0.999471,0.9994767,0.9993544,0.99946535,0.9995551,0.99955946,0.99956167,0.99944997,0.9995605,0.9995844,0.9995722,0.99952585,0.9995642,0.99959236,0.99955887,0.999538,0.9994379,0.9995103,0.9995171,0.9995132,0.9994539,0.99956685,0.99951434,0.9994584,0.99960065,0.9993001,0.99952483,0.9994676,0.9995133,0.9994644,0.9995383,0.99950254,0.9995213,0.9995211,0.99952275,0.99919635,0.9994855,0.9995483,0.9995435,0.9995475,0.9995998,0.99957097,0.9993627,0.9995873,0.9995499,0.99953645,0.99931556,0.9993616,0.9995367,0.9995076,0.99954414,0.9995441,0.9996061,0.99944496,0.9995167,0.99949473,0.999572,0.9994806,0.9995764,0.99950767,0.9995815,0.9994512,0.9995094,0.9995232,0.9994663,0.9995684,0.99921,0.99948794,0.9995617,0.9995714,0.99946725,0.99955684,0.99951786,0.99953175,0.999517,0.9994881,0.9994718,0.99957764,0.99960345,0.9994668,0.99951214,0.9993985,0.9994859,0.99957466,0.99950325,0.99947095,0.9995229,0.9992823,0.9995776,0.99946374,0.9994944,0.99954146,0.9995262,0.99951035,0.99948627,0.9995013,0.99939054,0.9994798,0.999465,0.99958485,0.99951065,0.99944335,0.99955803,0.9992549,0.9992686,0.99940246
ipip99,0.9994788,0.9995054,0.99942076,0.99939233,0.99945146,0.9993987,0.9994942,0.99951655,0.9995232,0.9994225,0.9993772,0.9994662,0.9996702,0.9999961,0.99940985,0.9995532,0.999539,0.99948484,0.999708,0.9996184,0.9994879,0.99949795,0.99949783,0.9994937,0.9993968,0.9995058,0.99947536,0.9995177,0.99950737,0.99953,0.99942845,0.99943465,0.9992993,0.99947304,0.9995467,0.9994239,0.9994746,0.999546,0.99952525,0.99948716,0.9993571,0.9994273,0.999395,0.99936867,0.9994433,0.9994607,0.999462,0.9993761,0.9995443,0.9995098,0.9994161,0.99929386,0.9994838,0.99954116,0.99941856,0.99941003,0.9992827,0.9994501,0.99945873,0.99947786,0.99954164,0.99942446,0.9995225,0.9994239,0.999395,0.9994231,0.99949646,0.99941117,0.9994393,0.99942064,0.99949,0.9994356,0.9992918,0.99942464,0.9994963,0.9990392,0.9993655,0.99946785,0.99945116,0.99945724,0.9994256,0.9995351,0.9993405,0.99948,0.99952525,0.9994986,0.9994904,0.9996312,0.99939746,0.9995025,0.9994543,0.9994747,0.99945635,0.9993109,0.9992983,0.99933195,0.9994644,0.999387,0.999318,0.99934274,0.9994151,0.9994422,0.9994766,0.99942464,0.9995673,0.9992733,0.999458,0.99927074,0.9994689,0.999503,0.99951994,0.9994222,0.99948525,0.9994274,0.9995062,0.99945456,0.99947864,0.9994983,0.9995388,0.99942935,0.9994733,0.9993669,0.9994704,0.99951506,0.99944884,0.9993718,0.99945664,0.99946713,0.9993991,0.9994333,0.99945706,0.99923396,0.9993882,0.99949116,0.99942726,0.99948597,0.9993909,0.99940526,0.9995014,0.9994784,0.9995103,0.9995347,0.9994885,0.99954736,0.99952954,0.9994419,0.99947333,0.9994458,0.9993501,0.9995064,0.9994629,0.9994267,0.9993598,0.999292,0.99949265,0.9994437,0.99946404,0.9994344,0.9993442,0.99947834,0.9993481,0.999526,0.99941885,0.9993594,0.99950963,0.99922514,0.9994398,0.9994051,0.9994612,0.9994498,0.9994496,0.9993313,0.99946177,0.99948615,0.9994296,0.9994385,0.99942946,0.99943393,0.9993765,0.9993782,0.99941134,0.9993659,0.99935657,0.99941087,0.99928635,0.99936277,0.99942863,0.9994414,0.99944156,0.9993851,0.9994802,0.9994572,0.99944794,0.9994388,0.99949557,0.9994799,0.9994671,0.99945873,0.999362,0.9994513,0.9994151,0.9994328,0.999401,0.99946374,0.99942523,0.99937135,0.999483,0.9992644,0.9994089,0.9993601,0.999427,0.9993623,0.9994304,0.9994169,0.9994162,0.9994274,0.9994459,0.99914134,0.9994361,0.9994607,0.9994617,0.99944544,0.99949306,0.99950314,0.99929345,0.99947643,0.99942666,0.99946064,0.99924964,0.99930024,0.9994342,0.99939144,0.99946904,0.9994656,0.9995083,0.999335,0.9994421,0.9993923,0.999454,0.9993767,0.9995318,0.9994391,0.999463,0.9993983,0.99939203,0.9994313,0.99937737,0.9994701,0.9991377,0.99940735,0.99946934,0.9994606,0.99935615,0.99946326,0.9994153,0.9994775,0.99952704,0.9994006,0.9994359,0.99950373,0.99947387,0.9994082,0.9994396,0.99930966,0.9993852,0.99947286,0.9994217,0.9994042,0.9994496,0.9992302,0.9994744,0.99935955,0.9994294,0.99945253,0.9994611,0.99941576,0.99938804,0.9994239,0.99933404,0.99940705,0.9993965,0.99946535,0.99941206,0.99936897,0.99944603,0.9992109,0.99919254,0.9993129
ipip129,0.9994022,0.99939317,0.99938047,0.9993227,0.9994131,0.9994081,0.99941665,0.99940455,0.9994731,0.99933153,0.99934286,0.9995322,0.99949527,0.99940985,0.99999774,0.999448,0.99944013,0.9993885,0.9995083,0.9994346,0.99941117,0.9994544,0.999443,0.9994247,0.99944246,0.99937576,0.9993931,0.99942034,0.99941576,0.9993628,0.99939907,0.9994824,0.999294,0.9994681,0.99942106,0.9994308,0.99936503,0.9994286,0.9994625,0.9994448,0.9992837,0.9993885,0.99939704,0.9992469,0.99940807,0.99939054,0.9994269,0.99960494,0.9994359,0.9993607,0.9993754,0.9991709,0.99936813,0.99932003,0.9993649,0.99933815,0.99923414,0.99942726,0.9993755,0.9994751,0.9995087,0.99941975,0.9994979,0.9994883,0.9994006,0.9998114,0.9994117,0.9994392,0.9994664,0.9994421,0.9994755,0.99946326,0.99930316,0.9993936,0.9994308,0.9990299,0.9993118,0.99941283,0.99947184,0.99949247,0.99955446,0.9994862,0.99932873,0.9994423,0.9994222,0.9995012,0.9994216,0.999477,0.9994108,0.99944395,0.9994367,0.99942285,0.999408,0.99919844,0.9992875,0.9991708,0.9994103,0.99938565,0.999312,0.99928075,0.99940443,0.99943715,0.9994406,0.9994792,0.9994929,0.9993802,0.999361,0.9993345,0.99948907,0.99941546,0.99950004,0.99935746,0.99944234,0.9993709,0.9994098,0.99942803,0.9994295,0.99945676,0.99943346,0.9993779,0.9994191,0.9993178,0.99948394,0.99946773,0.99935466,0.9993855,0.9993952,0.99943155,0.99940854,0.99927014,0.9994514,0.9992392,0.9993774,0.99935955,0.99940544,0.9994282,0.99937814,0.9994062,0.99946135,0.999424,0.99947375,0.99947417,0.99944794,0.9994766,0.999507,0.99926335,0.9994688,0.99947333,0.99933964,0.9994032,0.99941623,0.9993885,0.9993285,0.99935657,0.99945015,0.9994627,0.9994657,0.9994116,0.9992305,0.999419,0.9993377,0.9994847,0.99938124,0.9994023,0.99944186,0.99924004,0.9994118,0.999467,0.9993958,0.99938554,0.99943167,0.99933875,0.99938154,0.9993926,0.9994247,0.9993901,0.99936163,0.9993732,0.9993712,0.9993576,0.99936473,0.99938214,0.9993212,0.9994301,0.9992801,0.9993519,0.999376,0.99939215,0.99939555,0.99933624,0.9994199,0.99942535,0.99939996,0.9994374,0.99946934,0.9994295,0.9994072,0.9993741,0.99933624,0.99942285,0.9993544,0.99938023,0.9993372,0.99940115,0.9994705,0.99937046,0.99944425,0.9992725,0.9994441,0.99932534,0.9994166,0.9993183,0.99943453,0.99949044,0.99945813,0.9995025,0.99937,0.999145,0.99935293,0.99942684,0.99946356,0.9993978,0.9994701,0.9995816,0.9992841,0.99942356,0.99936765,0.9994237,0.9992567,0.9993529,0.9994108,0.99935853,0.99956393,0.9997756,0.99948424,0.99930865,0.9994362,0.9993795,0.9994355,0.9994045,0.9994062,0.99938244,0.9993842,0.9994447,0.99937004,0.99945885,0.9994121,0.9994615,0.99912864,0.99942166,0.99949396,0.9994981,0.99941,0.99948454,0.99943936,0.9993578,0.99934447,0.9994122,0.9993145,0.99949676,0.9994192,0.9993703,0.9993542,0.99921817,0.9993853,0.9994294,0.9994241,0.99943286,0.9994428,0.999319,0.9994484,0.99942625,0.9993895,0.9994221,0.99949116,0.9994472,0.9993857,0.9994594,0.9994511,0.9994083,0.99946094,0.99945825,0.99946827,0.9994509,0.99942267,0.99921566,0.999167,0.9993251
ipip159,0.9995188,0.99941814,0.99943763,0.99936676,0.99947166,0.99941826,0.99956083,0.99948317,0.9995097,0.99939334,0.9995943,0.99949694,0.99974513,0.9995532,0.999448,0.9999973,0.99955463,0.9994598,0.9996383,0.9995687,0.999485,0.9994536,0.9995203,0.99946916,0.9993673,0.9995404,0.99939495,0.9995271,0.9994926,0.99947566,0.9994429,0.9995159,0.9993717,0.999498,0.9995918,0.999466,0.99958396,0.9996259,0.999584,0.99955106,0.9993474,0.9994584,0.9994027,0.99940634,0.9994084,0.9994717,0.9994237,0.9993651,0.9995662,0.9994449,0.99945104,0.99924886,0.9995191,0.9994185,0.9992913,0.9993771,0.9992916,0.99944746,0.9994512,0.99951476,0.99958116,0.9994546,0.9995393,0.9994027,0.9994001,0.99944836,0.99956053,0.99948514,0.99944794,0.9994311,0.9995544,0.9995003,0.9992959,0.9994549,0.99943525,0.99903864,0.9993855,0.9994751,0.9994494,0.99948317,0.99943304,0.9995654,0.9993749,0.99955374,0.9995148,0.99960774,0.99956584,0.9995289,0.9993607,0.999572,0.9994829,0.9995593,0.9994561,0.99927723,0.9992669,0.9992799,0.99952084,0.9994681,0.99940217,0.99931973,0.99949956,0.99950296,0.99951124,0.99948186,0.99951255,0.9993286,0.9994998,0.99934006,0.9995147,0.9995863,0.9996083,0.99938285,0.9994438,0.9994796,0.99957484,0.9994529,0.9995703,0.99957037,0.9995778,0.9994361,0.9995206,0.9993946,0.9994894,0.999514,0.9995417,0.99941194,0.99946404,0.9994973,0.99936515,0.9993995,0.9995039,0.9991889,0.99937254,0.9993661,0.99949634,0.99949765,0.99939895,0.9994571,0.9995688,0.99952865,0.99957454,0.99954116,0.9994393,0.99953455,0.9995256,0.99936545,0.9994882,0.99946624,0.9993798,0.9995249,0.9995118,0.9994282,0.9992674,0.99924415,0.99957526,0.9994748,0.9994648,0.99945384,0.99927324,0.9995633,0.99934,0.99960554,0.99948883,0.99938416,0.99957687,0.9992992,0.99950397,0.99939024,0.99948347,0.99949753,0.9995235,0.9993256,0.99956965,0.99951184,0.99947107,0.9995438,0.99948686,0.99946165,0.99940693,0.99946374,0.9994107,0.99936026,0.999382,0.9994053,0.9993035,0.9993634,0.9995249,0.99951965,0.9995272,0.99939036,0.9995624,0.9995383,0.9995431,0.9994725,0.9995234,0.99957544,0.99953735,0.9995324,0.9993998,0.9994235,0.9994698,0.9995367,0.9993841,0.99954206,0.9994444,0.999382,0.99955195,0.99927944,0.9994142,0.9993919,0.9994373,0.99944174,0.9994857,0.99941206,0.9994168,0.99943495,0.99951273,0.99914205,0.99946904,0.9995401,0.9995159,0.99955255,0.99957323,0.99948806,0.99933183,0.99960595,0.9995484,0.99949676,0.9992489,0.9993371,0.99948,0.9994412,0.99948657,0.9995127,0.9995673,0.999346,0.9994449,0.99941736,0.99953485,0.9994116,0.99955857,0.99942577,0.99957293,0.9993786,0.9994663,0.9994548,0.99937373,0.9995382,0.9990939,0.99940073,0.99950695,0.9995044,0.9993894,0.999508,0.99943745,0.99946254,0.9994436,0.9994327,0.9993728,0.9995138,0.99955696,0.99936575,0.99942374,0.99929726,0.99942803,0.99950147,0.999429,0.9993956,0.99943984,0.9991685,0.99955016,0.9993983,0.9994266,0.99950105,0.99944717,0.99942994,0.99941254,0.99943525,0.9993063,0.9994175,0.9993942,0.9995265,0.9994196,0.9993717,0.999516,0.99918,0.99915594,0.99932283
ipip189,0.9996144,0.9995331,0.9995408,0.99947494,0.99956185,0.9994912,0.99963933,0.9995562,0.9996075,0.99948204,0.9994553,0.9995846,0.9996271,0.999539,0.99944013,0.99955463,0.99999714,0.99952847,0.99965465,0.9996448,0.9996736,0.99957454,0.99958163,0.99957734,0.99948037,0.99960023,0.9994718,0.9997131,0.9995969,0.99956346,0.9995413,0.9995875,0.99943763,0.9995966,0.9996804,0.9995254,0.9996621,0.9996998,0.99961346,0.9996198,0.9994597,0.9995226,0.9994808,0.99944305,0.9994621,0.99954647,0.9995093,0.9994349,0.9995942,0.99955463,0.9995355,0.999294,0.99956757,0.999536,0.9993723,0.99949664,0.99932903,0.9995062,0.999509,0.99958044,0.99965584,0.9994978,0.99966395,0.99949735,0.9995046,0.99950016,0.99964404,0.99955595,0.99953973,0.9995087,0.99963975,0.99955904,0.9993804,0.99953693,0.9995386,0.99917763,0.9994734,0.99957603,0.99954873,0.999569,0.99950063,0.9996574,0.9994342,0.99961966,0.9995958,0.9996615,0.99963266,0.9995919,0.9994338,0.9996033,0.99954826,0.99962145,0.9995945,0.9993877,0.9993233,0.99943566,0.99960536,0.9994634,0.9993254,0.9994976,0.99953043,0.99956477,0.99959815,0.9995617,0.9996213,0.99937266,0.999535,0.9993687,0.9995846,0.99965495,0.99966294,0.99950254,0.9995438,0.9995515,0.99964267,0.99951255,0.9996454,0.9996304,0.9996392,0.99952626,0.99961686,0.99951994,0.9996217,0.99965,0.999642,0.9994879,0.9995854,0.9995879,0.99943215,0.9995434,0.9995962,0.9993361,0.9994677,0.9995086,0.9995724,0.99955916,0.9994816,0.9995504,0.99965245,0.99961245,0.99968636,0.9996538,0.99957603,0.99963635,0.9996554,0.9994203,0.9996245,0.99955565,0.9994515,0.99960876,0.9995929,0.9995307,0.9993669,0.9993624,0.9996567,0.9995532,0.99953926,0.9995254,0.9993915,0.9996385,0.99943805,0.99963605,0.9995567,0.99944055,0.99963963,0.9993842,0.9995912,0.99948215,0.999605,0.999531,0.99958336,0.99943084,0.9996273,0.9996152,0.99954516,0.9995954,0.99956167,0.9995405,0.99948853,0.9995562,0.9994625,0.99946636,0.9994946,0.999514,0.9993701,0.9994796,0.9995775,0.9995891,0.9995924,0.9995059,0.9996122,0.99960625,0.99959326,0.9995649,0.99964535,0.99962944,0.99960613,0.9995759,0.99947256,0.9994968,0.9995483,0.99958766,0.9994484,0.9995977,0.99953926,0.9994613,0.99964064,0.9993357,0.9995082,0.9994653,0.9995343,0.99948865,0.99956155,0.9995415,0.99952316,0.99951637,0.99954957,0.999186,0.99952924,0.9996111,0.99956405,0.999564,0.99962926,0.99957526,0.9993568,0.9996314,0.9996112,0.9995936,0.9993169,0.9994106,0.99955785,0.99962467,0.9996072,0.9995732,0.99964577,0.9995067,0.99955064,0.9994818,0.9995768,0.99946964,0.9995624,0.99952984,0.9996137,0.9994606,0.99951005,0.9995502,0.99946415,0.999613,0.9991936,0.9994805,0.9995879,0.9995894,0.9994704,0.99959147,0.9995222,0.99956906,0.99958324,0.99951583,0.9994693,0.99957824,0.9996127,0.99946266,0.99950415,0.9993686,0.9995075,0.99957067,0.99949694,0.99949384,0.999513,0.99925715,0.99962074,0.999471,0.9995153,0.9995737,0.99954855,0.9995089,0.99947757,0.9995219,0.9994631,0.9995024,0.99946505,0.9996033,0.99950874,0.99943596,0.99957526,0.99923044,0.9992282,0.99941593
ipip219,0.9995147,0.9995374,0.9994975,0.99943256,0.9995234,0.99944377,0.9995376,0.99955577,0.9995842,0.99944687,0.9993964,0.9994724,0.99957186,0.99948484,0.9993885,0.9994598,0.99952847,0.99999785,0.99958336,0.9995452,0.9995486,0.99958,0.9995857,0.9996518,0.99941957,0.9995373,0.99957234,0.99955434,0.99948865,0.99950576,0.9994566,0.99948865,0.99941903,0.99947196,0.99956137,0.9994249,0.9995381,0.99957836,0.99950844,0.99950266,0.9994171,0.9994897,0.9994903,0.9993724,0.99951607,0.99952286,0.999483,0.9994039,0.9996008,0.9994839,0.99957126,0.99941707,0.99949294,0.99956036,0.99946195,0.99948436,0.9992909,0.9995227,0.9994661,0.99949974,0.9995191,0.9994361,0.99953234,0.99945635,0.9994113,0.99940145,0.9995259,0.99945277,0.99945766,0.99944896,0.9995015,0.9995005,0.9993494,0.99944997,0.99944353,0.99902976,0.99935997,0.9994375,0.9995325,0.999527,0.9994654,0.9995361,0.99933594,0.99955386,0.999508,0.99950475,0.9994988,0.9994982,0.9994208,0.9995457,0.99940133,0.99949205,0.99942064,0.9992898,0.9993044,0.9993384,0.999482,0.9994547,0.9992867,0.9993254,0.9994255,0.9994898,0.9994862,0.9994496,0.999499,0.9992845,0.9994318,0.99925196,0.99947464,0.99950975,0.99953014,0.99941623,0.9994291,0.9994329,0.9995108,0.9995067,0.9995004,0.99951434,0.99955803,0.9994467,0.9995253,0.99944663,0.9995587,0.99961436,0.99955755,0.99944276,0.99955493,0.9995024,0.99948186,0.99943274,0.9994819,0.9993477,0.9994301,0.99946433,0.9994911,0.9995017,0.99941164,0.9994458,0.9995159,0.99947464,0.9995142,0.9995701,0.9994782,0.99953866,0.99953246,0.9994008,0.99947625,0.9994763,0.999406,0.99953765,0.999518,0.99945265,0.99931693,0.9992771,0.99952745,0.9994668,0.9994642,0.99945796,0.9992818,0.99951065,0.9993995,0.99955964,0.9995529,0.9994102,0.9994934,0.9992869,0.9994815,0.9993854,0.99955326,0.9994559,0.99948347,0.99937177,0.9995035,0.9995397,0.9994934,0.99952304,0.999563,0.99953556,0.9994993,0.9994656,0.99940825,0.9994418,0.9994703,0.9994676,0.9993673,0.9993847,0.9994872,0.999499,0.99951494,0.9994317,0.9994948,0.9995165,0.99950063,0.99951166,0.99952537,0.99954224,0.9995359,0.99949265,0.9994227,0.99947333,0.9994411,0.99950707,0.9994036,0.9995137,0.9994914,0.99946475,0.9995493,0.9993644,0.99946296,0.99947834,0.9994828,0.9993731,0.9995296,0.99946547,0.9994979,0.99947596,0.99945045,0.9991872,0.99944985,0.9994625,0.9994898,0.999463,0.9995041,0.9995122,0.9992803,0.99949926,0.9995115,0.9995106,0.9993178,0.9993325,0.99949104,0.99946076,0.99947053,0.99950856,0.9995127,0.99942195,0.9994749,0.999425,0.99951875,0.9994224,0.99951124,0.99948174,0.9995062,0.99943286,0.99942356,0.9994995,0.9994537,0.9995002,0.99918777,0.99943405,0.99951875,0.99952126,0.99941975,0.9995115,0.9994682,0.9994974,0.9995768,0.9995263,0.99943465,0.9995347,0.9995289,0.9994616,0.99948066,0.9993411,0.9994776,0.9994778,0.9994532,0.99947184,0.999459,0.99921525,0.9995084,0.9994184,0.99945754,0.99948686,0.9995095,0.9994316,0.9994164,0.9994325,0.9993278,0.99946684,0.99945885,0.9995104,0.99943805,0.9994468,0.9994641,0.99921906,0.9992167,0.9993459
ipip249,0.9996421,0.99955213,0.99954474,0.9994741,0.9995844,0.99948794,0.9996659,0.9995956,0.9996673,0.99949616,0.9995158,0.99959683,0.9996892,0.999708,0.9995083,0.9996383,0.99965465,0.99958336,0.9999987,0.99966955,0.99959457,0.9996131,0.99963933,0.99962634,0.9994862,0.99965084,0.999539,0.99963295,0.99963367,0.99968076,0.9995455,0.9995964,0.9994366,0.99961984,0.99969715,0.999557,0.99965453,0.9997099,0.9996583,0.99964994,0.9994365,0.9995432,0.9995163,0.9994482,0.9995059,0.99958664,0.9995527,0.9994613,0.99965215,0.9995559,0.9995775,0.99934435,0.99957573,0.9995921,0.99942034,0.9995128,0.999363,0.9995495,0.9995193,0.99960685,0.9996608,0.99953336,0.99964863,0.99951804,0.99950033,0.9995116,0.9996692,0.9995753,0.9995484,0.9995323,0.99964887,0.99959457,0.9993598,0.99955463,0.99955344,0.9991133,0.99948907,0.9995933,0.9995652,0.99958503,0.9995405,0.99967104,0.9994721,0.9996352,0.9996283,0.9996775,0.9996579,0.9996056,0.9994703,0.99965364,0.99954134,0.9996265,0.99955845,0.999379,0.9993461,0.9993752,0.99958575,0.9994764,0.9993555,0.99938697,0.999539,0.9995873,0.9996026,0.9995731,0.9996457,0.9993731,0.9996134,0.9993471,0.9995957,0.999665,0.9996845,0.9995012,0.99954265,0.99956083,0.99967355,0.99956465,0.99964184,0.9996503,0.99965686,0.9995527,0.99963576,0.9994995,0.99960434,0.9996507,0.99959487,0.99947613,0.99958026,0.99960554,0.99947196,0.99951553,0.99961025,0.9993235,0.9995015,0.9995065,0.9995875,0.9995873,0.9994721,0.9995561,0.9996687,0.999612,0.99973977,0.9996427,0.99954873,0.9996374,0.99971944,0.99945563,0.9996121,0.9995638,0.9994641,0.99962336,0.9996018,0.99953717,0.99942285,0.99936956,0.999658,0.9996207,0.9996219,0.9995687,0.9993674,0.99964947,0.99945974,0.999687,0.99956316,0.9994961,0.9996504,0.9993475,0.9995975,0.99952364,0.999599,0.99953663,0.9996279,0.99947095,0.9996242,0.9996067,0.99954826,0.99960434,0.99959046,0.99955165,0.9995269,0.99953926,0.9995056,0.99946123,0.9994881,0.9995049,0.99939096,0.9994911,0.9996005,0.99960977,0.99961436,0.99950576,0.9996411,0.9996148,0.9996071,0.999561,0.9996329,0.9996563,0.9996265,0.99963,0.99948907,0.99956006,0.9995656,0.99960357,0.9994754,0.99961466,0.9995569,0.9994963,0.99964786,0.9993484,0.99952847,0.9994797,0.9995293,0.99950516,0.99956924,0.9995423,0.9995165,0.99953544,0.99960417,0.9992032,0.99956053,0.99962723,0.99962026,0.9996173,0.99963427,0.99959797,0.99939543,0.99965924,0.9996161,0.99960464,0.99933606,0.9994121,0.9995876,0.99952704,0.99960375,0.99959755,0.99965966,0.9994435,0.99957275,0.9995082,0.9996181,0.99950236,0.9996514,0.99957,0.9996355,0.99949014,0.99952924,0.9995635,0.9994987,0.999635,0.9992257,0.99954736,0.99961287,0.9996099,0.99947995,0.9996097,0.99953866,0.9995896,0.9995828,0.99955004,0.99951065,0.9996109,0.9996245,0.9994744,0.99953574,0.99940187,0.9995051,0.99958324,0.99954736,0.9995372,0.99955726,0.999284,0.9996394,0.999503,0.99954367,0.9995992,0.9995655,0.9995381,0.99950576,0.9995504,0.9994534,0.9995425,0.99949056,0.99961287,0.9995346,0.99945956,0.9995797,0.9992519,0.9992499,0.9994139
ipip279,0.99963367,0.99958986,0.999541,0.99947125,0.9995769,0.9995138,0.9996589,0.99962986,0.99964017,0.9994787,0.99947363,0.9995795,0.999618,0.9996184,0.9994346,0.9995687,0.9996448,0.9995452,0.99966955,0.99999654,0.9996071,0.9996389,0.9996094,0.9995969,0.99946827,0.9996026,0.9995375,0.9996455,0.9996103,0.9995787,0.9995334,0.9996016,0.9994474,0.99958247,0.99975264,0.9995201,0.9996297,0.9997174,0.9996242,0.9996268,0.9994617,0.9995507,0.99947923,0.9995024,0.9994707,0.99953973,0.9995054,0.99942887,0.99964374,0.99953175,0.99956137,0.99931884,0.99958897,0.999623,0.99945986,0.9994918,0.9993268,0.9995156,0.9995257,0.9995849,0.99967265,0.9995028,0.9996695,0.9995033,0.999487,0.9994594,0.9996728,0.9995814,0.9995451,0.9995462,0.99964553,0.9995655,0.9993665,0.99955684,0.99955606,0.99912846,0.99946785,0.99957466,0.9995625,0.999578,0.9995372,0.999657,0.99942064,0.9996218,0.9995943,0.9996944,0.99965036,0.9996177,0.9994776,0.9996429,0.9995335,0.99960726,0.99962276,0.99939626,0.9993305,0.9993766,0.9996167,0.999477,0.99930704,0.99936104,0.99952817,0.99958295,0.9996004,0.99952763,0.99965936,0.99935925,0.9995917,0.9993447,0.9996146,0.99971986,0.99972,0.99950397,0.9995667,0.9995566,0.99965,0.9995171,0.99964446,0.9996327,0.9996564,0.9995607,0.99958926,0.99948996,0.99956864,0.99963015,0.9996475,0.99948144,0.99957323,0.9996351,0.9994572,0.9995342,0.9996011,0.99925834,0.99945056,0.99956614,0.99959284,0.9995589,0.999478,0.9995824,0.9996952,0.9996416,0.9996624,0.9996476,0.99955636,0.9996522,0.999637,0.9995117,0.99960756,0.9995589,0.9994685,0.999671,0.99959725,0.9995085,0.9993504,0.99935603,0.9996685,0.9995138,0.9995232,0.99955887,0.99940896,0.99967134,0.9994277,0.99964374,0.99955904,0.99942553,0.9996496,0.99936384,0.9996335,0.999465,0.99963045,0.999552,0.9995992,0.9994175,0.9996537,0.9996363,0.9995602,0.9996363,0.99956954,0.9995578,0.9994934,0.9995132,0.99948245,0.9994721,0.9994796,0.99953175,0.99940264,0.99949723,0.9995725,0.9996014,0.99958724,0.99947447,0.9996266,0.99962586,0.99962467,0.9995757,0.99961936,0.99966383,0.99960554,0.99959576,0.9994541,0.9994994,0.99955606,0.99958515,0.99949026,0.99963826,0.99950266,0.99946004,0.9996307,0.99932516,0.99952096,0.9994754,0.9994898,0.99952644,0.99956477,0.9995139,0.9995283,0.99952245,0.99953634,0.9991874,0.99952376,0.99956053,0.9995743,0.9995888,0.9996543,0.9995824,0.9993423,0.99964446,0.9995987,0.99961036,0.99931777,0.99942005,0.99955964,0.9995343,0.9995917,0.99955326,0.99968827,0.99946666,0.9995541,0.99951315,0.9995979,0.9994489,0.9996093,0.99952143,0.99966925,0.99946356,0.9995552,0.9995668,0.99948055,0.99962264,0.9992516,0.9995064,0.9995897,0.99958706,0.9994625,0.9995977,0.9995337,0.999566,0.99963284,0.99952847,0.999484,0.99959266,0.9996385,0.999461,0.99955106,0.9993931,0.9994968,0.9996041,0.9995119,0.9994997,0.9995333,0.9992384,0.9996644,0.9994856,0.9995296,0.99961334,0.999561,0.9995127,0.99947584,0.99952054,0.9994033,0.99951196,0.99949354,0.99965423,0.99954325,0.99946225,0.99962336,0.99926305,0.99924284,0.99943185
ipip14,0.99960256,0.99953896,0.9995305,0.9994908,0.9995792,0.99950767,0.9996196,0.99951196,0.99959755,0.99947685,0.9994303,0.9995508,0.9995815,0.9994879,0.99941117,0.999485,0.9996736,0.9995486,0.99959457,0.9996071,0.999998,0.99959946,0.99967605,0.99956447,0.9994833,0.99955964,0.99947566,0.9998991,0.9995309,0.9995382,0.9995616,0.99956614,0.99939746,0.99955463,0.99962825,0.9995268,0.9995862,0.99964386,0.99957705,0.99958277,0.9994673,0.9995273,0.9995055,0.9994035,0.9994579,0.9995381,0.9994853,0.9994093,0.9995615,0.99963504,0.9995436,0.9993319,0.99955934,0.9995152,0.9993834,0.999472,0.9992876,0.9994597,0.999497,0.99954414,0.99966383,0.99953806,0.99967426,0.9994952,0.9995223,0.9994934,0.9995998,0.9995509,0.99951094,0.9994776,0.9996396,0.99959826,0.9994053,0.9995611,0.9995244,0.9991051,0.9994306,0.99952877,0.99954826,0.999567,0.9994972,0.99964595,0.9994158,0.9996078,0.99958193,0.9996164,0.99957925,0.99958277,0.9994307,0.9995477,0.9994963,0.9996129,0.9996045,0.99934417,0.99935,0.9993192,0.9995798,0.9994677,0.99930435,0.99932617,0.9995218,0.9995918,0.99958163,0.99955225,0.99960524,0.99934536,0.9995124,0.999351,0.99956447,0.9996,0.9996411,0.9994749,0.99949473,0.99949,0.999659,0.99951917,0.99958575,0.99961764,0.9996032,0.99956214,0.99972576,0.9995636,0.99970776,0.9996945,0.99971825,0.9994777,0.99963605,0.9995421,0.9994494,0.999502,0.99962616,0.99936724,0.9995241,0.99953514,0.99960464,0.9995803,0.99949586,0.99956375,0.9996334,0.9996073,0.99965155,0.9996531,0.9995769,0.99960953,0.9996238,0.9994188,0.99957263,0.99953055,0.9994727,0.999558,0.9996002,0.99952465,0.99940324,0.99934393,0.9996365,0.99956965,0.9995668,0.999562,0.9993298,0.99959594,0.99948865,0.9996433,0.99956363,0.9994621,0.9996009,0.9993411,0.99957687,0.9994886,0.9996134,0.9995258,0.9996222,0.9994363,0.9996025,0.9996311,0.99955636,0.99957556,0.9995256,0.99949574,0.9994755,0.99952734,0.99941826,0.99945796,0.9995156,0.99950385,0.9993537,0.99949634,0.9995646,0.9995751,0.9995831,0.9994832,0.99956405,0.9995972,0.99958795,0.99957526,0.9996088,0.9996154,0.99964684,0.99957633,0.9994689,0.9994854,0.999518,0.9996213,0.9994812,0.9996275,0.99962926,0.9994951,0.9996302,0.9992966,0.9995138,0.9994582,0.9996051,0.9994473,0.99956405,0.9995838,0.9995145,0.9995119,0.99952734,0.9991612,0.99951,0.9995435,0.999614,0.9995285,0.9995986,0.99956846,0.9993503,0.9996075,0.99956936,0.99957544,0.99933046,0.9994148,0.99956095,0.99954444,0.999591,0.9995678,0.99963385,0.9994806,0.9995468,0.9995051,0.99960566,0.9994838,0.9995339,0.9995139,0.9995931,0.9994707,0.9994909,0.9995409,0.999494,0.9996341,0.9992371,0.9995372,0.9995982,0.99959546,0.99948484,0.999603,0.9995435,0.9995656,0.99962366,0.99956846,0.99946016,0.99957585,0.9996082,0.99945146,0.9995004,0.9993604,0.99951106,0.9995689,0.9995602,0.9995082,0.9995649,0.9992855,0.9996073,0.9994685,0.999532,0.9995587,0.99954224,0.99953574,0.9995066,0.9995111,0.9994187,0.99952674,0.99947804,0.9995817,0.99950373,0.99944264,0.99953514,0.99920994,0.99918807,0.99939936
ipip44,0.99957675,0.99956703,0.99950796,0.99945337,0.9995623,0.9995153,0.99958396,0.9996268,0.9996112,0.9994599,0.99941134,0.9995237,0.999544,0.99949795,0.9994544,0.9994536,0.99957454,0.99958,0.9996131,0.9996389,0.99959946,0.9999985,0.99959964,0.99961925,0.99947536,0.99953467,0.99955267,0.9995674,0.99952215,0.9995084,0.99950844,0.9995469,0.99935997,0.9995685,0.99962586,0.99948263,0.9995328,0.9996023,0.9995553,0.9995608,0.99939126,0.9994847,0.9994799,0.99938655,0.99947405,0.9995402,0.99952036,0.99950397,0.9995831,0.99948055,0.9995855,0.99934304,0.99954695,0.999555,0.9994218,0.99945766,0.9993206,0.9994978,0.9995026,0.99952364,0.99963486,0.9995101,0.9996591,0.9994912,0.9994891,0.9994771,0.99963,0.99950945,0.9995091,0.99954486,0.99958664,0.99954224,0.99938583,0.9995262,0.9995248,0.99905086,0.9994009,0.9995125,0.9995279,0.99954283,0.99949604,0.9996135,0.9994256,0.9995839,0.999556,0.99958193,0.9995441,0.99953514,0.99944186,0.99954563,0.9994804,0.99955046,0.9995506,0.99935687,0.9993706,0.99937844,0.9995682,0.9994479,0.999266,0.99931324,0.9995047,0.99958205,0.99956954,0.99951786,0.9995907,0.999318,0.99944884,0.99931926,0.99955994,0.9996115,0.9996383,0.99948263,0.99946886,0.999527,0.9995901,0.9995182,0.9995829,0.99955606,0.9996096,0.9995323,0.9995704,0.99949867,0.9995653,0.99962133,0.9995725,0.99942297,0.9995416,0.9995565,0.9994386,0.9994466,0.99955785,0.9993091,0.99945873,0.99950296,0.99954045,0.9995345,0.99943805,0.99951243,0.9996184,0.99957746,0.999613,0.99960434,0.99950206,0.9996122,0.99960554,0.9994715,0.9995619,0.9995204,0.99941534,0.9995643,0.99955183,0.99950963,0.9993625,0.9993956,0.9996336,0.99950314,0.99951047,0.99953765,0.9993353,0.9995927,0.99942917,0.9995873,0.99950033,0.99941653,0.9995961,0.999318,0.99954754,0.99946743,0.99958235,0.9994519,0.9995295,0.99941874,0.99956,0.999556,0.99950767,0.9995375,0.9995712,0.99957436,0.9994831,0.99948406,0.999412,0.9994325,0.99946517,0.99949026,0.99938434,0.9995073,0.99951375,0.99953324,0.9995293,0.9994529,0.99952686,0.9995507,0.99954087,0.99952304,0.99957794,0.9995911,0.9995541,0.99951696,0.9994241,0.99949646,0.99952984,0.999525,0.99942386,0.9995574,0.99950844,0.9994499,0.99956566,0.9993493,0.9994816,0.999444,0.999461,0.9994252,0.99951315,0.9995465,0.99951476,0.999518,0.9994967,0.9991659,0.9994648,0.9995098,0.9995357,0.9995276,0.99959433,0.99958265,0.99932104,0.99956733,0.99953717,0.9995508,0.9993067,0.99936235,0.99952877,0.9995252,0.99960816,0.9995576,0.99963754,0.99947506,0.9995669,0.99949175,0.99955016,0.9994398,0.99955523,0.9995279,0.9995732,0.9994512,0.99947524,0.9995698,0.9995055,0.9995649,0.9992467,0.99951136,0.999534,0.99953425,0.9994243,0.99953693,0.99948245,0.9995574,0.9996045,0.9995336,0.99946487,0.99955964,0.99956405,0.9994328,0.9995357,0.9993819,0.9994463,0.9995605,0.9995019,0.99951875,0.9995112,0.9992418,0.9995831,0.99946475,0.9995094,0.9995367,0.99953777,0.99952275,0.99946594,0.9995352,0.9994579,0.99952465,0.9994746,0.99957705,0.9995255,0.9994542,0.9995364,0.999236,0.9992107,0.9993996
ipip74,0.99963623,0.99955064,0.9995384,0.9994935,0.9996393,0.9995293,0.9996364,0.99951893,0.9996332,0.99947906,0.999485,0.9995718,0.99957705,0.99949783,0.999443,0.9995203,0.99958163,0.9995857,0.99963933,0.9996094,0.99967605,0.99959964,0.9999984,0.99963784,0.9995139,0.9995659,0.99951625,0.99962103,0.9995229,0.9995396,0.99956906,0.9996434,0.99948245,0.999588,0.99964494,0.99972445,0.99959195,0.999642,0.9995844,0.99960446,0.9994929,0.99960744,0.999551,0.99942464,0.9994809,0.99960625,0.9995499,0.9994746,0.9995978,0.99950075,0.9996218,0.99935216,0.99964184,0.9995451,0.99946463,0.9995599,0.9993712,0.9995339,0.99952483,0.9996258,0.9996603,0.99957764,0.99964684,0.99950653,0.9995218,0.9995335,0.9995879,0.9995844,0.99954635,0.9994799,0.9997535,0.99977577,0.9994114,0.999703,0.9995515,0.9990978,0.9994225,0.9995318,0.99959016,0.9996027,0.9995648,0.99965733,0.9994282,0.9996216,0.99960375,0.99963486,0.99957526,0.99952257,0.99943316,0.9995416,0.9995108,0.9996471,0.99956304,0.99937534,0.9993373,0.9993698,0.9995955,0.99951005,0.99928683,0.99932534,0.9995168,0.9996031,0.9996006,0.99954784,0.99959725,0.99939674,0.9995345,0.99941295,0.9996141,0.99961543,0.99967057,0.999473,0.9995125,0.999516,0.99963164,0.999674,0.99961555,0.9996385,0.99961376,0.9995834,0.99965775,0.9995027,0.99963576,0.99963677,0.999699,0.99947584,0.99958986,0.99958265,0.9995267,0.9994535,0.9997587,0.99936026,0.9996536,0.99953455,0.9997382,0.9996771,0.99952567,0.9996283,0.9996699,0.9996299,0.99964964,0.9997081,0.9995319,0.99965906,0.9996171,0.9994148,0.9995731,0.99956465,0.99953425,0.99955595,0.9996417,0.9995908,0.99947697,0.99936974,0.99964744,0.9997201,0.9997244,0.99969995,0.99930036,0.99960345,0.99960786,0.9997689,0.9995551,0.9995605,0.99964607,0.999383,0.99965024,0.9995676,0.9996148,0.9995191,0.99976116,0.99946004,0.99960697,0.9996375,0.9995673,0.99959904,0.99957633,0.99952394,0.99953645,0.9995363,0.99944055,0.9994713,0.9995092,0.99950796,0.9993675,0.99948406,0.9995674,0.99957705,0.9995782,0.99948776,0.99958056,0.99961364,0.9996044,0.99958175,0.99960864,0.9996679,0.99962205,0.99963206,0.9994761,0.9995292,0.99951935,0.9995862,0.99945587,0.9996056,0.99958366,0.9995636,0.9996297,0.9993087,0.99956775,0.99945706,0.999547,0.99945235,0.9995738,0.9995779,0.9995246,0.99954176,0.9995908,0.99920446,0.99950385,0.9995586,0.99982536,0.99958026,0.99960244,0.99958086,0.99936545,0.9996431,0.9996009,0.9995649,0.9993077,0.999433,0.9995614,0.9995182,0.9996261,0.99960583,0.9996379,0.9994553,0.9995894,0.9996282,0.99979514,0.9996492,0.9995973,0.99957496,0.9996316,0.9994894,0.9995247,0.9995798,0.99958146,0.99976385,0.9992457,0.9997096,0.99967176,0.9996735,0.9995587,0.9996745,0.99961084,0.99954593,0.9995539,0.99973327,0.99957466,0.9996408,0.9996137,0.9994374,0.9994899,0.9993392,0.99951863,0.9996508,0.9997487,0.99964917,0.9997187,0.9993682,0.999691,0.9995678,0.9995807,0.999643,0.9995951,0.9997307,0.999719,0.99956155,0.99945986,0.99968845,0.9995429,0.9996257,0.9995578,0.99951875,0.9995775,0.9992266,0.9992563,0.99941874
ipip104,0.9996087,0.9995833,0.9995072,0.999492,0.9995856,0.9995499,0.99966526,0.99963814,0.9998337,0.9995159,0.9994326,0.9994922,0.9995172,0.9994937,0.9994247,0.99946916,0.99957734,0.9996518,0.99962634,0.9995969,0.99956447,0.99961925,0.99963784,0.9999971,0.9995347,0.99957645,0.9996124,0.9996084,0.9995337,0.99952096,0.9995794,0.9996241,0.99945015,0.9996091,0.9996378,0.99952424,0.9995826,0.9996243,0.9995863,0.9996199,0.99942946,0.99953675,0.999537,0.9993589,0.99954724,0.99958974,0.99957514,0.9994533,0.99958205,0.9994415,0.99964625,0.9994369,0.99953586,0.9996547,0.9995779,0.99949867,0.9993202,0.99956626,0.99951553,0.99959683,0.99958545,0.99947125,0.99959326,0.99959564,0.9994529,0.9994533,0.9996187,0.9995948,0.99958205,0.9995356,0.99961805,0.9995666,0.9994065,0.9995159,0.99945587,0.9990547,0.9994103,0.99953204,0.9996678,0.9996921,0.99950325,0.9996159,0.9993742,0.99957114,0.9995604,0.9995831,0.99957204,0.99952316,0.9993625,0.99954855,0.999447,0.9995873,0.9994831,0.99928385,0.999236,0.99932957,0.99956775,0.9995767,0.99925387,0.9993392,0.9994504,0.9996467,0.99952936,0.999539,0.99955404,0.99940723,0.9995425,0.99941266,0.99962413,0.99960303,0.99962103,0.99945647,0.9994563,0.9994765,0.99960566,0.99949414,0.9995803,0.9995801,0.99958813,0.9995136,0.9995666,0.9994346,0.9996346,0.99959564,0.99956095,0.9995167,0.99966156,0.9995746,0.99963117,0.99946535,0.99958324,0.99927944,0.9994551,0.9994868,0.9995583,0.9995747,0.9995288,0.9995649,0.9996328,0.99962413,0.99961907,0.9996012,0.9994576,0.99964696,0.9995857,0.99937075,0.9995821,0.99960005,0.9994387,0.99956876,0.9997023,0.9996099,0.9993822,0.9993164,0.99961275,0.99953496,0.9995408,0.99954003,0.9992927,0.9996274,0.99940515,0.9996318,0.999499,0.999504,0.99962,0.99932927,0.9995995,0.99955076,0.9995937,0.9994426,0.99961376,0.99939257,0.9995833,0.99957573,0.9996289,0.99953866,0.9997913,0.999748,0.9997321,0.99962884,0.9995218,0.99955493,0.99955237,0.99959314,0.9994414,0.9993883,0.9996183,0.99963504,0.999655,0.9995873,0.99960494,0.99960357,0.999584,0.999647,0.99959695,0.9996313,0.9996855,0.99964213,0.9995869,0.9996149,0.9995952,0.9996927,0.99953544,0.9995953,0.9995965,0.9996574,0.99972695,0.9995709,0.99958134,0.9996308,0.9995637,0.9994582,0.999669,0.99959064,0.99961174,0.9995529,0.9995644,0.99921006,0.99949884,0.9995542,0.9996001,0.9995306,0.99957734,0.9996259,0.99929273,0.9995999,0.9996646,0.99964947,0.9994473,0.9994722,0.99963766,0.9995001,0.9995664,0.99959165,0.9995863,0.9994973,0.99960387,0.999488,0.9996102,0.99947953,0.99954534,0.99955934,0.99959916,0.99949086,0.99948615,0.99961686,0.99952656,0.9996236,0.9991983,0.9995289,0.9996129,0.9996081,0.9994611,0.9996212,0.9995198,0.9995792,0.9996579,0.9996961,0.9994766,0.9996236,0.999593,0.99953604,0.9995172,0.99937475,0.99955004,0.9995359,0.99952203,0.99967444,0.9995274,0.9992402,0.9996421,0.9995565,0.9995804,0.99960124,0.9996432,0.99950343,0.9994879,0.9995637,0.9993932,0.9995637,0.9996131,0.9995892,0.99959046,0.9995934,0.99953383,0.9992675,0.99924105,0.99939615
ipip134,0.99947274,0.99948585,0.9993932,0.99936205,0.9994961,0.9994672,0.999477,0.9994316,0.99952835,0.99935675,0.99936146,0.9994835,0.9994506,0.9993968,0.99944246,0.9993673,0.99948037,0.99941957,0.9994862,0.99946827,0.9994833,0.99947536,0.9995139,0.9995347,0.99999803,0.9994287,0.9993997,0.9994683,0.99944186,0.9994073,0.9994736,0.99948126,0.99928635,0.99971926,0.9994911,0.99951905,0.99942195,0.99950427,0.9994721,0.99957734,0.9992715,0.9993757,0.99948573,0.9993033,0.9994147,0.99947935,0.9996752,0.99950373,0.9995039,0.99936664,0.9994598,0.9992031,0.99941796,0.99938786,0.99935466,0.99936795,0.9992712,0.9994039,0.99937236,0.9994888,0.9995448,0.9994582,0.99953437,0.99954736,0.9995043,0.9994843,0.99947774,0.99946064,0.999638,0.99941343,0.9995455,0.9994923,0.9993797,0.99943906,0.99944633,0.9989724,0.99936014,0.9994421,0.999476,0.9994994,0.999489,0.9995677,0.9993511,0.9995244,0.9994951,0.9994958,0.9994818,0.99942344,0.9993478,0.99944586,0.9994357,0.9995206,0.99945706,0.9992461,0.99921286,0.9992192,0.9995004,0.9994234,0.9992297,0.999312,0.99940723,0.9995346,0.9994794,0.99953,0.9995443,0.9993127,0.999419,0.9994352,0.9995669,0.99948114,0.99951416,0.9994821,0.999465,0.9993689,0.9994702,0.99946904,0.999458,0.99952024,0.9994763,0.99945676,0.9994876,0.99935454,0.9995049,0.9995034,0.9994695,0.99939495,0.9994338,0.9994147,0.9994202,0.9993021,0.99953675,0.9992725,0.9994122,0.99938136,0.999501,0.999453,0.99943185,0.9994208,0.99948454,0.99953586,0.9995422,0.999531,0.9993954,0.9995314,0.9995192,0.99926215,0.99954695,0.9996529,0.99929065,0.9994722,0.99953413,0.99948406,0.9993978,0.9993116,0.9995292,0.999496,0.9995103,0.99949145,0.9992049,0.9995018,0.9993661,0.99951,0.99941343,0.99944943,0.99951476,0.9992533,0.99945414,0.9997204,0.99950784,0.99940383,0.9995306,0.9993815,0.9994787,0.99950325,0.99948996,0.9994432,0.9994236,0.999447,0.9994352,0.9993998,0.9993465,0.9993855,0.9994324,0.99943674,0.99924594,0.99932945,0.9994355,0.9994538,0.9994496,0.9994612,0.99947727,0.99949145,0.999479,0.99950194,0.99954957,0.99950767,0.9994983,0.99945027,0.99941534,0.9996363,0.99952006,0.9994831,0.9993958,0.99948245,0.9994838,0.9995158,0.9995182,0.9992764,0.99941856,0.9993388,0.9994355,0.9993783,0.99949896,0.9994707,0.99944645,0.9994702,0.99941117,0.99909407,0.99938464,0.9994845,0.9995213,0.9994288,0.99948746,0.99957734,0.9992705,0.99950695,0.9994324,0.9994593,0.99922687,0.99940085,0.99945134,0.99939877,0.99954194,0.9995529,0.99950624,0.9993599,0.99971193,0.99942225,0.99950546,0.9993908,0.9994425,0.99942845,0.99948305,0.99956375,0.99939156,0.99956244,0.9994478,0.99954647,0.9990953,0.9994471,0.99952096,0.9995257,0.9993786,0.99951077,0.99943286,0.9994394,0.9994314,0.99951184,0.99935615,0.9995314,0.9994836,0.9993726,0.99939835,0.99928087,0.99936,0.9994582,0.99945354,0.9995265,0.9994924,0.99922425,0.99948406,0.999386,0.9994809,0.9994711,0.99952066,0.999456,0.99944246,0.99976236,0.9994144,0.9994471,0.9994713,0.9994598,0.99953425,0.9994414,0.9994396,0.99923414,0.9991206,0.99929756
ipip164,0.99962443,0.9995385,0.9995273,0.9994596,0.9995706,0.99947184,0.99968094,0.99954987,0.99962384,0.9994964,0.999453,0.9995226,0.999572,0.9995058,0.99937576,0.9995404,0.99960023,0.9995373,0.99965084,0.9996026,0.99955964,0.99953467,0.9995659,0.99957645,0.9994287,0.9999976,0.9995133,0.99959576,0.9996255,0.9995448,0.9994868,0.9995722,0.99941456,0.9995602,0.9996793,0.9994929,0.99965847,0.999719,0.99962056,0.9996185,0.9993995,0.99952435,0.9994981,0.99944514,0.9995685,0.9996417,0.9995714,0.9993949,0.9996323,0.99947196,0.9995703,0.9993725,0.9995604,0.99952304,0.9993713,0.9995145,0.9993348,0.999517,0.9994936,0.9996168,0.9995958,0.9994895,0.9995926,0.9994793,0.99945503,0.9994138,0.9996393,0.9995504,0.99951506,0.9994906,0.99960446,0.99953693,0.99930125,0.99950635,0.9994631,0.9990524,0.9994209,0.99952906,0.9995252,0.9995467,0.99945354,0.999607,0.9993804,0.99958354,0.9995881,0.99962175,0.99959785,0.99948937,0.9993737,0.9995813,0.9994655,0.99959785,0.99949336,0.99932486,0.9992769,0.9993719,0.99957,0.9994579,0.9992791,0.9993227,0.99947107,0.9995381,0.99953985,0.99952316,0.9995619,0.9993529,0.9995535,0.999293,0.99954396,0.99961376,0.99963665,0.999462,0.9994764,0.999531,0.9996077,0.99947786,0.9996182,0.999584,0.9996314,0.9994563,0.9995761,0.999473,0.99959487,0.9996232,0.99958104,0.999437,0.99959105,0.9995758,0.99943954,0.9994862,0.9995625,0.99926525,0.9994035,0.9994203,0.9995327,0.9995441,0.9994282,0.9995274,0.99963045,0.9995882,0.9996229,0.99958396,0.99946177,0.99957377,0.9995814,0.9994028,0.9995427,0.99953043,0.9994459,0.99959654,0.99955434,0.9994635,0.9993166,0.9992749,0.99963456,0.99949974,0.9994914,0.9995136,0.9992927,0.99964255,0.9993701,0.9996166,0.9995435,0.99940366,0.9996044,0.9993442,0.999584,0.9994299,0.9995925,0.9995178,0.99959373,0.99953115,0.9996308,0.9995655,0.99953586,0.9996026,0.99955255,0.99954164,0.9994919,0.99949175,0.99942964,0.99942726,0.9994727,0.9994711,0.999354,0.99939746,0.9995835,0.99958813,0.9995865,0.9994697,0.99960303,0.9995981,0.999601,0.999546,0.99959165,0.9996269,0.99962306,0.9996707,0.9995128,0.99959433,0.99951476,0.99960846,0.9994457,0.99961555,0.9995519,0.9994923,0.9996279,0.99927455,0.9994994,0.9994643,0.9995171,0.99950504,0.99956435,0.9994775,0.99947065,0.9994997,0.99954283,0.99916166,0.9995376,0.9995638,0.9995595,0.9995602,0.9995961,0.99952745,0.99933016,0.9996216,0.9995981,0.99955624,0.9992876,0.9993606,0.99953836,0.9995112,0.9995454,0.99952966,0.9996187,0.9994273,0.999517,0.9994546,0.9995874,0.9994372,0.9995722,0.9995363,0.99963635,0.99945337,0.9995133,0.9995371,0.9994535,0.99959534,0.999262,0.9994781,0.9996081,0.9995987,0.9994562,0.99959576,0.99952465,0.99954355,0.99957824,0.9995014,0.9994966,0.99956495,0.9996056,0.9994266,0.9995111,0.99937254,0.99949247,0.99953157,0.9994692,0.999473,0.9994737,0.9991913,0.9996144,0.99945307,0.99948186,0.9995749,0.9995289,0.9994563,0.99945456,0.9994988,0.99936175,0.99950325,0.99944395,0.9995899,0.9994879,0.99941313,0.9995435,0.9992148,0.999194,0.9993828
ipip194,0.999481,0.99952793,0.999452,0.99945796,0.99949825,0.999445,0.99954426,0.9995119,0.9996474,0.99948484,0.9993819,0.99943745,0.9994861,0.99947536,0.9993931,0.99939495,0.9994718,0.99957234,0.999539,0.9995375,0.99947566,0.99955267,0.99951625,0.9996124,0.9993997,0.9995133,0.99999815,0.9995117,0.9994807,0.99951506,0.9994914,0.99951154,0.9993452,0.99946314,0.9995182,0.999435,0.99945164,0.9995217,0.9994676,0.9995085,0.99942243,0.9995151,0.9994822,0.9993335,0.9995011,0.9994967,0.9995076,0.99940777,0.99949217,0.9994107,0.9995899,0.9994598,0.999517,0.9995673,0.99963486,0.9995227,0.9993094,0.9995308,0.9994636,0.9995447,0.9994831,0.9994,0.99947995,0.99947155,0.9993394,0.99937874,0.99947786,0.9994606,0.99947834,0.99950475,0.99949723,0.99945295,0.9993392,0.9994529,0.9994239,0.9990139,0.9993371,0.9994243,0.99966717,0.9996757,0.99940956,0.9994862,0.9992818,0.99948126,0.9994719,0.9994649,0.9994464,0.99946404,0.99937534,0.9994696,0.99937856,0.99942356,0.999383,0.99928135,0.9992601,0.999298,0.9994401,0.9995702,0.99924916,0.9993403,0.9993832,0.99948364,0.99942917,0.99941564,0.99947125,0.9993199,0.99939245,0.99924654,0.9994841,0.99949604,0.99951756,0.99939346,0.9994196,0.99941474,0.9994721,0.99944586,0.99944514,0.9994635,0.9995173,0.9994035,0.9994651,0.9994281,0.9995614,0.99954927,0.9994392,0.9994488,0.9995628,0.9995457,0.99962723,0.9993968,0.9994723,0.999257,0.999411,0.9994379,0.99944717,0.9995208,0.9994187,0.99948895,0.9995311,0.9994716,0.99946135,0.999476,0.9994311,0.99952906,0.99948674,0.999345,0.99943644,0.99950475,0.99943364,0.9995238,0.9995033,0.9994466,0.99926835,0.9992725,0.9994872,0.9994443,0.9994444,0.99946266,0.99928874,0.9994776,0.99938625,0.9995548,0.9994133,0.99943453,0.9994848,0.99931115,0.99953014,0.9994074,0.9995138,0.99939835,0.99947226,0.9993632,0.9994584,0.9994389,0.99956983,0.99948716,0.9994661,0.99949455,0.99952096,0.99943846,0.9993783,0.99958193,0.99949366,0.99961185,0.9993958,0.99941075,0.9994652,0.9994898,0.999496,0.99945784,0.9994573,0.99954444,0.9995136,0.99958557,0.99947387,0.99950993,0.99951595,0.99951196,0.9994557,0.99953175,0.9994627,0.999494,0.9994403,0.99954623,0.99950117,0.9994775,0.9995618,0.9993329,0.9994807,0.99948335,0.99949944,0.99932355,0.9996039,0.9995398,0.9996522,0.9994659,0.9994024,0.99918365,0.9993937,0.99942124,0.99947137,0.99946237,0.9995233,0.99954677,0.9992668,0.99947655,0.99945444,0.9995281,0.9993423,0.999366,0.9995304,0.99945885,0.99947023,0.9994672,0.9995222,0.9994714,0.99945486,0.99941975,0.9994732,0.9993953,0.99947125,0.9994484,0.99949735,0.99946713,0.99945134,0.9995101,0.99946344,0.99950147,0.9992365,0.9994822,0.9995807,0.999564,0.9994797,0.9995601,0.9995414,0.99954367,0.99960804,0.99954015,0.9994135,0.9994748,0.999577,0.9996532,0.9995809,0.9994763,0.9995002,0.99952686,0.9994263,0.9995189,0.9994386,0.99924076,0.9995482,0.99949634,0.9994897,0.9995307,0.9995487,0.9994144,0.9993987,0.9994263,0.9993635,0.99944186,0.9995851,0.9995521,0.9994967,0.9995523,0.99949056,0.9992946,0.9992245,0.9993563
ipip224,0.999595,0.9995339,0.9995306,0.9994904,0.9995596,0.9994979,0.99965864,0.9995597,0.999644,0.9994995,0.99943686,0.99953526,0.9996029,0.9995177,0.99942034,0.9995271,0.9997131,0.99955434,0.99963295,0.9996455,0.9998991,0.9995674,0.99962103,0.9996084,0.9994683,0.99959576,0.9995117,0.9999975,0.99956745,0.99954903,0.9995602,0.99962103,0.99945647,0.9995741,0.9996702,0.99951744,0.999656,0.99969584,0.9996021,0.9996008,0.99953324,0.99958986,0.9995019,0.99942416,0.99948657,0.9995365,0.99949646,0.9994164,0.99956787,0.9996696,0.9995478,0.99936765,0.9995361,0.99958235,0.9994076,0.9995209,0.9992904,0.99950355,0.9994934,0.9995878,0.9996425,0.99950397,0.99964535,0.9994956,0.9995144,0.9994815,0.999653,0.99958456,0.99952555,0.9995123,0.9996172,0.999573,0.99940103,0.9995277,0.99951047,0.9991253,0.99947405,0.99955046,0.9995845,0.9995959,0.9994841,0.9996425,0.9993978,0.99960285,0.99959075,0.9996395,0.9996296,0.9996069,0.9994365,0.9995892,0.9994853,0.99959797,0.9995833,0.99932486,0.9993252,0.99934024,0.9995698,0.99949086,0.99934155,0.99934745,0.9995242,0.9995802,0.99957037,0.9995533,0.99959624,0.9993961,0.99957126,0.99934745,0.99960154,0.9996218,0.9996549,0.9994701,0.99948215,0.9995177,0.99970657,0.999522,0.9996123,0.99964595,0.99962556,0.99957174,0.99970514,0.9995472,0.9997285,0.99970305,0.99967915,0.9995154,0.9997431,0.9995924,0.9994682,0.99957585,0.99960107,0.99936676,0.99948967,0.99950993,0.9995747,0.9995982,0.9995017,0.999601,0.9996629,0.999602,0.99963427,0.9996316,0.9995823,0.99961126,0.999607,0.9994296,0.9995847,0.9995482,0.999528,0.99959683,0.99961203,0.99952054,0.99939156,0.99932384,0.9996302,0.9995533,0.99955183,0.999541,0.9993397,0.9996394,0.9994695,0.9996583,0.99958766,0.999447,0.9996099,0.9993578,0.9996176,0.99948555,0.9996019,0.99952674,0.99959016,0.99941146,0.99962157,0.9996403,0.9995819,0.99958366,0.9995864,0.9995542,0.99954945,0.9996046,0.9994801,0.99949527,0.99952054,0.99953574,0.9993886,0.9994646,0.9996316,0.99965024,0.9996576,0.99954844,0.9996226,0.99963325,0.9996068,0.9995949,0.9996141,0.999631,0.99969685,0.99963504,0.9995142,0.9995295,0.99957275,0.99966276,0.9995335,0.9996438,0.99964935,0.99949163,0.999696,0.9993812,0.99957365,0.99954855,0.99964786,0.99952227,0.9996029,0.9995925,0.99957037,0.9995055,0.9995863,0.99923974,0.9995858,0.9995863,0.99958694,0.9995478,0.99961454,0.9995699,0.99935806,0.99961853,0.99963766,0.99964046,0.9993925,0.99943525,0.9996377,0.9995354,0.9995806,0.9995656,0.9996186,0.99948865,0.9995431,0.9994906,0.9995938,0.9994915,0.9995472,0.9995231,0.9996039,0.99949056,0.9995142,0.9995695,0.9994686,0.99961424,0.99925643,0.9995134,0.9996261,0.9996239,0.9995251,0.9996353,0.99957573,0.99961853,0.9996703,0.9995374,0.99947745,0.99957997,0.999635,0.9994992,0.9995551,0.99941975,0.99955744,0.99956095,0.99953103,0.9995068,0.9995394,0.99927884,0.9996293,0.9995073,0.9995183,0.9995975,0.99953943,0.99952185,0.99949604,0.9995014,0.9994148,0.99951774,0.9994903,0.99962103,0.99954474,0.999452,0.99958247,0.999225,0.99922496,0.99939394
ipip254,0.9995792,0.99948144,0.99949217,0.9993987,0.99950325,0.99945575,0.99960864,0.9995024,0.99960124,0.999414,0.99946004,0.99955016,0.9995263,0.99950737,0.99941576,0.9994926,0.9995969,0.99948865,0.99963367,0.9996103,0.9995309,0.99952215,0.9995229,0.9995337,0.99944186,0.9996255,0.9994807,0.99956745,0.9999978,0.99956024,0.99947095,0.99956274,0.9993714,0.9995551,0.9996275,0.99946374,0.999605,0.99962157,0.99962395,0.9995891,0.99940944,0.99950457,0.9994423,0.9994365,0.99942875,0.99948156,0.99946904,0.999387,0.9995606,0.99949944,0.99949145,0.9992746,0.9994979,0.9994867,0.99939585,0.9994605,0.99932724,0.9995163,0.9994714,0.9995577,0.99957955,0.9994439,0.99956405,0.999466,0.9994486,0.99940544,0.99958026,0.9995207,0.9994972,0.9994761,0.9995611,0.99951166,0.99930394,0.999459,0.9994678,0.99910945,0.9994833,0.99958414,0.9995106,0.99953,0.9994797,0.999626,0.9994067,0.9995717,0.99957377,0.9996193,0.9996278,0.99952847,0.9994341,0.9995412,0.9995072,0.9995512,0.9996144,0.9993643,0.9993038,0.9993174,0.9995228,0.9994222,0.99931145,0.99937344,0.99946594,0.9995122,0.99954945,0.99953604,0.9995858,0.9993449,0.99951893,0.9992959,0.9995524,0.9996067,0.99962604,0.9994895,0.9995452,0.9995285,0.99958116,0.9994725,0.9995922,0.9995736,0.99959475,0.9994543,0.9995408,0.9994638,0.99955153,0.9995767,0.99952924,0.9994418,0.9995429,0.99960625,0.9994321,0.99949986,0.99952364,0.99926776,0.9994006,0.99944687,0.9994935,0.9995407,0.9994391,0.9994992,0.99962115,0.9995555,0.99961877,0.99956506,0.9994616,0.99952555,0.999607,0.99942446,0.9995692,0.9995239,0.99943393,0.999623,0.9995236,0.99946994,0.99934715,0.9992888,0.99959606,0.99949926,0.99951047,0.99946964,0.99932724,0.99959767,0.99936354,0.9995755,0.99950415,0.9994303,0.9995656,0.99932176,0.9995466,0.99945116,0.9995365,0.9995177,0.9995376,0.9994551,0.999583,0.999528,0.999498,0.9995545,0.9995092,0.9995134,0.99946845,0.9994678,0.99944997,0.99941164,0.9994313,0.99946284,0.99933743,0.999417,0.9995304,0.9995364,0.9995406,0.9994344,0.9995946,0.99955916,0.999562,0.9995079,0.99960184,0.9995909,0.9995575,0.99955446,0.9994232,0.9994931,0.9994856,0.99952686,0.9994273,0.99955964,0.99949,0.99941546,0.9995677,0.99931395,0.9994899,0.9994659,0.9995039,0.99947745,0.99951375,0.9994645,0.9994749,0.99951,0.9995006,0.9991742,0.9994757,0.99955684,0.9995207,0.9995285,0.9995684,0.99953794,0.99935204,0.99958575,0.9995354,0.99955904,0.999295,0.99939156,0.99951947,0.99947673,0.999531,0.9995157,0.99959874,0.9994011,0.99950254,0.99943876,0.9995286,0.9994353,0.9995476,0.99950224,0.9995694,0.9994466,0.9995011,0.9994986,0.9994155,0.9995455,0.99919224,0.9994546,0.9995678,0.99956346,0.9994424,0.99956214,0.99949455,0.9995161,0.999512,0.99945986,0.999445,0.9995411,0.99957204,0.9994243,0.99949795,0.9993255,0.99944764,0.99951136,0.9994535,0.9994443,0.999481,0.9992278,0.99958086,0.99945253,0.9994665,0.9995452,0.9995092,0.9994409,0.9994171,0.9994769,0.99938494,0.99945533,0.99945027,0.9995902,0.9994807,0.9994172,0.99955463,0.99918056,0.9991901,0.999358
ipip284,0.9995362,0.9994681,0.9994557,0.99938434,0.9995003,0.99942905,0.9995585,0.9994527,0.9995571,0.99939984,0.9994215,0.9995257,0.99952394,0.99953,0.9993628,0.99947566,0.99956346,0.99950576,0.99968076,0.9995787,0.9995382,0.9995084,0.9995396,0.99952096,0.9994073,0.9995448,0.99951506,0.99954903,0.99956024,0.99999803,0.9994711,0.99955124,0.9993959,0.99950886,0.9995904,0.9994481,0.99953115,0.99956983,0.99955356,0.9995515,0.99941397,0.9995303,0.99944395,0.99944013,0.9994035,0.99948794,0.9994607,0.9993637,0.9995314,0.99950457,0.99948573,0.999298,0.9995142,0.9995154,0.999476,0.9994576,0.99929625,0.9995346,0.99947256,0.9995516,0.99956656,0.9994472,0.9995657,0.99942625,0.9994154,0.9994103,0.99954575,0.9995175,0.9995316,0.9994953,0.9995497,0.99951,0.99930596,0.9994731,0.99948543,0.99911076,0.9994349,0.99951714,0.9995456,0.99955785,0.99944735,0.9995868,0.99939924,0.99954814,0.99954563,0.9995668,0.99955755,0.99953216,0.9994166,0.99951005,0.9994909,0.9995507,0.9994712,0.9993483,0.99933296,0.99934185,0.9995146,0.99948543,0.99933213,0.9994679,0.9994684,0.9995103,0.9995391,0.99950755,0.9995751,0.9993976,0.9995654,0.99929667,0.9995494,0.9995706,0.9996011,0.9994644,0.9995013,0.99950767,0.9995686,0.99947035,0.9995576,0.99956036,0.99960965,0.99948376,0.999548,0.9994496,0.9995394,0.9995671,0.9995189,0.9994575,0.9995254,0.9995785,0.99951226,0.99946374,0.9995164,0.99927586,0.9994172,0.9994572,0.99948883,0.9995614,0.9994395,0.9995243,0.9995971,0.9995512,0.99967533,0.9995414,0.9994319,0.99949396,0.9996523,0.9994183,0.99952763,0.9995595,0.99949574,0.9995742,0.999565,0.99949104,0.99943626,0.99933374,0.9995593,0.9996057,0.99962336,0.99950534,0.9993246,0.9995711,0.9993737,0.99957013,0.999475,0.99940544,0.99954337,0.99932575,0.9995344,0.99945134,0.99952626,0.9994629,0.9995317,0.9993816,0.99954003,0.99952304,0.99952865,0.9995791,0.9994837,0.9994747,0.9994352,0.99947035,0.9994586,0.9994564,0.99945605,0.9994869,0.99937433,0.999388,0.99951506,0.9995243,0.99953216,0.9994462,0.9995415,0.9996122,0.99959743,0.99953353,0.9995551,0.99960613,0.9995495,0.99953645,0.9994314,0.99948204,0.9994607,0.9995156,0.9994298,0.99959487,0.99948823,0.9994213,0.9995481,0.99927664,0.999505,0.9994595,0.9995209,0.9994116,0.9995367,0.9994576,0.9995155,0.9994721,0.99952847,0.99919057,0.9994804,0.9995246,0.9995262,0.99958104,0.99955034,0.99948597,0.99943614,0.9996283,0.9995083,0.9995351,0.99933517,0.99939275,0.9995107,0.99945605,0.999513,0.99949825,0.9995599,0.999387,0.999472,0.999435,0.9995274,0.99944603,0.99954903,0.99955744,0.99958885,0.99951226,0.9995441,0.9995018,0.9994473,0.9995442,0.9991811,0.9994506,0.99960524,0.9995965,0.99949354,0.9995911,0.9995415,0.99949855,0.99952334,0.99946105,0.9994395,0.9995109,0.9996271,0.9994637,0.99952775,0.9994138,0.99947023,0.99954057,0.99945825,0.9994515,0.9994878,0.99922806,0.999563,0.999465,0.99946564,0.9995288,0.9994844,0.9994404,0.99942523,0.99944365,0.9994089,0.9994505,0.99948347,0.9995744,0.99946356,0.99945176,0.999543,0.99924344,0.99925226,0.99933755
ipip19,0.9996022,0.9994539,0.99950093,0.99941367,0.99951065,0.9994627,0.9995879,0.99945194,0.99964434,0.99941564,0.99940443,0.99952465,0.9995096,0.99942845,0.99939907,0.9994429,0.9995413,0.9994566,0.9995455,0.9995334,0.9995616,0.99950844,0.99956906,0.9995794,0.9994736,0.9994868,0.9994914,0.9995602,0.99947095,0.9994711,0.9999971,0.99956673,0.9994251,0.9995825,0.9996056,0.9994994,0.9995222,0.99957967,0.9995294,0.99957937,0.99940586,0.99946195,0.99954647,0.9994142,0.9994327,0.9995177,0.99951,0.9993905,0.9995263,0.99944,0.99948627,0.99924433,0.99949306,0.99945873,0.99939066,0.9994691,0.9992648,0.9994488,0.9994119,0.99955386,0.9995882,0.9994817,0.9996111,0.9995379,0.99944884,0.9994471,0.9995616,0.9995367,0.9995567,0.99940664,0.9996172,0.9995229,0.999371,0.9995149,0.9994572,0.9990052,0.999346,0.99947816,0.9996293,0.999657,0.99946934,0.9996109,0.999337,0.9995786,0.9995072,0.99959415,0.9995407,0.9994575,0.9993755,0.99949783,0.9994727,0.99958587,0.99947894,0.99929667,0.999276,0.999296,0.99956775,0.9995351,0.999285,0.9992713,0.999466,0.99965656,0.9995355,0.99950874,0.9995395,0.9993484,0.9994839,0.9993337,0.9995515,0.9995721,0.99961495,0.9994478,0.99946755,0.9994701,0.99957895,0.9994861,0.99956995,0.99956805,0.9995932,0.9994932,0.9996585,0.9995254,0.99961126,0.9996249,0.999536,0.9997106,0.9995237,0.99948627,0.9995078,0.99941015,0.9995612,0.9992089,0.9994343,0.99940914,0.99953085,0.9995673,0.9994903,0.9995054,0.99960274,0.99960846,0.9996057,0.99955803,0.9994759,0.9995621,0.99954706,0.99934083,0.99955434,0.9995827,0.9994104,0.9995295,0.9996629,0.9995876,0.9993168,0.9993024,0.99964803,0.99957097,0.9995233,0.99955946,0.99930584,0.99960595,0.9993946,0.9996409,0.99953467,0.99953955,0.99960756,0.9992983,0.99955153,0.99949497,0.9995962,0.99949527,0.9995956,0.9993725,0.99959517,0.99960744,0.99979913,0.999586,0.9995176,0.99948424,0.9995162,0.9995873,0.9994186,0.9997042,0.9995624,0.9997145,0.99933904,0.9995055,0.9996244,0.99966216,0.99967146,0.9995198,0.9995744,0.999665,0.9996466,0.9998069,0.99961096,0.9996613,0.9995964,0.99954724,0.99951154,0.9994816,0.9995063,0.9995623,0.99939513,0.99962354,0.999557,0.9995837,0.9997862,0.9992866,0.99949855,0.9994294,0.9994871,0.99941003,0.9997264,0.99960214,0.99958444,0.9995126,0.9995039,0.9990861,0.99944514,0.99950373,0.9995775,0.99955916,0.99968046,0.9995857,0.9993111,0.99961,0.9996257,0.9995905,0.9992867,0.9994261,0.99956197,0.99954456,0.9995854,0.9995449,0.9996464,0.9995034,0.99957055,0.9994666,0.999578,0.99943966,0.9995175,0.99943376,0.999611,0.9994643,0.99951524,0.99953395,0.9993937,0.9996056,0.9991704,0.99946535,0.99956363,0.99956656,0.9994021,0.99955744,0.99946916,0.9995128,0.9995031,0.9995584,0.99937975,0.9995327,0.99964017,0.99962085,0.99945205,0.99934494,0.999457,0.99956334,0.99947625,0.9995656,0.99948454,0.9992421,0.99959666,0.9994155,0.9996127,0.9995478,0.9995827,0.9994595,0.9994628,0.99955106,0.99944127,0.9994794,0.999526,0.9995458,0.99950254,0.9994865,0.9995319,0.9991541,0.9990894,0.9993274
ipip49,0.9996144,0.9994695,0.9995109,0.99942106,0.999551,0.99950224,0.99969965,0.99953884,0.9996943,0.9994429,0.9995143,0.9995629,0.999561,0.99943465,0.9994824,0.9995159,0.9995875,0.99948865,0.9995964,0.9996016,0.99956614,0.9995469,0.9996434,0.9996241,0.99948126,0.9995722,0.99951154,0.99962103,0.99956274,0.99955124,0.99956673,0.9999981,0.9995414,0.9996078,0.9996761,0.99962187,0.9996358,0.9996713,0.99959564,0.9996531,0.9995682,0.9996822,0.99948126,0.9994554,0.9994525,0.99955904,0.99951595,0.99944633,0.99956536,0.999473,0.9995561,0.9992661,0.99959856,0.999545,0.99948305,0.9995632,0.9993335,0.99957615,0.99948806,0.999862,0.9996367,0.99950814,0.9996467,0.9995163,0.99947405,0.99951464,0.99965686,0.9997367,0.9995831,0.9996314,0.99968624,0.9996298,0.99937737,0.99960446,0.9994832,0.9990977,0.9994415,0.99953526,0.9996725,0.9997085,0.9995223,0.99965775,0.9994147,0.99960464,0.9995651,0.9996491,0.99962825,0.9995119,0.99939907,0.9995695,0.99950933,0.9996074,0.9995456,0.99932826,0.99925214,0.9992996,0.9996125,0.99959034,0.999328,0.999326,0.9995301,0.9996082,0.9995897,0.99955297,0.99957675,0.99951154,0.9995613,0.9994245,0.9997109,0.9996845,0.9997328,0.99945706,0.99949396,0.9995345,0.9996511,0.9995389,0.9996332,0.9996183,0.9996349,0.99955016,0.999623,0.99949014,0.9996492,0.99963266,0.99957365,0.9995361,0.9996677,0.9996824,0.99958056,0.9994885,0.9996791,0.9992556,0.9994789,0.99942654,0.99966174,0.99963963,0.999518,0.99979573,0.99976027,0.9996551,0.9996505,0.9996114,0.9995518,0.99959797,0.99958354,0.9994004,0.99959177,0.9996124,0.99966174,0.9996044,0.99964845,0.99954957,0.99934447,0.99942154,0.99966305,0.9995934,0.99958044,0.9996033,0.99931407,0.9996701,0.99944687,0.99967664,0.9995332,0.9995398,0.9996534,0.99944824,0.999744,0.99951136,0.9995886,0.99951524,0.99966955,0.99939966,0.9996321,0.9995798,0.99964446,0.9996381,0.9996163,0.9995912,0.99960524,0.9996241,0.99947625,0.9995573,0.99951243,0.9995947,0.9994766,0.9994809,0.9996536,0.9996712,0.99966455,0.99953306,0.99966174,0.9996945,0.99967206,0.99966514,0.99963605,0.9997111,0.99965495,0.99971193,0.9994997,0.99956685,0.99958926,0.99964964,0.99948967,0.9996562,0.9995984,0.999535,0.99971235,0.999356,0.9996647,0.99955934,0.99959934,0.9995251,0.9996726,0.99960494,0.9996706,0.9996054,0.9995861,0.99927086,0.99952257,0.9995909,0.99966544,0.9996196,0.9996835,0.9996424,0.99942213,0.9997073,0.9996901,0.9996676,0.99950284,0.99967426,0.99965346,0.99956006,0.9997158,0.99964726,0.9996809,0.9995208,0.9995824,0.99954134,0.99967694,0.99949783,0.9995551,0.9995106,0.9996887,0.9995987,0.9995619,0.99966156,0.9994722,0.99968773,0.9992109,0.9995512,0.99975836,0.9997639,0.999638,0.9997823,0.9996813,0.99959886,0.99956167,0.9995704,0.99946165,0.999609,0.99968106,0.99952435,0.9995758,0.9994249,0.9996389,0.9996426,0.9995534,0.99957645,0.9995669,0.99930996,0.9997761,0.99973196,0.9995375,0.99971604,0.9995879,0.9995758,0.99955654,0.999544,0.99956024,0.99954784,0.9996062,0.9997378,0.9996439,0.9995799,0.9996821,0.9992243,0.9992049,0.999402
ipip79,0.9994225,0.999328,0.99935037,0.99928236,0.9993902,0.9993645,0.99949,0.99939317,0.99953765,0.99930805,0.99937266,0.99939185,0.9994214,0.9992993,0.999294,0.9993717,0.99943763,0.99941903,0.9994366,0.9994474,0.99939746,0.99935997,0.99948245,0.99945015,0.99928635,0.99941456,0.9993452,0.99945647,0.9993714,0.9993959,0.9994251,0.9995414,0.999998,0.9994103,0.99951667,0.9994248,0.9994646,0.9995056,0.99941677,0.9994436,0.9994844,0.99956393,0.9993619,0.99942476,0.999307,0.999417,0.9993486,0.9992821,0.9994618,0.9993389,0.99939394,0.99918586,0.99940056,0.999344,0.99931294,0.99943274,0.99915075,0.99949455,0.9993147,0.99953353,0.99942404,0.9993274,0.9994578,0.9993585,0.999276,0.9993104,0.9994511,0.9994316,0.9994188,0.99933386,0.9994874,0.99944884,0.99927384,0.99941105,0.99931264,0.9989559,0.99927044,0.9993667,0.9995015,0.99949306,0.99934363,0.9994591,0.9992463,0.9994362,0.9993644,0.9994528,0.9994204,0.99933803,0.99928576,0.9994089,0.9993412,0.99944216,0.9993372,0.99919474,0.9991633,0.9991732,0.9994552,0.9994016,0.99917746,0.9992047,0.9993537,0.99942863,0.9994154,0.9993828,0.999391,0.99929506,0.9994106,0.9992847,0.9994543,0.99947524,0.9995236,0.99931204,0.9993415,0.9993693,0.99948025,0.9993883,0.99949634,0.99944913,0.9994602,0.9993855,0.999411,0.99930465,0.9994703,0.9994613,0.99939024,0.9993988,0.99947757,0.99942386,0.99938047,0.99931437,0.9994647,0.99911284,0.9993194,0.99926144,0.99946976,0.9994407,0.99934405,0.9995025,0.9995217,0.9994414,0.99946797,0.9994117,0.99932635,0.9994228,0.99939746,0.9992638,0.99940467,0.99944526,0.9994822,0.9994335,0.99947137,0.9993848,0.99917495,0.9991591,0.9994527,0.99943393,0.9994132,0.99941397,0.9992002,0.99946076,0.99929786,0.99951416,0.99942964,0.9993614,0.99944466,0.9992689,0.9995396,0.99930716,0.9994249,0.9993508,0.9994895,0.99923533,0.9994632,0.99941504,0.9994611,0.999499,0.99946684,0.9994589,0.99942607,0.99940526,0.999321,0.9993928,0.999325,0.9994069,0.999284,0.99927425,0.99943084,0.9994638,0.9994635,0.99935037,0.9994327,0.9995047,0.9994899,0.9994847,0.9994563,0.99957055,0.9994843,0.999529,0.99933076,0.99937916,0.99935514,0.99949497,0.99933404,0.9994979,0.99943316,0.9993931,0.9995131,0.99928945,0.9994587,0.9994573,0.99939185,0.999372,0.99949867,0.99938595,0.99944365,0.9993579,0.9994028,0.99910855,0.9993791,0.99937505,0.9994886,0.99947286,0.9994363,0.99936616,0.9992356,0.9995096,0.9994857,0.99944514,0.99923265,0.99933255,0.9994296,0.9993877,0.9994187,0.9994169,0.9994644,0.9993092,0.99936736,0.9993445,0.9994906,0.9993196,0.9993727,0.999311,0.9994953,0.9993484,0.9993795,0.99939513,0.9993115,0.9994792,0.9990603,0.9993439,0.9995256,0.99953806,0.9994069,0.9995299,0.99942917,0.99936503,0.99938065,0.9993988,0.99928504,0.99940056,0.9994913,0.9993262,0.9993522,0.9991943,0.99939847,0.99945587,0.9993774,0.99937826,0.99940866,0.9991548,0.9995672,0.999493,0.999385,0.9995391,0.9994072,0.99935734,0.99937487,0.99933773,0.99926466,0.99937594,0.9994079,0.99950475,0.999373,0.99940586,0.99945146,0.9990689,0.9990887,0.9992416
ipip109,0.99959534,0.99948454,0.9994791,0.99941814,0.999576,0.9994888,0.9996367,0.9995379,0.99963856,0.99943393,0.99944896,0.999569,0.9995623,0.99947304,0.9994681,0.999498,0.9995966,0.99947196,0.99961984,0.99958247,0.99955463,0.9995685,0.999588,0.9996091,0.99971926,0.9995602,0.99946314,0.9995741,0.9995551,0.99950886,0.9995825,0.9996078,0.9994103,0.99999684,0.99966383,0.99959296,0.9996181,0.99968594,0.9996075,0.99972427,0.9993793,0.9995069,0.9995481,0.9994567,0.9994435,0.99955827,0.99972284,0.99949974,0.99962664,0.99946237,0.99954975,0.99921536,0.9995346,0.9995116,0.9993584,0.9994888,0.9993758,0.9994587,0.9994578,0.999591,0.9996354,0.99951404,0.9996618,0.99958265,0.9995192,0.9995082,0.999636,0.9995777,0.9996872,0.99948615,0.9996725,0.99959165,0.9993617,0.9995539,0.9994994,0.9990303,0.9994837,0.99958086,0.99955547,0.9995896,0.9995153,0.9996955,0.9994405,0.99965596,0.99960923,0.9996657,0.9996384,0.999468,0.999389,0.9995735,0.999519,0.99965423,0.9995503,0.9993513,0.99925596,0.9993257,0.9996182,0.9994864,0.99927175,0.9993506,0.99948466,0.99962544,0.9995694,0.99959373,0.9996211,0.9993464,0.9995566,0.9994325,0.99966264,0.9996425,0.99966264,0.9995344,0.9995322,0.9995221,0.9996763,0.99954474,0.9996376,0.9996596,0.9996491,0.9995565,0.9996191,0.9994747,0.9995737,0.9996074,0.9995711,0.9995007,0.99953717,0.99954367,0.99944973,0.99944675,0.9996491,0.99927974,0.9994558,0.99941146,0.99960583,0.999563,0.9994957,0.99955267,0.9996543,0.9996599,0.99968874,0.9996038,0.9994561,0.99960095,0.99962485,0.99932414,0.9996293,0.9997133,0.99939954,0.99961793,0.9996661,0.9995867,0.99942774,0.9993409,0.9997132,0.99956995,0.9995804,0.9996154,0.9992946,0.9996971,0.9994331,0.99967676,0.9995936,0.9994901,0.99965835,0.9993386,0.99962443,0.9997358,0.99962854,0.9995151,0.9996413,0.99944293,0.99965435,0.9996223,0.99961746,0.99961054,0.99955696,0.99954003,0.9995293,0.99954164,0.9994416,0.999451,0.99950206,0.9995057,0.9993165,0.9994331,0.9996381,0.9996377,0.9996344,0.9995478,0.99966854,0.99962133,0.99961954,0.9996082,0.9996854,0.9996654,0.999651,0.9996091,0.9995089,0.9997004,0.999691,0.99962276,0.9994714,0.9996306,0.99954855,0.9995279,0.999677,0.9992956,0.99948055,0.9994315,0.99949783,0.99953824,0.9996092,0.9995419,0.99951303,0.99954647,0.99956876,0.9991384,0.9995017,0.99960744,0.9996327,0.99957746,0.99962085,0.9996515,0.99933434,0.999667,0.9996331,0.9995754,0.999263,0.9994454,0.9995844,0.99952996,0.99963313,0.99961334,0.9996458,0.9994653,0.99984825,0.9995488,0.999641,0.9994626,0.9995977,0.9995,0.999658,0.9996097,0.99949914,0.99965334,0.9994815,0.99966955,0.99913514,0.9995264,0.9996226,0.99962837,0.9994514,0.9996151,0.99951583,0.999612,0.99954027,0.9995806,0.99945134,0.99960047,0.9996287,0.99944824,0.9995191,0.9993796,0.99944687,0.99957454,0.99951243,0.99958664,0.99952143,0.99923027,0.9996444,0.9994704,0.9995997,0.99960554,0.99959457,0.99953,0.9995099,0.99982035,0.99946445,0.9995303,0.9995147,0.99960256,0.9996171,0.9994833,0.99956435,0.99923533,0.99915767,0.9993947
ipip139,0.99973804,0.99958056,0.99963367,0.9995043,0.9996477,0.99953055,0.9997707,0.9996249,0.9996862,0.9995171,0.99951136,0.9996441,0.9996183,0.9995467,0.99942106,0.9995918,0.9996804,0.99956137,0.99969715,0.99975264,0.99962825,0.99962586,0.99964494,0.9996378,0.9994911,0.9996793,0.9995182,0.9996702,0.9996275,0.9995904,0.9996056,0.9996761,0.99951667,0.99966383,0.9999976,0.99960285,0.9997467,0.9998358,0.99967057,0.99970543,0.99945974,0.999603,0.9995262,0.99953485,0.9994782,0.99962807,0.9995522,0.9994703,0.99970466,0.99953496,0.99963367,0.99927974,0.99965906,0.99958396,0.99937594,0.99953103,0.9993904,0.99950635,0.999549,0.99963677,0.9997128,0.9995337,0.99970263,0.99955636,0.9995173,0.99945754,0.9997549,0.99966407,0.99960583,0.9995463,0.9997338,0.99961174,0.9993575,0.99960375,0.999542,0.99905986,0.99946564,0.99960274,0.99957246,0.999613,0.99955094,0.99973917,0.99947053,0.99973875,0.9996709,0.999796,0.99973786,0.9995529,0.9995227,0.9997236,0.99954706,0.9996961,0.99960023,0.999383,0.999317,0.9993816,0.9996926,0.99948186,0.9993079,0.9993116,0.9995441,0.999652,0.9996391,0.99956584,0.9996567,0.99932986,0.9996363,0.999365,0.9996295,0.9997805,0.9997971,0.99955213,0.9995746,0.9995842,0.9997314,0.9995542,0.99971944,0.99971217,0.99973345,0.99955773,0.99967057,0.99954337,0.99963915,0.99970084,0.9996879,0.99951136,0.99961007,0.9996635,0.99945563,0.99954826,0.99967223,0.9993036,0.99946165,0.9995046,0.99965227,0.9996178,0.9995079,0.99962866,0.9997687,0.99970955,0.999742,0.9996672,0.9995477,0.9996717,0.9996541,0.99944836,0.9996463,0.99962735,0.999489,0.9996978,0.99966925,0.9995518,0.9993516,0.9993306,0.999764,0.9995661,0.9995567,0.9995946,0.9993444,0.9997583,0.99943334,0.99972636,0.999655,0.99947065,0.9997368,0.99937344,0.999694,0.9994999,0.99970144,0.99958944,0.99970174,0.9994486,0.9997691,0.99971366,0.9996182,0.99972665,0.99965507,0.99960667,0.99955124,0.9995733,0.9994788,0.9994756,0.9995252,0.99953353,0.9993977,0.99951625,0.9996652,0.9996838,0.99967504,0.9995096,0.9997051,0.9996995,0.9996987,0.99963295,0.99968886,0.999773,0.9996814,0.99972254,0.9994807,0.9995453,0.99961853,0.9996778,0.99945295,0.99970144,0.99957424,0.9994982,0.9997202,0.99932134,0.9995333,0.9994865,0.99953455,0.99961334,0.99963605,0.99955994,0.9995278,0.9995418,0.99960697,0.99918836,0.9995845,0.9996318,0.9996602,0.99967164,0.9997173,0.99957937,0.9993633,0.9997564,0.99971807,0.9996359,0.9992686,0.99945533,0.9996155,0.9995971,0.99964607,0.99960256,0.9997405,0.99949133,0.99961317,0.9995576,0.99968535,0.99948376,0.9996588,0.9995627,0.99976426,0.9994836,0.9995779,0.99960244,0.9995112,0.99972445,0.99921787,0.9995428,0.99965334,0.99965876,0.99946636,0.9996542,0.9995469,0.99961483,0.99962777,0.9995929,0.99950314,0.99963105,0.99970627,0.9994563,0.9995584,0.999394,0.9995446,0.9996574,0.9995529,0.9995587,0.9995559,0.9992411,0.99974847,0.9995224,0.99957514,0.99968696,0.99959016,0.999556,0.99954164,0.9995974,0.99943155,0.9995809,0.99950963,0.99973464,0.9995719,0.9994834,0.99965286,0.999263,0.9992023,0.99947023
ipip169,0.9995548,0.99945223,0.9994748,0.9994203,0.99958444,0.9994986,0.99959075,0.9994552,0.9995689,0.9994282,0.9994336,0.999551,0.99949986,0.9994239,0.9994308,0.999466,0.9995254,0.9994249,0.999557,0.9995201,0.9995268,0.99948263,0.99972445,0.99952424,0.99951905,0.9994929,0.999435,0.99951744,0.99946374,0.9994481,0.9994994,0.99962187,0.9994248,0.99959296,0.99960285,0.9999967,0.9995411,0.99961334,0.9995365,0.99960876,0.99942726,0.9995416,0.999499,0.9993905,0.99941015,0.9995686,0.9995307,0.99944204,0.9995542,0.9994263,0.99953943,0.999202,0.9995922,0.9994347,0.9993736,0.9995184,0.9993809,0.9994647,0.9994571,0.99960226,0.9995936,0.99947923,0.9995921,0.9994942,0.9994681,0.9994747,0.99955606,0.9995592,0.999507,0.99946123,0.99976546,0.9997105,0.99939007,0.99968684,0.9994803,0.99901724,0.99940133,0.99949425,0.9995458,0.999581,0.99949884,0.9996009,0.9993715,0.9995747,0.9995716,0.99961895,0.9995419,0.99942213,0.99937046,0.99951315,0.9995381,0.9995927,0.99951917,0.999299,0.9992217,0.9992284,0.999642,0.99941593,0.99923134,0.99926734,0.9994531,0.9995625,0.99953914,0.99951786,0.99956167,0.9993457,0.99950373,0.9993941,0.9995553,0.9995865,0.9996528,0.99945146,0.99950486,0.9994663,0.9995911,0.9996302,0.9995693,0.99963963,0.9995667,0.9995322,0.9995681,0.9994227,0.9995601,0.99954927,0.9995443,0.9993947,0.9995069,0.9995304,0.9994643,0.9993407,0.99980366,0.9992657,0.9995967,0.99937254,0.9997703,0.9996435,0.9994838,0.9996172,0.9996495,0.99964935,0.9996257,0.99954295,0.99941784,0.999566,0.99956834,0.99929774,0.9995534,0.99954164,0.99945676,0.9995003,0.99957085,0.99952346,0.9994115,0.99927443,0.99962664,0.99969506,0.999695,0.9997414,0.99926156,0.9995841,0.999598,0.9997624,0.99955064,0.99951935,0.9996975,0.9993614,0.9996593,0.9995533,0.99958056,0.9994936,0.99975467,0.99941385,0.99961054,0.9995781,0.99954176,0.99957305,0.9995229,0.9995283,0.99949676,0.99947774,0.9993822,0.99942195,0.9994243,0.9994919,0.9993263,0.9994095,0.9995348,0.999539,0.99954206,0.9994526,0.99956685,0.9995865,0.9995904,0.9995412,0.99958694,0.99963063,0.9995766,0.9996099,0.99941856,0.9995033,0.99951065,0.9995542,0.9994078,0.99958783,0.9995285,0.9995011,0.9995807,0.99923736,0.9994708,0.9993798,0.9994911,0.9994293,0.9995345,0.99951994,0.9995014,0.9994588,0.9995448,0.9991156,0.99945545,0.9995687,0.9998094,0.9995511,0.99957985,0.99953544,0.99930817,0.99962854,0.9995696,0.9995326,0.99921614,0.9994044,0.99951625,0.9994816,0.99960476,0.99956894,0.99959534,0.99942034,0.99957687,0.9996955,0.99977016,0.99962723,0.99961054,0.9994815,0.9996173,0.9994679,0.9995105,0.9995285,0.9995507,0.99977374,0.99920285,0.9997221,0.99966407,0.9996636,0.99952555,0.999679,0.9996163,0.9995111,0.9994625,0.9996149,0.99950254,0.9995442,0.99959743,0.9993877,0.99946404,0.99931943,0.999482,0.99965537,0.9997016,0.99960065,0.99967366,0.9993492,0.9996877,0.9995532,0.9995517,0.99963784,0.99956375,0.9996872,0.999722,0.999561,0.99944943,0.9996615,0.9995349,0.9996401,0.9995133,0.9995145,0.999577,0.9992338,0.999205,0.99939996
ipip199,0.99964845,0.99949116,0.9995672,0.99942976,0.9995615,0.99945587,0.9997093,0.99956185,0.99960995,0.9994538,0.9994871,0.9995334,0.9995988,0.9994746,0.99936503,0.99958396,0.9996621,0.9995381,0.99965453,0.9996297,0.9995862,0.9995328,0.99959195,0.9995826,0.99942195,0.99965847,0.99945164,0.999656,0.999605,0.99953115,0.9995222,0.9996358,0.9994646,0.9996181,0.9997467,0.9995411,0.999998,0.99983275,0.9996554,0.9996564,0.99942726,0.999577,0.99945205,0.9994879,0.99943626,0.9995518,0.99947256,0.99940354,0.99964845,0.9995062,0.9995513,0.99925876,0.9995457,0.99955344,0.99931973,0.99951464,0.99931794,0.99950695,0.9994822,0.99960387,0.999631,0.9994789,0.99961835,0.99944365,0.99945706,0.9994164,0.9996924,0.99960256,0.99949956,0.9995042,0.99962765,0.9995642,0.9993079,0.999517,0.9994688,0.9991156,0.9994976,0.9995872,0.9995282,0.99953634,0.9994568,0.9996571,0.9994458,0.99965674,0.9996083,0.99968374,0.99967813,0.9995211,0.99940425,0.99961865,0.99948317,0.999643,0.999519,0.9993338,0.99925923,0.9993773,0.99960536,0.9994315,0.9992933,0.99931186,0.99954516,0.9995466,0.9995809,0.9995271,0.9995648,0.9993277,0.9995975,0.9993028,0.99958736,0.99967736,0.9996774,0.9994756,0.9994652,0.99959236,0.99973005,0.99950695,0.99969673,0.9996762,0.99968255,0.9995211,0.99963564,0.9995252,0.9996103,0.99962354,0.99965835,0.99947685,0.99960536,0.999609,0.9993819,0.99955094,0.9996016,0.9993519,0.9994086,0.99942744,0.99958813,0.9995534,0.9994461,0.9995757,0.9996808,0.99960935,0.9996496,0.9996036,0.99951595,0.9995705,0.99959266,0.99939686,0.99956125,0.9995478,0.9994561,0.9996523,0.9995996,0.9994887,0.9993231,0.99927115,0.99968606,0.9995148,0.9995076,0.99951935,0.99932206,0.99970835,0.9994157,0.9996649,0.99963486,0.99939984,0.99961954,0.99933714,0.99967575,0.9994331,0.99961877,0.9995728,0.9996229,0.99940705,0.9997494,0.9996225,0.9995503,0.99965775,0.9996524,0.9995677,0.99953705,0.9996393,0.9994832,0.9994425,0.9995041,0.9994798,0.9993881,0.9994246,0.9997719,0.99973744,0.9997497,0.999523,0.99977946,0.99967545,0.9996875,0.99957764,0.9996427,0.9997082,0.9996638,0.99967235,0.9994763,0.9995119,0.9996199,0.99965054,0.9994412,0.9996278,0.9995185,0.9994436,0.9996847,0.9992992,0.99952006,0.99947834,0.99952507,0.99959767,0.999567,0.9994594,0.99947435,0.99952334,0.9996375,0.9992452,0.9995917,0.9996362,0.9996011,0.99961734,0.99964154,0.99954385,0.99934214,0.999685,0.99973965,0.99962646,0.9993157,0.9993977,0.9996448,0.99954426,0.9995546,0.9995543,0.9996312,0.99948573,0.99953777,0.99948865,0.99962777,0.99944264,0.9996005,0.9995291,0.9996726,0.99944067,0.9995233,0.9995442,0.9994336,0.9996425,0.99916524,0.99947035,0.9995981,0.9996018,0.9994459,0.9996047,0.9995213,0.9996252,0.9995947,0.99951416,0.99944234,0.99955684,0.999661,0.9994349,0.9995717,0.9994055,0.9995443,0.9995343,0.99948096,0.99946594,0.999477,0.99917144,0.99966073,0.99946815,0.9994853,0.9996058,0.99949425,0.9994724,0.9994726,0.9994971,0.99937713,0.99950475,0.9994302,0.99962795,0.9995074,0.9994052,0.99959415,0.9991683,0.99918574,0.9993901
ipip229,0.9997131,0.9995508,0.9996097,0.9994957,0.99963,0.99950904,0.99977535,0.9996128,0.9996649,0.9995244,0.9995437,0.9996003,0.99966055,0.999546,0.9994286,0.9996259,0.9996998,0.99957836,0.9997099,0.9997174,0.99964386,0.9996023,0.999642,0.9996243,0.99950427,0.999719,0.9995217,0.99969584,0.99962157,0.99956983,0.99957967,0.9996713,0.9995056,0.99968594,0.9998358,0.99961334,0.99983275,0.99999714,0.999706,0.99971914,0.9994527,0.9996065,0.99951714,0.9995233,0.99948496,0.99962586,0.9995433,0.9994546,0.9997229,0.99952644,0.9996174,0.99928755,0.9996109,0.999572,0.9993835,0.99952656,0.9993857,0.99951476,0.9995307,0.9996613,0.99969876,0.99951327,0.99968725,0.9995139,0.9995079,0.9994594,0.9997415,0.99966574,0.9995815,0.9995512,0.9997128,0.99961203,0.9993399,0.99957275,0.9995045,0.9990576,0.9994942,0.9996068,0.9995741,0.9996016,0.9995222,0.99971765,0.99946636,0.9997168,0.9996372,0.999768,0.9997186,0.99954337,0.9994559,0.9996943,0.9995222,0.9996859,0.9995767,0.99934846,0.9992634,0.9993466,0.9996988,0.99947953,0.99929935,0.99933475,0.99954605,0.99962145,0.9996166,0.99956065,0.9996318,0.9993279,0.99963903,0.99936897,0.9996171,0.9997454,0.9997648,0.999543,0.9995151,0.99958265,0.999743,0.99953467,0.99970746,0.999729,0.9997252,0.9995399,0.9996886,0.9995441,0.9996377,0.99967104,0.99972725,0.9995021,0.999599,0.9996446,0.9994532,0.9995507,0.99967325,0.9993163,0.9994481,0.9994577,0.99966663,0.999601,0.9995189,0.9996292,0.9997458,0.999699,0.9997164,0.9996421,0.9995386,0.9996616,0.9996391,0.99938434,0.99962544,0.99961233,0.99948514,0.99965805,0.9996494,0.99952793,0.9993443,0.99929756,0.999749,0.9995489,0.99953854,0.99958736,0.999328,0.9997463,0.9994245,0.99973136,0.9996616,0.99946976,0.999735,0.99939996,0.9996973,0.999491,0.99968535,0.99959654,0.99969804,0.99942285,0.9997718,0.9997245,0.999631,0.99973136,0.9996482,0.99960285,0.99955016,0.99958193,0.9994536,0.9994864,0.9995139,0.99952817,0.99939895,0.9994716,0.99969995,0.9997009,0.9996972,0.99951994,0.99972796,0.9996971,0.9996956,0.99963844,0.9996794,0.999763,0.9996889,0.99974555,0.9994992,0.999577,0.99963,0.9996939,0.9994625,0.9996928,0.99956733,0.99950105,0.99972147,0.9992981,0.9995312,0.9994767,0.9995426,0.999589,0.9996455,0.99952304,0.999524,0.9995295,0.99961555,0.99919224,0.9995998,0.9996578,0.99965817,0.9996519,0.99969286,0.9995943,0.9993655,0.99975324,0.9997224,0.99961317,0.9992798,0.99943393,0.99960554,0.99956375,0.99962837,0.99960965,0.9997068,0.9994731,0.99960977,0.9995558,0.99969,0.999464,0.9996663,0.9995476,0.9997493,0.99950033,0.9995499,0.9996073,0.9994884,0.9997266,0.99921125,0.9995354,0.999666,0.99967676,0.99947816,0.99966,0.99956423,0.99961734,0.99962384,0.9995807,0.9994949,0.9996292,0.9996954,0.9994613,0.9995649,0.9993908,0.99956447,0.9996053,0.9995432,0.99954516,0.9995293,0.9992082,0.99972725,0.9995127,0.9995577,0.9996771,0.9995607,0.99953955,0.9995256,0.99959415,0.9994159,0.9995639,0.9995163,0.99970907,0.9995615,0.99948865,0.99963665,0.99922085,0.99920404,0.9994436
ipip259,0.99959993,0.99950266,0.9995048,0.9994244,0.99953216,0.9994764,0.99963784,0.9995605,0.99961525,0.99944854,0.999455,0.99955803,0.9996091,0.99952525,0.9994625,0.999584,0.99961346,0.99950844,0.9996583,0.9996242,0.99957705,0.9995553,0.9995844,0.9995863,0.9994721,0.99962056,0.9994676,0.9996021,0.99962395,0.99955356,0.9995294,0.99959564,0.99941677,0.9996075,0.99967057,0.9995365,0.9996554,0.999706,0.9999972,0.99966663,0.9994082,0.9995021,0.99946666,0.99941605,0.99946016,0.99951416,0.9994902,0.9994206,0.99959433,0.9994974,0.9995376,0.9993144,0.99951494,0.99955255,0.99938637,0.9994804,0.9994514,0.99951506,0.9994829,0.9995906,0.9996317,0.99947196,0.99961627,0.99949914,0.99951404,0.99949926,0.9996157,0.9995671,0.9995388,0.99951196,0.9996233,0.9995831,0.99934614,0.9995142,0.999506,0.99913883,0.99947906,0.99957967,0.99955106,0.9995694,0.9995043,0.99965787,0.9994254,0.9996115,0.99958307,0.99963915,0.9996192,0.99961483,0.99943924,0.99954987,0.99953747,0.9996078,0.99952954,0.99933636,0.9992911,0.9993079,0.99958503,0.9994738,0.9993468,0.99933106,0.9995784,0.999591,0.99959373,0.9996817,0.9996167,0.9994014,0.9995471,0.9993732,0.99958545,0.99962455,0.9996564,0.9994784,0.9995106,0.999528,0.9996266,0.9995189,0.9996291,0.9996261,0.99962264,0.99951524,0.9995827,0.9994947,0.99957734,0.99960256,0.9995864,0.9994863,0.9995737,0.9995738,0.99946046,0.9995022,0.99958146,0.9992911,0.99943906,0.999465,0.9995685,0.99956375,0.99948114,0.99953824,0.9996334,0.9996015,0.99966055,0.9996007,0.9994831,0.99958676,0.99963343,0.99940485,0.9996245,0.99956053,0.9994326,0.9995962,0.9996056,0.9995398,0.9993882,0.9993269,0.99965423,0.999551,0.99953556,0.9995319,0.99932027,0.9996513,0.99940217,0.9996395,0.99955946,0.99944437,0.99962664,0.9993315,0.99957824,0.9995009,0.99957985,0.99952173,0.99959224,0.9994073,0.9996183,0.9996028,0.99956363,0.9995912,0.99956334,0.99953204,0.99949276,0.99959797,0.9995466,0.99947834,0.99946576,0.9995045,0.99937415,0.99942964,0.999671,0.9996777,0.9996812,0.9995278,0.9996516,0.9996467,0.9996494,0.9995793,0.99964106,0.9996386,0.99962467,0.9996043,0.9994985,0.9995134,0.99955356,0.9996057,0.9994383,0.9996003,0.99951726,0.99947697,0.9996395,0.99932307,0.9995055,0.9994385,0.99951994,0.9994844,0.99956876,0.9994934,0.9995025,0.9995387,0.9995535,0.9992059,0.9995481,0.9996168,0.9995808,0.9995615,0.99961215,0.9995696,0.9993583,0.9996417,0.99960566,0.99961215,0.9993254,0.9994073,0.9996306,0.99952346,0.9995675,0.9995782,0.9996418,0.99944896,0.9995452,0.9994876,0.9995873,0.9994967,0.9995898,0.9995344,0.9996081,0.99947166,0.9995425,0.9995389,0.9994342,0.99960726,0.9991737,0.9994723,0.9995964,0.9995928,0.9994593,0.9995984,0.9995142,0.9995633,0.9995789,0.9995199,0.99944526,0.9995816,0.9996379,0.99945307,0.9995104,0.9993703,0.99954087,0.9995429,0.999499,0.9994867,0.9995265,0.99923444,0.9996202,0.99947417,0.99951345,0.99957407,0.9995426,0.99949676,0.9994613,0.99952155,0.99941576,0.9994984,0.99947524,0.99958503,0.9994996,0.9994487,0.9995438,0.9992085,0.9991683,0.99937767
ipip289,0.9996695,0.9995378,0.9995466,0.99946094,0.9996331,0.99952805,0.9997263,0.99958426,0.99966663,0.9994845,0.9994992,0.999625,0.9995716,0.99948716,0.9994448,0.99955106,0.9996198,0.99950266,0.99964994,0.9996268,0.99958277,0.9995608,0.99960446,0.9996199,0.99957734,0.9996185,0.9995085,0.9996008,0.9995891,0.9995515,0.99957937,0.9996531,0.9994436,0.99972427,0.99970543,0.99960876,0.9996564,0.99971914,0.99966663,0.99999774,0.9994337,0.9995628,0.99954724,0.9994722,0.9994709,0.99960506,0.9996302,0.9994951,0.99965245,0.9994919,0.99960834,0.9992842,0.9996006,0.9995484,0.99937063,0.99948937,0.99943674,0.9995032,0.9995021,0.9996114,0.99966186,0.9995199,0.9996789,0.9995738,0.9995074,0.9994904,0.9996672,0.9996246,0.9996277,0.99951446,0.9997004,0.9995977,0.9993437,0.99956775,0.99951595,0.99905264,0.9994984,0.99960256,0.9995532,0.9996032,0.99952185,0.9997292,0.9994807,0.99967647,0.9996482,0.99971265,0.999692,0.9994988,0.99942476,0.99960923,0.99953043,0.99968374,0.9995756,0.999359,0.9992706,0.9993398,0.9996431,0.9994916,0.99931675,0.9993494,0.99951434,0.9996241,0.9995984,0.9995932,0.9996888,0.99934644,0.9996017,0.99939924,0.9996501,0.9997197,0.99971926,0.9995257,0.99957573,0.9995344,0.999697,0.9995353,0.99965596,0.9996689,0.99966234,0.99954367,0.99965453,0.9994829,0.9996051,0.99962246,0.9996049,0.9995004,0.99955565,0.9996021,0.9994539,0.9995084,0.9996705,0.9992736,0.99948204,0.9994346,0.9996539,0.9996013,0.99950016,0.99959606,0.9997126,0.999685,0.99972665,0.99960774,0.9994685,0.999624,0.99965286,0.9993839,0.9996682,0.99966013,0.99944293,0.99973917,0.9996573,0.9995555,0.9994109,0.9993385,0.99969906,0.99957216,0.9995737,0.9996083,0.99935323,0.9996987,0.9994337,0.99969107,0.9995705,0.99948704,0.9996972,0.9993897,0.99965036,0.99959314,0.9996586,0.99954766,0.9996943,0.99945617,0.99968934,0.9996284,0.9996024,0.9996403,0.9996295,0.9996039,0.9995672,0.999569,0.9994924,0.99945694,0.9995207,0.9995047,0.9993932,0.99944806,0.9996808,0.9996686,0.9996681,0.9995565,0.999704,0.9996624,0.99967325,0.99961525,0.99970055,0.9997166,0.99967504,0.9997052,0.9995128,0.999647,0.9996402,0.99967927,0.9994817,0.999664,0.99957514,0.9995367,0.99969256,0.99931896,0.99950725,0.9994583,0.99952674,0.9995153,0.99962646,0.9995369,0.9995029,0.99952626,0.99957824,0.99915284,0.99955636,0.9996495,0.9996521,0.9996001,0.9996556,0.99961156,0.9993571,0.9997167,0.999677,0.99960154,0.9992866,0.99947107,0.9996048,0.99957234,0.99962556,0.9996312,0.9996776,0.9994734,0.999695,0.99954426,0.99968404,0.9994865,0.99965364,0.99955744,0.99971294,0.9995641,0.99953496,0.99963164,0.9995258,0.99970806,0.99916065,0.9995352,0.9996615,0.99966586,0.9995022,0.9996673,0.999558,0.99962264,0.99957263,0.9996131,0.9994744,0.9996073,0.9996638,0.99944264,0.9995262,0.99939257,0.9995134,0.9996056,0.99953675,0.99957085,0.9995422,0.9992639,0.9997134,0.9995217,0.9996097,0.99965745,0.9996157,0.9995292,0.99950254,0.9996631,0.99945194,0.9995599,0.99951535,0.9996636,0.9995833,0.9994884,0.99958646,0.9992567,0.99920756,0.9994411
ipip24,0.99939835,0.9993301,0.99935585,0.99929506,0.9993832,0.999336,0.99949616,0.9994017,0.999518,0.99932027,0.99929947,0.9993972,0.9994429,0.9993571,0.9992837,0.9993474,0.9994597,0.9994171,0.9994365,0.9994617,0.9994673,0.99939126,0.9994929,0.99942946,0.9992715,0.9993995,0.99942243,0.99953324,0.99940944,0.99941397,0.99940586,0.9995682,0.9994844,0.9993793,0.99945974,0.99942726,0.99942726,0.9994527,0.9994082,0.9994337,0.9999978,0.9996617,0.9993814,0.99937564,0.9993491,0.9993961,0.9993642,0.9992656,0.99942696,0.99961877,0.99939555,0.9992759,0.9994736,0.9994337,0.9993814,0.9994757,0.99918133,0.999473,0.99935627,0.99949545,0.99941653,0.99934626,0.99945015,0.99931353,0.99928313,0.99930173,0.9994411,0.99941844,0.999374,0.9993692,0.9994995,0.99946266,0.99928683,0.9994794,0.99936545,0.99905527,0.9993202,0.99938357,0.99952316,0.9995303,0.99931496,0.99943095,0.9992256,0.9993941,0.9993745,0.99943084,0.99939656,0.99940103,0.9993222,0.99937874,0.99936795,0.99939185,0.9993695,0.9992458,0.9992317,0.9992157,0.99938756,0.9994197,0.9992078,0.9992342,0.9993579,0.99940026,0.99939466,0.9993572,0.9993831,0.9993161,0.9993744,0.99921405,0.9994654,0.99946064,0.9995139,0.9992902,0.9993573,0.9993908,0.9994527,0.99942774,0.9994515,0.99940777,0.9994456,0.99939436,0.9994445,0.9993762,0.99952585,0.9995073,0.9994252,0.9994036,0.99959344,0.99952227,0.99941933,0.99937624,0.99950594,0.9991917,0.9995028,0.9993329,0.99949527,0.9995469,0.9993823,0.9995979,0.999584,0.99943507,0.9994494,0.99942863,0.9993519,0.9993905,0.9994235,0.99940634,0.99940187,0.99939996,0.99968535,0.9994396,0.9994506,0.9994173,0.9991994,0.9992222,0.9994391,0.99944395,0.99941903,0.9994608,0.9992394,0.99945045,0.99950296,0.99954885,0.9994163,0.9993055,0.9994329,0.9992944,0.9996155,0.99928427,0.9993992,0.9993575,0.99945027,0.999304,0.9994236,0.9994053,0.9994494,0.99945676,0.9994398,0.99943465,0.99945337,0.9994539,0.99937403,0.99942493,0.9993734,0.9994496,0.99931824,0.9993813,0.99944216,0.9994663,0.99947095,0.9994212,0.9994386,0.9995012,0.9994693,0.9994615,0.99942464,0.99950236,0.9994796,0.9995306,0.9993851,0.9994148,0.9993751,0.99942833,0.9993974,0.9994795,0.99944603,0.999345,0.9995185,0.99927014,0.99947155,0.99959755,0.999472,0.99934506,0.99946326,0.99946386,0.99952435,0.9993603,0.999403,0.9990895,0.9993651,0.9993716,0.99945784,0.99943995,0.9994569,0.9993614,0.9992403,0.9994554,0.99948627,0.9995353,0.9992941,0.99928474,0.9995008,0.99942744,0.9994131,0.99937075,0.999446,0.9993879,0.9993593,0.99938923,0.9994706,0.99940807,0.99937594,0.99935526,0.999452,0.9993726,0.9994284,0.9994281,0.9993319,0.9994626,0.9991831,0.99942034,0.99954087,0.99954355,0.99951154,0.99956805,0.999514,0.999445,0.9994448,0.99938023,0.999369,0.999376,0.99950165,0.9994072,0.999429,0.9993159,0.9994206,0.9995368,0.99941796,0.99935997,0.99942136,0.9992311,0.99960494,0.99955225,0.9994102,0.999569,0.99941915,0.99940014,0.99939215,0.9993108,0.9993245,0.9993949,0.9994342,0.9995526,0.99942094,0.9994075,0.9995135,0.9991099,0.9991681,0.9992498
ipip54,0.9995641,0.9994486,0.9995055,0.99939,0.9995261,0.9994509,0.99965495,0.999504,0.9996301,0.9994163,0.99943936,0.9994952,0.9995285,0.9994273,0.9993885,0.9994584,0.9995226,0.9994897,0.9995432,0.9995507,0.9995273,0.9994847,0.99960744,0.99953675,0.9993757,0.99952435,0.9995151,0.99958986,0.99950457,0.9995303,0.99946195,0.9996822,0.99956393,0.9995069,0.999603,0.9995416,0.999577,0.9996065,0.9995021,0.9995628,0.9996617,0.9999975,0.9994671,0.999517,0.9994236,0.99956536,0.99949825,0.9994096,0.9995991,0.9994769,0.9995122,0.9993017,0.999559,0.9994922,0.9994688,0.9995617,0.9992893,0.99957,0.9994644,0.9996014,0.9995608,0.99946994,0.99957496,0.9994182,0.99938977,0.99942356,0.9995646,0.99958825,0.9995149,0.9994847,0.9996225,0.99958897,0.9993152,0.9995533,0.9994466,0.99910194,0.9994052,0.9994956,0.9995825,0.99959975,0.99941725,0.9995706,0.9993741,0.9995589,0.9995258,0.9995582,0.999542,0.9994728,0.99937147,0.9995263,0.9994351,0.9995493,0.999477,0.99930966,0.9992587,0.9992976,0.99951166,0.9994958,0.999273,0.9993252,0.9994609,0.9994814,0.99952406,0.9994614,0.9995042,0.9994337,0.9994961,0.99932593,0.9996193,0.9996107,0.99964637,0.99943185,0.99945986,0.9995083,0.9995729,0.99950755,0.9995612,0.99954057,0.999586,0.99947876,0.999586,0.99949,0.99964565,0.99962604,0.9995316,0.99949145,0.99966776,0.9996529,0.99951863,0.9994541,0.9996186,0.9993746,0.9994825,0.99942255,0.999604,0.99960506,0.9994193,0.9996816,0.9996907,0.99954766,0.9995654,0.9995198,0.99950993,0.9995072,0.99952173,0.99939626,0.9994883,0.9995652,0.9996886,0.99960184,0.99953675,0.99945587,0.9993177,0.99928993,0.9995865,0.9995372,0.99952334,0.9995611,0.9993012,0.9995914,0.9994511,0.99962705,0.99949485,0.99942166,0.9995515,0.99937665,0.9997174,0.99940807,0.9995354,0.9994771,0.99960667,0.999375,0.9995833,0.99951965,0.9995347,0.9996184,0.9995811,0.99953026,0.99955547,0.9995244,0.99941766,0.9994693,0.999445,0.99949855,0.99941427,0.9994738,0.99955684,0.9995739,0.999574,0.99944425,0.99956053,0.99961543,0.99959356,0.99954355,0.99954116,0.9996641,0.99957997,0.99969983,0.99942404,0.9995488,0.9994836,0.9995528,0.99945754,0.999601,0.99958867,0.99944866,0.9996013,0.9992959,0.9996222,0.9995923,0.9995872,0.99949294,0.99957705,0.9995496,0.9995862,0.9994827,0.9995361,0.99919957,0.9994679,0.99949586,0.9996151,0.9995703,0.9995839,0.9994811,0.99934626,0.99961555,0.9996013,0.99958277,0.9993456,0.99939305,0.99957347,0.9994906,0.99954635,0.999526,0.99958634,0.99942935,0.99948776,0.99950194,0.9996166,0.9994858,0.99951935,0.9995207,0.99961966,0.9994986,0.9995248,0.9995867,0.99945927,0.9996368,0.9992043,0.9995251,0.9996842,0.9996976,0.99961805,0.99969876,0.9996512,0.99954444,0.9995162,0.99951446,0.99954414,0.9995484,0.9996328,0.9994646,0.9995684,0.9993872,0.9995229,0.9996166,0.9995393,0.9995031,0.9995471,0.9992997,0.99973536,0.9996495,0.999463,0.999712,0.9994982,0.9995241,0.9995327,0.9994495,0.9994006,0.99957806,0.9995466,0.9997206,0.99957854,0.9995265,0.9996612,0.9991939,0.9992382,0.99936295
ipip84,0.9995201,0.99948174,0.999446,0.9994862,0.9995634,0.9994613,0.99953985,0.99944293,0.9995721,0.99948895,0.9994106,0.999501,0.9994708,0.999395,0.99939704,0.9994027,0.9994808,0.9994903,0.9995163,0.99947923,0.9995055,0.9994799,0.999551,0.999537,0.99948573,0.9994981,0.9994822,0.9995019,0.9994423,0.99944395,0.99954647,0.99948126,0.9993619,0.9995481,0.9995262,0.999499,0.99945205,0.99951714,0.99946666,0.99954724,0.9993814,0.9994671,0.99999624,0.99936366,0.99956,0.99957335,0.99957466,0.99943817,0.9995507,0.9994381,0.99949294,0.99931204,0.9994992,0.99942744,0.9993927,0.9994797,0.99931645,0.9994353,0.99946237,0.9995127,0.99957836,0.99953645,0.999568,0.99952215,0.9994495,0.99944705,0.9995261,0.99948704,0.9995506,0.9994076,0.9995693,0.99953496,0.99936134,0.9994952,0.9994733,0.9989893,0.9993736,0.9994703,0.99955416,0.999571,0.9994637,0.99955094,0.9993857,0.99954075,0.99951684,0.99951977,0.99947864,0.99938846,0.9993651,0.9994881,0.9994313,0.9995591,0.99945927,0.9992768,0.99930024,0.99929553,0.9995125,0.99952036,0.99932516,0.9993265,0.99939936,0.9995451,0.9995018,0.99947083,0.99953127,0.99933374,0.99946606,0.99932414,0.99951917,0.99951637,0.9995599,0.99941653,0.9994644,0.9994204,0.99953586,0.99950117,0.99950075,0.99954885,0.9995357,0.9994865,0.99954236,0.9993945,0.9995896,0.9995838,0.9994742,0.99945927,0.99950284,0.9994719,0.99949026,0.99935657,0.99953914,0.99928623,0.99947816,0.9994068,0.99949825,0.9995443,0.9994326,0.99948394,0.9995601,0.99953836,0.9995503,0.9995413,0.9993967,0.9995379,0.9995183,0.999287,0.9995292,0.9995535,0.9994257,0.99948984,0.9995784,0.9995285,0.9994169,0.9993097,0.9995796,0.99954796,0.9995432,0.9995787,0.9992567,0.9995501,0.9994346,0.99961203,0.9995079,0.99948496,0.9995393,0.99930054,0.9995166,0.9994771,0.9995343,0.99942845,0.9995528,0.99938107,0.99950707,0.99952394,0.99956733,0.9995015,0.9994704,0.99947464,0.99947894,0.99944526,0.99935853,0.9994502,0.99951476,0.9994976,0.9992902,0.9994037,0.9994699,0.99948835,0.9994921,0.9994569,0.9995011,0.9995485,0.9995193,0.99957126,0.999541,0.99958193,0.9995559,0.9995216,0.9994472,0.9995452,0.9994824,0.9995296,0.99946195,0.9995382,0.99957037,0.99951655,0.9995869,0.9992862,0.9994804,0.9994049,0.9994922,0.99936855,0.99955595,0.999573,0.99949896,0.99948525,0.9994692,0.9991358,0.99941874,0.99949265,0.99956375,0.9995289,0.9995314,0.99953693,0.99931186,0.9995578,0.99951005,0.9994955,0.99930835,0.9993612,0.99947244,0.9994718,0.999559,0.99953616,0.99955535,0.99941677,0.99956995,0.9994747,0.999566,0.99944633,0.9994968,0.9994881,0.9995559,0.99950886,0.9994478,0.9995243,0.99951154,0.9995884,0.999167,0.99951047,0.9995741,0.9995675,0.99944955,0.999549,0.9995038,0.99950755,0.99945414,0.99955857,0.99948794,0.9995626,0.9995444,0.9994435,0.9994523,0.9993502,0.9994256,0.9995473,0.9995055,0.99956715,0.9995106,0.99928534,0.9995462,0.99943787,0.9996129,0.99951667,0.99957436,0.9995083,0.9995035,0.9995636,0.9993979,0.9995244,0.99951273,0.99953616,0.9994982,0.999481,0.9995065,0.9992724,0.99920934,0.9993472
ipip114,0.9994627,0.99935454,0.99939334,0.9992944,0.9994345,0.99937344,0.9994795,0.9993747,0.99945116,0.99928683,0.99939334,0.99944407,0.9994691,0.99936867,0.9992469,0.99940634,0.99944305,0.9993724,0.9994482,0.9995024,0.9994035,0.99938655,0.99942464,0.9993589,0.9993033,0.99944514,0.9993335,0.99942416,0.9994365,0.99944013,0.9994142,0.9994554,0.99942476,0.9994567,0.99953485,0.9993905,0.9994879,0.9995233,0.99941605,0.9994722,0.99937564,0.999517,0.99936366,0.99999845,0.9992901,0.9994689,0.9994003,0.99928504,0.9996108,0.9993821,0.9994013,0.9991273,0.99944484,0.9993625,0.9992456,0.99935055,0.9992484,0.9994262,0.9994043,0.9994274,0.99949664,0.9993942,0.99950904,0.9993596,0.9993203,0.99928385,0.99947774,0.999424,0.99942935,0.99936134,0.9994758,0.9994174,0.99917924,0.99938846,0.99933803,0.9990097,0.99930173,0.99941915,0.99940693,0.9994367,0.9993396,0.9995338,0.9993136,0.9995046,0.9994683,0.9995104,0.9994929,0.9993655,0.9992793,0.99945116,0.9993983,0.99948573,0.9994135,0.99926895,0.9992037,0.99920624,0.9994675,0.9993443,0.99920183,0.999218,0.9993595,0.99942803,0.9994261,0.9993723,0.9994767,0.99920934,0.99941957,0.99918664,0.9994228,0.999525,0.99956584,0.9994123,0.99942994,0.99944264,0.999485,0.9993888,0.99948895,0.99948066,0.9995185,0.99940187,0.99946547,0.9993815,0.99943537,0.9994754,0.99948305,0.99936146,0.99942106,0.9994424,0.9993083,0.9993228,0.9994672,0.9991395,0.99929947,0.99930775,0.9994583,0.99943525,0.9992981,0.9994368,0.9995294,0.9994747,0.9995232,0.99943125,0.99935,0.99941087,0.99943054,0.99932426,0.9994483,0.9994534,0.99943703,0.999519,0.99942636,0.99935764,0.9992279,0.99915445,0.99951035,0.99942714,0.99940926,0.99941504,0.99928904,0.9994945,0.9992898,0.9994946,0.99944514,0.99932,0.99947757,0.99932027,0.99949837,0.99930257,0.99948347,0.99948007,0.99947375,0.99932414,0.99957645,0.9994718,0.99945754,0.9996831,0.9994027,0.99940616,0.9993228,0.9993427,0.9992771,0.99938273,0.9993423,0.9994158,0.99930614,0.9993521,0.9994246,0.99943286,0.999435,0.9993046,0.9994657,0.9995847,0.9996325,0.9994727,0.99952114,0.99964863,0.9994788,0.9994536,0.9993437,0.9993586,0.9993827,0.99941957,0.9992766,0.99964803,0.9993895,0.9993543,0.99946696,0.9991233,0.99936306,0.99936193,0.99937,0.9994362,0.9994933,0.9993752,0.9993941,0.9993786,0.99940395,0.99902153,0.99935234,0.9994027,0.9994501,0.99957025,0.99949706,0.9993702,0.99931574,0.9995959,0.99946105,0.99939716,0.9990895,0.99928236,0.9993634,0.99942434,0.9994326,0.9993942,0.99953204,0.99931705,0.999398,0.9994033,0.9994813,0.99931645,0.99946535,0.9993709,0.99965113,0.99934673,0.999559,0.9993942,0.9993305,0.99948215,0.99908274,0.9993488,0.9994642,0.999479,0.999353,0.9994748,0.9994164,0.9993844,0.9993778,0.9993691,0.99934417,0.9993946,0.99962884,0.99935603,0.99946535,0.99928194,0.99933296,0.9994689,0.99936676,0.99932843,0.99936926,0.9991341,0.9995029,0.9993437,0.99935645,0.9994706,0.9993709,0.9993521,0.99935675,0.99939525,0.9992484,0.99937373,0.99934286,0.99951625,0.99935484,0.9993245,0.99946535,0.99910164,0.99907905,0.99926686
ipip144,0.9994632,0.99966633,0.9994476,0.9996214,0.99961126,0.99955845,0.9995076,0.99952304,0.9995701,0.99966425,0.999369,0.9993874,0.9994679,0.9994433,0.99940807,0.9994084,0.9994621,0.99951607,0.9995059,0.9994707,0.9994579,0.99947405,0.9994809,0.99954724,0.9994147,0.9995685,0.9995011,0.99948657,0.99942875,0.9994035,0.9994327,0.9994525,0.999307,0.9994435,0.9994782,0.99941015,0.99943626,0.99948496,0.99946016,0.9994709,0.9993491,0.9994236,0.99956,0.9992901,0.9999979,0.9996363,0.9995675,0.99943155,0.99953824,0.9994034,0.9994473,0.99946153,0.9994756,0.99945164,0.9994333,0.9994534,0.99939287,0.9994534,0.99955565,0.99952364,0.99949855,0.9995286,0.9994723,0.99953735,0.99940044,0.9994268,0.99948436,0.9994164,0.99942654,0.9994129,0.9994539,0.9994217,0.99933547,0.9994056,0.99939245,0.99899244,0.99929446,0.99938667,0.99950486,0.99951,0.9993804,0.9994686,0.9992857,0.9994518,0.99943066,0.99942225,0.99941194,0.99943435,0.9993473,0.9994569,0.9993581,0.99943924,0.99937093,0.9992223,0.9993089,0.99931115,0.99943537,0.9994769,0.9992361,0.99928105,0.99934363,0.9994669,0.9994184,0.99940944,0.99944663,0.9993272,0.9993998,0.9992427,0.99945486,0.9994271,0.9994842,0.99934286,0.99940115,0.99935675,0.9994393,0.9994117,0.9994205,0.999441,0.9994567,0.9993583,0.9994477,0.9993455,0.999572,0.9995208,0.9993872,0.9994104,0.99953395,0.9994481,0.99948174,0.9993517,0.99942803,0.9992299,0.9993919,0.99939954,0.9993948,0.99949944,0.9993839,0.9994071,0.99945337,0.99942714,0.99943763,0.99948144,0.99941427,0.9994999,0.999464,0.99928886,0.999425,0.99942887,0.9993596,0.999461,0.99947464,0.9994081,0.9992686,0.9992745,0.99947774,0.9994126,0.99942267,0.9994158,0.99923444,0.9994523,0.99934673,0.9995085,0.99940646,0.9993886,0.9994443,0.99926704,0.9994403,0.99938375,0.99943227,0.99938476,0.9994536,0.9993284,0.9994076,0.9993972,0.9994836,0.9993974,0.9994572,0.9994999,0.9994817,0.9993855,0.9993383,0.99942636,0.99941814,0.9994611,0.99932355,0.9993415,0.9994291,0.99943423,0.999438,0.9994274,0.9994333,0.99945813,0.9994427,0.99949867,0.99945414,0.999453,0.9995018,0.9994957,0.9994097,0.99955153,0.99939,0.9994756,0.9995143,0.99946916,0.9995501,0.9994884,0.9995172,0.99944705,0.9994704,0.999434,0.9994742,0.99929786,0.9994986,0.9994823,0.9994792,0.9994725,0.99940664,0.99918026,0.99939656,0.99939775,0.9994479,0.99941987,0.9994723,0.999505,0.99928164,0.9994381,0.9994189,0.9994491,0.99947685,0.9992948,0.9994203,0.9994166,0.99947363,0.9994931,0.9994894,0.9993874,0.9994499,0.99936295,0.99945676,0.9993597,0.999433,0.9994217,0.99943674,0.99944496,0.9993766,0.9994635,0.9995679,0.999448,0.99923354,0.99941695,0.9995209,0.99950916,0.99940765,0.9994981,0.999452,0.999465,0.99951965,0.999463,0.9994221,0.9994909,0.99945575,0.99945444,0.99941325,0.9993048,0.99942505,0.99946326,0.9994003,0.9994607,0.9994272,0.99927276,0.99947125,0.9994418,0.9994154,0.9994504,0.999492,0.99939954,0.9993854,0.9994239,0.99933976,0.99942994,0.99945825,0.99945134,0.9994376,0.9994328,0.9994194,0.99947,0.99931747,0.99939394
ipip174,0.99966,0.9996219,0.99958175,0.9995326,0.9996869,0.9995877,0.9996647,0.9995608,0.999641,0.99953955,0.9994417,0.99952734,0.9995474,0.9994607,0.99939054,0.9994717,0.99954647,0.99952286,0.99958664,0.99953973,0.9995381,0.9995402,0.99960625,0.99958974,0.99947935,0.9996417,0.9994967,0.9995365,0.99948156,0.99948794,0.9995177,0.99955904,0.999417,0.99955827,0.99962807,0.9995686,0.9995518,0.99962586,0.99951416,0.99960506,0.9993961,0.99956536,0.99957335,0.9994689,0.9996363,0.9999974,0.9998072,0.9994806,0.9996726,0.9994653,0.9995855,0.99934596,0.99960935,0.999474,0.99937236,0.9994995,0.9993918,0.9994753,0.999558,0.99958646,0.9996444,0.99957687,0.99962413,0.99957657,0.99947363,0.9994691,0.9995933,0.9995482,0.99952334,0.999467,0.9996473,0.99957436,0.9993412,0.99958193,0.99947363,0.9989907,0.99936086,0.9994788,0.99952614,0.99956226,0.9994541,0.9996168,0.9994092,0.9995914,0.9995746,0.99957687,0.9995296,0.9994226,0.9993735,0.99953645,0.9994605,0.99963135,0.9994808,0.9993203,0.9993012,0.99945647,0.999607,0.99950707,0.999275,0.9993272,0.99946165,0.9995436,0.9995391,0.99949247,0.99955475,0.9993076,0.9994942,0.99932414,0.99952865,0.9995846,0.99962753,0.999482,0.99950045,0.9994801,0.99958146,0.9994988,0.99956596,0.9995842,0.9996043,0.99946004,0.99960965,0.9994763,0.9996451,0.9996361,0.99955654,0.99944806,0.9995401,0.9995228,0.99945027,0.9994148,0.9996129,0.9992539,0.9994546,0.9994246,0.99958676,0.99957246,0.9994527,0.99953467,0.9996092,0.9995968,0.9996203,0.99955,0.99946046,0.99958247,0.9995737,0.99932075,0.99952674,0.9995467,0.99946743,0.9995525,0.99956024,0.9994712,0.9993614,0.999298,0.99965864,0.9995413,0.9995314,0.99958456,0.9993013,0.99961025,0.99941117,0.9996446,0.9995389,0.99944997,0.9996121,0.9993189,0.9995959,0.99946994,0.99959457,0.9994958,0.999683,0.9994375,0.99960977,0.99955595,0.99955297,0.9995773,0.9995615,0.9995837,0.9995208,0.9994775,0.99936575,0.9994351,0.9995178,0.9994784,0.99934393,0.9994544,0.9995506,0.99955446,0.99955773,0.9994353,0.9995526,0.9995856,0.9995803,0.999559,0.9995839,0.9996332,0.99959254,0.9996937,0.9994388,0.9996972,0.9995012,0.99959356,0.9994808,0.99961007,0.99967366,0.9996593,0.999607,0.99929935,0.99948186,0.99946713,0.99950653,0.99942344,0.999589,0.9995479,0.99947953,0.99954045,0.99951565,0.9991502,0.99948037,0.9994926,0.999635,0.99954975,0.9995974,0.99953586,0.99931353,0.9995985,0.99957705,0.99950165,0.99929214,0.99936515,0.99950075,0.99952716,0.99957407,0.9995836,0.9996343,0.9994362,0.9995864,0.9995202,0.9996455,0.9994708,0.99955887,0.99952507,0.99962586,0.9994838,0.99948186,0.9995496,0.9996075,0.99965423,0.99922395,0.99955124,0.9996144,0.99961793,0.99943554,0.999601,0.9995147,0.9995493,0.9995342,0.99957085,0.99953085,0.999586,0.99958235,0.99943364,0.99948335,0.9993754,0.99945176,0.9995761,0.99952805,0.9995567,0.99952984,0.9992564,0.99963486,0.9994968,0.9994948,0.9995802,0.9995549,0.99951947,0.9995365,0.99955994,0.99940294,0.9995898,0.9994743,0.99957705,0.9994992,0.9994445,0.9995185,0.99929017,0.9992425,0.9994407
ipip204,0.9995607,0.9995513,0.9994858,0.9994497,0.9995874,0.9994843,0.9995824,0.999532,0.99961734,0.9994616,0.9993999,0.9994874,0.9995291,0.999462,0.9994269,0.9994237,0.9995093,0.999483,0.9995527,0.9995054,0.9994853,0.99952036,0.9995499,0.99957514,0.9996752,0.9995714,0.9995076,0.99949646,0.99946904,0.9994607,0.99951,0.99951595,0.9993486,0.99972284,0.9995522,0.9995307,0.99947256,0.9995433,0.9994902,0.9996302,0.9993642,0.99949825,0.99957466,0.9994003,0.9995675,0.9998072,0.9999975,0.9995094,0.9996377,0.9994502,0.999519,0.9993162,0.99953216,0.9994597,0.99939865,0.9994884,0.9993348,0.9994411,0.9994676,0.9995457,0.9995875,0.9995311,0.9995836,0.99958616,0.9994705,0.9994819,0.99953705,0.9994718,0.9996161,0.9994328,0.99957997,0.99953556,0.9993471,0.99952203,0.9994823,0.99899566,0.9994002,0.9994812,0.9995327,0.9995599,0.9994502,0.99959254,0.9993857,0.9995427,0.9995431,0.99951494,0.9994992,0.9994288,0.99934554,0.9995028,0.99943644,0.9995556,0.9994612,0.99931425,0.99928606,0.99946386,0.9995153,0.99951077,0.999264,0.9993722,0.999422,0.9995208,0.9994979,0.99950254,0.9995604,0.99931455,0.9994567,0.99935794,0.9995788,0.99951714,0.99955004,0.9994391,0.9994888,0.99941707,0.99954057,0.99949527,0.99951047,0.9995402,0.9995213,0.9994794,0.99955237,0.99942976,0.9995811,0.9995798,0.9994671,0.9994458,0.9995115,0.99947935,0.99945766,0.9993888,0.99957794,0.9992912,0.99944913,0.9994096,0.99951905,0.9995155,0.9994185,0.9994811,0.9995415,0.99952453,0.99956447,0.999533,0.9994268,0.9995498,0.9995564,0.9992904,0.99952805,0.9996269,0.9994157,0.99955136,0.99955016,0.9994881,0.9994299,0.99935126,0.99958354,0.9995167,0.999532,0.9995677,0.9992718,0.9995438,0.99941427,0.99959123,0.9994786,0.9994379,0.99953294,0.99928296,0.99953395,0.9996864,0.99955136,0.99944246,0.99957836,0.9994272,0.99951446,0.9995136,0.9995382,0.9994894,0.9994844,0.99950737,0.99950564,0.9994533,0.9993871,0.9994333,0.99950844,0.999483,0.9993098,0.99942285,0.99950755,0.999519,0.9995131,0.99948055,0.99952424,0.9995376,0.99951386,0.9995431,0.9995716,0.99955183,0.9995409,0.9995851,0.99945605,0.9998591,0.9995705,0.99950737,0.9994569,0.9995274,0.9996027,0.9996149,0.9995794,0.9992934,0.99945533,0.99944806,0.99948025,0.9993789,0.9995611,0.99955314,0.99950683,0.9995366,0.99947965,0.999128,0.9994288,0.9994743,0.99956375,0.9994905,0.9995438,0.99958825,0.9992934,0.9995247,0.9995026,0.99949193,0.99927473,0.9993612,0.99949825,0.9994773,0.99957776,0.9995517,0.999569,0.99943465,0.9997466,0.99949557,0.9995715,0.9994434,0.9995316,0.99948996,0.99953103,0.99957633,0.9994314,0.9995887,0.99953467,0.999576,0.99915683,0.9995098,0.99957824,0.99957746,0.9994352,0.9995623,0.9995005,0.9995338,0.99947953,0.9995535,0.99949795,0.9995603,0.9995272,0.99944943,0.99947,0.9993992,0.9994032,0.9995268,0.9994882,0.9995569,0.9994964,0.9992463,0.99955523,0.99945366,0.9995203,0.99953604,0.9995633,0.9995091,0.99949867,0.9997363,0.99945176,0.99950683,0.99948186,0.9995216,0.999559,0.9994563,0.99948674,0.9992754,0.99921584,0.9993684
ipip234,0.9994473,0.999448,0.9994105,0.9993731,0.999476,0.99944794,0.99945587,0.99943215,0.999462,0.9993726,0.99932957,0.99946254,0.999405,0.9993761,0.99960494,0.9993651,0.9994349,0.9994039,0.9994613,0.99942887,0.9994093,0.99950397,0.9994746,0.9994533,0.99950373,0.9993949,0.99940777,0.9994164,0.999387,0.9993637,0.9993905,0.99944633,0.9992821,0.99949974,0.9994703,0.99944204,0.99940354,0.9994546,0.9994206,0.9994951,0.9992656,0.9994096,0.99943817,0.99928504,0.99943155,0.9994806,0.9995094,0.9999989,0.99947745,0.9993405,0.99942154,0.9991767,0.99939775,0.999351,0.99933535,0.9993214,0.99924934,0.9993893,0.9993667,0.9994277,0.99956584,0.99946195,0.99951565,0.99954104,0.99948084,0.99964607,0.9994509,0.99948466,0.99951714,0.9994249,0.9995093,0.99945426,0.99929005,0.9994231,0.99944353,0.9989996,0.99929285,0.9993896,0.9994255,0.99945444,0.99947,0.9994941,0.9993548,0.999511,0.9994701,0.9994764,0.9994283,0.9994068,0.9993836,0.99946463,0.9993915,0.99946624,0.99941576,0.99922675,0.99927115,0.9992171,0.9994481,0.9993607,0.99921477,0.9992766,0.9994032,0.99946123,0.999475,0.9994599,0.9994968,0.9992575,0.9993681,0.99927175,0.99948007,0.99946976,0.99951226,0.9993955,0.99942124,0.9993564,0.9994462,0.99941033,0.999428,0.9994745,0.99945027,0.9994045,0.99945927,0.9993181,0.9994885,0.9994795,0.9993895,0.99933106,0.9993948,0.99942064,0.99937004,0.99927026,0.9994889,0.9993107,0.99936384,0.999344,0.9994539,0.9994076,0.99933195,0.9993999,0.99946964,0.9994605,0.99948895,0.99945855,0.9994068,0.9994614,0.99950045,0.99923414,0.9994484,0.99952734,0.99930334,0.9994508,0.99944836,0.99938524,0.99936736,0.99934965,0.9995234,0.9994348,0.99944115,0.9994242,0.99919593,0.9994691,0.99932057,0.9994695,0.9993804,0.99937016,0.9994604,0.9992313,0.9994372,0.9995141,0.99943686,0.9993624,0.99947745,0.9993198,0.9994336,0.9994272,0.9994188,0.9994118,0.9994359,0.9994272,0.9994484,0.99935985,0.99930423,0.99934614,0.99938995,0.9993988,0.99929386,0.9993437,0.9993968,0.9994057,0.999408,0.999346,0.99943006,0.99944454,0.99942327,0.9994267,0.9994621,0.9994815,0.9994358,0.9994232,0.9993201,0.99946785,0.9994045,0.9994188,0.99934405,0.9994338,0.9994759,0.9994068,0.9994458,0.9992724,0.99938446,0.99931777,0.9994001,0.9993159,0.9994307,0.99946976,0.9994184,0.9994514,0.9993953,0.9991857,0.99937963,0.9994257,0.99949193,0.9994038,0.99947095,0.99952734,0.99924475,0.9994442,0.9994122,0.999421,0.9991987,0.9993309,0.9993983,0.9993646,0.99958223,0.9996756,0.99949074,0.9993181,0.9995155,0.9993934,0.9994656,0.999346,0.99941355,0.999427,0.99944127,0.9994292,0.99934953,0.999473,0.9994522,0.9995213,0.9991184,0.9994351,0.9995011,0.999506,0.99937326,0.99949455,0.9994417,0.99940974,0.9993881,0.99947745,0.9993484,0.9995012,0.99943435,0.9993299,0.9993909,0.99926597,0.99933636,0.9994434,0.9994421,0.9995282,0.99944514,0.9992625,0.9994839,0.9993872,0.9994115,0.99945754,0.99946845,0.9995092,0.9994427,0.99954927,0.99948394,0.9994766,0.9994366,0.9994823,0.99948025,0.99943453,0.9994322,0.99926895,0.9991709,0.9993227
ipip264,0.99962646,0.99954927,0.9995594,0.99947876,0.99962854,0.9994941,0.9996434,0.9995696,0.99961746,0.99947435,0.99949574,0.9995894,0.9996283,0.9995443,0.9994359,0.9995662,0.9995942,0.9996008,0.99965215,0.99964374,0.9995615,0.9995831,0.9995978,0.99958205,0.9995039,0.9996323,0.99949217,0.99956787,0.9995606,0.9995314,0.9995263,0.99956536,0.9994618,0.99962664,0.99970466,0.9995542,0.99964845,0.9997229,0.99959433,0.99965245,0.99942696,0.9995991,0.9995507,0.9996108,0.99953824,0.9996726,0.9996377,0.99947745,0.99999845,0.99952495,0.99955225,0.9993058,0.99961483,0.99954116,0.99938834,0.99950457,0.9993594,0.9995284,0.99952203,0.99957484,0.99968624,0.9996139,0.9996676,0.9995611,0.99950683,0.9994601,0.99964595,0.9995442,0.9995674,0.9995049,0.9996433,0.99959224,0.9993662,0.99956554,0.9995186,0.9990576,0.99945825,0.99957687,0.9995395,0.9995679,0.9995159,0.99968404,0.9994486,0.99967617,0.9996227,0.99966055,0.99964696,0.9995132,0.9994356,0.99965364,0.9995267,0.9996311,0.9995504,0.999409,0.9993437,0.99941325,0.9996302,0.9994707,0.99929035,0.999368,0.9995189,0.99958235,0.99959254,0.9995252,0.99963963,0.9992984,0.9995753,0.99933344,0.9995663,0.99966776,0.9997029,0.9995382,0.99956226,0.99953955,0.99965835,0.9995394,0.9996392,0.99964494,0.99965614,0.9995233,0.9996278,0.999492,0.9996051,0.99964625,0.9996192,0.99943906,0.9995369,0.9995614,0.9994324,0.9994599,0.99962455,0.9993043,0.9994706,0.9994814,0.99959606,0.99955165,0.99944067,0.9995331,0.99964505,0.9996177,0.99965966,0.9996025,0.9995108,0.9995984,0.9996179,0.9993956,0.99958986,0.99957,0.9994711,0.9996571,0.9995868,0.99950105,0.9993967,0.99935657,0.99968606,0.99953526,0.999547,0.9995717,0.9993429,0.9996393,0.99945027,0.99967736,0.99960035,0.99944395,0.99964345,0.99935794,0.99960524,0.99949795,0.99966156,0.99957204,0.99963474,0.99946475,0.9996713,0.9996462,0.99954957,0.9996521,0.99960274,0.9995721,0.9995154,0.9994944,0.99946576,0.9994413,0.99949414,0.99948496,0.99939877,0.99949473,0.9995818,0.9995875,0.9995849,0.9994524,0.99962944,0.9996085,0.9996098,0.9995671,0.99964505,0.9996893,0.9995946,0.9996177,0.99943846,0.99956167,0.99955934,0.99957615,0.99946237,0.999623,0.99958014,0.99956137,0.99962133,0.9993014,0.9994619,0.999476,0.99950486,0.9995239,0.99959177,0.9995373,0.999497,0.9995509,0.9995431,0.9991654,0.9995315,0.9995837,0.9996044,0.99961007,0.99966544,0.99959433,0.9993588,0.99967086,0.9996108,0.9995558,0.9992727,0.99938637,0.99953437,0.99955356,0.9996135,0.99957556,0.99968874,0.9994604,0.99961215,0.99954814,0.9996474,0.99946725,0.99967706,0.99955416,0.9996713,0.9994855,0.9995163,0.999555,0.9995324,0.99963397,0.9992269,0.99954647,0.99959034,0.9995993,0.9994484,0.9995864,0.9995154,0.99958247,0.9995492,0.9995785,0.9995427,0.9995859,0.99961966,0.9994573,0.99955034,0.99939567,0.99946946,0.99959296,0.9995322,0.99953765,0.99953943,0.9992598,0.9996336,0.99946564,0.9995344,0.99959654,0.9995574,0.9995286,0.99951565,0.9996043,0.9994253,0.99955714,0.9994899,0.9996349,0.99951607,0.9994723,0.99957037,0.99926984,0.999221,0.99942344
ipip294,0.9994474,0.99941105,0.99938846,0.9993628,0.99944496,0.9993704,0.99947613,0.999429,0.99947774,0.9993744,0.9993241,0.99948204,0.9995343,0.9995098,0.9993607,0.9994449,0.99955463,0.9994839,0.9995559,0.99953175,0.99963504,0.99948055,0.99950075,0.9994415,0.99936664,0.99947196,0.9994107,0.9996696,0.99949944,0.99950457,0.99944,0.999473,0.9993389,0.99946237,0.99953496,0.9994263,0.9995062,0.99952644,0.9994974,0.9994919,0.99961877,0.9994769,0.9994381,0.9993821,0.9994034,0.9994653,0.9994502,0.9993405,0.99952495,0.99999744,0.9994138,0.999211,0.9994681,0.9994502,0.99932677,0.9994162,0.9992301,0.99943984,0.99941415,0.99945855,0.99952954,0.9994251,0.99952346,0.99939734,0.9994268,0.99938494,0.9995126,0.99941695,0.99942106,0.9994119,0.99950826,0.9994899,0.99933,0.99945825,0.9994686,0.9990532,0.9994125,0.9994729,0.9994497,0.99946594,0.99942863,0.99953157,0.9993375,0.99949735,0.9995089,0.9995135,0.9995011,0.9995071,0.99940914,0.9994799,0.99945104,0.9994784,0.99947613,0.99931717,0.99930793,0.9993357,0.99946046,0.999386,0.9992897,0.9993344,0.99945235,0.99946356,0.99949235,0.99945647,0.9995346,0.9992918,0.999451,0.99925256,0.99947995,0.9995085,0.99953955,0.99940765,0.99946135,0.9994439,0.999604,0.9994758,0.9995167,0.9995361,0.9995343,0.99952066,0.9995846,0.99942356,0.99949396,0.99954295,0.9995145,0.99941033,0.9994962,0.99948853,0.99935544,0.99945,0.99950457,0.99926466,0.99943686,0.99945873,0.99946684,0.99950916,0.99939406,0.99945307,0.9995374,0.9994768,0.9995593,0.99953836,0.9994408,0.9994768,0.9995638,0.9994267,0.99950224,0.9994398,0.99949133,0.9995053,0.9994947,0.99944574,0.9993554,0.99927664,0.999508,0.999479,0.99947643,0.9994594,0.99928933,0.9995012,0.9994387,0.999549,0.99951565,0.99934787,0.99949735,0.99925107,0.99948585,0.9993761,0.9994894,0.9994604,0.99946785,0.9993871,0.99950063,0.9995164,0.9994435,0.99946237,0.99943155,0.99941343,0.9993893,0.9994402,0.9994429,0.9993604,0.99940157,0.9994072,0.9992782,0.99937874,0.99947757,0.9994835,0.99949646,0.9994127,0.99950683,0.9994811,0.99946785,0.99944913,0.9995174,0.9994941,0.99949235,0.9994798,0.9993909,0.9994356,0.9994345,0.99944746,0.9993885,0.999474,0.9994541,0.99938387,0.9995106,0.99925816,0.99942255,0.99948746,0.99944234,0.9993968,0.9994398,0.9994329,0.9994323,0.9994459,0.99948215,0.99913037,0.99944454,0.9994805,0.99948406,0.9994545,0.9995052,0.9994755,0.99928737,0.999498,0.9994756,0.9995175,0.99924093,0.9993561,0.99949294,0.9994324,0.9994701,0.9994403,0.9995026,0.9993665,0.9994498,0.9994202,0.99948716,0.99943626,0.9995074,0.9994506,0.99947214,0.9993886,0.99942863,0.9994495,0.99938303,0.9994794,0.9991413,0.9994154,0.999491,0.99949074,0.9994042,0.9995027,0.9994503,0.9994961,0.9994555,0.9994171,0.99944544,0.99948746,0.9994974,0.9993792,0.99943596,0.9993244,0.9993874,0.99949425,0.99943554,0.9993995,0.99946386,0.99919766,0.9994855,0.99938226,0.999462,0.99946016,0.9994662,0.9994398,0.99940014,0.9994047,0.99933803,0.99941045,0.9993837,0.99950546,0.99940926,0.9993604,0.9994729,0.99916255,0.9991633,0.99930996
ipip29,0.9996104,0.99955213,0.9995187,0.99948466,0.99963546,0.99952364,0.9996603,0.99954253,0.99962175,0.9994871,0.9994194,0.9995185,0.9994999,0.9994161,0.9993754,0.99945104,0.9995355,0.99957126,0.9995775,0.99956137,0.9995436,0.9995855,0.9996218,0.99964625,0.9994598,0.9995703,0.9995899,0.9995478,0.99949145,0.99948573,0.99948627,0.9995561,0.99939394,0.99954975,0.99963367,0.99953943,0.9995513,0.9996174,0.9995376,0.99960834,0.99939555,0.9995122,0.99949294,0.9994013,0.9994473,0.9995855,0.999519,0.99942154,0.99955225,0.9994138,0.9999977,0.9995485,0.9995728,0.99958146,0.9993945,0.99952835,0.99938667,0.9995159,0.999512,0.9995695,0.9995734,0.9994533,0.9995777,0.99949694,0.99942964,0.99938965,0.9995752,0.999554,0.99951833,0.9994925,0.99962646,0.99954206,0.9992952,0.9995394,0.9994225,0.9989912,0.999387,0.999504,0.9995396,0.9995658,0.9994758,0.9995907,0.99936634,0.9995855,0.99956906,0.99958706,0.9995601,0.99943405,0.99934703,0.9995342,0.9994417,0.99958974,0.9994719,0.99929506,0.99922407,0.9992631,0.99958,0.9994546,0.9992197,0.9992884,0.9994323,0.99953204,0.99950546,0.99948275,0.9995346,0.99931145,0.9995074,0.9993098,0.9995371,0.9995958,0.99961716,0.9994334,0.99947226,0.99943537,0.99957186,0.9994693,0.99954545,0.9995587,0.9995702,0.99947053,0.9995752,0.99946135,0.9995901,0.99957365,0.999576,0.99941266,0.99955326,0.9995554,0.99943906,0.99938536,0.9995956,0.99925923,0.99945116,0.9994086,0.9995873,0.9995545,0.9994448,0.9995439,0.9996317,0.9996095,0.9995995,0.9995489,0.99941266,0.99958134,0.9995379,0.99932015,0.99953455,0.99954,0.9994075,0.99954104,0.99957365,0.99949586,0.99931496,0.99924624,0.9996115,0.9995061,0.99950004,0.99955416,0.99926823,0.9996031,0.9994184,0.999622,0.9994849,0.999413,0.9996035,0.99933136,0.9996084,0.99945205,0.99960506,0.99946874,0.99963766,0.99939656,0.9996113,0.99956024,0.999517,0.9995668,0.9995535,0.99959534,0.99951,0.9995036,0.99940336,0.999398,0.99944836,0.99946564,0.9993073,0.9994055,0.9995586,0.9995716,0.9995703,0.99944746,0.9995675,0.9995775,0.99958223,0.9995285,0.9995567,0.9996152,0.99960726,0.99963844,0.9994722,0.9995481,0.9995256,0.9996346,0.9994501,0.9996034,0.9995416,0.99951386,0.99960077,0.9992683,0.9994916,0.99943125,0.99949265,0.9994238,0.99954885,0.99950045,0.99949265,0.9994728,0.99950063,0.9991225,0.9994466,0.9995196,0.99959683,0.99952257,0.99956447,0.99953026,0.99927557,0.99959344,0.9995798,0.9995512,0.99925834,0.99936056,0.9995486,0.9994815,0.99953514,0.9995474,0.99960047,0.9994052,0.9995428,0.9994993,0.9996036,0.9994301,0.99955195,0.99949783,0.999624,0.9994415,0.99948496,0.99953324,0.99956256,0.9996391,0.9992065,0.99957114,0.9996015,0.9996026,0.9994553,0.99959564,0.99951833,0.99955285,0.99958134,0.9996146,0.99943495,0.99955887,0.9995929,0.9994108,0.99949235,0.9993536,0.99950814,0.999563,0.9994965,0.9995327,0.9994792,0.999208,0.9996444,0.9994977,0.9995068,0.99959177,0.9995496,0.9994946,0.99949306,0.99952227,0.9993481,0.99951684,0.99947596,0.99959826,0.9995202,0.9994539,0.99953747,0.9992502,0.99926496,0.9994271
ipip59,0.9992471,0.9994142,0.9992752,0.9993481,0.99932766,0.999331,0.9993304,0.9993526,0.9993944,0.99937403,0.9991968,0.99919903,0.99932885,0.99929386,0.9991709,0.99924886,0.999294,0.99941707,0.99934435,0.99931884,0.9993319,0.99934304,0.99935216,0.9994369,0.9992031,0.9993725,0.9994598,0.99936765,0.9992746,0.999298,0.99924433,0.9992661,0.99918586,0.99921536,0.99927974,0.999202,0.99925876,0.99928755,0.9993144,0.9992842,0.9992759,0.9993017,0.99931204,0.9991273,0.99946153,0.99934596,0.9993162,0.9991767,0.9993058,0.999211,0.9995485,0.9999976,0.99931467,0.9994619,0.99932307,0.9993734,0.9991435,0.9993939,0.99937993,0.99932194,0.99926984,0.99924725,0.99927455,0.99923337,0.9991878,0.9991802,0.99929506,0.9992228,0.99923426,0.9992925,0.9992236,0.99925065,0.9991795,0.9992453,0.9992395,0.9989465,0.99919003,0.99924845,0.9993934,0.9993677,0.99918646,0.9992611,0.9991074,0.999212,0.9992679,0.99920917,0.9992298,0.999308,0.9991854,0.9992417,0.9991673,0.99923295,0.9991749,0.9991162,0.99916655,0.9992057,0.99918056,0.9993562,0.99908787,0.9991607,0.9992114,0.999244,0.9992369,0.99921346,0.9992481,0.9992089,0.99922925,0.99907357,0.9992986,0.99923706,0.9992551,0.99915403,0.9992214,0.99922246,0.999271,0.9992431,0.9992299,0.9992254,0.9992688,0.9992363,0.99928147,0.99923086,0.9994389,0.9993457,0.9992668,0.9992339,0.99946517,0.9992968,0.99930626,0.99921125,0.9992366,0.999134,0.9992597,0.9992704,0.9992276,0.99930567,0.99918246,0.9992632,0.9992753,0.9992309,0.9992033,0.99928063,0.9992326,0.99929804,0.9992586,0.99920744,0.9992245,0.9992461,0.9992605,0.99926966,0.9993004,0.999267,0.999132,0.9990991,0.9992406,0.9992507,0.9992382,0.99926484,0.99911505,0.9992481,0.9992374,0.99931437,0.99921095,0.99917394,0.99922365,0.99913615,0.9992924,0.9991931,0.9992868,0.999247,0.9992641,0.99922156,0.9992257,0.99922496,0.99929357,0.9992386,0.9993339,0.9993948,0.99936223,0.9993106,0.9992918,0.99930716,0.99932206,0.9993413,0.99925303,0.9992158,0.99929243,0.99930465,0.99931866,0.9993388,0.9992526,0.9993096,0.9992849,0.9993082,0.99924594,0.9992648,0.9993936,0.99932665,0.99934065,0.99937445,0.9992572,0.9993679,0.9994031,0.9993469,0.99938214,0.9993136,0.9993445,0.9992661,0.9993413,0.9993492,0.99933493,0.99914324,0.99932325,0.99932444,0.99939024,0.9992833,0.9992708,0.9991213,0.99928,0.99921954,0.99923754,0.99925524,0.9992998,0.99929434,0.9991661,0.99923277,0.9992671,0.99935895,0.99933076,0.9990954,0.9993581,0.99926,0.9992422,0.9992623,0.99931073,0.99929774,0.99923885,0.9992209,0.9992579,0.99923104,0.9992717,0.9993242,0.99924004,0.9992619,0.9992664,0.99929154,0.999284,0.99923134,0.999223,0.99929315,0.9993162,0.9993103,0.99928766,0.9993061,0.9993238,0.9993739,0.9994597,0.99932057,0.9993038,0.99928683,0.9993151,0.9993605,0.9993319,0.9992988,0.9993901,0.999307,0.9992474,0.99926305,0.99924636,0.9990996,0.999304,0.99929905,0.99924296,0.9992844,0.9993232,0.9992403,0.99925125,0.9991904,0.9991533,0.9992639,0.9992667,0.99929196,0.9992929,0.9992471,0.9992961,0.999115,0.9992133,0.9992188
ipip89,0.99963045,0.99955773,0.9995565,0.99950314,0.99966764,0.9994998,0.9996492,0.9995369,0.9995924,0.99951035,0.9994571,0.9995754,0.9995979,0.9994838,0.99936813,0.9995191,0.99956757,0.99949294,0.99957573,0.99958897,0.99955934,0.99954695,0.99964184,0.99953586,0.99941796,0.9995604,0.999517,0.9995361,0.9994979,0.9995142,0.99949306,0.99959856,0.99940056,0.9995346,0.99965906,0.9995922,0.9995457,0.9996109,0.99951494,0.9996006,0.9994736,0.999559,0.9994992,0.99944484,0.9994756,0.99960935,0.99953216,0.99939775,0.99961483,0.9994681,0.9995728,0.99931467,0.999997,0.9994796,0.9993973,0.9995442,0.9994395,0.9994519,0.99958646,0.9995734,0.9996253,0.9995265,0.99961597,0.99945587,0.9994333,0.99942666,0.9995784,0.9995264,0.99949306,0.99947333,0.9996941,0.9995799,0.9993722,0.99967754,0.9995263,0.9990149,0.9993743,0.99949956,0.99955034,0.9995907,0.99948245,0.99962014,0.9994041,0.99959487,0.9995926,0.99961674,0.999549,0.99944365,0.9993993,0.99952817,0.9995019,0.9996049,0.9995471,0.99934286,0.9993074,0.9993802,0.99962866,0.99948496,0.9992843,0.999322,0.99947745,0.9995234,0.9995491,0.99946904,0.9995562,0.9992905,0.9994881,0.99929786,0.99953455,0.9996346,0.9996815,0.9994871,0.9995263,0.9994904,0.99959,0.9995283,0.9995838,0.99955845,0.9996099,0.99948114,0.99959075,0.99945146,0.999594,0.99961656,0.99957263,0.9994135,0.9995324,0.9996061,0.9994414,0.9994295,0.99964774,0.9992322,0.99954236,0.99947333,0.999621,0.999639,0.9994558,0.9996074,0.99969465,0.9996406,0.9996074,0.99958843,0.99945045,0.9996004,0.9995677,0.9993949,0.9995187,0.9995064,0.9994878,0.99957746,0.99953717,0.9994583,0.99930406,0.9993059,0.9996301,0.99955356,0.9995486,0.99964154,0.99934256,0.99959385,0.9995014,0.999666,0.9995191,0.9994253,0.99964213,0.99936587,0.99965966,0.9994201,0.99960834,0.9995082,0.99964315,0.9994357,0.9995936,0.9995482,0.99950045,0.99959964,0.9995262,0.99951816,0.999473,0.9994788,0.99937516,0.99940383,0.9994814,0.99946237,0.99936306,0.9994696,0.9995236,0.999534,0.9995301,0.999396,0.9995399,0.9995726,0.9995712,0.99951875,0.9995581,0.99963415,0.99954593,0.9996001,0.9993818,0.9995026,0.9994892,0.9995567,0.9994438,0.9995898,0.999538,0.99945897,0.9995905,0.9992446,0.9994662,0.9994342,0.99952316,0.9994188,0.99952984,0.9995251,0.99951863,0.99947226,0.999488,0.9990834,0.999446,0.99950665,0.9996085,0.9995485,0.9996061,0.9995111,0.9993405,0.9996042,0.99957293,0.9995235,0.9992195,0.9993259,0.9995004,0.9995501,0.99957466,0.99952126,0.9996429,0.99945855,0.9995315,0.99955255,0.99962574,0.9994623,0.99954695,0.99950254,0.99962777,0.9994417,0.99948204,0.99951917,0.9996265,0.9996616,0.99924546,0.9996058,0.9996074,0.9996164,0.9994801,0.9996144,0.99955714,0.99954325,0.9995062,0.99958736,0.9994868,0.9995387,0.999593,0.9994137,0.99948156,0.9993697,0.99945974,0.9997477,0.99954516,0.99950475,0.9995325,0.999319,0.99968266,0.9995313,0.9995358,0.9996104,0.9995834,0.99956423,0.9995434,0.9995104,0.9993776,0.9995554,0.9995217,0.999663,0.9995218,0.9994965,0.9995982,0.99930334,0.9993058,0.9994944
ipip119,0.9995266,0.9995265,0.9994604,0.9994092,0.99951047,0.9994245,0.9995873,0.99957716,0.9996044,0.9994338,0.9993244,0.99944663,0.9995032,0.99954116,0.99932003,0.9994185,0.999536,0.99956036,0.9995921,0.999623,0.9995152,0.999555,0.9995451,0.9996547,0.99938786,0.99952304,0.9995673,0.99958235,0.9994867,0.9995154,0.99945873,0.999545,0.999344,0.9995116,0.99958396,0.9994347,0.99955344,0.999572,0.99955255,0.9995484,0.9994337,0.9994922,0.99942744,0.9993625,0.99945164,0.999474,0.9994597,0.999351,0.99954116,0.9994502,0.99958146,0.9994619,0.9994796,0.9999973,0.99945384,0.99951065,0.99928176,0.99950856,0.99943155,0.99952626,0.99952215,0.99942654,0.99953306,0.9993988,0.99939024,0.9993571,0.9995801,0.9995025,0.99946034,0.9994794,0.9995146,0.9994685,0.99931854,0.9994536,0.9994358,0.9990718,0.9993869,0.99948114,0.9995416,0.99953973,0.9994079,0.99954623,0.9993216,0.9994807,0.9995284,0.99952,0.99954766,0.9995631,0.9993472,0.9994807,0.9993951,0.9995001,0.99943733,0.99933887,0.9992311,0.99936163,0.9994763,0.9994472,0.9992336,0.99928325,0.99944043,0.99946934,0.99948794,0.9994316,0.999509,0.99934334,0.9995132,0.99924684,0.9995615,0.9995521,0.9995662,0.9993923,0.999427,0.99947155,0.9995769,0.9994487,0.9995286,0.99950856,0.9995479,0.9994731,0.99952847,0.9994558,0.9995466,0.99955505,0.9995225,0.9994156,0.9996266,0.9995454,0.99942875,0.99948,0.9994939,0.9992469,0.99941033,0.9994311,0.9994785,0.9994888,0.9993661,0.9995073,0.99957997,0.9995121,0.9995238,0.99952304,0.9994432,0.99952465,0.99950784,0.99940395,0.9994881,0.9994838,0.99940157,0.99953485,0.9995326,0.9994615,0.9993179,0.9992805,0.99954534,0.9994379,0.9994519,0.99945754,0.999305,0.9995761,0.9993869,0.99955195,0.9994468,0.9993367,0.99951065,0.9992408,0.9995663,0.9994103,0.99954355,0.99945194,0.9995089,0.9993502,0.99952745,0.9994987,0.9994951,0.99949414,0.9996059,0.99953884,0.9995367,0.99958575,0.9995458,0.99948174,0.9994411,0.99949795,0.99939096,0.9993996,0.99959165,0.9996075,0.999626,0.9995138,0.99958426,0.9995692,0.99954313,0.99950767,0.999515,0.9995544,0.9996332,0.9995738,0.9995111,0.9995144,0.9996018,0.99956805,0.9994892,0.99958026,0.9994682,0.9994013,0.9996125,0.9993361,0.9994943,0.9994535,0.9994838,0.99944717,0.9995165,0.99944735,0.9995182,0.9994048,0.99954796,0.99919593,0.9994849,0.99951476,0.99949574,0.9994971,0.99957085,0.9995011,0.9992642,0.99951726,0.99961144,0.9996337,0.9993909,0.9993268,0.99963766,0.9994518,0.999482,0.99947727,0.9995738,0.99940675,0.9995013,0.99943835,0.9995222,0.99941427,0.99954057,0.99948627,0.9995433,0.99944127,0.99947006,0.99955153,0.99940777,0.99951327,0.99922884,0.9994647,0.9995181,0.9995099,0.9994289,0.9995283,0.99949074,0.999702,0.99980557,0.99949205,0.999439,0.99949586,0.9995808,0.999536,0.9995676,0.99953526,0.99952596,0.9994926,0.99943733,0.999458,0.9994383,0.99916995,0.99957687,0.9994471,0.9994449,0.9995494,0.9994727,0.9994402,0.9994217,0.9994364,0.99937654,0.9994569,0.99940133,0.99953586,0.9995096,0.9993738,0.99952066,0.99919224,0.99922687,0.99931943
ipip149,0.9993473,0.9994304,0.99933785,0.99934196,0.9993861,0.9993724,0.9993951,0.99939793,0.99958867,0.99937785,0.9993444,0.999354,0.9993778,0.99941856,0.9993649,0.9992913,0.9993723,0.99946195,0.99942034,0.99945986,0.9993834,0.9994218,0.99946463,0.9995779,0.99935466,0.9993713,0.99963486,0.9994076,0.99939585,0.999476,0.99939066,0.99948305,0.99931294,0.9993584,0.99937594,0.9993736,0.99931973,0.9993835,0.99938637,0.99937063,0.9993814,0.9994688,0.9993927,0.9992456,0.9994333,0.99937236,0.99939865,0.99933535,0.99938834,0.99932677,0.9993945,0.99932307,0.9993973,0.99945384,0.9999979,0.9994201,0.99920464,0.9995124,0.9993989,0.99952734,0.9993909,0.999324,0.99937606,0.9994209,0.9992841,0.99935687,0.9993458,0.9994251,0.9994264,0.99946386,0.99940157,0.9994062,0.999336,0.9993499,0.99933535,0.9989743,0.99925685,0.99932945,0.9996945,0.99967366,0.99937373,0.9993933,0.9992119,0.99936056,0.9993596,0.99932975,0.9993132,0.9994506,0.99931115,0.9993339,0.99931437,0.9993252,0.9993004,0.99916613,0.9992218,0.999191,0.99936634,0.99960756,0.99919254,0.9992784,0.99929285,0.99941885,0.99934727,0.99935985,0.99937904,0.9993294,0.9993012,0.99928886,0.99942136,0.9993521,0.9994166,0.99929,0.999374,0.99930376,0.9993489,0.9993667,0.99932075,0.9993656,0.9993855,0.9993424,0.9993455,0.9992751,0.99944293,0.9994185,0.99933165,0.9993972,0.9994519,0.999456,0.9998392,0.9992945,0.9993969,0.99922675,0.999359,0.9994163,0.99935794,0.99948466,0.99944454,0.99948126,0.999434,0.99940956,0.99935573,0.9994079,0.9993751,0.99947894,0.9993952,0.9992833,0.9993638,0.9994472,0.9994687,0.9993875,0.9994786,0.9994287,0.9992576,0.99925774,0.9993508,0.9994153,0.99941295,0.9993911,0.99918675,0.99933827,0.9993292,0.9994396,0.9992934,0.99941444,0.99941415,0.9993086,0.99944407,0.999383,0.99935687,0.99928033,0.9993757,0.9992533,0.9993072,0.9993264,0.99957025,0.9993545,0.99936193,0.9993629,0.99945015,0.99932784,0.9993602,0.9995575,0.99938923,0.9995926,0.9993591,0.9992631,0.99933237,0.9993581,0.9993569,0.99938804,0.9993389,0.99943364,0.9993954,0.9995742,0.999379,0.9994163,0.99938554,0.9993832,0.99937576,0.9994296,0.99931574,0.999359,0.9993582,0.9994021,0.99940175,0.9994488,0.9994556,0.9993146,0.9994455,0.9994391,0.99945176,0.99921405,0.9995645,0.9994714,0.9996532,0.9994418,0.9993259,0.99916357,0.99928397,0.9993161,0.99940985,0.99938077,0.9993894,0.99950314,0.99927706,0.99939644,0.9993022,0.9994229,0.99933964,0.99936914,0.9993941,0.9993112,0.9994263,0.9993986,0.999385,0.9993478,0.99936193,0.9993507,0.99938786,0.99935615,0.99936,0.9993427,0.9993658,0.9994904,0.9993715,0.99942195,0.99938184,0.9994116,0.99916553,0.99939305,0.9995745,0.9995685,0.9995081,0.99956477,0.9995582,0.99933916,0.9994548,0.99948394,0.999367,0.9994291,0.99942464,0.9995698,0.9993983,0.9992856,0.99946046,0.9994428,0.9994093,0.99957144,0.9994132,0.9992692,0.9994333,0.9995095,0.9994046,0.99944395,0.9994836,0.9993882,0.99937814,0.9993413,0.99932754,0.9993686,0.999792,0.99948335,0.99942136,0.99977845,0.999444,0.999209,0.9992023,0.99925655
ipip179,0.99949026,0.9994977,0.9994678,0.9994585,0.9995038,0.99943244,0.9996003,0.9995195,0.9995985,0.99949265,0.999355,0.9994408,0.9995134,0.99941003,0.99933815,0.9993771,0.99949664,0.99948436,0.9995128,0.9994918,0.999472,0.99945766,0.9995599,0.99949867,0.99936795,0.9995145,0.9995227,0.9995209,0.9994605,0.9994576,0.9994691,0.9995632,0.99943274,0.9994888,0.99953103,0.9995184,0.99951464,0.99952656,0.9994804,0.99948937,0.9994757,0.9995617,0.9994797,0.99935055,0.9994534,0.9994995,0.9994884,0.9993214,0.99950457,0.9994162,0.99952835,0.9993734,0.9995442,0.99951065,0.9994201,0.9999974,0.999301,0.9995351,0.99946535,0.9996651,0.9994644,0.999409,0.9995136,0.9993887,0.99937385,0.99935913,0.9995217,0.9994687,0.9994119,0.9994417,0.99954486,0.9995457,0.99931437,0.99953014,0.9994272,0.99907464,0.9993629,0.9994359,0.99959254,0.99955565,0.9993895,0.9995053,0.99928564,0.99943364,0.9994826,0.9994758,0.99947846,0.99943626,0.99933505,0.99944687,0.9994144,0.9994579,0.99939734,0.99929434,0.99922377,0.9993363,0.999442,0.999451,0.9992295,0.9993058,0.9993997,0.9994285,0.99946433,0.99940455,0.99945366,0.99940425,0.99942446,0.9992508,0.99951965,0.9994962,0.9995481,0.9993674,0.9994209,0.999437,0.9995412,0.9995218,0.99950546,0.9994871,0.9994962,0.9995058,0.9995175,0.99947035,0.999557,0.9995396,0.9994477,0.99949926,0.9996051,0.9995523,0.99945104,0.9994345,0.99955493,0.9992849,0.9994498,0.9993656,0.99952465,0.9995674,0.99935025,0.99957824,0.9995782,0.99948204,0.9994586,0.9995017,0.9994007,0.99948806,0.99946177,0.99934447,0.9994481,0.9994428,0.99949455,0.999509,0.9994778,0.99943286,0.9992917,0.9992493,0.9995045,0.9995538,0.9995278,0.9995723,0.99925697,0.9995097,0.99946433,0.9996027,0.9994587,0.9993728,0.9994701,0.99933267,0.9996467,0.9993861,0.9994918,0.9994213,0.99950105,0.99937433,0.9994604,0.9994601,0.9994952,0.9995077,0.9994791,0.9994615,0.9994779,0.9994941,0.99941385,0.999451,0.9994543,0.9994821,0.99934345,0.99941057,0.99951017,0.99954534,0.99953896,0.99945974,0.9995046,0.99957216,0.9995359,0.99951386,0.9994955,0.9995434,0.99954456,0.99954754,0.9994431,0.99952424,0.999457,0.9994449,0.9994372,0.99952394,0.9994695,0.9993778,0.99955714,0.99929374,0.9995503,0.9994347,0.9995109,0.9994068,0.9994894,0.9994826,0.99956554,0.9994215,0.9994973,0.9992018,0.9994374,0.9994467,0.99953353,0.9995207,0.9995486,0.99946433,0.9992942,0.99950594,0.99951285,0.9995334,0.9993413,0.9993207,0.9995317,0.99943775,0.99948335,0.99943733,0.999515,0.9994363,0.9994565,0.99951065,0.9995528,0.9994722,0.9994793,0.9994525,0.99951464,0.999444,0.99947613,0.99950105,0.99944556,0.99953604,0.9992461,0.9995228,0.9996213,0.9996195,0.99955267,0.9996183,0.9995918,0.9995339,0.9994999,0.9994705,0.99945474,0.9994679,0.9995782,0.9994718,0.9995241,0.9994246,0.9995716,0.99958694,0.99951184,0.99945027,0.99951935,0.9993325,0.9996064,0.9995507,0.99945486,0.999606,0.99951136,0.9995226,0.99952954,0.9994207,0.9993587,0.99949926,0.999487,0.999612,0.99953604,0.99944395,0.9996067,0.9992466,0.9992902,0.9993802
ipip209,0.99939924,0.99944633,0.9993587,0.9993953,0.9995705,0.99941,0.99940044,0.99933726,0.99935997,0.99944645,0.9992837,0.999385,0.99937266,0.9992827,0.99923414,0.9992916,0.99932903,0.9992909,0.999363,0.9993268,0.9992876,0.9993206,0.9993712,0.9993202,0.9992712,0.9993348,0.9993094,0.9992904,0.99932724,0.99929625,0.9992648,0.9993335,0.99915075,0.9993758,0.9993904,0.9993809,0.99931794,0.9993857,0.9994514,0.99943674,0.99918133,0.9992893,0.99931645,0.9992484,0.99939287,0.9993918,0.9993348,0.99924934,0.9993594,0.9992301,0.99938667,0.9991435,0.9994395,0.99928176,0.99920464,0.999301,0.9999982,0.9992973,0.9994885,0.99937487,0.99936616,0.9992722,0.99935764,0.99934214,0.99922913,0.99926466,0.99933165,0.9993026,0.99930364,0.9992989,0.999417,0.99934226,0.9992131,0.9993816,0.9993266,0.9988602,0.9991832,0.9992646,0.99931246,0.9993342,0.9993045,0.99940103,0.99920404,0.99938405,0.9993766,0.9993702,0.99932206,0.99924815,0.9992411,0.9993102,0.9993139,0.99935293,0.9993112,0.9991515,0.9991058,0.99913293,0.9994096,0.9992356,0.9991144,0.9991114,0.999244,0.9993143,0.99932057,0.99928474,0.99936944,0.99908704,0.9992524,0.99912524,0.9993001,0.9993636,0.9994094,0.9992773,0.9993601,0.9992733,0.999357,0.9993478,0.99933517,0.99934906,0.99938893,0.99925447,0.9993115,0.9992094,0.99932593,0.9993259,0.9993096,0.99920666,0.9992635,0.99931896,0.99921936,0.9991779,0.99937445,0.9990152,0.9992497,0.9992124,0.9993629,0.99938214,0.99924904,0.99930465,0.9993905,0.9993769,0.99939585,0.9993375,0.9992504,0.9993737,0.99936485,0.9991467,0.99931604,0.99932164,0.9992215,0.99933416,0.9993027,0.99924725,0.99913955,0.9990843,0.9993841,0.9993525,0.99933475,0.9993783,0.99918807,0.99936026,0.99923193,0.9994095,0.9993003,0.99930906,0.99941367,0.9992015,0.9993679,0.9992278,0.9993591,0.99930465,0.99939036,0.99925137,0.999353,0.999292,0.99929225,0.9993299,0.9993013,0.9993724,0.9992752,0.9992236,0.9991583,0.9992024,0.9992131,0.9992621,0.9991792,0.999212,0.99930716,0.999299,0.99930197,0.99919933,0.9993159,0.999326,0.9993392,0.9992891,0.9993496,0.9993745,0.9993219,0.99935204,0.99918,0.99932975,0.999299,0.9993247,0.9992348,0.9993592,0.9993018,0.9992399,0.99932104,0.9991059,0.9992316,0.9992192,0.9992707,0.99917334,0.9993053,0.99925786,0.9992704,0.999297,0.9992557,0.99892426,0.9992468,0.999311,0.9993654,0.99931735,0.99934053,0.99930984,0.99916714,0.99936587,0.9993077,0.9992772,0.99905586,0.99915445,0.9992633,0.9992857,0.9993434,0.99936074,0.999376,0.9992035,0.9993267,0.9993194,0.99936175,0.99923515,0.999357,0.99928105,0.99936163,0.9992655,0.9992519,0.99932224,0.99952275,0.99939656,0.9990182,0.9993415,0.99938864,0.9993879,0.9992549,0.99937224,0.99930704,0.9993188,0.99929047,0.9993546,0.9992508,0.99933344,0.99934596,0.9992095,0.9992507,0.99915755,0.9992544,0.99941874,0.9993024,0.9992998,0.999303,0.999143,0.99939996,0.9993118,0.9993233,0.99937046,0.99936604,0.99930423,0.9992974,0.99929386,0.9991845,0.9993203,0.99932075,0.9993835,0.9993116,0.9992814,0.9993375,0.9993123,0.9991504,0.9994259
ipip239,0.99945873,0.99948746,0.9994326,0.9994136,0.99948204,0.9994821,0.99952734,0.9994843,0.99959993,0.99944246,0.99943537,0.9994834,0.99950117,0.9994501,0.99942726,0.99944746,0.9995062,0.9995227,0.9995495,0.9995156,0.9994597,0.9994978,0.9995339,0.99956626,0.9994039,0.999517,0.9995308,0.99950355,0.9995163,0.9995346,0.9994488,0.99957615,0.99949455,0.9994587,0.99950635,0.9994647,0.99950695,0.99951476,0.99951506,0.9995032,0.999473,0.99957,0.9994353,0.9994262,0.9994534,0.9994753,0.9994411,0.9993893,0.9995284,0.99943984,0.9995159,0.9993939,0.9994519,0.99950856,0.9995124,0.9995351,0.9992973,0.9999979,0.9994604,0.9995906,0.99949706,0.99940217,0.9994904,0.9994238,0.9994026,0.99942076,0.99951065,0.99950284,0.99944776,0.9995286,0.999505,0.999519,0.9993638,0.99944204,0.9994343,0.9991501,0.9993963,0.9994708,0.99959695,0.99958456,0.9995626,0.9995261,0.9993392,0.9994862,0.9995084,0.99948305,0.99949443,0.9994636,0.99938864,0.99947804,0.99946743,0.99948263,0.9994052,0.9992918,0.99928874,0.999283,0.9994371,0.9994993,0.99929506,0.9993611,0.9994041,0.9994563,0.99947333,0.9994634,0.9995,0.99941826,0.99946743,0.99929994,0.99952054,0.9995192,0.9995961,0.99941784,0.99945533,0.9994876,0.99950427,0.99948335,0.99949414,0.99949855,0.9995496,0.99946177,0.9994615,0.9993877,0.9995209,0.99949896,0.9994474,0.99943084,0.9995615,0.9995884,0.99954116,0.9994125,0.99949,0.99931115,0.99941057,0.9993933,0.99946594,0.99952805,0.999428,0.99953705,0.9995843,0.9994907,0.9994977,0.99958,0.99940926,0.9994957,0.9995026,0.99937,0.99953026,0.999481,0.9995604,0.99952716,0.9994984,0.99945056,0.9993313,0.9993007,0.99948776,0.99952626,0.99951583,0.9994708,0.9993156,0.9994795,0.9993886,0.99953914,0.99942917,0.99943066,0.9994922,0.99936754,0.99953055,0.99942565,0.99945444,0.99944377,0.99948937,0.9994495,0.9994831,0.9994495,0.9995084,0.999523,0.9996016,0.9995552,0.9995197,0.9994905,0.99951196,0.9995266,0.99943995,0.999545,0.9995388,0.9993604,0.9994787,0.9994952,0.99950844,0.9994576,0.99950224,0.99957883,0.9995624,0.9995396,0.99953485,0.9995776,0.9995421,0.9995038,0.99945444,0.99948525,0.99943644,0.9994883,0.9994091,0.9995723,0.99945927,0.99939823,0.99952286,0.99941546,0.999539,0.9995404,0.99949527,0.9993904,0.99952716,0.9994416,0.99957585,0.9994285,0.9995066,0.99928296,0.99944663,0.99948984,0.9995339,0.99955904,0.99953103,0.9994967,0.99939877,0.99955726,0.9995045,0.99956244,0.99941456,0.9994196,0.9995308,0.99942946,0.9994866,0.9995216,0.9995175,0.9994135,0.9994469,0.99942005,0.9995376,0.99948394,0.9995325,0.99954176,0.99954253,0.9994844,0.9995381,0.99950886,0.99946225,0.99949896,0.9992523,0.99946916,0.9995871,0.9995852,0.999524,0.99958676,0.9995446,0.9994855,0.9994929,0.9994683,0.99944466,0.9995844,0.9995704,0.99952835,0.99953306,0.99937,0.99953496,0.99949926,0.99947804,0.99945235,0.99950093,0.99930114,0.99954355,0.99957794,0.99942344,0.9995319,0.9994793,0.99946725,0.99945676,0.9994084,0.9993892,0.9995514,0.9995341,0.99961436,0.99948823,0.9995094,0.9995717,0.99926406,0.9992854,0.99933964
ipip269,0.9995529,0.99961907,0.999521,0.9996307,0.9996542,0.9995523,0.99957156,0.9994956,0.9995501,0.9996612,0.99941844,0.999488,0.9995122,0.99945873,0.9993755,0.9994512,0.999509,0.9994661,0.9995193,0.9995257,0.999497,0.9995026,0.99952483,0.99951553,0.99937236,0.9994936,0.9994636,0.9994934,0.9994714,0.99947256,0.9994119,0.99948806,0.9993147,0.9994578,0.999549,0.9994571,0.9994822,0.9995307,0.9994829,0.9995021,0.99935627,0.9994644,0.99946237,0.9994043,0.99955565,0.999558,0.9994676,0.9993667,0.99952203,0.99941415,0.999512,0.99937993,0.99958646,0.99943155,0.9993989,0.99946535,0.9994885,0.9994604,0.9999985,0.999537,0.99953914,0.999426,0.99953926,0.9994564,0.9993698,0.99942017,0.9994984,0.99945515,0.9994223,0.9994507,0.9995201,0.99948287,0.9993337,0.9994638,0.99943286,0.9990267,0.9993302,0.9994486,0.9994796,0.9994907,0.99942,0.99954116,0.99934787,0.99950224,0.9994986,0.9994991,0.9994593,0.99944746,0.9993347,0.999457,0.99943453,0.9995051,0.99944836,0.99930143,0.9992515,0.99931043,0.99951184,0.99942553,0.99928474,0.9992778,0.9994204,0.9994769,0.9994785,0.99943215,0.9995155,0.9992867,0.9994031,0.99926835,0.99946684,0.99951917,0.9995534,0.9994108,0.99949294,0.999442,0.9995001,0.9994593,0.9994958,0.9994819,0.9995367,0.9994199,0.99949044,0.999386,0.99952877,0.9995233,0.9994893,0.99938655,0.9994692,0.9995021,0.9994103,0.9993788,0.9995004,0.9992019,0.99939555,0.9994053,0.99947757,0.9995623,0.9994419,0.9994688,0.99954134,0.9995013,0.9995381,0.99950993,0.99944234,0.99952894,0.99951977,0.9993561,0.99946123,0.9994422,0.9994155,0.99950534,0.9994717,0.9994143,0.99926645,0.99927384,0.99952507,0.99947363,0.9994595,0.9994888,0.9993426,0.9994969,0.99937034,0.99955076,0.9994522,0.9994283,0.9995221,0.99933845,0.9994989,0.9993485,0.9994858,0.99944276,0.9995137,0.99935365,0.99949104,0.9994669,0.99945015,0.9994957,0.9994731,0.999501,0.99941164,0.999395,0.9993299,0.99936527,0.999384,0.9994184,0.9993397,0.99939436,0.9994447,0.99944913,0.9994502,0.9993437,0.9994582,0.9994859,0.9994977,0.9994495,0.99950457,0.99953043,0.9994866,0.9995023,0.9993449,0.9994558,0.9994051,0.9994897,0.99942917,0.999516,0.9994956,0.9994057,0.9994759,0.9992967,0.99944,0.9994156,0.99945587,0.99935347,0.999457,0.99946326,0.99944806,0.999525,0.9994224,0.99911183,0.9993888,0.9994303,0.9994887,0.9994806,0.99950147,0.99947685,0.9993267,0.999529,0.9994681,0.9994472,0.99931765,0.9993206,0.9994253,0.9994491,0.9995138,0.9995118,0.9995463,0.99936426,0.9994245,0.9994397,0.9994862,0.9993958,0.999478,0.99944705,0.99951637,0.9993727,0.99943346,0.9994535,0.99959064,0.9995142,0.9991963,0.99945635,0.9995239,0.99952006,0.99940115,0.99951166,0.9994599,0.9994516,0.99947864,0.9994768,0.9994542,0.9995179,0.9995143,0.99937385,0.9994341,0.9992967,0.9994654,0.9995302,0.9994484,0.99943835,0.9994577,0.9992969,0.9995296,0.99945164,0.99942875,0.9995035,0.99949193,0.9994597,0.9994351,0.999401,0.9993548,0.99947095,0.99944335,0.99953485,0.9994397,0.99941236,0.999485,0.99939054,0.9993456,0.9995623
ipip299,0.99958724,0.99950576,0.9995117,0.9994656,0.9995759,0.9995119,0.9996733,0.9995374,0.99966365,0.9995066,0.9994977,0.99954045,0.99955946,0.99947786,0.9994751,0.99951476,0.99958044,0.99949974,0.99960685,0.9995849,0.99954414,0.99952364,0.9996258,0.99959683,0.9994888,0.9996168,0.9995447,0.9995878,0.9995577,0.9995516,0.99955386,0.999862,0.99953353,0.999591,0.99963677,0.99960226,0.99960387,0.9996613,0.9995906,0.9996114,0.99949545,0.9996014,0.9995127,0.9994274,0.99952364,0.99958646,0.9995457,0.9994277,0.99957484,0.99945855,0.9995695,0.99932194,0.9995734,0.99952626,0.99952734,0.9996651,0.99937487,0.9995906,0.999537,0.99999845,0.99960226,0.9994911,0.9996137,0.9995176,0.9994587,0.99950564,0.9996125,0.99968797,0.99956447,0.9996089,0.9996533,0.9995986,0.9993855,0.99957544,0.999458,0.9990883,0.9994151,0.99950737,0.9996899,0.99968266,0.9994923,0.9996281,0.9993858,0.99957705,0.9995404,0.99961334,0.9995904,0.9995067,0.99939275,0.99955004,0.99949944,0.99958974,0.9995306,0.9993012,0.9992756,0.9993286,0.99962735,0.9995774,0.99932563,0.99934644,0.9994948,0.999575,0.9995488,0.9995425,0.99955994,0.99948204,0.999541,0.99940413,0.99963975,0.9996083,0.99967116,0.9994387,0.9995007,0.9994928,0.99961597,0.9995227,0.9995875,0.999601,0.99961364,0.9995092,0.99957734,0.9994658,0.99961674,0.999602,0.99955374,0.9995297,0.99960864,0.9995921,0.999584,0.99943835,0.9996323,0.9992538,0.9994528,0.99941087,0.99960357,0.9996122,0.99949634,0.9997235,0.9996693,0.9996203,0.9996201,0.9995853,0.9995311,0.99958867,0.9995795,0.9993785,0.99955624,0.99958575,0.9995969,0.999562,0.99960834,0.9995122,0.9993294,0.9993942,0.9996254,0.9995729,0.9995604,0.9995786,0.999289,0.999626,0.9994436,0.99966466,0.9995286,0.99951905,0.9996331,0.9994231,0.99971396,0.99949545,0.9995737,0.99949074,0.9996434,0.9993945,0.99959165,0.9995505,0.99964035,0.9995934,0.9995496,0.9995571,0.9995432,0.99953973,0.9994362,0.9995461,0.99946916,0.9995834,0.99945796,0.9994432,0.9995985,0.9996277,0.9996118,0.99949235,0.9996115,0.99965453,0.99963725,0.9996516,0.9995984,0.99966735,0.9996102,0.9996843,0.9994746,0.99959004,0.9995296,0.99960864,0.99947435,0.99962866,0.99957,0.99952215,0.9996418,0.9993425,0.99960196,0.9994967,0.9995639,0.99946904,0.99963033,0.99956226,0.9996347,0.9995851,0.9995368,0.99926794,0.99949306,0.99954456,0.99963516,0.99958867,0.99963796,0.9996167,0.99941164,0.9996547,0.9995922,0.999593,0.9994747,0.9996382,0.99957615,0.99952155,0.9996904,0.99961025,0.99964386,0.9994672,0.99954474,0.99951744,0.99962115,0.999466,0.9995224,0.9994693,0.9996356,0.9995732,0.9995316,0.99960756,0.9994938,0.99965155,0.9992365,0.9995436,0.99974257,0.9997319,0.9995966,0.9997339,0.99964637,0.9995381,0.999541,0.99954766,0.9994494,0.99957865,0.9996385,0.99951404,0.9995279,0.999389,0.99965495,0.99961984,0.9995302,0.9995521,0.99954414,0.99931353,0.99971354,0.9996853,0.99951106,0.9996772,0.9995685,0.99955124,0.9995479,0.9995271,0.9995395,0.999521,0.99960166,0.99965036,0.99960256,0.9995678,0.9996315,0.999287,0.9992598,0.9994324
ipip5,0.9996799,0.9995609,0.9995865,0.9995,0.9996449,0.9995652,0.9996729,0.9995648,0.99962133,0.99948496,0.99951077,0.9996745,0.9996197,0.99954164,0.9995087,0.99958116,0.99965584,0.9995191,0.9996608,0.99967265,0.99966383,0.99963486,0.9996603,0.99958545,0.9995448,0.9995958,0.9994831,0.9996425,0.99957955,0.99956656,0.9995882,0.9996367,0.99942404,0.9996354,0.9997128,0.9995936,0.999631,0.99969876,0.9996317,0.99966186,0.99941653,0.9995608,0.99957836,0.99949664,0.99949855,0.9996444,0.9995875,0.99956584,0.99968624,0.99952954,0.9995734,0.99926984,0.9996253,0.99952215,0.9993909,0.9994644,0.99936616,0.99949706,0.99953914,0.99960226,0.99999726,0.99969447,0.99985707,0.9995879,0.999636,0.9996372,0.9996989,0.9996498,0.9995974,0.99955565,0.9997295,0.9996749,0.9994263,0.99963504,0.99967843,0.9991543,0.9994999,0.9996128,0.99956274,0.9996124,0.9996221,0.9997566,0.9996067,0.9997109,0.99966383,0.9997345,0.99969465,0.99962175,0.9995352,0.99964213,0.9996075,0.99975103,0.9997071,0.9994879,0.9994638,0.9994149,0.9996904,0.9995675,0.9994391,0.9994302,0.9997328,0.9996792,0.99977595,0.9996374,0.9997779,0.9994189,0.9996188,0.9994239,0.99970573,0.99974376,0.9997744,0.9995832,0.9996218,0.9995897,0.99971104,0.9995768,0.99968463,0.99972785,0.9997018,0.99959296,0.99970835,0.99953306,0.9996702,0.9997149,0.99966705,0.99947125,0.9995656,0.9996141,0.99946743,0.9994679,0.99967504,0.99933314,0.99952644,0.9995489,0.99965054,0.999617,0.9995069,0.99960726,0.99971396,0.99968547,0.99975836,0.9996896,0.99959,0.9996517,0.9997201,0.9994371,0.9996571,0.9996096,0.99947256,0.9996116,0.99967587,0.9995783,0.99950355,0.99952346,0.9997628,0.9996142,0.9996117,0.9996241,0.99940586,0.9997091,0.99947196,0.99970835,0.9996127,0.999529,0.9997053,0.9993996,0.99963844,0.99956846,0.99967825,0.99959636,0.9997058,0.9994814,0.9997081,0.9996473,0.99959165,0.9996548,0.9996128,0.99956536,0.99953496,0.9995716,0.9994802,0.9994816,0.99957806,0.99954355,0.99943495,0.99957395,0.9996193,0.9996301,0.9996238,0.999497,0.9996551,0.9996625,0.99965435,0.9996135,0.9996973,0.9997222,0.9996555,0.99965507,0.9994851,0.9995557,0.9995937,0.9996471,0.999493,0.99967486,0.99964845,0.99959356,0.9996633,0.99936205,0.99951816,0.9994534,0.999564,0.99951965,0.9996138,0.9996386,0.99954414,0.9996277,0.99960226,0.9992295,0.9996196,0.9996486,0.99967545,0.9996387,0.99973094,0.999685,0.99941707,0.9997055,0.9996528,0.99963963,0.9993539,0.9994563,0.99959797,0.9996466,0.9997612,0.99968123,0.9997917,0.9995443,0.9996332,0.9995596,0.99966824,0.9995065,0.99963564,0.9996055,0.9997106,0.99953175,0.9995649,0.9996087,0.9995451,0.9997193,0.9992296,0.99958605,0.99966407,0.99966735,0.9995243,0.99966943,0.9995954,0.99962276,0.9995704,0.99962723,0.99951726,0.999654,0.99966633,0.9994621,0.99955285,0.9994134,0.9994861,0.9996538,0.9995994,0.9995873,0.99963546,0.9993186,0.9996988,0.9995133,0.99959046,0.9996349,0.99960506,0.99965566,0.9995857,0.9996277,0.9995537,0.99959534,0.9995375,0.99966973,0.99958426,0.99951494,0.99963456,0.99925154,0.99921983,0.99948764
ipip35,0.99951565,0.9994468,0.99949807,0.99937135,0.9995263,0.99944896,0.9995199,0.999432,0.9995105,0.99937814,0.9993918,0.9995091,0.9995054,0.99942446,0.99941975,0.9994546,0.9994978,0.9994361,0.99953336,0.9995028,0.99953806,0.9995101,0.99957764,0.99947125,0.9994582,0.9994895,0.9994,0.99950397,0.9994439,0.9994472,0.9994817,0.99950814,0.9993274,0.99951404,0.9995337,0.99947923,0.9994789,0.99951327,0.99947196,0.9995199,0.99934626,0.99946994,0.99953645,0.9993942,0.9995286,0.99957687,0.9995311,0.99946195,0.9996139,0.9994251,0.9994533,0.99924725,0.9995265,0.99942654,0.999324,0.999409,0.9992722,0.99940217,0.999426,0.9994911,0.99969447,0.9999969,0.9996771,0.9995191,0.9995069,0.99952435,0.99953413,0.99949676,0.9995163,0.9994236,0.9995758,0.999538,0.99933636,0.99951696,0.9995133,0.9990204,0.99936986,0.99945265,0.9994788,0.9995134,0.9994467,0.9995743,0.9993973,0.99953914,0.99949986,0.99952877,0.999496,0.9994553,0.9994383,0.9994979,0.9994582,0.9996105,0.99951017,0.9993895,0.99946237,0.99933606,0.9995143,0.9994819,0.9993397,0.9993368,0.99947757,0.9995305,0.9995548,0.99950385,0.9995772,0.99933344,0.9994606,0.99929255,0.99953395,0.99952835,0.9996054,0.99944735,0.9995127,0.9994441,0.9995364,0.99947757,0.9995425,0.999573,0.9995376,0.99943566,0.9995815,0.9994209,0.99959713,0.9996189,0.9994988,0.99938345,0.9994812,0.99947745,0.9994054,0.99935144,0.9995473,0.9992394,0.99946606,0.99959105,0.9995088,0.9995155,0.99937445,0.99946636,0.9995494,0.99951315,0.9995869,0.99955976,0.9994665,0.9995187,0.9995788,0.99931496,0.999519,0.99950653,0.9994033,0.9994901,0.9995299,0.9994581,0.999469,0.99942875,0.99961674,0.9995199,0.99953043,0.9995174,0.9992959,0.9995407,0.99942106,0.9996019,0.99948245,0.99941474,0.99953544,0.9992918,0.9995063,0.9994532,0.9995233,0.999469,0.99957013,0.99937326,0.9995213,0.9995035,0.9994822,0.99950826,0.99947953,0.9994506,0.9994397,0.9994515,0.9993928,0.9994103,0.99946797,0.9994546,0.9993328,0.9994853,0.9994723,0.999484,0.99948317,0.9993944,0.99949473,0.9995229,0.9995195,0.9995061,0.999552,0.99956,0.99950415,0.9995085,0.999373,0.99946463,0.9994248,0.99947655,0.99941885,0.99952626,0.99958485,0.9995064,0.9995397,0.9992764,0.9994492,0.99936455,0.9994854,0.9993933,0.9995134,0.99960667,0.9994641,0.99951077,0.99946153,0.9991942,0.9995005,0.9994661,0.9995666,0.9995281,0.9995762,0.99954164,0.9993398,0.9995474,0.9995055,0.99949515,0.9992934,0.99932367,0.99946046,0.99954146,0.9996309,0.9995677,0.9996276,0.9994633,0.9995196,0.9994618,0.9995667,0.9994394,0.99953574,0.999484,0.9995554,0.9994717,0.9994579,0.99949855,0.9994904,0.99957585,0.99921685,0.9995185,0.999566,0.9995584,0.99943393,0.99955297,0.9995028,0.9994973,0.9994325,0.9995672,0.9994497,0.9995153,0.9995285,0.999404,0.9994184,0.99930704,0.9993856,0.99953717,0.9994836,0.99953127,0.999531,0.99935937,0.9995521,0.9994125,0.9994818,0.9994948,0.99951106,0.9995383,0.99949425,0.9995202,0.9994622,0.99951017,0.9994398,0.9995224,0.9994817,0.99941754,0.99949205,0.9991821,0.9991789,0.9993323
ipip65,0.9996692,0.99952585,0.99957293,0.9994673,0.99961305,0.99955785,0.9996735,0.9995663,0.9996229,0.9994593,0.9994707,0.999641,0.9996197,0.9995225,0.9994979,0.9995393,0.99966395,0.99953234,0.99964863,0.9996695,0.99967426,0.9996591,0.99964684,0.99959326,0.99953437,0.9995926,0.99947995,0.99964535,0.99956405,0.9995657,0.9996111,0.9996467,0.9994578,0.9996618,0.99970263,0.9995921,0.99961835,0.99968725,0.99961627,0.9996789,0.99945015,0.99957496,0.999568,0.99950904,0.9994723,0.99962413,0.9995836,0.99951565,0.9996676,0.99952346,0.9995777,0.99927455,0.99961597,0.99953306,0.99937606,0.9995136,0.99935764,0.9994904,0.99953926,0.9996137,0.99985707,0.9996771,0.99999756,0.99956316,0.9995963,0.9996019,0.9996955,0.9996394,0.99960005,0.99953717,0.9997348,0.99967194,0.9994383,0.999642,0.99965703,0.99911773,0.9994872,0.9996044,0.9995812,0.9996251,0.9995752,0.9997335,0.9995678,0.9996808,0.99964845,0.9997167,0.9996538,0.99959904,0.99950314,0.9996166,0.99959695,0.99973756,0.9996908,0.9994918,0.99944025,0.9993906,0.9996828,0.9995207,0.9994124,0.9994024,0.9996685,0.9996766,0.9997327,0.99962944,0.99976087,0.9994155,0.9995901,0.9994138,0.9996977,0.99973744,0.9997677,0.99957633,0.9995905,0.9995918,0.9997076,0.99958813,0.999693,0.9997111,0.9997142,0.99960697,0.9997231,0.99955875,0.99968046,0.99977386,0.99965966,0.9994921,0.99958503,0.99960786,0.99944866,0.9994718,0.999679,0.9993559,0.99952316,0.9995443,0.9996467,0.9996174,0.9994945,0.99961436,0.99971795,0.9996991,0.9997768,0.99968654,0.9995594,0.99964684,0.9997411,0.9994557,0.99966586,0.999618,0.99947935,0.9996238,0.99967504,0.99958646,0.99950147,0.9995849,0.99978095,0.99963975,0.99961954,0.99965626,0.9994524,0.999733,0.99947834,0.9997097,0.9996364,0.99951047,0.9997005,0.99939317,0.99966013,0.99956405,0.9996752,0.99961895,0.99968535,0.99949163,0.99969375,0.9996578,0.9995975,0.99967533,0.99962145,0.99957156,0.9995214,0.9995909,0.99947715,0.9995147,0.99958444,0.9995787,0.99942476,0.99962175,0.9996302,0.999649,0.99964297,0.99950385,0.99964416,0.9996779,0.9996755,0.9996316,0.9997487,0.9997305,0.99965894,0.99963486,0.99948436,0.999545,0.99960774,0.9996424,0.99948335,0.99969167,0.99964607,0.9995419,0.9996741,0.9993164,0.9995362,0.99944603,0.99954784,0.99954695,0.99962157,0.9996735,0.99957424,0.9995789,0.9995853,0.9991832,0.99957204,0.99961305,0.99965984,0.9996235,0.9997282,0.9996516,0.99939007,0.9996932,0.99967045,0.99965936,0.99936527,0.9994385,0.999615,0.99970984,0.99978894,0.9996705,0.9997979,0.9996166,0.9996345,0.99957585,0.99966127,0.99950653,0.99961543,0.999591,0.9997207,0.9995211,0.9995792,0.9996133,0.9995172,0.99971336,0.9992345,0.99959046,0.99965036,0.9996538,0.99950534,0.9996609,0.99958336,0.9996321,0.9995714,0.9996213,0.9995086,0.9996214,0.9996833,0.99948215,0.999556,0.99942374,0.99949366,0.9996671,0.9995803,0.99958456,0.9996052,0.99931973,0.99971056,0.9995164,0.99959743,0.9996362,0.9996094,0.9996508,0.99957615,0.999632,0.9996038,0.999606,0.99951965,0.99967855,0.99960226,0.9994992,0.9996451,0.9992227,0.9992147,0.9994794
ipip95,0.999553,0.999523,0.99947774,0.9994659,0.9995834,0.99953234,0.99953455,0.9994836,0.9996264,0.9994586,0.99943596,0.9995503,0.99945,0.9994239,0.9994883,0.9994027,0.99949735,0.99945635,0.99951804,0.9995033,0.9994952,0.9994912,0.99950653,0.99959564,0.99954736,0.9994793,0.99947155,0.9994956,0.999466,0.99942625,0.9995379,0.9995163,0.9993585,0.99958265,0.99955636,0.9994942,0.99944365,0.9995139,0.99949914,0.9995738,0.99931353,0.9994182,0.99952215,0.9993596,0.99953735,0.99957657,0.99958616,0.99954104,0.9995611,0.99939734,0.99949694,0.99923337,0.99945587,0.9993988,0.9994209,0.9993887,0.99934214,0.9994238,0.9994564,0.9995176,0.9995879,0.9995191,0.99956316,0.9999986,0.9994569,0.9995269,0.99953395,0.999511,0.999559,0.9994519,0.9995913,0.99949086,0.99935776,0.9994918,0.99946374,0.99900234,0.9993383,0.999467,0.9995578,0.9996061,0.9995054,0.9995974,0.9993592,0.99957496,0.99953103,0.99953645,0.99951065,0.9994248,0.99937665,0.999526,0.99948305,0.9995548,0.9994732,0.9992936,0.9992386,0.9992213,0.9995448,0.9995155,0.99925274,0.9993002,0.9994049,0.99964,0.999501,0.9995261,0.99957496,0.999312,0.9994466,0.9993663,0.9995287,0.99953747,0.9995848,0.9994804,0.9995911,0.9994241,0.99951947,0.99946934,0.9995213,0.9995415,0.99954623,0.9994439,0.99949116,0.9993641,0.9996005,0.99957436,0.99944717,0.99944526,0.99947995,0.99945587,0.9995166,0.9993239,0.9995308,0.9992147,0.9994229,0.99943334,0.9994835,0.9995214,0.99946463,0.9994539,0.99954325,0.9995729,0.9996108,0.9995359,0.9994352,0.999558,0.99957657,0.9992902,0.99955666,0.99957216,0.9993514,0.9995047,0.99960667,0.99954253,0.99936724,0.99929965,0.9995848,0.99949753,0.99952036,0.99948025,0.99925965,0.99954605,0.99937296,0.9995659,0.9994497,0.99948627,0.9995691,0.99929667,0.99948424,0.9995459,0.99953043,0.99942654,0.9995684,0.99937636,0.99951977,0.99949676,0.9995715,0.999485,0.9994826,0.99952614,0.999518,0.99941313,0.99938977,0.99946296,0.9994814,0.99953204,0.9993018,0.99936986,0.9994714,0.9994855,0.9994881,0.99947834,0.999522,0.9995264,0.999521,0.9995956,0.99958694,0.9995581,0.99954844,0.9995094,0.99945974,0.99953526,0.99947685,0.99955344,0.9994499,0.99954075,0.99962693,0.9996005,0.99960315,0.9993807,0.9994231,0.9994428,0.9995005,0.9994145,0.99960476,0.9996035,0.99951184,0.9995764,0.99943435,0.9991432,0.99942714,0.99949586,0.9995466,0.9994804,0.9995339,0.9996166,0.9992829,0.99954253,0.999479,0.99950075,0.999282,0.99944794,0.99946374,0.9994884,0.99957454,0.9996229,0.9995735,0.9994416,0.99957675,0.9994394,0.9995307,0.9994081,0.99949133,0.9994506,0.999532,0.999484,0.9994281,0.9995144,0.99953747,0.99956536,0.9990946,0.9994539,0.9995612,0.99955255,0.99939716,0.9995488,0.9994533,0.9994746,0.99946,0.99959224,0.99941397,0.9995665,0.9995209,0.9994601,0.9994467,0.9992762,0.9993951,0.999507,0.99945223,0.9995788,0.999482,0.9993193,0.9995466,0.9994256,0.99955523,0.9994985,0.9996167,0.9994416,0.9994251,0.9995835,0.9994109,0.9994774,0.99956393,0.99950236,0.9994944,0.99954766,0.9994404,0.999321,0.9991349,0.9993709
ipip125,0.9994714,0.99943274,0.99940276,0.9993413,0.999471,0.9994098,0.9994745,0.9994166,0.9994769,0.99933493,0.99932873,0.99948686,0.99946165,0.999395,0.9994006,0.9994001,0.9995046,0.9994113,0.99950033,0.999487,0.9995223,0.9994891,0.9995218,0.9994529,0.9995043,0.99945503,0.9993394,0.9995144,0.9994486,0.9994154,0.99944884,0.99947405,0.999276,0.9995192,0.9995173,0.9994681,0.99945706,0.9995079,0.99951404,0.9995074,0.99928313,0.99938977,0.9994495,0.9993203,0.99940044,0.99947363,0.9994705,0.99948084,0.99950683,0.9994268,0.99942964,0.9991878,0.9994333,0.99939024,0.9992841,0.99937385,0.99922913,0.9994026,0.9993698,0.9994587,0.999636,0.9995069,0.9995963,0.9994569,0.9999983,0.9994677,0.9995324,0.9994686,0.9994935,0.99941397,0.99954766,0.9995235,0.9992844,0.9994574,0.9995014,0.99901164,0.9993671,0.99945056,0.9994308,0.99946547,0.9994758,0.9995598,0.99935454,0.9995279,0.9995055,0.9995327,0.99950355,0.9994484,0.9993729,0.9994507,0.99947405,0.9995555,0.9995338,0.99930984,0.9992672,0.9992772,0.9994953,0.9994051,0.9992566,0.99930024,0.9994721,0.9995297,0.99955,0.9995061,0.99958354,0.99934196,0.99943453,0.9993363,0.99953073,0.99953,0.99955434,0.9994363,0.99945897,0.9994546,0.9995831,0.9995043,0.99951464,0.9995784,0.99953157,0.9995117,0.99957293,0.9994066,0.99950165,0.99953324,0.9994834,0.9993661,0.9994351,0.9994172,0.99935365,0.9993372,0.99951816,0.9992748,0.9994124,0.99941605,0.9994938,0.99946463,0.99937296,0.99942714,0.9995039,0.9995039,0.9995618,0.9995468,0.9994377,0.99948305,0.9995404,0.9992985,0.99951726,0.99949116,0.99932504,0.9994938,0.999525,0.9994752,0.9993833,0.9993211,0.99958813,0.9995064,0.9994991,0.9994588,0.9992271,0.9995344,0.99937373,0.9995379,0.9994669,0.99940795,0.99950755,0.9992491,0.9994516,0.99947983,0.9995002,0.99942464,0.9995045,0.99937767,0.9994931,0.99950165,0.9994601,0.9994585,0.99944776,0.9994119,0.9993953,0.9994419,0.99941075,0.99935293,0.9994201,0.9994068,0.99924093,0.99944085,0.9994763,0.99948454,0.99948573,0.9994276,0.9994981,0.9995018,0.99948275,0.9994702,0.9995384,0.99952567,0.99950254,0.9994376,0.99939567,0.99943036,0.99943584,0.99945813,0.9993599,0.99947715,0.99946845,0.9994371,0.99951506,0.9992562,0.9994366,0.9993294,0.99942154,0.9994074,0.99946535,0.9995019,0.999421,0.99949104,0.9994444,0.9991404,0.99944836,0.9995185,0.99951553,0.9994398,0.9995354,0.9995275,0.999258,0.9995086,0.9994731,0.9994937,0.99923986,0.99944067,0.99947095,0.99945354,0.99959385,0.9995134,0.99957323,0.9993945,0.9995686,0.99947417,0.99954814,0.9994479,0.99947923,0.9994831,0.99950874,0.99946725,0.99943006,0.9995238,0.9994081,0.9995336,0.99914443,0.9994404,0.9995043,0.9995128,0.9994051,0.9995059,0.9994445,0.99947083,0.9994201,0.9995018,0.9993864,0.99950844,0.99949175,0.9993425,0.9994093,0.9992829,0.99936056,0.9994669,0.99949825,0.9994775,0.99952626,0.99920315,0.99950355,0.99938065,0.9994598,0.99947155,0.9994894,0.99957556,0.99946326,0.99951136,0.9993999,0.99953896,0.9994254,0.99949104,0.9994821,0.9993972,0.9994489,0.99918205,0.9991208,0.99931645
ipip155,0.99945873,0.9994233,0.99942607,0.99936044,0.9994641,0.9994641,0.9994581,0.9994031,0.99948263,0.9993621,0.99934655,0.99948806,0.9995251,0.9994231,0.9998114,0.99944836,0.99950016,0.99940145,0.9995116,0.9994594,0.9994934,0.9994771,0.9995335,0.9994533,0.9994843,0.9994138,0.99937874,0.9994815,0.99940544,0.9994103,0.9994471,0.99951464,0.9993104,0.9995082,0.99945754,0.9994747,0.9994164,0.9994594,0.99949926,0.9994904,0.99930173,0.99942356,0.99944705,0.99928385,0.9994268,0.9994691,0.9994819,0.99964607,0.9994601,0.99938494,0.99938965,0.9991802,0.99942666,0.9993571,0.99935687,0.99935913,0.99926466,0.99942076,0.99942017,0.99950564,0.9996372,0.99952435,0.9996019,0.9995269,0.9994677,0.99999934,0.99946773,0.9995108,0.99950534,0.99946505,0.9995487,0.9995449,0.99940336,0.9994715,0.9995438,0.9991175,0.9993546,0.99944735,0.999485,0.9995086,0.99952227,0.9995413,0.99938893,0.99948674,0.9994608,0.999494,0.999455,0.9995437,0.9994178,0.99944013,0.9994714,0.9995183,0.99952984,0.9992795,0.99934304,0.9992463,0.9994763,0.9994441,0.9993643,0.9993048,0.9995528,0.9995051,0.99956197,0.9995296,0.99956024,0.9994558,0.9994085,0.99941987,0.9995761,0.9994831,0.9995326,0.9993977,0.99944943,0.9994247,0.9994819,0.9994863,0.9994965,0.9995196,0.99948955,0.999435,0.9995023,0.99936485,0.9995363,0.9995223,0.9994325,0.999416,0.99942714,0.9994276,0.99941945,0.99930775,0.9995092,0.9992632,0.9994174,0.9994464,0.99946773,0.99947953,0.99943066,0.9994362,0.99948424,0.9994858,0.9995465,0.9995631,0.9995232,0.99953234,0.99957764,0.99930125,0.99949044,0.99951625,0.9993773,0.9994234,0.9995024,0.99944764,0.9994021,0.999478,0.9995248,0.99953485,0.9995193,0.999472,0.99928313,0.9994742,0.99936837,0.9995359,0.9994167,0.9994466,0.99949497,0.9992717,0.9994451,0.99951094,0.9994424,0.9994045,0.9995058,0.9993493,0.99944,0.9994355,0.9994617,0.9994214,0.99944246,0.9993917,0.9994084,0.9994218,0.9993846,0.9994066,0.99938935,0.99944115,0.9993533,0.9993757,0.9994362,0.9994489,0.9994523,0.9993745,0.999463,0.9994904,0.9994653,0.9994741,0.99951,0.999491,0.9994679,0.99943316,0.99936366,0.99945253,0.9993922,0.9994359,0.9993863,0.9994577,0.9995287,0.9994455,0.9994835,0.99929434,0.99946606,0.99934524,0.9994565,0.99933195,0.9994624,0.99952364,0.9994447,0.9995404,0.9994356,0.99921584,0.99945146,0.99944764,0.9995328,0.99943316,0.9995049,0.9996067,0.9993141,0.99948376,0.9994267,0.99947363,0.9993201,0.9993929,0.99945116,0.9994236,0.99961764,0.99982226,0.9995238,0.99936897,0.999488,0.999399,0.9995048,0.9994559,0.9994148,0.99945027,0.99945074,0.999466,0.9994113,0.9995126,0.9994455,0.9995352,0.99914265,0.99945325,0.9995343,0.9995315,0.9994288,0.99952763,0.9994706,0.99941206,0.99939924,0.9994786,0.9993701,0.9995512,0.99947876,0.99937445,0.9993935,0.99925166,0.9994165,0.9994749,0.9994747,0.9995014,0.99951965,0.9993652,0.9994947,0.99942786,0.9994453,0.9994549,0.99950296,0.9995069,0.99944097,0.999502,0.9995085,0.99948514,0.999468,0.9994609,0.99949634,0.9994531,0.9994334,0.9992149,0.9991707,0.9993337
ipip185,0.9996738,0.9995575,0.99957937,0.9994757,0.9996012,0.99952185,0.99972874,0.99963397,0.9996632,0.99948245,0.99948674,0.9995775,0.99958664,0.99949646,0.9994117,0.99956053,0.99964404,0.9995259,0.9996692,0.9996728,0.9995998,0.99963,0.9995879,0.9996187,0.99947774,0.9996393,0.99947786,0.999653,0.99958026,0.99954575,0.9995616,0.99965686,0.9994511,0.999636,0.9997549,0.99955606,0.9996924,0.9997415,0.9996157,0.9996672,0.9994411,0.9995646,0.9995261,0.99947774,0.99948436,0.9995933,0.99953705,0.9994509,0.99964595,0.9995126,0.9995752,0.99929506,0.9995784,0.9995801,0.9993458,0.9995217,0.99933165,0.99951065,0.9994984,0.9996125,0.9996989,0.99953413,0.9996955,0.99953395,0.9995324,0.99946773,0.9999972,0.999674,0.99956256,0.999593,0.99967307,0.99959004,0.9993849,0.9995703,0.99952585,0.999151,0.9994925,0.99960613,0.9995488,0.9995789,0.99951106,0.9996989,0.9994503,0.9996553,0.9996149,0.99970216,0.9996995,0.9995196,0.99942374,0.9998091,0.9995263,0.9996429,0.99957675,0.99937963,0.9992889,0.99938715,0.9996262,0.99948686,0.9993,0.9993592,0.9995355,0.9996146,0.99962735,0.99954283,0.99961686,0.9993784,0.99963593,0.99937063,0.9996698,0.9997478,0.9997574,0.99952614,0.9995228,0.9996478,0.9997676,0.9995513,0.9997381,0.99967396,0.99971443,0.9995956,0.9996637,0.99955755,0.99962264,0.9996498,0.9996151,0.99950606,0.9996182,0.99961275,0.9994281,0.9995349,0.9996378,0.9992766,0.9994447,0.99945843,0.9996275,0.9995707,0.99945855,0.99961835,0.9997172,0.99965465,0.9996863,0.99962443,0.9995001,0.9996079,0.99963164,0.99943584,0.9996266,0.99958086,0.99947435,0.9996491,0.9996393,0.99953264,0.9993618,0.9993489,0.9997382,0.9995492,0.99954796,0.9995726,0.99939424,0.999751,0.9994107,0.99968016,0.99959934,0.9994498,0.9996748,0.99936885,0.99964714,0.9994817,0.99963003,0.99955153,0.9996537,0.9994463,0.99968565,0.99963194,0.99958664,0.99965954,0.99966514,0.9996139,0.99955624,0.9995906,0.99952793,0.9994711,0.99951416,0.999526,0.99943304,0.9995329,0.99965596,0.9996632,0.99966717,0.9995348,0.99971795,0.99965864,0.99965036,0.99959654,0.9996749,0.9997062,0.9996753,0.99968207,0.99950206,0.9995663,0.9996287,0.99965984,0.9995187,0.9996657,0.99956656,0.999485,0.999707,0.9994126,0.9995564,0.9994961,0.9995358,0.99961776,0.9995955,0.9995781,0.999544,0.9995114,0.9996373,0.99924433,0.9996119,0.999635,0.99961054,0.99967253,0.9996951,0.9995799,0.9993818,0.99971676,0.99971217,0.99966943,0.9993669,0.9994761,0.99964607,0.9995795,0.9996436,0.99959207,0.99971443,0.9995168,0.9996135,0.99954605,0.99965876,0.9994822,0.99962187,0.99958754,0.99971175,0.9995149,0.9995713,0.99965644,0.99947137,0.9996674,0.99925226,0.9995218,0.9996272,0.9996263,0.99947333,0.9996317,0.9995404,0.9996477,0.99962324,0.99955916,0.99950755,0.9996313,0.9996694,0.9994684,0.9996074,0.999434,0.99953306,0.9995992,0.99953544,0.99953413,0.9995502,0.9992454,0.99969906,0.9995044,0.9995442,0.9996463,0.9995531,0.99954927,0.9995098,0.9995549,0.9994296,0.9995666,0.9994843,0.9996756,0.9996183,0.9994529,0.999634,0.9992479,0.9991955,0.999427
ipip215,0.99963725,0.999472,0.99954325,0.99941045,0.9995619,0.9995227,0.9996993,0.9995267,0.99964184,0.99943066,0.9994365,0.9995535,0.9994885,0.99941117,0.9994392,0.99948514,0.99955595,0.99945277,0.9995753,0.9995814,0.9995509,0.99950945,0.9995844,0.9995948,0.99946064,0.9995504,0.9994606,0.99958456,0.9995207,0.9995175,0.9995367,0.9997367,0.9994316,0.9995777,0.99966407,0.9995592,0.99960256,0.99966574,0.9995671,0.9996246,0.99941844,0.99958825,0.99948704,0.999424,0.9994164,0.9995482,0.9994718,0.99948466,0.9995442,0.99941695,0.999554,0.9992228,0.9995264,0.9995025,0.9994251,0.9994687,0.9993026,0.99950284,0.99945515,0.99968797,0.9996498,0.99949676,0.9996394,0.999511,0.9994686,0.9995108,0.999674,0.99999785,0.99959326,0.99974424,0.9996842,0.99958926,0.9993866,0.99954975,0.99949557,0.99910647,0.9994242,0.9995466,0.9995988,0.9996449,0.99952626,0.9996368,0.9993835,0.99960893,0.9995626,0.99966145,0.99961406,0.99948514,0.99939525,0.99958515,0.99947685,0.99963295,0.99952894,0.99929345,0.9992556,0.9992404,0.99962133,0.9995662,0.99927497,0.999296,0.99950653,0.9995826,0.99957466,0.9995337,0.999573,0.99943864,0.9995643,0.999406,0.9996643,0.9996723,0.9996978,0.9994571,0.99947184,0.9995477,0.99964404,0.99949706,0.99963117,0.9996491,0.99966323,0.9994989,0.9996231,0.9994651,0.99961376,0.9995987,0.999574,0.9994893,0.9995762,0.9995855,0.9995687,0.99942416,0.9996275,0.99920785,0.9994243,0.99942064,0.9996132,0.9995792,0.99948585,0.99976754,0.9996829,0.999658,0.99965864,0.9995744,0.99945647,0.9995737,0.9996036,0.9993406,0.9995878,0.9996261,0.99960965,0.9995574,0.99962896,0.9995039,0.99933803,0.99932075,0.9996788,0.9995487,0.9995422,0.99956834,0.9993123,0.99969494,0.99936795,0.9996458,0.9995297,0.9995018,0.999651,0.9993484,0.9996467,0.999502,0.999607,0.99949384,0.9996802,0.9993807,0.99964887,0.9995885,0.99965256,0.99963313,0.9996345,0.9995708,0.9995522,0.9995735,0.99945563,0.99953485,0.9994687,0.99956167,0.9995299,0.99945074,0.9996232,0.99963385,0.9996419,0.9994664,0.999648,0.99966747,0.99965936,0.9996417,0.9996157,0.99969774,0.9996557,0.9996887,0.99947023,0.99952435,0.99954057,0.99966145,0.99949664,0.9996699,0.99957585,0.9995077,0.9996661,0.99930775,0.9995717,0.9994411,0.9995496,0.9995124,0.9996388,0.9995379,0.9995614,0.9994703,0.99955076,0.999382,0.9995335,0.9995647,0.99962956,0.9995842,0.999639,0.9995512,0.9993659,0.9997179,0.99965537,0.9996488,0.99944776,0.9995906,0.99963117,0.9994977,0.9996282,0.9996255,0.9996419,0.99941725,0.99956566,0.99950284,0.9996317,0.9994597,0.99953896,0.9995314,0.9996891,0.99959743,0.99955386,0.99967325,0.999464,0.99969333,0.99922687,0.99952906,0.9997328,0.9997297,0.9995517,0.9997208,0.9996241,0.9995801,0.9995636,0.9995561,0.9994398,0.9996718,0.99967605,0.99949276,0.9995629,0.99937814,0.99974626,0.9995822,0.9995167,0.99963796,0.9995431,0.9993027,0.999715,0.9997029,0.9995024,0.9996626,0.999555,0.99953574,0.9995268,0.9995381,0.99943477,0.999599,0.99960214,0.9996633,0.9997124,0.99956125,0.99962574,0.99922186,0.99916124,0.99938905
ipip245,0.9995543,0.99948066,0.99947333,0.99938136,0.99952924,0.9994857,0.99957967,0.99948066,0.9996039,0.9993919,0.9994166,0.9995523,0.9994961,0.9994393,0.9994664,0.99944794,0.99953973,0.99945766,0.9995484,0.9995451,0.99951094,0.9995091,0.99954635,0.99958205,0.999638,0.99951506,0.99947834,0.99952555,0.9994972,0.9995316,0.9995567,0.9995831,0.9994188,0.9996872,0.99960583,0.999507,0.99949956,0.9995815,0.9995388,0.9996277,0.999374,0.9995149,0.9995506,0.99942935,0.99942654,0.99952334,0.9996161,0.99951714,0.9995674,0.99942106,0.99951833,0.99923426,0.99949306,0.99946034,0.9994264,0.9994119,0.99930364,0.99944776,0.9994223,0.99956447,0.9995974,0.9995163,0.99960005,0.999559,0.9994935,0.99950534,0.99956256,0.99959326,0.9999978,0.9995021,0.9996116,0.99954045,0.99937093,0.99949384,0.99946845,0.9990195,0.99939895,0.9995095,0.99954545,0.999591,0.9995121,0.9996226,0.9993773,0.9995975,0.9995357,0.9995951,0.99956816,0.99946225,0.99940044,0.99953693,0.99946827,0.99959916,0.9995052,0.9993211,0.99929416,0.9992444,0.9995734,0.9995533,0.9993482,0.99946916,0.9994434,0.99959064,0.9995241,0.9995583,0.999585,0.9993891,0.9995421,0.99943364,0.9996368,0.9995884,0.99961674,0.999467,0.9994991,0.99946594,0.9995705,0.9994794,0.99955815,0.99958587,0.9995953,0.99950886,0.999556,0.999413,0.999567,0.99957824,0.99950093,0.99948335,0.9995249,0.9995338,0.99952865,0.99938333,0.9995737,0.99926025,0.99943185,0.9994565,0.99953055,0.99953514,0.9994814,0.9995377,0.9996015,0.99962115,0.99963003,0.9995807,0.9994357,0.9995772,0.99957466,0.99934673,0.9996,0.9999422,0.9994376,0.9995879,0.99961936,0.99952453,0.99944097,0.9993303,0.9996254,0.9995329,0.99953115,0.9995228,0.9992812,0.99962753,0.999372,0.9995841,0.9994841,0.9994951,0.9996017,0.99931765,0.99955386,0.99968326,0.99958116,0.9994474,0.9995883,0.99937147,0.9995801,0.9995723,0.9995981,0.99957496,0.99951696,0.99952906,0.9995021,0.99948657,0.9993953,0.99946004,0.9994694,0.99951065,0.99933577,0.9993958,0.9995345,0.9995514,0.9995489,0.9994753,0.9995758,0.9996206,0.9995973,0.9995871,0.9996007,0.9996511,0.99960166,0.9995766,0.9994701,0.99964255,0.9995736,0.99958986,0.99947137,0.9996096,0.99954164,0.9995345,0.99962604,0.9993111,0.999514,0.99943244,0.9995301,0.9994414,0.99959385,0.99953663,0.99951166,0.9994983,0.9995196,0.99917144,0.9994744,0.9995305,0.99957126,0.9995685,0.9995742,0.99958295,0.9993962,0.9996378,0.9995593,0.99953914,0.99930346,0.99947673,0.9995259,0.99946743,0.9995909,0.9996078,0.9995929,0.9993982,0.9996793,0.9994741,0.9995723,0.9994238,0.9995144,0.9994899,0.9996214,0.99964386,0.9995021,0.9996278,0.9994609,0.99961185,0.99914575,0.9994733,0.99962693,0.99963117,0.99947137,0.9996164,0.9995338,0.999514,0.9994781,0.99954855,0.99941033,0.99957883,0.9996143,0.9994446,0.99950725,0.999408,0.99943846,0.9995495,0.99947166,0.9995825,0.9994992,0.99929655,0.99961215,0.9994848,0.9995339,0.9995661,0.999582,0.9994701,0.99946433,0.99968076,0.9994564,0.9994914,0.9995511,0.99958205,0.99958706,0.99953455,0.9995257,0.9992615,0.99918836,0.9993417
ipip275,0.99950117,0.99947953,0.99946815,0.99939936,0.9994943,0.99948484,0.9995524,0.99952656,0.99957055,0.99942327,0.99940026,0.9994971,0.9994908,0.99942064,0.9994421,0.9994311,0.9995087,0.99944896,0.9995323,0.9995462,0.9994776,0.99954486,0.9994799,0.9995356,0.99941343,0.9994906,0.99950475,0.9995123,0.9994761,0.9994953,0.99940664,0.9996314,0.99933386,0.99948615,0.9995463,0.99946123,0.9995042,0.9995512,0.99951196,0.99951446,0.9993692,0.9994847,0.9994076,0.99936134,0.9994129,0.999467,0.9994328,0.9994249,0.9995049,0.9994119,0.9994925,0.9992925,0.99947333,0.9994794,0.99946386,0.9994417,0.9992989,0.9995286,0.9994507,0.9996089,0.99955565,0.9994236,0.99953717,0.9994519,0.99941397,0.99946505,0.999593,0.99974424,0.9995021,0.9999969,0.9995431,0.99949366,0.9993782,0.99946326,0.9994664,0.99916345,0.99940264,0.9995015,0.9995733,0.99959564,0.9994866,0.99955946,0.99933696,0.9995095,0.9994948,0.99953854,0.9995267,0.99949723,0.99940777,0.99952644,0.9994458,0.99949044,0.9994886,0.9992782,0.99928457,0.9992642,0.999513,0.9995351,0.9992698,0.99934626,0.99945736,0.99947363,0.9995132,0.9994616,0.9995376,0.99942505,0.9994546,0.9993508,0.9995786,0.9995693,0.99959534,0.99942553,0.99945813,0.9995417,0.99956363,0.9994619,0.99953437,0.9995508,0.9996102,0.9994509,0.99950224,0.9993953,0.99952424,0.9995106,0.99946856,0.99940187,0.9995075,0.99952996,0.99954206,0.99936634,0.9995094,0.9992221,0.9993849,0.9994343,0.99949193,0.9994941,0.999409,0.9996475,0.99955875,0.99952924,0.99954,0.9995101,0.9994531,0.999519,0.9995468,0.99934673,0.9995191,0.99952036,0.99956036,0.9995079,0.9994929,0.9994247,0.9993057,0.99930465,0.99955523,0.999461,0.99946404,0.9994759,0.99931544,0.99956554,0.9993443,0.9995476,0.9994434,0.99942976,0.9995439,0.9993271,0.99952286,0.99942076,0.99950534,0.9994134,0.999515,0.99942046,0.99951243,0.9994463,0.99953896,0.9995212,0.99954003,0.9995315,0.9994746,0.9994533,0.99942786,0.99948746,0.99940014,0.99952745,0.99955225,0.9993759,0.9994956,0.9995018,0.99950737,0.9994046,0.9995435,0.99957305,0.9995557,0.99954087,0.99952084,0.9995652,0.9995168,0.9995218,0.9993953,0.9994719,0.99945956,0.99950665,0.9994782,0.99956256,0.9994783,0.9994188,0.99952227,0.99936694,0.99951714,0.9994504,0.9995016,0.9994219,0.999554,0.99944836,0.99954855,0.9994611,0.99946404,0.999409,0.99949634,0.99947435,0.9994962,0.9995149,0.9995525,0.9995265,0.99938416,0.99959785,0.9995012,0.99955595,0.99944645,0.99952394,0.9995255,0.9994274,0.99951977,0.99952567,0.999554,0.9993756,0.9994735,0.9994267,0.99950564,0.99940115,0.99947906,0.9994963,0.99955064,0.999575,0.99949616,0.99959433,0.9994687,0.9995259,0.99930274,0.9994639,0.99961895,0.99961126,0.99950075,0.9996113,0.99956435,0.9995238,0.9995169,0.9994532,0.9994234,0.9995398,0.99958694,0.9995074,0.99960244,0.9994186,0.9996395,0.9995167,0.9994384,0.99951446,0.9994676,0.999295,0.99957424,0.9996531,0.99941766,0.9995379,0.9995034,0.99944264,0.9994127,0.9994276,0.9993704,0.9994929,0.999553,0.9995537,0.999562,0.99952704,0.9995129,0.99929595,0.9992165,0.99939275
ipip10,0.99971294,0.9995322,0.99957687,0.99949586,0.9996814,0.9995847,0.9997261,0.99954486,0.99966735,0.9994843,0.9994917,0.9996834,0.9995819,0.99949,0.9994755,0.9995544,0.99963975,0.9995015,0.99964887,0.99964553,0.9996396,0.99958664,0.9997535,0.99961805,0.9995455,0.99960446,0.99949723,0.9996172,0.9995611,0.9995497,0.9996172,0.99968624,0.9994874,0.9996725,0.9997338,0.99976546,0.99962765,0.9997128,0.9996233,0.9997004,0.9994995,0.9996225,0.9995693,0.9994758,0.9994539,0.9996473,0.99957997,0.9995093,0.9996433,0.99950826,0.99962646,0.9992236,0.9996941,0.9995146,0.99940157,0.99954486,0.999417,0.999505,0.9995201,0.9996533,0.9997295,0.9995758,0.9997348,0.9995913,0.99954766,0.9995487,0.99967307,0.9996842,0.9996116,0.9995431,0.999998,0.999811,0.9994701,0.9998842,0.9996215,0.99910384,0.9995013,0.9996191,0.9996269,0.9997011,0.99960876,0.99973327,0.99948794,0.9997165,0.9996745,0.9997632,0.9996621,0.99950236,0.9994598,0.99961984,0.9995991,0.99972826,0.9996466,0.99937797,0.99929065,0.9993226,0.9997647,0.9995099,0.9993074,0.99932873,0.9995548,0.99969345,0.9996524,0.99961185,0.99967396,0.9993669,0.9996054,0.9994483,0.9996536,0.99974114,0.99979854,0.99957776,0.9996046,0.99956036,0.9997033,0.99964726,0.99969935,0.9997147,0.99970067,0.9995782,0.9996804,0.9995155,0.99966943,0.9996809,0.999662,0.99949133,0.99956906,0.9996475,0.9995115,0.9994661,0.99981695,0.9992654,0.9996046,0.99946195,0.9997867,0.9997331,0.99957937,0.9997033,0.999792,0.99979705,0.9997806,0.99966973,0.99949515,0.99966085,0.9997029,0.99938786,0.99967706,0.9996441,0.99953073,0.9996113,0.99969256,0.99959683,0.9994169,0.9993736,0.99977374,0.99973035,0.999721,0.99977607,0.99936104,0.99973863,0.9995562,0.9998085,0.9996176,0.9995363,0.99979436,0.9994028,0.9997621,0.9995908,0.99969774,0.999567,0.9998246,0.99949515,0.9997335,0.9996881,0.99962777,0.999683,0.99962664,0.9996027,0.9995745,0.9995654,0.99943995,0.99947757,0.9995413,0.9995489,0.9993828,0.9995267,0.9996298,0.9996444,0.99963593,0.9994849,0.9996671,0.9996796,0.9996832,0.9996356,0.9997154,0.9997528,0.9996705,0.9997215,0.999474,0.9995455,0.9995958,0.9996831,0.99948525,0.99969226,0.99963564,0.9995726,0.99969965,0.99927855,0.9995251,0.99945766,0.9995857,0.9995288,0.9996281,0.9996164,0.9995414,0.99953437,0.9996067,0.99913925,0.99952674,0.9996529,0.99981934,0.9996392,0.99969834,0.9996244,0.99937224,0.9997511,0.99969256,0.99964046,0.99924225,0.9994726,0.9996041,0.9996115,0.99969214,0.999669,0.99971515,0.9995109,0.99965936,0.9996734,0.9997951,0.99962157,0.99965125,0.9995638,0.999749,0.9995253,0.9995715,0.9996358,0.9995913,0.99987024,0.99923855,0.9997283,0.9997438,0.999743,0.9995485,0.99974084,0.9996198,0.99958926,0.99955946,0.9996817,0.999552,0.9996679,0.99968934,0.9994384,0.99952406,0.9993672,0.9995277,0.9997848,0.9997099,0.9996542,0.99969655,0.99940896,0.9998289,0.99961597,0.99967206,0.9997463,0.99968463,0.99970293,0.99967605,0.99965066,0.9994887,0.9996965,0.9995974,0.99972194,0.99960756,0.99956053,0.99965656,0.99927783,0.9992136,0.9994856
ipip40,0.99957293,0.9994609,0.9994799,0.99942577,0.9995706,0.9995055,0.9996046,0.99948674,0.9996011,0.9994165,0.99945974,0.9995886,0.9995546,0.9994356,0.99946326,0.9995003,0.99955904,0.9995005,0.99959457,0.9995655,0.99959826,0.99954224,0.99977577,0.9995666,0.9994923,0.99953693,0.99945295,0.999573,0.99951166,0.99951,0.9995229,0.9996298,0.99944884,0.99959165,0.99961174,0.9997105,0.9995642,0.99961203,0.9995831,0.9995977,0.99946266,0.99958897,0.99953496,0.9994174,0.9994217,0.99957436,0.99953556,0.99945426,0.99959224,0.9994899,0.99954206,0.99925065,0.9995799,0.9994685,0.9994062,0.9995457,0.99934226,0.999519,0.99948287,0.9995986,0.9996749,0.999538,0.99967194,0.99949086,0.9995235,0.9995449,0.99959004,0.99958926,0.99954045,0.99949366,0.999811,0.9999972,0.999454,0.9997617,0.99958754,0.99923044,0.9995899,0.9996284,0.99964243,0.9996585,0.99957883,0.99966884,0.9994716,0.9996031,0.9996079,0.9996315,0.9995766,0.99950016,0.99943084,0.99954367,0.9995241,0.99963224,0.99957216,0.99935436,0.99931365,0.99934334,0.9996093,0.99950343,0.9993242,0.9993757,0.99959785,0.9996146,0.99962753,0.99956733,0.99963295,0.99943525,0.9995479,0.999437,0.99963063,0.9996362,0.9996853,0.99950016,0.9995268,0.99953175,0.9996359,0.9996848,0.9996271,0.9996449,0.99960184,0.99959916,0.9996166,0.9994981,0.99960595,0.9995947,0.9996108,0.99943584,0.99956197,0.9995724,0.99949574,0.99941355,0.9997453,0.99931866,0.9996024,0.9994791,0.9997152,0.99969864,0.9995275,0.9996505,0.999685,0.99965316,0.9996606,0.9996495,0.99946445,0.9995963,0.9996481,0.99935985,0.9996234,0.9995675,0.9995438,0.999549,0.99963564,0.9995846,0.9995036,0.999405,0.99965143,0.99976325,0.99975014,0.9997332,0.9993119,0.99961907,0.9995654,0.9997575,0.99954885,0.9995136,0.99964094,0.99937403,0.9996733,0.999575,0.9995941,0.9995108,0.99971,0.9994615,0.9996082,0.9996135,0.99954814,0.99960744,0.99958396,0.9995132,0.9995228,0.99953645,0.9994567,0.9994493,0.9995088,0.9994944,0.9993796,0.9994766,0.9995625,0.99957454,0.9995687,0.9994845,0.99960446,0.99960715,0.99959624,0.9995594,0.9996445,0.9996554,0.9996208,0.9996252,0.9994718,0.9995153,0.99953324,0.9995652,0.99945766,0.99960005,0.999579,0.9995347,0.9996051,0.9992826,0.9995311,0.9994476,0.9995436,0.9994808,0.99954844,0.999569,0.9995264,0.9995317,0.99959975,0.99920654,0.9995195,0.99960136,0.9997981,0.9995939,0.99960226,0.9995959,0.9993836,0.9996588,0.9996023,0.9995883,0.9992969,0.99944246,0.99956924,0.999513,0.99962294,0.9996135,0.9996216,0.99945927,0.99958825,0.9996362,0.9997801,0.99969083,0.99962205,0.9996142,0.9996463,0.99949414,0.99954534,0.9995752,0.99953586,0.9997663,0.99922913,0.9997002,0.9996921,0.99969435,0.9995774,0.99969596,0.9996269,0.999527,0.99948275,0.9996389,0.9995906,0.9996364,0.99960184,0.9994085,0.9994919,0.99933654,0.9994926,0.9996792,0.99975187,0.9996268,0.9997403,0.9994092,0.99970084,0.9995827,0.9995865,0.9996549,0.9995958,0.9997307,0.9996883,0.9995602,0.9994703,0.99969375,0.9995446,0.99964017,0.999552,0.9995195,0.9996049,0.99919105,0.9992107,0.99942017
ipip70,0.99931526,0.99933684,0.99931455,0.9992844,0.9993553,0.9995203,0.999342,0.99933684,0.99942106,0.9992992,0.9992616,0.9993762,0.9993692,0.9992918,0.99930316,0.9992959,0.9993804,0.9993494,0.9993598,0.9993665,0.9994053,0.99938583,0.9994114,0.9994065,0.9993797,0.99930125,0.9993392,0.99940103,0.99930394,0.99930596,0.999371,0.99937737,0.99927384,0.9993617,0.9993575,0.99939007,0.9993079,0.9993399,0.99934614,0.9993437,0.99928683,0.9993152,0.99936134,0.99917924,0.99933547,0.9993412,0.9993471,0.99929005,0.9993662,0.99933,0.9992952,0.9991795,0.9993722,0.99931854,0.999336,0.99931437,0.9992131,0.9993638,0.9993337,0.9993855,0.9994263,0.99933636,0.9994383,0.99935776,0.9992844,0.99940336,0.9993849,0.9993866,0.99937093,0.9993782,0.9994701,0.999454,0.9999977,0.9994683,0.9994456,0.99904126,0.99926955,0.9993494,0.9994282,0.9994421,0.99939483,0.9993971,0.9992209,0.9993768,0.99933785,0.9993506,0.9993182,0.99935263,0.9993089,0.9993168,0.99935913,0.99933994,0.9993704,0.99921197,0.9992306,0.999261,0.9994677,0.9993631,0.99924755,0.99921954,0.99936473,0.99942815,0.99941266,0.9993486,0.99938107,0.9992629,0.99927294,0.99934465,0.99939996,0.99936986,0.999425,0.99933946,0.99934477,0.99933916,0.99938047,0.9994,0.9993906,0.9993892,0.99938536,0.9993586,0.9993445,0.99923277,0.9994087,0.9993958,0.9993168,0.99932224,0.9993691,0.9993339,0.9993515,0.9992452,0.99941003,0.9991136,0.99933237,0.99932337,0.9993891,0.9994652,0.99946624,0.99936694,0.9993811,0.99945885,0.9993991,0.99941725,0.99930865,0.9994523,0.99945813,0.99925596,0.99938726,0.9994022,0.99930596,0.999324,0.99941343,0.99937266,0.9992196,0.9992381,0.9993794,0.99948657,0.99943745,0.99945015,0.999314,0.9993619,0.9993104,0.99944836,0.99934345,0.99939495,0.99944174,0.99921495,0.999384,0.9993577,0.9993883,0.9992828,0.999406,0.99928015,0.9993227,0.9993015,0.9993893,0.9993283,0.9993988,0.9993821,0.9993641,0.99931836,0.999281,0.9993457,0.9993606,0.9993822,0.9993156,0.99924195,0.99932545,0.9993452,0.9993454,0.9993253,0.9993363,0.9993635,0.999347,0.99939346,0.9993962,0.99938005,0.9993956,0.99934816,0.99931043,0.99934584,0.99933,0.9993821,0.9993712,0.9993738,0.99939275,0.9993606,0.9993871,0.9992771,0.9993408,0.9993189,0.9994002,0.9992249,0.99936515,0.99935734,0.9993869,0.9993214,0.99932456,0.999083,0.99933404,0.9993328,0.99939716,0.9993381,0.9993651,0.999411,0.9992175,0.9993877,0.99933594,0.9994078,0.9992541,0.99927616,0.9993625,0.9993218,0.99938256,0.99938995,0.9993699,0.999312,0.9993603,0.9993388,0.99938667,0.99935704,0.99932915,0.9993467,0.9993339,0.9993189,0.99928284,0.9993791,0.99934053,0.99940825,0.99912786,0.99938864,0.9994068,0.99940425,0.99930555,0.99940723,0.99933654,0.999359,0.9993513,0.9993815,0.99932224,0.9994424,0.99936295,0.99930924,0.9993008,0.9992521,0.9993155,0.99945855,0.99939144,0.9994382,0.9994269,0.99931407,0.9994091,0.99937147,0.999354,0.9993826,0.9994124,0.9993787,0.99935377,0.9993408,0.99927235,0.9993937,0.99941957,0.9993688,0.99936825,0.9993948,0.9993526,0.9991922,0.99911004,0.9992937
ipip100,0.9995873,0.9994746,0.99949944,0.9994284,0.9996115,0.9995004,0.99961495,0.9995004,0.9995744,0.99942726,0.99943477,0.9995899,0.9995277,0.99942464,0.9993936,0.9994549,0.99953693,0.99944997,0.99955463,0.99955684,0.9995611,0.9995262,0.999703,0.9995159,0.99943906,0.99950635,0.9994529,0.9995277,0.999459,0.9994731,0.9995149,0.99960446,0.99941105,0.9995539,0.99960375,0.99968684,0.999517,0.99957275,0.9995142,0.99956775,0.9994794,0.9995533,0.9994952,0.99938846,0.9994056,0.99958193,0.99952203,0.9994231,0.99956554,0.99945825,0.9995394,0.9992453,0.99967754,0.9994536,0.9993499,0.99953014,0.9993816,0.99944204,0.9994638,0.99957544,0.99963504,0.99951696,0.999642,0.9994918,0.9994574,0.9994715,0.9995703,0.99954975,0.99949384,0.99946326,0.9998842,0.9997617,0.9994683,0.99999774,0.99962544,0.99913657,0.99945974,0.99953836,0.9995868,0.9996401,0.9995109,0.99962157,0.99942654,0.99958265,0.9995702,0.9996224,0.99954087,0.999431,0.9993815,0.99950224,0.99950105,0.9995964,0.99955964,0.99936444,0.9992643,0.99936783,0.9996512,0.999474,0.99926025,0.99931526,0.99951696,0.99957556,0.99957526,0.9994915,0.9995763,0.999339,0.9994942,0.9993588,0.99957395,0.9996155,0.9996808,0.9994859,0.9995426,0.9995017,0.9996108,0.9995974,0.99960417,0.9995911,0.99959207,0.9995313,0.999593,0.999468,0.9996061,0.9996027,0.99956244,0.9994203,0.9995237,0.99958,0.9994222,0.99940073,0.9997411,0.99924177,0.9995685,0.9994158,0.9997162,0.9996472,0.99946946,0.99963975,0.99968815,0.99967575,0.999621,0.9995644,0.999427,0.9995579,0.9996089,0.9993543,0.99954176,0.9995271,0.99950653,0.99950796,0.9995812,0.9995129,0.9993685,0.999354,0.99963915,0.9996481,0.99963576,0.9997309,0.9993355,0.99960256,0.99954736,0.9997249,0.99952865,0.99945694,0.999663,0.9993632,0.9996853,0.99947745,0.99961054,0.99948627,0.9997177,0.99944085,0.9995896,0.9995614,0.9995286,0.999576,0.9995329,0.99951106,0.99950874,0.9995066,0.99939144,0.9994171,0.99951744,0.99949527,0.9993494,0.99950975,0.9995373,0.99956083,0.9995411,0.9994153,0.9995525,0.99958646,0.99956965,0.9995378,0.9995951,0.9996225,0.9995659,0.99959916,0.9993996,0.9994852,0.9995277,0.99955875,0.9994768,0.9995845,0.999567,0.99949414,0.9995911,0.999238,0.9994723,0.99943346,0.9995201,0.9994338,0.99952745,0.9995688,0.9995063,0.99946356,0.9995257,0.9991393,0.9994619,0.99953645,0.99971473,0.9995596,0.99961674,0.9995417,0.9993327,0.9996128,0.9995885,0.9995719,0.9992194,0.9993711,0.9995428,0.99955183,0.99959123,0.9995528,0.99962175,0.99949867,0.9995671,0.99963146,0.9997109,0.9995766,0.99957025,0.99951285,0.9996186,0.9994549,0.9995053,0.9995515,0.9995528,0.99972516,0.99925727,0.99970466,0.99963856,0.9996472,0.99950963,0.9996402,0.99956626,0.99953324,0.9994748,0.99960077,0.9995432,0.99955744,0.999593,0.9994039,0.9994797,0.9993948,0.9994639,0.9998031,0.9996527,0.99956,0.99964005,0.9994012,0.99974144,0.9995714,0.9996469,0.9996602,0.99964607,0.999657,0.9996507,0.99953544,0.99942535,0.9996244,0.9995148,0.9996402,0.99955046,0.9994793,0.999595,0.99924076,0.9992177,0.99945873
ipip130,0.9995166,0.9994581,0.9995102,0.99940073,0.99950254,0.9994613,0.9994977,0.99944866,0.9994948,0.999403,0.9993862,0.99966335,0.99953365,0.9994963,0.9994308,0.99943525,0.9995386,0.99944353,0.99955344,0.99955606,0.9995244,0.9995248,0.9995515,0.99945587,0.99944633,0.9994631,0.9994239,0.99951047,0.9994678,0.99948543,0.9994572,0.9994832,0.99931264,0.9994994,0.999542,0.9994803,0.9994688,0.9995045,0.999506,0.99951595,0.99936545,0.9994466,0.9994733,0.99933803,0.99939245,0.99947363,0.9994823,0.99944353,0.9995186,0.9994686,0.9994225,0.9992395,0.9995263,0.9994358,0.99933535,0.9994272,0.9993266,0.9994343,0.99943286,0.999458,0.99967843,0.9995133,0.99965703,0.99946374,0.9995014,0.9995438,0.99952585,0.99949557,0.99946845,0.9994664,0.9996215,0.99958754,0.9994456,0.99962544,0.9999975,0.99916023,0.99942535,0.9995139,0.9994834,0.99952316,0.9996084,0.9996025,0.99945915,0.9995586,0.99959177,0.99958247,0.99952215,0.9995401,0.99958,0.9994814,0.99951917,0.9995594,0.999599,0.9994174,0.99946624,0.999375,0.9994769,0.99944246,0.99940896,0.99936306,0.9995831,0.9995524,0.9996353,0.99950397,0.999691,0.99936664,0.9994539,0.9993162,0.99956095,0.9995649,0.99959767,0.9995015,0.99961686,0.9995483,0.9995881,0.9996346,0.9995586,0.9996289,0.99963015,0.9995699,0.9995366,0.99939775,0.9995352,0.9995743,0.99948263,0.9993685,0.99946404,0.9994981,0.9993835,0.99939543,0.9995284,0.99931574,0.99950165,0.9995118,0.9995001,0.9995382,0.9994022,0.999478,0.99955547,0.99950486,0.99956995,0.99957776,0.99949217,0.9994998,0.9996193,0.9994165,0.9995245,0.99948955,0.9994099,0.9994943,0.9995324,0.99951005,0.9995106,0.99944216,0.99957126,0.9995702,0.99956244,0.99955344,0.99943775,0.99952495,0.9994506,0.9995909,0.99949855,0.99943036,0.9995254,0.999305,0.9994947,0.999464,0.99951,0.9994688,0.9995095,0.99942523,0.99949694,0.9994881,0.9994607,0.9994976,0.9994945,0.99942464,0.9994283,0.9994415,0.99942553,0.9994169,0.999471,0.9994612,0.99941236,0.9994689,0.9994589,0.99947333,0.9994711,0.99943453,0.99949193,0.999501,0.99948484,0.99947995,0.9995524,0.9995376,0.99950445,0.9994471,0.99940443,0.9994503,0.9994522,0.99945813,0.99944544,0.9994966,0.99948114,0.99941933,0.9995067,0.9993252,0.9994332,0.9993645,0.9994795,0.99936295,0.9994596,0.99950576,0.99945897,0.99945056,0.9994856,0.99929005,0.99960285,0.99950993,0.9995283,0.9994817,0.99954325,0.999532,0.99938095,0.99952763,0.9994817,0.99953604,0.9993007,0.99935037,0.99948555,0.99949235,0.9995601,0.99953294,0.99956334,0.99943584,0.9995095,0.9994503,0.99952966,0.99946773,0.9995238,0.9995515,0.9995079,0.99947834,0.99943656,0.99950063,0.99946225,0.99954325,0.9991991,0.99949086,0.9995593,0.99956524,0.9994827,0.9995627,0.9995202,0.99949855,0.9994463,0.99949604,0.9994607,0.99952203,0.99949896,0.99941504,0.99944603,0.9993447,0.9993969,0.99961454,0.99952626,0.99948287,0.99956536,0.9994172,0.99956155,0.99944454,0.9995767,0.99949664,0.99958056,0.99954104,0.99947083,0.9994836,0.9994293,0.9995314,0.9994506,0.9995297,0.99948364,0.9994208,0.9995041,0.9992335,0.999167,0.999434
ipip160,0.9990022,0.999017,0.99901813,0.9989597,0.99900544,0.9990305,0.99904376,0.9990674,0.99907863,0.9989562,0.999044,0.9991007,0.999105,0.9990392,0.9990299,0.99903864,0.99917763,0.99902976,0.9991133,0.99912846,0.9991051,0.99905086,0.9990978,0.9990547,0.9989724,0.9990524,0.9990139,0.9991253,0.99910945,0.99911076,0.9990052,0.9990977,0.9989559,0.9990303,0.99905986,0.99901724,0.9991156,0.9990576,0.99913883,0.99905264,0.99905527,0.99910194,0.9989893,0.9990097,0.99899244,0.9989907,0.99899566,0.9989996,0.9990576,0.9990532,0.9989912,0.9989465,0.9990149,0.9990718,0.9989743,0.99907464,0.9988602,0.9991501,0.9990267,0.9990883,0.9991543,0.9990204,0.99911773,0.99900234,0.99901164,0.9991175,0.999151,0.99910647,0.9990195,0.99916345,0.99910384,0.99923044,0.99904126,0.99913657,0.99916023,0.99999833,0.9992863,0.99937373,0.9991661,0.9991466,0.99908066,0.999202,0.99908733,0.9990264,0.99908125,0.99907,0.999127,0.9991649,0.99903965,0.99908936,0.9990805,0.9990413,0.99908936,0.9989841,0.99894476,0.9989708,0.9989974,0.9990967,0.99896055,0.99911904,0.9992137,0.9990867,0.9991859,0.9990593,0.999137,0.9991421,0.99908674,0.9989381,0.9992397,0.99912304,0.99911535,0.9990041,0.99909395,0.99918795,0.99913657,0.99909145,0.99914324,0.9990886,0.9991241,0.9992029,0.9990665,0.9990543,0.9990981,0.99906355,0.99903286,0.9989954,0.99920124,0.9991007,0.9990182,0.99903107,0.9990756,0.99894625,0.99904597,0.9990425,0.999064,0.99908555,0.9989648,0.9991065,0.99910265,0.9990229,0.99906564,0.999101,0.99908286,0.999019,0.99911237,0.99902666,0.9991859,0.9990388,0.99910194,0.999114,0.99911803,0.9991218,0.99901575,0.9990389,0.99906063,0.9991115,0.9991088,0.999045,0.99905235,0.9990882,0.99902135,0.9991093,0.9990063,0.9989772,0.9989888,0.998958,0.99911016,0.9990138,0.99902266,0.99901694,0.99904203,0.9989726,0.99904966,0.99900293,0.9990532,0.9990721,0.9991221,0.99904424,0.9990775,0.9991056,0.9991175,0.9990646,0.99905604,0.9990705,0.9990899,0.9990273,0.99909455,0.999114,0.9991094,0.99914145,0.9991906,0.99915594,0.99911314,0.99906474,0.9991459,0.99912196,0.9991537,0.99903977,0.9990674,0.99903685,0.99906427,0.99901175,0.99908835,0.9991058,0.99905306,0.99896085,0.999087,0.9990129,0.99913216,0.9990832,0.9991012,0.9990867,0.99903643,0.9990508,0.99909383,0.9990577,0.999205,0.99900526,0.9991589,0.99909616,0.9990815,0.9991675,0.99912685,0.9990872,0.9990951,0.99911666,0.99908847,0.9991776,0.99903595,0.99903315,0.99915195,0.99901694,0.9990478,0.9990746,0.9990852,0.99902195,0.9990247,0.99901813,0.9990965,0.9991129,0.9990649,0.9991373,0.99908215,0.9990848,0.9991685,0.9991544,0.9989962,0.9990416,0.99894094,0.999038,0.9991155,0.9991108,0.99915236,0.9991358,0.99913967,0.9991127,0.99906915,0.99900836,0.9990335,0.9990734,0.9991379,0.99906594,0.99920404,0.9990179,0.9990737,0.9990918,0.99909174,0.99902236,0.9991128,0.9989466,0.99909955,0.99907583,0.99902475,0.99910855,0.99905235,0.9990561,0.9990384,0.9989579,0.9989872,0.9990748,0.9990326,0.9990981,0.99913967,0.99900085,0.99912053,0.9988201,0.9988951,0.99896073
ipip190,0.9994061,0.9993341,0.9993477,0.99926883,0.9993812,0.9993337,0.9994475,0.9993953,0.9994228,0.9992892,0.9993573,0.99943334,0.99943244,0.9993655,0.9993118,0.9993855,0.9994734,0.99935997,0.99948907,0.99946785,0.9994306,0.9994009,0.9994225,0.9994103,0.99936014,0.9994209,0.9993371,0.99947405,0.9994833,0.9994349,0.999346,0.9994415,0.99927044,0.9994837,0.99946564,0.99940133,0.9994976,0.9994942,0.99947906,0.9994984,0.9993202,0.9994052,0.9993736,0.99930173,0.99929446,0.99936086,0.9994002,0.99929285,0.99945825,0.9994125,0.999387,0.99919003,0.9993743,0.9993869,0.99925685,0.9993629,0.9991832,0.9993963,0.9993302,0.9994151,0.9994999,0.99936986,0.9994872,0.9993383,0.9993671,0.9993546,0.9994925,0.9994242,0.99939895,0.99940264,0.9995013,0.9995899,0.99926955,0.99945974,0.99942535,0.9992863,0.99999833,0.99981356,0.999538,0.999507,0.99937814,0.999556,0.9993767,0.99946415,0.99947476,0.99948674,0.9995184,0.9994394,0.9993073,0.999435,0.9993998,0.99947226,0.9994137,0.99927425,0.99920106,0.99928916,0.99940604,0.99938005,0.99924976,0.999396,0.9994907,0.9994196,0.9994901,0.9994672,0.9994823,0.9993203,0.999471,0.9992455,0.9995121,0.99950475,0.9995019,0.9993477,0.99942344,0.9994395,0.9995264,0.9994097,0.9995235,0.99948937,0.99947566,0.99945235,0.9994632,0.9993638,0.99943906,0.99944556,0.9994067,0.9993377,0.9994472,0.9994494,0.9992938,0.99936855,0.99947476,0.99923605,0.9993499,0.99935156,0.999444,0.99943966,0.99936867,0.9994418,0.9994987,0.9994377,0.9994801,0.99946266,0.99932337,0.9993838,0.99948484,0.9993154,0.99953276,0.9994228,0.99935323,0.9994675,0.99947727,0.9994246,0.99936295,0.9992778,0.9994691,0.99943477,0.9994528,0.99944997,0.99929905,0.99948853,0.99934524,0.9995006,0.99944186,0.9992991,0.9994339,0.99922734,0.9994745,0.9994024,0.99943817,0.99939877,0.99943227,0.9993335,0.9994546,0.9994313,0.9993804,0.99943084,0.99944144,0.9993955,0.9993827,0.99942786,0.9994088,0.99930584,0.9993862,0.9993517,0.999271,0.99931943,0.9994616,0.99945587,0.99945897,0.9994408,0.99954176,0.9994591,0.9994449,0.9993937,0.99952745,0.9994816,0.99947673,0.9994542,0.9993914,0.99943566,0.99943465,0.9994272,0.99940556,0.9994408,0.9993969,0.99931675,0.99945176,0.99922705,0.99938136,0.99935144,0.999395,0.99941236,0.9993952,0.99938864,0.9993835,0.9993793,0.9994916,0.9991523,0.99942875,0.9994995,0.99945545,0.9994575,0.9994615,0.9994465,0.9992757,0.99948835,0.99945796,0.99947673,0.99923104,0.99930406,0.99947256,0.99937856,0.9994277,0.9994085,0.99944866,0.9993335,0.999453,0.99938357,0.9994697,0.99939066,0.9994695,0.99943656,0.99945766,0.9993886,0.99941474,0.9994291,0.999326,0.9994625,0.9991253,0.99939865,0.9994742,0.99946964,0.9994053,0.9994798,0.99943376,0.99944806,0.9993916,0.99936473,0.99937594,0.9994343,0.9994576,0.9993154,0.99943006,0.9992735,0.99935436,0.999442,0.99941206,0.9993599,0.99941707,0.9991418,0.9994771,0.9993798,0.9994074,0.99946404,0.99939656,0.9993834,0.9993582,0.99941254,0.9993123,0.99937004,0.9993266,0.9994628,0.999409,0.99929744,0.9994521,0.9990859,0.9991363,0.9992509
ipip220,0.9995659,0.999446,0.99948215,0.9993865,0.99950653,0.9994559,0.99958295,0.9994993,0.99955696,0.99939233,0.99943525,0.999555,0.9995175,0.99946785,0.99941283,0.9994751,0.99957603,0.9994375,0.9995933,0.99957466,0.99952877,0.9995125,0.9995318,0.99953204,0.9994421,0.99952906,0.9994243,0.99955046,0.99958414,0.99951714,0.99947816,0.99953526,0.9993667,0.99958086,0.99960274,0.99949425,0.9995872,0.9996068,0.99957967,0.99960256,0.99938357,0.9994956,0.9994703,0.99941915,0.99938667,0.9994788,0.9994812,0.9993896,0.99957687,0.9994729,0.999504,0.99924845,0.99949956,0.99948114,0.99932945,0.9994359,0.9992646,0.9994708,0.9994486,0.99950737,0.9996128,0.99945265,0.9996044,0.999467,0.99945056,0.99944735,0.99960613,0.9995466,0.9995095,0.9995015,0.9996191,0.9996284,0.9993494,0.99953836,0.9995139,0.99937373,0.99981356,0.9999966,0.99956644,0.9995765,0.9994796,0.99968135,0.99946797,0.9995753,0.99958736,0.9996179,0.99962234,0.9995253,0.99938864,0.99954474,0.9995111,0.99959767,0.99952644,0.9993658,0.9992578,0.9993294,0.999533,0.9994545,0.99930555,0.99941593,0.9995498,0.9995592,0.99960405,0.9995665,0.9996223,0.99936175,0.999561,0.99931806,0.99960375,0.99964476,0.9996319,0.9994758,0.9995282,0.9995524,0.99962586,0.9994969,0.99964195,0.9995993,0.9996143,0.9995484,0.9995689,0.9994582,0.9995491,0.9995575,0.99951714,0.9994173,0.9995343,0.9995591,0.9993946,0.9994441,0.999587,0.9992807,0.99942803,0.9994363,0.999544,0.9995435,0.9994697,0.99954784,0.9996321,0.9995683,0.9996227,0.9995666,0.99942136,0.9995158,0.9995936,0.9993944,0.9996495,0.9995336,0.99941784,0.99959743,0.999596,0.99955046,0.9994087,0.99934655,0.99960595,0.9995444,0.9995586,0.99955356,0.9994019,0.99961746,0.9994015,0.99961585,0.999532,0.99941385,0.99956983,0.9993273,0.99958706,0.9994996,0.99955326,0.99949163,0.9995693,0.9993939,0.99959505,0.99955255,0.9995049,0.99957836,0.9995568,0.99950653,0.9994777,0.9995062,0.9994665,0.9994087,0.9994648,0.99945384,0.999358,0.9994093,0.9995639,0.99956584,0.99956644,0.9994759,0.99966466,0.99957716,0.99957097,0.9995165,0.9996577,0.99962187,0.999587,0.9995572,0.99944776,0.999493,0.9995331,0.9995455,0.9994555,0.9995723,0.99949986,0.9994171,0.9995793,0.9992874,0.999457,0.99941206,0.99948794,0.9995104,0.99951166,0.9994777,0.99945366,0.9994668,0.99957365,0.99918926,0.9995117,0.99959016,0.9995713,0.99957246,0.9995837,0.99953705,0.9993619,0.9996279,0.999578,0.9995674,0.9992668,0.9993967,0.99954796,0.9994856,0.9995224,0.99951303,0.99958056,0.999399,0.9995494,0.99948084,0.99957895,0.99946624,0.99956393,0.9995223,0.99960405,0.99946415,0.9995117,0.9995365,0.9994239,0.99960047,0.99918914,0.9994899,0.99957526,0.9995668,0.99946415,0.99958575,0.9995064,0.9995532,0.99950653,0.9994939,0.9994513,0.9995397,0.99958634,0.99940544,0.9995229,0.999341,0.99943745,0.9995487,0.9995027,0.99949515,0.99951315,0.99923927,0.9996034,0.9994585,0.99951273,0.999572,0.9995277,0.9994635,0.99944866,0.99951535,0.9993734,0.9994884,0.99943984,0.9995783,0.99949944,0.99940926,0.9995455,0.9991832,0.999192,0.99936557
ipip250,0.99953663,0.999494,0.9994878,0.9994688,0.9995274,0.99948514,0.99959236,0.9995173,0.99970555,0.9994907,0.9994721,0.999515,0.9995199,0.99945116,0.99947184,0.9994494,0.99954873,0.9995325,0.9995652,0.9995625,0.99954826,0.9995279,0.99959016,0.9996678,0.999476,0.9995252,0.99966717,0.9995845,0.9995106,0.9995456,0.9996293,0.9996725,0.9995015,0.99955547,0.99957246,0.9995458,0.9995282,0.9995741,0.99955106,0.9995532,0.99952316,0.9995825,0.99955416,0.99940693,0.99950486,0.99952614,0.9995327,0.9994255,0.9995395,0.9994497,0.9995396,0.9993934,0.99955034,0.9995416,0.9996945,0.99959254,0.99931246,0.99959695,0.9994796,0.9996899,0.99956274,0.9994788,0.9995812,0.9995578,0.9994308,0.999485,0.9995488,0.9995988,0.99954545,0.9995733,0.9996269,0.99964243,0.9994282,0.9995868,0.9994834,0.9991661,0.999538,0.99956644,0.9999966,0.999948,0.9994861,0.9995844,0.999362,0.99952835,0.99950546,0.99955624,0.99951684,0.9995075,0.9994002,0.99950045,0.9994681,0.99952924,0.999475,0.9993127,0.9993103,0.9993212,0.99952734,0.9996915,0.99931526,0.99937797,0.99949044,0.99962217,0.9995226,0.9995187,0.9995353,0.9994507,0.999476,0.9993751,0.99958515,0.99955446,0.99962384,0.9994225,0.99948496,0.9994889,0.9995573,0.9995175,0.9995507,0.99956864,0.99956876,0.9995116,0.999561,0.9994787,0.9996518,0.99962366,0.9995154,0.9995708,0.9996204,0.9995706,0.9997549,0.9994164,0.99959785,0.9992823,0.9994908,0.9994586,0.99956644,0.9996212,0.9995173,0.9996664,0.99964064,0.99957585,0.9995538,0.9995446,0.9994727,0.9995535,0.9995527,0.9993634,0.99954236,0.9995674,0.9995875,0.99951833,0.99965256,0.9995855,0.99936193,0.9993867,0.99957997,0.99957687,0.9995711,0.9995873,0.99933904,0.99956936,0.99948823,0.9996581,0.99952304,0.9995523,0.9995716,0.99941564,0.9996741,0.9995035,0.9995406,0.99946684,0.9995697,0.99941564,0.99952817,0.9995384,0.9997522,0.99956375,0.99955773,0.9995146,0.9996155,0.99957913,0.9994829,0.99978596,0.9995714,0.9997929,0.99950176,0.9994902,0.99956995,0.9996193,0.9996112,0.9995543,0.99955815,0.999672,0.99961895,0.9997965,0.9995831,0.99963015,0.99957716,0.9995695,0.9995341,0.9995416,0.9995073,0.99954325,0.999471,0.9996033,0.9995852,0.99958795,0.99969196,0.9994016,0.9995675,0.9995578,0.99959016,0.9994424,0.99978244,0.9996744,0.99986154,0.99956447,0.99951756,0.99925274,0.9994617,0.99950683,0.9995898,0.9995832,0.99961174,0.9996184,0.999397,0.9996093,0.9995623,0.99963653,0.9994273,0.9994826,0.99960285,0.9995457,0.99961025,0.99956477,0.99961317,0.9995683,0.99953896,0.9995197,0.99958575,0.99949974,0.9995174,0.9994831,0.99958116,0.9995957,0.99954236,0.99958265,0.99949,0.99959993,0.9993026,0.99955493,0.9997215,0.9997114,0.99962145,0.99971724,0.9996694,0.9995374,0.9995386,0.9995959,0.99946254,0.9995426,0.9996235,0.9997177,0.9995518,0.9994299,0.9996057,0.9996171,0.99953127,0.99961036,0.999538,0.9993546,0.9996531,0.9996415,0.9995973,0.9996403,0.9996333,0.9995312,0.9995249,0.99951446,0.99951273,0.99951994,0.9997269,0.9996215,0.9995743,0.99969393,0.9996013,0.99926406,0.99924713,0.99939567
ipip280,0.9995776,0.9994994,0.999504,0.99948245,0.99956703,0.9995263,0.9996302,0.9995133,0.9997339,0.9995,0.99948275,0.99955875,0.9995412,0.99945724,0.99949247,0.99948317,0.999569,0.999527,0.99958503,0.999578,0.999567,0.99954283,0.9996027,0.9996921,0.9994994,0.9995467,0.9996757,0.9995959,0.99953,0.99955785,0.999657,0.9997085,0.99949306,0.9995896,0.999613,0.999581,0.99953634,0.9996016,0.9995694,0.9996032,0.9995303,0.99959975,0.999571,0.9994367,0.99951,0.99956226,0.9995599,0.99945444,0.9995679,0.99946594,0.9995658,0.9993677,0.9995907,0.99953973,0.99967366,0.99955565,0.9993342,0.99958456,0.9994907,0.99968266,0.9996124,0.9995134,0.9996251,0.9996061,0.99946547,0.9995086,0.9995789,0.9996449,0.999591,0.99959564,0.9997011,0.9996585,0.9994421,0.9996401,0.99952316,0.9991466,0.999507,0.9995765,0.999948,0.99999756,0.9995202,0.9996193,0.9993802,0.9995803,0.9995484,0.9996169,0.9995572,0.9995034,0.9994292,0.99954003,0.99950653,0.99957734,0.9995169,0.99932414,0.9993133,0.9992899,0.99957967,0.9997246,0.99933535,0.99937725,0.999505,0.9996774,0.99955696,0.999555,0.9995837,0.9994594,0.99951327,0.9994149,0.9996197,0.99961627,0.99967873,0.99947125,0.99951935,0.9995065,0.99958795,0.99953705,0.99958146,0.9996015,0.9996124,0.9995238,0.99958515,0.99948007,0.9996702,0.99965143,0.9995362,0.99957716,0.9996255,0.99960196,0.99977475,0.9994246,0.99962604,0.99925494,0.9995083,0.99946773,0.9995905,0.99965733,0.99955904,0.99968463,0.99969035,0.99964267,0.999616,0.99957156,0.9994825,0.99959207,0.999597,0.99936235,0.99958736,0.9996147,0.9995983,0.9995555,0.9996923,0.99961823,0.9993763,0.99939865,0.99963206,0.99960357,0.9995963,0.99960923,0.99935395,0.99961936,0.9994869,0.99969655,0.9995329,0.9995841,0.9996483,0.99942875,0.99969524,0.9995395,0.99958974,0.99949914,0.99962807,0.99942994,0.9995893,0.99957085,0.9997879,0.9996079,0.9995878,0.99955726,0.99964947,0.9996041,0.9994887,0.99979484,0.99960357,0.9998168,0.9995035,0.99950874,0.99959856,0.999646,0.9996363,0.9995727,0.99959517,0.99970335,0.9996574,0.9998269,0.9996207,0.9996764,0.999624,0.9996234,0.9995563,0.99956334,0.9995437,0.9995993,0.99949545,0.99965346,0.99962485,0.9996316,0.99974066,0.99941236,0.99957496,0.9995728,0.9996093,0.9994681,0.9998269,0.9997126,0.9998646,0.99958915,0.99954134,0.9992343,0.99948686,0.99955004,0.9996306,0.9996151,0.99965805,0.99966186,0.99940926,0.99966025,0.9996097,0.9996708,0.9994299,0.99951977,0.99963194,0.99958736,0.99965644,0.99961054,0.9996692,0.9995872,0.9995834,0.9995445,0.9996275,0.99952483,0.99956,0.9995097,0.99964225,0.9996266,0.9995689,0.9996217,0.9995229,0.99965614,0.99930954,0.9995877,0.999753,0.99974626,0.99962944,0.9997471,0.9996817,0.99956477,0.99954295,0.9996345,0.9994762,0.99958247,0.9996611,0.99972767,0.9995667,0.99944466,0.99959004,0.9996641,0.99955046,0.9996468,0.99955976,0.9993767,0.99971133,0.999666,0.9996398,0.99966466,0.99967545,0.99955946,0.9995446,0.9995584,0.9995405,0.99955654,0.9997606,0.9996572,0.9996014,0.9997255,0.9996182,0.9992864,0.9992392,0.9994177
ipip15,0.9995329,0.999465,0.9994892,0.9993777,0.9995076,0.9994637,0.99950355,0.9994273,0.9995379,0.99935734,0.99940187,0.9997622,0.9994975,0.9994256,0.99955446,0.99943304,0.99950063,0.9994654,0.9995405,0.9995372,0.9994972,0.99949604,0.9995648,0.99950325,0.999489,0.99945354,0.99940956,0.9994841,0.9994797,0.99944735,0.99946934,0.9995223,0.99934363,0.9995153,0.99955094,0.99949884,0.9994568,0.9995222,0.9995043,0.99952185,0.99931496,0.99941725,0.9994637,0.9993396,0.9993804,0.9994541,0.9994502,0.99947,0.9995159,0.99942863,0.9994758,0.99918646,0.99948245,0.9994079,0.99937373,0.9993895,0.9993045,0.9995626,0.99942,0.9994923,0.9996221,0.9994467,0.9995752,0.9995054,0.9994758,0.99952227,0.99951106,0.99952626,0.9995121,0.9994866,0.99960876,0.99957883,0.99939483,0.9995109,0.9996084,0.99908066,0.99937814,0.9994796,0.9994861,0.9995202,0.99999714,0.9996206,0.999429,0.9996062,0.9995953,0.99964195,0.99955237,0.9994657,0.9995123,0.99951756,0.99951416,0.9995682,0.9994912,0.9992964,0.99930906,0.9992826,0.9995275,0.99943846,0.99928766,0.99933666,0.99946034,0.9995471,0.9995581,0.9995166,0.9996224,0.99937874,0.9994322,0.9993848,0.99956053,0.9995354,0.99962646,0.9994951,0.99959487,0.99944943,0.99952537,0.99953574,0.9995229,0.9995564,0.9995545,0.9994759,0.99949807,0.99934953,0.99948883,0.99952155,0.9994752,0.99939746,0.99944293,0.9995061,0.9994456,0.99933994,0.99953914,0.99924695,0.99946207,0.99945056,0.99950314,0.99953306,0.99948794,0.9994685,0.9995748,0.99956745,0.9995987,0.99974185,0.9994202,0.999581,0.99959004,0.999366,0.99958116,0.99952483,0.9993714,0.9994905,0.99953145,0.9994904,0.99939305,0.99933076,0.99955565,0.9995857,0.9995788,0.9995113,0.99930876,0.999519,0.9993969,0.9995637,0.99945176,0.99950284,0.99956495,0.9992847,0.9994894,0.99949914,0.9995106,0.9994374,0.999539,0.9994389,0.99950886,0.9994958,0.9994861,0.99948955,0.99945885,0.99944484,0.9994254,0.9994126,0.9993801,0.99939936,0.9994214,0.9994563,0.999301,0.9993956,0.9994477,0.9994618,0.99946135,0.99939567,0.99951273,0.99951094,0.99950343,0.9995078,0.9995802,0.9995634,0.9994951,0.9994598,0.9993805,0.9994349,0.99943554,0.99946684,0.9993696,0.9995078,0.999463,0.9994404,0.99952096,0.9993155,0.9994825,0.99936926,0.9994305,0.9993785,0.99949515,0.9994737,0.9994651,0.9994925,0.9994586,0.9991548,0.99943244,0.99952024,0.9995734,0.9994909,0.9995338,0.9995814,0.9993346,0.99955004,0.99946105,0.99950343,0.9992627,0.9994114,0.9994734,0.99944174,0.9995689,0.9995891,0.9995462,0.9993737,0.9995028,0.9994424,0.9995422,0.9994491,0.9994968,0.9994855,0.9995189,0.99945056,0.9994298,0.9995224,0.99949795,0.9995788,0.99912125,0.9995007,0.99954814,0.99955595,0.99943453,0.99954677,0.9994865,0.9994452,0.99943346,0.99952364,0.9994051,0.99972135,0.99950427,0.9993817,0.99941295,0.9992637,0.9994034,0.9995163,0.9995395,0.9995337,0.99956644,0.9993455,0.99954426,0.9994412,0.99949634,0.99950016,0.9995557,0.9995277,0.99948704,0.99951434,0.9994074,0.99950767,0.9995077,0.9995589,0.9995211,0.9994907,0.99950904,0.99922615,0.999149,0.9994349
ipip45,0.9997037,0.99956167,0.9996265,0.99950016,0.9996405,0.9995584,0.999703,0.9995641,0.9996574,0.9994825,0.99956554,0.9997309,0.99961436,0.9995351,0.9994862,0.9995654,0.9996574,0.9995361,0.99967104,0.999657,0.99964595,0.9996135,0.99965733,0.9996159,0.9995677,0.999607,0.9994862,0.9996425,0.999626,0.9995868,0.9996109,0.99965775,0.9994591,0.9996955,0.99973917,0.9996009,0.9996571,0.99971765,0.99965787,0.9997292,0.99943095,0.9995706,0.99955094,0.9995338,0.9994686,0.9996168,0.99959254,0.9994941,0.99968404,0.99953157,0.9995907,0.9992611,0.99962014,0.99954623,0.9993933,0.9995053,0.99940103,0.9995261,0.99954116,0.9996281,0.9997566,0.9995743,0.9997335,0.9995974,0.9995598,0.9995413,0.9996989,0.9996368,0.9996226,0.99955946,0.99973327,0.99966884,0.9993971,0.99962157,0.9996025,0.999202,0.999556,0.99968135,0.9995844,0.9996193,0.9996206,0.99999684,0.9995849,0.99976575,0.99970824,0.9997545,0.99980384,0.99957865,0.9995041,0.99965495,0.9996011,0.99972415,0.99965215,0.9994165,0.9993732,0.9994045,0.9996834,0.99950856,0.9993545,0.9994001,0.99961185,0.999712,0.9996743,0.9996216,0.9997506,0.99939567,0.9996365,0.9994013,0.9996649,0.9997374,0.99978197,0.99960494,0.99968106,0.9995768,0.9997204,0.9995702,0.9996825,0.99969655,0.9996983,0.99962324,0.9996935,0.99953496,0.99963415,0.99965864,0.9996453,0.9995086,0.99959594,0.99962795,0.99947214,0.9995896,0.99966997,0.9993341,0.99949837,0.99949795,0.99965495,0.99963456,0.9995241,0.9996087,0.999728,0.9996838,0.9997521,0.99966764,0.999537,0.9996249,0.99968547,0.9994181,0.99978065,0.99964696,0.9994837,0.9996834,0.9997076,0.999629,0.9994618,0.9993943,0.9997377,0.9996346,0.9996512,0.99961954,0.9993864,0.9997073,0.9994443,0.9997079,0.9995943,0.9995308,0.9996941,0.99940616,0.9996566,0.9996072,0.9996567,0.999595,0.9997023,0.99948496,0.9997064,0.9996697,0.9996204,0.99969506,0.99962735,0.9995754,0.99954003,0.999575,0.99950486,0.9995006,0.9995473,0.9995504,0.99942917,0.99950993,0.9996449,0.9996473,0.99965656,0.9995455,0.99970526,0.99969757,0.999703,0.99963915,0.9998562,0.99976504,0.9996918,0.99966395,0.9995119,0.99957776,0.9996279,0.9996456,0.9994844,0.9996995,0.99959683,0.9995486,0.9996849,0.9993392,0.99953115,0.9994557,0.99956185,0.9995626,0.99963355,0.99957216,0.9995232,0.99957466,0.99964225,0.9992302,0.99959815,0.9996505,0.99968624,0.9996723,0.99971783,0.99965864,0.9994563,0.99974376,0.99966127,0.99961025,0.9993159,0.99948496,0.9996034,0.99962056,0.99966633,0.9996521,0.99973804,0.99950397,0.999667,0.9995486,0.999685,0.99951106,0.9996427,0.999581,0.99974144,0.99954104,0.99958616,0.99962,0.9995484,0.9997223,0.99922675,0.9995632,0.999659,0.99967355,0.99950886,0.9996741,0.9995637,0.9996306,0.99958485,0.99961066,0.99951214,0.9996361,0.99970514,0.99948865,0.9995923,0.9994016,0.9995214,0.9996435,0.9995898,0.99956816,0.99960655,0.99933624,0.9997148,0.9995327,0.9996087,0.9996436,0.9996127,0.9995768,0.99954873,0.9996428,0.9994811,0.9995778,0.9995243,0.99968445,0.9995754,0.9994981,0.99961287,0.99925196,0.9992141,0.9994939
ipip75,0.99944955,0.9993473,0.9993918,0.99928284,0.9994216,0.99933636,0.9994349,0.9993438,0.9993888,0.99927074,0.99945015,0.9995091,0.9994213,0.9993405,0.99932873,0.9993749,0.9994342,0.99933594,0.9994721,0.99942064,0.9994158,0.9994256,0.9994282,0.9993742,0.9993511,0.9993804,0.9992818,0.9993978,0.9994067,0.99939924,0.999337,0.9994147,0.9992463,0.9994405,0.99947053,0.9993715,0.9994458,0.99946636,0.9994254,0.9994807,0.9992256,0.9993741,0.9993857,0.9993136,0.9992857,0.9994092,0.9993857,0.9993548,0.9994486,0.9993375,0.99936634,0.9991074,0.9994041,0.9993216,0.9992119,0.99928564,0.99920404,0.9993392,0.99934787,0.9993858,0.9996067,0.9993973,0.9995678,0.9993592,0.99935454,0.99938893,0.9994503,0.9993835,0.9993773,0.99933696,0.99948794,0.9994716,0.9992209,0.99942654,0.99945915,0.99908733,0.9993767,0.99946797,0.999362,0.9993802,0.999429,0.9995849,0.9999982,0.999519,0.9995206,0.9994848,0.9994906,0.9994128,0.99931896,0.9994134,0.99938536,0.99951935,0.9994286,0.9992487,0.99924487,0.9992362,0.9994336,0.99931026,0.99927956,0.9992954,0.999549,0.9994416,0.99952734,0.9994494,0.9995338,0.99921894,0.9994064,0.99915814,0.99945194,0.99950284,0.99953204,0.9994142,0.99943125,0.99937284,0.9994847,0.9993934,0.9994494,0.9994543,0.99947155,0.99941987,0.9994787,0.99933404,0.99942386,0.9994634,0.9994121,0.9992658,0.9993369,0.99942684,0.9992504,0.9992911,0.99944276,0.99922913,0.99931306,0.9992867,0.9994301,0.99940616,0.9992678,0.99937475,0.99949294,0.9994164,0.99950695,0.99944556,0.9993367,0.9993873,0.99947834,0.99923956,0.99946177,0.9993896,0.9992821,0.99945885,0.9994331,0.99939597,0.99933505,0.99930674,0.9994945,0.9994171,0.99943036,0.9994065,0.9992349,0.99945885,0.9992616,0.999462,0.9993822,0.9992995,0.99941796,0.99921197,0.99943006,0.9993547,0.99941105,0.9993971,0.99945414,0.9992978,0.99945986,0.9994316,0.9993464,0.9994364,0.9993926,0.9993513,0.99932134,0.99934334,0.9992796,0.9992529,0.9993754,0.9993014,0.9992503,0.999314,0.999402,0.9994001,0.9994035,0.9993061,0.99947053,0.9994501,0.9994434,0.99937344,0.99952585,0.9995185,0.99941677,0.99940735,0.9992765,0.99935764,0.9993993,0.9993744,0.99927425,0.999449,0.99938565,0.99931884,0.99940825,0.9991586,0.9993123,0.9992599,0.9993435,0.99933434,0.9993685,0.99935734,0.9993197,0.99940574,0.9994193,0.99903536,0.99936986,0.99944633,0.99946135,0.9994597,0.99947715,0.99947256,0.99941355,0.99950135,0.9994052,0.9993719,0.99912107,0.9992524,0.9993752,0.9993972,0.9994559,0.99944925,0.999488,0.9993049,0.9994121,0.9993285,0.99943346,0.99929845,0.99942803,0.99942017,0.9994675,0.9993339,0.9993562,0.9993845,0.9993558,0.99947727,0.9990147,0.9993789,0.99943787,0.9994392,0.99935037,0.9994504,0.9993917,0.99943256,0.9993296,0.9993741,0.99932104,0.9994162,0.9994409,0.99927115,0.99937814,0.99923545,0.99927515,0.9994344,0.99940705,0.99933773,0.9993921,0.99915266,0.99945533,0.99931407,0.99938226,0.9994229,0.99938893,0.9993873,0.99935627,0.99941444,0.9993096,0.9993632,0.9993076,0.9994489,0.9993694,0.9992869,0.99942225,0.99908227,0.99916947,0.9993262
ipip105,0.99970335,0.9995545,0.9996524,0.99948454,0.9996472,0.99954796,0.99968165,0.99953276,0.99961907,0.9994688,0.99954814,0.9996927,0.9995882,0.99948,0.9994423,0.99955374,0.99961966,0.99955386,0.9996352,0.9996218,0.9996078,0.9995839,0.9996216,0.99957114,0.9995244,0.99958354,0.99948126,0.99960285,0.9995717,0.99954814,0.9995786,0.99960464,0.9994362,0.99965596,0.99973875,0.9995747,0.99965674,0.9997168,0.9996115,0.99967647,0.9993941,0.9995589,0.99954075,0.9995046,0.9994518,0.9995914,0.9995427,0.999511,0.99967617,0.99949735,0.9995855,0.999212,0.99959487,0.9994807,0.99936056,0.99943364,0.99938405,0.9994862,0.99950224,0.99957705,0.9997109,0.99953914,0.9996808,0.99957496,0.9995279,0.99948674,0.9996553,0.99960893,0.9995975,0.9995095,0.9997165,0.9996031,0.9993768,0.99958265,0.9995586,0.9990264,0.99946415,0.9995753,0.99952835,0.9995803,0.9996062,0.99976575,0.999519,0.99999815,0.99967504,0.99973565,0.9996918,0.99950063,0.9995234,0.99970657,0.99956536,0.9996969,0.99958706,0.99936,0.9993327,0.9993224,0.9996836,0.9994526,0.9993036,0.9993168,0.9995309,0.9996508,0.99962145,0.99958163,0.99967104,0.9992972,0.99957013,0.9993557,0.9995784,0.9996865,0.99974495,0.999581,0.99959946,0.9995362,0.99966586,0.99952495,0.99965787,0.99968266,0.9996986,0.99952537,0.99965435,0.9994824,0.99961036,0.9996683,0.999632,0.99946207,0.999522,0.9995987,0.9994372,0.9994556,0.99963486,0.99934125,0.99945444,0.9994699,0.99961394,0.99960953,0.99951345,0.9995583,0.9997034,0.99968535,0.9997321,0.99964374,0.9995171,0.9996179,0.99966383,0.99939513,0.99964964,0.99963826,0.9994291,0.99964404,0.9996443,0.99954826,0.9993807,0.9993301,0.9997245,0.99958754,0.9995772,0.99958014,0.99934113,0.99968606,0.9993998,0.9996723,0.99960995,0.99948895,0.9997041,0.99937266,0.99962205,0.99953145,0.99966943,0.9995538,0.99968374,0.99948335,0.9997072,0.99966437,0.9995883,0.99968934,0.999578,0.9995596,0.9994984,0.99950486,0.99940383,0.99943346,0.9995211,0.9994939,0.99936086,0.99947083,0.99959266,0.9995908,0.9995978,0.99946004,0.99963737,0.99963963,0.99966186,0.9995955,0.9996982,0.9997354,0.99963146,0.99963254,0.99945533,0.999515,0.9995551,0.9996225,0.9994085,0.9996663,0.9995573,0.9995045,0.9996409,0.99929035,0.9994691,0.9994147,0.99952614,0.9995049,0.99960154,0.99952996,0.99947995,0.9995471,0.9995579,0.99913484,0.9995202,0.99961054,0.9996583,0.9996134,0.999646,0.99959344,0.9993761,0.9997036,0.9996198,0.99955434,0.99921805,0.9994351,0.9995349,0.99957794,0.9996353,0.9996102,0.9996787,0.99946195,0.9996231,0.9995218,0.9996558,0.9994473,0.99960566,0.99952245,0.9997178,0.999496,0.9995245,0.9995689,0.999535,0.9997058,0.99916625,0.99952966,0.9996318,0.99964494,0.99944884,0.9996229,0.9995217,0.99955714,0.99954164,0.9995686,0.9994571,0.999625,0.999659,0.9994295,0.99950564,0.99933285,0.9994501,0.9996133,0.9995368,0.99953395,0.99954885,0.99927175,0.99968165,0.99948025,0.9995828,0.99961686,0.99957424,0.9995271,0.9995081,0.99960804,0.9994351,0.99954545,0.9995168,0.9996587,0.9995213,0.99949014,0.9995841,0.99926597,0.99915874,0.99944466
ipip135,0.99965584,0.9995323,0.9995955,0.9994888,0.9996323,0.9995137,0.99964285,0.99952364,0.9995866,0.99947244,0.9994885,0.9996546,0.99958384,0.99952525,0.9994222,0.9995148,0.9995958,0.999508,0.9996283,0.9995943,0.99958193,0.999556,0.99960375,0.9995604,0.9994951,0.9995881,0.9994719,0.99959075,0.99957377,0.99954563,0.9995072,0.9995651,0.9993644,0.99960923,0.9996709,0.9995716,0.9996083,0.9996372,0.99958307,0.9996482,0.9993745,0.9995258,0.99951684,0.9994683,0.99943066,0.9995746,0.9995431,0.9994701,0.9996227,0.9995089,0.99956906,0.9992679,0.9995926,0.9995284,0.9993596,0.9994826,0.9993766,0.9995084,0.9994986,0.9995404,0.99966383,0.99949986,0.99964845,0.99953103,0.9995055,0.9994608,0.9996149,0.9995626,0.9995357,0.9994948,0.9996745,0.9996079,0.99933785,0.9995702,0.99959177,0.99908125,0.99947476,0.99958736,0.99950546,0.9995484,0.9995953,0.99970824,0.9995206,0.99967504,0.9999974,0.9996691,0.9996442,0.99952674,0.99946994,0.99956274,0.9995455,0.999651,0.9995504,0.9993614,0.9993166,0.9993374,0.99960005,0.9994408,0.9993115,0.9993607,0.99953735,0.99958664,0.9995878,0.9995701,0.9996799,0.999333,0.99957895,0.9993144,0.9995665,0.999659,0.99969196,0.9995641,0.99962735,0.9995274,0.9996589,0.99959356,0.9996033,0.9996406,0.99967647,0.9995457,0.9996062,0.9994621,0.99959046,0.9996124,0.9995897,0.999415,0.9995427,0.9995864,0.9994257,0.999434,0.99961525,0.9993762,0.99950624,0.999473,0.9995876,0.9996059,0.9994626,0.99954414,0.9996734,0.99964404,0.9996788,0.999621,0.9994842,0.999585,0.9996265,0.9994236,0.9996385,0.9995692,0.999423,0.9996242,0.99959403,0.9995355,0.9994637,0.9993107,0.99966353,0.9996084,0.9996295,0.99959874,0.9993736,0.99964,0.9994795,0.99966735,0.99955684,0.9994558,0.99963945,0.99934936,0.9996513,0.99952316,0.9996014,0.99956864,0.99963677,0.99948937,0.99966705,0.9996113,0.99951875,0.99961007,0.9995668,0.99954045,0.99949086,0.9995091,0.9994753,0.99939823,0.99949443,0.99946606,0.9993559,0.99943066,0.9995727,0.99957484,0.9995823,0.9994758,0.999633,0.9996127,0.9996149,0.99953383,0.9996627,0.99966276,0.99961877,0.9996071,0.99945164,0.99952924,0.9995559,0.999581,0.9994707,0.99962914,0.9995575,0.9994652,0.99959844,0.9992991,0.999462,0.9994187,0.99953526,0.9994984,0.99954075,0.9994977,0.99946666,0.9994949,0.9995876,0.999191,0.9995289,0.99962044,0.99965686,0.9995735,0.99962467,0.9996011,0.99937516,0.9996403,0.9995899,0.9995551,0.9992529,0.9994125,0.99956214,0.9995149,0.99957055,0.99958044,0.9996251,0.9994235,0.99960834,0.9995511,0.99965894,0.99952805,0.9996726,0.99960434,0.99966973,0.9995014,0.9995446,0.99956214,0.99954414,0.9997241,0.99920917,0.999588,0.9996257,0.99963087,0.9995116,0.9996342,0.9996016,0.99962294,0.9995564,0.9995667,0.9995346,0.9996166,0.9996262,0.99945104,0.999576,0.99940103,0.99947065,0.9996055,0.9995828,0.9995276,0.9995529,0.9992944,0.99963266,0.9994729,0.99955183,0.9995953,0.99957806,0.9995517,0.99958616,0.9995761,0.9994064,0.9995844,0.9994801,0.9996409,0.9995306,0.9994456,0.99961406,0.9992714,0.9992332,0.999451
ipip165,0.99970484,0.99950826,0.99957037,0.99946487,0.99963665,0.99952024,0.99972695,0.9995412,0.9996341,0.99946225,0.9995229,0.99974805,0.9995825,0.9994986,0.9995012,0.99960774,0.9996615,0.99950475,0.9996775,0.9996944,0.9996164,0.99958193,0.99963486,0.9995831,0.9994958,0.99962175,0.9994649,0.9996395,0.9996193,0.9995668,0.99959415,0.9996491,0.9994528,0.9996657,0.999796,0.99961895,0.99968374,0.999768,0.99963915,0.99971265,0.99943084,0.9995582,0.99951977,0.9995104,0.99942225,0.99957687,0.99951494,0.9994764,0.99966055,0.9995135,0.99958706,0.99920917,0.99961674,0.99952,0.99932975,0.9994758,0.9993702,0.99948305,0.9994991,0.99961334,0.9997345,0.99952877,0.9997167,0.99953645,0.9995327,0.999494,0.99970216,0.99966145,0.9995951,0.99953854,0.9997632,0.9996315,0.9993506,0.9996224,0.99958247,0.99907,0.99948674,0.9996179,0.99955624,0.9996169,0.99964195,0.9997545,0.9994848,0.99973565,0.9996691,0.9999975,0.9998602,0.9995249,0.9995101,0.999669,0.9995775,0.99971545,0.9996453,0.9993782,0.9993407,0.99933153,0.9997055,0.99946785,0.9993307,0.9993114,0.9995626,0.99965763,0.99963754,0.9995829,0.99967617,0.9993156,0.9996296,0.99937016,0.9996325,0.9997609,0.99980026,0.9995538,0.99959815,0.99958813,0.9997302,0.99956447,0.99971396,0.99976,0.9997442,0.9995542,0.9996706,0.9995017,0.9996117,0.9996603,0.9996698,0.9994871,0.9995488,0.9996259,0.9994305,0.9994802,0.99968356,0.9992372,0.99946654,0.99943876,0.9996626,0.9996165,0.99951035,0.99961793,0.99975914,0.99972844,0.99977225,0.99964845,0.99951035,0.9996406,0.99968916,0.99940836,0.9996603,0.99962544,0.99945766,0.9996399,0.9996676,0.99956346,0.99937,0.999329,0.9997576,0.9995994,0.99957746,0.9996072,0.9993474,0.99973714,0.99943066,0.99975675,0.99967796,0.9995026,0.9997768,0.99939334,0.9996785,0.99952346,0.99967253,0.9995752,0.999714,0.9994616,0.9997433,0.9996733,0.9996131,0.99970114,0.9996238,0.9995808,0.9995317,0.9995576,0.99945366,0.9994642,0.99950254,0.9995282,0.9993821,0.9995037,0.99964726,0.9996508,0.9996528,0.9994843,0.9997054,0.99967575,0.9996844,0.99962187,0.9997073,0.99976087,0.9996728,0.9996793,0.99946684,0.9995054,0.9996018,0.9996762,0.99944437,0.99970025,0.9995647,0.999483,0.99968976,0.9992907,0.9994752,0.99943733,0.99951094,0.9995563,0.99961966,0.99955493,0.9995072,0.9995098,0.99960494,0.99916524,0.99957687,0.9996508,0.99968356,0.99965227,0.99971557,0.9995885,0.99937105,0.9997612,0.99969184,0.999612,0.9992306,0.9994462,0.9995905,0.9995908,0.9996749,0.99962527,0.99974304,0.9994708,0.99962693,0.9995691,0.9996871,0.9994883,0.99966055,0.9995375,0.99975485,0.99949735,0.9995662,0.99959123,0.9995023,0.9997466,0.99919766,0.9995461,0.9996615,0.99967295,0.9994738,0.9996638,0.9995426,0.99959236,0.9995708,0.99959046,0.9994637,0.9996202,0.99969125,0.99942994,0.9995292,0.99935573,0.99949425,0.9996556,0.99956626,0.99955165,0.999567,0.9992499,0.99975145,0.99951124,0.9996019,0.99966824,0.99959093,0.99958307,0.999535,0.99961334,0.9994427,0.9995808,0.9995082,0.99970317,0.9995561,0.9994737,0.9996307,0.99923575,0.9991631,0.99950325
ipip195,0.99964744,0.9994932,0.999541,0.9994261,0.9995788,0.99948263,0.9996905,0.9995358,0.99961185,0.9994291,0.99951154,0.9996516,0.99956226,0.9994904,0.9994216,0.99956584,0.99963266,0.9994988,0.9996579,0.99965036,0.99957925,0.9995441,0.99957526,0.99957204,0.9994818,0.99959785,0.9994464,0.9996296,0.9996278,0.99955755,0.9995407,0.99962825,0.9994204,0.9996384,0.99973786,0.9995419,0.99967813,0.9997186,0.9996192,0.999692,0.99939656,0.999542,0.99947864,0.9994929,0.99941194,0.9995296,0.9994992,0.9994283,0.99964696,0.9995011,0.9995601,0.9992298,0.999549,0.99954766,0.9993132,0.99947846,0.99932206,0.99949443,0.9994593,0.9995904,0.99969465,0.999496,0.9996538,0.99951065,0.99950355,0.999455,0.9996995,0.99961406,0.99956816,0.9995267,0.9996621,0.9995766,0.9993182,0.99954087,0.99952215,0.999127,0.9995184,0.99962234,0.99951684,0.9995572,0.99955237,0.99980384,0.9994906,0.9996918,0.9996442,0.9998602,0.99999857,0.9995353,0.9994421,0.99965143,0.99952966,0.99965584,0.9996014,0.9993679,0.99930394,0.9993468,0.999621,0.9994695,0.99929994,0.99935466,0.9995505,0.9995997,0.9996118,0.99955183,0.99965835,0.9993621,0.9996548,0.9993636,0.9996434,0.99973136,0.9997336,0.9995295,0.99958986,0.9995642,0.9997195,0.9995114,0.9996763,0.999665,0.9996747,0.9995575,0.99963796,0.999483,0.9995741,0.9995991,0.99960846,0.9994721,0.9995605,0.9996079,0.9994001,0.9995006,0.9996085,0.99925375,0.99941987,0.9994192,0.9995974,0.9995742,0.9994607,0.999573,0.9996944,0.99964565,0.9996896,0.99959886,0.9994819,0.9995724,0.99962026,0.9993994,0.9996357,0.9995962,0.9994257,0.9996561,0.99963695,0.99953896,0.9993648,0.99931216,0.9996757,0.99954426,0.999545,0.999542,0.999325,0.99969244,0.9993731,0.99966466,0.99956995,0.9994394,0.99965566,0.99934506,0.9996204,0.99950206,0.99961364,0.9995451,0.99963427,0.9994199,0.99968207,0.99961793,0.99956024,0.9996421,0.9996203,0.99956924,0.9995265,0.9995677,0.99951386,0.9994274,0.99947,0.99947524,0.99937946,0.99944556,0.9996371,0.9996386,0.9996503,0.99951386,0.9997293,0.9996397,0.99964136,0.99956596,0.9996873,0.99969834,0.9996655,0.9996726,0.9994937,0.99954087,0.99960154,0.9996517,0.99947417,0.99965346,0.99952966,0.9994654,0.9996664,0.99933916,0.99949795,0.9994391,0.99950975,0.9995991,0.9995792,0.9994923,0.9994759,0.9994936,0.9996193,0.9992161,0.99960256,0.9996546,0.9996147,0.99962753,0.99967474,0.999582,0.99938774,0.99971795,0.9996726,0.9996176,0.99929804,0.99946076,0.9996056,0.99953794,0.9996047,0.9995862,0.99968636,0.99942505,0.99958867,0.9994974,0.999635,0.9994573,0.9996348,0.99952984,0.9996997,0.99949783,0.99955046,0.9995727,0.9994637,0.9996566,0.99915546,0.99949235,0.99960905,0.99962515,0.9994588,0.9996268,0.9995169,0.9996044,0.99955773,0.9995297,0.99945676,0.99959517,0.99965715,0.9994291,0.99955314,0.9993691,0.99948794,0.9995899,0.9995151,0.99948984,0.99953413,0.99923277,0.99968684,0.9994932,0.9995395,0.9996245,0.9995434,0.99951047,0.99947166,0.99955595,0.9994023,0.99950606,0.999457,0.9996413,0.9995388,0.9994231,0.99959344,0.9991999,0.99916947,0.99941874
ipip225,0.9995037,0.99950683,0.99946535,0.9993869,0.9994391,0.9994193,0.9995098,0.99951196,0.9995468,0.99939704,0.9993963,0.99948275,0.9995906,0.9996312,0.999477,0.9995289,0.9995919,0.9994982,0.9996056,0.9996177,0.99958277,0.99953514,0.99952257,0.99952316,0.99942344,0.99948937,0.99946404,0.9996069,0.99952847,0.99953216,0.9994575,0.9995119,0.99933803,0.999468,0.9995529,0.99942213,0.9995211,0.99954337,0.99961483,0.9994988,0.99940103,0.9994728,0.99938846,0.9993655,0.99943435,0.9994226,0.9994288,0.9994068,0.9995132,0.9995071,0.99943405,0.999308,0.99944365,0.9995631,0.9994506,0.99943626,0.99924815,0.9994636,0.99944746,0.9995067,0.99962175,0.9994553,0.99959904,0.9994248,0.9994484,0.9995437,0.9995196,0.99948514,0.99946225,0.99949723,0.99950236,0.99950016,0.99935263,0.999431,0.9995401,0.9991649,0.9994394,0.9995253,0.9995075,0.9995034,0.9994657,0.99957865,0.9994128,0.99950063,0.99952674,0.9995249,0.9995353,0.99999774,0.999526,0.9994955,0.99945056,0.99950176,0.9995046,0.9993438,0.9994514,0.99931884,0.99947274,0.9994582,0.9994699,0.9994127,0.99964267,0.9994851,0.99956864,0.9995655,0.99960554,0.9994429,0.99949,0.9993419,0.99958223,0.99956393,0.9995622,0.9993988,0.9994638,0.9994647,0.99953514,0.9994664,0.9995187,0.9995595,0.9995398,0.99949145,0.9995067,0.99942476,0.99951696,0.99953717,0.9994958,0.99943715,0.9995303,0.99952644,0.99944246,0.9994816,0.9994708,0.99929976,0.99940544,0.9995601,0.99945265,0.9995007,0.999401,0.9994703,0.99953705,0.9994704,0.9995464,0.9995779,0.99961615,0.99954003,0.9995571,0.9995061,0.99951637,0.99947655,0.9994017,0.99952865,0.9995276,0.999467,0.9994389,0.99939203,0.99950457,0.99948317,0.99948364,0.9994518,0.9993537,0.9995057,0.9993665,0.99953294,0.999431,0.9993947,0.999489,0.9992831,0.99947566,0.99943465,0.9994816,0.9994503,0.9994564,0.9993501,0.9994836,0.99950397,0.9994719,0.9994722,0.99946684,0.999422,0.9994239,0.9994995,0.9995182,0.9994342,0.9994062,0.9994584,0.9993496,0.9993884,0.9995289,0.99954814,0.9995464,0.9994436,0.99952894,0.9995478,0.99953014,0.9994871,0.9995327,0.9995133,0.9995197,0.99947,0.99942034,0.9994425,0.99944955,0.9994629,0.9994245,0.99950135,0.9994498,0.99938315,0.9995307,0.9993757,0.9994886,0.9994076,0.99947506,0.99940246,0.99947053,0.9994529,0.99947596,0.9994586,0.9994932,0.99928945,0.99953073,0.99949086,0.9994763,0.99946296,0.9995503,0.9995403,0.9993247,0.9995144,0.99946165,0.99954754,0.9993582,0.9993527,0.9995465,0.9994328,0.9995214,0.9995024,0.9995397,0.99938405,0.9994461,0.99939704,0.999473,0.99944663,0.9995,0.99945104,0.9994869,0.9994465,0.99948406,0.99948275,0.9993761,0.99947554,0.9992067,0.9994088,0.9995373,0.99953693,0.99946916,0.99954444,0.99950576,0.99950075,0.99958974,0.99942595,0.9994021,0.99950737,0.9995492,0.99944675,0.9994816,0.9993491,0.9994936,0.99949163,0.9994372,0.99941903,0.99948454,0.9992456,0.9995113,0.9994296,0.9994271,0.9994955,0.999475,0.99944943,0.9994091,0.9994289,0.9994168,0.9994097,0.9994293,0.9995153,0.9994677,0.9994115,0.9995165,0.99919313,0.9992072,0.9993221
ipip255,0.99940693,0.9993887,0.99947935,0.9993057,0.9994067,0.9993846,0.99940675,0.9993653,0.99941605,0.9993223,0.9993417,0.9995321,0.99944025,0.99939746,0.9994108,0.9993607,0.9994338,0.9994208,0.9994703,0.9994776,0.9994307,0.99944186,0.99943316,0.9993625,0.9993478,0.9993737,0.99937534,0.9994365,0.9994341,0.9994166,0.9993755,0.99939907,0.99928576,0.999389,0.9995227,0.99937046,0.99940425,0.9994559,0.99943924,0.99942476,0.9993222,0.99937147,0.9993651,0.9992793,0.9993473,0.9993735,0.99934554,0.9993836,0.9994356,0.99940914,0.99934703,0.9991854,0.9993993,0.9993472,0.99931115,0.99933505,0.9992411,0.99938864,0.9993347,0.99939275,0.9995352,0.9994383,0.99950314,0.99937665,0.9993729,0.9994178,0.99942374,0.99939525,0.99940044,0.99940777,0.9994598,0.99943084,0.9993089,0.9993815,0.99958,0.99903965,0.9993073,0.99938864,0.9994002,0.9994292,0.9995123,0.9995041,0.99931896,0.9995234,0.99946994,0.9995101,0.9994421,0.999526,0.99999875,0.999462,0.9994383,0.99943537,0.999425,0.999265,0.99959475,0.9992097,0.9994272,0.9993229,0.9993964,0.9992525,0.9994404,0.99942607,0.9994832,0.99941593,0.9995626,0.99925363,0.99934906,0.9992115,0.99942607,0.99945664,0.99950206,0.99939257,0.999469,0.999413,0.9994628,0.99945223,0.9994426,0.99958915,0.9995194,0.99939674,0.99940956,0.9992746,0.99938154,0.99944776,0.9993988,0.99930763,0.99934953,0.99940485,0.9993318,0.9992781,0.999399,0.999198,0.9993308,0.99943566,0.9993816,0.9994251,0.99934655,0.9993743,0.9994715,0.9994198,0.99948466,0.99946344,0.99944544,0.99942344,0.9995014,0.99933517,0.99946,0.999426,0.999345,0.99943787,0.999406,0.99937737,0.9994263,0.99926716,0.9994584,0.99945015,0.99943936,0.9993915,0.99926615,0.99942863,0.99930686,0.9994782,0.99943817,0.99934155,0.99945664,0.99926794,0.99941856,0.9993433,0.9994272,0.9993749,0.99939513,0.9993628,0.99942577,0.9993948,0.9994022,0.9994092,0.9993607,0.9993743,0.999337,0.9993198,0.9992931,0.99934494,0.9993357,0.9993894,0.9992955,0.99931765,0.9993527,0.99937123,0.99936736,0.99931806,0.99939936,0.9994224,0.99941015,0.999423,0.99945784,0.9994533,0.99938715,0.99937516,0.9992927,0.9993466,0.9993183,0.99934125,0.9992677,0.9994128,0.9993388,0.9993162,0.9994129,0.99933594,0.9993422,0.9993155,0.9993439,0.99928176,0.9994,0.9993696,0.99938536,0.99937093,0.9993805,0.9992417,0.9995087,0.9994132,0.9994306,0.9993998,0.9994439,0.99942756,0.9993178,0.9994332,0.99936473,0.99939656,0.99916697,0.99928576,0.9993609,0.99937063,0.9994517,0.99944186,0.99945253,0.99931586,0.9993786,0.99934036,0.9994112,0.9993341,0.99941444,0.9993798,0.9994166,0.9994187,0.999342,0.9993849,0.9993471,0.9994338,0.9991466,0.9993623,0.9995189,0.9995266,0.9994131,0.9995101,0.99945015,0.9993809,0.9993564,0.99935937,0.99929863,0.99941397,0.9994123,0.9993508,0.99934095,0.99922264,0.99931806,0.9994464,0.9993809,0.9993555,0.99942684,0.9992613,0.9994481,0.99936086,0.9993975,0.9994103,0.99942696,0.99940777,0.99936897,0.9993687,0.9993368,0.99937826,0.9994005,0.99946195,0.9993716,0.9993692,0.99943334,0.9991851,0.99911916,0.99930096
ipip285,0.99958897,0.99951816,0.99954826,0.99944115,0.99955827,0.9994688,0.999637,0.9995633,0.9995852,0.9994511,0.99950594,0.99958116,0.99957937,0.9995025,0.99944395,0.999572,0.9996033,0.9995457,0.99965364,0.9996429,0.9995477,0.99954563,0.9995416,0.99954855,0.99944586,0.9995813,0.9994696,0.9995892,0.9995412,0.99951005,0.99949783,0.9995695,0.9994089,0.9995735,0.9997236,0.99951315,0.99961865,0.9996943,0.99954987,0.99960923,0.99937874,0.9995263,0.9994881,0.99945116,0.9994569,0.99953645,0.9995028,0.99946463,0.99965364,0.9994799,0.9995342,0.9992417,0.99952817,0.9994807,0.9993339,0.99944687,0.9993102,0.99947804,0.999457,0.99955004,0.99964213,0.9994979,0.9996166,0.999526,0.9994507,0.99944013,0.9998091,0.99958515,0.99953693,0.99952644,0.99961984,0.99954367,0.9993168,0.99950224,0.9994814,0.99908936,0.999435,0.99954474,0.99950045,0.99954003,0.99951756,0.99965495,0.9994134,0.99970657,0.99956274,0.999669,0.99965143,0.9994955,0.999462,0.9999983,0.9994821,0.99959147,0.99953246,0.9993091,0.9993155,0.99930555,0.9995809,0.99944144,0.9992916,0.9993582,0.99946576,0.99954885,0.99955124,0.99950397,0.9995867,0.99931276,0.9995723,0.99930894,0.9995654,0.9996661,0.9996934,0.9995011,0.9995117,0.9995101,0.99964225,0.9994927,0.99962264,0.99962103,0.99962944,0.99950445,0.9995602,0.9994321,0.9995444,0.9995953,0.99955267,0.99942875,0.9995185,0.99955916,0.99940413,0.9994458,0.99956286,0.99924415,0.99940455,0.9994482,0.99954665,0.99952966,0.99941885,0.9995262,0.9996379,0.99958247,0.999632,0.99956787,0.9994562,0.999571,0.9995888,0.9993641,0.9995825,0.9995523,0.9994248,0.9996172,0.99955887,0.9994661,0.9993337,0.9992997,0.99964017,0.9995031,0.9995097,0.99951726,0.9993221,0.9996434,0.9993671,0.99962944,0.99955034,0.9993995,0.99961776,0.99931794,0.9995728,0.999452,0.9995961,0.9994899,0.99958813,0.99941826,0.999619,0.9995832,0.9995225,0.9996059,0.9995567,0.999547,0.9994703,0.9994821,0.9994299,0.9993964,0.99943405,0.99947214,0.9993507,0.99943763,0.99954444,0.9995492,0.9995552,0.99944746,0.9996258,0.99957126,0.999567,0.99953103,0.999601,0.99964195,0.99959135,0.9996085,0.9994425,0.9995213,0.9995353,0.99957925,0.9994296,0.9995889,0.9995096,0.9994425,0.99960977,0.9993603,0.9994631,0.99942946,0.9994734,0.99953884,0.9995333,0.9994899,0.99946314,0.9994783,0.9995488,0.9991647,0.9995242,0.9995736,0.9995623,0.9996171,0.9995999,0.999538,0.99936473,0.9996423,0.99959713,0.999563,0.99927,0.99940664,0.99952763,0.9994994,0.99958414,0.9995558,0.9996364,0.99940175,0.9995506,0.99950063,0.99959725,0.9994314,0.9995983,0.99951476,0.99964213,0.9994825,0.99948907,0.9995598,0.99947494,0.99960774,0.99915874,0.9994851,0.9995899,0.9995907,0.99943024,0.99958,0.99949944,0.9995479,0.9995143,0.99951345,0.99944156,0.99956375,0.9995862,0.999409,0.99950606,0.99934155,0.9994468,0.99954605,0.9994776,0.99947965,0.9994896,0.99922717,0.9996269,0.9994606,0.999492,0.9995762,0.99951565,0.99948287,0.99946636,0.99952227,0.9993956,0.99948883,0.999478,0.9996099,0.99953234,0.9994488,0.99957484,0.99926186,0.99919355,0.99940264
ipip20,0.9995118,0.999424,0.99944943,0.99936473,0.9994982,0.9994537,0.99950486,0.99942607,0.9995025,0.99936616,0.9993771,0.9996075,0.99950844,0.9994543,0.9994367,0.9994829,0.99954826,0.99940133,0.99954134,0.9995335,0.9994963,0.9994804,0.9995108,0.999447,0.9994357,0.9994655,0.99937856,0.9994853,0.9995072,0.9994909,0.9994727,0.99950933,0.9993412,0.999519,0.99954706,0.9995381,0.99948317,0.9995222,0.99953747,0.99953043,0.99936795,0.9994351,0.9994313,0.9993983,0.9993581,0.9994605,0.99943644,0.9993915,0.9995267,0.99945104,0.9994417,0.9991673,0.9995019,0.9993951,0.99931437,0.9994144,0.9993139,0.99946743,0.99943453,0.99949944,0.9996075,0.9994582,0.99959695,0.99948305,0.99947405,0.9994714,0.9995263,0.99947685,0.99946827,0.9994458,0.9995991,0.9995241,0.99935913,0.99950105,0.99951917,0.9990805,0.9993998,0.9995111,0.9994681,0.99950653,0.99951416,0.9996011,0.99938536,0.99956536,0.9995455,0.9995775,0.99952966,0.99945056,0.9994383,0.9994821,0.9999978,0.9995708,0.99954396,0.99945754,0.99931186,0.9992749,0.99955493,0.9994104,0.9993167,0.99932176,0.99951255,0.99954396,0.9996115,0.9995537,0.9996125,0.99934304,0.99945474,0.99933374,0.99951106,0.99955595,0.9996139,0.99947304,0.9995989,0.9995751,0.99956095,0.9995313,0.99964106,0.9995827,0.99959856,0.9994777,0.99951357,0.9994228,0.9995054,0.9995424,0.99948496,0.99939775,0.99944663,0.99949104,0.9993952,0.9993492,0.9995581,0.999221,0.999432,0.9993968,0.9995249,0.99953955,0.9994263,0.9994777,0.9995723,0.99956554,0.99964046,0.9995528,0.99941117,0.99949354,0.9995991,0.9994061,0.9995582,0.9994937,0.9993863,0.99951583,0.999525,0.99952334,0.9993591,0.9992904,0.99959415,0.99957895,0.9995586,0.99952245,0.9993481,0.9995415,0.999407,0.99960166,0.9995078,0.9994386,0.9996,0.999378,0.99951434,0.99945015,0.9995323,0.9995326,0.99955136,0.99945986,0.99955386,0.9994872,0.9994798,0.99952734,0.99944985,0.9994851,0.99939704,0.9994347,0.99941945,0.9993882,0.9993916,0.9994412,0.99931586,0.9994075,0.99947715,0.9994871,0.9994921,0.99940073,0.99952173,0.9995315,0.9995313,0.9994868,0.99958634,0.99956524,0.9995114,0.9994729,0.9994011,0.9994085,0.99943215,0.9994898,0.9993708,0.99954134,0.9994693,0.9994038,0.99952304,0.9992656,0.99942255,0.999352,0.9994584,0.9994157,0.9994827,0.9994811,0.99944216,0.9994587,0.9994776,0.9991077,0.9994354,0.9996076,0.999563,0.9995208,0.9995679,0.99949056,0.99932915,0.9995834,0.99950045,0.999509,0.99919623,0.9993635,0.9994691,0.9994938,0.99954945,0.9995102,0.9996016,0.9994,0.9994866,0.99949396,0.99954873,0.99947244,0.9995305,0.9994535,0.9995497,0.99942034,0.9994773,0.9994546,0.9994321,0.9995646,0.9991745,0.9994832,0.9995325,0.99953485,0.9994773,0.99953866,0.9994599,0.99946225,0.9994224,0.99947023,0.999389,0.9995033,0.9995381,0.99937344,0.9994243,0.99928695,0.99940157,0.999558,0.99951226,0.999449,0.99952763,0.9993159,0.999548,0.9994198,0.9994783,0.9995075,0.9995021,0.9994904,0.99947524,0.9994651,0.9994013,0.99946827,0.9994653,0.9995408,0.9994389,0.99943995,0.99951816,0.9991938,0.9991651,0.9993464
ipip50,0.99966085,0.9995014,0.99953353,0.9994418,0.9996241,0.9995231,0.9996681,0.9995032,0.9996062,0.9994388,0.9994913,0.9996418,0.99956447,0.9994747,0.99942285,0.9995593,0.99962145,0.99949205,0.9996265,0.99960726,0.9996129,0.99955046,0.9996471,0.9995873,0.9995206,0.99959785,0.99942356,0.99959797,0.9995512,0.9995507,0.99958587,0.9996074,0.99944216,0.99965423,0.9996961,0.9995927,0.999643,0.9996859,0.9996078,0.99968374,0.99939185,0.9995493,0.9995591,0.99948573,0.99943924,0.99963135,0.9995556,0.99946624,0.9996311,0.9994784,0.99958974,0.99923295,0.9996049,0.9995001,0.9993252,0.9994579,0.99935293,0.99948263,0.9995051,0.99958974,0.99975103,0.9996105,0.99973756,0.9995548,0.9995555,0.9995183,0.9996429,0.99963295,0.99959916,0.99949044,0.99972826,0.99963224,0.99933994,0.9995964,0.9995594,0.9990413,0.99947226,0.99959767,0.99952924,0.99957734,0.9995682,0.99972415,0.99951935,0.9996969,0.999651,0.99971545,0.99965584,0.99950176,0.99943537,0.99959147,0.9995708,0.9999972,0.99960744,0.9993931,0.9993661,0.99935704,0.9996874,0.9995144,0.999412,0.9994178,0.99956816,0.9996701,0.99964756,0.99969107,0.9996697,0.9993582,0.999616,0.9993952,0.99961627,0.9996935,0.99974257,0.9995426,0.9995772,0.9995395,0.9996847,0.9995364,0.99967015,0.99970436,0.99970114,0.99954665,0.99967176,0.99947256,0.9996126,0.9996564,0.9996496,0.99951357,0.9995302,0.9995675,0.9994347,0.99944085,0.9996748,0.99930245,0.9994809,0.99947643,0.9996495,0.9996021,0.99950796,0.9995943,0.9997102,0.9996932,0.9997502,0.99966097,0.99945635,0.9995992,0.99964625,0.9993707,0.9996576,0.99961716,0.9994392,0.9996047,0.9997249,0.99961114,0.99948287,0.9993595,0.9997447,0.9996088,0.9995929,0.99960846,0.9993144,0.9997119,0.9994307,0.99969304,0.9996255,0.9995018,0.99970126,0.9993635,0.99964595,0.9995617,0.99962866,0.9995632,0.9997215,0.9994423,0.9997195,0.9996458,0.9995933,0.9996645,0.9996083,0.9995621,0.99951833,0.9995583,0.9994351,0.99943423,0.9995276,0.9994874,0.99935454,0.9994618,0.9996265,0.99962246,0.99963176,0.9994997,0.99965054,0.999652,0.99966526,0.9996018,0.9996937,0.99973494,0.9996682,0.99966437,0.9994732,0.9995284,0.9995786,0.99967456,0.9994525,0.99967146,0.99958146,0.9995458,0.9996658,0.999273,0.99947083,0.9994128,0.99950904,0.9994956,0.9996026,0.99954444,0.9994681,0.9995274,0.99961394,0.9991378,0.99953395,0.999633,0.9996977,0.9996267,0.999644,0.99957895,0.9994021,0.999724,0.99966186,0.9995725,0.99925435,0.9994291,0.99956584,0.9995793,0.9996557,0.9996283,0.9996923,0.9994577,0.99963355,0.99952704,0.99968135,0.9994706,0.9995904,0.9995854,0.9997275,0.9995024,0.99953425,0.9995722,0.99953955,0.99973744,0.9991496,0.9995584,0.99965024,0.99965096,0.9994853,0.9996509,0.99954104,0.99958956,0.9995392,0.9996349,0.9994668,0.9996301,0.99966115,0.999406,0.9994942,0.9993416,0.9994618,0.9996162,0.99956137,0.9995801,0.99956155,0.9992406,0.9997001,0.999492,0.9995923,0.99962217,0.999577,0.9995637,0.99955565,0.999626,0.9994509,0.9995909,0.99949384,0.9996362,0.9995262,0.99947053,0.99959105,0.99919575,0.9992065,0.99942404
ipip80,0.9995445,0.9994441,0.9994687,0.9993856,0.9995361,0.9994848,0.9995628,0.9994853,0.99951947,0.99938434,0.9993966,0.9995693,0.999523,0.99945635,0.999408,0.9994561,0.9995945,0.99942064,0.99955845,0.99962276,0.9996045,0.9995506,0.99956304,0.9994831,0.99945706,0.99949336,0.999383,0.9995833,0.9996144,0.9994712,0.99947894,0.9995456,0.9993372,0.9995503,0.99960023,0.99951917,0.999519,0.9995767,0.99952954,0.9995756,0.9993695,0.999477,0.99945927,0.9994135,0.99937093,0.9994808,0.9994612,0.99941576,0.9995504,0.99947613,0.9994719,0.9991749,0.9995471,0.99943733,0.9993004,0.99939734,0.9993112,0.9994052,0.99944836,0.9995306,0.9997071,0.99951017,0.9996908,0.9994732,0.9995338,0.99952984,0.99957675,0.99952894,0.9995052,0.9994886,0.9996466,0.99957216,0.9993704,0.99955964,0.999599,0.99908936,0.9994137,0.99952644,0.999475,0.9995169,0.9994912,0.99965215,0.9994286,0.99958706,0.9995504,0.9996453,0.9996014,0.9995046,0.999425,0.99953246,0.99954396,0.99960744,0.99999785,0.9993836,0.9993265,0.9993016,0.99960333,0.9994341,0.9993009,0.9993336,0.99954164,0.99957174,0.9996385,0.99953717,0.9996979,0.99935573,0.9994993,0.9994134,0.999611,0.999646,0.9996625,0.99949133,0.9995453,0.999533,0.999624,0.99951935,0.99960303,0.9996094,0.99962807,0.99954295,0.9995708,0.99942696,0.99953514,0.9995709,0.9995697,0.9993967,0.9994593,0.9995142,0.99936485,0.99936336,0.99959755,0.9992337,0.99943274,0.99946743,0.99957556,0.9995232,0.9994351,0.99950993,0.9996068,0.99959904,0.99968415,0.99958473,0.99952,0.99957687,0.9996533,0.9993645,0.9995656,0.99952585,0.99939114,0.99953336,0.9995552,0.9994881,0.9993589,0.9993592,0.9996397,0.99952906,0.9995208,0.99953514,0.999335,0.9996005,0.99938786,0.99960643,0.9995138,0.999429,0.99961877,0.99931014,0.9995522,0.9994603,0.99957484,0.99949086,0.99958926,0.999413,0.9995911,0.99953717,0.99948597,0.9995552,0.9995074,0.9994778,0.99943084,0.9994429,0.99938,0.99937844,0.9994133,0.99944687,0.9993521,0.9994761,0.99950397,0.9995094,0.99950594,0.99939036,0.9995481,0.999544,0.9995466,0.9995016,0.9995801,0.9995989,0.999538,0.9995245,0.999376,0.9994445,0.99950105,0.99953616,0.99942315,0.9995647,0.9994885,0.99943435,0.99954367,0.99924237,0.9994297,0.9993796,0.9994593,0.99943155,0.9995019,0.99951416,0.999441,0.99949294,0.99948037,0.99910975,0.999489,0.99954337,0.99957085,0.99950814,0.9995926,0.99956703,0.9993411,0.9995986,0.9995399,0.99955875,0.99923503,0.99939996,0.9994935,0.9995277,0.99962366,0.9995461,0.9996636,0.9994258,0.99954665,0.9995205,0.99957687,0.9994322,0.99954003,0.99949825,0.9996019,0.99944544,0.9994823,0.9995358,0.9994541,0.999618,0.99915797,0.99949175,0.99955475,0.9995545,0.9994241,0.9995624,0.999486,0.99950063,0.99946845,0.9995444,0.9994266,0.99953955,0.9995603,0.99936956,0.9994541,0.9993041,0.99939746,0.9995904,0.99951273,0.99948096,0.9995539,0.9992503,0.9996192,0.99943924,0.9995165,0.9995519,0.99951804,0.99953866,0.99947757,0.9995224,0.9994092,0.99951655,0.9994814,0.99957865,0.9995218,0.9994597,0.9995294,0.999186,0.9991734,0.9994232
ipip110,0.9993599,0.99929684,0.9993153,0.99921256,0.99933285,0.9993083,0.9993535,0.99932706,0.999346,0.99922144,0.99922144,0.9993844,0.99935734,0.9993109,0.99919844,0.99927723,0.9993877,0.9992898,0.999379,0.99939626,0.99934417,0.99935687,0.99937534,0.99928385,0.9992461,0.99932486,0.99928135,0.99932486,0.9993643,0.9993483,0.99929667,0.99932826,0.99919474,0.9993513,0.999383,0.999299,0.9993338,0.99934846,0.99933636,0.999359,0.9992458,0.99930966,0.9992768,0.99926895,0.9992223,0.9993203,0.99931425,0.99922675,0.999409,0.99931717,0.99929506,0.9991162,0.99934286,0.99933887,0.99916613,0.99929434,0.9991515,0.9992918,0.99930143,0.9993012,0.9994879,0.9993895,0.9994918,0.9992936,0.99930984,0.9992795,0.99937963,0.99929345,0.9993211,0.9992782,0.99937797,0.99935436,0.99921197,0.99936444,0.9994174,0.9989841,0.99927425,0.9993658,0.9993127,0.99932414,0.9992964,0.9994165,0.9992487,0.99936,0.9993614,0.9993782,0.9993679,0.9993438,0.999265,0.9993091,0.99945754,0.9993931,0.9993836,0.9999965,0.99924356,0.9992275,0.99933296,0.999323,0.999187,0.99934447,0.99942094,0.999355,0.9995399,0.9993437,0.99945545,0.99926835,0.9993265,0.9991864,0.999441,0.9994064,0.99942183,0.99937236,0.99940854,0.9995995,0.9994405,0.9993979,0.99954885,0.99940294,0.99947065,0.9993439,0.9993873,0.99934274,0.9993872,0.9994253,0.99932384,0.9992344,0.99933654,0.9993487,0.99922276,0.9992352,0.9993726,0.9991084,0.9992964,0.999361,0.9993491,0.99932396,0.9991824,0.99930674,0.99938405,0.99935305,0.999429,0.99938446,0.99931383,0.9993106,0.9994222,0.99926805,0.9993459,0.9993309,0.99925005,0.9993983,0.9993612,0.9993221,0.9992676,0.9992766,0.9994241,0.9993478,0.99934685,0.9993392,0.99928796,0.99937916,0.99929786,0.99944085,0.999362,0.99931085,0.99938107,0.9992323,0.99935156,0.9992807,0.99942744,0.9993988,0.999388,0.9992817,0.9993831,0.99931014,0.99928737,0.99935293,0.9993163,0.9993043,0.99926895,0.9992935,0.9993624,0.9992503,0.9993119,0.9993041,0.99918735,0.9993631,0.9993368,0.9993343,0.9993457,0.99926233,0.9993682,0.9993447,0.9993513,0.9993056,0.999385,0.99936765,0.9993609,0.9993164,0.9992756,0.99928415,0.9993291,0.99933684,0.99929744,0.99938273,0.9993499,0.9992486,0.9993595,0.9991246,0.99930125,0.9992352,0.999315,0.99930894,0.9993081,0.99937564,0.99930435,0.99930704,0.99933046,0.99905616,0.9993461,0.999355,0.99935657,0.9993647,0.99941504,0.9993397,0.99917954,0.999389,0.9993534,0.9994103,0.9991596,0.9991824,0.99938667,0.9993751,0.99941224,0.99930596,0.99948055,0.99930644,0.9993534,0.9993634,0.99938023,0.99936,0.9994221,0.99935704,0.999374,0.9992539,0.99937093,0.99932975,0.9992634,0.9993523,0.9990801,0.9993228,0.9993385,0.9993444,0.9992719,0.9993489,0.99931264,0.99945194,0.99935406,0.99936986,0.9993252,0.9993436,0.9993832,0.9992788,0.9993415,0.9992658,0.99924856,0.99940157,0.9993236,0.9993244,0.99942166,0.99911696,0.99937713,0.9992485,0.99933255,0.99935895,0.99933594,0.9993472,0.9993218,0.9993032,0.9992914,0.99932075,0.999265,0.99937975,0.99932194,0.9992358,0.99937177,0.99901575,0.9990738,0.9992128
ipip140,0.9992495,0.99927324,0.9993196,0.99917734,0.9992681,0.9992749,0.9992526,0.9992542,0.99927884,0.999182,0.99922675,0.99936205,0.9993389,0.9992983,0.9992875,0.9992669,0.9993233,0.9993044,0.9993461,0.9993305,0.99935,0.9993706,0.9993373,0.999236,0.99921286,0.9992769,0.9992601,0.9993252,0.9993038,0.99933296,0.999276,0.99925214,0.9991633,0.99925596,0.999317,0.9992217,0.99925923,0.9992634,0.9992911,0.9992706,0.9992317,0.9992587,0.99930024,0.9992037,0.9993089,0.9993012,0.99928606,0.99927115,0.9993437,0.99930793,0.99922407,0.99916655,0.9993074,0.9992311,0.9992218,0.99922377,0.9991058,0.99928874,0.9992515,0.9992756,0.9994638,0.99946237,0.99944025,0.9992386,0.9992672,0.99934304,0.9992889,0.9992556,0.99929416,0.99928457,0.99929065,0.99931365,0.9992306,0.9992643,0.99946624,0.99894476,0.99920106,0.9992578,0.9993103,0.9993133,0.99930906,0.9993732,0.99924487,0.9993327,0.9993166,0.9993407,0.99930394,0.9994514,0.99959475,0.9993155,0.99931186,0.9993661,0.9993265,0.99924356,0.9999981,0.9992597,0.99927855,0.99927545,0.99945074,0.9992601,0.9993532,0.9993087,0.99935925,0.9992912,0.999429,0.9991784,0.99923146,0.9990809,0.9993007,0.99928606,0.9993497,0.9992463,0.99933094,0.9992884,0.9993105,0.99930435,0.99931353,0.9994352,0.9993648,0.99928117,0.99930245,0.99918926,0.9993173,0.9993748,0.99927163,0.9992044,0.9992744,0.99927205,0.99924344,0.9991875,0.9992591,0.99914795,0.9992528,0.9993817,0.9992429,0.9992868,0.9991776,0.9992521,0.9992933,0.99924225,0.99934715,0.99934953,0.99930865,0.9992574,0.9993771,0.9992686,0.99932593,0.99929637,0.9992801,0.99931204,0.9993087,0.99927765,0.9994065,0.99929833,0.9993113,0.99932724,0.9993209,0.999265,0.99919283,0.9992657,0.99923104,0.9993492,0.9993097,0.99923414,0.9992824,0.9991346,0.9992669,0.99923694,0.9992816,0.99926233,0.999243,0.99924445,0.99925977,0.9992595,0.9992792,0.99929416,0.9992426,0.9992266,0.99920774,0.9992168,0.99922246,0.9992646,0.99927,0.99929947,0.9992413,0.99926376,0.9992168,0.99923366,0.9992363,0.99920475,0.9992456,0.9992954,0.9992889,0.99929005,0.9993233,0.9993228,0.9992786,0.99922025,0.9992048,0.9992547,0.9991947,0.99920064,0.99920815,0.99930894,0.9992738,0.99923205,0.99927026,0.99919695,0.99923015,0.9992062,0.99925035,0.99915224,0.9992718,0.999321,0.9993057,0.999284,0.9992808,0.9991603,0.9993727,0.999246,0.9992884,0.9993136,0.99930847,0.9992961,0.99929047,0.9992909,0.99920744,0.9993001,0.9991577,0.9991032,0.99925935,0.99929637,0.99937975,0.99931943,0.99937665,0.99924445,0.99924815,0.9992232,0.9992816,0.99923164,0.999286,0.99929816,0.9992861,0.99927294,0.99926054,0.99923676,0.9992424,0.99927396,0.9991422,0.99925786,0.99935776,0.9993678,0.9993047,0.99935514,0.99934256,0.999274,0.9992419,0.9992698,0.99921954,0.9992628,0.99930185,0.9992632,0.99924326,0.9991585,0.999197,0.99934965,0.99926704,0.999252,0.9993096,0.9991686,0.99928975,0.9992621,0.99925005,0.9992569,0.9992982,0.9992987,0.9992748,0.99924684,0.9993131,0.9992567,0.99927145,0.999294,0.9992336,0.9992496,0.999306,0.9990284,0.99910975,0.99917567
ipip170,0.9993433,0.9993631,0.99930406,0.9992258,0.9993269,0.99922895,0.99935865,0.99939066,0.9993568,0.9992313,0.9992197,0.9993217,0.9993833,0.99933195,0.9991708,0.9992799,0.99943566,0.9993384,0.9993752,0.9993766,0.9993192,0.99937844,0.9993698,0.99932957,0.9992192,0.9993719,0.999298,0.99934024,0.9993174,0.99934185,0.999296,0.9992996,0.9991732,0.9993257,0.9993816,0.9992284,0.9993773,0.9993466,0.9993079,0.9993398,0.9992157,0.9992976,0.99929553,0.99920624,0.99931115,0.99945647,0.99946386,0.9992171,0.99941325,0.9993357,0.9992631,0.9992057,0.9993802,0.99936163,0.999191,0.9993363,0.99913293,0.999283,0.99931043,0.9993286,0.9994149,0.99933606,0.9993906,0.9992213,0.9992772,0.9992463,0.99938715,0.9992404,0.9992444,0.9992642,0.9993226,0.99934334,0.999261,0.99936783,0.999375,0.9989708,0.99928916,0.9993294,0.9993212,0.9992899,0.9992826,0.9994045,0.9992362,0.9993224,0.9993374,0.99933153,0.9993468,0.99931884,0.9992097,0.99930555,0.9992749,0.99935704,0.9993016,0.9992275,0.9992597,0.99999857,0.9993508,0.999305,0.9991075,0.9992659,0.9993169,0.9992684,0.9993768,0.9992356,0.9993427,0.9991535,0.99925196,0.9990817,0.99935496,0.9993553,0.9993756,0.9992672,0.99932337,0.99931693,0.99940485,0.9992912,0.999368,0.9993265,0.9993374,0.9993317,0.9993766,0.9992954,0.9993403,0.99937063,0.9993009,0.9992815,0.99934,0.99932504,0.9991725,0.99935925,0.9993138,0.9991498,0.99923414,0.99930453,0.9992859,0.99930465,0.99918216,0.9992865,0.99934465,0.99926615,0.9993273,0.99940413,0.9992689,0.9993332,0.9993732,0.99927163,0.9992785,0.99926084,0.9992706,0.9993847,0.99931353,0.99925643,0.9991969,0.9992181,0.99934596,0.9993138,0.99930435,0.9993152,0.999209,0.9993251,0.999213,0.9993614,0.9992922,0.99917597,0.9992921,0.99912804,0.99933404,0.99920917,0.999306,0.99924874,0.999284,0.99922955,0.9992784,0.99928755,0.99929374,0.9993033,0.99932605,0.99929243,0.999287,0.9992995,0.99926215,0.99922705,0.9993062,0.9992518,0.9991937,0.99929816,0.99933314,0.99933755,0.9993427,0.99923056,0.99932396,0.99932754,0.99930835,0.9992832,0.9993304,0.9993578,0.9993005,0.99932486,0.99919647,0.999398,0.99929684,0.9992501,0.9992628,0.9993013,0.99929035,0.99926937,0.99934226,0.99912786,0.9992886,0.9992833,0.9992651,0.9991989,0.99928474,0.9992846,0.9992957,0.9993168,0.9993126,0.9990504,0.9993013,0.9992725,0.9992741,0.9993289,0.999364,0.99931103,0.99917084,0.99932957,0.99932003,0.9993322,0.9991436,0.9991189,0.9993321,0.99929327,0.99933887,0.9992597,0.99937814,0.9992579,0.99932474,0.9992497,0.99931616,0.99923784,0.9993347,0.99934053,0.99930984,0.9992277,0.99924916,0.99930453,0.9992637,0.9992889,0.9990618,0.9992514,0.99929905,0.999308,0.99923146,0.99929976,0.9992791,0.99937886,0.9993471,0.99929994,0.9993509,0.9993236,0.99933624,0.9992506,0.9993033,0.9992595,0.9992411,0.99935067,0.999298,0.99926955,0.9993212,0.999033,0.9993443,0.9992435,0.9992551,0.99932724,0.9993033,0.99932396,0.9993235,0.9992884,0.9992274,0.99927145,0.9991932,0.9993463,0.999295,0.9991728,0.99936754,0.99903446,0.99909693,0.9992701
ipip200,0.9996584,0.999508,0.99954,0.99945027,0.9996408,0.99954945,0.9996713,0.99953127,0.99959904,0.9994491,0.9994698,0.9996206,0.9995481,0.9994644,0.9994103,0.99952084,0.99960536,0.999482,0.99958575,0.9996167,0.9995798,0.9995682,0.9995955,0.99956775,0.9995004,0.99957,0.9994401,0.9995698,0.9995228,0.9995146,0.99956775,0.9996125,0.9994552,0.9996182,0.9996926,0.999642,0.99960536,0.9996988,0.99958503,0.9996431,0.99938756,0.99951166,0.9995125,0.9994675,0.99943537,0.999607,0.9995153,0.9994481,0.9996302,0.99946046,0.99958,0.99918056,0.99962866,0.9994763,0.99936634,0.999442,0.9994096,0.9994371,0.99951184,0.99962735,0.9996904,0.9995143,0.9996828,0.9995448,0.9994953,0.9994763,0.9996262,0.99962133,0.9995734,0.999513,0.9997647,0.9996093,0.9994677,0.9996512,0.9994769,0.9989974,0.99940604,0.999533,0.99952734,0.99957967,0.9995275,0.9996834,0.9994336,0.9996836,0.99960005,0.9997055,0.999621,0.99947274,0.9994272,0.9995809,0.99955493,0.9996874,0.99960333,0.99933296,0.99927855,0.9993508,0.99999774,0.9994546,0.9992786,0.9993139,0.9995137,0.99964,0.99957675,0.9995664,0.9996287,0.9992965,0.99955755,0.99943477,0.9995753,0.9996857,0.99974775,0.9995448,0.9995554,0.99949783,0.999652,0.99949604,0.9996413,0.99967194,0.9996609,0.9994954,0.99959344,0.9994311,0.9995589,0.999601,0.99961174,0.9994457,0.99947965,0.99955004,0.9994246,0.99939495,0.99968386,0.99918664,0.9994242,0.9993991,0.9996597,0.9996128,0.9995683,0.9995962,0.99969923,0.99979806,0.99974746,0.9995883,0.9994544,0.99966174,0.9996456,0.9993406,0.99960726,0.9995934,0.999425,0.99955827,0.99962586,0.9995111,0.9993356,0.9992739,0.9997246,0.99957526,0.99956495,0.99962425,0.9993034,0.99969584,0.9993941,0.99968773,0.9995962,0.99949044,0.99980265,0.9993638,0.9996635,0.9995025,0.9996742,0.9995187,0.9997102,0.9994038,0.9997043,0.99963766,0.99960846,0.9996459,0.9995538,0.9995938,0.9994771,0.99949837,0.9993558,0.99941784,0.99945104,0.99949175,0.99932706,0.9994286,0.9995859,0.9995991,0.9995905,0.99942183,0.9996147,0.9996277,0.99964875,0.99959755,0.9996535,0.9997154,0.99960566,0.9996516,0.9994067,0.9994929,0.9995648,0.9996625,0.99942344,0.9996543,0.99953747,0.9995257,0.99963206,0.9992288,0.9994337,0.9994015,0.9994873,0.99947417,0.9995879,0.9994981,0.9994622,0.99949265,0.9995236,0.99904764,0.9994598,0.99958587,0.9996712,0.9995867,0.999643,0.9995697,0.9993285,0.99970907,0.99963415,0.9995489,0.99918246,0.9994377,0.9995238,0.9995647,0.9996461,0.9996003,0.99968606,0.999443,0.999596,0.99956703,0.99964964,0.9994393,0.99958843,0.9994708,0.999702,0.9994704,0.99951357,0.99955195,0.9995419,0.9997334,0.9991759,0.99956995,0.99964184,0.9996502,0.9994293,0.99962944,0.9995165,0.9995402,0.99951696,0.99958414,0.9994301,0.9996015,0.9996545,0.9993846,0.99947387,0.9993193,0.99946433,0.99967927,0.9995312,0.99955976,0.9995266,0.99925435,0.9997141,0.99948555,0.9995617,0.9996387,0.9995765,0.9995439,0.999559,0.9996057,0.99941593,0.9995456,0.99954903,0.99966633,0.9995271,0.99953604,0.99959785,0.9992465,0.9991929,0.9994682
ipip230,0.99945784,0.9994382,0.99938583,0.99941874,0.9994666,0.9994364,0.99953216,0.9994698,0.9996365,0.9994418,0.9994142,0.9994243,0.9994988,0.999387,0.99938565,0.9994681,0.9994634,0.9994547,0.9994764,0.999477,0.9994677,0.9994479,0.99951005,0.9995767,0.9994234,0.9994579,0.9995702,0.99949086,0.9994222,0.99948543,0.9995351,0.99959034,0.9994016,0.9994864,0.99948186,0.99941593,0.9994315,0.99947953,0.9994738,0.9994916,0.9994197,0.9994958,0.99952036,0.9993443,0.9994769,0.99950707,0.99951077,0.9993607,0.9994707,0.999386,0.9994546,0.9993562,0.99948496,0.9994472,0.99960756,0.999451,0.9992356,0.9994993,0.99942553,0.9995774,0.9995675,0.9994819,0.9995207,0.9995155,0.9994051,0.9994441,0.99948686,0.9995662,0.9995533,0.9995351,0.9995099,0.99950343,0.9993631,0.999474,0.99944246,0.9990967,0.99938005,0.9994545,0.9996915,0.9997246,0.99943846,0.99950856,0.99931026,0.9994526,0.9994408,0.99946785,0.9994695,0.9994582,0.9993229,0.99944144,0.9994104,0.9995144,0.9994341,0.999323,0.99927545,0.999305,0.9994546,0.9999973,0.99934137,0.99943244,0.9994726,0.9995835,0.999524,0.9994678,0.9994907,0.9995089,0.99946076,0.9994591,0.99963135,0.999524,0.99953675,0.99935204,0.99942756,0.9994571,0.9995167,0.999453,0.999493,0.9994754,0.9995382,0.9994414,0.99947894,0.9993867,0.9995652,0.9995234,0.9994507,0.99953336,0.9995575,0.999507,0.99976623,0.99934727,0.9994695,0.9992021,0.99941933,0.9994356,0.9994344,0.9995311,0.99945235,0.999541,0.99952596,0.9994992,0.99949735,0.9995356,0.99943775,0.999542,0.99948084,0.9993391,0.9994536,0.99957573,0.99951786,0.9994709,0.99963504,0.99954367,0.99933034,0.999328,0.99951,0.9994789,0.9994672,0.99947613,0.9992461,0.9995262,0.99937296,0.9995784,0.99942654,0.99948776,0.9995081,0.99933314,0.9995075,0.999446,0.9994905,0.9994006,0.9995108,0.9993288,0.9994628,0.99944115,0.9997211,0.99950755,0.9994657,0.9994704,0.9995421,0.99950975,0.9994156,0.99962485,0.9995477,0.9996562,0.99936724,0.99938285,0.9995082,0.99952215,0.9995136,0.99954724,0.9995063,0.99959373,0.999549,0.9997072,0.99948716,0.99956316,0.9995828,0.9995517,0.99955803,0.99956954,0.99947935,0.9995709,0.999563,0.99958044,0.99955237,0.9995902,0.99965364,0.99938637,0.99955434,0.9995294,0.9995418,0.9993586,0.99970037,0.99957955,0.9996655,0.9995309,0.9994779,0.999263,0.99943495,0.9994677,0.99948627,0.9995446,0.99957544,0.9996013,0.99937844,0.9995733,0.99950975,0.9995504,0.9994906,0.99948204,0.9995421,0.99946296,0.99951607,0.99950844,0.999562,0.99946976,0.99949664,0.9994154,0.9995068,0.99941736,0.99945456,0.9994532,0.9995392,0.99961555,0.9995002,0.99956185,0.9994048,0.9994932,0.9991633,0.99942994,0.9996204,0.9996202,0.9995494,0.9996059,0.9995855,0.99950045,0.99946815,0.99956846,0.99941343,0.9995479,0.9995839,0.99964565,0.99951774,0.99944454,0.9995017,0.99952835,0.99943244,0.99957186,0.9994904,0.9992379,0.99955297,0.999549,0.99952817,0.99952286,0.99955934,0.9994459,0.99943185,0.9994553,0.99937147,0.9994325,0.9996838,0.9995264,0.9995394,0.9996556,0.9995148,0.99920464,0.99916816,0.9993195
ipip260,0.99925655,0.99923444,0.99923253,0.9991682,0.9992698,0.99927753,0.99928266,0.9992423,0.9993052,0.9991907,0.99925625,0.9993453,0.9994428,0.999318,0.999312,0.99940217,0.9993254,0.9992867,0.9993555,0.99930704,0.99930435,0.999266,0.99928683,0.99925387,0.9992297,0.9992791,0.99924916,0.99934155,0.99931145,0.99933213,0.999285,0.999328,0.99917746,0.99927175,0.9993079,0.99923134,0.9992933,0.99929935,0.9993468,0.99931675,0.9992078,0.999273,0.99932516,0.99920183,0.9992361,0.999275,0.999264,0.99921477,0.99929035,0.9992897,0.9992197,0.99908787,0.9992843,0.9992336,0.99919254,0.9992295,0.9991144,0.99929506,0.99928474,0.99932563,0.9994391,0.9993397,0.9994124,0.99925274,0.9992566,0.9993643,0.9993,0.99927497,0.9993482,0.9992698,0.9993074,0.9993242,0.99924755,0.99926025,0.99940896,0.99896055,0.99924976,0.99930555,0.99931526,0.99933535,0.99928766,0.9993545,0.99927956,0.9993036,0.9993115,0.9993307,0.99929994,0.9994699,0.9993964,0.9992916,0.9993167,0.999412,0.9993009,0.999187,0.99945074,0.9991075,0.9992786,0.99934137,0.99999726,0.99938214,0.99940324,0.9993036,0.99938303,0.99939084,0.9994114,0.99927837,0.99929696,0.999178,0.9993717,0.9993467,0.99936026,0.99922734,0.99931735,0.9993035,0.9993328,0.99930346,0.99934095,0.99943626,0.9993615,0.99930876,0.999307,0.9992089,0.9993409,0.99934864,0.9992462,0.99923706,0.9993032,0.9993083,0.99926,0.99924046,0.9992778,0.99912167,0.9992315,0.9992631,0.9992494,0.99932283,0.999227,0.99929595,0.99934536,0.9992837,0.9993415,0.99932945,0.99928236,0.99927634,0.99933165,0.99922156,0.9993472,0.9993632,0.99927324,0.9993259,0.99934506,0.99929583,0.9993647,0.999227,0.99931,0.99937093,0.99932796,0.999312,0.99922484,0.9993124,0.9992033,0.9993644,0.9992908,0.9992738,0.99930996,0.99914485,0.99929905,0.9992424,0.99926335,0.9993117,0.999286,0.9991847,0.9992777,0.99927247,0.9992776,0.99930984,0.9992718,0.999264,0.9992197,0.9992574,0.99926645,0.99923956,0.9992739,0.99926305,0.99920386,0.999195,0.99927604,0.9992965,0.9992916,0.9992497,0.9992985,0.9993542,0.9993344,0.99929106,0.9993524,0.99935573,0.9993309,0.99928075,0.99922097,0.9992679,0.9992373,0.9992816,0.9992633,0.9993306,0.9993137,0.99923813,0.99930507,0.9992436,0.9992542,0.99924004,0.9993551,0.9991941,0.99927855,0.9992919,0.99929094,0.99925786,0.9993432,0.9991256,0.99938595,0.99932915,0.99930346,0.9993435,0.99933404,0.99930036,0.999296,0.9993422,0.9992617,0.9993213,0.99920654,0.99918485,0.9992961,0.99925846,0.99932605,0.9993581,0.999332,0.9992135,0.99924517,0.9992113,0.99930155,0.9992718,0.99930155,0.99929357,0.9993221,0.9993058,0.9992896,0.99926805,0.9992187,0.9993005,0.99900824,0.9992363,0.99940383,0.9994014,0.9993287,0.9994032,0.99936044,0.99928635,0.9992452,0.99924386,0.99919075,0.9992882,0.99934345,0.999221,0.9992728,0.9992149,0.999232,0.9993512,0.9992561,0.9992416,0.99930245,0.9991609,0.99933165,0.9992678,0.9992553,0.99931127,0.9992956,0.9992568,0.99923694,0.9992344,0.9992619,0.9992439,0.99925333,0.9993222,0.9992364,0.9992367,0.99932003,0.9990202,0.99909884,0.9991604
ipip290,0.99928117,0.99932194,0.9992566,0.99921954,0.999307,0.9992775,0.99931145,0.9993353,0.99936646,0.999236,0.9992795,0.9993492,0.9993991,0.99934274,0.99928075,0.99931973,0.9994976,0.9993254,0.99938697,0.99936104,0.99932617,0.99931324,0.99932534,0.9993392,0.999312,0.9993227,0.9993403,0.99934745,0.99937344,0.9994679,0.9992713,0.999326,0.9992047,0.9993506,0.9993116,0.99926734,0.99931186,0.99933475,0.99933106,0.9993494,0.9992342,0.9993252,0.9993265,0.999218,0.99928105,0.9993272,0.9993722,0.9992766,0.999368,0.9993344,0.9992884,0.9991607,0.999322,0.99928325,0.9992784,0.9993058,0.9991114,0.9993611,0.9992778,0.99934644,0.9994302,0.9993368,0.9994024,0.9993002,0.99930024,0.9993048,0.9993592,0.999296,0.99946916,0.99934626,0.99932873,0.9993757,0.99921954,0.99931526,0.99936306,0.99911904,0.999396,0.99941593,0.99937797,0.99937725,0.99933666,0.9994001,0.9992954,0.9993168,0.9993607,0.9993114,0.99935466,0.9994127,0.9992525,0.9993582,0.99932176,0.9994178,0.9993336,0.99934447,0.9992601,0.9992659,0.9993139,0.99943244,0.99938214,0.99999756,0.99937546,0.9993042,0.99939865,0.999369,0.99942595,0.99932784,0.9994056,0.999242,0.99943805,0.99936885,0.9993792,0.99932724,0.9993781,0.999373,0.99938637,0.99932474,0.99937475,0.9993559,0.9993735,0.99937737,0.9993388,0.99926376,0.99936116,0.99935347,0.99927235,0.9992654,0.9993456,0.9993807,0.9993397,0.9992401,0.9993325,0.9991868,0.9992933,0.9993608,0.99929756,0.99932194,0.9992349,0.99932057,0.99934775,0.99930847,0.9993539,0.99938875,0.9992599,0.9993249,0.9993841,0.9992301,0.9993871,0.9994531,0.9993125,0.99939364,0.9993561,0.99929726,0.99936485,0.99922514,0.99933124,0.9993782,0.9994114,0.9993484,0.999237,0.9993562,0.99925375,0.999375,0.9992892,0.99928254,0.9993038,0.9991733,0.9993282,0.9993646,0.9993482,0.999306,0.99930984,0.999225,0.9993005,0.9993073,0.99931246,0.99932224,0.9992928,0.9993037,0.9992709,0.9992769,0.999307,0.9992631,0.9993027,0.99929714,0.9991953,0.999233,0.9992885,0.99930274,0.9993006,0.9993122,0.99934644,0.9993659,0.9993273,0.99930894,0.9993687,0.99935925,0.999341,0.99932206,0.99927974,0.99942017,0.99931854,0.9992904,0.99939466,0.9993325,0.9993362,0.9993032,0.9993386,0.99923855,0.9993407,0.99931455,0.99935967,0.9992543,0.99931353,0.99932045,0.99936104,0.99931806,0.9993513,0.999102,0.99930984,0.9993593,0.99931484,0.9993757,0.999359,0.999393,0.9992919,0.9993654,0.9992837,0.9993448,0.99924254,0.9992345,0.9993132,0.9992545,0.9993453,0.99932414,0.99935585,0.99923,0.9993387,0.99929106,0.99931854,0.999295,0.99935955,0.9994432,0.9993307,0.99937457,0.999321,0.9993537,0.99930227,0.99931186,0.9990598,0.9993184,0.999396,0.99939156,0.99936223,0.9993791,0.999384,0.999339,0.99928874,0.9993142,0.9993272,0.9993706,0.99936247,0.9993002,0.99938065,0.9992951,0.99925095,0.9993753,0.99930936,0.99932873,0.9993641,0.9991368,0.99934494,0.9993143,0.9992853,0.99935526,0.9993574,0.9993014,0.9992981,0.9993138,0.9992656,0.9992886,0.9993218,0.99936724,0.9993374,0.99930567,0.9994004,0.9990847,0.9992231,0.99919814
ipip25,0.9995197,0.999417,0.99945384,0.9993482,0.99946076,0.9994075,0.99952626,0.999443,0.9994844,0.999349,0.9994097,0.99951905,0.9995326,0.9994151,0.99940443,0.99949956,0.99953043,0.9994255,0.999539,0.99952817,0.9995218,0.9995047,0.9995168,0.9994504,0.99940723,0.99947107,0.9993832,0.9995242,0.99946594,0.9994684,0.999466,0.9995301,0.9993537,0.99948466,0.9995441,0.9994531,0.99954516,0.99954605,0.9995784,0.99951434,0.9993579,0.9994609,0.99939936,0.9993595,0.99934363,0.99946165,0.999422,0.9994032,0.9995189,0.99945235,0.9994323,0.9992114,0.99947745,0.99944043,0.99929285,0.9993997,0.999244,0.9994041,0.9994204,0.9994948,0.9997328,0.99947757,0.9996685,0.9994049,0.9994721,0.9995528,0.9995355,0.99950653,0.9994434,0.99945736,0.9995548,0.99959785,0.99936473,0.99951696,0.9995831,0.9992137,0.9994907,0.9995498,0.99949044,0.999505,0.99946034,0.99961185,0.999549,0.9995309,0.99953735,0.9995626,0.9995505,0.99964267,0.9994404,0.99946576,0.99951255,0.99956816,0.99954164,0.99942094,0.9993532,0.9993169,0.9995137,0.9994726,0.99940324,0.99937546,0.9999976,0.9995332,0.9997662,0.9995966,0.9995962,0.99945724,0.9994961,0.99934214,0.99962676,0.9996008,0.99960023,0.99941784,0.99945974,0.999528,0.999596,0.99951017,0.99959534,0.99958056,0.9995769,0.9995348,0.99959344,0.99948514,0.99953914,0.99954516,0.9995296,0.9994036,0.9994996,0.99949485,0.9993531,0.9993818,0.99952775,0.9992603,0.99938816,0.9994193,0.9995225,0.9994933,0.99936926,0.99949145,0.9995681,0.9994915,0.9995749,0.99952555,0.99949336,0.9994728,0.9995522,0.9993668,0.99950594,0.99947476,0.99939406,0.9995064,0.9995501,0.99948645,0.99940246,0.9994248,0.9996001,0.99950475,0.99948835,0.9994987,0.999329,0.9995672,0.99936193,0.9995675,0.99949425,0.9994128,0.9995139,0.99929655,0.9995298,0.99943006,0.99951965,0.99947,0.99953794,0.9993742,0.99955547,0.99949896,0.999475,0.99952686,0.99948925,0.9994214,0.99941605,0.99955857,0.99946535,0.9993989,0.9994804,0.99942833,0.99934566,0.9994311,0.9995967,0.99960864,0.99960685,0.99945384,0.99956393,0.9995832,0.9995642,0.99949414,0.9995601,0.9995803,0.9995555,0.999514,0.99942565,0.9994227,0.9995003,0.99950105,0.9994008,0.9995483,0.9994911,0.9994253,0.9995467,0.9992819,0.9994598,0.9993777,0.9994615,0.9994288,0.9994875,0.99946344,0.99944377,0.99949414,0.9995353,0.9992148,0.99955314,0.9995268,0.99952334,0.9995201,0.9996255,0.99955076,0.9993522,0.9995711,0.9995485,0.9995594,0.99929273,0.99934363,0.9995765,0.99949616,0.9995386,0.999512,0.9996092,0.9994214,0.9994754,0.9994206,0.99952215,0.9994314,0.9994988,0.9994764,0.9995494,0.99941015,0.9994903,0.99947935,0.99937546,0.9995377,0.99914217,0.9994281,0.99953353,0.9995399,0.9994574,0.9995513,0.9994943,0.99953973,0.9994759,0.9994588,0.99937326,0.9994868,0.9995658,0.99938715,0.9994876,0.99938196,0.9994402,0.99952763,0.9994678,0.99942523,0.99950963,0.9991981,0.99955624,0.9994254,0.99944615,0.9995353,0.9994589,0.9994754,0.99944973,0.9994525,0.99941343,0.99943316,0.99939525,0.9995353,0.99946624,0.9993778,0.9995247,0.99912924,0.99914193,0.9993834
ipip55,0.99961555,0.9994746,0.9994954,0.9994485,0.9995739,0.9995291,0.99962145,0.999482,0.99968284,0.99944496,0.99946254,0.9996033,0.9995187,0.9994422,0.99943715,0.99950296,0.99956477,0.9994898,0.9995873,0.99958295,0.9995918,0.99958205,0.9996031,0.9996467,0.9995346,0.9995381,0.99948364,0.9995802,0.9995122,0.9995103,0.99965656,0.9996082,0.99942863,0.99962544,0.999652,0.9995625,0.9995466,0.99962145,0.999591,0.9996241,0.99940026,0.9994814,0.9995451,0.99942803,0.9994669,0.9995436,0.9995208,0.99946123,0.99958235,0.99946356,0.99953204,0.999244,0.9995234,0.99946934,0.99941885,0.9994285,0.9993143,0.9994563,0.9994769,0.999575,0.9996792,0.9995305,0.9996766,0.99964,0.9995297,0.9995051,0.9996146,0.9995826,0.99959064,0.99947363,0.99969345,0.9996146,0.99942815,0.99957556,0.9995524,0.9990867,0.9994196,0.9995592,0.99962217,0.9996774,0.9995471,0.999712,0.9994416,0.9996508,0.99958664,0.99965763,0.9995997,0.9994851,0.99942607,0.99954885,0.99954396,0.9996701,0.99957174,0.999355,0.9993087,0.9992684,0.99964,0.9995835,0.9993036,0.9993042,0.9995332,0.99999887,0.999611,0.99959797,0.9996427,0.9993561,0.99955714,0.99940884,0.9996069,0.9996568,0.9997207,0.9995291,0.99953145,0.9995389,0.9996289,0.999528,0.99963605,0.9996398,0.99966615,0.99959326,0.9996003,0.99946487,0.9996032,0.9996192,0.99956983,0.9995227,0.99956954,0.9995301,0.9995545,0.9994289,0.99962246,0.99921983,0.9994541,0.99945176,0.9996073,0.9996004,0.9995406,0.99954504,0.9996609,0.99966335,0.9997099,0.99961287,0.99945086,0.99959207,0.99963117,0.9993734,0.99965227,0.9996142,0.9994081,0.9995501,0.99981534,0.999744,0.9993856,0.99935615,0.9997058,0.999586,0.99958694,0.99955666,0.99928385,0.99967456,0.9994016,0.99967986,0.9995531,0.99956965,0.9996764,0.99935347,0.99958634,0.9995547,0.9995972,0.99951255,0.9996543,0.9994228,0.99963677,0.9996023,0.99969,0.9996235,0.99957395,0.9995463,0.99955976,0.9995525,0.9994499,0.9995531,0.99958295,0.9996108,0.9993587,0.99947095,0.999589,0.9996103,0.99960756,0.9995964,0.99960804,0.9996608,0.99966043,0.9997125,0.999701,0.99970394,0.9996788,0.9995921,0.99956375,0.99950165,0.99955434,0.9996431,0.9994382,0.99966747,0.99957913,0.9996122,0.99972874,0.9993491,0.99948287,0.99945474,0.99952894,0.99946856,0.99969155,0.9996335,0.99956113,0.9995625,0.99957025,0.99912214,0.9994981,0.99957585,0.99964225,0.9996096,0.99964726,0.99964297,0.9993847,0.9996986,0.9996248,0.9996083,0.9993106,0.99945617,0.9995672,0.9995959,0.99962944,0.999625,0.9996952,0.9995414,0.9996114,0.99949384,0.9996385,0.99948376,0.9995492,0.9995201,0.9996845,0.99948204,0.99955636,0.99956346,0.9994696,0.99966204,0.9991353,0.99950093,0.9996109,0.99961245,0.99944466,0.99961466,0.9994977,0.99952656,0.99951506,0.9996314,0.99942863,0.99959874,0.9996545,0.99951506,0.99949455,0.99932075,0.9994553,0.99958533,0.9995307,0.9996162,0.9995571,0.99924845,0.999651,0.99945945,0.9996453,0.9995758,0.99962974,0.9995167,0.99950296,0.9996023,0.99944097,0.99954027,0.99957997,0.9996059,0.99951553,0.9995584,0.99953306,0.99920464,0.9991041,0.99937415
ipip85,0.9996074,0.99948823,0.99953246,0.9994304,0.9995461,0.9994893,0.99961436,0.9995055,0.9995779,0.99942464,0.9994462,0.99959755,0.99955326,0.9994766,0.9994406,0.99951124,0.99959815,0.9994862,0.9996026,0.9996004,0.99958163,0.99956954,0.9996006,0.99952936,0.9994794,0.99953985,0.99942917,0.99957037,0.99954945,0.9995391,0.9995355,0.9995897,0.9994154,0.9995694,0.9996391,0.99953914,0.9995809,0.9996166,0.99959373,0.9995984,0.99939466,0.99952406,0.9995018,0.9994261,0.9994184,0.9995391,0.9994979,0.999475,0.99959254,0.99949235,0.99950546,0.9992369,0.9995491,0.99948794,0.99934727,0.99946433,0.99932057,0.99947333,0.9994785,0.9995488,0.99977595,0.9995548,0.9997327,0.999501,0.99955,0.99956197,0.99962735,0.99957466,0.9995241,0.9995132,0.9996524,0.99962753,0.99941266,0.99957526,0.9996353,0.9991859,0.9994901,0.99960405,0.9995226,0.99955696,0.9995581,0.9996743,0.99952734,0.99962145,0.9995878,0.99963754,0.9996118,0.99956864,0.9994832,0.99955124,0.9996115,0.99964756,0.9996385,0.9995399,0.99935925,0.9993768,0.99957675,0.999524,0.99938303,0.99939865,0.9997662,0.999611,0.99999714,0.9996201,0.99968314,0.9994504,0.9995625,0.9994422,0.9997567,0.99970275,0.9996844,0.99950755,0.9995451,0.99964565,0.9996715,0.9995885,0.9996916,0.9996408,0.9996742,0.9995951,0.999663,0.99955845,0.9995997,0.9996288,0.9995765,0.99944365,0.9995352,0.999564,0.99943095,0.99944097,0.99960953,0.9993102,0.99947876,0.99951226,0.999583,0.99956876,0.99944425,0.9995542,0.9996489,0.9995811,0.99967897,0.9996409,0.99952847,0.99954855,0.9996518,0.99943835,0.99959797,0.9995528,0.9994432,0.99959487,0.9996273,0.9995546,0.99943984,0.99947864,0.9996957,0.99958694,0.99957323,0.9995698,0.99939686,0.99965924,0.9994364,0.99964833,0.9995507,0.99950314,0.9996071,0.99937135,0.9995872,0.9994984,0.9995943,0.99953145,0.9996252,0.99944234,0.9996333,0.99956,0.99953544,0.99959505,0.9995613,0.9994991,0.99948484,0.9995397,0.999478,0.999436,0.99952614,0.99948573,0.99939555,0.99950624,0.9995813,0.99958414,0.9995851,0.99947906,0.99960434,0.99960107,0.99958855,0.99955475,0.99962837,0.99965054,0.99959344,0.9995731,0.99944633,0.9994798,0.9995337,0.99955946,0.99942654,0.9995935,0.999548,0.99947804,0.9996098,0.99932843,0.9995071,0.9994223,0.9995149,0.9994863,0.999556,0.9995614,0.999489,0.9995464,0.9995918,0.99923,0.9995942,0.9996116,0.9996086,0.9995922,0.9996626,0.99959666,0.99941534,0.9996575,0.9996139,0.9996069,0.99930006,0.99941385,0.9995651,0.99955696,0.99961936,0.9995812,0.9996746,0.99947083,0.99956405,0.99951065,0.99961615,0.9994905,0.99957657,0.9995497,0.9996381,0.9994854,0.99951994,0.9995694,0.99945265,0.9996373,0.99918705,0.9995008,0.9996033,0.9996046,0.99949455,0.9996144,0.9995422,0.9995866,0.9995285,0.9995547,0.9994523,0.9995789,0.9996002,0.99942046,0.9995168,0.9993856,0.9994646,0.9996018,0.9995501,0.99953204,0.9997072,0.9992877,0.9996379,0.999485,0.9995355,0.99960357,0.9995472,0.99955744,0.9995129,0.9995367,0.9994595,0.9995323,0.9994891,0.9996155,0.99952877,0.999469,0.9995883,0.99920696,0.9991779,0.99943215
ipip115,0.99953866,0.99943477,0.9994445,0.9993801,0.99951166,0.999481,0.999546,0.99944437,0.99955827,0.9993902,0.99940795,0.9995618,0.99950904,0.99942464,0.9994792,0.99948186,0.9995617,0.9994496,0.9995731,0.99952763,0.99955225,0.99951786,0.99954784,0.999539,0.99953,0.99952316,0.99941564,0.9995533,0.99953604,0.99950755,0.99950874,0.99955297,0.9993828,0.99959373,0.99956584,0.99951786,0.9995271,0.99956065,0.9996817,0.9995932,0.9993572,0.9994614,0.99947083,0.9993723,0.99940944,0.99949247,0.99950254,0.9994599,0.9995252,0.99945647,0.99948275,0.99921346,0.99946904,0.9994316,0.99935985,0.99940455,0.99928474,0.9994634,0.99943215,0.9995425,0.9996374,0.99950385,0.99962944,0.9995261,0.9995061,0.9995296,0.99954283,0.9995337,0.9995583,0.9994616,0.99961185,0.99956733,0.9993486,0.9994915,0.99950397,0.9990593,0.9994672,0.9995665,0.9995187,0.999555,0.9995166,0.9996216,0.9994494,0.99958163,0.9995701,0.9995829,0.99955183,0.9995655,0.99941593,0.99950397,0.9995537,0.99969107,0.99953717,0.9993437,0.9992912,0.9992356,0.9995664,0.9994678,0.99939084,0.999369,0.9995966,0.99959797,0.9996201,0.99999726,0.99961746,0.99944156,0.99951214,0.99941283,0.99957895,0.9995742,0.9996144,0.99948,0.999521,0.99948436,0.9995651,0.99952453,0.99959636,0.9995866,0.9995868,0.9995251,0.9995663,0.99945265,0.9995682,0.9995881,0.9995186,0.99944913,0.9995229,0.9995158,0.9994499,0.9993807,0.9995852,0.99934465,0.9994702,0.99944824,0.9995527,0.99955446,0.99949306,0.9995157,0.99959505,0.9995843,0.9996716,0.99958295,0.9994428,0.99954313,0.999633,0.99936646,0.9996289,0.9995807,0.999387,0.999511,0.99961764,0.99957037,0.99944794,0.99937195,0.99961853,0.99956995,0.9995616,0.99952745,0.99931103,0.99960136,0.99942875,0.99960047,0.9995077,0.9994894,0.9995854,0.99933654,0.99954,0.99955434,0.9995482,0.99948835,0.9995953,0.99940443,0.9995838,0.99954814,0.9995321,0.99954224,0.99949884,0.9995006,0.9994599,0.99954486,0.9994814,0.9994176,0.99946547,0.9994697,0.9993193,0.9994044,0.99959254,0.99960905,0.99960744,0.9995158,0.99958074,0.9996077,0.99960333,0.9995499,0.9996113,0.999596,0.9995929,0.99954087,0.99947196,0.9994921,0.9995109,0.9995552,0.99940395,0.9995762,0.9995326,0.9994909,0.99958766,0.99931866,0.99946576,0.9993942,0.9995193,0.9994445,0.99953926,0.9995183,0.99947006,0.99952775,0.99953777,0.99914384,0.99948114,0.9996038,0.99960834,0.99952745,0.99956214,0.9995886,0.99936277,0.99960095,0.99954075,0.9995707,0.99927455,0.9994281,0.999566,0.99949104,0.9995797,0.99957067,0.9995756,0.9994157,0.9995613,0.99946254,0.99957687,0.99949026,0.99952906,0.9995056,0.999587,0.99947757,0.99952406,0.99952054,0.99945307,0.9996017,0.99912375,0.99947834,0.99958533,0.9995829,0.9994914,0.99960077,0.99950755,0.99950314,0.9994648,0.9995296,0.99938005,0.9995558,0.99959284,0.99938864,0.99945194,0.9993269,0.9994484,0.99953,0.99952024,0.99951637,0.99954116,0.99925756,0.9995739,0.9994578,0.9995203,0.99953794,0.9995456,0.99948794,0.9994625,0.9995551,0.9994328,0.9994862,0.999491,0.9995355,0.99947405,0.99947786,0.9994897,0.9991932,0.9991609,0.99935687
ipip145,0.99961954,0.99953353,0.999541,0.9994573,0.99959457,0.99953586,0.9996098,0.99952966,0.9995939,0.9994528,0.99947405,0.99968004,0.9995901,0.9995673,0.9994929,0.99951255,0.9996213,0.999499,0.9996457,0.99965936,0.99960524,0.9995907,0.99959725,0.99955404,0.9995443,0.9995619,0.99947125,0.99959624,0.9995858,0.9995751,0.9995395,0.99957675,0.999391,0.9996211,0.9996567,0.99956167,0.9995648,0.9996318,0.9996167,0.9996888,0.9993831,0.9995042,0.99953127,0.9994767,0.99944663,0.99955475,0.9995604,0.9994968,0.99963963,0.9995346,0.9995346,0.9992481,0.9995562,0.999509,0.99937904,0.99945366,0.99936944,0.9995,0.9995155,0.99955994,0.9997779,0.9995772,0.99976087,0.99957496,0.99958354,0.99956024,0.99961686,0.999573,0.999585,0.9995376,0.99967396,0.99963295,0.99938107,0.9995763,0.999691,0.999137,0.9994823,0.9996223,0.9995353,0.9995837,0.9996224,0.9997506,0.9995338,0.99967104,0.9996799,0.99967617,0.99965835,0.99960554,0.9995626,0.9995867,0.9996125,0.9996697,0.9996979,0.99945545,0.999429,0.9993427,0.9996287,0.9994907,0.9994114,0.99942595,0.9995962,0.9996427,0.99968314,0.99961746,0.9999975,0.999412,0.999585,0.99940675,0.9996486,0.999681,0.99971217,0.99959576,0.99968034,0.99956155,0.9996684,0.9995918,0.9996438,0.99970883,0.9996818,0.99959147,0.99962264,0.9994707,0.99958736,0.99964285,0.9995833,0.9994414,0.9995246,0.9995791,0.99945575,0.9994206,0.9996249,0.999323,0.9995143,0.9995608,0.999597,0.9995971,0.9994883,0.9995534,0.99966466,0.99965066,0.9997395,0.9996618,0.9995191,0.9996181,0.9997124,0.99943566,0.99968183,0.9996013,0.99943745,0.999653,0.9996208,0.999572,0.99957365,0.99942887,0.9996737,0.9996283,0.99965256,0.999586,0.999408,0.9996385,0.99946344,0.9996636,0.9995656,0.99949765,0.99966145,0.99938184,0.99958926,0.99957347,0.999644,0.9995868,0.9996288,0.9994644,0.9996392,0.9996252,0.99955404,0.9996259,0.9995551,0.9995505,0.99948573,0.9994993,0.9994815,0.999452,0.99949366,0.9995142,0.99939525,0.99949056,0.9995499,0.9995616,0.99955577,0.99948364,0.9996217,0.9996147,0.9996185,0.9995703,0.9997091,0.9996589,0.9996007,0.9995749,0.9994584,0.9995308,0.99955297,0.99957204,0.99947023,0.9996321,0.99955344,0.99949265,0.9995983,0.9993695,0.99948925,0.9994262,0.999526,0.9994893,0.9995673,0.9995621,0.99950993,0.9995574,0.99954736,0.99921286,0.9995848,0.99962646,0.99963444,0.9995864,0.9996411,0.99963796,0.999409,0.9996536,0.9995719,0.99959016,0.9993059,0.99944735,0.99954295,0.99956656,0.9996599,0.999618,0.9996905,0.99946743,0.99961287,0.99954575,0.99963206,0.9995121,0.9996685,0.99959743,0.9996665,0.9995523,0.9995599,0.9995816,0.99952835,0.9996523,0.9991838,0.9995471,0.999643,0.9996442,0.9995222,0.9996526,0.9995814,0.99958944,0.99952227,0.9995758,0.9995068,0.9996132,0.9996267,0.99945265,0.99952585,0.99937814,0.9994475,0.9996142,0.99957,0.99954367,0.9996218,0.9993355,0.9996429,0.9994893,0.9995754,0.9995833,0.9996016,0.99958515,0.99952567,0.9995958,0.99949676,0.99957013,0.99952304,0.99962777,0.99954975,0.9994996,0.9995759,0.99925137,0.99921006,0.9994632
ipip175,0.99929565,0.9992996,0.9992607,0.9992438,0.9992939,0.99932516,0.99937505,0.99934393,0.9994666,0.99926907,0.99923664,0.99933857,0.9994054,0.9992733,0.9993802,0.9993286,0.99937266,0.9992845,0.9993731,0.99935925,0.99934536,0.999318,0.99939674,0.99940723,0.9993127,0.9993529,0.9993199,0.9993961,0.9993449,0.9993976,0.9993484,0.99951154,0.99929506,0.9993464,0.99932986,0.9993457,0.9993277,0.9993279,0.9994014,0.99934644,0.9993161,0.9994337,0.99933374,0.99920934,0.9993272,0.9993076,0.99931455,0.9992575,0.9992984,0.9992918,0.99931145,0.9992089,0.9992905,0.99934334,0.9993294,0.99940425,0.99908704,0.99941826,0.9992867,0.99948204,0.9994189,0.99933344,0.9994155,0.999312,0.99934196,0.9994558,0.9993784,0.99943864,0.9993891,0.99942505,0.9993669,0.99943525,0.9992629,0.999339,0.99936664,0.9991421,0.9993203,0.99936175,0.9994507,0.9994594,0.99937874,0.99939567,0.99921894,0.9992972,0.999333,0.9993156,0.9993621,0.9994429,0.99925363,0.99931276,0.99934304,0.9993582,0.99935573,0.99926835,0.9991784,0.9991535,0.9992965,0.9995089,0.99927837,0.99932784,0.99945724,0.9993561,0.9994504,0.99944156,0.999412,0.9999975,0.99935275,0.9994771,0.9996851,0.99937916,0.9993853,0.9992516,0.9993415,0.9993837,0.9993889,0.9994023,0.99938613,0.9993522,0.99938107,0.99939406,0.9993728,0.9993232,0.99945325,0.99939317,0.9992737,0.9994655,0.99953216,0.9993922,0.9994335,0.9992674,0.99937344,0.9991934,0.9993477,0.9993154,0.99933416,0.9994239,0.999322,0.9994151,0.999391,0.99936754,0.9993635,0.99942267,0.9993296,0.9993841,0.99937564,0.9992563,0.9993871,0.9994148,0.9993919,0.99937475,0.9994274,0.9993831,0.9992991,0.9993016,0.999354,0.9994497,0.9994372,0.99935764,0.99917877,0.9993975,0.99931836,0.99942327,0.99926364,0.9993164,0.99932534,0.99919355,0.9994002,0.99936277,0.9993221,0.99930364,0.99935436,0.99923104,0.99931544,0.99930817,0.9994251,0.9993383,0.999388,0.99934876,0.9993794,0.999462,0.9994611,0.999392,0.9993487,0.99941325,0.99924207,0.9992789,0.9994281,0.99945444,0.99944985,0.99944633,0.9994362,0.9994782,0.99943256,0.99942374,0.99939555,0.999382,0.99948317,0.99938196,0.99947417,0.99939513,0.9993491,0.9993764,0.9994548,0.9994196,0.999425,0.9993452,0.99945986,0.9993056,0.9997756,0.9993998,0.9994459,0.9993569,0.99939924,0.9994097,0.99948114,0.99939996,0.99944586,0.99922645,0.99935853,0.99937135,0.99940133,0.99938476,0.9994493,0.9994383,0.99923784,0.9993932,0.9993873,0.99952006,0.99950546,0.99945414,0.9995219,0.99933946,0.9994231,0.9994113,0.9993958,0.9993253,0.9993402,0.99933106,0.9994135,0.99947006,0.9993537,0.9994018,0.99937,0.99943477,0.99946547,0.9995321,0.99930876,0.9993587,0.99911314,0.9993627,0.99947006,0.9994763,0.99947673,0.9994761,0.9994762,0.9993952,0.9993413,0.9993388,0.999317,0.999441,0.9994601,0.99938554,0.99940604,0.9993198,0.99943537,0.99940246,0.9993734,0.9993826,0.99945635,0.9992347,0.9994178,0.9994599,0.9993158,0.9994207,0.9993759,0.9993921,0.99939615,0.99928945,0.9993344,0.99937093,0.9994214,0.9994007,0.9995507,0.9993937,0.99947,0.99913096,0.9991367,0.9991883
ipip205,0.99954647,0.999432,0.9994436,0.9993797,0.99951345,0.9994459,0.9996111,0.9994762,0.9995517,0.9993946,0.9994154,0.9995094,0.9994958,0.999458,0.999361,0.9994998,0.999535,0.9994318,0.9996134,0.9995917,0.9995124,0.99944884,0.9995345,0.9995425,0.999419,0.9995535,0.99939245,0.99957126,0.99951893,0.9995654,0.9994839,0.9995613,0.9994106,0.9995566,0.9996363,0.99950373,0.9995975,0.99963903,0.9995471,0.9996017,0.9993744,0.9994961,0.99946606,0.99941957,0.9993998,0.9994942,0.9994567,0.9993681,0.9995753,0.999451,0.9995074,0.99922925,0.9994881,0.9995132,0.9993012,0.99942446,0.9992524,0.99946743,0.9994031,0.999541,0.9996188,0.9994606,0.9995901,0.9994466,0.99943453,0.9994085,0.99963593,0.9995643,0.9995421,0.9994546,0.9996054,0.9995479,0.99927294,0.9994942,0.9994539,0.99908674,0.999471,0.999561,0.999476,0.99951327,0.9994322,0.9996365,0.9994064,0.99957013,0.99957895,0.9996296,0.9996548,0.99949,0.99934906,0.9995723,0.99945474,0.999616,0.9994993,0.9993265,0.99923146,0.99925196,0.99955755,0.99946076,0.99929696,0.9994056,0.9994961,0.99955714,0.9995625,0.99951214,0.999585,0.99935275,0.9999977,0.9993266,0.999608,0.9996587,0.99965507,0.9994557,0.9994768,0.9994874,0.9996475,0.9994637,0.99960256,0.9996103,0.9995985,0.9994976,0.99955857,0.99940646,0.9995389,0.99952537,0.99952906,0.9994049,0.9995467,0.9995465,0.9993846,0.99943674,0.99956053,0.9992231,0.99939245,0.99938685,0.99953485,0.99953115,0.999425,0.99953336,0.9996277,0.9995913,0.999609,0.9995225,0.9994,0.99950606,0.99954474,0.9993595,0.9995726,0.9995604,0.99941355,0.9995826,0.9996479,0.99951756,0.9994411,0.9992962,0.999612,0.99951416,0.9995345,0.99954355,0.9993006,0.9996484,0.99934936,0.9996309,0.99950486,0.9993887,0.99960226,0.9992742,0.9995658,0.99949294,0.9995478,0.9995229,0.9996143,0.9993664,0.9996126,0.9995901,0.99951565,0.99957037,0.9995982,0.9995489,0.9995008,0.999554,0.9995267,0.9993795,0.9994773,0.999417,0.9993527,0.99935997,0.99959534,0.999604,0.9996032,0.9994965,0.99968195,0.9995908,0.99958235,0.99951637,0.9996067,0.9996246,0.9996584,0.9996578,0.9994935,0.9995198,0.9995443,0.99963796,0.99954027,0.9996077,0.9995067,0.99944264,0.99962807,0.9993236,0.99945825,0.99943495,0.99947923,0.99952966,0.9995231,0.9994507,0.99942034,0.99941754,0.99959993,0.9992122,0.99955094,0.9995976,0.99958634,0.9995803,0.99960625,0.99952465,0.9994096,0.9996599,0.9996324,0.9995895,0.9993257,0.9994122,0.9995835,0.9994523,0.9995302,0.999534,0.9995987,0.9993659,0.9995385,0.99946654,0.99961966,0.99946475,0.99960846,0.99960256,0.99965024,0.9994589,0.9995237,0.9995214,0.9994067,0.9996113,0.99915147,0.99947274,0.9995694,0.9995689,0.99943155,0.99956906,0.9994872,0.9995647,0.9995153,0.99948853,0.9994453,0.9995336,0.999588,0.9993731,0.9995031,0.99935555,0.99943596,0.9995457,0.9994738,0.9994709,0.99950397,0.99916565,0.9996236,0.9994616,0.9994947,0.9995743,0.9994923,0.99946165,0.9994473,0.99949735,0.99934185,0.99949175,0.9994292,0.99958295,0.999484,0.999398,0.99955046,0.9991681,0.999235,0.9993059
ipip235,0.9993305,0.9992563,0.99923736,0.999206,0.9993353,0.9993363,0.99936366,0.9993094,0.99943614,0.9992084,0.9992376,0.9993349,0.99938875,0.99927074,0.9993345,0.99934006,0.9993687,0.99925196,0.9993471,0.9993447,0.999351,0.99931926,0.99941295,0.99941266,0.9994352,0.999293,0.99924654,0.99934745,0.9992959,0.99929667,0.9993337,0.9994245,0.9992847,0.9994325,0.999365,0.9993941,0.9993028,0.99936897,0.9993732,0.99939924,0.99921405,0.99932593,0.99932414,0.99918664,0.9992427,0.99932414,0.99935794,0.99927175,0.99933344,0.99925256,0.9993098,0.99907357,0.99929786,0.99924684,0.99928886,0.9992508,0.99912524,0.99929994,0.99926835,0.99940413,0.9994239,0.99929255,0.9994138,0.9993663,0.9993363,0.99941987,0.99937063,0.999406,0.99943364,0.9993508,0.9994483,0.999437,0.99934465,0.9993588,0.9993162,0.9989381,0.9992455,0.99931806,0.9993751,0.9994149,0.9993848,0.9994013,0.99915814,0.9993557,0.9993144,0.99937016,0.9993636,0.9993419,0.9992115,0.99930894,0.99933374,0.9993952,0.9994134,0.9991864,0.9990809,0.9990817,0.99943477,0.9994591,0.999178,0.999242,0.99934214,0.99940884,0.9994422,0.99941283,0.99940675,0.9994771,0.9993266,0.9999974,0.99962807,0.9994165,0.9994152,0.99926096,0.9993348,0.9993458,0.9994077,0.99937105,0.9994239,0.99938774,0.99939466,0.999361,0.9993371,0.9992372,0.9993774,0.9993472,0.9993569,0.99934065,0.9993363,0.99931484,0.9993723,0.99917823,0.999403,0.999047,0.99931514,0.9992884,0.99938434,0.9994108,0.9994941,0.99934745,0.99938977,0.9995111,0.9994479,0.9994528,0.9993149,0.99952555,0.9993972,0.999236,0.9993926,0.9994526,0.99925965,0.99931735,0.99943686,0.9993664,0.99923104,0.9991618,0.9994037,0.99941164,0.99939847,0.99938023,0.99912304,0.9994115,0.999259,0.9994325,0.99928534,0.9994009,0.9994791,0.99917865,0.99934244,0.9994016,0.9993527,0.9992786,0.9994111,0.9991963,0.9993596,0.9993481,0.9993999,0.99931586,0.9993362,0.9993588,0.99934244,0.999334,0.9992915,0.99927735,0.99928606,0.9993335,0.999131,0.9992134,0.9993546,0.99936825,0.9993656,0.99932986,0.9993874,0.9993893,0.99936706,0.9993932,0.9993865,0.9993896,0.9994092,0.9993737,0.99932146,0.99938434,0.9993399,0.99944025,0.9993642,0.9993668,0.999394,0.9993982,0.99944055,0.9992158,0.9994411,0.9993183,0.9993445,0.9992986,0.9993956,0.9993798,0.9993357,0.9993774,0.9993298,0.9990469,0.99928004,0.9993775,0.9994101,0.9993298,0.99938303,0.99945503,0.99914294,0.99943525,0.9993761,0.9994088,0.99923295,0.9994343,0.9993906,0.9992915,0.99942577,0.9994414,0.99940044,0.9992377,0.99942696,0.999353,0.9994267,0.9993816,0.9993367,0.9993192,0.9993813,0.99938846,0.99932253,0.9994683,0.9993008,0.99941885,0.99894094,0.99933255,0.9994143,0.99942875,0.9992971,0.9994081,0.9993355,0.99928737,0.9992807,0.99940485,0.99925256,0.9994937,0.9993877,0.9992519,0.99926156,0.9991428,0.9993068,0.999405,0.9993607,0.99945414,0.9994779,0.9991608,0.99941635,0.9993456,0.9993713,0.99938,0.99940133,0.9993822,0.9993563,0.99938947,0.9992469,0.99935585,0.9994412,0.9993787,0.9994522,0.9994351,0.99935365,0.9990633,0.9990086,0.9991864
ipip265,0.999585,0.99948657,0.99948394,0.9994108,0.9995415,0.9994935,0.9996616,0.9995637,0.99966604,0.9994226,0.999444,0.99954903,0.9995768,0.9994689,0.99948907,0.9995147,0.9995846,0.99947464,0.9995957,0.9996146,0.99956447,0.99955994,0.9996141,0.99962413,0.9995669,0.99954396,0.9994841,0.99960154,0.9995524,0.9995494,0.9995515,0.9997109,0.9994543,0.99966264,0.9996295,0.9995553,0.99958736,0.9996171,0.99958545,0.9996501,0.9994654,0.9996193,0.99951917,0.9994228,0.99945486,0.99952865,0.9995788,0.99948007,0.9995663,0.99947995,0.9995371,0.9992986,0.99953455,0.9995615,0.99942136,0.99951965,0.9993001,0.99952054,0.99946684,0.99963975,0.99970573,0.99953395,0.9996977,0.9995287,0.99953073,0.9995761,0.9996698,0.9996643,0.9996368,0.9995786,0.9996536,0.99963063,0.99939996,0.99957395,0.99956095,0.9992397,0.9995121,0.99960375,0.99958515,0.9996197,0.99956053,0.9996649,0.99945194,0.9995784,0.9995665,0.9996325,0.9996434,0.99958223,0.99942607,0.9995654,0.99951106,0.99961627,0.999611,0.999441,0.9993007,0.99935496,0.9995753,0.99963135,0.9993717,0.99943805,0.99962676,0.9996069,0.9997567,0.99957895,0.9996486,0.9996851,0.999608,0.99962807,0.99999803,0.9997166,0.9996737,0.999476,0.99952334,0.9996007,0.99967915,0.999551,0.9996604,0.9996074,0.99964124,0.9995971,0.99963176,0.9995239,0.99962956,0.999609,0.9995488,0.9995651,0.9996614,0.99961627,0.9995172,0.99947006,0.9996291,0.99930835,0.9994991,0.99949235,0.9995952,0.99958414,0.99949175,0.999622,0.9996705,0.9996266,0.99965566,0.99965405,0.9995331,0.9996188,0.9996219,0.9994414,0.99960923,0.9996638,0.9995065,0.9996203,0.99966925,0.99957025,0.99943936,0.9994652,0.99964714,0.999583,0.9995948,0.99958533,0.99934626,0.99969614,0.99944603,0.99964833,0.99950737,0.9994991,0.9996121,0.99936634,0.999631,0.99962157,0.99958587,0.9994902,0.9996202,0.99939936,0.9995994,0.99957484,0.9996006,0.99958056,0.99962914,0.999563,0.9996021,0.99962896,0.9995613,0.99949723,0.9995251,0.9995447,0.99939597,0.99949723,0.9996475,0.9996576,0.99965125,0.99957615,0.999677,0.99964815,0.99961823,0.9996039,0.99963415,0.9996527,0.99967694,0.9996495,0.99954987,0.9996353,0.99965936,0.9996354,0.99957275,0.9996289,0.99959165,0.9995279,0.99970365,0.9994043,0.99972653,0.9995475,0.9995856,0.9995748,0.9996048,0.99960685,0.99959296,0.99956554,0.9996311,0.999295,0.99957025,0.99961376,0.9996182,0.9995896,0.99968106,0.9996576,0.9993878,0.9996673,0.99967444,0.99970573,0.999491,0.99957746,0.99969375,0.9995379,0.9996618,0.999624,0.99966365,0.9994929,0.9996534,0.9995269,0.99964285,0.99953324,0.9995739,0.99956816,0.99964744,0.99959904,0.9995746,0.99977624,0.99947196,0.99963784,0.9991981,0.9995287,0.999653,0.9996556,0.9995676,0.9996654,0.9996067,0.99962896,0.9995623,0.9995936,0.99948305,0.999655,0.99964875,0.99949116,0.99958855,0.99946564,0.9995325,0.9996142,0.99955595,0.9995929,0.99968183,0.9993003,0.9996993,0.9995858,0.9995589,0.9996773,0.9995935,0.99959695,0.999551,0.9996115,0.99948496,0.99956787,0.9995547,0.99964356,0.99976337,0.9995324,0.999669,0.99923843,0.9992195,0.99939334
ipip295,0.9997023,0.999514,0.99957186,0.9994578,0.99961376,0.99952894,0.99974847,0.99959755,0.99966186,0.99945706,0.9994982,0.99962103,0.9995981,0.999503,0.99941546,0.9995863,0.99965495,0.99950975,0.999665,0.99971986,0.9996,0.9996115,0.99961543,0.99960303,0.99948114,0.99961376,0.99949604,0.9996218,0.9996067,0.9995706,0.9995721,0.9996845,0.99947524,0.9996425,0.9997805,0.9995865,0.99967736,0.9997454,0.99962455,0.9997197,0.99946064,0.9996107,0.99951637,0.999525,0.9994271,0.9995846,0.99951714,0.99946976,0.99966776,0.9995085,0.9995958,0.99923706,0.9996346,0.9995521,0.9993521,0.9994962,0.9993636,0.9995192,0.99951917,0.9996083,0.99974376,0.99952835,0.99973744,0.99953747,0.99953,0.9994831,0.9997478,0.9996723,0.9995884,0.9995693,0.99974114,0.9996362,0.99936986,0.9996155,0.9995649,0.99912304,0.99950475,0.99964476,0.99955446,0.99961627,0.9995354,0.9997374,0.99950284,0.9996865,0.999659,0.9997609,0.99973136,0.99956393,0.99945664,0.9996661,0.99955595,0.9996935,0.999646,0.9994064,0.99928606,0.9993553,0.9996857,0.999524,0.9993467,0.99936885,0.9996008,0.9996568,0.99970275,0.9995742,0.999681,0.99937916,0.9996587,0.9994165,0.9997166,0.99999785,0.9998145,0.99955714,0.9995707,0.9996346,0.9997831,0.9995659,0.9997419,0.9996933,0.9997444,0.99963266,0.9996556,0.99950254,0.9996193,0.9996502,0.9996428,0.9994869,0.9995803,0.9996881,0.99944156,0.99952817,0.9996813,0.9992358,0.9994671,0.99949217,0.99966186,0.99962896,0.9995071,0.9996428,0.9997952,0.9997131,0.9997537,0.99965006,0.9995204,0.9996477,0.99967146,0.99949455,0.99965656,0.99962115,0.99948937,0.9997123,0.9996794,0.99955595,0.9993521,0.9993694,0.9997568,0.99958897,0.9995808,0.99962705,0.99941224,0.9997727,0.999409,0.9997152,0.99959594,0.9994777,0.99972546,0.99939924,0.99968976,0.9995036,0.99966973,0.9995633,0.9997027,0.99944204,0.99973196,0.9996561,0.99959105,0.9997082,0.9996763,0.99961364,0.9995684,0.9995877,0.999498,0.9994635,0.99952626,0.9995125,0.9994344,0.999514,0.9996533,0.99966294,0.9996572,0.9995042,0.99970275,0.9996846,0.9996967,0.99961364,0.9996949,0.99976844,0.99968743,0.9997085,0.99947953,0.9995311,0.9996287,0.9996918,0.9994863,0.9997149,0.9995717,0.99950147,0.99971366,0.99932086,0.99952793,0.9994795,0.9995314,0.9995824,0.9996225,0.99955934,0.99951637,0.9995123,0.9996191,0.99919045,0.999593,0.99966,0.9996649,0.9996683,0.9997357,0.9996045,0.9993907,0.99977785,0.9997292,0.99966073,0.99930334,0.9995335,0.9996312,0.9995997,0.9996626,0.9996128,0.99974996,0.99949193,0.9996188,0.9995594,0.9997098,0.9995047,0.9996637,0.999596,0.99978656,0.99948907,0.99959844,0.99962884,0.9994952,0.9997264,0.99918276,0.99954087,0.9996502,0.9996557,0.99949163,0.9996649,0.99955595,0.9996217,0.9995866,0.99959093,0.9994932,0.9996273,0.9997096,0.9994446,0.99957347,0.9994041,0.99950206,0.99967265,0.99955946,0.9995589,0.9995881,0.9992608,0.9997765,0.999548,0.9995899,0.9997009,0.999594,0.9995771,0.9995317,0.9995891,0.9994357,0.9995954,0.99952024,0.99975324,0.9995886,0.9994952,0.9996968,0.9992272,0.99920124,0.9994626
ipip30,0.9997309,0.9995572,0.99961823,0.99950993,0.9996656,0.9995817,0.9997689,0.9995905,0.9997106,0.9995067,0.9995655,0.99971443,0.9996174,0.99951994,0.99950004,0.9996083,0.99966294,0.99953014,0.9996845,0.99972,0.9996411,0.9996383,0.99967057,0.99962103,0.99951416,0.99963665,0.99951756,0.9996549,0.99962604,0.9996011,0.99961495,0.9997328,0.9995236,0.99966264,0.9997971,0.9996528,0.9996774,0.9997648,0.9996564,0.99971926,0.9995139,0.99964637,0.9995599,0.99956584,0.9994842,0.99962753,0.99955004,0.99951226,0.9997029,0.99953955,0.99961716,0.9992551,0.9996815,0.9995662,0.9994166,0.9995481,0.9994094,0.9995961,0.9995534,0.99967116,0.9997744,0.9996054,0.9997677,0.9995848,0.99955434,0.9995326,0.9997574,0.9996978,0.99961674,0.99959534,0.99979854,0.9996853,0.999425,0.9996808,0.99959767,0.99911535,0.9995019,0.9996319,0.99962384,0.99967873,0.99962646,0.99978197,0.99953204,0.99974495,0.99969196,0.99980026,0.9997336,0.9995622,0.99950206,0.9996934,0.9996139,0.99974257,0.9996625,0.99942183,0.9993497,0.9993756,0.99974775,0.99953675,0.99936026,0.9993792,0.99960023,0.9997207,0.9996844,0.9996144,0.99971217,0.9993853,0.99965507,0.9994152,0.9996737,0.9998145,0.9999969,0.99962103,0.9996315,0.99961674,0.99975175,0.99958014,0.9997292,0.9997303,0.99974924,0.9995971,0.99969304,0.99954563,0.9996695,0.9996932,0.999671,0.99952006,0.9996136,0.99976915,0.99950737,0.99954206,0.99972886,0.9992727,0.9995117,0.9995041,0.9997071,0.9996818,0.9995493,0.9997041,0.99987936,0.9997612,0.99978137,0.99967986,0.9995286,0.9996645,0.99970365,0.9994421,0.9996959,0.9996431,0.9995706,0.9996902,0.9996948,0.99959135,0.9994063,0.99938667,0.99979025,0.99964243,0.9996352,0.99965954,0.9993947,0.99976414,0.9994656,0.9997618,0.99962604,0.9995373,0.99978137,0.9994462,0.9997501,0.99954444,0.9996928,0.99961746,0.999754,0.99948585,0.9997572,0.99968475,0.9996453,0.99975395,0.999682,0.9996401,0.9996107,0.9995999,0.9995042,0.9995376,0.99954945,0.9995899,0.9994891,0.99955124,0.9996551,0.99967545,0.99966943,0.99951273,0.9996989,0.99974966,0.9997515,0.99967617,0.9997434,0.9998154,0.9996868,0.99972564,0.99948543,0.9995406,0.99961704,0.9996848,0.9994766,0.9997637,0.9996168,0.99953127,0.999726,0.9993746,0.9995513,0.99953645,0.99958533,0.99960583,0.99968004,0.9996162,0.9995882,0.9995465,0.9996385,0.9991786,0.9995859,0.99966794,0.9997274,0.9997295,0.9997738,0.9996325,0.99945956,0.99980265,0.9997287,0.9996683,0.9993057,0.9994811,0.9996293,0.9996465,0.99970764,0.99967283,0.9998013,0.9995269,0.99963343,0.9996087,0.99972665,0.9995361,0.9996823,0.9995924,0.99981195,0.9995337,0.99965227,0.9996326,0.999554,0.9997783,0.9992505,0.9996106,0.9997153,0.9997228,0.9995568,0.9997254,0.99961805,0.999627,0.99959016,0.99962336,0.9995285,0.9996653,0.9997542,0.99951065,0.9996005,0.9994401,0.9995436,0.99972343,0.9996188,0.9995887,0.99962384,0.99935645,0.9998138,0.9995972,0.99962384,0.9997468,0.999625,0.9996225,0.99958855,0.9996263,0.9995021,0.99962217,0.9995837,0.9998324,0.9996013,0.9995549,0.9997574,0.9992803,0.99923646,0.9994899
ipip60,0.99953365,0.99942523,0.99948,0.9993591,0.99949306,0.99945194,0.9995196,0.9994262,0.9995225,0.9993495,0.9993776,0.9995628,0.99947417,0.9994222,0.99935746,0.99938285,0.99950254,0.99941623,0.9995012,0.99950397,0.9994749,0.99948263,0.999473,0.99945647,0.9994821,0.999462,0.99939346,0.9994701,0.9994895,0.9994644,0.9994478,0.99945706,0.99931204,0.9995344,0.99955213,0.99945146,0.9994756,0.999543,0.9994784,0.9995257,0.9992902,0.99943185,0.99941653,0.9994123,0.99934286,0.999482,0.9994391,0.9993955,0.9995382,0.99940765,0.9994334,0.99915403,0.9994871,0.9993923,0.99929,0.9993674,0.9992773,0.99941784,0.9994108,0.9994387,0.9995832,0.99944735,0.99957633,0.9994804,0.9994363,0.9993977,0.99952614,0.9994571,0.999467,0.99942553,0.99957776,0.99950016,0.99933946,0.9994859,0.9995015,0.9990041,0.9993477,0.9994758,0.9994225,0.99947125,0.9994951,0.99960494,0.9994142,0.999581,0.9995641,0.9995538,0.9995295,0.9993988,0.99939257,0.9995011,0.99947304,0.9995426,0.99949133,0.99937236,0.9992463,0.9992672,0.9995448,0.99935204,0.99922734,0.99932724,0.99941784,0.9995291,0.99950755,0.99948,0.99959576,0.9992516,0.9994557,0.99926096,0.999476,0.99955714,0.99962103,0.999998,0.99958456,0.9995012,0.99955314,0.9994704,0.99953455,0.99953216,0.9996063,0.9994303,0.99951965,0.9993649,0.999486,0.99953616,0.99945414,0.99935675,0.99940723,0.9994819,0.99935067,0.9993525,0.99951154,0.9992067,0.99937165,0.9993938,0.9994826,0.9995262,0.9993948,0.99943507,0.9995606,0.9995651,0.9995867,0.9995149,0.9993849,0.9995176,0.9995691,0.9993152,0.9995169,0.99951845,0.99934787,0.99955285,0.9994868,0.9994331,0.9993276,0.9992501,0.99957156,0.9995189,0.999547,0.99950314,0.99934846,0.999549,0.99932176,0.99955124,0.99945545,0.9993966,0.99956936,0.99926835,0.99948496,0.99942005,0.9995366,0.99946725,0.9995297,0.9993643,0.99954104,0.99950737,0.9994659,0.99954396,0.9994583,0.9994481,0.9993939,0.9994004,0.99935776,0.9993592,0.99938774,0.9994158,0.99929327,0.9993611,0.9994662,0.99947166,0.99947625,0.999347,0.9995098,0.99950546,0.9995255,0.99947786,0.99957556,0.99956346,0.9994826,0.99947673,0.9993263,0.9994082,0.9994207,0.9994678,0.9993454,0.9995308,0.9994605,0.99941176,0.9995002,0.9992288,0.9993847,0.999338,0.9994269,0.9995073,0.9994851,0.9994336,0.99941,0.99941903,0.9994303,0.9990793,0.99943584,0.9994802,0.9995244,0.9994873,0.99950796,0.9995025,0.9993303,0.99954605,0.9994705,0.99946076,0.9991499,0.9993702,0.9994403,0.9994695,0.99951196,0.9994919,0.99954724,0.99937284,0.99949765,0.99943274,0.9995173,0.9994162,0.99951565,0.99949926,0.99956363,0.9994037,0.99946165,0.99946743,0.9994462,0.99955875,0.9991693,0.9994587,0.99950767,0.9995245,0.9993665,0.999499,0.99941885,0.9994856,0.99942696,0.9994678,0.99942344,0.99951637,0.9995328,0.99937356,0.99943125,0.9992587,0.9993376,0.99953437,0.99945825,0.99945116,0.9994789,0.99926764,0.99953014,0.999374,0.99947435,0.999486,0.99949825,0.9994513,0.99943674,0.99952996,0.99933887,0.9994894,0.99943566,0.99953467,0.99943954,0.9993995,0.9995002,0.999163,0.99911064,0.9993707
ipip90,0.9995356,0.9994817,0.99949807,0.99941,0.99956226,0.99949527,0.99951464,0.9994503,0.99951375,0.999407,0.9994407,0.9998284,0.9995022,0.99948525,0.99944234,0.9994438,0.9995438,0.9994291,0.99954265,0.9995667,0.99949473,0.99946886,0.9995125,0.9994563,0.999465,0.9994764,0.9994196,0.99948215,0.9995452,0.9995013,0.99946755,0.99949396,0.9993415,0.9995322,0.9995746,0.99950486,0.9994652,0.9995151,0.9995106,0.99957573,0.9993573,0.99945986,0.9994644,0.99942994,0.99940115,0.99950045,0.9994888,0.99942124,0.99956226,0.99946135,0.99947226,0.9992214,0.9995263,0.999427,0.999374,0.9994209,0.9993601,0.99945533,0.99949294,0.9995007,0.9996218,0.9995127,0.9995905,0.9995911,0.99945897,0.99944943,0.9995228,0.99947184,0.9994991,0.99945813,0.9996046,0.9995268,0.99934477,0.9995426,0.99961686,0.99909395,0.99942344,0.9995282,0.99948496,0.99951935,0.99959487,0.99968106,0.99943125,0.99959946,0.99962735,0.99959815,0.99958986,0.9994638,0.999469,0.9995117,0.9995989,0.9995772,0.9995453,0.99940854,0.99933094,0.99932337,0.9995554,0.99942756,0.99931735,0.9993781,0.99945974,0.99953145,0.9995451,0.999521,0.99968034,0.9993415,0.9994768,0.9993348,0.99952334,0.9995707,0.9996315,0.99958456,0.99999934,0.99950445,0.99954915,0.99952966,0.99954855,0.9995631,0.99958247,0.9994724,0.99950224,0.99938357,0.99953884,0.9995663,0.9994813,0.99939376,0.9994477,0.9995228,0.9994043,0.9993817,0.9995411,0.9992421,0.9994654,0.9994518,0.9995114,0.9995713,0.99943954,0.9994777,0.99958223,0.9995663,0.99963194,0.9995587,0.999443,0.9995166,0.9996139,0.9993937,0.9995857,0.9995163,0.99940026,0.9995601,0.9995167,0.99948585,0.9993857,0.9993084,0.99956656,0.9995558,0.9995684,0.99954927,0.9994072,0.99953026,0.99942154,0.99958414,0.999482,0.99945873,0.99956834,0.99933517,0.9995171,0.9994643,0.99953175,0.9995152,0.99956465,0.9994533,0.99952775,0.9994877,0.9994665,0.9995151,0.99945015,0.9994771,0.9994085,0.99938315,0.9994353,0.9993912,0.99941814,0.9994611,0.99934125,0.99945736,0.9994375,0.99945146,0.9994522,0.9993977,0.99951696,0.9995135,0.999516,0.99948627,0.9996363,0.99955875,0.9994978,0.9994954,0.9993726,0.99945587,0.9994465,0.99948215,0.99943745,0.9995359,0.9995337,0.9994386,0.9994988,0.9992944,0.9994173,0.9993825,0.99950564,0.9994226,0.99948746,0.99951434,0.99946254,0.9995223,0.9994568,0.9991566,0.999461,0.9995291,0.999549,0.9995122,0.9995699,0.9995323,0.9993841,0.99956495,0.99946177,0.99948645,0.9992289,0.99942,0.9994452,0.9995383,0.9995537,0.9995382,0.9996082,0.9994122,0.9995065,0.99947494,0.9995287,0.99944484,0.9995559,0.99948895,0.99953634,0.9994434,0.99946064,0.9994781,0.9995105,0.99956673,0.99916476,0.9994871,0.9995508,0.9995518,0.9994265,0.9995496,0.99947864,0.999476,0.99943125,0.9995046,0.9994614,0.9995372,0.99951935,0.99939567,0.9994438,0.99929714,0.9993732,0.9996076,0.99950886,0.99947375,0.99953383,0.9995068,0.9995873,0.99945694,0.9995335,0.999552,0.99961686,0.9994808,0.9994681,0.9994982,0.999398,0.99947566,0.99947304,0.99956256,0.9994541,0.9994474,0.99952966,0.9992624,0.9991869,0.9994369
ipip120,0.9995482,0.99942243,0.9994924,0.99934816,0.9994653,0.9994332,0.9995634,0.99947405,0.999554,0.99936366,0.999395,0.99954575,0.9995108,0.9994274,0.9993709,0.9994796,0.9995515,0.9994329,0.99956083,0.9995566,0.99949,0.999527,0.999516,0.9994765,0.9993689,0.999531,0.99941474,0.9995177,0.9995285,0.99950767,0.9994701,0.9995345,0.9993693,0.9995221,0.9995842,0.9994663,0.99959236,0.99958265,0.999528,0.9995344,0.9993908,0.9995083,0.9994204,0.99944264,0.99935675,0.9994801,0.99941707,0.9993564,0.99953955,0.9994439,0.99943537,0.99922246,0.9994904,0.99947155,0.99930376,0.999437,0.9992733,0.9994876,0.999442,0.9994928,0.9995897,0.9994441,0.9995918,0.9994241,0.9994546,0.9994247,0.9996478,0.9995477,0.99946594,0.9995417,0.99956036,0.99953175,0.99933916,0.9995017,0.9995483,0.99918795,0.9994395,0.9995524,0.9994889,0.9995065,0.99944943,0.9995768,0.99937284,0.9995362,0.9995274,0.99958813,0.9995642,0.9994647,0.999413,0.9995101,0.9995751,0.9995395,0.999533,0.9995995,0.9992884,0.99931693,0.99949783,0.9994571,0.9993035,0.999373,0.999528,0.9995389,0.99964565,0.99948436,0.99956155,0.9993837,0.9994874,0.9993458,0.9996007,0.9996346,0.99961674,0.9995012,0.99950445,0.99999744,0.9997041,0.99960995,0.99979186,0.9996099,0.9997934,0.99954516,0.9995709,0.9995217,0.9995218,0.99955606,0.99950296,0.99943525,0.99950707,0.99951965,0.999392,0.9994213,0.9995344,0.9992408,0.99941444,0.9994337,0.9995256,0.9995045,0.99937725,0.9995092,0.9995817,0.99951977,0.9995932,0.9995302,0.9994866,0.9994752,0.99957955,0.99946505,0.9995111,0.99950165,0.9994473,0.99956805,0.99953717,0.9994965,0.9993278,0.99931175,0.9996368,0.9995245,0.9995188,0.9995048,0.9994139,0.99962574,0.9994003,0.99963117,0.9995532,0.9994623,0.99955916,0.99941546,0.9995334,0.9993915,0.99952567,0.9995126,0.9995321,0.9994305,0.9995751,0.99947745,0.99950194,0.9995677,0.9995627,0.9994903,0.9994517,0.9995019,0.999492,0.99944353,0.9994303,0.9994756,0.9994195,0.99948525,0.99956405,0.99955034,0.99956685,0.9994481,0.9995887,0.99955916,0.999564,0.99951106,0.9995581,0.99959546,0.9995443,0.9995081,0.9994248,0.9994202,0.99949354,0.9995176,0.9994283,0.99955934,0.99947625,0.9993844,0.99957114,0.99930423,0.99947655,0.9994285,0.9994577,0.9995253,0.99951565,0.99951255,0.99946654,0.9994643,0.9995433,0.99923563,0.9995597,0.9995464,0.9995243,0.9995705,0.99959195,0.99947494,0.99937755,0.9996275,0.99960256,0.99957585,0.99928564,0.99941134,0.99954754,0.9995116,0.9995319,0.999475,0.9995932,0.9994492,0.99949616,0.99948645,0.9995683,0.99951625,0.9995446,0.9995567,0.9995872,0.99944764,0.9995461,0.99953884,0.999374,0.99954116,0.9992087,0.99942553,0.99951684,0.99952704,0.9994279,0.99953145,0.99947464,0.9995503,0.99949604,0.99946827,0.99945587,0.9995068,0.9995834,0.9994412,0.9995225,0.99936515,0.9994615,0.9995507,0.99948317,0.9994686,0.99955183,0.99925816,0.9995802,0.9994483,0.99948275,0.99953824,0.9994823,0.999483,0.9994459,0.99942815,0.99936885,0.99956,0.999437,0.99956864,0.99950176,0.9994087,0.999538,0.9991463,0.9991488,0.9993356
ipip150,0.9996614,0.99950314,0.99956805,0.999453,0.9995942,0.99950635,0.9997144,0.99958545,0.99965477,0.9994661,0.9994851,0.9995979,0.99960303,0.9995062,0.9994098,0.99957484,0.99964267,0.9995108,0.99967355,0.99965,0.999659,0.9995901,0.99963164,0.99960566,0.9994702,0.9996077,0.9994721,0.99970657,0.99958116,0.9995686,0.99957895,0.9996511,0.99948025,0.9996763,0.9997314,0.9995911,0.99973005,0.999743,0.9996266,0.999697,0.9994527,0.9995729,0.99953586,0.999485,0.9994393,0.99958146,0.99954057,0.9994462,0.99965835,0.999604,0.99957186,0.999271,0.99959,0.9995769,0.9993489,0.9995412,0.999357,0.99950427,0.9995001,0.99961597,0.99971104,0.9995364,0.9997076,0.99951947,0.9995831,0.9994819,0.9997676,0.99964404,0.9995705,0.99956363,0.9997033,0.9996359,0.99938047,0.9996108,0.9995881,0.99913657,0.9995264,0.99962586,0.9995573,0.99958795,0.99952537,0.9997204,0.9994847,0.99966586,0.9996589,0.9997302,0.9997195,0.99953514,0.9994628,0.99964225,0.99956095,0.9996847,0.999624,0.9994405,0.9993105,0.99940485,0.999652,0.9995167,0.9993328,0.99938637,0.999596,0.9996289,0.9996715,0.9995651,0.9996684,0.9993889,0.9996475,0.9994077,0.99967915,0.9997831,0.99975175,0.99955314,0.99954915,0.9997041,0.99999785,0.9996812,0.9998019,0.9997737,0.9997862,0.9997186,0.99975085,0.999542,0.99961895,0.9996527,0.9996216,0.9995047,0.9996071,0.9996069,0.9994291,0.99952126,0.9996824,0.999303,0.999482,0.9994786,0.99965674,0.999613,0.9994823,0.99962586,0.99971974,0.99966025,0.9997111,0.99963033,0.99952203,0.99960905,0.9996518,0.9994323,0.9996206,0.999602,0.9994893,0.99965924,0.9996691,0.9995778,0.99943924,0.9993529,0.9997587,0.9996043,0.99961007,0.9996288,0.999372,0.999765,0.999462,0.9997671,0.9996844,0.9994978,0.9996906,0.9994076,0.9996675,0.9995154,0.9996585,0.99954766,0.9996755,0.99942964,0.9996984,0.99963194,0.9995999,0.9996544,0.99966216,0.9995986,0.9995723,0.9996502,0.99952966,0.9994677,0.9995241,0.9995153,0.99942404,0.9995095,0.99973845,0.9997212,0.9997272,0.9995672,0.9997473,0.99967533,0.9996721,0.999608,0.9996821,0.9997144,0.9997006,0.9996847,0.9995139,0.99957114,0.99969584,0.9996923,0.9995271,0.99966794,0.99958104,0.99950546,0.99972916,0.9993881,0.999546,0.99949384,0.9995524,0.9996098,0.9996169,0.99956566,0.99951595,0.9995263,0.9996842,0.9993024,0.9996867,0.9997011,0.9996583,0.99966794,0.99971396,0.9996091,0.9994112,0.999745,0.9997705,0.9996646,0.9993335,0.99953854,0.99968433,0.9995857,0.9996402,0.99958843,0.9997021,0.9995068,0.9996424,0.9996089,0.9997014,0.9995341,0.99966544,0.99958634,0.9997209,0.99952793,0.99957484,0.99962556,0.99948347,0.99969405,0.9991876,0.99954134,0.99964684,0.9996542,0.99950165,0.99966073,0.99956775,0.9996783,0.99959034,0.99960077,0.99951106,0.99961525,0.99969345,0.9994819,0.99959356,0.9994558,0.9995485,0.9996391,0.9995879,0.9995719,0.999607,0.9992715,0.9997175,0.99952924,0.99960476,0.99966365,0.9995788,0.99960166,0.9995594,0.9995825,0.99942875,0.9995888,0.9995104,0.9996794,0.9995991,0.9994797,0.99963963,0.99921846,0.99921864,0.999448
ipip180,0.99952173,0.9994457,0.99947774,0.99940044,0.99951565,0.9994507,0.9995282,0.99945194,0.9995581,0.9994143,0.99939555,0.99955535,0.9995345,0.99945456,0.99942803,0.9994529,0.99951255,0.9995067,0.99956465,0.9995171,0.99951917,0.9995182,0.999674,0.99949414,0.99946904,0.99947786,0.99944586,0.999522,0.9994725,0.99947035,0.9994861,0.9995389,0.9993883,0.99954474,0.9995542,0.9996302,0.99950695,0.99953467,0.9995189,0.9995353,0.99942774,0.99950755,0.99950117,0.9993888,0.9994117,0.9994988,0.99949527,0.99941033,0.9995394,0.9994758,0.9994693,0.9992431,0.9995283,0.9994487,0.9993667,0.9995218,0.9993478,0.99948335,0.9994593,0.9995227,0.9995768,0.99947757,0.99958813,0.99946934,0.9995043,0.9994863,0.9995513,0.99949706,0.9994794,0.9994619,0.99964726,0.9996848,0.9994,0.9995974,0.9996346,0.99909145,0.9994097,0.9994969,0.9995175,0.99953705,0.99953574,0.9995702,0.9993934,0.99952495,0.99959356,0.99956447,0.9995114,0.9994664,0.99945223,0.9994927,0.9995313,0.9995364,0.99951935,0.9993979,0.99930435,0.9992912,0.99949604,0.999453,0.99930346,0.99932474,0.99951017,0.999528,0.9995885,0.99952453,0.9995918,0.9994023,0.9994637,0.99937105,0.999551,0.9995659,0.99958014,0.9994704,0.99952966,0.99960995,0.9996812,0.9999975,0.99961066,0.999648,0.9997097,0.9996488,0.9995646,0.9994514,0.9995553,0.99962574,0.9995098,0.9994256,0.99952924,0.99948806,0.99944574,0.9993819,0.99964565,0.9993345,0.99958134,0.9994552,0.99962866,0.9996244,0.9994441,0.99953073,0.99956864,0.99952465,0.99957407,0.99959296,0.9994676,0.99954075,0.9995681,0.9993787,0.9995278,0.99950784,0.9994689,0.9995219,0.99954796,0.9995779,0.9994709,0.99935627,0.9996213,0.9997057,0.9996976,0.99966997,0.99936277,0.9995774,0.99956876,0.99974537,0.99964887,0.99953043,0.99957126,0.99936664,0.99955064,0.99949694,0.9995474,0.99948245,0.9995954,0.99942,0.9995271,0.9995314,0.99949837,0.9995355,0.9994931,0.9994656,0.99947095,0.99948025,0.99942744,0.99942625,0.99943835,0.99947184,0.99935603,0.9994445,0.9995185,0.999525,0.99952525,0.9994873,0.9995345,0.99954426,0.9995306,0.99950784,0.999547,0.9995704,0.9995621,0.99949914,0.99944127,0.9994687,0.9995012,0.99948996,0.99944097,0.99953514,0.99952626,0.99945045,0.9995596,0.99931526,0.9995049,0.999416,0.99951065,0.9994205,0.9995031,0.99953306,0.9994805,0.99948364,0.9995442,0.9992703,0.9995404,0.999573,0.9996783,0.99953264,0.9995605,0.99954766,0.9993644,0.9995805,0.99954593,0.9995433,0.9993081,0.99941707,0.9995354,0.9994672,0.9995526,0.99951833,0.99955744,0.9994148,0.9995531,0.99964017,0.99970084,0.9996564,0.9996082,0.9995549,0.9995555,0.999473,0.9994998,0.9995271,0.99949586,0.99963623,0.9991813,0.9995943,0.9995916,0.9995921,0.9995137,0.99960077,0.99955016,0.9995278,0.99946356,0.9995737,0.9995263,0.9995504,0.9995547,0.9994345,0.9994897,0.9993611,0.99946254,0.9996215,0.99968255,0.99958235,0.9996884,0.99940157,0.9995828,0.99950033,0.9995548,0.9995553,0.99954486,0.99965596,0.9996166,0.99949414,0.9994342,0.99963033,0.9995066,0.99956,0.99951595,0.99947536,0.9995237,0.9992066,0.99918985,0.9993775
ipip210,0.99966645,0.9994837,0.9995652,0.9994165,0.99957293,0.99949694,0.9996934,0.99954885,0.99964243,0.9994289,0.9994655,0.99960756,0.9995727,0.99947864,0.9994295,0.9995703,0.9996454,0.9995004,0.99964184,0.99964446,0.99958575,0.9995829,0.99961555,0.9995803,0.999458,0.9996182,0.99944514,0.9996123,0.9995922,0.9995576,0.99956995,0.9996332,0.99949634,0.9996376,0.99971944,0.9995693,0.99969673,0.99970746,0.9996291,0.99965596,0.9994515,0.9995612,0.99950075,0.99948895,0.9994205,0.99956596,0.99951047,0.999428,0.9996392,0.9995167,0.99954545,0.9992299,0.9995838,0.9995286,0.99932075,0.99950546,0.99933517,0.99949414,0.9994958,0.9995875,0.99968463,0.9995425,0.999693,0.9995213,0.99951464,0.9994965,0.9997381,0.99963117,0.99955815,0.99953437,0.99969935,0.9996271,0.9993906,0.99960417,0.9995586,0.99914324,0.9995235,0.99964195,0.9995507,0.99958146,0.9995229,0.9996825,0.9994494,0.99965787,0.9996033,0.99971396,0.9996763,0.9995187,0.9994426,0.99962264,0.99964106,0.99967015,0.99960303,0.99954885,0.99931353,0.999368,0.9996413,0.999493,0.99934095,0.99937475,0.99959534,0.99963605,0.9996916,0.99959636,0.9996438,0.99938613,0.99960256,0.9994239,0.9996604,0.9997419,0.9997292,0.99953455,0.99954855,0.99979186,0.9998019,0.99961066,0.9999972,0.9997048,0.99976206,0.99960685,0.9996654,0.9995747,0.9996023,0.999635,0.9996143,0.9994939,0.9995735,0.99959755,0.99942183,0.9994901,0.99965745,0.9992604,0.9994699,0.9994772,0.9996444,0.9995879,0.99947405,0.9996153,0.9997162,0.9996598,0.99972075,0.99963534,0.9995064,0.99958754,0.999662,0.9994837,0.9996188,0.99959254,0.9994782,0.9996381,0.9996724,0.99959034,0.99938077,0.99936134,0.999759,0.99959004,0.9995965,0.99960375,0.99943423,0.99975646,0.9994494,0.99972075,0.9996358,0.9995008,0.9996923,0.99941003,0.999658,0.9994854,0.99964416,0.9995908,0.99966896,0.99945575,0.99970126,0.9996095,0.99958134,0.9996607,0.9996411,0.9995805,0.99953663,0.9996043,0.9995255,0.99946296,0.9995002,0.99950886,0.9993991,0.99951714,0.99967295,0.9996721,0.9996773,0.9995127,0.99969214,0.9996476,0.99965686,0.99959195,0.9996624,0.9997074,0.9996475,0.999648,0.99947816,0.99951065,0.9995911,0.99965596,0.9994771,0.9996498,0.9995547,0.9994983,0.9996934,0.99933994,0.99953055,0.9994784,0.99952567,0.9996294,0.99959713,0.9995648,0.9994924,0.9995105,0.9996203,0.9992072,0.999595,0.9996496,0.99963313,0.99963933,0.9996733,0.9995568,0.9993648,0.9997257,0.99973714,0.99965703,0.99928665,0.99945843,0.9996317,0.9995866,0.9996106,0.9995769,0.9996899,0.9994986,0.9996012,0.99955434,0.99966687,0.9995171,0.9996153,0.99954677,0.99970406,0.9994831,0.99957067,0.9995968,0.99945873,0.9996764,0.99918514,0.99950874,0.99961334,0.999619,0.99948347,0.99963105,0.99952644,0.99962085,0.9995658,0.9995706,0.9994692,0.9996042,0.99966645,0.9994384,0.99953985,0.99937516,0.999504,0.9996364,0.9995566,0.99955326,0.999599,0.9992694,0.9997003,0.99949974,0.9995749,0.99965227,0.9995747,0.9995345,0.9995084,0.9995526,0.9994212,0.999559,0.9994829,0.9996524,0.99954987,0.9994571,0.99960935,0.9991883,0.99916995,0.9993992
ipip240,0.9996382,0.99949586,0.9995504,0.99944794,0.99960047,0.9995322,0.99966383,0.99952453,0.9996168,0.9994658,0.9994903,0.99961734,0.99956876,0.9994983,0.99945676,0.99957037,0.9996304,0.99951434,0.9996503,0.9996327,0.99961764,0.99955606,0.9996385,0.9995801,0.99952024,0.999584,0.9994635,0.99964595,0.9995736,0.99956036,0.99956805,0.9996183,0.99944913,0.9996596,0.99971217,0.99963963,0.9996762,0.999729,0.9996261,0.9996689,0.99940777,0.99954057,0.99954885,0.99948066,0.999441,0.9995842,0.9995402,0.9994745,0.99964494,0.9995361,0.9995587,0.9992254,0.99955845,0.99950856,0.9993656,0.9994871,0.99934906,0.99949855,0.9994819,0.999601,0.99972785,0.999573,0.9997111,0.9995415,0.9995784,0.9995196,0.99967396,0.9996491,0.99958587,0.9995508,0.9997147,0.9996449,0.9993892,0.9995911,0.9996289,0.9990886,0.99948937,0.9995993,0.99956864,0.9996015,0.9995564,0.99969655,0.9994543,0.99968266,0.9996406,0.99976,0.999665,0.9995595,0.99958915,0.99962103,0.9995827,0.99970436,0.9996094,0.99940294,0.9994352,0.9993265,0.99967194,0.9994754,0.99943626,0.9993559,0.99958056,0.9996398,0.9996408,0.9995866,0.99970883,0.9993522,0.9996103,0.99938774,0.9996074,0.9996933,0.9997303,0.99953216,0.9995631,0.9996099,0.9997737,0.999648,0.9997048,0.99999803,0.99973196,0.9996219,0.99967,0.9994875,0.9996055,0.9996518,0.9996424,0.9994835,0.9995495,0.9995771,0.9994558,0.9994547,0.9997013,0.9993099,0.9994783,0.9995025,0.99968356,0.9996056,0.999511,0.99961,0.9996985,0.9996819,0.99973166,0.99961936,0.9995377,0.99959475,0.9996687,0.99937624,0.9996471,0.9996216,0.99947196,0.99960804,0.9996659,0.99958247,0.9995691,0.9993673,0.99973404,0.9996401,0.9996209,0.99962956,0.9993373,0.99970126,0.999474,0.9997925,0.99979377,0.9995643,0.9997465,0.99945277,0.9996498,0.99957395,0.99968255,0.9995798,0.9997052,0.9994611,0.9997131,0.99967647,0.99960387,0.9996663,0.99961233,0.99957454,0.9995455,0.99955904,0.99945503,0.9994714,0.999515,0.99952984,0.9994124,0.99946785,0.99962807,0.9996272,0.9996307,0.9994991,0.99967206,0.99964356,0.9996574,0.9996047,0.9996854,0.9997,0.9996572,0.99963975,0.99948144,0.99952376,0.9996048,0.99966824,0.9994514,0.9996615,0.9995719,0.99952215,0.9996586,0.99939454,0.9994892,0.99944943,0.9995299,0.9995167,0.99961084,0.99956626,0.99952066,0.9995158,0.9996047,0.9993603,0.99969506,0.9996682,0.9996914,0.9996269,0.9996602,0.99959534,0.9993787,0.9997301,0.9996711,0.999609,0.99927276,0.9994619,0.99959016,0.9995597,0.999661,0.99962157,0.9996842,0.99948394,0.99964,0.9996493,0.99969983,0.99953467,0.999677,0.99956316,0.9997034,0.99955213,0.9995496,0.9995782,0.9994996,0.9997219,0.9992293,0.9995629,0.9996992,0.9996992,0.9995261,0.999704,0.9996042,0.9996042,0.9995469,0.9996075,0.9994824,0.9996135,0.99965763,0.99944067,0.99952346,0.9993876,0.9995349,0.99963015,0.9996034,0.999601,0.99962354,0.9992801,0.9996854,0.9995028,0.99959236,0.9996419,0.9995912,0.99959683,0.9995833,0.9996046,0.9994634,0.9995967,0.99952567,0.9996591,0.9995468,0.9994915,0.99961346,0.9992158,0.99918234,0.99941385
ipip270,0.99968433,0.9995314,0.9995975,0.99947834,0.9996146,0.99953943,0.99969447,0.99955404,0.9996477,0.99949205,0.99949336,0.9996486,0.9995971,0.9995388,0.99943346,0.9995778,0.9996392,0.99955803,0.99965686,0.9996564,0.9996032,0.9996096,0.99961376,0.99958813,0.9994763,0.9996314,0.9995173,0.99962556,0.99959475,0.99960965,0.9995932,0.9996349,0.9994602,0.9996491,0.99973345,0.9995667,0.99968255,0.9997252,0.99962264,0.99966234,0.9994456,0.999586,0.9995357,0.9995185,0.9994567,0.9996043,0.9995213,0.99945027,0.99965614,0.9995343,0.9995702,0.9992688,0.9996099,0.9995479,0.9993855,0.9994962,0.99938893,0.9995496,0.9995367,0.99961364,0.9997018,0.9995376,0.9997142,0.99954623,0.99953157,0.99948955,0.99971443,0.99966323,0.9995953,0.9996102,0.99970067,0.99960184,0.99938536,0.99959207,0.99963015,0.9991241,0.99947566,0.9996143,0.99956876,0.9996124,0.9995545,0.9996983,0.99947155,0.9996986,0.99967647,0.9997442,0.9996747,0.9995398,0.9995194,0.99962944,0.99959856,0.99970114,0.99962807,0.99947065,0.9993648,0.9993374,0.9996609,0.9995382,0.9993615,0.9993735,0.9995769,0.99966615,0.9996742,0.9995868,0.9996818,0.99938107,0.9995985,0.99939466,0.99964124,0.9997444,0.99974924,0.9996063,0.99958247,0.9997934,0.9997862,0.9997097,0.99976206,0.99973196,0.99999714,0.99958855,0.9996583,0.9995249,0.9996238,0.9997322,0.9996283,0.9995159,0.9995783,0.99961096,0.9994919,0.9994887,0.999639,0.9992791,0.9994768,0.99948764,0.9996172,0.9996122,0.9994975,0.9995997,0.9997106,0.9996858,0.99973613,0.99964535,0.9995398,0.9996156,0.99968,0.99948233,0.9996338,0.99963266,0.99949926,0.999667,0.9996635,0.99958616,0.9993909,0.9993524,0.9997892,0.99958825,0.9995789,0.9995898,0.99942166,0.99977416,0.99944127,0.9997441,0.99973977,0.9995036,0.9997147,0.99940985,0.99963546,0.99949956,0.9996647,0.9995802,0.9996633,0.9994548,0.9997224,0.99963313,0.99963254,0.99969774,0.99963176,0.9995879,0.9995272,0.9995662,0.9994851,0.99950415,0.99952954,0.99955714,0.99945134,0.9994915,0.99966204,0.999652,0.9996599,0.9995174,0.99969363,0.99967945,0.9996944,0.99964195,0.9996868,0.9997364,0.99967504,0.9996462,0.9994844,0.9995123,0.9995929,0.999667,0.99949765,0.9997049,0.99957925,0.99949205,0.9996856,0.9993358,0.9995145,0.9994752,0.99955,0.9995653,0.99964136,0.9995571,0.9995243,0.99953485,0.99963105,0.99929124,0.99963653,0.9996356,0.99965185,0.9996619,0.9996953,0.9995974,0.99944216,0.9997527,0.99969614,0.9996312,0.99932575,0.99948806,0.9996092,0.9996067,0.99962664,0.99959797,0.99969596,0.9995085,0.9996175,0.99955386,0.9996774,0.9995175,0.9996429,0.9996018,0.999742,0.99955636,0.99960625,0.9996291,0.99949795,0.9996809,0.99921703,0.99952114,0.99964845,0.999651,0.99948597,0.99964833,0.9995616,0.9996362,0.999599,0.99957484,0.9995024,0.9996181,0.99971056,0.999528,0.999612,0.99942595,0.99953413,0.99963725,0.9995304,0.99955124,0.9995532,0.99927574,0.9996915,0.99951965,0.9996056,0.9996234,0.99958444,0.9995352,0.9995082,0.99956644,0.9994286,0.99962795,0.9995493,0.9996722,0.9995752,0.9995166,0.9996066,0.9992616,0.99918485,0.9994529
ipip300,0.99949205,0.9994284,0.9994208,0.99937063,0.9994736,0.9994411,0.9995254,0.99947697,0.99954623,0.9993711,0.99939936,0.99950635,0.99951714,0.99942935,0.9993779,0.9994361,0.99952626,0.9994467,0.9995527,0.9995607,0.99956214,0.9995323,0.9995834,0.9995136,0.99945676,0.9994563,0.9994035,0.99957174,0.9994543,0.99948376,0.9994932,0.99955016,0.9993855,0.9995565,0.99955773,0.9995322,0.9995211,0.9995399,0.99951524,0.99954367,0.99939436,0.99947876,0.9994865,0.99940187,0.9993583,0.99946004,0.9994794,0.9994045,0.9995233,0.99952066,0.99947053,0.9992363,0.99948114,0.9994731,0.9993424,0.9995058,0.99925447,0.99946177,0.9994199,0.9995092,0.99959296,0.99943566,0.99960697,0.9994439,0.9995117,0.999435,0.9995956,0.9994989,0.99950886,0.9994509,0.9995782,0.99959916,0.9993586,0.9995313,0.9995699,0.9992029,0.99945235,0.9995484,0.9995116,0.9995238,0.9994759,0.99962324,0.99941987,0.99952537,0.9995457,0.9995542,0.9995575,0.99949145,0.99939674,0.99950445,0.9994777,0.99954665,0.99954295,0.9993439,0.99928117,0.9993317,0.9994954,0.9994414,0.99930876,0.99937737,0.9995348,0.99959326,0.9995951,0.9995251,0.99959147,0.99939406,0.9994976,0.999361,0.9995971,0.99963266,0.9995971,0.9994303,0.9994724,0.99954516,0.9997186,0.9996488,0.99960685,0.9996219,0.99958855,0.9999973,0.9996367,0.9994667,0.9995234,0.99954146,0.9995087,0.9994225,0.9995868,0.99951833,0.9994011,0.9994115,0.99962217,0.9993551,0.9994709,0.9994299,0.9996115,0.9995416,0.9994137,0.99955225,0.9995961,0.999522,0.9995724,0.99955255,0.9994434,0.99951386,0.9995388,0.9994014,0.9995682,0.9995341,0.99942994,0.99952745,0.99963605,0.9996257,0.9994833,0.99936867,0.9995956,0.99960196,0.9995982,0.9995786,0.9993116,0.99957573,0.99945366,0.99962413,0.99952906,0.9994635,0.99952537,0.9993505,0.99955964,0.9995177,0.99952525,0.99944955,0.99954885,0.9993664,0.9995389,0.99955285,0.99950683,0.999569,0.99952465,0.99946195,0.99946207,0.99953556,0.9994533,0.9994178,0.9994737,0.9994583,0.9993475,0.99946177,0.9995495,0.9995636,0.9995648,0.9995649,0.99956113,0.9996108,0.9995875,0.9995241,0.9995844,0.99962586,0.99963737,0.9994959,0.9994947,0.9994861,0.99957633,0.9995114,0.9994277,0.99957615,0.9994777,0.99944264,0.99958944,0.9993093,0.9995121,0.9994017,0.9995078,0.9994639,0.9995061,0.9995229,0.9994873,0.9994625,0.9996305,0.9992326,0.9995423,0.99956995,0.9995992,0.99959713,0.99958193,0.99954545,0.9993795,0.99961174,0.99958,0.9995709,0.99929553,0.999481,0.99955714,0.9994584,0.9995518,0.99950004,0.9995805,0.9994352,0.9995593,0.9995473,0.9996188,0.99952245,0.999549,0.99953365,0.9996024,0.999457,0.99954605,0.9995353,0.99942136,0.99957705,0.9991516,0.9994919,0.99955297,0.9995616,0.99949753,0.999592,0.99952626,0.99952286,0.99946344,0.999518,0.99943054,0.99951357,0.9996003,0.99940103,0.99951315,0.9993766,0.9994521,0.9995733,0.99959797,0.9995378,0.9995937,0.9992688,0.99958265,0.99946964,0.99953306,0.9995537,0.9995167,0.9995677,0.9995278,0.9995122,0.99939406,0.9995213,0.9994566,0.9995763,0.9995227,0.99943775,0.99954706,0.9991682,0.9991655,0.9993436
ipip2,0.99968946,0.9995222,0.99958414,0.9994594,0.9995979,0.9994973,0.99970835,0.99952585,0.99963933,0.9994545,0.99946076,0.9995647,0.99960124,0.9994733,0.9994191,0.9995206,0.99961686,0.9995253,0.99963576,0.99958926,0.99972576,0.9995704,0.99965775,0.9995666,0.9994876,0.9995761,0.9994651,0.99970514,0.9995408,0.999548,0.9996585,0.999623,0.999411,0.9996191,0.99967057,0.9995681,0.99963564,0.9996886,0.9995827,0.99965453,0.9994445,0.999586,0.99954236,0.99946547,0.9994477,0.99960965,0.99955237,0.99945927,0.9996278,0.9995846,0.9995752,0.99928147,0.99959075,0.99952847,0.9993455,0.9995175,0.9993115,0.9994615,0.99949044,0.99957734,0.99970835,0.9995815,0.9997231,0.99949116,0.99957293,0.9995023,0.9996637,0.9996231,0.999556,0.99950224,0.9996804,0.9996166,0.9993445,0.999593,0.9995366,0.9990665,0.9994632,0.9995689,0.999561,0.99958515,0.99949807,0.9996935,0.9994787,0.99965435,0.9996062,0.9996706,0.99963796,0.9995067,0.99940956,0.9995602,0.99951357,0.99967176,0.9995708,0.9993873,0.99930245,0.9993766,0.99959344,0.99947894,0.999307,0.9993388,0.99959344,0.9996003,0.999663,0.9995663,0.99962264,0.9993728,0.99955857,0.9993371,0.99963176,0.9996556,0.99969304,0.99951965,0.99950224,0.9995709,0.99975085,0.9995646,0.9996654,0.99967,0.9996583,0.9996367,0.99999654,0.9997155,0.99970746,0.99974555,0.99966735,0.9995574,0.999611,0.999623,0.99945,0.9995216,0.99968004,0.9994272,0.9995138,0.99946654,0.99964267,0.99959874,0.9994505,0.99960893,0.9997037,0.99962753,0.9996799,0.99963653,0.9995536,0.9996073,0.9996315,0.9993934,0.99958503,0.9995871,0.99949807,0.9995988,0.999635,0.9995563,0.9994318,0.9993695,0.9997462,0.99960023,0.9995907,0.99961793,0.99935293,0.9996933,0.9994782,0.99968946,0.99961025,0.99950427,0.9996458,0.9993681,0.9996378,0.9995259,0.99965256,0.9995808,0.99968475,0.9994401,0.99967843,0.99968076,0.9996315,0.9996651,0.9995871,0.9995201,0.99953383,0.99961984,0.9994397,0.9995266,0.9995541,0.9995506,0.9993804,0.9996175,0.99968356,0.99968344,0.99969316,0.99949014,0.9996542,0.9996827,0.9996721,0.99965155,0.99966204,0.9997079,0.99963343,0.9996286,0.99945796,0.9995227,0.99957764,0.9995948,0.99944353,0.9996504,0.9995995,0.9995062,0.99971765,0.9992703,0.9995999,0.99946606,0.99959725,0.999517,0.9996558,0.9996197,0.9995491,0.9995352,0.9995938,0.9991695,0.99953806,0.99959666,0.99965674,0.99960625,0.9997244,0.999592,0.9993616,0.999679,0.9996935,0.999607,0.9992802,0.99944735,0.999605,0.99957615,0.9996214,0.9995939,0.99971235,0.99949473,0.99963456,0.99954134,0.9996723,0.9995031,0.99958485,0.99953365,0.99969393,0.9995248,0.99956477,0.9996134,0.99949026,0.9997027,0.9992328,0.99955446,0.99963945,0.99964464,0.9995026,0.9996459,0.9995673,0.99963194,0.9995712,0.9995924,0.9994704,0.99958694,0.9996883,0.99949896,0.9995414,0.9994133,0.9995301,0.99961364,0.9995981,0.9995727,0.99960697,0.99926263,0.99967676,0.9994951,0.99957514,0.99964005,0.9995562,0.99956286,0.9995452,0.9995953,0.9994429,0.9995638,0.99947214,0.9996483,0.99956864,0.9994376,0.9995984,0.9991864,0.9991762,0.99941474
ipip32,0.99956095,0.99943477,0.9994746,0.99935716,0.99946034,0.9993636,0.99957806,0.9994625,0.9995364,0.99934644,0.9993409,0.99943733,0.99949956,0.9993669,0.9993178,0.9993946,0.99951994,0.99944663,0.9994995,0.99948996,0.9995636,0.99949867,0.9995027,0.9994346,0.99935454,0.999473,0.9994281,0.9995472,0.9994638,0.9994496,0.9995254,0.99949014,0.99930465,0.9994747,0.99954337,0.9994227,0.9995252,0.9995441,0.9994947,0.9994829,0.9993762,0.99949,0.9993945,0.9993815,0.9993455,0.9994763,0.99942976,0.9993181,0.999492,0.99942356,0.99946135,0.99923086,0.99945146,0.9994558,0.9992751,0.99947035,0.9992094,0.9993877,0.999386,0.9994658,0.99953306,0.9994209,0.99955875,0.9993641,0.9994066,0.99936485,0.99955755,0.9994651,0.999413,0.9993953,0.9995155,0.9994981,0.99923277,0.999468,0.99939775,0.9990543,0.9993638,0.9994582,0.9994787,0.99948007,0.99934953,0.99953496,0.99933404,0.9994824,0.9994621,0.9995017,0.999483,0.99942476,0.9992746,0.9994321,0.9994228,0.99947256,0.99942696,0.99934274,0.99918926,0.9992954,0.9994311,0.9993867,0.9992089,0.99926376,0.99948514,0.99946487,0.99955845,0.99945265,0.9994707,0.9993232,0.99940646,0.9992372,0.9995239,0.99950254,0.99954563,0.9993649,0.99938357,0.9995217,0.999542,0.9994514,0.9995747,0.9994875,0.9995249,0.9994667,0.9997155,0.9999981,0.99961144,0.9996384,0.99955,0.99948454,0.9995471,0.99952334,0.9993607,0.99943006,0.99951804,0.9993405,0.99938536,0.99936926,0.9994919,0.99945974,0.99929386,0.99947786,0.99956435,0.99946654,0.9995135,0.99949545,0.9994762,0.9994629,0.99948484,0.99935937,0.99945366,0.9994395,0.9994229,0.99948394,0.9994601,0.9994219,0.9992667,0.9992592,0.9996445,0.99946046,0.99945277,0.99947697,0.9992869,0.99959856,0.9993751,0.9995312,0.99947256,0.99936557,0.99947524,0.9992655,0.99951804,0.9993565,0.9995152,0.9994576,0.999498,0.99936074,0.9995319,0.99952376,0.99950576,0.99954396,0.99945945,0.9994044,0.99940073,0.9995207,0.99937,0.9994685,0.9994731,0.9994934,0.9992931,0.99959993,0.9995588,0.9995695,0.99958175,0.9993709,0.99952847,0.9995713,0.99955523,0.99953175,0.9995345,0.9995531,0.9994955,0.9994678,0.9993525,0.999398,0.99943906,0.9994254,0.99931586,0.999533,0.99948704,0.99935806,0.99958026,0.99915636,0.9995007,0.9993947,0.99949074,0.99943453,0.9995294,0.9995292,0.9994736,0.9994465,0.9994579,0.9990763,0.9993832,0.9994515,0.9994769,0.9995105,0.99960023,0.9994468,0.9992499,0.9995225,0.9995682,0.9995163,0.9991909,0.9992914,0.9995025,0.99948823,0.99947643,0.9994384,0.9995899,0.9994335,0.9994774,0.9994383,0.9995154,0.9994184,0.9994629,0.9994398,0.99954045,0.99938864,0.999488,0.99948823,0.9993474,0.9995131,0.99915594,0.999414,0.9994818,0.9994839,0.9993845,0.9994866,0.9994489,0.9995276,0.9995088,0.99942154,0.99938244,0.99944603,0.9995836,0.9994557,0.99949294,0.99936366,0.99944264,0.9995065,0.9994417,0.9994015,0.99948376,0.9991677,0.99953204,0.99937594,0.999421,0.99951017,0.99945176,0.9994106,0.999414,0.999427,0.9993625,0.9994371,0.9993595,0.99951684,0.9994493,0.999323,0.9994967,0.99910074,0.99909335,0.99928904
ipip62,0.9996867,0.99958277,0.9996219,0.99953467,0.99962133,0.9995642,0.99971753,0.99956536,0.99971414,0.9995259,0.99945503,0.9995694,0.9995696,0.9994704,0.99948394,0.9994894,0.9996217,0.9995587,0.99960434,0.99956864,0.99970776,0.9995653,0.99963576,0.9996346,0.9995049,0.99959487,0.9995614,0.9997285,0.99955153,0.9995394,0.99961126,0.9996492,0.9994703,0.9995737,0.99963915,0.9995601,0.9996103,0.9996377,0.99957734,0.9996051,0.99952585,0.99964565,0.9995896,0.99943537,0.999572,0.9996451,0.9995811,0.9994885,0.9996051,0.99949396,0.9995901,0.9994389,0.999594,0.9995466,0.99944293,0.999557,0.99932593,0.9995209,0.99952877,0.99961674,0.9996702,0.99959713,0.99968046,0.9996005,0.99950165,0.9995363,0.99962264,0.99961376,0.999567,0.99952424,0.99966943,0.99960595,0.9994087,0.9996061,0.9995352,0.9990981,0.99943906,0.9995491,0.9996518,0.9996702,0.99948883,0.99963415,0.99942386,0.99961036,0.99959046,0.9996117,0.9995741,0.99951696,0.99938154,0.9995444,0.9995054,0.9996126,0.99953514,0.9993872,0.9993173,0.9993403,0.9995589,0.9995652,0.9993409,0.99936116,0.99953914,0.9996032,0.9995997,0.9995682,0.99958736,0.99945325,0.9995389,0.9993774,0.99962956,0.9996193,0.9996695,0.999486,0.99953884,0.9995218,0.99961895,0.9995553,0.9996023,0.9996055,0.9996238,0.9995234,0.99970746,0.99961144,0.9999976,0.9998402,0.9996056,0.9995384,0.999819,0.99966097,0.9995502,0.99951905,0.99965096,0.9994244,0.999587,0.999492,0.999605,0.99966174,0.99951684,0.99964,0.9997023,0.99962753,0.9996399,0.99960923,0.99954444,0.99958664,0.99962026,0.9994286,0.9995712,0.99959475,0.9995397,0.9996016,0.99962956,0.9995502,0.99939495,0.99940103,0.9996682,0.9996032,0.999584,0.999617,0.9993675,0.9996394,0.9995418,0.99970233,0.9995845,0.99951094,0.99961084,0.9993761,0.9996451,0.99953085,0.99962366,0.9995504,0.9996707,0.9994462,0.9996291,0.99960655,0.9995974,0.99963206,0.99962103,0.9995914,0.9996188,0.9996055,0.99948275,0.99955684,0.99964136,0.99959767,0.9994417,0.9995611,0.9996151,0.9996374,0.9996403,0.9995379,0.99959826,0.9996681,0.99964345,0.9996298,0.9996357,0.9996654,0.99970555,0.9996534,0.9995252,0.9995729,0.9995588,0.99969834,0.99960035,0.9996882,0.99987715,0.9995971,0.9997002,0.9993791,0.9996514,0.9995664,0.9998162,0.99950093,0.99965644,0.9997825,0.99964565,0.99959695,0.99956155,0.99924767,0.99952555,0.9995622,0.9996346,0.9995851,0.999675,0.9996135,0.9993813,0.99963725,0.999641,0.9996619,0.99949974,0.9994375,0.99964327,0.9996279,0.9996446,0.9996451,0.99967176,0.9995862,0.99957806,0.9995331,0.99963635,0.99952877,0.99956226,0.999563,0.9996411,0.9995127,0.99956614,0.9996087,0.99953854,0.99966633,0.9992734,0.99958485,0.99964315,0.9996393,0.99953705,0.99964947,0.999586,0.99962074,0.9996696,0.9996036,0.99951863,0.99959224,0.9996692,0.9995412,0.99958503,0.99947107,0.9995688,0.9996386,0.99957454,0.99957657,0.9995768,0.99942017,0.99968386,0.99957275,0.99956965,0.9996418,0.99961984,0.9995426,0.99954367,0.9995578,0.9995036,0.9995809,0.9995478,0.9996418,0.99959236,0.9995088,0.9996089,0.99926305,0.9992349,0.99941945
ipip92,0.9996927,0.9995652,0.99960685,0.9994911,0.9996076,0.99953043,0.9996877,0.99955934,0.9996798,0.9994816,0.9994552,0.99960697,0.9996082,0.99951506,0.99946773,0.999514,0.99965,0.99961436,0.9996507,0.99963015,0.9996945,0.99962133,0.99963677,0.99959564,0.9995034,0.9996232,0.99954927,0.99970305,0.9995767,0.9995671,0.9996249,0.99963266,0.9994613,0.9996074,0.99970084,0.99954927,0.99962354,0.99967104,0.99960256,0.99962246,0.9995073,0.99962604,0.9995838,0.9994754,0.9995208,0.9996361,0.9995798,0.9994795,0.99964625,0.99954295,0.99957365,0.9993457,0.99961656,0.99955505,0.9994185,0.9995396,0.9993259,0.99949896,0.9995233,0.999602,0.9997149,0.9996189,0.99977386,0.99957436,0.99953324,0.9995223,0.9996498,0.9995987,0.99957824,0.9995106,0.9996809,0.9995947,0.9993958,0.9996027,0.9995743,0.99906355,0.99944556,0.9995575,0.99962366,0.99965143,0.99952155,0.99965864,0.9994634,0.9996683,0.9996124,0.9996603,0.9995991,0.99953717,0.99944776,0.9995953,0.9995424,0.9996564,0.9995709,0.9994253,0.9993748,0.99937063,0.999601,0.9995234,0.99934864,0.99935347,0.99954516,0.9996192,0.9996288,0.9995881,0.99964285,0.99939317,0.99952537,0.9993472,0.999609,0.9996502,0.9996932,0.99953616,0.9995663,0.99955606,0.9996527,0.99962574,0.999635,0.9996518,0.9997322,0.99954146,0.99974555,0.9996384,0.9998402,0.99999577,0.999645,0.9995365,0.9997262,0.9996585,0.9995078,0.9995315,0.99964416,0.99943644,0.9995668,0.9995245,0.9995952,0.9996344,0.9994915,0.99960774,0.99970263,0.9996455,0.99969476,0.99966276,0.99959004,0.9996295,0.99967146,0.99947125,0.9996108,0.9995963,0.9995237,0.99962217,0.99961567,0.99954957,0.9994094,0.9994473,0.99974424,0.99960154,0.99957705,0.9996227,0.99941105,0.9996985,0.9995302,0.9997058,0.9996994,0.999501,0.99964416,0.9993749,0.9996351,0.999519,0.9996708,0.999598,0.9996456,0.99946874,0.99966186,0.99964786,0.99960244,0.99966097,0.99957365,0.99954104,0.9995455,0.9995712,0.9994442,0.9995496,0.9996239,0.99960023,0.99939877,0.999629,0.9996099,0.99963456,0.99963045,0.999507,0.9996081,0.99965954,0.9996416,0.9996362,0.99968183,0.9996866,0.9996466,0.99962443,0.99948245,0.99953675,0.9995477,0.99961585,0.9994716,0.9996545,0.9997634,0.99953616,0.9996992,0.9993218,0.99960816,0.99950904,0.9996884,0.9995142,0.9996521,0.9997577,0.99962854,0.9996144,0.9995662,0.9992112,0.99953043,0.9995726,0.99962246,0.99959826,0.99970484,0.9996126,0.9993785,0.9996484,0.9996439,0.9996342,0.9993756,0.9994155,0.9995911,0.9996786,0.99968475,0.9996274,0.999731,0.999605,0.9995897,0.99953747,0.9996273,0.99949586,0.9995838,0.99954736,0.9996621,0.9995126,0.99954706,0.9995984,0.9995144,0.99965745,0.9992502,0.9995655,0.99963045,0.9996269,0.9995101,0.9996349,0.9995716,0.9996058,0.99961436,0.99957526,0.99950683,0.9995956,0.9996617,0.99953043,0.9995574,0.99941957,0.9995183,0.99963075,0.99954766,0.9995516,0.99956024,0.99934727,0.999671,0.99952143,0.9995669,0.9996197,0.9996103,0.99954784,0.99952626,0.999579,0.99953884,0.9995671,0.9995147,0.9996438,0.99957144,0.999482,0.9996089,0.99923474,0.9992048,0.9994323
ipip122,0.9996233,0.99950254,0.9995122,0.99943614,0.9995967,0.9994948,0.99964046,0.99949193,0.999561,0.99942386,0.9994628,0.99954677,0.9995774,0.99944884,0.99935466,0.9995417,0.999642,0.99955755,0.99959487,0.9996475,0.99971825,0.9995725,0.999699,0.99956095,0.9994695,0.99958104,0.9994392,0.99967915,0.99952924,0.9995189,0.999536,0.99957365,0.99939024,0.9995711,0.9996879,0.9995443,0.99965835,0.99972725,0.9995864,0.9996049,0.9994252,0.9995316,0.9994742,0.99948305,0.9993872,0.99955654,0.9994671,0.9993895,0.9996192,0.9995145,0.999576,0.9992668,0.99957263,0.9995225,0.99933165,0.9994477,0.9993096,0.9994474,0.9994893,0.99955374,0.99966705,0.9994988,0.99965966,0.99944717,0.9994834,0.9994325,0.9996151,0.999574,0.99950093,0.99946856,0.999662,0.9996108,0.9993168,0.99956244,0.99948263,0.99903286,0.9994067,0.99951714,0.9995154,0.9995362,0.9994752,0.9996453,0.9994121,0.999632,0.9995897,0.9996698,0.99960846,0.9994958,0.9993988,0.99955267,0.99948496,0.9996496,0.9995697,0.99932384,0.99927163,0.9993009,0.99961174,0.9994507,0.9992462,0.99927235,0.9995296,0.99956983,0.9995765,0.9995186,0.9995833,0.9992737,0.99952906,0.9993569,0.9995488,0.9996428,0.999671,0.99945414,0.9994813,0.99950296,0.9996216,0.9995098,0.9996143,0.9996424,0.9996283,0.9995087,0.99966735,0.99955,0.9996056,0.999645,0.99999774,0.9994462,0.99953675,0.9995555,0.9994014,0.9994648,0.999641,0.99931127,0.99945974,0.9994642,0.9996523,0.9995577,0.99946266,0.99956477,0.99966633,0.99964076,0.9996762,0.99965066,0.9995355,0.9996171,0.9995989,0.9993968,0.99956155,0.9995337,0.99944365,0.9995547,0.99958795,0.9995016,0.99934417,0.99926513,0.99968016,0.9995436,0.9995182,0.9995602,0.99928993,0.99964535,0.999444,0.9996561,0.9996062,0.9994297,0.9996399,0.9993533,0.99961275,0.9994563,0.99966586,0.9995929,0.99967504,0.99947727,0.99970335,0.9997232,0.9995735,0.9996559,0.99956,0.9995216,0.9994598,0.9995259,0.9993729,0.9994368,0.9995124,0.999474,0.99933016,0.9994532,0.9995806,0.99959135,0.9996023,0.99948084,0.99959,0.99962187,0.99961513,0.9995729,0.9996198,0.99967515,0.99965274,0.99960756,0.9994994,0.9994639,0.99955696,0.99961936,0.9994108,0.9996623,0.9995316,0.99949425,0.9996196,0.9992096,0.9994691,0.9994094,0.9995019,0.9994688,0.9995609,0.99948514,0.9994594,0.99950653,0.9995141,0.9991197,0.99947566,0.99955297,0.9996192,0.9995483,0.9996098,0.9995299,0.99929696,0.99965817,0.9996209,0.99954337,0.99922705,0.9993824,0.99953806,0.99954015,0.9995646,0.99957126,0.9996528,0.9994592,0.9995451,0.99951,0.99963737,0.9994334,0.99956244,0.9995083,0.9996638,0.9994329,0.9994913,0.99952996,0.99946964,0.9996778,0.9991767,0.99952674,0.99959254,0.99959797,0.9994508,0.9995981,0.9995373,0.99955034,0.99957615,0.9995725,0.99944305,0.9995754,0.9996335,0.9994166,0.9995005,0.99935865,0.99949056,0.9995722,0.99952656,0.99949074,0.9995164,0.999188,0.9996357,0.999443,0.99950755,0.9995794,0.99950635,0.9995126,0.9995021,0.99950856,0.99936134,0.99953234,0.99944603,0.9996164,0.99947643,0.99941206,0.9995528,0.99916863,0.9991621,0.9993937
ipip152,0.99949026,0.9993891,0.99941564,0.9993465,0.9994213,0.999377,0.9995469,0.9994388,0.99961853,0.9993682,0.99935395,0.9994198,0.99949276,0.9993718,0.9993855,0.99941194,0.9994879,0.99944276,0.99947613,0.99948144,0.9994777,0.99942297,0.99947584,0.9995167,0.99939495,0.999437,0.9994488,0.9995154,0.9994418,0.9994575,0.9997106,0.9995361,0.9993988,0.9995007,0.99951136,0.9993947,0.99947685,0.9995021,0.9994863,0.9995004,0.9994036,0.99949145,0.99945927,0.99936146,0.9994104,0.99944806,0.9994458,0.99933106,0.99943906,0.99941033,0.99941266,0.9992339,0.9994135,0.9994156,0.9993972,0.99949926,0.99920666,0.99943084,0.99938655,0.9995297,0.99947125,0.99938345,0.9994921,0.99944526,0.9993661,0.999416,0.99950606,0.9994893,0.99948335,0.99940187,0.99949133,0.99943584,0.99932224,0.9994203,0.9993685,0.9989954,0.9993377,0.9994173,0.9995708,0.99957716,0.99939746,0.9995086,0.9992658,0.99946207,0.999415,0.9994871,0.9994721,0.99943715,0.99930763,0.99942875,0.99939775,0.99951357,0.9993967,0.9992344,0.9992044,0.9992815,0.9994457,0.99953336,0.99923706,0.9992654,0.9994036,0.9995227,0.99944365,0.99944913,0.9994414,0.9994655,0.9994049,0.99934065,0.9995651,0.9994869,0.99952006,0.99935675,0.99939376,0.99943525,0.9995047,0.9994256,0.9994939,0.9994835,0.9995159,0.9994225,0.9995574,0.99948454,0.9995384,0.9995365,0.9994462,0.9999979,0.99951965,0.9995035,0.9995066,0.9994867,0.99946606,0.99924123,0.9993644,0.9993779,0.99944186,0.99950594,0.99944025,0.9994563,0.99952644,0.9994943,0.9994855,0.99950695,0.99942994,0.99950826,0.9994589,0.9993211,0.9994624,0.9995227,0.99940956,0.9994975,0.9995743,0.9995088,0.9992562,0.9992466,0.9995192,0.9994641,0.99944,0.9994374,0.99923664,0.9995266,0.99933666,0.99953526,0.9994837,0.9994269,0.9994905,0.99926543,0.9994728,0.99940515,0.9994483,0.99939585,0.9994644,0.99928164,0.9994622,0.99949086,0.99970186,0.99951303,0.99944115,0.9994096,0.9994789,0.9994997,0.99939007,0.9995999,0.99946105,0.9996214,0.9992875,0.9993958,0.9995286,0.9995482,0.9995583,0.99948925,0.99951,0.99958223,0.999558,0.99968773,0.9995086,0.9995592,0.99951476,0.99948716,0.9994724,0.9994594,0.99944377,0.99948025,0.9993836,0.9995306,0.99946624,0.9994644,0.9996653,0.99927336,0.9995942,0.99945545,0.9994645,0.9993646,0.9996309,0.9995123,0.9995859,0.9994849,0.9994369,0.99912107,0.9993825,0.9994327,0.9994529,0.99947417,0.999547,0.99951524,0.9992686,0.9995362,0.9995172,0.9995184,0.99932486,0.99941945,0.999507,0.9994444,0.9994959,0.99946713,0.99951535,0.99942976,0.99946535,0.99938065,0.99946964,0.99940974,0.9994105,0.9993896,0.99950457,0.99944836,0.9994798,0.99953365,0.99933636,0.9994754,0.9991335,0.9993584,0.9995103,0.99951535,0.99940753,0.9995052,0.99944186,0.99946123,0.99945015,0.99946976,0.99936086,0.99952745,0.9995915,0.99957705,0.99944836,0.99932605,0.99944437,0.9994769,0.9994068,0.99949723,0.9994129,0.9991958,0.9995186,0.9994129,0.99950975,0.9995103,0.99951404,0.99941146,0.9994215,0.9994522,0.99935454,0.9994096,0.9994886,0.99949515,0.9995334,0.99944115,0.9995305,0.99913895,0.99909544,0.999277
ipip182,0.9995628,0.99952674,0.99950963,0.99945986,0.9995146,0.9994902,0.99967676,0.99960697,0.99973065,0.999483,0.9994101,0.9994742,0.9995564,0.99945664,0.9993952,0.99946404,0.9995854,0.99955493,0.99958026,0.99957323,0.99963605,0.9995416,0.99958986,0.99966156,0.9994338,0.99959105,0.9995628,0.9997431,0.9995429,0.9995254,0.9995237,0.9996677,0.99947757,0.99953717,0.99961007,0.9995069,0.99960536,0.999599,0.9995737,0.99955565,0.99959344,0.99966776,0.99950284,0.99942106,0.99953395,0.9995401,0.9995115,0.9993948,0.9995369,0.9994962,0.99955326,0.99946517,0.9995324,0.9996266,0.9994519,0.9996051,0.9992635,0.9995615,0.9994692,0.99960864,0.9995656,0.9994812,0.99958503,0.99947995,0.9994351,0.99942714,0.9996182,0.9995762,0.9995249,0.9995075,0.99956906,0.99956197,0.9993691,0.9995237,0.99946404,0.99920124,0.9994472,0.9995343,0.9996204,0.9996255,0.99944293,0.99959594,0.9993369,0.999522,0.9995427,0.9995488,0.9995605,0.9995303,0.99934953,0.9995185,0.99944663,0.9995302,0.9994593,0.99933654,0.9992744,0.99934,0.99947965,0.9995575,0.9993032,0.9993456,0.9994996,0.99956954,0.9995352,0.9995229,0.9995246,0.99953216,0.9995467,0.9993363,0.9996614,0.9995803,0.9996136,0.99940723,0.9994477,0.99950707,0.9996071,0.99952924,0.9995735,0.9995495,0.9995783,0.9995868,0.999611,0.9995471,0.999819,0.9997262,0.99953675,0.99951965,0.9999982,0.9996874,0.9995318,0.99956673,0.9995917,0.9994368,0.9995414,0.99946386,0.9995477,0.9996262,0.99945843,0.999653,0.99967986,0.9995542,0.9995496,0.99956405,0.99947935,0.999549,0.9995321,0.99945194,0.9995516,0.9995527,0.99957514,0.99960226,0.9996463,0.99958247,0.9993791,0.9993445,0.9995835,0.99954575,0.99954236,0.9995345,0.99930376,0.99962056,0.9995236,0.9996446,0.9995365,0.9994238,0.99952817,0.99935967,0.9996559,0.9994888,0.9995647,0.9994851,0.99956113,0.9993811,0.99957037,0.99955666,0.9995578,0.9995967,0.99963784,0.99959326,0.99965614,0.9996884,0.9995502,0.9995292,0.9995843,0.9995579,0.9994122,0.9994819,0.9996561,0.9996883,0.9996873,0.9996604,0.99960786,0.9996784,0.9996317,0.9995793,0.99959624,0.9996343,0.9997915,0.9996441,0.99961156,0.9995873,0.99960876,0.9996732,0.9996138,0.99966985,0.99970657,0.9995167,0.9997254,0.99944574,0.9997356,0.9996476,0.9997524,0.9995415,0.99961936,0.9996536,0.99965215,0.999511,0.9996545,0.99931365,0.9995474,0.99955064,0.99956787,0.9995789,0.9996236,0.99955565,0.9993564,0.99958503,0.999674,0.9997296,0.9995476,0.99941397,0.9997347,0.9995536,0.9995433,0.99952453,0.99959165,0.9995566,0.9995205,0.99947834,0.99959195,0.99952334,0.9995149,0.99955076,0.99960417,0.99948233,0.9995911,0.999608,0.99945223,0.9995706,0.9992855,0.99952865,0.9996129,0.9996117,0.9995812,0.99964404,0.99960417,0.99965113,0.9996839,0.999531,0.9994915,0.9995486,0.9996714,0.9995387,0.9996382,0.9995236,0.9996002,0.9995725,0.9995376,0.99952525,0.9995337,0.9992995,0.99964905,0.99958986,0.999494,0.99963087,0.99954545,0.99950105,0.9995041,0.99946916,0.99942404,0.9995281,0.9995021,0.9996369,0.99960643,0.99947363,0.99961877,0.9992323,0.9992662,0.9993498
ipip212,0.9996238,0.9995034,0.9995439,0.99944454,0.9995439,0.99947655,0.9997214,0.9995671,0.99968874,0.9994654,0.99945563,0.9995682,0.9995517,0.99946713,0.99943155,0.9994973,0.9995879,0.9995024,0.99960554,0.9996351,0.9995421,0.9995565,0.99958265,0.9995746,0.9994147,0.9995758,0.9995457,0.9995924,0.99960625,0.9995785,0.99948627,0.9996824,0.99942386,0.99954367,0.9996635,0.9995304,0.999609,0.9996446,0.9995738,0.9996021,0.99952227,0.9996529,0.9994719,0.9994424,0.9994481,0.9995228,0.99947935,0.99942064,0.9995614,0.99948853,0.9995554,0.9992968,0.9996061,0.9995454,0.999456,0.9995523,0.99931896,0.9995884,0.9995021,0.9995921,0.9996141,0.99947745,0.99960786,0.99945587,0.9994172,0.9994276,0.99961275,0.9995855,0.9995338,0.99952996,0.9996475,0.9995724,0.9993339,0.99958,0.9994981,0.9991007,0.9994494,0.9995591,0.9995706,0.99960196,0.9995061,0.99962795,0.99942684,0.9995987,0.9995864,0.9996259,0.9996079,0.99952644,0.99940485,0.99955916,0.99949104,0.9995675,0.9995142,0.9993487,0.99927205,0.99932504,0.99955004,0.999507,0.9993083,0.9993807,0.99949485,0.9995301,0.999564,0.9995158,0.9995791,0.9993922,0.9995465,0.99931484,0.99961627,0.9996881,0.99976915,0.9994819,0.9995228,0.99951965,0.9996069,0.99948806,0.99959755,0.9995771,0.99961096,0.99951833,0.999623,0.99952334,0.99966097,0.9996585,0.9995555,0.9995035,0.9996874,0.9999985,0.9995115,0.9995848,0.9996325,0.9993948,0.9995015,0.9994748,0.9995751,0.9996467,0.9994868,0.99968123,0.99984556,0.9996194,0.9996108,0.9995784,0.9994683,0.99957347,0.99958754,0.9994311,0.99958897,0.9995682,0.99957687,0.9996465,0.99956787,0.999499,0.9993622,0.9993272,0.99961996,0.9995409,0.99952275,0.99956894,0.9993385,0.99963,0.9994626,0.9996389,0.9995229,0.99943024,0.99961525,0.99939513,0.9996878,0.9994519,0.99956477,0.9994939,0.9995978,0.9994033,0.9996071,0.99956524,0.9995299,0.9996374,0.99957925,0.9995582,0.99957514,0.9995384,0.999443,0.9994735,0.9994964,0.99951875,0.999404,0.99948514,0.99957204,0.99959433,0.9995843,0.999477,0.9996014,0.9996498,0.999625,0.9995453,0.9995947,0.9996684,0.99961025,0.9996355,0.9994634,0.9995258,0.9995591,0.9995813,0.99947083,0.999637,0.99954146,0.99941987,0.9996255,0.9993078,0.99961346,0.9995579,0.9996079,0.9994834,0.9995538,0.999549,0.9995949,0.9994874,0.99956405,0.99918085,0.9994816,0.99958265,0.99959636,0.99961865,0.99965525,0.99955016,0.9993897,0.99964577,0.9996194,0.9996245,0.9993479,0.9993914,0.99958754,0.9995173,0.9995652,0.99955255,0.99962497,0.999446,0.99951977,0.999519,0.9996022,0.9994803,0.9995756,0.9995428,0.9996573,0.9994913,0.9995705,0.99957824,0.99946374,0.99963045,0.9992174,0.99953145,0.9996327,0.9996346,0.99955934,0.9996651,0.99960166,0.9995805,0.99956155,0.99952006,0.99947727,0.9995668,0.99966186,0.99948186,0.9995694,0.99947315,0.99950725,0.9996406,0.9995491,0.9995024,0.9995269,0.9993274,0.99970526,0.9995734,0.99951833,0.9996872,0.9995602,0.9995193,0.99950534,0.999499,0.9994183,0.9995197,0.99952954,0.9997865,0.99955446,0.9994977,0.9997399,0.99921733,0.9992552,0.9994003
ipip242,0.9994453,0.9994464,0.99938816,0.99941045,0.9994539,0.99942356,0.999498,0.99940497,0.99968183,0.99943435,0.9993831,0.9994222,0.99942124,0.9993991,0.99940854,0.99936515,0.99943215,0.99948186,0.99947196,0.9994572,0.9994494,0.9994386,0.9995267,0.99963117,0.9994202,0.99943954,0.99962723,0.9994682,0.9994321,0.99951226,0.9995078,0.99958056,0.99938047,0.99944973,0.99945563,0.9994643,0.9993819,0.9994532,0.99946046,0.9994539,0.99941933,0.99951863,0.99949026,0.9993083,0.99948174,0.99945027,0.99945766,0.99937004,0.9994324,0.99935544,0.99943906,0.99930626,0.9994414,0.99942875,0.9998392,0.99945104,0.99921936,0.99954116,0.9994103,0.999584,0.99946743,0.9994054,0.99944866,0.9995166,0.99935365,0.99941945,0.9994281,0.9995687,0.99952865,0.99954206,0.9995115,0.99949574,0.9993515,0.9994222,0.9993835,0.9990182,0.9992938,0.9993946,0.9997549,0.99977475,0.9994456,0.99947214,0.9992504,0.9994372,0.9994257,0.9994305,0.9994001,0.99944246,0.9993318,0.99940413,0.9993952,0.9994347,0.99936485,0.99922276,0.99924344,0.9991725,0.9994246,0.99976623,0.99926,0.9993397,0.9993531,0.9995545,0.99943095,0.9994499,0.99945575,0.9994335,0.9993846,0.9993723,0.9995172,0.99944156,0.99950737,0.99935067,0.9994043,0.999392,0.9994291,0.99944574,0.99942183,0.9994558,0.9994919,0.9994011,0.99945,0.9993607,0.9995502,0.9995078,0.9994014,0.9995066,0.9995318,0.9995115,0.99999785,0.999332,0.9994924,0.9992294,0.99944514,0.9994343,0.99944705,0.9995605,0.9994828,0.9995637,0.99951917,0.9994873,0.9994655,0.99949986,0.9994095,0.9995278,0.9994621,0.99929905,0.9994523,0.99955374,0.9995347,0.9994385,0.9995951,0.99953556,0.9993133,0.99926174,0.9994617,0.99950045,0.99950594,0.9994685,0.99919397,0.99944836,0.9993954,0.99955434,0.999377,0.9995053,0.9994925,0.9993502,0.99950325,0.99946433,0.9994436,0.9993459,0.99949336,0.99929374,0.99941695,0.99942774,0.9997209,0.9994734,0.9994322,0.9994285,0.9995214,0.9994141,0.9993874,0.9996655,0.9994573,0.99968165,0.9993873,0.99931556,0.99942696,0.99945414,0.99945456,0.9994832,0.9994386,0.9995695,0.9995269,0.99971807,0.99946153,0.99953735,0.9995017,0.99949056,0.9994813,0.9994887,0.999387,0.99946946,0.9994223,0.9995281,0.9995046,0.99956286,0.9995884,0.9993546,0.99954134,0.99948424,0.9995603,0.9993062,0.99969757,0.9995563,0.99971545,0.99949557,0.9994181,0.9992198,0.99936324,0.9994211,0.9995254,0.99949515,0.9994867,0.99956584,0.99934703,0.9995435,0.99940914,0.99950206,0.99941593,0.9994709,0.9994725,0.9993661,0.9994749,0.9994884,0.9994721,0.99939144,0.9994514,0.99941635,0.9995017,0.99943864,0.9994324,0.9994111,0.9994974,0.9995944,0.99947536,0.99952465,0.99943686,0.999531,0.99919355,0.99946713,0.99967927,0.99966514,0.999587,0.9996606,0.99963534,0.99941564,0.9994671,0.99958533,0.9993959,0.9995212,0.999556,0.9996575,0.9994766,0.99933755,0.99954695,0.9995046,0.99947435,0.9996633,0.9994905,0.9993229,0.99952877,0.9995905,0.9994993,0.99952084,0.9995711,0.99943155,0.99943554,0.9994315,0.9993599,0.9994579,0.9998337,0.9995282,0.9995062,0.9998006,0.99947613,0.999222,0.99917907,0.9992898
ipip272,0.9994845,0.99940825,0.9994001,0.9993143,0.9993887,0.99932265,0.99957365,0.99947417,0.9995641,0.9993323,0.9993088,0.9994135,0.99948734,0.9994333,0.99927014,0.9993995,0.9995434,0.99943274,0.99951553,0.9995342,0.999502,0.9994466,0.9994535,0.99946535,0.9993021,0.9994862,0.9993968,0.99957585,0.99949986,0.99946374,0.99941015,0.9994885,0.99931437,0.99944675,0.99954826,0.9993407,0.99955094,0.9995507,0.9995022,0.9995084,0.99937624,0.9994541,0.99935657,0.9993228,0.9993517,0.9994148,0.9993888,0.99927026,0.9994599,0.99945,0.99938536,0.99921125,0.9994295,0.99948,0.9992945,0.9994345,0.9991779,0.9994125,0.9993788,0.99943835,0.9994679,0.99935144,0.9994718,0.9993239,0.9993372,0.99930775,0.9995349,0.99942416,0.99938333,0.99936634,0.9994661,0.99941355,0.9992452,0.99940073,0.99939543,0.99903107,0.99936855,0.9994441,0.9994164,0.9994246,0.99933994,0.9995896,0.9992911,0.9994556,0.999434,0.9994802,0.9995006,0.9994816,0.9992781,0.9994458,0.9993492,0.99944085,0.99936336,0.9992352,0.9991875,0.99935925,0.99939495,0.99934727,0.99924046,0.9992401,0.9993818,0.9994289,0.99944097,0.9993807,0.9994206,0.9992674,0.99943674,0.99917823,0.99947006,0.99952817,0.99954206,0.9993525,0.9993817,0.9994213,0.99952126,0.9993819,0.9994901,0.9994547,0.9994887,0.9994115,0.9995216,0.99943006,0.99951905,0.9995315,0.9994648,0.9994867,0.99956673,0.9995848,0.999332,0.99999785,0.999422,0.99924636,0.9993152,0.9993793,0.9993841,0.99949986,0.99936205,0.999437,0.9995712,0.9994412,0.99945915,0.99948573,0.9993934,0.9994347,0.9994498,0.99936795,0.99956274,0.9994178,0.99938136,0.99956995,0.9994972,0.99945015,0.9992273,0.9992433,0.9994799,0.99940103,0.999385,0.99941075,0.9993237,0.9995046,0.99928087,0.99948627,0.9994227,0.99928033,0.9994387,0.9992096,0.9994523,0.99931043,0.99942213,0.99942124,0.99942017,0.9992835,0.9994629,0.9994754,0.99943423,0.99947983,0.99946195,0.9994046,0.9994055,0.99944216,0.99941033,0.9993609,0.99940586,0.9993806,0.9992716,0.9993214,0.9994971,0.99950504,0.9995154,0.99945205,0.9995012,0.9994901,0.9994761,0.9994439,0.99958706,0.9995041,0.99954176,0.99948865,0.99940395,0.99941266,0.99945796,0.99946463,0.9993721,0.99947757,0.99941784,0.9993152,0.99954814,0.9992114,0.9994871,0.9993904,0.9994555,0.99939656,0.9994312,0.99938357,0.99939954,0.9993817,0.9994812,0.9991637,0.9994384,0.99943364,0.9993939,0.9994485,0.99950373,0.9994203,0.99924153,0.9994943,0.9994873,0.99947375,0.99927646,0.9992688,0.9994914,0.99942017,0.999404,0.9994211,0.9994896,0.9993462,0.9993982,0.99932,0.99943864,0.9993452,0.99942183,0.9994098,0.9994828,0.99932253,0.99939364,0.9994335,0.99929374,0.99944,0.9991303,0.999335,0.9994324,0.99944603,0.9993238,0.9994417,0.9993688,0.9994953,0.99952394,0.9993634,0.99937123,0.9994394,0.99952626,0.99938804,0.9994607,0.99934703,0.99941,0.9994464,0.99936086,0.99935484,0.9993651,0.9991531,0.9994951,0.99935746,0.9993787,0.99945563,0.9994101,0.99934775,0.9993138,0.9993532,0.99929076,0.99936086,0.9993245,0.9995191,0.99941236,0.9992891,0.9994807,0.9990613,0.9990831,0.9992428
ipip7,0.9996451,0.99949354,0.9995382,0.99945664,0.9996333,0.9995353,0.99967897,0.9995238,0.99963754,0.99945337,0.99948686,0.9995998,0.99955934,0.99945706,0.9994514,0.9995039,0.9995962,0.9994819,0.99961025,0.9996011,0.99962616,0.99955785,0.9997587,0.99958324,0.99953675,0.9995625,0.9994723,0.99960107,0.99952364,0.9995164,0.9995612,0.9996791,0.9994647,0.9996491,0.99967223,0.99980366,0.9996016,0.99967325,0.99958146,0.9996705,0.99950594,0.9996186,0.99953914,0.9994672,0.99942803,0.9996129,0.99957794,0.9994889,0.99962455,0.99950457,0.9995956,0.9992366,0.99964774,0.9994939,0.9993969,0.99955493,0.99937445,0.99949,0.9995004,0.9996323,0.99967504,0.9995473,0.999679,0.9995308,0.99951816,0.9995092,0.9996378,0.9996275,0.9995737,0.9995094,0.99981695,0.9997453,0.99941003,0.9997411,0.9995284,0.9990756,0.99947476,0.999587,0.99959785,0.99962604,0.99953914,0.99966997,0.99944276,0.99963486,0.99961525,0.99968356,0.9996085,0.9994708,0.999399,0.99956286,0.9995581,0.9996748,0.99959755,0.9993726,0.9992591,0.9993138,0.99968386,0.9994695,0.9992778,0.9993325,0.99952775,0.99962246,0.99960953,0.9995852,0.9996249,0.99937344,0.99956053,0.999403,0.9996291,0.9996813,0.99972886,0.99951154,0.9995411,0.9995344,0.9996824,0.99964565,0.99965745,0.9997013,0.999639,0.99962217,0.99968004,0.99951804,0.99965096,0.99964416,0.999641,0.99946606,0.9995917,0.9996325,0.9994924,0.999422,0.9999972,0.99938273,0.99965245,0.99945337,0.99986935,0.9996781,0.99952066,0.99973875,0.9997639,0.99970466,0.9997052,0.99963015,0.999487,0.9996261,0.9996313,0.9993764,0.99962384,0.99960744,0.99952435,0.99957734,0.999651,0.99958414,0.99944866,0.9993577,0.99970996,0.99970967,0.9997058,0.99977463,0.99931914,0.9996772,0.9996587,0.9997902,0.99963444,0.99952745,0.9997154,0.99943674,0.9997554,0.9996034,0.9996666,0.9995527,0.9998124,0.9994616,0.99969465,0.9996696,0.9995829,0.9996576,0.9995834,0.9995594,0.9995558,0.99954283,0.9994257,0.9994438,0.99950266,0.99951124,0.99936503,0.9995101,0.99959785,0.99960643,0.99960274,0.99949354,0.9996311,0.9996529,0.99965316,0.99958754,0.9996492,0.9997063,0.99964166,0.9996703,0.9994692,0.99954736,0.99959755,0.9996231,0.9994554,0.99965954,0.9995907,0.9995472,0.99965453,0.9992654,0.99954146,0.9994536,0.9995769,0.99949306,0.9995873,0.99959576,0.9995648,0.99951124,0.99960923,0.99913096,0.999501,0.9996457,0.9998277,0.99963033,0.99965554,0.9995944,0.99935555,0.99971783,0.99965274,0.99963206,0.99923944,0.9994363,0.9996013,0.99954885,0.9996742,0.9996144,0.9996756,0.9994823,0.99965155,0.9997194,0.999807,0.9996238,0.99964005,0.9995374,0.9997064,0.999505,0.9995738,0.99959993,0.9995767,0.9998234,0.9992018,0.9997197,0.99971604,0.9997136,0.99959815,0.99976087,0.9996564,0.9995911,0.9995378,0.9996734,0.9995353,0.9996061,0.9996643,0.9994194,0.99953043,0.9993901,0.9995252,0.9997151,0.9997311,0.9996464,0.9997013,0.9993493,0.99976,0.9995882,0.99960726,0.9997181,0.9996271,0.9997119,0.9997185,0.9996411,0.99948543,0.99967253,0.99956435,0.9997152,0.99958795,0.9995384,0.9996507,0.99921936,0.99925613,0.9994452
ipip37,0.9992365,0.9992437,0.9992792,0.9991963,0.9992354,0.99920386,0.99928087,0.9992793,0.9993095,0.9991894,0.9991721,0.999258,0.9993541,0.99923396,0.9992392,0.9991889,0.9993361,0.9993477,0.9993235,0.99925834,0.99936724,0.9993091,0.99936026,0.99927944,0.9992725,0.99926525,0.999257,0.99936676,0.99926776,0.99927586,0.9992089,0.9992556,0.99911284,0.99927974,0.9993036,0.9992657,0.9993519,0.9993163,0.9992911,0.9992736,0.9991917,0.9993746,0.99928623,0.9991395,0.9992299,0.9992539,0.9992912,0.9993107,0.9993043,0.99926466,0.99925923,0.999134,0.9992322,0.9992469,0.99922675,0.9992849,0.9990152,0.99931115,0.9992019,0.9992538,0.99933314,0.9992394,0.9993559,0.9992147,0.9992748,0.9992632,0.9992766,0.99920785,0.99926025,0.9992221,0.9992654,0.99931866,0.9991136,0.99924177,0.99931574,0.99894625,0.99923605,0.9992807,0.9992823,0.99925494,0.99924695,0.9993341,0.99922913,0.99934125,0.9993762,0.9992372,0.99925375,0.99929976,0.999198,0.99924415,0.999221,0.99930245,0.9992337,0.9991084,0.99914795,0.9991498,0.99918664,0.9992021,0.99912167,0.9991868,0.9992603,0.99921983,0.9993102,0.99934465,0.999323,0.9991934,0.9992231,0.999047,0.99930835,0.9992358,0.9992727,0.9992067,0.9992421,0.9992408,0.999303,0.9993345,0.9992604,0.9993099,0.9992791,0.9993551,0.9994272,0.9993405,0.9994244,0.99943644,0.99931127,0.99924123,0.9994368,0.9993948,0.9992294,0.99924636,0.99938273,0.9999985,0.9993572,0.99929976,0.9992833,0.99926096,0.99913365,0.99929094,0.99931705,0.999199,0.9992702,0.9993471,0.99935734,0.99930257,0.9993192,0.99919623,0.99931085,0.9993048,0.99922687,0.9992901,0.9992998,0.9993361,0.99939173,0.9992681,0.99928045,0.999319,0.9993342,0.9992857,0.99910176,0.99924797,0.9993595,0.9993096,0.99929434,0.9991944,0.99920326,0.9990899,0.99928004,0.9993517,0.99925715,0.9992629,0.9992417,0.99923086,0.9992511,0.9993595,0.9992198,0.9992976,0.99925745,0.9992023,0.9992847,0.9992576,0.9992292,0.9991934,0.9992948,0.99923414,0.9991236,0.99928766,0.9992555,0.9992716,0.99927044,0.99931234,0.9992696,0.99931514,0.9992658,0.99923444,0.9993007,0.9993063,0.99930745,0.99919975,0.99924505,0.9992896,0.99927974,0.9991935,0.9992246,0.99925,0.99926746,0.9991824,0.99927616,0.9991031,0.99939257,0.9992318,0.9993472,0.9991919,0.9992212,0.9993244,0.99932927,0.9992682,0.99932516,0.9990529,0.99922895,0.9993204,0.99931896,0.99926746,0.9992728,0.9993187,0.9991241,0.9992364,0.9992303,0.9993062,0.9991348,0.99911577,0.9993,0.9992006,0.99929774,0.99926716,0.9992626,0.99922055,0.9992955,0.99926454,0.9993157,0.99928945,0.9992757,0.99937636,0.99925125,0.9992352,0.99927,0.9992647,0.999231,0.99928826,0.9990276,0.9992798,0.99929845,0.9992949,0.9993294,0.9993234,0.99934226,0.9992907,0.9992776,0.9992887,0.9992842,0.9992815,0.99929947,0.99920964,0.9992808,0.9992104,0.99921954,0.9992894,0.99939954,0.9993485,0.9993553,0.9990716,0.9992578,0.9992245,0.99925804,0.9992878,0.9992712,0.9993113,0.99933416,0.99928963,0.9993041,0.99931145,0.99924123,0.9993383,0.9992681,0.99923694,0.99932283,0.99898785,0.9990918,0.999109
ipip67,0.99944603,0.9994063,0.9994147,0.99936897,0.9994825,0.99941814,0.9994676,0.9994057,0.9995078,0.9993635,0.9993536,0.9994922,0.9994594,0.9993882,0.9993774,0.99937254,0.9994677,0.9994301,0.9995015,0.99945056,0.9995241,0.99945873,0.9996536,0.9994551,0.9994122,0.9994035,0.999411,0.99948967,0.9994006,0.9994172,0.9994343,0.9994789,0.9993194,0.9994558,0.99946165,0.9995967,0.9994086,0.9994481,0.99943906,0.99948204,0.9995028,0.9994825,0.99947816,0.99929947,0.9993919,0.9994546,0.99944913,0.99936384,0.9994706,0.99943686,0.99945116,0.9992597,0.99954236,0.99941033,0.999359,0.9994498,0.9992497,0.99941057,0.99939555,0.9994528,0.99952644,0.99946606,0.99952316,0.9994229,0.9994124,0.9994174,0.9994447,0.9994243,0.99943185,0.9993849,0.9996046,0.9996024,0.99933237,0.9995685,0.99950165,0.99904597,0.9993499,0.99942803,0.9994908,0.9995083,0.99946207,0.99949837,0.99931306,0.99945444,0.99950624,0.99946654,0.99941987,0.99940544,0.9993308,0.99940455,0.999432,0.9994809,0.99943274,0.9992964,0.9992528,0.99923414,0.9994242,0.99941933,0.9992315,0.9992933,0.99938816,0.9994541,0.99947876,0.9994702,0.9995143,0.9993477,0.99939245,0.99931514,0.9994991,0.9994671,0.9995117,0.99937165,0.9994654,0.99941444,0.999482,0.99958134,0.9994699,0.9994783,0.9994768,0.9994709,0.9995138,0.99938536,0.999587,0.9995668,0.99945974,0.9993644,0.9995414,0.9995015,0.99944514,0.9993152,0.99965245,0.9993572,0.99999684,0.999505,0.999585,0.99962354,0.99942726,0.999528,0.9995529,0.99949944,0.99950445,0.9995485,0.9994022,0.9995002,0.99952143,0.9993682,0.99947953,0.9994361,0.999422,0.9994534,0.9994784,0.9994872,0.99943304,0.99931085,0.9994939,0.99959654,0.99962234,0.99960303,0.9992384,0.9994593,0.9999148,0.9996775,0.99942666,0.99943244,0.999492,0.9993163,0.9995315,0.99946016,0.9994708,0.9994024,0.9995565,0.99936795,0.99944943,0.9994852,0.999435,0.9994517,0.9994085,0.99939084,0.9994259,0.99939495,0.99938375,0.9993758,0.999408,0.99942666,0.99926966,0.999418,0.99940616,0.9994217,0.99942416,0.99945617,0.99942917,0.9994763,0.99945086,0.9994412,0.9994684,0.9994955,0.99949026,0.99944985,0.9994071,0.99942327,0.99939454,0.999418,0.99941695,0.999469,0.9994952,0.9994313,0.9994981,0.99924874,0.9994686,0.9993842,0.9995278,0.99932384,0.9994303,0.99952483,0.9994928,0.9994371,0.99945164,0.99912447,0.9993902,0.9994795,0.99961936,0.99944454,0.999472,0.99948466,0.9992622,0.99946976,0.999428,0.9995024,0.9992646,0.9993077,0.9994508,0.9994331,0.9994988,0.99945784,0.999492,0.99940604,0.99946064,0.99953187,0.9995967,0.9995808,0.9995084,0.9994978,0.9994614,0.99939674,0.99944335,0.9994491,0.9995117,0.99959177,0.99917924,0.99962795,0.99953073,0.99952507,0.99952054,0.999551,0.9995447,0.99945384,0.9994232,0.9995775,0.9994871,0.99947625,0.99948007,0.99937963,0.9994075,0.99930406,0.99940175,0.99957657,0.99963105,0.99953556,0.999614,0.9993708,0.9995362,0.9994609,0.99950844,0.99950504,0.999522,0.9995923,0.99958545,0.9994379,0.99939,0.9995887,0.999465,0.999516,0.999448,0.9994385,0.9994899,0.9991734,0.99921113,0.9993149
ipip97,0.9994611,0.9994502,0.9995025,0.99934214,0.9994285,0.9993878,0.9994453,0.99946886,0.99950314,0.99934244,0.99933136,0.99943626,0.9994836,0.99949116,0.99935955,0.9993661,0.9995086,0.99946433,0.9995065,0.99956614,0.99953514,0.99950296,0.99953455,0.9994868,0.99938136,0.9994203,0.9994379,0.99950993,0.99944687,0.9994572,0.99940914,0.99942654,0.99926144,0.99941146,0.9995046,0.99937254,0.99942744,0.9994577,0.999465,0.9994346,0.9993329,0.99942255,0.9994068,0.99930775,0.99939954,0.9994246,0.9994096,0.999344,0.9994814,0.99945873,0.9994086,0.9992704,0.99947333,0.9994311,0.9994163,0.9993656,0.9992124,0.9993933,0.9994053,0.99941087,0.9995489,0.99959105,0.9995443,0.99943334,0.99941605,0.9994464,0.99945843,0.99942064,0.9994565,0.9994343,0.99946195,0.9994791,0.99932337,0.9994158,0.9995118,0.9990425,0.99935156,0.9994363,0.9994586,0.99946773,0.99945056,0.99949795,0.9992867,0.9994699,0.999473,0.99943876,0.9994192,0.9995601,0.99943566,0.9994482,0.9993968,0.99947643,0.99946743,0.999361,0.9993817,0.99930453,0.9993991,0.9994356,0.9992631,0.9993608,0.9994193,0.99945176,0.99951226,0.99944824,0.9995608,0.9993154,0.99938685,0.9992884,0.99949235,0.99949217,0.9995041,0.9993938,0.9994518,0.9994337,0.9994786,0.9994552,0.9994772,0.9995025,0.99948764,0.9994299,0.99946654,0.99936926,0.999492,0.9995245,0.9994642,0.9993779,0.99946386,0.9994748,0.9994343,0.9993793,0.99945337,0.99929976,0.999505,0.9999979,0.99942327,0.99945503,0.999363,0.9994044,0.9994765,0.9994304,0.9994988,0.9995899,0.99950755,0.99954873,0.99954593,0.9994018,0.9994818,0.9994535,0.9993755,0.9994828,0.9994824,0.9994359,0.99945945,0.99936634,0.99946845,0.99945325,0.9994739,0.9994276,0.9993265,0.99944746,0.99944633,0.9994953,0.99940324,0.99937606,0.99944216,0.9992587,0.99941397,0.9993857,0.9994763,0.9993932,0.9994315,0.99931103,0.99943435,0.9994756,0.99941546,0.9994281,0.9994092,0.9993666,0.99937886,0.9993644,0.99940586,0.9993773,0.99938804,0.99942243,0.9993113,0.9993759,0.9993794,0.9993956,0.9994028,0.9993756,0.99941075,0.9994294,0.9994168,0.99943346,0.9994527,0.99945605,0.9994345,0.99938554,0.99935806,0.9993878,0.9993573,0.99938536,0.99939007,0.99942124,0.99942195,0.99940646,0.9994609,0.9992883,0.99943876,0.9993865,0.99942833,0.99932003,0.9994315,0.9994606,0.9994337,0.99945474,0.99939066,0.99923277,0.9994557,0.99940354,0.9994511,0.99941856,0.9994353,0.99948925,0.99929434,0.9994433,0.9993796,0.9994716,0.9992905,0.9993002,0.99941194,0.99940056,0.99948096,0.9994532,0.9994921,0.9993759,0.9994092,0.9993926,0.99945676,0.99941546,0.9994834,0.9995052,0.99943453,0.99938005,0.99939764,0.99943966,0.9994295,0.99945575,0.9991861,0.9994138,0.9994793,0.9994723,0.9994032,0.99947697,0.9994597,0.9994237,0.99945974,0.9995118,0.9994413,0.99949104,0.9994478,0.99938756,0.99939996,0.99926,0.999372,0.9994554,0.99944496,0.99948716,0.99952054,0.99930537,0.9994531,0.99936944,0.99941385,0.9994192,0.9994944,0.9994456,0.99940515,0.9993865,0.9993358,0.99943954,0.9994321,0.999471,0.99942046,0.99941075,0.999447,0.9991523,0.9991891,0.999297
ipip127,0.9996277,0.99949014,0.9995139,0.9994373,0.9996227,0.9995209,0.999661,0.99953645,0.9996055,0.999431,0.9994912,0.9995759,0.99955124,0.99942726,0.99940544,0.99949634,0.9995724,0.9994911,0.9995875,0.99959284,0.99960464,0.99954045,0.9997382,0.9995583,0.999501,0.9995327,0.99944717,0.9995747,0.9994935,0.99948883,0.99953085,0.99966174,0.99946976,0.99960583,0.99965227,0.9997703,0.99958813,0.99966663,0.9995685,0.9996539,0.99949527,0.999604,0.99949825,0.9994583,0.9993948,0.99958676,0.99951905,0.9994539,0.99959606,0.99946684,0.9995873,0.9992276,0.999621,0.9994785,0.99935794,0.99952465,0.9993629,0.99946594,0.99947757,0.99960357,0.99965054,0.9995088,0.9996467,0.9994835,0.9994938,0.99946773,0.9996275,0.9996132,0.99953055,0.99949193,0.9997867,0.9997152,0.9993891,0.9997162,0.9995001,0.999064,0.999444,0.999544,0.99956644,0.9995905,0.99950314,0.99965495,0.9994301,0.99961394,0.9995876,0.9996626,0.9995974,0.99945265,0.9993816,0.99954665,0.9995249,0.9996495,0.99957556,0.9993491,0.9992429,0.9992859,0.9996597,0.9994344,0.9992494,0.99929756,0.9995225,0.9996073,0.999583,0.9995527,0.999597,0.99933416,0.99953485,0.99938434,0.9995952,0.99966186,0.9997071,0.9994826,0.9995114,0.9995256,0.99965674,0.99962866,0.9996444,0.99968356,0.9996172,0.9996115,0.99964267,0.9994919,0.999605,0.9995952,0.9996523,0.99944186,0.9995477,0.9995751,0.99944705,0.9993841,0.99986935,0.9992833,0.999585,0.99942327,0.99999744,0.99962604,0.999481,0.99969167,0.9997124,0.9996711,0.999673,0.9995905,0.9994641,0.999589,0.99959445,0.99935716,0.9995858,0.99956375,0.99950033,0.9995582,0.9996181,0.99953693,0.9993966,0.99930197,0.99969083,0.9996589,0.9996525,0.99971586,0.99929905,0.9996539,0.999568,0.9997547,0.9995931,0.9995066,0.9996803,0.99943686,0.9997158,0.9995466,0.9996714,0.99953383,0.99980193,0.9994262,0.9996806,0.99965864,0.99956137,0.99964243,0.99957854,0.9995532,0.99952465,0.9995246,0.9993992,0.9994234,0.9994639,0.99948055,0.99936974,0.99948096,0.99957746,0.999587,0.9995908,0.9994433,0.99960506,0.99963725,0.9996387,0.9995679,0.99962014,0.9996887,0.9996103,0.9996583,0.9994267,0.999504,0.99956423,0.9996138,0.9994402,0.9996416,0.9995592,0.9995414,0.99962896,0.9992498,0.999506,0.9994321,0.99952614,0.99947584,0.99957466,0.9995502,0.9995198,0.9994791,0.9995487,0.999143,0.999494,0.9996036,0.999792,0.999592,0.99962664,0.999559,0.9993292,0.9997032,0.9996375,0.999591,0.99922085,0.9994149,0.9995698,0.99952483,0.9996079,0.9995766,0.99965215,0.9994426,0.999608,0.9996788,0.99979043,0.9995776,0.99961567,0.99949723,0.99969363,0.99947286,0.9995429,0.99957,0.9995492,0.99979657,0.9992054,0.9996808,0.9996894,0.99969834,0.9995688,0.99973166,0.99963385,0.9995569,0.9995234,0.99964,0.9995007,0.9995808,0.999648,0.9993921,0.9995227,0.9993547,0.9995246,0.99968934,0.9996964,0.9995972,0.9996676,0.99930155,0.9997509,0.9995789,0.99957454,0.9996995,0.9995805,0.999654,0.99967265,0.99957526,0.9994076,0.99963754,0.99951804,0.9996842,0.99955267,0.99949425,0.99960476,0.99920964,0.9992166,0.99942625
ipip157,0.99959785,0.99950415,0.99951804,0.999472,0.99959105,0.999534,0.9996407,0.9994937,0.9996493,0.9994952,0.9994514,0.9995874,0.9995578,0.99948597,0.9994282,0.99949765,0.99955916,0.9995017,0.9995873,0.9995589,0.9995803,0.9995345,0.9996771,0.9995747,0.999453,0.9995441,0.9995208,0.9995982,0.9995407,0.9995614,0.9995673,0.99963963,0.9994407,0.999563,0.9996178,0.9996435,0.9995534,0.999601,0.99956375,0.9996013,0.9995469,0.99960506,0.9995443,0.99943525,0.99949944,0.99957246,0.9995155,0.9994076,0.99955165,0.99950916,0.9995545,0.99930567,0.999639,0.9994888,0.99948466,0.9995674,0.99938214,0.99952805,0.9995623,0.9996122,0.999617,0.9995155,0.9996174,0.9995214,0.99946463,0.99947953,0.9995707,0.9995792,0.99953514,0.9994941,0.9997331,0.99969864,0.9994652,0.9996472,0.9995382,0.99908555,0.99943966,0.9995435,0.9996212,0.99965733,0.99953306,0.99963456,0.99940616,0.99960953,0.9996059,0.9996165,0.9995742,0.9995007,0.9994251,0.99952966,0.99953955,0.9996021,0.9995232,0.99932396,0.9992868,0.99930465,0.9996128,0.9995311,0.99932283,0.99932194,0.9994933,0.9996004,0.99956876,0.99955446,0.9995971,0.9994239,0.99953115,0.9994108,0.99958414,0.99962896,0.9996818,0.9995262,0.9995713,0.9995045,0.999613,0.9996244,0.9995879,0.9996056,0.9996122,0.9995416,0.99959874,0.99945974,0.99966174,0.9996344,0.9995577,0.99950594,0.9996262,0.9996467,0.9995605,0.99949986,0.9996781,0.99926096,0.99962354,0.99945503,0.99962604,0.99999714,0.9997229,0.9996544,0.9997232,0.99970233,0.99963975,0.9996164,0.9994553,0.9996104,0.99960107,0.99942714,0.99959165,0.99958175,0.99956703,0.9995784,0.99962765,0.99956876,0.99940896,0.9993258,0.99962527,0.9997396,0.99971926,0.999709,0.9993537,0.99961704,0.9995781,0.99976605,0.9995343,0.9995207,0.99967337,0.99940014,0.9996769,0.9994958,0.9995848,0.99950975,0.9996632,0.9994447,0.9996109,0.99956393,0.9995998,0.9996146,0.99955577,0.9995483,0.99954075,0.9995335,0.9994299,0.9994902,0.999533,0.99953747,0.9993709,0.99944746,0.9995753,0.99958885,0.99958843,0.9995307,0.9995825,0.99963725,0.9996346,0.9996006,0.9996205,0.99966127,0.99965924,0.99964887,0.9995149,0.9995171,0.9995226,0.9996043,0.99946946,0.99964684,0.9996233,0.999522,0.9996471,0.9993174,0.99955815,0.99949044,0.99965477,0.99944973,0.9995843,0.99958813,0.99956775,0.99952656,0.9995751,0.99918276,0.9994935,0.99957967,0.99970996,0.99957716,0.9996067,0.99957037,0.99938595,0.9996435,0.9996031,0.9995838,0.9993383,0.999431,0.99957246,0.9995463,0.9995978,0.99959075,0.9996156,0.9994754,0.9995502,0.9995844,0.9997172,0.9996653,0.99960303,0.9995619,0.9996606,0.999502,0.9995738,0.9995653,0.999548,0.99971056,0.9992464,0.99964255,0.99967915,0.9996832,0.99956065,0.9996875,0.99960154,0.9995693,0.9995252,0.99957925,0.99953574,0.9996201,0.9996525,0.9994768,0.9995156,0.99937505,0.99952245,0.9997478,0.9996612,0.999583,0.9996495,0.99955034,0.9997016,0.9995923,0.9995873,0.9996477,0.99961317,0.999644,0.999615,0.9995139,0.9994471,0.9996257,0.9996001,0.99965805,0.9995509,0.9995617,0.99962264,0.99925053,0.99921894,0.99942225
ipip187,0.99948066,0.99939615,0.9993844,0.9993409,0.999467,0.99946886,0.9995001,0.9993766,0.9995495,0.9993542,0.9993708,0.9994725,0.99944806,0.9993909,0.99937814,0.99939895,0.9994816,0.99941164,0.9994721,0.999478,0.99949586,0.99943805,0.99952567,0.9995288,0.99943185,0.9994282,0.9994187,0.9995017,0.9994391,0.9994395,0.9994903,0.999518,0.99934405,0.9994957,0.9995079,0.9994838,0.9994461,0.9995189,0.99948114,0.99950016,0.9993823,0.9994193,0.9994326,0.9992981,0.9993839,0.9994527,0.9994185,0.99933195,0.99944067,0.99939406,0.9994448,0.99918246,0.9994558,0.9993661,0.99944454,0.99935025,0.99924904,0.999428,0.9994419,0.99949634,0.9995069,0.99937445,0.9994945,0.99946463,0.99937296,0.99943066,0.99945855,0.99948585,0.9994814,0.999409,0.99957937,0.9995275,0.99946624,0.99946946,0.9994022,0.9989648,0.99936867,0.9994697,0.9995173,0.99955904,0.99948794,0.9995241,0.9992678,0.99951345,0.9994626,0.99951035,0.9994607,0.999401,0.99934655,0.99941885,0.9994263,0.99950796,0.9994351,0.9991824,0.9991776,0.99918216,0.9995683,0.99945235,0.999227,0.9992349,0.99936926,0.9995406,0.99944425,0.99949306,0.9994883,0.999322,0.999425,0.9994941,0.99949175,0.9995071,0.9995493,0.9993948,0.99943954,0.99937725,0.9994823,0.9994441,0.99947405,0.999511,0.9994975,0.9994137,0.9994505,0.99929386,0.99951684,0.9994915,0.99946266,0.99944025,0.99945843,0.9994868,0.9994828,0.99936205,0.99952066,0.99913365,0.99942726,0.999363,0.999481,0.9997229,0.9999976,0.9994795,0.999566,0.99967957,0.99954385,0.999541,0.999383,0.99961644,0.9995025,0.99928707,0.99951106,0.99952394,0.9993973,0.99943423,0.9995651,0.99947935,0.99928284,0.99922967,0.9995111,0.9995516,0.99952614,0.9995097,0.9992797,0.99949265,0.99938405,0.9995841,0.99943626,0.99945796,0.99961954,0.9993004,0.9995057,0.99945134,0.999474,0.9993735,0.99953395,0.9993042,0.9994982,0.9994668,0.9995317,0.99946773,0.99944586,0.99945796,0.99944997,0.9994069,0.9993176,0.99942124,0.9994317,0.9994754,0.9992498,0.99927664,0.99945474,0.9994675,0.9994659,0.99942327,0.99947244,0.9995076,0.99950427,0.99954486,0.99952114,0.99952596,0.9995296,0.9995231,0.9994151,0.9994299,0.99943376,0.999552,0.9993896,0.9995107,0.999505,0.9994774,0.9995551,0.99927455,0.99942666,0.999427,0.9994704,0.99933094,0.99951404,0.99945295,0.99945766,0.99948883,0.99942523,0.9990756,0.9993822,0.99947697,0.999548,0.99942905,0.99947226,0.99953634,0.9992508,0.9995261,0.9994723,0.9994689,0.99927706,0.99940145,0.9994472,0.9994232,0.9994954,0.99952894,0.99948573,0.9993678,0.9994811,0.9994233,0.99954545,0.9994865,0.9994615,0.9994247,0.9995171,0.9993997,0.9994301,0.99947333,0.9994102,0.99956065,0.9990708,0.99945414,0.9995225,0.9995278,0.99937713,0.99952704,0.9994197,0.999409,0.99942786,0.999489,0.9993703,0.99958646,0.9995051,0.9993804,0.9993605,0.999222,0.99937916,0.9995089,0.99947554,0.9995414,0.9994799,0.9992651,0.9995355,0.9994173,0.99947244,0.9994755,0.99948865,0.99944794,0.9994274,0.99945605,0.99932826,0.99945945,0.9995345,0.99951,0.999433,0.99950683,0.99944675,0.99914783,0.99907684,0.9993153
ipip217,0.99958825,0.9994514,0.99949914,0.9994021,0.9995453,0.99948007,0.9996839,0.99951935,0.9996493,0.9994325,0.9994551,0.99953496,0.99951136,0.99940526,0.9994062,0.9994571,0.9995504,0.9994458,0.9995561,0.9995824,0.99956375,0.99951243,0.9996283,0.9995649,0.9994208,0.9995274,0.99948895,0.999601,0.9994992,0.9995243,0.9995054,0.99979573,0.9995025,0.99955267,0.99962866,0.9996172,0.9995757,0.9996292,0.99953824,0.99959606,0.9995979,0.9996816,0.99948394,0.9994368,0.9994071,0.99953467,0.9994811,0.9993999,0.9995331,0.99945307,0.9995439,0.9992632,0.9996074,0.9995073,0.99948126,0.99957824,0.99930465,0.99953705,0.9994688,0.9997235,0.99960726,0.99946636,0.99961436,0.9994539,0.99942714,0.9994362,0.99961835,0.99976754,0.9995377,0.9996475,0.9997033,0.9996505,0.99936694,0.99963975,0.999478,0.9991065,0.9994418,0.99954784,0.9996664,0.99968463,0.9994685,0.9996087,0.99937475,0.9995583,0.99954414,0.99961793,0.999573,0.9994703,0.9993743,0.9995262,0.9994777,0.9995943,0.99950993,0.99930674,0.9992521,0.9992865,0.9995962,0.999541,0.99929595,0.99932057,0.99949145,0.99954504,0.9995542,0.9995157,0.9995534,0.9994151,0.99953336,0.99934745,0.999622,0.9996428,0.9997041,0.99943507,0.9994777,0.9995092,0.99962586,0.99953073,0.9996153,0.99961,0.9995997,0.99955225,0.99960893,0.99947786,0.99964,0.99960774,0.99956477,0.9994563,0.999653,0.99968123,0.9995637,0.999437,0.99973875,0.99929094,0.999528,0.9994044,0.99969167,0.9996544,0.9994795,0.9999973,0.99982405,0.99965256,0.9996144,0.99954784,0.9994367,0.9995429,0.9995574,0.9993808,0.9995561,0.9995712,0.99974424,0.9995478,0.9996167,0.9995221,0.9993516,0.9993265,0.9996347,0.99959725,0.9995887,0.9996643,0.99929994,0.9996388,0.9995417,0.99967533,0.9995294,0.99948746,0.99963164,0.9994407,0.99981123,0.9994724,0.99957365,0.9994765,0.99966353,0.9993805,0.99961084,0.99956274,0.99960345,0.9996218,0.99957895,0.99955696,0.9995694,0.9995824,0.99941945,0.99951416,0.9994914,0.9995659,0.9995163,0.99947655,0.9995935,0.9996175,0.99960715,0.9994759,0.99960095,0.99966216,0.99963653,0.9996107,0.9995837,0.99968356,0.99962175,0.9996889,0.99944204,0.99953026,0.99954426,0.99960405,0.99948174,0.99964195,0.99956286,0.99947476,0.99964285,0.99930525,0.9995822,0.99951947,0.99959797,0.9994721,0.99960685,0.99956834,0.99964315,0.99946576,0.99955994,0.99928266,0.9994899,0.9995582,0.9996598,0.99960434,0.9996201,0.9995239,0.9993788,0.9996827,0.9996424,0.9996594,0.99938387,0.99951124,0.99961936,0.9995135,0.9995949,0.9995481,0.99962246,0.9994736,0.99953735,0.9995536,0.9996543,0.9995074,0.99952614,0.9994896,0.99966115,0.9995722,0.9995536,0.99959165,0.9994767,0.99970376,0.99921954,0.99959445,0.99977696,0.99977404,0.99969876,0.9998361,0.99972254,0.9995649,0.99953383,0.99954456,0.99945575,0.9995455,0.99965626,0.99947894,0.9995442,0.99940914,0.9996667,0.9996874,0.99961734,0.99958384,0.9995798,0.999334,0.9997735,0.9997911,0.9995127,0.9997386,0.9995621,0.99957466,0.9995764,0.9995048,0.9994307,0.9995461,0.99959946,0.9997199,0.999587,0.9995617,0.9996824,0.9992087,0.99923444,0.9994003
ipip247,0.9997202,0.999532,0.9995977,0.99948364,0.99964446,0.99953675,0.9997952,0.9995915,0.9997332,0.99949133,0.999528,0.99965876,0.9996021,0.9995014,0.99946135,0.9995688,0.99965245,0.9995159,0.9996687,0.9996952,0.9996334,0.9996184,0.9996699,0.9996328,0.99948454,0.99963045,0.9995311,0.9996629,0.99962115,0.9995971,0.99960274,0.99976027,0.9995217,0.9996543,0.9997687,0.9996495,0.9996808,0.9997458,0.9996334,0.9997126,0.999584,0.9996907,0.9995601,0.9995294,0.99945337,0.9996092,0.9995415,0.99946964,0.99964505,0.9995374,0.9996317,0.9992753,0.99969465,0.99957997,0.999434,0.9995782,0.9993905,0.9995843,0.99954134,0.9996693,0.99971396,0.9995494,0.99971795,0.99954325,0.9995039,0.99948424,0.9997172,0.9996829,0.9996015,0.99955875,0.999792,0.999685,0.9993811,0.99968815,0.99955547,0.99910265,0.9994987,0.9996321,0.99964064,0.99969035,0.9995748,0.999728,0.99949294,0.9997034,0.9996734,0.99975914,0.9996944,0.99953705,0.9994715,0.9996379,0.9995723,0.9997102,0.9996068,0.99938405,0.9992933,0.99934465,0.99969923,0.99952596,0.99934536,0.99934775,0.9995681,0.9996609,0.9996489,0.99959505,0.99966466,0.999391,0.9996277,0.99938977,0.9996705,0.9997952,0.99987936,0.9995606,0.99958223,0.9995817,0.99971974,0.99956864,0.9997162,0.9996985,0.9997106,0.9995961,0.9997037,0.99956435,0.9997023,0.99970263,0.99966633,0.99952644,0.99967986,0.99984556,0.99951917,0.9995712,0.9997639,0.99931705,0.9995529,0.9994765,0.9997124,0.9997232,0.999566,0.99982405,0.9999971,0.9997668,0.9997464,0.9996553,0.9995076,0.9996449,0.99966085,0.999456,0.9996687,0.9996384,0.99961346,0.9996847,0.99969244,0.99959403,0.9993961,0.99936604,0.9997654,0.99964225,0.9996269,0.99969137,0.99937034,0.99975973,0.9995457,0.99975246,0.9996229,0.99951124,0.9997563,0.9994601,0.9998302,0.9995244,0.99967587,0.9995767,0.9997394,0.99947286,0.99974656,0.9996733,0.99963593,0.9997323,0.99966925,0.99963546,0.99963355,0.99962807,0.9994793,0.999523,0.9995615,0.9995729,0.99943805,0.9995462,0.999671,0.9996933,0.99968106,0.99952817,0.9996954,0.99973315,0.9997254,0.9996563,0.99970263,0.99979675,0.9996997,0.99973774,0.9995002,0.999554,0.99963254,0.999688,0.9994815,0.99973774,0.9996123,0.9995046,0.99973935,0.99932504,0.9995879,0.9995642,0.9996232,0.9995686,0.9996545,0.9996186,0.99961525,0.99953485,0.9996424,0.9991634,0.9995507,0.9996645,0.999726,0.99970037,0.9997446,0.9996079,0.9994144,0.99977463,0.99974835,0.99969155,0.9993032,0.99947053,0.99965644,0.9996207,0.99967253,0.99963486,0.9997369,0.9995234,0.9996337,0.9996074,0.9997318,0.999545,0.99965906,0.9995734,0.99979454,0.9995393,0.9996261,0.9996422,0.99953544,0.99977875,0.9992345,0.9996291,0.9997313,0.99973446,0.9996088,0.9997751,0.9996539,0.99964803,0.99960876,0.99961936,0.9995074,0.99964124,0.99973994,0.99949026,0.9995911,0.9994494,0.9995543,0.99973893,0.99963844,0.9995852,0.9995985,0.9993422,0.99982536,0.99961454,0.999625,0.99977857,0.9996229,0.9996057,0.9995895,0.99961376,0.99948967,0.999607,0.99958056,0.9998457,0.9996062,0.9995441,0.9997843,0.9992425,0.99923277,0.9994568
ipip277,0.99967414,0.99951905,0.9995328,0.99946177,0.9996426,0.9995708,0.9996966,0.9995473,0.99965703,0.9994604,0.99946666,0.9996183,0.99955505,0.9994784,0.999424,0.99952865,0.99961245,0.99947464,0.999612,0.9996416,0.9996073,0.99957746,0.9996299,0.99962413,0.99953586,0.9995882,0.9994716,0.999602,0.9995555,0.9995512,0.99960846,0.9996551,0.9994414,0.9996599,0.99970955,0.99964935,0.99960935,0.999699,0.9996015,0.999685,0.99943507,0.99954766,0.99953836,0.9994747,0.99942714,0.9995968,0.99952453,0.9994605,0.9996177,0.9994768,0.9996095,0.9992309,0.9996406,0.9995121,0.99940956,0.99948204,0.9993769,0.9994907,0.9995013,0.9996203,0.99968547,0.99951315,0.9996991,0.9995729,0.9995039,0.9994858,0.99965465,0.999658,0.99962115,0.99952924,0.99979705,0.99965316,0.99945885,0.99967575,0.99950486,0.9990229,0.9994377,0.9995683,0.99957585,0.99964267,0.99956745,0.9996838,0.9994164,0.99968535,0.99964404,0.99972844,0.99964565,0.9994704,0.9994198,0.99958247,0.99956554,0.9996932,0.99959904,0.99935305,0.99924225,0.99926615,0.99979806,0.9994992,0.9992837,0.99930847,0.9994915,0.99966335,0.9995811,0.9995843,0.99965066,0.99936754,0.9995913,0.9995111,0.9996266,0.9997131,0.9997612,0.9995651,0.9995663,0.99951977,0.99966025,0.99952465,0.9996598,0.9996819,0.9996858,0.999522,0.99962753,0.99946654,0.99962753,0.9996455,0.99964076,0.9994943,0.9995542,0.9996194,0.9994873,0.9994412,0.99970466,0.999199,0.99949944,0.9994304,0.9996711,0.99970233,0.99967957,0.99965256,0.9997668,0.9999971,0.9997495,0.9996328,0.9994562,0.99973637,0.9996539,0.99937457,0.99966925,0.99966234,0.9994714,0.99960166,0.9996857,0.999567,0.9993712,0.9992974,0.9997399,0.9996448,0.99961054,0.99970007,0.9993379,0.99972254,0.9994759,0.99972475,0.999592,0.99951327,0.99986684,0.9993809,0.9997272,0.99955094,0.999704,0.99953985,0.9997307,0.9994389,0.9997276,0.9996617,0.99963176,0.9996683,0.9996001,0.99961686,0.9995469,0.99955195,0.99941224,0.9994673,0.9995611,0.99954814,0.99934286,0.9994634,0.99961805,0.99963176,0.99962616,0.99949485,0.9996482,0.9996701,0.999683,0.9996388,0.99970156,0.99972546,0.9996829,0.9996804,0.9994915,0.9995226,0.9996021,0.9997233,0.9994956,0.99970484,0.999605,0.999557,0.9996906,0.9992799,0.9995047,0.9994639,0.9995492,0.9995105,0.99962157,0.9995724,0.999518,0.9995123,0.99955744,0.9990873,0.9994904,0.9996121,0.9996925,0.99959475,0.99967235,0.99960965,0.9993193,0.9997197,0.9996714,0.9996126,0.9992568,0.9994765,0.999581,0.9996207,0.99964416,0.999634,0.99970114,0.99954116,0.9996397,0.9996034,0.9997007,0.99955356,0.9996237,0.9995575,0.9997409,0.9995091,0.9995836,0.99961376,0.9995398,0.99976337,0.99920785,0.99962986,0.99965954,0.9996663,0.9994667,0.99966055,0.9995371,0.9995785,0.9995659,0.99962026,0.99948883,0.9996814,0.9996882,0.99943334,0.99951386,0.9993777,0.99948853,0.999694,0.9995897,0.9996298,0.9995744,0.9992913,0.999736,0.99951935,0.9996053,0.9996551,0.9996271,0.9995717,0.99957556,0.99962544,0.99942154,0.9996062,0.9995919,0.999697,0.9995796,0.9995632,0.99963444,0.9992593,0.9991753,0.9994327
ipip12,0.99970275,0.9995108,0.999559,0.99945706,0.9996454,0.99956024,0.9996986,0.9995283,0.9996565,0.9994521,0.9994868,0.9996919,0.9995911,0.9995103,0.99947375,0.99957454,0.99968636,0.9995142,0.99973977,0.9996624,0.99965155,0.999613,0.99964964,0.99961907,0.9995422,0.9996229,0.99946135,0.99963427,0.99961877,0.99967533,0.9996057,0.9996505,0.99946797,0.99968874,0.999742,0.9996257,0.9996496,0.9997164,0.99966055,0.99972665,0.9994494,0.9995654,0.9995503,0.9995232,0.99943763,0.9996203,0.99956447,0.99948895,0.99965966,0.9995593,0.9995995,0.9992033,0.9996074,0.9995238,0.99935573,0.9994586,0.99939585,0.9994977,0.9995381,0.9996201,0.99975836,0.9995869,0.9997768,0.9996108,0.9995618,0.9995465,0.9996863,0.99965864,0.99963003,0.99954,0.9997806,0.9996606,0.9993991,0.999621,0.99956995,0.99906564,0.9994801,0.9996227,0.9995538,0.999616,0.9995987,0.9997521,0.99950695,0.9997321,0.9996788,0.99977225,0.9996896,0.9995464,0.99948466,0.999632,0.99964046,0.9997502,0.99968415,0.999429,0.99934715,0.9993273,0.99974746,0.99949735,0.9993415,0.9993539,0.9995749,0.9997099,0.99967897,0.9996716,0.9997395,0.9993635,0.999609,0.9994479,0.99965566,0.9997537,0.99978137,0.9995867,0.99963194,0.9995932,0.9997111,0.99957407,0.99972075,0.99973166,0.99973613,0.9995724,0.9996799,0.9995135,0.9996399,0.99969476,0.9996762,0.9994855,0.9995496,0.9996108,0.9994655,0.99945915,0.9997052,0.9992702,0.99950445,0.9994988,0.999673,0.99963975,0.99954385,0.9996144,0.9997464,0.9997495,0.9999972,0.9997175,0.9995155,0.99966544,0.999878,0.9994743,0.9997085,0.9996544,0.99946904,0.9996483,0.99968946,0.99960583,0.9994372,0.99938333,0.99978095,0.99969494,0.99968237,0.99963,0.9993812,0.99974966,0.99946034,0.9997284,0.9996455,0.9995373,0.99977267,0.9993865,0.9996682,0.99958706,0.9997011,0.99958473,0.9997428,0.9994982,0.99975353,0.9996827,0.9996101,0.9996963,0.9996111,0.99961007,0.99952805,0.9995571,0.99944794,0.99945664,0.9995139,0.9995217,0.9993717,0.9995144,0.999638,0.9996455,0.9996462,0.999496,0.99969006,0.99967927,0.99969596,0.9996217,0.99974465,0.9997588,0.99967164,0.9996783,0.9994786,0.99953455,0.9996,0.99969137,0.99945194,0.9997043,0.99961746,0.9995563,0.99969393,0.99929774,0.99950886,0.9994593,0.9995509,0.99953747,0.99962556,0.99959594,0.99950844,0.9995701,0.99959475,0.9991114,0.99954283,0.9996646,0.9997047,0.9996412,0.99968934,0.9996333,0.999387,0.9997607,0.99968296,0.9996396,0.99926496,0.9994814,0.99959624,0.9996274,0.9996983,0.99967057,0.9997517,0.9994987,0.99964845,0.9995755,0.9996908,0.9995042,0.9996414,0.99955827,0.9997546,0.99950993,0.99957067,0.99960387,0.9995315,0.99975675,0.9991659,0.9995631,0.99967015,0.9996705,0.9994795,0.99967295,0.9995547,0.99958694,0.99956733,0.999632,0.9994781,0.9996483,0.9996938,0.99942,0.99952155,0.99934465,0.9994821,0.9996506,0.99957067,0.9995895,0.99960506,0.9992871,0.99973345,0.9995183,0.99960387,0.9996503,0.99962074,0.9995758,0.9995414,0.99963766,0.999494,0.9995812,0.9995298,0.9996795,0.9995558,0.9995102,0.99961144,0.99922156,0.99915045,0.9994479
ipip42,0.99963546,0.9995447,0.99953187,0.99946517,0.99957615,0.99950916,0.9996153,0.99953127,0.99963135,0.9994501,0.9994624,0.99960744,0.99962884,0.9995347,0.99947417,0.99954116,0.9996538,0.9995701,0.9996427,0.9996476,0.9996531,0.99960434,0.9997081,0.9996012,0.999531,0.99958396,0.999476,0.9996316,0.99956506,0.9995414,0.99955803,0.9996114,0.9994117,0.9996038,0.9996672,0.99954295,0.9996036,0.9996421,0.9996007,0.99960774,0.99942863,0.9995198,0.9995413,0.99943125,0.99948144,0.99955,0.999533,0.99945855,0.9996025,0.99953836,0.9995489,0.99928063,0.99958843,0.99952304,0.9994079,0.9995017,0.9993375,0.99958,0.99950993,0.9995853,0.9996896,0.99955976,0.99968654,0.9995359,0.9995468,0.9995631,0.99962443,0.9995744,0.9995807,0.9995101,0.99966973,0.9996495,0.99941725,0.9995644,0.99957776,0.999101,0.99946266,0.9995666,0.9995446,0.99957156,0.99974185,0.99966764,0.99944556,0.99964374,0.999621,0.99964845,0.99959886,0.9995779,0.99946344,0.99956787,0.9995528,0.99966097,0.99958473,0.99938446,0.99934953,0.99940413,0.9995883,0.9995356,0.99932945,0.99938875,0.99952555,0.99961287,0.9996409,0.99958295,0.9996618,0.99942267,0.9995225,0.9994528,0.99965405,0.99965006,0.99967986,0.9995149,0.9995587,0.9995302,0.99963033,0.99959296,0.99963534,0.99961936,0.99964535,0.99955255,0.99963653,0.99949545,0.99960923,0.99966276,0.99965066,0.99950695,0.99956405,0.9995784,0.99949986,0.99948573,0.99963015,0.9993471,0.9995485,0.9995899,0.9995905,0.9996164,0.999541,0.99954784,0.9996553,0.9996328,0.9997175,0.9999978,0.99958307,0.9997472,0.99968404,0.99954706,0.9996241,0.9995918,0.99946845,0.9995977,0.99962586,0.9995677,0.9994404,0.99941814,0.99965596,0.9996321,0.9996264,0.9995876,0.9993587,0.9996259,0.9994857,0.9996595,0.999554,0.9995413,0.9996409,0.9993601,0.999566,0.999542,0.9996063,0.9995314,0.99962395,0.9994629,0.9996138,0.9996374,0.9995622,0.99959356,0.9995394,0.9994999,0.99949193,0.9995072,0.9994237,0.9994522,0.9995164,0.9995021,0.9993443,0.99948126,0.9995566,0.9995634,0.9995605,0.9994842,0.9996045,0.99959993,0.99959433,0.99958354,0.9996407,0.9996489,0.99960107,0.99956155,0.9994612,0.99951005,0.99952704,0.9995686,0.9994798,0.99959224,0.9995487,0.9995044,0.9996348,0.9993384,0.9995759,0.99946594,0.9995342,0.9994685,0.99957156,0.9995672,0.99952346,0.99957377,0.9995518,0.9991977,0.99950045,0.99958783,0.99964285,0.99955505,0.99962384,0.99964625,0.9993548,0.9996435,0.9995745,0.9995725,0.9993552,0.9994525,0.9995484,0.9995468,0.99963284,0.99961954,0.999649,0.99947643,0.9995806,0.99950546,0.99963653,0.9995098,0.9995578,0.9995671,0.99962795,0.999496,0.99951,0.9995968,0.99951977,0.9996479,0.999196,0.9995325,0.99961126,0.9996087,0.9994858,0.99960876,0.9995407,0.99954927,0.9995621,0.9996152,0.9995061,0.9997677,0.9996048,0.9994508,0.9994916,0.99933887,0.99947166,0.99957967,0.99959356,0.9995915,0.9996379,0.999329,0.999621,0.99948597,0.9995477,0.99957377,0.9995851,0.99959403,0.99953896,0.99956906,0.9994554,0.9995701,0.999521,0.99961627,0.999565,0.9995012,0.99957633,0.9992414,0.9991984,0.9994221
ipip72,0.99951494,0.9994734,0.999511,0.9993987,0.9994669,0.99942017,0.9995022,0.9994709,0.9995302,0.99939907,0.9993968,0.9994741,0.99956864,0.9994885,0.99944794,0.9994393,0.99957603,0.9994782,0.99954873,0.99955636,0.9995769,0.99950206,0.9995319,0.9994576,0.9993954,0.99946177,0.9994311,0.9995823,0.9994616,0.9994319,0.9994759,0.9995518,0.99932635,0.9994561,0.9995477,0.99941784,0.99951595,0.9995386,0.9994831,0.9994685,0.9993519,0.99950993,0.9993967,0.99935,0.99941427,0.99946046,0.9994268,0.9994068,0.9995108,0.9994408,0.99941266,0.9992326,0.99945045,0.9994432,0.9993751,0.9994007,0.9992504,0.99940926,0.99944234,0.9995311,0.99959,0.9994665,0.9995594,0.9994352,0.9994377,0.9995232,0.9995001,0.99945647,0.9994357,0.9994531,0.99949515,0.99946445,0.99930865,0.999427,0.99949217,0.99908286,0.99932337,0.99942136,0.9994727,0.9994825,0.9994202,0.999537,0.9993367,0.9995171,0.9994842,0.99951035,0.9994819,0.99961615,0.99944544,0.9994562,0.99941117,0.99945635,0.99952,0.99931383,0.99930865,0.9992689,0.9994544,0.99943775,0.99928236,0.9992599,0.99949336,0.99945086,0.99952847,0.9994428,0.9995191,0.9993296,0.9994,0.9993149,0.9995331,0.9995204,0.9995286,0.9993849,0.999443,0.9994866,0.99952203,0.9994676,0.9995064,0.9995377,0.9995398,0.9994434,0.9995536,0.9994762,0.99954444,0.99959004,0.9995355,0.99942994,0.99947935,0.9994683,0.9994095,0.9993934,0.999487,0.99935734,0.9994022,0.99950755,0.9994641,0.9994553,0.999383,0.9994367,0.9995076,0.9994562,0.9995155,0.99958307,0.99999714,0.9996684,0.99954456,0.9993893,0.9994483,0.99946904,0.99939895,0.9994741,0.99945176,0.99940115,0.9993115,0.9994043,0.99953645,0.9994434,0.9994374,0.99943155,0.999305,0.9994885,0.99937063,0.9995303,0.999441,0.99945676,0.99947906,0.9993268,0.9994548,0.99936235,0.99948025,0.999448,0.9994669,0.99934953,0.9994888,0.999503,0.99947786,0.9994745,0.99944067,0.99938524,0.999406,0.99938893,0.9993574,0.9994425,0.99940217,0.99946934,0.999334,0.99945813,0.9994424,0.99945384,0.9994541,0.99937433,0.999469,0.99949056,0.99947804,0.9994948,0.99948233,0.9995084,0.9994598,0.9994312,0.9993479,0.9993992,0.99939936,0.99941885,0.9993344,0.9994771,0.9994646,0.9993808,0.9995166,0.99928474,0.99946237,0.9993945,0.9994533,0.99935937,0.9994956,0.99950296,0.99946856,0.9995461,0.9994377,0.99921817,0.99947613,0.9994394,0.9994846,0.99945104,0.99958706,0.99958,0.9993042,0.9994955,0.9994513,0.9994569,0.9992831,0.9994149,0.9994199,0.99944633,0.99959815,0.99951446,0.99956113,0.9993989,0.99943936,0.9994016,0.9994863,0.9993982,0.9994529,0.99943304,0.9994785,0.9994162,0.99942285,0.99948937,0.99938357,0.9994946,0.9991708,0.99939877,0.9995051,0.99950695,0.999422,0.99950504,0.99947613,0.9994347,0.9994932,0.9994561,0.9993909,0.9994805,0.99950135,0.9994522,0.9994218,0.99926955,0.999413,0.9994598,0.99943334,0.9994347,0.9994724,0.9992285,0.99949646,0.999402,0.99940896,0.9994725,0.99945486,0.999448,0.99941427,0.9994144,0.99946505,0.9994602,0.99941885,0.9995001,0.99944896,0.99940485,0.9994629,0.99917567,0.99914396,0.9993391
ipip102,0.99962753,0.9995698,0.9995363,0.9995012,0.9996098,0.9995317,0.9996419,0.999606,0.9996723,0.9995084,0.99947995,0.9995445,0.9996598,0.99954736,0.9994766,0.99953455,0.99963635,0.99953866,0.9996374,0.9996522,0.99960953,0.9996122,0.99965906,0.99964696,0.9995314,0.99957377,0.99952906,0.99961126,0.99952555,0.99949396,0.9995621,0.99959797,0.9994228,0.99960095,0.9996717,0.999566,0.9995705,0.9996616,0.99958676,0.999624,0.9993905,0.9995072,0.9995379,0.99941087,0.9994999,0.99958247,0.9995498,0.9994614,0.9995984,0.9994768,0.99958134,0.99929804,0.9996004,0.99952465,0.99947894,0.99948806,0.9993737,0.9994957,0.99952894,0.99958867,0.9996517,0.9995187,0.99964684,0.999558,0.99948305,0.99953234,0.9996079,0.9995737,0.9995772,0.999519,0.99966085,0.9995963,0.9994523,0.9995579,0.9994998,0.999019,0.9993838,0.9995158,0.9995535,0.99959207,0.999581,0.9996249,0.9993873,0.9996179,0.999585,0.9996406,0.9995724,0.99954003,0.99942344,0.999571,0.99949354,0.9995992,0.99957687,0.9993106,0.9992574,0.9993332,0.99966174,0.999542,0.99927634,0.9993249,0.9994728,0.99959207,0.99954855,0.99954313,0.9996181,0.9993841,0.99950606,0.99952555,0.9996188,0.9996477,0.9996645,0.9995176,0.9995166,0.9994752,0.99960905,0.99954075,0.99958754,0.99959475,0.9996156,0.99951386,0.9996073,0.9994629,0.99958664,0.9996295,0.9996171,0.99950826,0.999549,0.99957347,0.9995278,0.9994347,0.9996261,0.99930257,0.9995002,0.99954873,0.999589,0.9996104,0.99961644,0.9995429,0.9996449,0.99973637,0.99966544,0.9997472,0.9996684,0.99999744,0.99964863,0.9994083,0.9995876,0.999597,0.9994452,0.9995719,0.9995978,0.99952644,0.9993701,0.99934465,0.9996451,0.999574,0.9995698,0.99958694,0.99931717,0.9996189,0.99944603,0.99965477,0.99952114,0.9995293,0.9997457,0.99935395,0.9995804,0.9995116,0.9996209,0.99948245,0.99961597,0.9994048,0.99960184,0.99963135,0.9995974,0.99957806,0.9995493,0.9995509,0.99952555,0.9994851,0.9993841,0.99947554,0.9994916,0.999536,0.9993295,0.99945575,0.99955255,0.99956495,0.99955726,0.99947375,0.99958235,0.99959373,0.99958676,0.99960315,0.9995979,0.99963385,0.9995895,0.99958634,0.99945164,0.9995401,0.9995501,0.99959254,0.99947596,0.9995916,0.99954253,0.9995416,0.99965185,0.99933594,0.9995614,0.9994808,0.99951243,0.9994491,0.99959815,0.99954754,0.99952954,0.9995663,0.9995098,0.99914414,0.99946445,0.99954313,0.9996229,0.99953467,0.99964184,0.99966466,0.999311,0.9996212,0.99957824,0.9995524,0.9993123,0.99946374,0.99952775,0.99952614,0.9996174,0.9996,0.99964803,0.99945533,0.9995885,0.9995249,0.99962777,0.99950457,0.9995631,0.9995301,0.99962276,0.9994979,0.999499,0.99959606,0.99954796,0.999658,0.9991791,0.99954563,0.9996145,0.9996176,0.99945956,0.9996016,0.9995307,0.9995357,0.9995612,0.99963623,0.99949914,0.99970615,0.99960595,0.9994942,0.9994824,0.9993394,0.9994845,0.999593,0.9995711,0.9996503,0.9995829,0.9992951,0.9996328,0.99949193,0.9995636,0.99958324,0.99959457,0.999576,0.99953943,0.99958247,0.9994228,0.9995744,0.9995847,0.99962723,0.9995806,0.999568,0.99956006,0.99929607,0.99922675,0.9994552
ipip132,0.99962115,0.9995088,0.9995436,0.99945194,0.9995875,0.999548,0.99962527,0.9995337,0.999615,0.9994562,0.999442,0.9996492,0.9995782,0.99952954,0.999507,0.9995256,0.9996554,0.99953246,0.99971944,0.999637,0.9996238,0.99960554,0.9996171,0.9995857,0.9995192,0.9995814,0.99948674,0.999607,0.999607,0.9996523,0.99954706,0.99958354,0.99939746,0.99962485,0.9996541,0.99956834,0.99959266,0.9996391,0.99963343,0.99965286,0.9994235,0.99952173,0.9995183,0.99943054,0.999464,0.9995737,0.9995564,0.99950045,0.9996179,0.9995638,0.9995379,0.9992586,0.9995677,0.99950784,0.9993952,0.99946177,0.99936485,0.9995026,0.99951977,0.9995795,0.9997201,0.9995788,0.9997411,0.99957657,0.9995404,0.99957764,0.99963164,0.9996036,0.99957466,0.9995468,0.9997029,0.9996481,0.99945813,0.9996089,0.9996193,0.99911237,0.99948484,0.9995936,0.9995527,0.999597,0.99959004,0.99968547,0.99947834,0.99966383,0.9996265,0.99968916,0.99962026,0.9995571,0.9995014,0.9995888,0.9995991,0.99964625,0.9996533,0.9994222,0.9993771,0.9993732,0.9996456,0.99948084,0.99933165,0.9993841,0.9995522,0.99963117,0.9996518,0.999633,0.9997124,0.99937564,0.99954474,0.9993972,0.9996219,0.99967146,0.99970365,0.9995691,0.9996139,0.99957955,0.9996518,0.9995681,0.999662,0.9996687,0.99968,0.9995388,0.9996315,0.99948484,0.99962026,0.99967146,0.9995989,0.9994589,0.9995321,0.99958754,0.9994621,0.9994498,0.9996313,0.9993192,0.99952143,0.99954593,0.99959445,0.99960107,0.9995025,0.9995574,0.99966085,0.9996539,0.999878,0.99968404,0.99954456,0.99964863,0.9999984,0.9994675,0.99965096,0.99959797,0.9994606,0.9996122,0.9996133,0.9995546,0.99945253,0.9994475,0.9996917,0.9996698,0.999655,0.99959207,0.9994232,0.9996514,0.9994793,0.99966896,0.9995891,0.9994959,0.9996783,0.99935275,0.99960005,0.99956423,0.9996286,0.9995454,0.99964947,0.99949896,0.9996331,0.99960726,0.9995548,0.99959564,0.9995943,0.99955577,0.9995213,0.9995171,0.9994753,0.9994714,0.99950993,0.99953085,0.999425,0.99951756,0.99957645,0.99958336,0.99958056,0.9994774,0.99963295,0.9996023,0.9996088,0.99957186,0.99968183,0.9996503,0.9995988,0.9995868,0.9994546,0.99952996,0.9995427,0.9995919,0.999475,0.999611,0.9995941,0.9995178,0.99961466,0.9993261,0.99949443,0.99946564,0.99953425,0.9994706,0.9995623,0.99959105,0.99951965,0.99957144,0.99954325,0.9991798,0.9995496,0.99960876,0.99962455,0.9995681,0.9996401,0.99968654,0.9993793,0.99964404,0.99958926,0.9996316,0.9993306,0.9994368,0.9995692,0.99958587,0.99967486,0.99963427,0.9996874,0.99950695,0.99959666,0.99954915,0.99961334,0.99951303,0.9996029,0.999593,0.9996333,0.99949676,0.9995301,0.9995785,0.99950725,0.9996654,0.9992354,0.99955356,0.99962,0.9996123,0.9994705,0.9996224,0.99954236,0.99955094,0.9995387,0.99958855,0.9995155,0.9996288,0.9996094,0.9994497,0.99950874,0.9993497,0.99944973,0.9996131,0.99956375,0.99956906,0.9996006,0.9993612,0.9996559,0.9995006,0.99958014,0.9995892,0.99960977,0.9995851,0.99951494,0.99958205,0.99951035,0.9995863,0.9995209,0.9996214,0.99954915,0.9994946,0.9995728,0.9992343,0.99919677,0.99943656
ipip162,0.9994266,0.99936897,0.99939716,0.99923646,0.99932593,0.99931824,0.9993979,0.9993835,0.99943334,0.9992383,0.9992413,0.99940306,0.9994397,0.9994419,0.99926335,0.99936545,0.9994203,0.9994008,0.99945563,0.9995117,0.9994188,0.9994715,0.9994148,0.99937075,0.99926215,0.9994028,0.999345,0.9994296,0.99942446,0.9994183,0.99934083,0.9994004,0.9992638,0.99932414,0.99944836,0.99929774,0.99939686,0.99938434,0.99940485,0.9993839,0.99940634,0.99939626,0.999287,0.99932426,0.99928886,0.99932075,0.9992904,0.99923414,0.9993956,0.9994267,0.99932015,0.99920744,0.9993949,0.99940395,0.9992833,0.99934447,0.9991467,0.99937,0.9993561,0.9993785,0.9994371,0.99931496,0.9994557,0.9992902,0.9992985,0.99930125,0.99943584,0.9993406,0.99934673,0.99934673,0.99938786,0.99935985,0.99925596,0.9993543,0.9994165,0.99902666,0.9993154,0.9993944,0.9993634,0.99936235,0.999366,0.9994181,0.99923956,0.99939513,0.9994236,0.99940836,0.9993994,0.9995061,0.99933517,0.9993641,0.9994061,0.9993707,0.9993645,0.99926805,0.9992686,0.99927163,0.9993406,0.9993391,0.99922156,0.9992301,0.9993668,0.9993734,0.99943835,0.99936646,0.99943566,0.9992563,0.9993595,0.999236,0.9994414,0.99949455,0.9994421,0.9993152,0.9993937,0.99946505,0.9994323,0.9993787,0.9994837,0.99937624,0.99948233,0.9994014,0.9993934,0.99935937,0.9994286,0.99947125,0.9993968,0.9993211,0.99945194,0.9994311,0.99929905,0.99936795,0.9993764,0.99919623,0.9993682,0.9994018,0.99935716,0.99942714,0.99928707,0.9993808,0.999456,0.99937457,0.9994743,0.99954706,0.9993893,0.9994083,0.9994675,0.999997,0.9993831,0.9993627,0.9993522,0.9994986,0.9993604,0.9993433,0.99919575,0.9991985,0.99941796,0.99938637,0.9993944,0.9993535,0.9993775,0.9994279,0.9993455,0.9994125,0.9993508,0.99926364,0.99938434,0.9991855,0.99937916,0.99925464,0.9993665,0.9993659,0.99933165,0.9993075,0.99938506,0.9993705,0.99932736,0.9994159,0.99937725,0.9993754,0.9993178,0.9993393,0.99934083,0.9992847,0.9993279,0.9993191,0.9992658,0.99933904,0.9993447,0.9993627,0.99936783,0.9993043,0.9993976,0.9994038,0.99940115,0.9993323,0.9994021,0.99943167,0.99937975,0.9993458,0.99928313,0.9993076,0.9992925,0.99933463,0.99934155,0.9993958,0.99934906,0.9992543,0.99941933,0.9992291,0.9994085,0.9993607,0.9993828,0.99932665,0.9993354,0.9993762,0.9993707,0.9993656,0.9993467,0.999084,0.9993282,0.99935037,0.99934,0.9993729,0.99941206,0.99934554,0.9991938,0.99939984,0.9993746,0.99942696,0.9992156,0.9992718,0.99939054,0.99935937,0.9993648,0.9993409,0.9994211,0.99931437,0.9992993,0.9992888,0.9993686,0.99933463,0.99935454,0.9993709,0.99939805,0.99928004,0.99939895,0.99933916,0.9992558,0.9993441,0.9991083,0.99928665,0.9993599,0.99935967,0.99932426,0.9993767,0.99935424,0.99935687,0.9994104,0.9992854,0.99929595,0.9993655,0.99942607,0.99929106,0.99937075,0.99923974,0.9993073,0.99943465,0.999342,0.99927974,0.9993854,0.99916756,0.9994164,0.9993231,0.99931544,0.99937993,0.9993804,0.9993005,0.9992925,0.9992626,0.99925196,0.9992984,0.99929094,0.999417,0.9993316,0.9992727,0.9994201,0.99906546,0.9990652,0.9992004
ipip192,0.99958783,0.9994774,0.99948615,0.9994193,0.99955505,0.99950653,0.99960136,0.9995301,0.9996029,0.9994152,0.9994371,0.99963915,0.9995327,0.99947333,0.9994688,0.9994882,0.9996245,0.99947625,0.9996121,0.99960756,0.99957263,0.9995619,0.9995731,0.9995821,0.99954695,0.9995427,0.99943644,0.9995847,0.9995692,0.99952763,0.99955434,0.99959177,0.99940467,0.9996293,0.9996463,0.9995534,0.99956125,0.99962544,0.9996245,0.9996682,0.99940187,0.9994883,0.9995292,0.9994483,0.999425,0.99952674,0.99952805,0.9994484,0.99958986,0.99950224,0.99953455,0.9992245,0.9995187,0.9994881,0.9993638,0.9994481,0.99931604,0.99953026,0.99946123,0.99955624,0.9996571,0.999519,0.99966586,0.99955666,0.99951726,0.99949044,0.9996266,0.9995878,0.9996,0.9995191,0.99967706,0.9996234,0.99938726,0.99954176,0.9995245,0.9991859,0.99953276,0.9996495,0.99954236,0.99958736,0.99958116,0.99978065,0.99946177,0.99964964,0.9996385,0.9996603,0.9996357,0.99951637,0.99946,0.9995825,0.9995582,0.9996576,0.9995656,0.9993459,0.99932593,0.9992785,0.99960726,0.9994536,0.9993472,0.9993871,0.99950594,0.99965227,0.99959797,0.9996289,0.99968183,0.9993871,0.9995726,0.9993926,0.99960923,0.99965656,0.9996959,0.9995169,0.9995857,0.9995111,0.9996206,0.9995278,0.9996188,0.9996471,0.9996338,0.9995682,0.99958503,0.99945366,0.9995712,0.9996108,0.99956155,0.9994624,0.9995516,0.99958897,0.9994523,0.99956274,0.99962384,0.99931085,0.99947953,0.9994818,0.9995858,0.99959165,0.99951106,0.9995561,0.9996687,0.99966925,0.9997085,0.9996241,0.9994483,0.9995876,0.99965096,0.9993831,0.99999756,0.9996162,0.99943936,0.99961805,0.99965423,0.999624,0.9994868,0.9993852,0.9996651,0.9996153,0.99960953,0.9995809,0.9993666,0.99965656,0.9994312,0.9996376,0.9995433,0.99946153,0.9996508,0.9993447,0.99960005,0.99958265,0.99960774,0.99953544,0.9996206,0.9994514,0.9996511,0.9996185,0.9995562,0.9995989,0.99957484,0.99956095,0.9994782,0.9995209,0.99948436,0.9994417,0.99949336,0.99950254,0.9993581,0.9994253,0.9995639,0.9995856,0.9995842,0.9995554,0.99963135,0.999622,0.9996197,0.9995742,0.99978626,0.9996688,0.9996502,0.99958503,0.99951756,0.9995257,0.9995692,0.9996,0.99943465,0.9996291,0.99953765,0.99948674,0.9996229,0.99931204,0.9994989,0.99941266,0.9995113,0.9994965,0.99955297,0.99953276,0.9994864,0.9994931,0.99956626,0.9991865,0.99951416,0.99961466,0.99962795,0.99958664,0.9996212,0.99959344,0.9993755,0.99966776,0.9995914,0.99958336,0.9992935,0.9994557,0.99955475,0.999549,0.9995961,0.99960417,0.9996442,0.9994411,0.9996101,0.999513,0.99963385,0.9995134,0.9995883,0.9995488,0.99966395,0.9995149,0.99954414,0.9995859,0.9994925,0.9996595,0.999205,0.9995244,0.9996065,0.9996104,0.9994552,0.99961966,0.99951774,0.9995508,0.9995223,0.999547,0.9994572,0.99961007,0.99962026,0.99941665,0.99951863,0.9993545,0.9994548,0.9995734,0.9995398,0.9995494,0.99956495,0.99930847,0.99963355,0.9994917,0.9995478,0.99957556,0.9995834,0.9995208,0.9994971,0.99959,0.99944437,0.9995414,0.9995039,0.99961436,0.99953794,0.99947655,0.9995606,0.99921054,0.99917763,0.99937755
ipip222,0.99958724,0.9994966,0.9995118,0.99940866,0.9995595,0.99951935,0.99962074,0.9995018,0.9996289,0.9994175,0.9994389,0.99956846,0.9995175,0.9994458,0.99947333,0.99946624,0.99955565,0.9994763,0.9995638,0.9995589,0.99953055,0.9995204,0.99956465,0.99960005,0.9996529,0.99953043,0.99950475,0.9995482,0.9995239,0.9995595,0.9995827,0.9996124,0.99944526,0.9997133,0.99962735,0.99954164,0.9995478,0.99961233,0.99956053,0.99966013,0.99939996,0.9995652,0.9995535,0.9994534,0.99942887,0.9995467,0.9996269,0.99952734,0.99957,0.9994398,0.99954,0.9992461,0.9995064,0.9994838,0.9994472,0.9994428,0.99932164,0.999481,0.9994422,0.99958575,0.9996096,0.99950653,0.999618,0.99957216,0.99949116,0.99951625,0.99958086,0.9996261,0.9999422,0.99952036,0.9996441,0.9995675,0.9994022,0.9995271,0.99948955,0.9990388,0.9994228,0.9995336,0.9995674,0.9996147,0.99952483,0.99964696,0.9993896,0.99963826,0.9995692,0.99962544,0.9995962,0.99947655,0.999426,0.9995523,0.9994937,0.99961716,0.99952585,0.9993309,0.99929637,0.99926084,0.9995934,0.99957573,0.9993632,0.9994531,0.99947476,0.9996142,0.9995528,0.9995807,0.9996013,0.9994148,0.9995604,0.9994526,0.9996638,0.99962115,0.9996431,0.99951845,0.9995163,0.99950165,0.999602,0.99950784,0.99959254,0.9996216,0.99963266,0.9995341,0.9995871,0.9994395,0.99959475,0.9995963,0.9995337,0.9995227,0.9995527,0.9995682,0.99955374,0.9994178,0.99960744,0.9993048,0.9994361,0.9994535,0.99956375,0.99958175,0.99952394,0.9995712,0.9996384,0.99966234,0.9996544,0.9995918,0.99946904,0.999597,0.99959797,0.9993627,0.9996162,0.9999964,0.9994656,0.9996184,0.9996528,0.9995555,0.9994575,0.99933684,0.99964577,0.99957484,0.9995628,0.99956113,0.9993067,0.9996528,0.9993856,0.9996184,0.99951875,0.99951464,0.999633,0.9993452,0.99959064,0.9996969,0.9996141,0.9994849,0.99963385,0.99940664,0.9996163,0.99959534,0.99962837,0.99962384,0.9995541,0.9995557,0.99953854,0.9995215,0.99942195,0.99949217,0.99951833,0.99953544,0.9993672,0.99940217,0.9995785,0.99958956,0.9995903,0.99951714,0.99961275,0.9996578,0.9996444,0.999616,0.9996337,0.9996873,0.9996477,0.99961317,0.9995112,0.9996571,0.99961346,0.99963325,0.9994948,0.9996573,0.99956465,0.9995568,0.9996534,0.99932575,0.99953943,0.9994574,0.99956,0.99949336,0.9996245,0.9995491,0.9995347,0.99951345,0.9995554,0.9992176,0.9995042,0.9995609,0.9996129,0.99959725,0.9995973,0.9996005,0.9994104,0.9996651,0.9995968,0.99956924,0.9993275,0.9995041,0.99956506,0.9994983,0.9995966,0.999625,0.99960876,0.9994404,0.9997017,0.99950933,0.99961597,0.9994697,0.99954844,0.999518,0.9996652,0.99965084,0.99954784,0.99965256,0.9994792,0.9996527,0.9991653,0.99950355,0.9996501,0.9996561,0.99949247,0.99963903,0.9995515,0.99955153,0.999514,0.9995663,0.9994375,0.9996083,0.999661,0.9994763,0.99953985,0.99944997,0.9994742,0.99958,0.9995072,0.99961084,0.9995327,0.9993013,0.99964815,0.999511,0.999566,0.9996008,0.9995891,0.9994921,0.99949265,0.99969655,0.99946654,0.9995314,0.9995753,0.9996128,0.9996041,0.99955195,0.99955636,0.99927723,0.99918747,0.9993648
ipip252,0.9994437,0.9993618,0.9993942,0.99930775,0.99941844,0.999369,0.9995256,0.9994295,0.9995411,0.9993377,0.99938613,0.9994366,0.99946564,0.9993501,0.99933964,0.9993798,0.9994515,0.999406,0.9994641,0.9994685,0.9994727,0.99941534,0.99953425,0.9994387,0.99929065,0.9994459,0.99943364,0.999528,0.99943393,0.99949574,0.9994104,0.99966174,0.9994822,0.99939954,0.999489,0.99945676,0.9994561,0.99948514,0.9994326,0.99944293,0.99968535,0.9996886,0.9994257,0.99943703,0.9993596,0.99946743,0.9994157,0.99930334,0.9994711,0.99949133,0.9994075,0.9992605,0.9994878,0.99940157,0.9994687,0.99949455,0.9992215,0.9995604,0.9994155,0.9995969,0.99947256,0.9994033,0.99947935,0.9993514,0.99932504,0.9993773,0.99947435,0.99960965,0.9994376,0.99956036,0.99953073,0.9995438,0.99930596,0.99950653,0.9994099,0.99910194,0.99935323,0.99941784,0.9995875,0.9995983,0.9993714,0.9994837,0.9992821,0.9994291,0.999423,0.99945766,0.9994257,0.9994017,0.999345,0.9994248,0.9993863,0.9994392,0.99939114,0.99925005,0.9992801,0.9992706,0.999425,0.99951786,0.99927324,0.9993125,0.99939406,0.9994081,0.9994432,0.999387,0.99943745,0.9993919,0.99941355,0.99925965,0.9995065,0.99948937,0.9995706,0.99934787,0.99940026,0.9994473,0.9994893,0.9994689,0.9994782,0.99947196,0.99949926,0.99942994,0.99949807,0.9994229,0.9995397,0.9995237,0.99944365,0.99940956,0.99957514,0.99957687,0.9995347,0.99938136,0.99952435,0.99922687,0.999422,0.9993755,0.99950033,0.99956703,0.9993973,0.99974424,0.99961346,0.9994714,0.99946904,0.99946845,0.99939895,0.9994452,0.9994606,0.9993522,0.99943936,0.9994656,0.9999974,0.9994745,0.9994498,0.9994011,0.9992883,0.9992691,0.9994808,0.99953026,0.9995123,0.99951243,0.9992584,0.9994775,0.9994125,0.99954677,0.99942744,0.9994025,0.9994709,0.99935657,0.9996225,0.9993333,0.99943864,0.99938744,0.99948967,0.999312,0.9994629,0.99943084,0.9995086,0.9995218,0.9994649,0.9994451,0.9994565,0.99946314,0.9993636,0.9994908,0.99941164,0.99951124,0.99948394,0.9994058,0.9994615,0.9994807,0.9994817,0.9993743,0.9994605,0.9995673,0.99952865,0.99952424,0.99946994,0.9995746,0.99948746,0.9995539,0.9993589,0.9994537,0.9993837,0.99943286,0.9994061,0.9995272,0.9994946,0.99939126,0.9995139,0.99927586,0.99953294,0.9997144,0.99950963,0.99937505,0.99953675,0.9994807,0.9995777,0.99941957,0.99945116,0.9992883,0.999403,0.99940073,0.9995247,0.99952495,0.9995008,0.99941206,0.99938065,0.9995517,0.9994989,0.9994983,0.9993609,0.9994297,0.9994929,0.9994095,0.9994618,0.99944234,0.99947953,0.99937254,0.99939615,0.9994197,0.9995302,0.9994621,0.9994235,0.9994331,0.9995146,0.99952406,0.9994929,0.99949604,0.99938613,0.9995205,0.99922633,0.999461,0.9996629,0.9996603,0.99960566,0.99966913,0.9996242,0.99944204,0.9994152,0.99939954,0.9994418,0.9994578,0.9995524,0.99946547,0.99951804,0.99934965,0.99956197,0.9995676,0.99949205,0.9994494,0.9994959,0.99932235,0.9996125,0.9997129,0.9993977,0.9995903,0.99945265,0.9994688,0.99946773,0.999338,0.9993533,0.9994517,0.9995272,0.99959403,0.9994608,0.99949485,0.99956036,0.99914926,0.99920344,0.9992977
ipip282,0.99961966,0.99953234,0.99954814,0.99944353,0.9995631,0.9994703,0.99966395,0.99958575,0.9996491,0.9994507,0.999469,0.9995779,0.9995828,0.9995064,0.9994032,0.9995249,0.99960876,0.99953765,0.99962336,0.999671,0.999558,0.9995643,0.99955595,0.99956876,0.9994722,0.99959654,0.9995238,0.99959683,0.999623,0.9995742,0.9995295,0.9996044,0.9994335,0.99961793,0.9996978,0.9995003,0.9996523,0.99965805,0.9995962,0.99973917,0.9994396,0.99960184,0.99948984,0.999519,0.999461,0.9995525,0.99955136,0.9994508,0.9996571,0.9995053,0.99954104,0.99926966,0.99957746,0.99953485,0.9993875,0.999509,0.99933416,0.99952716,0.99950534,0.999562,0.9996116,0.9994901,0.9996238,0.9995047,0.9994938,0.9994234,0.9996491,0.9995574,0.9995879,0.9995079,0.9996113,0.999549,0.999324,0.99950796,0.9994943,0.999114,0.9994675,0.99959743,0.99951833,0.9995555,0.9994905,0.9996834,0.99945885,0.99964404,0.9996242,0.9996399,0.9996561,0.99952865,0.99943787,0.9996172,0.99951583,0.9996047,0.99953336,0.9993983,0.99931204,0.9993847,0.99955827,0.9994709,0.9993259,0.99939364,0.9995064,0.9995501,0.99959487,0.999511,0.999653,0.99937475,0.9995826,0.99931735,0.9996203,0.9997123,0.9996902,0.99955285,0.9995601,0.99956805,0.99965924,0.9995219,0.9996381,0.99960804,0.999667,0.99952745,0.9995988,0.99948394,0.9996016,0.99962217,0.9995547,0.9994975,0.99960226,0.9996465,0.9994385,0.99956995,0.99957734,0.9992901,0.9994534,0.9994828,0.9995582,0.9995784,0.99943423,0.9995478,0.9996847,0.99960166,0.9996483,0.9995977,0.9994741,0.9995719,0.9996122,0.9994986,0.99961805,0.9996184,0.9994745,0.99999803,0.99958354,0.9995039,0.9993653,0.9993087,0.9996381,0.99953973,0.9995524,0.9995288,0.99938565,0.99965,0.99941653,0.99962753,0.9995521,0.9994253,0.99959624,0.99935025,0.9996037,0.99949706,0.9996325,0.9995523,0.999589,0.999419,0.9996532,0.9995921,0.99954146,0.99964577,0.9995909,0.99956936,0.9995351,0.9995304,0.9995001,0.99943554,0.9994924,0.99948084,0.99937433,0.9994356,0.9996061,0.9995998,0.9996105,0.9994899,0.9996666,0.9996267,0.99962914,0.99954903,0.99966955,0.9996894,0.9996215,0.99961895,0.9994646,0.9995664,0.9995775,0.99958324,0.9994757,0.999629,0.9995428,0.9994532,0.9996519,0.99933374,0.9995443,0.9995145,0.99955225,0.9995611,0.99957645,0.99950296,0.99950665,0.9995293,0.9995705,0.99920595,0.99952585,0.99957967,0.9995706,0.99960524,0.9996288,0.9995773,0.99937904,0.9996672,0.9996206,0.9995914,0.9993301,0.999445,0.9995969,0.9995397,0.9995535,0.99954647,0.9996306,0.99944997,0.9995769,0.99949193,0.9996061,0.99946916,0.99963397,0.99955815,0.999658,0.99950135,0.99954313,0.9995712,0.9994844,0.9996129,0.9991836,0.9994807,0.99960166,0.9996048,0.99947464,0.9996093,0.99952906,0.99962366,0.9995761,0.99952465,0.9994871,0.99956465,0.9996627,0.99948514,0.99960434,0.99944216,0.999487,0.9995722,0.99949026,0.9994959,0.9995182,0.99925697,0.99964577,0.99948955,0.9995197,0.9996118,0.9995476,0.99947304,0.9994496,0.99954236,0.9994042,0.99951303,0.99947745,0.99966294,0.99953824,0.99945253,0.99960244,0.9992516,0.99923044,0.9994154
ipip17,0.9996087,0.99948335,0.9994929,0.99945885,0.9995666,0.99951774,0.9996549,0.9995144,0.99971414,0.9994684,0.99946266,0.9995696,0.99953496,0.9994629,0.99941623,0.9995118,0.9995929,0.999518,0.9996018,0.99959725,0.9996002,0.99955183,0.9996417,0.9997023,0.99953413,0.99955434,0.9995033,0.99961203,0.9995236,0.999565,0.9996629,0.99964845,0.99947137,0.9996661,0.99966925,0.99957085,0.9995996,0.9996494,0.9996056,0.9996573,0.9994506,0.99953675,0.9995784,0.99942636,0.99947464,0.99956024,0.99955016,0.99944836,0.9995868,0.9994947,0.99957365,0.9993004,0.99953717,0.9995326,0.9994786,0.9994778,0.9993027,0.9994984,0.9994717,0.99960834,0.99967587,0.9995299,0.99967504,0.99960667,0.999525,0.9995024,0.9996393,0.99962896,0.99961936,0.9994929,0.99969256,0.99963564,0.99941343,0.9995812,0.9995324,0.99911803,0.99947727,0.999596,0.99965256,0.9996923,0.99953145,0.9997076,0.9994331,0.9996443,0.99959403,0.9996676,0.99963695,0.9995276,0.999406,0.99955887,0.999525,0.9997249,0.9995552,0.9993612,0.9993087,0.99931353,0.99962586,0.99963504,0.99934506,0.9993561,0.9995501,0.99981534,0.9996273,0.99961764,0.9996208,0.9994274,0.9996479,0.99943686,0.99966925,0.9996794,0.9996948,0.9994868,0.9995167,0.99953717,0.9996691,0.99954796,0.9996724,0.9996659,0.9996635,0.99963605,0.999635,0.9994601,0.99962956,0.99961567,0.99958795,0.9995743,0.9996463,0.99956787,0.9995951,0.9994972,0.999651,0.9992998,0.9994784,0.9994824,0.9996181,0.99962765,0.9995651,0.9996167,0.99969244,0.9996857,0.99968946,0.99962586,0.99945176,0.9995978,0.9996133,0.9993604,0.99965423,0.9996528,0.9994498,0.99958354,0.9999989,0.9998505,0.99947536,0.99941826,0.9996958,0.9996062,0.99959034,0.99960434,0.999297,0.9996983,0.9994396,0.99970454,0.9995883,0.99954885,0.99967366,0.9993595,0.99964,0.9996039,0.99960357,0.99952096,0.9996838,0.99940336,0.9996537,0.99963206,0.9997166,0.999637,0.999627,0.999562,0.9996208,0.999647,0.99955803,0.9995651,0.99963194,0.9996107,0.9993604,0.99944687,0.9996677,0.9996781,0.99967504,0.9996876,0.9996536,0.9996929,0.9996822,0.99972373,0.9996928,0.9997232,0.9997656,0.9996545,0.9996516,0.9995647,0.9996266,0.99971396,0.9995284,0.99968946,0.999597,0.9996429,0.9997803,0.99939203,0.99954903,0.99950516,0.9995629,0.99952966,0.9997048,0.9996231,0.99957967,0.9995582,0.99965805,0.9991995,0.99954724,0.99960303,0.99967235,0.99962676,0.99964905,0.9996474,0.99938357,0.9997081,0.99967176,0.9996883,0.99939257,0.99949396,0.9996678,0.9995772,0.99962586,0.99960274,0.999658,0.99955046,0.999654,0.9995189,0.9996788,0.99952173,0.9995727,0.9995604,0.9997078,0.9995192,0.999583,0.99961096,0.99947,0.9996929,0.9991482,0.9995329,0.9996426,0.9996449,0.9994879,0.9996526,0.9995334,0.99959624,0.9995783,0.9996716,0.99945813,0.9996286,0.99968004,0.9995295,0.9995383,0.9993915,0.999502,0.999613,0.9995664,0.999679,0.99958134,0.9992482,0.9996855,0.9995178,0.99966574,0.999615,0.99963444,0.9995436,0.9995273,0.9996242,0.99945843,0.9995628,0.9996078,0.9996187,0.99957156,0.9995788,0.9995662,0.9992129,0.9991722,0.9993757
ipip47,0.99950373,0.99940985,0.9994051,0.9993874,0.99947584,0.99944144,0.99953187,0.9994414,0.99962795,0.99939686,0.9993964,0.99953574,0.9994817,0.9994267,0.9993885,0.9994282,0.9995307,0.99945265,0.99953717,0.9995085,0.99952465,0.99950963,0.9995908,0.9996099,0.99948406,0.9994635,0.9994466,0.99952054,0.99946994,0.99949104,0.9995876,0.99954957,0.9993848,0.9995867,0.9995518,0.99952346,0.9994887,0.99952793,0.9995398,0.9995555,0.9994173,0.99945587,0.9995285,0.99935764,0.9994081,0.9994712,0.9994881,0.99938524,0.99950105,0.99944574,0.99949586,0.999267,0.9994583,0.9994615,0.9994287,0.99943286,0.99924725,0.99945056,0.9994143,0.9995122,0.9995783,0.9994581,0.99958646,0.99954253,0.9994752,0.99944764,0.99953264,0.9995039,0.99952453,0.9994247,0.99959683,0.9995846,0.99937266,0.9995129,0.99951005,0.9991218,0.9994246,0.99955046,0.9995855,0.99961823,0.9994904,0.999629,0.99939597,0.99954826,0.9995355,0.99956346,0.99953896,0.999467,0.99937737,0.9994661,0.99952334,0.99961114,0.9994881,0.9993221,0.99927765,0.99925643,0.9995111,0.99954367,0.99929583,0.99929726,0.99948645,0.999744,0.9995546,0.99957037,0.999572,0.9993831,0.99951756,0.9993664,0.99957025,0.99955595,0.99959135,0.9994331,0.99948585,0.9994965,0.9995778,0.9995779,0.99959034,0.99958247,0.99958616,0.9996257,0.9995563,0.9994219,0.9995502,0.99954957,0.9995016,0.9995088,0.99958247,0.999499,0.99953556,0.99945015,0.99958414,0.9993361,0.9994872,0.9994359,0.99953693,0.99956876,0.99947935,0.9995221,0.99959403,0.999567,0.99960583,0.9995677,0.99940115,0.99952644,0.9995546,0.9993433,0.999624,0.9995555,0.9994011,0.9995039,0.9998505,0.9999982,0.99947125,0.99937266,0.99959785,0.9995955,0.99957854,0.99956495,0.9992764,0.999575,0.9994492,0.9996359,0.99952114,0.99951065,0.99957234,0.9993268,0.9995375,0.9995376,0.9995157,0.99946713,0.9995816,0.99939024,0.9995341,0.9995343,0.9996246,0.99953926,0.9995177,0.9994797,0.99952596,0.9995403,0.9994809,0.99951285,0.9995522,0.9995527,0.9993057,0.99941367,0.9995489,0.99956214,0.999561,0.9996783,0.9995623,0.9995898,0.99956995,0.99963146,0.99961954,0.999617,0.9996549,0.9995113,0.9996151,0.9994882,0.9995433,0.9995628,0.99944353,0.9995734,0.9995063,0.9995511,0.99966604,0.9993434,0.9994905,0.9994264,0.9994987,0.999448,0.99961126,0.99956864,0.9995265,0.9995161,0.9995877,0.99915254,0.9994633,0.9995702,0.9996082,0.9995484,0.9995579,0.99957925,0.99934185,0.9996,0.9995547,0.9995755,0.99932545,0.9994313,0.99955195,0.9994961,0.99953604,0.9995084,0.9995653,0.99947435,0.99956965,0.9994875,0.9996059,0.9995035,0.99949557,0.99951,0.9995852,0.9994706,0.9995155,0.99951744,0.9994268,0.999595,0.9991126,0.99949646,0.9995608,0.99956286,0.99946463,0.9995798,0.9994837,0.9995094,0.99948543,0.9996,0.9994221,0.99954873,0.9995759,0.9994776,0.99945873,0.9993289,0.99941623,0.9995447,0.99956626,0.9996162,0.9995487,0.9992493,0.99957025,0.99945366,0.9996166,0.99952453,0.99957424,0.99950236,0.99949557,0.9995397,0.9994125,0.99951243,0.9995481,0.99952483,0.9994885,0.9995195,0.9994873,0.9991596,0.9991421,0.99930626
ipip77,0.99931616,0.9992866,0.99928856,0.9992221,0.999343,0.99930423,0.9993271,0.9993148,0.9993708,0.9992195,0.9992694,0.99938416,0.99937373,0.9993598,0.9993285,0.9992674,0.9993669,0.99931693,0.99942285,0.9993504,0.99940324,0.9993625,0.99947697,0.9993822,0.9993978,0.9993166,0.99926835,0.99939156,0.99934715,0.99943626,0.9993168,0.99934447,0.99917495,0.99942774,0.9993516,0.9994115,0.9993231,0.9993443,0.9993882,0.9994109,0.9991994,0.9993177,0.9994169,0.9992279,0.9992686,0.9993614,0.9994299,0.99936736,0.9993967,0.9993554,0.99931496,0.999132,0.99930406,0.9993179,0.9992576,0.9992917,0.99913955,0.9993313,0.99926645,0.9993294,0.99950355,0.999469,0.99950147,0.99936724,0.9993833,0.9994021,0.9993618,0.99933803,0.99944097,0.9993057,0.9994169,0.9995036,0.9992196,0.9993685,0.9995106,0.99901575,0.99936295,0.9994087,0.99936193,0.9993763,0.99939305,0.9994618,0.99933505,0.9993807,0.9994637,0.99937,0.9993648,0.9994389,0.9994263,0.9993337,0.9993591,0.99948287,0.9993589,0.9992676,0.9994065,0.9991969,0.9993356,0.99933034,0.9993647,0.99936485,0.99940246,0.9993856,0.99943984,0.99944794,0.99957365,0.9992991,0.9994411,0.99923104,0.99943936,0.9993521,0.9994063,0.9993276,0.9993857,0.9993278,0.99943924,0.9994709,0.99938077,0.9995691,0.9993909,0.9994833,0.9994318,0.9992667,0.99939495,0.9994094,0.99934417,0.9992562,0.9993791,0.9993622,0.9993133,0.9992273,0.99944866,0.99939173,0.99943304,0.99945945,0.9993966,0.99940896,0.99928284,0.9993516,0.9993961,0.9993712,0.9994372,0.9994404,0.9993115,0.9993701,0.99945253,0.99919575,0.9994868,0.9994575,0.9992883,0.9993653,0.99947536,0.99947125,0.9999989,0.9993707,0.9994035,0.99951464,0.99953914,0.9994733,0.9991811,0.99936825,0.9993855,0.9994777,0.99937123,0.999355,0.99937433,0.99921805,0.9993534,0.99953717,0.9993819,0.99934137,0.99941516,0.99928445,0.99934584,0.9994396,0.9993325,0.9993626,0.99935234,0.9993203,0.99936086,0.9993442,0.9993426,0.9992658,0.9993984,0.99931353,0.9991959,0.9992579,0.999343,0.9993575,0.99935234,0.9994091,0.99938697,0.99941057,0.9993731,0.999346,0.99943936,0.9994143,0.99942225,0.99932253,0.9993662,0.99941134,0.99937403,0.9993293,0.99933916,0.9993749,0.99937993,0.9993504,0.99937546,0.99925727,0.9993499,0.9992652,0.9993619,0.99926686,0.99933463,0.9993983,0.99933946,0.99934703,0.9994321,0.9992128,0.99945015,0.9994376,0.9994925,0.9993888,0.99936664,0.9994403,0.99928355,0.9993927,0.9993371,0.99938744,0.99918497,0.99925333,0.99937814,0.99929833,0.9994354,0.99942225,0.9993928,0.9992816,0.9994577,0.9994144,0.99947906,0.9994344,0.9994705,0.99951816,0.999389,0.9994303,0.9993738,0.99937207,0.9993633,0.9994545,0.99905694,0.9994452,0.9994913,0.99948686,0.9994331,0.9994944,0.99947315,0.99939126,0.9992968,0.99947745,0.99940217,0.9994204,0.9993865,0.99925786,0.9993338,0.9992563,0.9992639,0.999405,0.99948937,0.9995109,0.9995273,0.9992028,0.9993605,0.99929965,0.9993938,0.9993549,0.99939036,0.99947286,0.99946433,0.99944365,0.9993912,0.9994496,0.999342,0.9993861,0.99935216,0.99932563,0.99937844,0.9990751,0.9991736,0.99918944
ipip107,0.99929446,0.9992563,0.9992569,0.99918455,0.9992732,0.9992657,0.9992969,0.99929595,0.999337,0.99918425,0.99922675,0.99932927,0.99935514,0.999292,0.99935657,0.99924415,0.9993624,0.9992771,0.99936956,0.99935603,0.99934393,0.9993956,0.99936974,0.9993164,0.9993116,0.9992749,0.9992725,0.99932384,0.9992888,0.99933374,0.9993024,0.99942154,0.9991591,0.9993409,0.9993306,0.99927443,0.99927115,0.99929756,0.9993269,0.9993385,0.9992222,0.99928993,0.9993097,0.99915445,0.9992745,0.999298,0.99935126,0.99934965,0.99935657,0.99927664,0.99924624,0.9990991,0.9993059,0.9992805,0.99925774,0.9992493,0.9990843,0.9993007,0.99927384,0.9993942,0.99952346,0.99942875,0.9995849,0.99929965,0.9993211,0.999478,0.9993489,0.99932075,0.9993303,0.99930465,0.9993736,0.999405,0.9992381,0.999354,0.99944216,0.9990389,0.9992778,0.99934655,0.9993867,0.99939865,0.99933076,0.9993943,0.99930674,0.9993301,0.9993107,0.999329,0.99931216,0.99939203,0.99926716,0.9992997,0.9992904,0.9993595,0.9993592,0.9992766,0.99929833,0.9992181,0.9992739,0.999328,0.999227,0.99922514,0.9994248,0.99935615,0.99947864,0.99937195,0.99942887,0.9993016,0.9992962,0.9991618,0.9994652,0.9993694,0.99938667,0.9992501,0.9993084,0.99931175,0.9993529,0.99935627,0.99936134,0.9993673,0.9993524,0.99936867,0.9993695,0.9992592,0.99940103,0.9994473,0.99926513,0.9992466,0.9993445,0.9993272,0.99926174,0.9992433,0.9993577,0.9992681,0.99931085,0.99936634,0.99930197,0.9993258,0.99922967,0.9993265,0.99936604,0.9992974,0.99938333,0.99941814,0.9994043,0.99934465,0.9994475,0.9991985,0.9993852,0.99933684,0.9992691,0.9993087,0.99941826,0.99937266,0.9993707,0.9999981,0.9993943,0.99934757,0.9993437,0.99933404,0.9992336,0.99933213,0.999278,0.9993838,0.999287,0.999294,0.99929833,0.99916995,0.99932224,0.9993547,0.9993057,0.9992757,0.99931204,0.999236,0.9992767,0.99928796,0.99929607,0.9992911,0.99931943,0.9992466,0.9993343,0.99932474,0.99928623,0.9993015,0.9993788,0.99934703,0.9992258,0.9993844,0.9992951,0.999315,0.99930006,0.9992836,0.9993163,0.9993478,0.99931926,0.9993406,0.9993856,0.99934494,0.9993195,0.99926436,0.9992426,0.99931204,0.99930286,0.9992761,0.99926865,0.9993148,0.9993672,0.99928665,0.9993432,0.99916345,0.99935013,0.99923664,0.9993024,0.9992179,0.999318,0.99944633,0.99938214,0.99943197,0.9993232,0.9990897,0.9993069,0.9992768,0.9993294,0.9993329,0.99942845,0.9994937,0.9992239,0.99931496,0.9993103,0.9994369,0.99931437,0.99927896,0.9993736,0.99940205,0.9996182,0.99944276,0.99943674,0.99938035,0.99935263,0.9992692,0.9993513,0.9992926,0.999313,0.9993474,0.999327,0.9993186,0.9993081,0.9993939,0.99923545,0.99932486,0.9990468,0.999301,0.9993552,0.999349,0.9992879,0.99936414,0.99932784,0.99933845,0.9992956,0.9993115,0.9992835,0.9993459,0.99933285,0.9992819,0.9993025,0.9992184,0.99923325,0.99938196,0.9993181,0.999402,0.9993922,0.9991501,0.9993513,0.999287,0.9993078,0.99932474,0.9993297,0.99939936,0.9993138,0.9993488,0.99965495,0.9993179,0.99930525,0.9993327,0.999377,0.99927247,0.9993567,0.99901766,0.9990375,0.9991467
ipip137,0.9997307,0.99954015,0.9995968,0.99948466,0.9996489,0.9995458,0.999743,0.9995752,0.9996714,0.99948263,0.99948585,0.9996436,0.99957997,0.99949265,0.99945015,0.99957526,0.9996567,0.99952745,0.999658,0.9996685,0.9996365,0.9996336,0.99964744,0.99961275,0.9995292,0.99963456,0.9994872,0.9996302,0.99959606,0.9995593,0.99964803,0.99966305,0.9994527,0.9997132,0.999764,0.99962664,0.99968606,0.999749,0.99965423,0.99969906,0.9994391,0.9995865,0.9995796,0.99951035,0.99947774,0.99965864,0.99958354,0.9995234,0.99968606,0.999508,0.9996115,0.9992406,0.9996301,0.99954534,0.9993508,0.9995045,0.9993841,0.99948776,0.99952507,0.9996254,0.9997628,0.99961674,0.99978095,0.9995848,0.99958813,0.9995248,0.9997382,0.9996788,0.9996254,0.99955523,0.99977374,0.99965143,0.9993794,0.99963915,0.99957126,0.99906063,0.9994691,0.99960595,0.99957997,0.99963206,0.99955565,0.9997377,0.9994945,0.9997245,0.99966353,0.9997576,0.9996757,0.99950457,0.9994584,0.99964017,0.99959415,0.9997447,0.9996397,0.9994241,0.9993113,0.99934596,0.9997246,0.99951,0.99931,0.99933124,0.9996001,0.9997058,0.9996957,0.99961853,0.9996737,0.999354,0.999612,0.9994037,0.99964714,0.9997568,0.99979025,0.99957156,0.99956656,0.9996368,0.9997587,0.9996213,0.999759,0.99973404,0.9997892,0.9995956,0.9997462,0.9996445,0.9996682,0.99974424,0.99968016,0.9995192,0.9995835,0.99961996,0.9994617,0.9994799,0.99970996,0.99928045,0.9994939,0.99946845,0.99969083,0.99962527,0.9995111,0.9996347,0.9997654,0.9997399,0.99978095,0.99965596,0.99953645,0.9996451,0.9996917,0.99941796,0.9996651,0.99964577,0.9994808,0.9996381,0.9996958,0.99959785,0.9994035,0.9993943,0.99999785,0.9996137,0.99961036,0.9996479,0.9993734,0.9999268,0.99945945,0.9997467,0.9996946,0.99951726,0.9997502,0.9994029,0.9997047,0.9995516,0.9997278,0.9995947,0.9997338,0.99947506,0.9997827,0.99969435,0.9996604,0.9997158,0.9996415,0.99960023,0.9995581,0.9996306,0.99945575,0.99951327,0.9995703,0.999579,0.99938864,0.99963045,0.99971026,0.99972,0.9997204,0.99950594,0.99971426,0.9997228,0.9997267,0.99967796,0.9997355,0.9997797,0.9996861,0.99967927,0.99948347,0.9995349,0.99962735,0.9996903,0.99944526,0.9997204,0.9996178,0.9995496,0.9997379,0.9992816,0.9995148,0.99945843,0.9995575,0.9995698,0.9996751,0.99962807,0.9995331,0.99957365,0.9996169,0.99915826,0.9995546,0.9996475,0.999701,0.99967045,0.999758,0.99963087,0.99937034,0.99975646,0.9997737,0.9996527,0.9992775,0.99946624,0.9996242,0.9996729,0.9997121,0.99965906,0.99979395,0.99956113,0.9997049,0.9995914,0.9997124,0.9994995,0.99963963,0.999575,0.99978125,0.9995522,0.9995824,0.9996492,0.9995201,0.9997644,0.9992,0.99957716,0.9996668,0.999673,0.9994736,0.99967134,0.99956584,0.99967027,0.9996105,0.99961936,0.9994968,0.9996352,0.99972725,0.9994976,0.999606,0.99942225,0.9995217,0.99966687,0.99957526,0.9996045,0.9995813,0.9992635,0.99975556,0.9995165,0.9996152,0.99967945,0.99960965,0.99959224,0.9995551,0.9996712,0.9995088,0.9996185,0.9995308,0.99969697,0.9995893,0.9995031,0.9996359,0.9992371,0.9991649,0.9994669
ipip167,0.99954325,0.99945724,0.9994709,0.9994036,0.99954206,0.9995235,0.9995474,0.9994302,0.99957997,0.99940425,0.9994239,0.9995991,0.99953985,0.9994437,0.9994627,0.9994748,0.9995532,0.9994668,0.9996207,0.9995138,0.99956965,0.99950314,0.9997201,0.99953496,0.999496,0.99949974,0.9994443,0.9995533,0.99949926,0.9996057,0.99957097,0.9995934,0.99943393,0.99956995,0.9995661,0.99969506,0.9995148,0.9995489,0.999551,0.99957216,0.99944395,0.9995372,0.99954796,0.99942714,0.9994126,0.9995413,0.9995167,0.9994348,0.99953526,0.999479,0.9995061,0.9992507,0.99955356,0.9994379,0.9994153,0.9995538,0.9993525,0.99952626,0.99947363,0.9995729,0.9996142,0.9995199,0.99963975,0.99949753,0.9995064,0.99953485,0.9995492,0.9995487,0.9995329,0.999461,0.99973035,0.99976325,0.99948657,0.9996481,0.9995702,0.9991115,0.99943477,0.9995444,0.99957687,0.99960357,0.9995857,0.9996346,0.9994171,0.99958754,0.9996084,0.9995994,0.99954426,0.99948317,0.99945015,0.9995031,0.99957895,0.9996088,0.99952906,0.9993478,0.99932724,0.9993138,0.99957526,0.9994789,0.99937093,0.9993782,0.99950475,0.999586,0.99958694,0.99956995,0.9996283,0.9994497,0.99951416,0.99941164,0.999583,0.99958897,0.99964243,0.9995189,0.9995558,0.9995245,0.9996043,0.9997057,0.99959004,0.9996401,0.99958825,0.99960196,0.99960023,0.99946046,0.9996032,0.99960154,0.9995436,0.9994641,0.99954575,0.9995409,0.99950045,0.99940103,0.99970967,0.999319,0.99959654,0.99945325,0.9996589,0.9997396,0.9995516,0.99959725,0.99964225,0.9996448,0.99969494,0.9996321,0.9994434,0.999574,0.9996698,0.99938637,0.9996153,0.99957484,0.99953026,0.99953973,0.9996062,0.9995955,0.99951464,0.99934757,0.9996137,0.9999986,0.99989235,0.99979764,0.99940974,0.99958897,0.9995684,0.99975425,0.9995579,0.999564,0.99962956,0.999397,0.9996292,0.999571,0.9995643,0.9995378,0.9996847,0.99947864,0.99957615,0.9995869,0.99955386,0.99959767,0.999536,0.9995038,0.9994934,0.9995241,0.9994332,0.99946827,0.9995384,0.9995084,0.9993753,0.9994472,0.99952984,0.99954665,0.99954736,0.9994804,0.99955666,0.99959946,0.99959874,0.99956113,0.9996482,0.99963504,0.99960434,0.99955916,0.99948186,0.99949133,0.99949074,0.9995267,0.99943787,0.9995978,0.9995816,0.99952126,0.9995891,0.999311,0.9995467,0.9994375,0.9995643,0.99943244,0.9995416,0.9995667,0.99952483,0.9995051,0.99957764,0.99917597,0.9994996,0.99958646,0.99976665,0.9995876,0.99957174,0.9995586,0.9993958,0.9996342,0.99956083,0.99954987,0.9993059,0.9994359,0.999533,0.99951977,0.9996051,0.9995929,0.9995911,0.9994676,0.99955606,0.99962765,0.9997473,0.99970424,0.99960375,0.99959207,0.9996197,0.9994901,0.99953884,0.9995482,0.99953115,0.9997277,0.99921405,0.999677,0.9996593,0.99966025,0.9995665,0.999667,0.9995941,0.9995138,0.9994562,0.9995938,0.99954796,0.99960643,0.9996019,0.99942154,0.99946254,0.99934924,0.9994722,0.999671,0.99974406,0.9996127,0.99973994,0.9994844,0.9996483,0.9995546,0.99957216,0.9996047,0.99959147,0.9997055,0.99968475,0.99953914,0.9994735,0.99967295,0.9995528,0.99960625,0.99952894,0.9995201,0.9995933,0.9992118,0.9992114,0.999395
ipip197,0.9995371,0.99945354,0.9994625,0.99940556,0.9995408,0.9994994,0.99953914,0.9994334,0.99958366,0.9994035,0.9994352,0.9995867,0.99953353,0.99946404,0.9994657,0.9994648,0.99953926,0.9994642,0.9996219,0.9995232,0.9995668,0.99951047,0.9997244,0.9995408,0.9995103,0.9994914,0.9994444,0.99955183,0.99951047,0.99962336,0.9995233,0.99958044,0.9994132,0.9995804,0.9995567,0.999695,0.9995076,0.99953854,0.99953556,0.9995737,0.99941903,0.99952334,0.9995432,0.99940926,0.99942267,0.9995314,0.999532,0.99944115,0.999547,0.99947643,0.99950004,0.9992382,0.9995486,0.9994519,0.99941295,0.9995278,0.99933475,0.99951583,0.9994595,0.9995604,0.9996117,0.99953043,0.99961954,0.99952036,0.9994991,0.9995193,0.99954796,0.9995422,0.99953115,0.99946404,0.999721,0.99975014,0.99943745,0.99963576,0.99956244,0.9991088,0.9994528,0.9995586,0.9995711,0.9995963,0.9995788,0.9996512,0.99943036,0.9995772,0.9996295,0.99957746,0.999545,0.99948364,0.99943936,0.9995097,0.9995586,0.9995929,0.9995208,0.99934685,0.9993209,0.99930435,0.99956495,0.9994672,0.99932796,0.9994114,0.99948835,0.99958694,0.99957323,0.9995616,0.99965256,0.9994372,0.9995345,0.99939847,0.9995948,0.9995808,0.9996352,0.999547,0.9995684,0.9995188,0.99961007,0.9996976,0.9995965,0.9996209,0.9995789,0.9995982,0.9995907,0.99945277,0.999584,0.99957705,0.9995182,0.99944,0.99954236,0.99952275,0.99950594,0.999385,0.9997058,0.9993342,0.99962234,0.9994739,0.9996525,0.99971926,0.99952614,0.9995887,0.9996269,0.99961054,0.99968237,0.9996264,0.9994374,0.9995698,0.999655,0.9993944,0.99960953,0.9995628,0.9995123,0.9995524,0.99959034,0.99957854,0.99953914,0.9993437,0.99961036,0.99989235,0.9999982,0.9997608,0.9993917,0.9995994,0.9995905,0.99974376,0.9995095,0.99954873,0.9996072,0.9993623,0.99961144,0.9995957,0.99956226,0.99952114,0.9996659,0.99944156,0.99956506,0.99959147,0.99954396,0.9995649,0.9995147,0.9994914,0.9994871,0.99949694,0.9994503,0.9994477,0.9994826,0.99949604,0.9993563,0.9994278,0.99951386,0.9995322,0.9995316,0.9994829,0.9995662,0.9995914,0.999579,0.99955046,0.9996471,0.99962366,0.99958444,0.99954736,0.99946016,0.99950004,0.9994983,0.9995017,0.99943537,0.9995699,0.9995646,0.9995201,0.99958205,0.99930996,0.99954003,0.9994321,0.99956256,0.99945843,0.9995351,0.99956137,0.9995182,0.9995019,0.99957734,0.99918103,0.9994838,0.99958384,0.99977165,0.999576,0.99956286,0.9995828,0.9993963,0.9996225,0.99954146,0.9995413,0.9992897,0.99944276,0.99952847,0.999488,0.99959844,0.9995857,0.9995792,0.9994364,0.9995733,0.9996198,0.9997483,0.9997146,0.9996185,0.9996153,0.999603,0.9995049,0.9995341,0.9995563,0.9995398,0.99971455,0.9992166,0.99968666,0.99965805,0.99965537,0.99957323,0.9996609,0.99959904,0.9995282,0.99945474,0.9996012,0.9995703,0.99960756,0.99959093,0.9994289,0.99949193,0.9993387,0.99947596,0.9996507,0.99974567,0.9996178,0.9997399,0.9994581,0.9996356,0.9995451,0.9995614,0.9996036,0.9995963,0.9997063,0.9996883,0.99955565,0.99946463,0.99967676,0.9995432,0.9995893,0.9995389,0.9995161,0.9995699,0.9992197,0.99920976,0.9993727
ipip227,0.9995824,0.99947363,0.9994921,0.99942195,0.9995905,0.99950904,0.99960965,0.9994935,0.999592,0.99943095,0.9994261,0.9995683,0.9995303,0.9994344,0.9994116,0.99945384,0.9995254,0.99945796,0.9995687,0.99955887,0.999562,0.99953765,0.99969995,0.99954003,0.99949145,0.9995136,0.99946266,0.999541,0.99946964,0.99950534,0.99955946,0.9996033,0.99941397,0.9996154,0.9995946,0.9997414,0.99951935,0.99958736,0.9995319,0.9996083,0.9994608,0.9995611,0.9995787,0.99941504,0.9994158,0.99958456,0.9995677,0.9994242,0.9995717,0.9994594,0.99955416,0.99926484,0.99964154,0.99945754,0.9993911,0.9995723,0.9993783,0.9994708,0.9994888,0.9995786,0.9996241,0.9995174,0.99965626,0.99948025,0.9994588,0.999472,0.9995726,0.99956834,0.9995228,0.9994759,0.99977607,0.9997332,0.99945015,0.9997309,0.99955344,0.999045,0.99944997,0.99955356,0.9995873,0.99960923,0.9995113,0.99961954,0.9994065,0.99958014,0.99959874,0.9996072,0.999542,0.9994518,0.9993915,0.99951726,0.99952245,0.99960846,0.99953514,0.9993392,0.999265,0.9993152,0.99962425,0.99947613,0.999312,0.9993484,0.9994987,0.99955666,0.9995698,0.99952745,0.999586,0.99935764,0.99954355,0.99938023,0.99958533,0.99962705,0.99965954,0.99950314,0.99954927,0.9995048,0.9996288,0.99966997,0.99960375,0.99962956,0.9995898,0.9995786,0.99961793,0.99947697,0.999617,0.9996227,0.9995602,0.9994374,0.9995345,0.99956894,0.9994685,0.99941075,0.99977463,0.9992857,0.99960303,0.9994276,0.99971586,0.999709,0.9995097,0.9996643,0.99969137,0.99970007,0.99963,0.9995876,0.99943155,0.99958694,0.99959207,0.9993535,0.9995809,0.99956113,0.99951243,0.9995288,0.99960434,0.99956495,0.9994733,0.99933404,0.9996479,0.99979764,0.9997608,0.99999756,0.99939823,0.99963814,0.99959415,0.9997828,0.9995772,0.99951214,0.99967194,0.9993873,0.9996925,0.9995478,0.99963003,0.99954087,0.9997445,0.9994641,0.99960345,0.99960476,0.99955285,0.99960405,0.9995387,0.9995236,0.99950564,0.99951726,0.9994016,0.9994409,0.99956036,0.99949753,0.9993588,0.9994924,0.9995481,0.99956864,0.9995573,0.9994669,0.99956113,0.99960506,0.9995955,0.99955904,0.999621,0.99964243,0.99960077,0.9996147,0.9994525,0.9995429,0.9995446,0.9995751,0.9995067,0.99961114,0.99959666,0.9995104,0.9996096,0.9992612,0.99949783,0.99941766,0.999549,0.9994462,0.9995416,0.999573,0.99952805,0.99948037,0.99955267,0.9991449,0.9994686,0.99956447,0.99975467,0.999585,0.99961036,0.9995564,0.9993595,0.9996461,0.9995913,0.99955493,0.9992568,0.9993909,0.9995374,0.99954116,0.99960464,0.9995705,0.9996268,0.9994874,0.9996186,0.99968636,0.9997568,0.99964243,0.999631,0.9995647,0.99965405,0.99949145,0.9995267,0.99955994,0.99954855,0.9997657,0.9992331,0.9997322,0.9996636,0.9996642,0.99954075,0.999671,0.99959767,0.9995567,0.9994872,0.99961644,0.9995813,0.99958897,0.9996102,0.9994104,0.9994918,0.9993884,0.99948084,0.9997459,0.99972415,0.9996286,0.99968666,0.99939924,0.99970096,0.9995715,0.99960566,0.99965805,0.99962896,0.9996885,0.9996974,0.99959624,0.9994411,0.99967253,0.99955374,0.99965566,0.9995641,0.99951535,0.9996245,0.99921894,0.99923015,0.9994188
ipip257,0.9993582,0.9993259,0.99934804,0.9992235,0.9993212,0.9993825,0.99933064,0.9993107,0.99933773,0.9992254,0.99920577,0.9993721,0.99935484,0.9993442,0.9992305,0.99927324,0.9993915,0.9992818,0.9993674,0.99940896,0.9993298,0.9993353,0.99930036,0.9992927,0.9992049,0.9992927,0.99928874,0.9993397,0.99932724,0.9993246,0.99930584,0.99931407,0.9992002,0.9992946,0.9993444,0.99926156,0.99932206,0.999328,0.99932027,0.99935323,0.9992394,0.9993012,0.9992567,0.99928904,0.99923444,0.9993013,0.9992718,0.99919593,0.9993429,0.99928933,0.99926823,0.99911505,0.99934256,0.999305,0.99918675,0.99925697,0.99918807,0.9993156,0.9993426,0.999289,0.99940586,0.9992959,0.9994524,0.99925965,0.9992271,0.99928313,0.99939424,0.9993123,0.9992812,0.99931544,0.99936104,0.9993119,0.999314,0.9993355,0.99943775,0.99905235,0.99929905,0.9994019,0.99933904,0.99935395,0.99930876,0.9993864,0.9992349,0.99934113,0.9993736,0.9993474,0.999325,0.9993537,0.99926615,0.9993221,0.9993481,0.9993144,0.999335,0.99928796,0.99919283,0.999209,0.9993034,0.9992461,0.99922484,0.999237,0.999329,0.99928385,0.99939686,0.99931103,0.999408,0.99917877,0.9993006,0.99912304,0.99934626,0.99941224,0.9993947,0.99934846,0.9994072,0.9994139,0.999372,0.99936277,0.99943423,0.9993373,0.99942166,0.9993116,0.99935293,0.9992869,0.9993675,0.99941105,0.99928993,0.99923664,0.99930376,0.9993385,0.99919397,0.9993237,0.99931914,0.99910176,0.9992384,0.9993265,0.99929905,0.9993537,0.9992797,0.99929994,0.99937034,0.9993379,0.9993812,0.9993587,0.999305,0.99931717,0.9994232,0.9993775,0.9993666,0.9993067,0.9992584,0.99938565,0.999297,0.9992764,0.9991811,0.9992336,0.9993734,0.99940974,0.9993917,0.99939823,0.99999803,0.99937975,0.9992245,0.99937534,0.99929774,0.9992735,0.9993275,0.9991496,0.9993267,0.99921376,0.9993404,0.99939036,0.99932927,0.9992681,0.99933827,0.9992937,0.9992744,0.9993514,0.99935144,0.9993393,0.9992455,0.9992609,0.99930376,0.9992914,0.99929535,0.9993233,0.99934155,0.9993073,0.99930054,0.9993065,0.99931717,0.9992163,0.99934036,0.9993408,0.9993448,0.99930876,0.9994009,0.9993613,0.9993148,0.9992944,0.999212,0.9992558,0.9992729,0.9992826,0.9993004,0.9993505,0.9993393,0.99923253,0.99932414,0.99916583,0.99927855,0.9992535,0.999292,0.9992687,0.9992891,0.99933296,0.9993142,0.99927384,0.9992848,0.99903274,0.99931926,0.9993046,0.99928653,0.99932534,0.9993769,0.99930197,0.9992249,0.9993503,0.99930644,0.9993714,0.99919134,0.99918354,0.99931115,0.9993568,0.999341,0.99932945,0.99941194,0.9993028,0.999272,0.999286,0.99931127,0.9992836,0.9993565,0.9993539,0.9993471,0.99923015,0.99930567,0.9992994,0.99926025,0.9993162,0.9991001,0.99929357,0.99931264,0.9993147,0.9992464,0.99931985,0.9992859,0.9993512,0.9993192,0.99925005,0.9992912,0.9993236,0.9993535,0.99927473,0.9993283,0.9992035,0.9992273,0.9993901,0.99927294,0.99925435,0.99931324,0.9991932,0.9993748,0.9992792,0.9992741,0.9993296,0.9993476,0.9992606,0.9992356,0.9992404,0.99923325,0.99929744,0.99924165,0.99936336,0.9992838,0.9992152,0.99934804,0.99908257,0.9990556,0.9992462
ipip287,0.99969804,0.9995107,0.9995645,0.99945116,0.99961233,0.9995286,0.99975306,0.9995929,0.9996807,0.99946016,0.99945945,0.9995984,0.9995612,0.99947834,0.999419,0.9995633,0.9996385,0.99951065,0.99964947,0.99967134,0.99959594,0.9995927,0.99960345,0.9996274,0.9995018,0.99964255,0.9994776,0.9996394,0.99959767,0.9995711,0.99960595,0.9996701,0.99946076,0.9996971,0.9997583,0.9995841,0.99970835,0.9997463,0.9996513,0.9996987,0.99945045,0.9995914,0.9995501,0.9994945,0.9994523,0.99961025,0.9995438,0.9994691,0.9996393,0.9995012,0.9996031,0.9992481,0.99959385,0.9995761,0.99933827,0.9995097,0.99936026,0.9994795,0.9994969,0.999626,0.9997091,0.9995407,0.999733,0.99954605,0.9995344,0.9994742,0.999751,0.99969494,0.99962753,0.99956554,0.99973863,0.99961907,0.9993619,0.99960256,0.99952495,0.9990882,0.99948853,0.99961746,0.99956936,0.99961936,0.999519,0.9997073,0.99945885,0.99968606,0.99964,0.99973714,0.99969244,0.9995057,0.99942863,0.9996434,0.9995415,0.9997119,0.9996005,0.99937916,0.9992657,0.9993251,0.99969584,0.9995262,0.9993124,0.9993562,0.9995672,0.99967456,0.99965924,0.99960136,0.9996385,0.9993975,0.9996484,0.9994115,0.99969614,0.9997727,0.99976414,0.999549,0.99953026,0.99962574,0.999765,0.9995774,0.99975646,0.99970126,0.99977416,0.99957573,0.9996933,0.99959856,0.9996394,0.9996985,0.99964535,0.9995266,0.99962056,0.99963,0.99944836,0.9995046,0.9996772,0.99924797,0.9994593,0.99944746,0.9996539,0.99961704,0.99949265,0.9996388,0.99975973,0.99972254,0.99974966,0.9996259,0.9994885,0.9996189,0.9996514,0.9994279,0.99965656,0.9996528,0.9994775,0.99965,0.9996983,0.999575,0.99936825,0.99933213,0.9999268,0.99958897,0.9995994,0.99963814,0.99937975,0.99999756,0.9994242,0.9997181,0.9996593,0.999475,0.9997184,0.99936694,0.99970895,0.9995269,0.99968994,0.99956316,0.9997027,0.9994346,0.999768,0.99966544,0.9996363,0.9996949,0.9996609,0.9996216,0.9995815,0.9996511,0.9994884,0.99947464,0.9995443,0.999537,0.99937207,0.9995485,0.99973196,0.9997399,0.99973494,0.99954605,0.99973834,0.9997094,0.9997086,0.9996394,0.9997098,0.99975944,0.99972624,0.99971426,0.99952674,0.99956626,0.9996615,0.99971277,0.99949735,0.99971426,0.99959385,0.9995202,0.999754,0.9993214,0.99955595,0.99949265,0.9995553,0.9996382,0.9996483,0.9995726,0.99952155,0.99953103,0.9996464,0.9991898,0.9995772,0.9996527,0.999662,0.999654,0.99972206,0.9996014,0.99935395,0.9997502,0.9997898,0.9996764,0.99931324,0.99947166,0.9996572,0.99961686,0.9996508,0.9996254,0.9997401,0.9995118,0.99966115,0.9995494,0.9996906,0.9994814,0.9996211,0.99957037,0.99977094,0.9995496,0.99957883,0.9996746,0.9994817,0.99972355,0.9991824,0.9995343,0.9996541,0.9996596,0.999469,0.99966115,0.9995556,0.99968094,0.9996179,0.99958843,0.9994747,0.99962664,0.9997204,0.9994667,0.999621,0.99944645,0.9995229,0.9996368,0.99953115,0.9995719,0.99955,0.9992279,0.9997594,0.99953246,0.9995845,0.99969435,0.9996016,0.9995449,0.9995137,0.99962074,0.9994432,0.9995876,0.9995136,0.99968344,0.9996194,0.9994823,0.99964434,0.999225,0.99916524,0.9994312
ipip112,0.9993819,0.9993526,0.9993677,0.99932027,0.99943376,0.999367,0.9994196,0.99937075,0.9994587,0.9993285,0.9993101,0.9994352,0.99943703,0.9993481,0.9993377,0.99934,0.99943805,0.9993995,0.99945974,0.9994277,0.99948865,0.99942917,0.99960786,0.99940515,0.9993661,0.9993701,0.99938625,0.9994695,0.99936354,0.9993737,0.9993946,0.99944687,0.99929786,0.9994331,0.99943334,0.999598,0.9994157,0.9994245,0.99940217,0.9994337,0.99950296,0.9994511,0.9994346,0.9992898,0.99934673,0.99941117,0.99941427,0.99932057,0.99945027,0.9994387,0.9994184,0.9992374,0.9995014,0.9993869,0.9993292,0.99946433,0.99923193,0.9993886,0.99937034,0.9994436,0.99947196,0.99942106,0.99947834,0.99937296,0.99937373,0.99936837,0.9994107,0.99936795,0.999372,0.9993443,0.9995562,0.9995654,0.9993104,0.99954736,0.9994506,0.99902135,0.99934524,0.9994015,0.99948823,0.9994869,0.9993969,0.9994443,0.9992616,0.9993998,0.9994795,0.99943066,0.9993731,0.9993665,0.99930686,0.9993671,0.999407,0.9994307,0.99938786,0.99929786,0.99923104,0.999213,0.9993941,0.99937296,0.9992033,0.99925375,0.99936193,0.9994016,0.9994364,0.99942875,0.99946344,0.99931836,0.99934936,0.999259,0.99944603,0.999409,0.9994656,0.99932176,0.99942154,0.9994003,0.999462,0.99956876,0.9994494,0.999474,0.99944127,0.99945366,0.9994782,0.9993751,0.9995418,0.9995302,0.999444,0.99933666,0.9995236,0.9994626,0.9993954,0.99928087,0.9996587,0.9993595,0.9999148,0.99944633,0.999568,0.9995781,0.99938405,0.9995417,0.9995457,0.9994759,0.99946034,0.9994857,0.99937063,0.99944603,0.9994793,0.9993455,0.9994312,0.9993856,0.9994125,0.99941653,0.9994396,0.9994492,0.9993855,0.999278,0.99945945,0.9995684,0.9995905,0.99959415,0.9992245,0.9994242,0.9999971,0.99967355,0.9994714,0.9993945,0.99947137,0.9993072,0.9995797,0.9994114,0.9994625,0.99939233,0.9995116,0.9993466,0.9994555,0.9994645,0.99940896,0.9994298,0.999364,0.99936,0.99938834,0.99938434,0.9993635,0.9993529,0.9993837,0.99941367,0.9992447,0.99939257,0.9993926,0.9994074,0.99941075,0.99944085,0.9994072,0.99944544,0.99942136,0.99940825,0.9994293,0.9994562,0.99944717,0.99939775,0.9993703,0.9993795,0.9993729,0.9993701,0.9993692,0.9994333,0.9994478,0.9993786,0.99945843,0.9992115,0.9994342,0.9993741,0.9994893,0.9993017,0.99939436,0.9995004,0.9994867,0.9994133,0.999424,0.9990958,0.9993598,0.99943966,0.99957716,0.9994205,0.99944246,0.99944764,0.9992284,0.9994222,0.9994028,0.99948406,0.9992202,0.99926215,0.99943644,0.99941444,0.99947006,0.99939954,0.9994545,0.9994177,0.9994347,0.9995487,0.9995618,0.99957615,0.99949443,0.9994478,0.9994196,0.9993542,0.99942654,0.99940324,0.99945956,0.999548,0.9991801,0.999608,0.99949414,0.9994881,0.99950796,0.9995363,0.9995331,0.99945134,0.9993943,0.99952006,0.9994529,0.9994138,0.9994509,0.99936086,0.9994005,0.9993067,0.9993941,0.99955285,0.9996028,0.9994833,0.9995695,0.9993228,0.99948907,0.99941593,0.99945635,0.999475,0.99947846,0.999572,0.9995778,0.999407,0.99937016,0.9995387,0.99942267,0.9994922,0.9994103,0.99939376,0.9994837,0.9991402,0.9992041,0.9992944
ipip142,0.9996783,0.9995361,0.9995835,0.9995105,0.99965674,0.99955827,0.9997169,0.9995536,0.9996986,0.9995344,0.9995118,0.9996351,0.99962634,0.999526,0.9994847,0.99960554,0.99963605,0.99955964,0.999687,0.99964374,0.9996433,0.9995873,0.9997689,0.9996318,0.99951,0.9996166,0.9995548,0.9996583,0.9995755,0.99957013,0.9996409,0.99967664,0.99951416,0.99967676,0.99972636,0.9997624,0.9996649,0.99973136,0.9996395,0.99969107,0.99954885,0.99962705,0.99961203,0.9994946,0.9995085,0.9996446,0.99959123,0.9994695,0.99967736,0.999549,0.999622,0.99931437,0.999666,0.99955195,0.9994396,0.9996027,0.9994095,0.99953914,0.99955076,0.99966466,0.99970835,0.9996019,0.9997097,0.9995659,0.9995379,0.9995359,0.99968016,0.9996458,0.9995841,0.9995476,0.9998085,0.9997575,0.99944836,0.9997249,0.9995909,0.9991093,0.9995006,0.99961585,0.9996581,0.99969655,0.9995637,0.9997079,0.999462,0.9996723,0.99966735,0.99975675,0.99966466,0.99953294,0.9994782,0.99962944,0.99960166,0.99969304,0.99960643,0.99944085,0.9993492,0.9993614,0.99968773,0.9995784,0.9993644,0.999375,0.9995675,0.99967986,0.99964833,0.99960047,0.9996636,0.99942327,0.9996309,0.9994325,0.99964833,0.9997152,0.9997618,0.99955124,0.99958414,0.99963117,0.9997671,0.99974537,0.99972075,0.9997925,0.9997441,0.99962413,0.99968946,0.9995312,0.99970233,0.9997058,0.9996561,0.99953526,0.9996446,0.9996389,0.99955434,0.99948627,0.9997902,0.9993096,0.9996775,0.9994953,0.9997547,0.99976605,0.9995841,0.99967533,0.99975246,0.99972475,0.9997284,0.9996595,0.9995303,0.99965477,0.99966896,0.9994125,0.9996376,0.9996184,0.99954677,0.99962753,0.99970454,0.9996359,0.9994777,0.9993838,0.9997467,0.99975425,0.99974376,0.9997828,0.99937534,0.9997181,0.99967355,0.99999905,0.99974906,0.9996206,0.9998025,0.9994913,0.99973017,0.99958754,0.9997216,0.9996026,0.99979126,0.99948794,0.99971604,0.9996868,0.9996652,0.99970204,0.9996315,0.9996087,0.9996058,0.9996055,0.9994908,0.9995313,0.99958014,0.9995883,0.99942994,0.9995234,0.99967504,0.9996815,0.99967384,0.9995693,0.9996853,0.99969965,0.9996973,0.9996636,0.99968827,0.9997327,0.9997132,0.9997177,0.99954724,0.99956286,0.9996261,0.99969786,0.999535,0.9997094,0.9996694,0.9995891,0.999732,0.999354,0.9995669,0.9995097,0.9996218,0.99952924,0.9996689,0.999663,0.9995973,0.9995625,0.9996572,0.9992516,0.9996064,0.9996809,0.9998034,0.9996884,0.99971354,0.9996396,0.99941576,0.99975234,0.99971026,0.9996487,0.9993295,0.9994596,0.99963564,0.99961376,0.9996794,0.9996377,0.99972236,0.9995388,0.99965924,0.99974424,0.99981844,0.99969065,0.9997449,0.9996109,0.99974805,0.9995389,0.9996171,0.9996267,0.99957323,0.99980485,0.9992791,0.9997286,0.9997189,0.99971795,0.9995937,0.99972135,0.9996489,0.9996454,0.99957865,0.9996897,0.9996147,0.99964935,0.99971473,0.9995178,0.99957424,0.99943846,0.9995775,0.9997423,0.99973094,0.9996696,0.99971366,0.9993865,0.99976397,0.9995984,0.9996514,0.99971646,0.9996504,0.9997081,0.9997084,0.99961805,0.9994943,0.9997137,0.99960524,0.99971473,0.9996031,0.99956936,0.99966425,0.99925864,0.9992513,0.9994674
ipip172,0.9995724,0.9994366,0.99949324,0.99939346,0.9995315,0.9994445,0.9995956,0.9994752,0.9995572,0.9994194,0.9994163,0.9995351,0.9995284,0.99941885,0.99938124,0.99948883,0.9995567,0.9995529,0.99956316,0.99955904,0.99956363,0.99950033,0.9995551,0.999499,0.99941343,0.9995435,0.9994133,0.99958766,0.99950415,0.999475,0.99953467,0.9995332,0.99942964,0.9995936,0.999655,0.99955064,0.99963486,0.9996616,0.99955946,0.9995705,0.9994163,0.99949485,0.9995079,0.99944514,0.99940646,0.9995389,0.9994786,0.9993804,0.99960035,0.99951565,0.9994849,0.99921095,0.9995191,0.9994468,0.9992934,0.9994587,0.9993003,0.99942917,0.9994522,0.9995286,0.9996127,0.99948245,0.9996364,0.9994497,0.9994669,0.9994167,0.99959934,0.9995297,0.9994841,0.9994434,0.9996176,0.99954885,0.99934345,0.99952865,0.99949855,0.9990063,0.99944186,0.999532,0.99952304,0.9995329,0.99945176,0.9995943,0.9993822,0.99960995,0.99955684,0.99967796,0.99956995,0.999431,0.99943817,0.99955034,0.9995078,0.9996255,0.9995138,0.999362,0.9993097,0.9992922,0.9995962,0.99942654,0.9992908,0.9992892,0.99949425,0.9995531,0.9995507,0.9995077,0.9995656,0.99926364,0.99950486,0.99928534,0.99950737,0.99959594,0.99962604,0.99945545,0.999482,0.9995532,0.9996844,0.99964887,0.9996358,0.99979377,0.99973977,0.99952906,0.99961025,0.99947256,0.9995845,0.9996994,0.9996062,0.9994837,0.9995365,0.9995229,0.999377,0.9994227,0.99963444,0.99929434,0.99942666,0.99940324,0.9995931,0.9995343,0.99943626,0.9995294,0.9996229,0.999592,0.9996455,0.999554,0.999441,0.99952114,0.9995891,0.9993508,0.9995433,0.99951875,0.99942744,0.9995521,0.9995883,0.99952114,0.99937123,0.999287,0.9996946,0.9995579,0.9995095,0.9995772,0.99929774,0.9996593,0.9994714,0.99974906,0.9999984,0.99946576,0.9996542,0.9993757,0.9995931,0.99946386,0.99966246,0.9995413,0.99961245,0.99940765,0.9996582,0.99961656,0.99954855,0.9996305,0.99951774,0.9994975,0.99946404,0.9995226,0.9993758,0.99941576,0.99950594,0.99948126,0.99932235,0.9994263,0.9996048,0.9995891,0.9995991,0.9994532,0.99961257,0.99958134,0.9995944,0.9995536,0.9996137,0.99962974,0.99960303,0.9995547,0.99943227,0.9994452,0.99954844,0.9996016,0.999404,0.99960023,0.9995366,0.9994336,0.9996068,0.99924904,0.999434,0.99942523,0.99948883,0.9994675,0.99954945,0.9995016,0.99946964,0.99948424,0.99953216,0.9992024,0.99952364,0.9995718,0.99958605,0.9995681,0.9995859,0.9995201,0.99931335,0.99963576,0.9996265,0.99955165,0.99922985,0.9993557,0.9995443,0.99952984,0.9995678,0.9995272,0.999603,0.9994766,0.99956656,0.9996152,0.9996118,0.99944955,0.9995829,0.9994666,0.9996176,0.999431,0.9994808,0.99950385,0.9994234,0.99961734,0.999158,0.99948204,0.9995659,0.99956757,0.9994091,0.99956965,0.9994938,0.9995652,0.9995154,0.9995147,0.9994272,0.9995221,0.99960184,0.9994073,0.9994805,0.99936676,0.9994717,0.99956095,0.99949515,0.9995038,0.9994936,0.99917847,0.9995892,0.9994098,0.9995256,0.9995562,0.99950904,0.9994875,0.9994827,0.99952227,0.99937844,0.9994973,0.9994448,0.9995858,0.99947494,0.99941254,0.9995346,0.99913895,0.99913824,0.9993674
ipip202,0.99948984,0.9994026,0.99942464,0.9993502,0.99946845,0.9994551,0.99948484,0.9993711,0.999587,0.9993695,0.99941534,0.999486,0.9994424,0.9993594,0.9994023,0.99938416,0.99944055,0.9994102,0.9994961,0.99942553,0.9994621,0.99941653,0.9995605,0.999504,0.99944943,0.99940366,0.99943453,0.999447,0.9994303,0.99940544,0.99953955,0.9995398,0.9993614,0.9994901,0.99947065,0.99951935,0.99939984,0.99946976,0.99944437,0.99948704,0.9993055,0.99942166,0.99948496,0.99932,0.9993886,0.99944997,0.9994379,0.99937016,0.99944395,0.99934787,0.999413,0.99917394,0.9994253,0.9993367,0.99941444,0.9993728,0.99930906,0.99943066,0.9994283,0.99951905,0.999529,0.99941474,0.99951047,0.99948627,0.99940795,0.9994466,0.9994498,0.9995018,0.9994951,0.99942976,0.9995363,0.9995136,0.99939495,0.99945694,0.99943036,0.9989772,0.9992991,0.99941385,0.9995523,0.9995841,0.99950284,0.9995308,0.9992995,0.99948895,0.9994558,0.9995026,0.9994394,0.9993947,0.99934155,0.9993995,0.9994386,0.9995018,0.999429,0.99931085,0.99923414,0.99917597,0.99949044,0.99948776,0.9992738,0.99928254,0.9994128,0.99956965,0.99950314,0.9994894,0.99949765,0.9993164,0.9993887,0.9994009,0.9994991,0.9994777,0.9995373,0.9993966,0.99945873,0.9994623,0.9994978,0.99953043,0.9995008,0.9995643,0.9995036,0.9994635,0.99950427,0.99936557,0.99951094,0.999501,0.9994297,0.9994269,0.9994238,0.99943024,0.9995053,0.99928033,0.99952745,0.9991944,0.99943244,0.99937606,0.9995066,0.9995207,0.99945796,0.99948746,0.99951124,0.99951327,0.9995373,0.9995413,0.99945676,0.9995293,0.9994959,0.99926364,0.99946153,0.99951464,0.9994025,0.9994253,0.99954885,0.99951065,0.999355,0.999294,0.99951726,0.999564,0.99954873,0.99951214,0.9992735,0.999475,0.9993945,0.9996206,0.99946576,0.99999696,0.99957764,0.99940217,0.99945486,0.99944997,0.9994666,0.9994108,0.99954885,0.9993347,0.99946874,0.999439,0.99954385,0.99946326,0.99942106,0.9994219,0.99947965,0.99938613,0.99928916,0.99947333,0.99941623,0.9995072,0.99933726,0.9994149,0.9994298,0.9994408,0.9994403,0.9993938,0.99944216,0.9994901,0.9994758,0.999554,0.9994987,0.9995389,0.9994766,0.99944675,0.9993858,0.99941796,0.9994043,0.99947166,0.99935114,0.99947935,0.9995015,0.9995005,0.99954784,0.99931526,0.9994403,0.9994039,0.9994558,0.9993157,0.9995708,0.99956423,0.9995,0.9994999,0.99942577,0.9991284,0.9993951,0.9994689,0.99956876,0.99946976,0.999512,0.99954796,0.99932176,0.999541,0.999451,0.99943376,0.99926734,0.9994232,0.9994057,0.9994116,0.9995488,0.9995012,0.99955577,0.9993609,0.99948925,0.9994819,0.99954665,0.9994518,0.9994807,0.99942154,0.999489,0.9994235,0.99939203,0.9994765,0.999426,0.99955016,0.99910605,0.9994529,0.99953413,0.99954,0.99941844,0.999531,0.9994569,0.9994052,0.9993723,0.9995563,0.99939036,0.99954593,0.99947655,0.99940664,0.9993494,0.9992349,0.99940586,0.9995313,0.99956185,0.9996544,0.9995866,0.9993046,0.9995253,0.99948704,0.9995122,0.9995439,0.9995166,0.9994812,0.9995,0.9994625,0.9994359,0.99950194,0.99952835,0.9994999,0.9994305,0.9995096,0.9994575,0.99917245,0.99909943,0.9993289
ipip232,0.99968,0.999513,0.99954695,0.9994659,0.9996486,0.9995533,0.9997096,0.9995503,0.9996627,0.99948996,0.9994922,0.9996286,0.9995856,0.99950963,0.99944186,0.99957687,0.99963963,0.9994934,0.9996504,0.9996496,0.9996009,0.9995961,0.99964607,0.99962,0.99951476,0.9996044,0.9994848,0.9996099,0.9995656,0.99954337,0.99960756,0.9996534,0.99944466,0.99965835,0.9997368,0.9996975,0.99961954,0.999735,0.99962664,0.9996972,0.9994329,0.9995515,0.9995393,0.99947757,0.9994443,0.9996121,0.99953294,0.9994604,0.99964345,0.99949735,0.9996035,0.99922365,0.99964213,0.99951065,0.99941415,0.9994701,0.99941367,0.9994922,0.9995221,0.9996331,0.9997053,0.99953544,0.9997005,0.9995691,0.99950755,0.99949497,0.9996748,0.999651,0.9996017,0.9995439,0.99979436,0.99964094,0.99944174,0.999663,0.9995254,0.9989888,0.9994339,0.99956983,0.9995716,0.9996483,0.99956495,0.9996941,0.99941796,0.9997041,0.99963945,0.9997768,0.99965566,0.999489,0.99945664,0.99961776,0.9996,0.99970126,0.99961877,0.99938107,0.9992824,0.9992921,0.99980265,0.9995081,0.99930996,0.9993038,0.9995139,0.9996764,0.9996071,0.9995854,0.99966145,0.99932534,0.99960226,0.9994791,0.9996121,0.99972546,0.99978137,0.99956936,0.99956834,0.99955916,0.9996906,0.99957126,0.9996923,0.9997465,0.9997147,0.99952537,0.9996458,0.99947524,0.99961084,0.99964416,0.9996399,0.9994905,0.99952817,0.99961525,0.9994925,0.9994387,0.9997154,0.99920326,0.999492,0.99944216,0.9996803,0.99967337,0.99961954,0.99963164,0.9997563,0.99986684,0.99977267,0.9996409,0.99947906,0.9997457,0.9996783,0.99938434,0.9996508,0.999633,0.9994709,0.99959624,0.99967366,0.99957234,0.99937433,0.99929833,0.9997502,0.99962956,0.9996072,0.99967194,0.9993275,0.9997184,0.99947137,0.9998025,0.9996542,0.99957764,0.999997,0.9994516,0.99969107,0.99953353,0.9997038,0.9995591,0.9997487,0.9994523,0.999724,0.99966645,0.99964213,0.9996752,0.99961305,0.9996384,0.9995664,0.99954027,0.99940115,0.99947506,0.99950296,0.99955475,0.9993675,0.9994778,0.99962753,0.99962693,0.99962276,0.99947244,0.9996514,0.99965394,0.99967325,0.999636,0.9996791,0.9997234,0.9996583,0.9996943,0.9994638,0.9995182,0.9995907,0.9997109,0.99947745,0.99968976,0.99957705,0.9995425,0.9996913,0.99929756,0.9994872,0.99947196,0.9995229,0.9995,0.99964017,0.99958813,0.99953306,0.9995077,0.9995563,0.9991079,0.99952507,0.9996312,0.9997043,0.99961835,0.9996889,0.9996093,0.999336,0.9997364,0.9996831,0.9995948,0.9992284,0.9994484,0.9995657,0.99960274,0.9996773,0.99962574,0.9997299,0.9994969,0.9996326,0.9996351,0.9997013,0.9995369,0.99966943,0.9995286,0.9997384,0.99949944,0.99956083,0.99959797,0.99953884,0.9997728,0.9992232,0.9996221,0.9996766,0.99968064,0.9994742,0.999668,0.99955153,0.9995866,0.9995611,0.99963295,0.9994976,0.9996649,0.9996794,0.9994412,0.99950296,0.99935794,0.9994889,0.99970686,0.99961483,0.99963963,0.9996044,0.9992823,0.9997443,0.99952614,0.9996156,0.99967194,0.99960786,0.99961275,0.9996051,0.9996179,0.99944663,0.9996127,0.99959725,0.99970937,0.9995602,0.9995681,0.999642,0.99925184,0.9991716,0.99944663
ipip262,0.99934065,0.9992798,0.9992882,0.9992526,0.99934953,0.9993384,0.99938506,0.99929404,0.9994122,0.9992759,0.99951404,0.99935704,0.9993494,0.99922514,0.99924004,0.9992992,0.9993842,0.9992869,0.9993475,0.99936384,0.9993411,0.999318,0.999383,0.99932927,0.9992533,0.9993442,0.99931115,0.9993578,0.99932176,0.99932575,0.9992983,0.99944824,0.9992689,0.9993386,0.99937344,0.9993614,0.99933714,0.99939996,0.9993315,0.9993897,0.9992944,0.99937665,0.99930054,0.99932027,0.99926704,0.9993189,0.99928296,0.9992313,0.99935794,0.99925107,0.99933136,0.99913615,0.99936587,0.9992408,0.9993086,0.99933267,0.9992015,0.99936754,0.99933845,0.9994231,0.9993996,0.9992918,0.99939317,0.99929667,0.9992491,0.9992717,0.99936885,0.9993484,0.99931765,0.9993271,0.9994028,0.99937403,0.99921495,0.9993632,0.999305,0.998958,0.99922734,0.9993273,0.99941564,0.99942875,0.9992847,0.99940616,0.99921197,0.99937266,0.99934936,0.99939334,0.99934506,0.9992831,0.99926794,0.99931794,0.999378,0.9993635,0.99931014,0.9992323,0.9991346,0.99912804,0.9993638,0.99933314,0.99914485,0.9991733,0.99929655,0.99935347,0.99937135,0.99933654,0.99938184,0.99919355,0.9992742,0.99917865,0.99936634,0.99939924,0.9994462,0.99926835,0.99933517,0.99941546,0.9994076,0.99936664,0.99941003,0.99945277,0.99940985,0.9993505,0.9993681,0.9992655,0.9993761,0.9993749,0.9993533,0.99926543,0.99935967,0.99939513,0.9993502,0.9992096,0.99943674,0.9990899,0.9993163,0.9992587,0.99943686,0.99940014,0.9993004,0.9994407,0.9994601,0.9993809,0.9993865,0.9993601,0.9993268,0.99935395,0.99935275,0.9991855,0.9993447,0.9993452,0.99935657,0.99935025,0.9993595,0.9993268,0.99921805,0.99916995,0.9994029,0.999397,0.9993623,0.9993873,0.9991496,0.99936694,0.9993072,0.9994913,0.9993757,0.99940217,0.9994516,0.9999981,0.999432,0.99927324,0.99937856,0.9993188,0.99940103,0.9992493,0.99938357,0.99932986,0.9993789,0.9994437,0.9993281,0.9993401,0.999369,0.99928457,0.9991773,0.9993187,0.9992896,0.99938107,0.99926716,0.99926114,0.99931395,0.99931455,0.9993135,0.9992542,0.9993409,0.99942803,0.9994345,0.99939334,0.9993791,0.99944806,0.9993636,0.99935097,0.99925,0.99929523,0.99932784,0.9993469,0.99923575,0.99945176,0.99932647,0.9992655,0.9993827,0.99922585,0.9993147,0.99933547,0.99937034,0.9992335,0.99941486,0.99936974,0.99941033,0.9993484,0.9993241,0.99907315,0.99933267,0.9994127,0.9994187,0.9994398,0.9993948,0.9993687,0.999311,0.9994957,0.9993691,0.99933606,0.9991067,0.9992549,0.9992928,0.9993255,0.9994015,0.9993556,0.9994229,0.99929243,0.9993202,0.9993922,0.99941933,0.99928415,0.99936306,0.9993011,0.99945587,0.99933916,0.99938995,0.9993355,0.9992974,0.99941176,0.99909014,0.99934953,0.99948674,0.9994965,0.9994863,0.9995219,0.9994983,0.999311,0.9992787,0.9993453,0.99927515,0.9993498,0.99943674,0.9993018,0.9993204,0.9992107,0.99935365,0.9994259,0.9994001,0.99934465,0.99937403,0.9991368,0.9994241,0.9993914,0.99932253,0.9994266,0.99935025,0.99935204,0.99936396,0.9992891,0.99924016,0.9993237,0.99941236,0.9994755,0.99931914,0.99938905,0.99942327,0.9991221,0.99912274,0.9992511
ipip292,0.99963146,0.9994977,0.9995418,0.99945086,0.9996089,0.9995136,0.9997319,0.99955803,0.9996713,0.9994772,0.9994757,0.9995773,0.9995499,0.9994398,0.9994118,0.99950397,0.9995912,0.9994815,0.9995975,0.9996335,0.99957687,0.99954754,0.99965024,0.9995995,0.99945414,0.999584,0.99953014,0.9996176,0.9995466,0.9995344,0.99955153,0.999744,0.9995396,0.99962443,0.999694,0.9996593,0.99967575,0.9996973,0.99957824,0.99965036,0.9996155,0.9997174,0.9995166,0.99949837,0.9994403,0.9995959,0.99953395,0.9994372,0.99960524,0.99948585,0.9996084,0.9992924,0.99965966,0.9995663,0.99944407,0.9996467,0.9993679,0.99953055,0.9994989,0.99971396,0.99963844,0.9995063,0.99966013,0.99948424,0.9994516,0.9994451,0.99964714,0.9996467,0.99955386,0.99952286,0.9997621,0.9996733,0.999384,0.9996853,0.9994947,0.99911016,0.9994745,0.99958706,0.9996741,0.99969524,0.9994894,0.9996566,0.99943006,0.99962205,0.9996513,0.9996785,0.9996204,0.99947566,0.99941856,0.9995728,0.99951434,0.99964595,0.9995522,0.99935156,0.9992669,0.99933404,0.9996635,0.9995075,0.99929905,0.9993282,0.9995298,0.99958634,0.9995872,0.99954,0.99958926,0.9994002,0.9995658,0.99934244,0.999631,0.99968976,0.9997501,0.99948496,0.9995171,0.9995334,0.9996675,0.99955064,0.999658,0.9996498,0.99963546,0.99955964,0.9996378,0.99951804,0.9996451,0.9996351,0.99961275,0.9994728,0.9996559,0.9996878,0.99950325,0.9994523,0.9997554,0.99928004,0.9995315,0.99941397,0.9997158,0.9996769,0.9995057,0.99981123,0.9998302,0.9997272,0.9996682,0.999566,0.9994548,0.9995804,0.99960005,0.99937916,0.99960005,0.99959064,0.9996225,0.9996037,0.99964,0.9995375,0.9993534,0.99932224,0.9997047,0.9996292,0.99961144,0.9996925,0.9993267,0.99970895,0.9995797,0.99973017,0.9995931,0.99945486,0.99969107,0.999432,0.9999967,0.99949414,0.99963456,0.9995332,0.99971545,0.99943143,0.9997118,0.9996174,0.99960864,0.9996742,0.9996188,0.99959964,0.99959695,0.9996135,0.99942905,0.99950975,0.9995261,0.9995673,0.9994083,0.9995227,0.9996623,0.9996889,0.99967384,0.9995189,0.99965537,0.9996921,0.9996787,0.9996248,0.99963766,0.9997294,0.999665,0.9997565,0.99947596,0.9995724,0.99961275,0.9996442,0.9994765,0.99968123,0.999578,0.99949664,0.99968195,0.99929065,0.9995652,0.9995299,0.99957687,0.9995267,0.99960566,0.99957865,0.9996246,0.9994985,0.9996035,0.99915326,0.99951667,0.9995852,0.9997123,0.99963725,0.99967563,0.99956745,0.99936426,0.99968994,0.99969137,0.99966776,0.9993008,0.99943286,0.9996423,0.9995747,0.9996291,0.9995793,0.99966884,0.99951184,0.999598,0.9996063,0.99970084,0.9995249,0.9995847,0.99950933,0.99971616,0.99952865,0.99956995,0.99961376,0.9995322,0.9998068,0.99925005,0.9996543,0.99977607,0.9997728,0.99964964,0.9998132,0.9997077,0.9996353,0.9995819,0.9995899,0.99948287,0.99956656,0.9996837,0.99948037,0.99958175,0.99944794,0.9995567,0.99972564,0.99961793,0.9995592,0.99959064,0.9993237,0.99983644,0.99966264,0.9995556,0.9998095,0.9995849,0.999598,0.9996156,0.99957085,0.99945974,0.99958515,0.9995778,0.9997589,0.99960274,0.9995396,0.9997385,0.9992498,0.9992881,0.9994574
ipip57,0.99947053,0.9994269,0.9993734,0.9993459,0.9994697,0.9994632,0.99948245,0.99941474,0.999549,0.99933857,0.99935937,0.99949336,0.9994551,0.9994051,0.999467,0.99939024,0.99948215,0.9993854,0.99952364,0.999465,0.9994886,0.99946743,0.9995676,0.99955076,0.9997204,0.9994299,0.9994074,0.99948555,0.99945116,0.99945134,0.99949497,0.99951136,0.99930716,0.9997358,0.9994999,0.9995533,0.9994331,0.999491,0.9995009,0.99959314,0.99928427,0.99940807,0.9994771,0.99930257,0.99938375,0.99946994,0.9996864,0.9995141,0.99949795,0.9993761,0.99945205,0.9991931,0.9994201,0.9994103,0.999383,0.9993861,0.9992278,0.99942565,0.9993485,0.99949545,0.99956846,0.9994532,0.99956405,0.9995459,0.99947983,0.99951094,0.9994817,0.999502,0.99968326,0.99942076,0.9995908,0.999575,0.9993577,0.99947745,0.999464,0.9990138,0.9994024,0.9994996,0.9995035,0.9995395,0.99949914,0.9996072,0.9993547,0.99953145,0.99952316,0.99952346,0.99950206,0.99943465,0.9993433,0.999452,0.99945015,0.9995617,0.9994603,0.9992807,0.99923694,0.99920917,0.9995025,0.999446,0.9992424,0.9993646,0.99943006,0.9995547,0.9994984,0.99955434,0.99957347,0.99936277,0.99949294,0.9994016,0.99962157,0.9995036,0.99954444,0.99942005,0.9994643,0.9993915,0.9995154,0.99949694,0.9994854,0.99957395,0.99949956,0.9995177,0.9995259,0.9993565,0.99953085,0.999519,0.9994563,0.99940515,0.9994888,0.9994519,0.99946433,0.99931043,0.9996034,0.9993517,0.99946016,0.9993857,0.9995466,0.9994958,0.99945134,0.9994724,0.9995244,0.99955094,0.99958706,0.999542,0.99936235,0.9995116,0.99956423,0.99925464,0.99958265,0.9996969,0.9993333,0.99949706,0.9996039,0.9995376,0.99953717,0.9993547,0.9995516,0.999571,0.9995957,0.9995478,0.99921376,0.9995269,0.9994114,0.99958754,0.99946386,0.99944997,0.99953353,0.99927324,0.99949414,0.9999984,0.99955016,0.99944186,0.9995917,0.9993826,0.999516,0.9995622,0.99952,0.99948055,0.9994608,0.9994545,0.99949473,0.9994641,0.99940574,0.99939585,0.99947196,0.9994475,0.99926454,0.99934983,0.99948555,0.9995041,0.9995015,0.9994881,0.9995247,0.9995286,0.999513,0.999522,0.999605,0.9995373,0.99955934,0.99948865,0.999454,0.999659,0.99958,0.9995088,0.99942523,0.99951476,0.99951494,0.99954295,0.99955153,0.9992918,0.9994685,0.9993637,0.9994739,0.99937665,0.9995163,0.9995089,0.9994694,0.99946964,0.9995082,0.9991563,0.99942493,0.9995103,0.99962187,0.9994731,0.9994961,0.99961036,0.99929833,0.9995398,0.9994738,0.9995158,0.9992667,0.9994092,0.99951905,0.999407,0.99957025,0.9995815,0.99952316,0.9993748,0.99974257,0.99949944,0.9995806,0.99946755,0.9994969,0.9994862,0.99951667,0.9995439,0.9994381,0.9995898,0.99944633,0.9996073,0.99910253,0.9995292,0.99957204,0.9995653,0.9994446,0.99956596,0.9994948,0.99948364,0.99943316,0.9995474,0.9994127,0.99955153,0.9995179,0.99938035,0.9994229,0.99933773,0.9993795,0.99950033,0.9995334,0.99960905,0.9995445,0.9992463,0.99953365,0.99943686,0.99951655,0.99951226,0.99954784,0.9995191,0.9995058,0.99974763,0.9994901,0.99951315,0.9994955,0.99948573,0.99956506,0.99946946,0.9994663,0.9991962,0.99916023,0.9992795
ipip87,0.99965,0.99953103,0.9995471,0.99945,0.9996426,0.99951994,0.999668,0.99955046,0.9996203,0.99945295,0.9994465,0.99957377,0.9995592,0.9994612,0.9993958,0.99948347,0.999605,0.99955326,0.999599,0.99963045,0.9996134,0.99958235,0.9996148,0.9995937,0.99950784,0.9995925,0.9995138,0.9996019,0.9995365,0.99952626,0.9995962,0.9995886,0.9994249,0.99962854,0.99970144,0.99958056,0.99961877,0.99968535,0.99957985,0.9996586,0.9993992,0.9995354,0.9995343,0.99948347,0.99943227,0.99959457,0.99955136,0.99943686,0.99966156,0.9994894,0.99960506,0.9992868,0.99960834,0.99954355,0.99935687,0.9994918,0.9993591,0.99945444,0.9994858,0.9995737,0.99967825,0.9995233,0.9996752,0.99953043,0.9995002,0.9994424,0.99963003,0.999607,0.99958116,0.99950534,0.99969774,0.9995941,0.9993883,0.99961054,0.99951,0.99902266,0.99943817,0.99955326,0.9995406,0.99958974,0.9995106,0.9996567,0.99941105,0.99966943,0.9996014,0.99967253,0.99961364,0.9994816,0.9994272,0.9995961,0.9995323,0.99962866,0.99957484,0.99942744,0.9992816,0.999306,0.9996742,0.9994905,0.99926335,0.9993482,0.99951965,0.9995972,0.9995943,0.9995482,0.999644,0.9993221,0.9995478,0.9993527,0.99958587,0.99966973,0.9996928,0.9995366,0.99953175,0.99952567,0.9996585,0.9995474,0.99964416,0.99968255,0.9996647,0.99952525,0.99965256,0.9995152,0.99962366,0.9996708,0.99966586,0.9994483,0.9995647,0.99956477,0.9994436,0.99942213,0.9996666,0.99925715,0.9994708,0.9994763,0.9996714,0.9995848,0.999474,0.99957365,0.99967587,0.999704,0.9997011,0.9996063,0.99948025,0.9996209,0.9996286,0.9993665,0.99960774,0.9996141,0.99943864,0.9996325,0.99960357,0.9995157,0.9993819,0.9993057,0.9997278,0.9995643,0.99956226,0.99963003,0.9993404,0.99968994,0.9994625,0.9997216,0.99966246,0.9994666,0.9997038,0.99937856,0.99963456,0.99955016,0.9999963,0.99961287,0.99972135,0.9994856,0.9997678,0.99968386,0.99960744,0.9996727,0.9995748,0.9995894,0.9995256,0.99957,0.99942034,0.999457,0.9995446,0.9995213,0.99934876,0.99947953,0.9996405,0.99964994,0.999651,0.9994687,0.99964124,0.9996571,0.9996636,0.99961144,0.99964434,0.99968916,0.99964726,0.9996379,0.99946564,0.99952143,0.9996045,0.99967086,0.9994655,0.9996868,0.9995975,0.99956906,0.99967414,0.99928755,0.99949604,0.99946016,0.9995411,0.99950755,0.99962527,0.99955106,0.9995063,0.9995139,0.9995228,0.99914867,0.9995063,0.9995854,0.99964124,0.9995937,0.99965775,0.99959725,0.9993249,0.9996766,0.9996695,0.999605,0.99926656,0.9994221,0.99960655,0.99958086,0.9996137,0.9995837,0.99970746,0.9994907,0.9996449,0.9996265,0.9996749,0.99948543,0.9996456,0.99952024,0.9997025,0.9995019,0.9995465,0.99959445,0.99951917,0.9996987,0.99924314,0.9996061,0.9996257,0.9996294,0.9994617,0.99961907,0.99954706,0.9996435,0.99959785,0.99958897,0.9994856,0.9995986,0.9996837,0.9994674,0.99955225,0.9994647,0.9995347,0.9996297,0.9995445,0.9995674,0.99955153,0.9992336,0.99967045,0.9994772,0.9995607,0.99962187,0.99958986,0.9995367,0.9995291,0.99959946,0.9993995,0.99955636,0.999522,0.9996431,0.9995686,0.99948835,0.99958247,0.9992263,0.9991861,0.9994179
ipip117,0.99954677,0.99945104,0.99946815,0.9993828,0.9995221,0.9994804,0.9995547,0.9994466,0.99951005,0.9993883,0.99938935,0.9995116,0.99955976,0.9994498,0.99938554,0.99949753,0.999531,0.9994559,0.99953663,0.999552,0.9995258,0.9994519,0.9995191,0.9994426,0.99940383,0.9995178,0.99939835,0.99952674,0.9995177,0.9994629,0.99949527,0.99951524,0.9993508,0.9995151,0.99958944,0.9994936,0.9995728,0.99959654,0.99952173,0.99954766,0.9993575,0.9994771,0.99942845,0.99948007,0.99938476,0.9994958,0.99944246,0.9993624,0.99957204,0.9994604,0.99946874,0.999247,0.9995082,0.99945194,0.99928033,0.9994213,0.99930465,0.99944377,0.99944276,0.99949074,0.99959636,0.999469,0.99961895,0.99942654,0.99942464,0.9994045,0.99955153,0.99949384,0.9994474,0.9994134,0.999567,0.9995108,0.9992828,0.99948627,0.9994688,0.99901694,0.99939877,0.99949163,0.99946684,0.99949914,0.9994374,0.999595,0.9993971,0.9995538,0.99956864,0.9995752,0.9995451,0.9994503,0.9993749,0.9994899,0.9995326,0.9995632,0.99949086,0.9993988,0.99926233,0.99924874,0.9995187,0.9994006,0.9993117,0.999306,0.99947,0.99951255,0.99953145,0.99948835,0.9995868,0.99930364,0.9995229,0.9992786,0.9994902,0.9995633,0.99961746,0.99946725,0.9995152,0.9995126,0.99954766,0.99948245,0.9995908,0.9995798,0.9995802,0.99944955,0.9995808,0.9994576,0.9995504,0.999598,0.9995929,0.99939585,0.9994851,0.9994939,0.9993459,0.99942124,0.9995527,0.9992629,0.9994024,0.9993932,0.99953383,0.99950975,0.9993735,0.9994765,0.9995767,0.99953985,0.99958473,0.9995314,0.999448,0.99948245,0.9995454,0.9993659,0.99953544,0.9994849,0.99938744,0.9995523,0.99952096,0.99946713,0.99934137,0.9992757,0.9995947,0.9995378,0.99952114,0.99954087,0.99939036,0.99956316,0.99939233,0.9996026,0.9995413,0.9994108,0.9995591,0.9993188,0.9995332,0.99944186,0.99961287,0.9999976,0.9996285,0.99952567,0.99974775,0.99960953,0.99952227,0.99963087,0.9994897,0.99948543,0.99942476,0.999474,0.99939346,0.9994209,0.99951315,0.9994608,0.9993518,0.9994321,0.9995285,0.9995333,0.99953973,0.9994104,0.9995489,0.9995693,0.99958575,0.9995166,0.9996179,0.9995939,0.999557,0.9995265,0.99941987,0.9994217,0.99947363,0.9995182,0.99940825,0.9996053,0.99950886,0.9994343,0.9995424,0.99922556,0.9994321,0.9993759,0.9994547,0.9994768,0.9995217,0.99948525,0.9994586,0.9994538,0.9994825,0.9991259,0.9994501,0.9995028,0.9995627,0.9995137,0.9995788,0.9994955,0.9993206,0.9995815,0.9995456,0.99950856,0.9992591,0.99933773,0.99949163,0.9995394,0.99953157,0.9995363,0.9996368,0.99946874,0.9994837,0.9994877,0.9995768,0.9994379,0.9995499,0.9994705,0.9996037,0.99940276,0.9995102,0.99946487,0.99941206,0.9995739,0.99921256,0.999481,0.9995313,0.9995446,0.99942386,0.9995278,0.9994793,0.99953026,0.9994779,0.9994427,0.9994411,0.9995012,0.9995855,0.9994143,0.9994814,0.99936515,0.99942976,0.9995396,0.99946684,0.9994254,0.99949783,0.99919534,0.9995555,0.9994053,0.999449,0.9995097,0.9994776,0.99945486,0.999446,0.99944454,0.9993728,0.9994785,0.99939317,0.999556,0.9994362,0.99936,0.99951774,0.99916655,0.99913883,0.99932665
ipip147,0.9997076,0.9995482,0.99957377,0.99949133,0.99971044,0.99960107,0.9997239,0.9995259,0.9996532,0.99949014,0.9995001,0.9996209,0.9995372,0.9994496,0.99943167,0.9995235,0.99958336,0.99948347,0.9996279,0.9995992,0.9996222,0.9995295,0.99976116,0.99961376,0.9995306,0.99959373,0.99947226,0.99959016,0.9995376,0.9995317,0.9995956,0.99966955,0.9994895,0.9996413,0.99970174,0.99975467,0.9996229,0.99969804,0.99959224,0.9996943,0.99945027,0.99960667,0.9995528,0.99947375,0.9994536,0.999683,0.99957836,0.99947745,0.99963474,0.99946785,0.99963766,0.9992641,0.99964315,0.9995089,0.9993757,0.99950105,0.99939036,0.99948937,0.9995137,0.9996434,0.9997058,0.99957013,0.99968535,0.9995684,0.9995045,0.9995058,0.9996537,0.9996802,0.9995883,0.999515,0.9998246,0.99971,0.999406,0.9997177,0.9995095,0.99904203,0.99943227,0.9995693,0.9995697,0.99962807,0.999539,0.9997023,0.99945414,0.99968374,0.99963677,0.999714,0.99963427,0.9994564,0.99939513,0.99958813,0.99955136,0.9997215,0.99958926,0.999388,0.999243,0.999284,0.9997102,0.9995108,0.999286,0.99930984,0.99953794,0.9996543,0.9996252,0.9995953,0.9996288,0.99935436,0.9996143,0.9994111,0.9996202,0.9997027,0.999754,0.9995297,0.99956465,0.9995321,0.9996755,0.9995954,0.99966896,0.9997052,0.9996633,0.99954885,0.99968475,0.999498,0.9996707,0.9996456,0.99967504,0.9994644,0.99956113,0.9995978,0.99949336,0.99942017,0.9998124,0.9992417,0.9995565,0.9994315,0.99980193,0.9996632,0.99953395,0.99966353,0.9997394,0.9997307,0.9997428,0.99962395,0.9994669,0.99961597,0.99964947,0.99933165,0.9996206,0.99963385,0.99948967,0.999589,0.9996838,0.9995816,0.99941516,0.99931204,0.9997338,0.9996847,0.9996659,0.9997445,0.99932927,0.9997027,0.9995116,0.99979126,0.99961245,0.99954885,0.9997487,0.99940103,0.99971545,0.9995917,0.99972135,0.9996285,0.9999979,0.9995247,0.99974155,0.999655,0.9996094,0.99966466,0.999621,0.9996102,0.99957526,0.9995588,0.9994288,0.99945897,0.9995512,0.9995081,0.9993792,0.99947935,0.9996347,0.99964064,0.9996403,0.99948055,0.99965173,0.99967384,0.9996852,0.99962115,0.99968034,0.9997333,0.9996887,0.99976796,0.9994906,0.999572,0.9995873,0.9997144,0.99952507,0.99970967,0.99967664,0.99964756,0.99967766,0.99927145,0.9995171,0.9994489,0.9995618,0.9995083,0.99962544,0.99958277,0.9995111,0.99953055,0.99959224,0.9991519,0.99951756,0.99961966,0.9998385,0.99961877,0.99966866,0.99960536,0.99936306,0.9997352,0.9996783,0.99960846,0.99928004,0.9994598,0.99960697,0.9995785,0.9996489,0.99965775,0.9997104,0.9994741,0.9996463,0.99964917,0.99980974,0.999571,0.9996373,0.99955195,0.99973786,0.99949414,0.9995597,0.9995909,0.9995927,0.9998533,0.9992375,0.9997245,0.99972284,0.9997253,0.99952775,0.99971855,0.9995934,0.9996084,0.99956936,0.99968034,0.99956113,0.9996453,0.9996808,0.9994194,0.99952644,0.99937814,0.99953353,0.99969155,0.9996727,0.99964774,0.9996736,0.99930155,0.99978155,0.9995903,0.9995988,0.9997141,0.9996198,0.99963397,0.99966115,0.9996212,0.9994329,0.9996673,0.9995533,0.99968845,0.9995628,0.99951464,0.9996047,0.99923384,0.999189,0.9994388
ipip177,0.9994254,0.9994397,0.999387,0.999344,0.9994928,0.9994451,0.9994159,0.9993861,0.9994272,0.9993527,0.999288,0.9994866,0.99941283,0.9993313,0.99933875,0.9993256,0.99943084,0.99937177,0.99947095,0.9994175,0.9994363,0.99941874,0.99946004,0.99939257,0.9993815,0.99953115,0.9993632,0.99941146,0.9994551,0.9993816,0.9993725,0.99939966,0.99923533,0.99944293,0.9994486,0.99941385,0.99940705,0.99942285,0.9994073,0.99945617,0.999304,0.999375,0.99938107,0.99932414,0.9993284,0.9994375,0.9994272,0.9993198,0.99946475,0.9993871,0.99939656,0.99922156,0.9994357,0.9993502,0.9992533,0.99937433,0.99925137,0.9994495,0.99935365,0.9993945,0.9994814,0.99937326,0.99949163,0.99937636,0.99937767,0.9993493,0.9994463,0.9993807,0.99937147,0.99942046,0.99949515,0.9994615,0.99928015,0.99944085,0.99942523,0.9989726,0.9993335,0.9993939,0.99941564,0.99942994,0.9994389,0.99948496,0.9992978,0.99948335,0.99948937,0.9994616,0.9994199,0.9993501,0.9993628,0.99941826,0.99945986,0.9994423,0.999413,0.9992817,0.99924445,0.99922955,0.9994038,0.9993288,0.9991847,0.999225,0.9993742,0.9994228,0.99944234,0.99940443,0.9994644,0.99923104,0.9993664,0.9991963,0.99939936,0.99944204,0.99948585,0.9993643,0.9994533,0.9994305,0.99942964,0.99942,0.99945575,0.9994611,0.9994548,0.9993664,0.9994401,0.99936074,0.9994462,0.99946874,0.99947727,0.99928164,0.9993811,0.9994033,0.99929374,0.9992835,0.9994616,0.99923086,0.99936795,0.99931103,0.9994262,0.9994447,0.9993042,0.9993805,0.99947286,0.9994389,0.9994982,0.9994629,0.99934953,0.9994048,0.99949896,0.9993075,0.9994514,0.99940664,0.999312,0.999419,0.99940336,0.99939024,0.99928445,0.999236,0.99947506,0.99947864,0.99944156,0.9994641,0.9992681,0.9994346,0.9993466,0.99948794,0.99940765,0.9993347,0.9994523,0.9992493,0.99943143,0.9993826,0.9994856,0.99952567,0.9995247,0.9999979,0.999465,0.9994022,0.9993728,0.9994363,0.99941826,0.99944216,0.9993635,0.99935657,0.99933624,0.99933594,0.99941415,0.99938,0.9992961,0.99938095,0.99939364,0.99939877,0.9994074,0.99934125,0.99942243,0.99944043,0.9994393,0.99939555,0.9995006,0.9994567,0.999456,0.99940336,0.9993792,0.9994109,0.99936604,0.9994122,0.9993333,0.9994864,0.99941665,0.99935615,0.99941283,0.99917585,0.9993575,0.9993116,0.9993543,0.9993162,0.99938375,0.9993997,0.99938166,0.99936885,0.9993565,0.99905497,0.99933493,0.99940985,0.9994609,0.9993969,0.99944293,0.9994011,0.99923307,0.9994439,0.9994009,0.9994404,0.9991854,0.99925387,0.9994105,0.99945873,0.99945706,0.99944186,0.9995136,0.9994024,0.99944884,0.9994156,0.99947435,0.9993898,0.9994266,0.9994582,0.9994459,0.9993541,0.99938405,0.99940974,0.99939644,0.9994659,0.99928063,0.99948025,0.9994466,0.9994537,0.99935126,0.9994429,0.99940795,0.9994257,0.999378,0.9993957,0.9994351,0.9994459,0.99944025,0.99932337,0.9993664,0.9992899,0.99932176,0.99946845,0.99943167,0.99937576,0.99944884,0.9991891,0.99945676,0.999358,0.99937993,0.9994321,0.99944234,0.9994162,0.9994066,0.9994004,0.99932337,0.99945533,0.9993667,0.9994493,0.9993894,0.9993236,0.9994273,0.9991712,0.9990964,0.99927497
ipip207,0.99969804,0.9995046,0.9995715,0.9994537,0.9996256,0.9995339,0.99971086,0.9995347,0.9996337,0.99945146,0.99947745,0.9995987,0.9995735,0.99946177,0.99938154,0.99956965,0.9996273,0.9995035,0.9996242,0.9996537,0.9996025,0.99956,0.99960697,0.9995833,0.9994787,0.9996308,0.9994584,0.99962157,0.999583,0.99954003,0.99959517,0.9996321,0.9994632,0.99965435,0.9997691,0.99961054,0.9997494,0.9997718,0.9996183,0.99968934,0.9994236,0.9995833,0.99950707,0.99957645,0.9994076,0.99960977,0.99951446,0.9994336,0.9996713,0.99950063,0.9996113,0.9992257,0.9995936,0.99952745,0.9993072,0.9994604,0.999353,0.9994831,0.99949104,0.99959165,0.9997081,0.9995213,0.99969375,0.99951977,0.9994931,0.99944,0.99968565,0.99964887,0.9995801,0.99951243,0.9997335,0.9996082,0.9993227,0.9995896,0.99949694,0.99904966,0.9994546,0.99959505,0.99952817,0.9995893,0.99950886,0.9997064,0.99945986,0.9997072,0.99966705,0.9997433,0.99968207,0.9994836,0.99942577,0.999619,0.99955386,0.9997195,0.9995911,0.9993831,0.99925977,0.9992784,0.9997043,0.9994628,0.9992777,0.9993005,0.99955547,0.99963677,0.9996333,0.9995838,0.9996392,0.99931544,0.9996126,0.9993596,0.9995994,0.99973196,0.9997572,0.99954104,0.99952775,0.9995751,0.9996984,0.9995271,0.99970126,0.9997131,0.9997224,0.9995389,0.99967843,0.9995319,0.9996291,0.99966186,0.99970335,0.9994622,0.99957037,0.9996071,0.99941695,0.9994629,0.99969465,0.9992511,0.99944943,0.99943435,0.9996806,0.9996109,0.9994982,0.99961084,0.99974656,0.9997276,0.99975353,0.9996138,0.9994888,0.99960184,0.9996331,0.99938506,0.9996511,0.9996163,0.9994629,0.9996532,0.9996537,0.9995341,0.99934584,0.9992767,0.9997827,0.99957615,0.99956506,0.99960345,0.99933827,0.999768,0.9994555,0.99971604,0.9996582,0.99946874,0.999724,0.99938357,0.9997118,0.999516,0.9997678,0.99974775,0.99974155,0.999465,0.9999976,0.9997187,0.9996379,0.99977475,0.99962544,0.99960387,0.9995276,0.99958825,0.999422,0.99945337,0.9995328,0.99951565,0.99937445,0.9994574,0.99968725,0.9996878,0.9996937,0.99947715,0.9997015,0.9997006,0.9997311,0.99962676,0.9996991,0.999771,0.9996874,0.9996876,0.9994669,0.9994864,0.99961734,0.9996903,0.99941224,0.9997342,0.999581,0.99953145,0.99969083,0.9992601,0.9994855,0.9994625,0.9995329,0.99959344,0.9996395,0.9995243,0.999483,0.99952364,0.9996029,0.9991458,0.9995392,0.9996276,0.9996925,0.9996462,0.9996882,0.99957204,0.99934727,0.99975765,0.99973124,0.99961144,0.9992191,0.9994317,0.9996028,0.9995907,0.99961305,0.99960834,0.99971807,0.9994797,0.99962646,0.99957216,0.9997102,0.9994842,0.9996527,0.99954045,0.99979633,0.99947685,0.99960357,0.9995889,0.99948907,0.9997485,0.999203,0.9995544,0.99964094,0.9996549,0.99946225,0.9996508,0.9995513,0.99962634,0.9995889,0.99955904,0.99945945,0.9996031,0.9997291,0.9994344,0.99956906,0.9994119,0.9995231,0.99961764,0.9995306,0.99953115,0.99952817,0.9991915,0.99971616,0.9994826,0.9995571,0.9996456,0.9995543,0.99950784,0.9995213,0.9995931,0.9993897,0.9995691,0.99948263,0.9996777,0.9995276,0.9994555,0.9996117,0.9992041,0.9991512,0.9994198
ipip237,0.99963415,0.99946964,0.99951243,0.9994094,0.9995606,0.99945927,0.9996512,0.9995092,0.99959785,0.99940336,0.9994532,0.9995515,0.99956834,0.99948615,0.9993926,0.99951184,0.9996152,0.9995397,0.9996067,0.9996363,0.9996311,0.999556,0.9996375,0.99957573,0.99950325,0.9995655,0.9994389,0.9996403,0.999528,0.99952304,0.99960744,0.9995798,0.99941504,0.9996223,0.99971366,0.9995781,0.9996225,0.9997245,0.9996028,0.9996284,0.9994053,0.99951965,0.99952394,0.9994718,0.9993972,0.99955595,0.9995136,0.9994272,0.9996462,0.9995164,0.99956024,0.99922496,0.9995482,0.9994987,0.9993264,0.9994601,0.999292,0.9994495,0.9994669,0.9995505,0.9996473,0.9995035,0.9996578,0.99949676,0.99950165,0.9994355,0.99963194,0.9995885,0.9995723,0.9994463,0.9996881,0.9996135,0.9993015,0.9995614,0.9994881,0.99900293,0.9994313,0.99955255,0.9995384,0.99957085,0.9994958,0.9996697,0.9994316,0.99966437,0.9996113,0.9996733,0.99961793,0.99950397,0.9993948,0.9995832,0.9994872,0.9996458,0.99953717,0.99931014,0.9992595,0.99928755,0.99963766,0.99944115,0.99927247,0.9993073,0.99949896,0.9996023,0.99956,0.99954814,0.9996252,0.99930817,0.9995901,0.9993481,0.99957484,0.9996561,0.99968475,0.99950737,0.9994877,0.99947745,0.99963194,0.9995314,0.9996095,0.99967647,0.99963313,0.99955285,0.99968076,0.99952376,0.99960655,0.99964786,0.9997232,0.99949086,0.99955666,0.99956524,0.99942774,0.9994754,0.9996696,0.9993595,0.9994852,0.9994756,0.99965864,0.99956393,0.9994668,0.99956274,0.9996733,0.9996617,0.9996827,0.9996374,0.999503,0.99963135,0.99960726,0.9993705,0.9996185,0.99959534,0.99943084,0.9995921,0.99963206,0.9995343,0.9994396,0.99928796,0.99969435,0.9995869,0.99959147,0.99960476,0.9992937,0.99966544,0.9994645,0.9996868,0.99961656,0.999439,0.99966645,0.99932986,0.9996174,0.9995622,0.99968386,0.99960953,0.999655,0.9994022,0.9997187,0.99999756,0.99966216,0.99970555,0.9995652,0.99953246,0.9994868,0.99953717,0.99941117,0.9994718,0.99950707,0.9995184,0.9993193,0.99944234,0.99959415,0.9996306,0.9996187,0.99947405,0.9996294,0.9996497,0.999637,0.9996275,0.9996627,0.9996864,0.9996348,0.99960476,0.9994694,0.99948555,0.999548,0.99960417,0.9994166,0.9996435,0.9995238,0.99951154,0.9996731,0.9992327,0.99949664,0.9994173,0.9995316,0.999491,0.99960566,0.99951607,0.9994899,0.9994831,0.9995325,0.9991258,0.9994944,0.9995753,0.99964446,0.999588,0.99963135,0.99957734,0.9993121,0.9996804,0.99963236,0.9995755,0.99920946,0.9994105,0.9995518,0.99951804,0.9995897,0.9995773,0.9996518,0.9994433,0.9996062,0.99955547,0.9996648,0.9994838,0.99963796,0.9995264,0.9996916,0.9994705,0.9995225,0.9995636,0.9994519,0.9996929,0.99917406,0.9995467,0.99960613,0.9996105,0.99944425,0.9996067,0.99952966,0.9995444,0.99954003,0.9995676,0.99947727,0.99960196,0.99964726,0.9994431,0.9995026,0.9993364,0.9994732,0.99958897,0.9995499,0.9995496,0.9995475,0.99920076,0.9996423,0.999428,0.9995569,0.9995936,0.99955577,0.99954796,0.99953496,0.9995942,0.9993912,0.99956757,0.9994765,0.9996409,0.9995128,0.9994503,0.99957365,0.99915904,0.9991474,0.99935967
ipip267,0.9995906,0.99946994,0.9994945,0.9994597,0.9995386,0.9994808,0.9996337,0.99947935,0.9997028,0.9994797,0.9994631,0.99952334,0.9995106,0.9994296,0.9994247,0.99947107,0.99954516,0.9994934,0.99954826,0.9995602,0.99955636,0.99950767,0.9995673,0.9996289,0.99948996,0.99953586,0.99956983,0.9995819,0.999498,0.99952865,0.99979913,0.99964446,0.9994611,0.99961746,0.9996182,0.99954176,0.9995503,0.999631,0.99956363,0.9996024,0.9994494,0.9995347,0.99956733,0.99945754,0.9994836,0.99955297,0.9995382,0.9994188,0.99954957,0.9994435,0.999517,0.99929357,0.99950045,0.9994951,0.99957025,0.9994952,0.99929225,0.9995084,0.99945015,0.99964035,0.99959165,0.9994822,0.9995975,0.9995715,0.9994601,0.9994617,0.99958664,0.99965256,0.9995981,0.99953896,0.99962777,0.99954814,0.9993893,0.9995286,0.9994607,0.9990532,0.9993804,0.9995049,0.9997522,0.9997879,0.9994861,0.9996204,0.9993464,0.9995883,0.99951875,0.9996131,0.99956024,0.9994719,0.9994022,0.9995225,0.9994798,0.9995933,0.99948597,0.99928737,0.9992792,0.99929374,0.99960846,0.9997211,0.9992776,0.99931246,0.999475,0.99969,0.99953544,0.9995321,0.99955404,0.9994251,0.99951565,0.9993999,0.9996006,0.99959105,0.9996453,0.9994659,0.9994665,0.99950194,0.9995999,0.99949837,0.99958134,0.99960387,0.99963254,0.99950683,0.9996315,0.99950576,0.9995974,0.99960244,0.9995735,0.99970186,0.9995578,0.9995299,0.9997209,0.99943423,0.9995829,0.9992198,0.999435,0.99941546,0.99956137,0.9995998,0.9995317,0.99960345,0.99963593,0.99963176,0.9996101,0.9995622,0.99947786,0.9995974,0.9995548,0.99932736,0.9995562,0.99962837,0.9995086,0.99954146,0.9997166,0.9996246,0.9993325,0.99929607,0.9996604,0.99955386,0.99954396,0.99955285,0.9992744,0.9996363,0.99940896,0.9996652,0.99954855,0.99954385,0.99964213,0.9993789,0.99960864,0.99952,0.99960744,0.99952227,0.9996094,0.9993728,0.9996379,0.99966216,0.999997,0.9996746,0.9995402,0.99951935,0.99958074,0.99960685,0.9994348,0.99982893,0.9995768,0.9998441,0.99941325,0.9994541,0.99965054,0.999687,0.9996892,0.99958146,0.99961424,0.9997418,0.9997117,0.9999387,0.9996222,0.9997157,0.9996381,0.9995921,0.9995703,0.99953735,0.99953526,0.9996008,0.99944735,0.9996969,0.9995438,0.999623,0.9998094,0.99933255,0.9995477,0.99948215,0.99953616,0.99943775,0.99986786,0.9996072,0.99971133,0.9995493,0.99952316,0.99918526,0.9994671,0.99952435,0.9995955,0.9996166,0.9996796,0.99963105,0.9993704,0.9996893,0.99963915,0.9996172,0.99936974,0.9995161,0.9995951,0.9995357,0.9995983,0.999564,0.9996564,0.9995218,0.9996042,0.9994997,0.9996032,0.99947023,0.9995317,0.9994581,0.9996762,0.999627,0.9995948,0.9996131,0.99943453,0.99963516,0.9992369,0.9994956,0.99969447,0.99970156,0.9995422,0.9996757,0.9996109,0.9995543,0.999533,0.9995971,0.999411,0.99957293,0.9997292,0.99977946,0.9995465,0.9994236,0.99956816,0.9995835,0.99948996,0.99962705,0.99950254,0.99926466,0.99964476,0.99953324,0.99964285,0.9996045,0.99961203,0.99949384,0.9995111,0.999584,0.9994442,0.99951875,0.9996991,0.99961686,0.9995729,0.9996582,0.9995808,0.99921817,0.9991358,0.9993727
ipip297,0.99966437,0.99949586,0.9995613,0.99944454,0.9995838,0.99952066,0.99969167,0.9995277,0.99963003,0.999442,0.99953485,0.9995863,0.99958557,0.9994385,0.9993901,0.9995438,0.9995954,0.99952304,0.99960434,0.9996363,0.99957556,0.9995375,0.99959904,0.99953866,0.9994432,0.9996026,0.99948716,0.99958366,0.9995545,0.9995791,0.999586,0.9996381,0.999499,0.99961054,0.99972665,0.99957305,0.99965775,0.99973136,0.9995912,0.9996403,0.99945676,0.9996184,0.9995015,0.9996831,0.9993974,0.9995773,0.9994894,0.9994118,0.9996521,0.99946237,0.9995668,0.9992386,0.99959964,0.99949414,0.9993545,0.9995077,0.9993299,0.999523,0.9994957,0.9995934,0.9996548,0.99950826,0.99967533,0.999485,0.9994585,0.9994214,0.99965954,0.99963313,0.99957496,0.9995212,0.999683,0.99960744,0.9993283,0.999576,0.9994976,0.9990721,0.99943084,0.99957836,0.99956375,0.9996079,0.99948955,0.99969506,0.9994364,0.99968934,0.99961007,0.99970114,0.9996421,0.9994722,0.9994092,0.9996059,0.99952734,0.9996645,0.9995552,0.99935293,0.99929416,0.9993033,0.9996459,0.99950755,0.99930984,0.99932224,0.99952686,0.9996235,0.99959505,0.99954224,0.9996259,0.9993383,0.99957037,0.99931586,0.99958056,0.9997082,0.99975395,0.99954396,0.9995151,0.9995677,0.9996544,0.9995355,0.9996607,0.9996663,0.99969774,0.999569,0.9996651,0.99954396,0.99963206,0.99966097,0.9996559,0.99951303,0.9995967,0.9996374,0.9994734,0.99947983,0.9996576,0.9992976,0.9994517,0.9994281,0.99964243,0.9996146,0.99946773,0.9996218,0.9997323,0.9996683,0.9996963,0.99959356,0.9994745,0.99957806,0.99959564,0.9994159,0.9995989,0.99962384,0.9995218,0.99964577,0.999637,0.99953926,0.9993626,0.9992911,0.9997158,0.99959767,0.9995649,0.99960405,0.9993514,0.9996949,0.9994298,0.99970204,0.9996305,0.99946326,0.9996752,0.9994437,0.9996742,0.99948055,0.9996727,0.99963087,0.99966466,0.9994363,0.99977475,0.99970555,0.9996746,0.999999,0.9995943,0.99956125,0.9994971,0.9995399,0.9993936,0.99952716,0.9995641,0.9995734,0.99943817,0.9994909,0.99961644,0.9996271,0.9996286,0.9994853,0.9996313,0.99978656,0.9998364,0.9996583,0.9996762,0.9998457,0.99967515,0.9996298,0.9994908,0.9994771,0.99956346,0.9996151,0.9994114,0.9998387,0.99954027,0.99947286,0.9996594,0.99923813,0.99951166,0.999449,0.9995646,0.99953175,0.99966216,0.99953455,0.99953896,0.99948657,0.9995763,0.99915916,0.9995029,0.99957544,0.99964535,0.99974895,0.99968386,0.9995315,0.9994242,0.9997882,0.99966055,0.99956226,0.999233,0.9994132,0.99953836,0.9995876,0.9995888,0.99957246,0.9997059,0.9994973,0.99956995,0.9995579,0.9996839,0.99948454,0.9996245,0.99954444,0.99987423,0.99950606,0.9997418,0.9995712,0.99946636,0.999687,0.9992148,0.99952185,0.9996486,0.99966484,0.9995106,0.9996528,0.9995863,0.99955505,0.9995319,0.99953145,0.99944574,0.99956477,0.99984384,0.99950534,0.9996112,0.99944454,0.9995223,0.99964124,0.99952847,0.9995063,0.99952847,0.99924123,0.99969745,0.9995022,0.9995397,0.9996377,0.9995424,0.9995083,0.99951607,0.99955475,0.9993893,0.99956095,0.9995193,0.9997128,0.9995348,0.9994929,0.999632,0.99921125,0.9991761,0.9994187
ipip1,0.9996147,0.99950606,0.9995235,0.9994324,0.9995639,0.99954164,0.99968606,0.9995938,0.99970794,0.9994552,0.99941784,0.9995061,0.9995034,0.99942946,0.99936163,0.99948686,0.99956167,0.999563,0.99959046,0.99956954,0.9995256,0.9995712,0.99957633,0.9997913,0.9994236,0.99955255,0.9994661,0.9995864,0.9995092,0.9994837,0.9995176,0.9996163,0.99946684,0.99955696,0.99965507,0.9995229,0.9996524,0.9996482,0.99956334,0.9996295,0.9994398,0.9995811,0.9994704,0.9994027,0.9994572,0.9995615,0.9994844,0.9994359,0.99960274,0.99943155,0.9995535,0.9993339,0.9995262,0.9996059,0.99936193,0.9994791,0.9993013,0.9996016,0.9994731,0.9995496,0.9996128,0.99947953,0.99962145,0.9994826,0.99944776,0.99944246,0.99966514,0.9996345,0.99951696,0.99954003,0.99962664,0.99958396,0.9993988,0.9995329,0.9994945,0.9991221,0.99944144,0.9995568,0.99955773,0.9995878,0.99945885,0.99962735,0.9993926,0.999578,0.9995668,0.9996238,0.9996203,0.99946684,0.9993607,0.9995567,0.99944985,0.9996083,0.9995074,0.9993163,0.9992426,0.99932605,0.9995538,0.9994657,0.9992718,0.9992928,0.99948925,0.99957395,0.9995613,0.99949884,0.9995551,0.999388,0.9995982,0.9993362,0.99962914,0.9996763,0.999682,0.9994583,0.99945015,0.9995627,0.99966216,0.9994931,0.9996411,0.99961233,0.99963176,0.99952465,0.9995871,0.99945945,0.99962103,0.99957365,0.99956,0.99944115,0.99963784,0.99957925,0.9994322,0.99946195,0.9995834,0.99925745,0.9994085,0.9994092,0.99957854,0.99955577,0.99944586,0.99957895,0.99966925,0.9996001,0.9996111,0.9995394,0.99944067,0.9995493,0.9995943,0.99937725,0.99957484,0.9995541,0.9994649,0.9995909,0.999627,0.9995177,0.99935234,0.99931943,0.9996415,0.999536,0.9995147,0.9995387,0.99935144,0.9996609,0.999364,0.9996315,0.99951774,0.99942106,0.99961305,0.9993281,0.9996188,0.9994608,0.9995748,0.9994897,0.999621,0.99941826,0.99962544,0.9995652,0.9995402,0.9995943,0.99999785,0.9997914,0.99976104,0.99969786,0.9995797,0.9995189,0.999528,0.99952364,0.99962956,0.9994264,0.9996597,0.99966985,0.9996938,0.99951196,0.99966127,0.99963087,0.99961835,0.99956334,0.99961036,0.99967015,0.9997037,0.99966365,0.99951094,0.9995383,0.9995973,0.9996863,0.999519,0.9996443,0.9995658,0.9994889,0.999687,0.9995266,0.9995354,0.9995986,0.9995326,0.9995263,0.99958456,0.99950564,0.99951476,0.99943286,0.9996014,0.9992489,0.9995782,0.99957854,0.99960357,0.9995812,0.99962443,0.99952346,0.99932593,0.999646,0.99978197,0.9996874,0.9994356,0.9994351,0.9996728,0.99951893,0.9995674,0.99957657,0.9996196,0.99946463,0.99957156,0.9995051,0.9996597,0.99951017,0.9996022,0.9996235,0.99966645,0.99945295,0.9995463,0.9996206,0.99947685,0.99963766,0.99923724,0.9995001,0.99957913,0.9995834,0.9994439,0.9996,0.99949664,0.9996272,0.99960697,0.9995807,0.9994812,0.9995704,0.9996293,0.999464,0.99954623,0.9994098,0.99951607,0.9995588,0.99951917,0.99956244,0.9995248,0.99926174,0.9996815,0.9995549,0.9995079,0.99963087,0.99953103,0.99950784,0.9994883,0.99949014,0.9993953,0.9996533,0.99947983,0.99962974,0.9995664,0.9994526,0.99956954,0.999217,0.99921143,0.999379
ipip31,0.99958646,0.9995483,0.99949133,0.99945086,0.9996043,0.99960357,0.9996575,0.9996015,0.9997002,0.99949545,0.9994066,0.9995058,0.9994759,0.99943393,0.9993732,0.99946165,0.9995405,0.99953556,0.99955165,0.9995578,0.99949574,0.99957436,0.99952394,0.999748,0.999447,0.99954164,0.99949455,0.9995542,0.9995134,0.9994747,0.99948424,0.9995912,0.9994589,0.99954003,0.99960667,0.9995283,0.9995677,0.99960285,0.99953204,0.9996039,0.99943465,0.99953026,0.99947464,0.99940616,0.9994999,0.9995837,0.99950737,0.9994272,0.9995721,0.99941343,0.99959534,0.9993948,0.99951816,0.99953884,0.9993629,0.9994615,0.9993724,0.9995552,0.999501,0.9995571,0.99956536,0.9994506,0.99957156,0.99952614,0.9994119,0.9993917,0.9996139,0.9995708,0.99952906,0.9995315,0.9996027,0.9995132,0.9993821,0.99951106,0.99942464,0.99904424,0.9993955,0.99950653,0.9995146,0.99955726,0.99944484,0.9995754,0.9993513,0.9995596,0.99954045,0.9995808,0.99956924,0.999422,0.9993743,0.999547,0.9994851,0.9995621,0.9994778,0.9993043,0.9992266,0.99929243,0.9995938,0.9994704,0.999264,0.9993037,0.9994214,0.9995463,0.9994991,0.9995006,0.9995505,0.99934876,0.9995489,0.9993588,0.999563,0.99961364,0.9996401,0.9994481,0.9994771,0.9994903,0.9995986,0.9994656,0.9995805,0.99957454,0.9995879,0.99946195,0.9995201,0.9994044,0.9995914,0.99954104,0.9995216,0.9994096,0.99959326,0.9995582,0.9994285,0.9994046,0.9995594,0.9992023,0.99939084,0.9993666,0.9995532,0.9995483,0.99945796,0.99955696,0.99963546,0.99961686,0.99961007,0.9994999,0.99938524,0.9995509,0.99955577,0.9993754,0.99956095,0.9995557,0.9994451,0.99956936,0.999562,0.9994797,0.9993203,0.9992466,0.99960023,0.9995038,0.9994914,0.9995236,0.9993393,0.9996216,0.99936,0.9996087,0.9994975,0.9994219,0.9996384,0.9993401,0.99959964,0.9994545,0.9995894,0.99948543,0.9996102,0.99944216,0.99960387,0.99953246,0.99951935,0.99956125,0.9997914,0.9999977,0.9997242,0.9995753,0.99945134,0.99943244,0.9994794,0.99949163,0.99948287,0.99937874,0.9995779,0.9995879,0.99960595,0.9994832,0.9996023,0.9995807,0.99958265,0.99952334,0.99958235,0.9996142,0.9996562,0.99965906,0.9994945,0.9995637,0.9995514,0.9996997,0.9995285,0.9996298,0.99957436,0.99952054,0.9996339,0.99957925,0.9994975,0.9996169,0.9995166,0.99946654,0.9995568,0.9994918,0.9994832,0.9994461,0.99951166,0.9991819,0.9994872,0.99954605,0.99956405,0.99953526,0.9995672,0.99950415,0.99930716,0.99960554,0.99968076,0.9996117,0.9993953,0.9994297,0.9995925,0.99949807,0.99952453,0.9995506,0.9995877,0.9994325,0.99953264,0.9994983,0.99958897,0.99944085,0.9995659,0.99950385,0.9996142,0.999459,0.9994999,0.9995576,0.9995182,0.9995941,0.99918836,0.9995059,0.99957806,0.9995774,0.9994374,0.9995892,0.99948573,0.99956375,0.99955934,0.9995181,0.99942183,0.99953866,0.9995947,0.99942017,0.9994962,0.99939656,0.99947083,0.99955493,0.99947715,0.99951077,0.9994865,0.99924314,0.9996604,0.9995634,0.9994869,0.9996114,0.99954724,0.9994403,0.9994539,0.99947095,0.99935985,0.9995222,0.9994812,0.999596,0.9995081,0.9994629,0.99954605,0.9993005,0.9992228,0.99938154
ipip61,0.9995422,0.999458,0.9994527,0.9994037,0.9995092,0.99948144,0.99963975,0.9995333,0.99975944,0.99944675,0.9993945,0.9994424,0.9994584,0.9993765,0.9993712,0.99940693,0.99948853,0.9994993,0.9995269,0.9994934,0.9994755,0.9994831,0.99953645,0.9997321,0.9994352,0.9994919,0.99952096,0.99954945,0.99946845,0.9994352,0.9995162,0.99960524,0.99942607,0.9995293,0.99955124,0.99949676,0.99953705,0.99955016,0.99949276,0.9995672,0.99945337,0.99955547,0.99947894,0.9993228,0.9994817,0.9995208,0.99950564,0.9994484,0.9995154,0.9993893,0.99951,0.99936223,0.999473,0.9995367,0.99945015,0.9994779,0.9992752,0.9995197,0.99941164,0.9995432,0.99953496,0.9994397,0.9995214,0.999518,0.9993953,0.9994084,0.99955624,0.9995522,0.9995021,0.9994746,0.9995745,0.9995228,0.9993641,0.99950874,0.9994283,0.9990775,0.9993827,0.9994777,0.9996155,0.99964947,0.9994254,0.99954003,0.99932134,0.9994984,0.99949086,0.9995317,0.9995265,0.9994239,0.999337,0.9994703,0.99939704,0.99951833,0.99943084,0.99926895,0.99920774,0.999287,0.9994771,0.9995421,0.9992197,0.9992709,0.99941605,0.99955976,0.99948484,0.9994599,0.99948573,0.9993794,0.9995008,0.99934244,0.9996021,0.9995684,0.9996107,0.9993939,0.9994085,0.9994517,0.9995723,0.99947095,0.99953663,0.9995455,0.9995272,0.99946207,0.99953383,0.99940073,0.9996188,0.9995455,0.9994598,0.9994789,0.99965614,0.99957514,0.9995214,0.9994055,0.9995558,0.9992847,0.9994259,0.99937886,0.99952465,0.99954075,0.99944997,0.9995694,0.99963355,0.9995469,0.99952805,0.99949193,0.999406,0.99952555,0.9995213,0.9993178,0.9994782,0.99953854,0.9994565,0.9995351,0.9996208,0.99952596,0.99936086,0.9993343,0.9995581,0.9994934,0.9994871,0.99950564,0.9992455,0.9995815,0.99938834,0.9996058,0.99946404,0.99947965,0.9995664,0.999369,0.99959695,0.99949473,0.9995256,0.99942476,0.99957526,0.9993635,0.9995276,0.9994868,0.99958074,0.9994971,0.99976104,0.9997242,0.99999785,0.99963766,0.9994655,0.9995483,0.9995516,0.9995699,0.999456,0.99940485,0.99960536,0.9996102,0.99962026,0.99953216,0.9995696,0.9995761,0.99954885,0.9995984,0.9995112,0.99957377,0.99963355,0.9996101,0.9995083,0.9995635,0.99955726,0.999623,0.99950475,0.9995673,0.9995701,0.9995455,0.9997341,0.9995981,0.9995574,0.99972266,0.99955,0.99943995,0.99964976,0.9995837,0.9996028,0.99949116,0.9995337,0.99923265,0.9994804,0.99951774,0.9995674,0.9994955,0.99955994,0.99957067,0.99928993,0.9995444,0.9996979,0.99964917,0.9994264,0.9994083,0.99964875,0.9994602,0.99952894,0.9995351,0.99955875,0.99947864,0.99954283,0.99948096,0.9995839,0.99944824,0.99951255,0.99948823,0.9995506,0.9994685,0.9994687,0.9995828,0.9994499,0.99957573,0.9992182,0.9995041,0.9995887,0.99959,0.9994912,0.9996055,0.99952364,0.9995787,0.99954784,0.99958587,0.99943614,0.9995369,0.99956226,0.9995227,0.99950343,0.9994206,0.99947137,0.9995314,0.99951816,0.9996412,0.99951905,0.9992483,0.9996428,0.99956465,0.99954605,0.9996401,0.999571,0.999471,0.9994776,0.99948615,0.99941736,0.9995168,0.999546,0.9995857,0.9995585,0.9995128,0.99955946,0.999221,0.99920624,0.99932015
ipip91,0.99953157,0.99940974,0.9994471,0.9993502,0.9994662,0.9994111,0.9996206,0.99949914,0.9996311,0.9993783,0.9993568,0.999446,0.9995062,0.9993782,0.9993576,0.99946374,0.9995562,0.9994656,0.99953926,0.9995132,0.99952734,0.99948406,0.9995363,0.99962884,0.9993998,0.99949175,0.99943846,0.9996046,0.9994678,0.99947035,0.9995873,0.9996241,0.99940526,0.99954164,0.9995733,0.99947774,0.9996393,0.99958193,0.99959797,0.999569,0.9994539,0.9995244,0.99944526,0.9993427,0.9993855,0.9994775,0.9994533,0.99935985,0.9994944,0.9994402,0.9995036,0.9993106,0.9994788,0.99958575,0.99932784,0.9994941,0.9992236,0.9994905,0.999395,0.99953973,0.9995716,0.9994515,0.9995909,0.99941313,0.9994419,0.9994218,0.9995906,0.9995735,0.99948657,0.9994533,0.9995654,0.99953645,0.99931836,0.9995066,0.9994415,0.9991056,0.99942786,0.9995062,0.99957913,0.9996041,0.9994126,0.999575,0.99934334,0.99950486,0.9995091,0.9995576,0.9995677,0.9994995,0.9993198,0.9994821,0.9994347,0.9995583,0.9994429,0.9992935,0.9992168,0.9992995,0.99949837,0.99950975,0.9992574,0.9992769,0.99955857,0.9995525,0.9995397,0.99954486,0.9994993,0.999462,0.999554,0.999334,0.99962896,0.9995877,0.9995999,0.9994004,0.99938315,0.9995019,0.9996502,0.99948025,0.9996043,0.99955904,0.9995662,0.99953556,0.99961984,0.9995207,0.9996055,0.9995712,0.9995259,0.9994997,0.9996884,0.9995384,0.9994141,0.99944216,0.99954283,0.9992576,0.99939495,0.9993644,0.9995246,0.9995335,0.9994069,0.9995824,0.99962807,0.99955195,0.9995571,0.9995072,0.99938893,0.9994851,0.9995171,0.9993393,0.9995209,0.9995215,0.99946314,0.9995304,0.999647,0.9995403,0.9993442,0.99932474,0.9996306,0.9995241,0.99949694,0.99951726,0.9992609,0.9996511,0.99938434,0.9996055,0.9995226,0.99938613,0.99954027,0.99928457,0.9996135,0.9994641,0.99957,0.999474,0.9995588,0.99935657,0.99958825,0.99953717,0.99960685,0.9995399,0.99969786,0.9995753,0.99963766,0.9999978,0.99962556,0.9995723,0.99961007,0.9995791,0.9994097,0.999464,0.9998421,0.99987483,0.99988705,0.9995774,0.99969834,0.9997168,0.9996673,0.999652,0.99960244,0.99961346,0.999707,0.9996017,0.99955523,0.99951756,0.99963,0.9996599,0.9994867,0.9996131,0.9995508,0.99949706,0.99978405,0.99936604,0.9995759,0.99952793,0.99954325,0.99953187,0.9996466,0.99953085,0.9995553,0.9994464,0.99959564,0.9992104,0.9995051,0.99956656,0.99954104,0.99954545,0.9996418,0.9995342,0.9993008,0.99958074,0.99983716,0.99978185,0.9994158,0.99941885,0.99983764,0.9995826,0.9995393,0.9995268,0.99960756,0.99956137,0.9995442,0.99945617,0.9995847,0.999499,0.9995099,0.99949616,0.9995859,0.99946654,0.9995571,0.9995753,0.99939203,0.99956644,0.99916387,0.99946076,0.9995584,0.9995658,0.9994681,0.9995807,0.9995,0.99966383,0.9995708,0.9995075,0.99939173,0.99951696,0.9996689,0.9995458,0.9995459,0.9994805,0.99957556,0.99953556,0.9994722,0.9994931,0.9994794,0.9991829,0.9996238,0.99950093,0.9994931,0.9995688,0.99949443,0.999471,0.9994578,0.9994752,0.9994159,0.9994798,0.99944305,0.99956197,0.99955446,0.999416,0.999553,0.9991348,0.9991576,0.99930847
ipip121,0.9993873,0.9993528,0.9993433,0.99928224,0.9993749,0.9993465,0.99945265,0.99944997,0.99950904,0.99931103,0.99928015,0.9994359,0.99944144,0.99941134,0.99936473,0.9994107,0.9994625,0.99940825,0.9995056,0.99948245,0.99941826,0.999412,0.99944055,0.9995218,0.9993465,0.99942964,0.9993783,0.9994801,0.99944997,0.9994586,0.9994186,0.99947625,0.999321,0.9994416,0.9994788,0.9993822,0.9994832,0.9994536,0.9995466,0.9994924,0.99937403,0.99941766,0.99935853,0.9992771,0.9993383,0.99936575,0.9993871,0.99930423,0.99946576,0.9994429,0.99940336,0.9992918,0.99937516,0.9995458,0.9993602,0.99941385,0.9991583,0.99951196,0.9993299,0.9994362,0.9994802,0.9993928,0.99947715,0.99938977,0.99941075,0.9993846,0.99952793,0.99945563,0.9993953,0.99942786,0.99943995,0.9994567,0.999281,0.99939144,0.99942553,0.9991175,0.9994088,0.9994665,0.9994829,0.9994887,0.9993801,0.99950486,0.9992796,0.99940383,0.9994753,0.99945366,0.99951386,0.9995182,0.9992931,0.9994299,0.99941945,0.9994351,0.99938,0.9993624,0.99922246,0.99926215,0.9993558,0.9994156,0.99926645,0.999307,0.99946535,0.9994499,0.999478,0.9994814,0.9994815,0.9994611,0.9995267,0.9992915,0.9995613,0.999498,0.9995042,0.99935776,0.9994353,0.999492,0.99952966,0.99942744,0.9995255,0.99945503,0.9994851,0.9994533,0.9994397,0.99937,0.99948275,0.9994442,0.9993729,0.99939007,0.9995502,0.999443,0.9993874,0.99941033,0.9994257,0.9992292,0.99938375,0.99940586,0.9993992,0.9994299,0.9993176,0.99941945,0.9994793,0.99941224,0.99944794,0.9994237,0.9993574,0.9993841,0.9994753,0.99934083,0.99948436,0.99942195,0.9993636,0.9995001,0.99955803,0.9994809,0.9993426,0.99928623,0.99945575,0.9994332,0.9994503,0.9994016,0.99930376,0.9994884,0.9993635,0.9994908,0.9993758,0.99928916,0.99940115,0.9991773,0.99942905,0.99940574,0.99942034,0.99939346,0.9994288,0.99933624,0.999422,0.99941117,0.9994348,0.9993936,0.9995797,0.99945134,0.9994655,0.99962556,0.9999976,0.9994473,0.99939644,0.99945575,0.99935764,0.99934435,0.99957824,0.99960124,0.9996229,0.99955666,0.9995756,0.9995227,0.99948937,0.9994633,0.99949557,0.9994578,0.9995843,0.9994635,0.99954563,0.9994394,0.9994707,0.9995019,0.9994603,0.99948215,0.99944884,0.999382,0.9995677,0.99936235,0.9994783,0.9994202,0.99944705,0.99950856,0.999446,0.99943525,0.99946463,0.999375,0.9995182,0.99923676,0.9994617,0.99949896,0.9994349,0.99945456,0.9995152,0.9994611,0.9992624,0.9994576,0.9995407,0.9996896,0.99941874,0.9993687,0.99970144,0.99940217,0.9994615,0.9994286,0.9994935,0.9993826,0.9994505,0.9993904,0.9995006,0.9995985,0.9995603,0.9995238,0.9994524,0.9993811,0.9995766,0.99949294,0.99933094,0.99943066,0.99915636,0.9993882,0.9994329,0.9994365,0.9993812,0.99944866,0.9994007,0.99956536,0.9994989,0.99943125,0.9994342,0.9994477,0.99951553,0.9994876,0.9994958,0.99938774,0.9994717,0.99943554,0.99939007,0.99940956,0.9994325,0.99920017,0.9994669,0.99939364,0.99942034,0.9994337,0.9994713,0.99943167,0.9993762,0.9993736,0.9993442,0.99945503,0.99940294,0.9994647,0.9994804,0.99937433,0.9994559,0.9991045,0.999176,0.99923396
ipip151,0.99946535,0.99940497,0.9994353,0.999376,0.99940926,0.99941105,0.9994978,0.99941266,0.99962026,0.9993879,0.9993657,0.9994224,0.9994444,0.9993659,0.99938214,0.99936026,0.99946636,0.9994418,0.99946123,0.9994721,0.99945796,0.9994325,0.9994713,0.99955493,0.9993855,0.99942726,0.99958193,0.99949527,0.99941164,0.9994564,0.9997042,0.9995573,0.9993928,0.999451,0.9994756,0.99942195,0.9994425,0.9994864,0.99947834,0.99945694,0.99942493,0.9994693,0.9994502,0.99938273,0.99942636,0.9994351,0.9994333,0.99934614,0.9994413,0.9993604,0.999398,0.99930716,0.99940383,0.99948174,0.9995575,0.999451,0.9992024,0.9995266,0.99936527,0.9995461,0.9994816,0.9994103,0.9995147,0.99946296,0.99935293,0.9994066,0.9994711,0.99953485,0.99946004,0.99948746,0.99947757,0.9994493,0.9993457,0.9994171,0.9994169,0.9990646,0.99930584,0.9994087,0.99978596,0.99979484,0.99939936,0.9995006,0.9992529,0.99943346,0.99939823,0.9994642,0.9994274,0.9994342,0.99934494,0.9993964,0.9993882,0.99943423,0.99937844,0.9992503,0.9992646,0.99922705,0.99941784,0.99962485,0.99923956,0.9992631,0.9993989,0.9995531,0.999436,0.9994176,0.999452,0.999392,0.9993795,0.99927735,0.99949723,0.9994635,0.9995376,0.9993592,0.9993912,0.99944353,0.9994677,0.99942625,0.99946296,0.9994714,0.99950415,0.9994178,0.9995266,0.9994685,0.99955684,0.9995496,0.9994368,0.9995999,0.9995292,0.9994735,0.9996655,0.9993609,0.9994438,0.9991934,0.9993758,0.9993773,0.9994234,0.9994902,0.99942124,0.99951416,0.999523,0.9994673,0.99945664,0.9994522,0.9994425,0.99947554,0.9994714,0.9992847,0.9994417,0.99949217,0.9994908,0.99943554,0.9995651,0.99951285,0.9992658,0.9993015,0.99951327,0.99946827,0.9994477,0.9994409,0.9992914,0.99947464,0.9993529,0.9995313,0.99941576,0.99947333,0.99947506,0.9993187,0.99950975,0.99939585,0.999457,0.9994209,0.99945897,0.99933594,0.99945337,0.9994718,0.99982893,0.99952716,0.9995189,0.99943244,0.9995483,0.9995723,0.9994473,0.9999981,0.99953485,0.99993753,0.99952465,0.9994719,0.99954975,0.99961114,0.9996224,0.99949396,0.99949545,0.9996944,0.9996359,0.99988824,0.99952716,0.9995962,0.9995143,0.99943537,0.9994868,0.9994224,0.99941593,0.99944395,0.99937165,0.99960107,0.99947673,0.99950814,0.99970955,0.99931973,0.99949884,0.9994585,0.9994744,0.99934345,0.9998163,0.99958086,0.9997746,0.9994675,0.9994193,0.9992009,0.99940366,0.999397,0.99945456,0.9995325,0.9996277,0.9995247,0.999329,0.99953157,0.99953115,0.9996127,0.9994146,0.9993989,0.9995553,0.99951655,0.9995203,0.9994685,0.9995963,0.999537,0.9994388,0.9993896,0.9994539,0.99941087,0.9994051,0.9994216,0.9995134,0.99949914,0.99953866,0.9995064,0.99934727,0.9994725,0.9992833,0.99940974,0.999573,0.9995727,0.9994792,0.9995668,0.99953294,0.9994784,0.999487,0.9994889,0.9993542,0.999442,0.99964017,0.9998722,0.9995136,0.99942756,0.9995217,0.9994799,0.999407,0.9995192,0.99942833,0.9992673,0.9995219,0.999483,0.9995031,0.99949676,0.9995155,0.9994104,0.99941444,0.9994189,0.999461,0.99944246,0.9996072,0.9995194,0.9994782,0.99957,0.99949783,0.99917114,0.99911916,0.999287
ipip181,0.99952394,0.99945796,0.9994474,0.99939096,0.9994752,0.9994548,0.9995381,0.99945015,0.999587,0.99939054,0.9993641,0.9994529,0.999471,0.99935657,0.9993212,0.999382,0.9994946,0.9994703,0.9994881,0.9994796,0.9995156,0.99946517,0.9995092,0.99955237,0.9994324,0.9994727,0.99949366,0.99952054,0.9994313,0.99945605,0.9995624,0.99951243,0.999325,0.99950206,0.9995252,0.9994243,0.9995041,0.9995139,0.99946576,0.9995207,0.9993734,0.999445,0.99951476,0.9993423,0.99941814,0.9995178,0.99950844,0.99938995,0.99949414,0.99940157,0.99944836,0.99932206,0.9994814,0.9994411,0.99938923,0.9994543,0.9992131,0.99943995,0.999384,0.99946916,0.99957806,0.99946797,0.99958444,0.9994814,0.9994201,0.99938935,0.99951416,0.9994687,0.9994694,0.99940014,0.9995413,0.9995088,0.9993606,0.99951744,0.999471,0.99905604,0.9993862,0.9994648,0.9995714,0.99960357,0.9994214,0.9995473,0.9993754,0.9995211,0.99949443,0.99950254,0.99947,0.9994062,0.9993357,0.99943405,0.9993916,0.9995276,0.9994133,0.9993119,0.99927,0.9993062,0.99945104,0.9995477,0.9992739,0.9993027,0.9994804,0.99958295,0.99952614,0.99946547,0.99949366,0.9993487,0.9994773,0.99928606,0.9995251,0.99952626,0.99954945,0.99938774,0.99941814,0.9994303,0.9995241,0.99943835,0.9995002,0.999515,0.99952954,0.9994737,0.9995541,0.9994731,0.99964136,0.9996239,0.9995124,0.99946105,0.9995843,0.9994964,0.9994573,0.99940586,0.99950266,0.9992948,0.999408,0.99938804,0.9994639,0.999533,0.9994317,0.9994914,0.9995615,0.9995611,0.9995139,0.9995164,0.99940217,0.9994916,0.99950993,0.9993279,0.99949336,0.99951833,0.99941164,0.9994924,0.99963194,0.9995522,0.9993984,0.9993788,0.9995703,0.9995384,0.9994826,0.99956036,0.99929535,0.9995443,0.9993837,0.99958014,0.99950594,0.99941623,0.99950296,0.9992896,0.9995261,0.99947196,0.9995446,0.99951315,0.9995512,0.99941415,0.9995328,0.99950707,0.9995768,0.9995641,0.999528,0.9994794,0.9995516,0.99961007,0.99939644,0.99953485,0.99999803,0.9995756,0.99937433,0.9994415,0.9995755,0.99958843,0.9995855,0.99958193,0.9995332,0.9996452,0.99960804,0.99962676,0.99960834,0.99960136,0.99963343,0.9995111,0.99955446,0.9994993,0.9995431,0.9995638,0.99945194,0.9996241,0.99960667,0.99956006,0.99962884,0.9992812,0.99946177,0.99945337,0.9995149,0.99936837,0.99960643,0.9995887,0.9995472,0.99952406,0.9995084,0.9992087,0.99942815,0.99945647,0.9995045,0.99954414,0.99959123,0.9995833,0.9993256,0.9995362,0.99958336,0.9995528,0.999341,0.9993448,0.9995627,0.9996214,0.99951166,0.9995109,0.9995781,0.9996719,0.99952704,0.999428,0.9995502,0.9994335,0.99946165,0.999523,0.9995743,0.99943846,0.9995121,0.9994925,0.99938244,0.9995288,0.99915016,0.9994531,0.9995145,0.9995234,0.9994211,0.9995174,0.9994778,0.9995495,0.9994933,0.99950373,0.99942183,0.999501,0.99960506,0.9995347,0.999537,0.9995006,0.99942374,0.9995252,0.99944997,0.9995128,0.9994692,0.9991981,0.9995325,0.99941367,0.99952507,0.99947965,0.99953955,0.9994415,0.9994335,0.99948853,0.99940217,0.999461,0.9994698,0.9995188,0.9994602,0.9994351,0.9994824,0.9991659,0.9991356,0.99929935
ipip211,0.9995109,0.9994542,0.99947417,0.9994277,0.99946845,0.9994697,0.9995439,0.99946785,0.99965376,0.9994414,0.9994237,0.9994831,0.9994767,0.99941087,0.9994301,0.9994053,0.999514,0.9994676,0.9995049,0.99953175,0.99950385,0.99949026,0.99950796,0.99959314,0.99943674,0.9994711,0.99961185,0.99953574,0.99946284,0.9994869,0.9997145,0.9995947,0.9994069,0.9995057,0.99953353,0.9994919,0.9994798,0.99952817,0.9995045,0.9995047,0.9994496,0.99949855,0.9994976,0.9994158,0.9994611,0.9994784,0.999483,0.9993988,0.99948496,0.9994072,0.99946564,0.9993413,0.99946237,0.99949795,0.9995926,0.9994821,0.9992621,0.999545,0.9994184,0.9995834,0.99954355,0.9994546,0.9995787,0.99953204,0.9994068,0.99944115,0.999526,0.99956167,0.99951065,0.99952745,0.9995489,0.9994944,0.9993822,0.99949527,0.9994612,0.9990705,0.9993517,0.99945384,0.9997929,0.9998168,0.9994563,0.9995504,0.9993014,0.9994939,0.99946606,0.9995282,0.99947524,0.9994584,0.9993894,0.99947214,0.9994412,0.9994874,0.99944687,0.9993041,0.99929947,0.9992518,0.99949175,0.9996562,0.99926305,0.99929714,0.99942833,0.9996108,0.99948573,0.9994697,0.9995142,0.99941325,0.999417,0.9993335,0.9995447,0.9995125,0.9995899,0.9994158,0.9994611,0.9994756,0.9995153,0.99947184,0.99950886,0.99952984,0.99955714,0.9994583,0.9995506,0.9994934,0.99959767,0.99960023,0.999474,0.9996214,0.9995579,0.99951875,0.99968165,0.9993806,0.99951124,0.99923414,0.99942666,0.99942243,0.99948055,0.99953747,0.9994754,0.9995659,0.9995729,0.99954814,0.9995217,0.9995021,0.99946934,0.999536,0.99953085,0.9993191,0.99950254,0.99953544,0.99951124,0.99948084,0.9996107,0.9995527,0.99931353,0.99934703,0.999579,0.9995084,0.99949604,0.99949753,0.9993233,0.999537,0.99941367,0.9995883,0.99948126,0.9995072,0.99955475,0.99938107,0.9995673,0.9994475,0.9995213,0.9994608,0.9995081,0.99938,0.99951565,0.9995184,0.9998441,0.9995734,0.99952364,0.99949163,0.9995699,0.9995791,0.99945575,0.99993753,0.9995756,0.9999968,0.9995112,0.9995234,0.9995659,0.99961394,0.9996241,0.99951965,0.9995323,0.999704,0.9996604,0.999893,0.999587,0.99962556,0.9995456,0.9994783,0.99950945,0.99946296,0.9994736,0.999498,0.9994147,0.9996352,0.99952686,0.99954665,0.9997256,0.99935097,0.9995185,0.99949455,0.9995164,0.99938506,0.9998243,0.9996478,0.99979097,0.9995261,0.9994558,0.9992017,0.9994295,0.9994545,0.9995072,0.99957204,0.9996584,0.9995846,0.99935687,0.9995751,0.99956673,0.999664,0.9994157,0.9994392,0.99958366,0.999596,0.99958605,0.99951977,0.99964774,0.999617,0.99950486,0.99947107,0.9995042,0.9994569,0.99946827,0.9994649,0.99956733,0.9995502,0.99958336,0.99955195,0.9994096,0.9995312,0.9992916,0.9994793,0.99961686,0.9996173,0.9995178,0.9996183,0.9995876,0.99952126,0.99951047,0.99954146,0.9994189,0.999496,0.999675,0.99986386,0.99955,0.9994628,0.9995334,0.99954665,0.9994636,0.99955827,0.999477,0.99930197,0.99957865,0.9995201,0.9995688,0.9995446,0.99958277,0.99946916,0.9994777,0.99948627,0.99950314,0.9994834,0.9996646,0.99957556,0.99952924,0.99962604,0.99955094,0.9992276,0.9991674,0.9993572
ipip241,0.99937254,0.9993801,0.99939716,0.99929124,0.9993598,0.99941164,0.9994156,0.99935603,0.99944556,0.99931955,0.99932003,0.99935395,0.9993544,0.99928635,0.9992801,0.9993035,0.9993701,0.9993673,0.99939096,0.99940264,0.9993537,0.99938434,0.9993675,0.9994414,0.99924594,0.999354,0.9993958,0.9993886,0.99933743,0.99937433,0.99933904,0.9994766,0.999284,0.9993165,0.9993977,0.9993263,0.9993881,0.99939895,0.99937415,0.9993932,0.99931824,0.99941427,0.9992902,0.99930614,0.99932355,0.99934393,0.9993098,0.99929386,0.99939877,0.9992782,0.9993073,0.99925303,0.99936306,0.99939096,0.9993591,0.99934345,0.9991792,0.9995388,0.9993397,0.99945796,0.99943495,0.9993328,0.99942476,0.9993018,0.99924093,0.9993533,0.99943304,0.9995299,0.99933577,0.99955225,0.9993828,0.9993796,0.9993156,0.9993494,0.99941236,0.9990899,0.999271,0.999358,0.99950176,0.9995035,0.999301,0.99942917,0.9992503,0.99936086,0.9993559,0.9993821,0.99937946,0.9993496,0.9992955,0.9993507,0.99931586,0.99935454,0.9993521,0.99918735,0.9992413,0.9991937,0.99932706,0.99936724,0.99920386,0.9991953,0.99934566,0.9993587,0.99939555,0.9993193,0.99939525,0.99924207,0.9993527,0.999131,0.99939597,0.9994344,0.9994891,0.99929327,0.99934125,0.9994195,0.99942404,0.99935603,0.9993991,0.9994124,0.99945134,0.9993475,0.9993804,0.9992931,0.9994417,0.99939877,0.99933016,0.9992875,0.9994122,0.999404,0.9993873,0.9992716,0.99936503,0.9991236,0.99926966,0.9993113,0.99936974,0.9993709,0.9992498,0.9995163,0.99943805,0.99934286,0.9993717,0.9993443,0.999334,0.9993295,0.999425,0.9992658,0.9993581,0.9993672,0.99948394,0.99937433,0.9993604,0.9993057,0.9991959,0.9992258,0.99938864,0.9993753,0.9993563,0.9993588,0.99934155,0.99937207,0.9992447,0.99942994,0.99932235,0.99933726,0.9993675,0.99926716,0.9994083,0.99926454,0.99934876,0.9993518,0.9993792,0.9992961,0.99937445,0.9993193,0.99941325,0.99943817,0.99962956,0.99948287,0.999456,0.9994097,0.99935764,0.99952465,0.99937433,0.9995112,0.9999979,0.99930567,0.999384,0.99939287,0.99941623,0.99929404,0.999391,0.9994957,0.99947846,0.9994534,0.9993994,0.99948084,0.9994085,0.99937534,0.99929327,0.99932873,0.9993309,0.9993623,0.999331,0.99948794,0.999375,0.9992814,0.9994045,0.9993268,0.9993406,0.999388,0.9993967,0.99926096,0.9994564,0.99936867,0.99948716,0.99929225,0.99935,0.9992608,0.99945337,0.99932915,0.9993584,0.9994508,0.99945724,0.999354,0.99935603,0.99947363,0.9994431,0.99945724,0.99934506,0.99932176,0.9993993,0.9993606,0.9993961,0.99940026,0.99945766,0.99935263,0.999309,0.9993227,0.99939215,0.9993181,0.99937975,0.99944574,0.99944407,0.9993866,0.9994289,0.9993991,0.99931735,0.99937904,0.9992439,0.9993239,0.999464,0.99946094,0.99939543,0.99946874,0.99943286,0.9993902,0.99938434,0.9993393,0.999323,0.99934787,0.99948466,0.99946004,0.9994447,0.99932134,0.9994879,0.99941164,0.99932694,0.99936813,0.999359,0.999295,0.99944735,0.9995157,0.9992865,0.9994157,0.9993513,0.9993306,0.9993116,0.9992605,0.9992853,0.99943286,0.99940634,0.9994567,0.9993618,0.9993804,0.99941605,0.9991825,0.9991369,0.99928385
ipip271,0.99949217,0.9993923,0.9994389,0.99932295,0.9994298,0.9993785,0.9995039,0.9994399,0.9994823,0.9993203,0.9993025,0.9994811,0.99946535,0.99936277,0.9993519,0.9993634,0.9994796,0.9993847,0.9994911,0.99949723,0.99949634,0.9995073,0.99948406,0.9993883,0.99932945,0.99939746,0.99941075,0.9994646,0.999417,0.999388,0.9995055,0.9994809,0.99927425,0.9994331,0.99951625,0.9994095,0.9994246,0.9994716,0.99942964,0.99944806,0.9993813,0.9994738,0.9994037,0.9993521,0.9993415,0.9994544,0.99942285,0.9993437,0.99949473,0.99937874,0.9994055,0.9992158,0.9994696,0.9993996,0.9992631,0.99941057,0.999212,0.9993604,0.99939436,0.9994432,0.99957395,0.9994853,0.99962175,0.99936986,0.99944085,0.9993757,0.9995329,0.99945074,0.9993958,0.9993759,0.9995267,0.9994766,0.99924195,0.99950975,0.9994689,0.9990273,0.99931943,0.9994093,0.9994902,0.99950874,0.9993956,0.99950993,0.999314,0.99947083,0.99943066,0.9995037,0.99944556,0.9993884,0.99931765,0.99943763,0.9994075,0.9994618,0.9994761,0.9993631,0.99926376,0.99929816,0.9994286,0.99938285,0.999195,0.999233,0.9994311,0.99947095,0.99950624,0.9994044,0.99949056,0.9992789,0.99935997,0.9992134,0.99949723,0.999514,0.99955124,0.9993611,0.99945736,0.99948525,0.9995095,0.9994445,0.99951714,0.99946785,0.9994915,0.99946177,0.9996175,0.99959993,0.9995611,0.999629,0.9994532,0.9993958,0.9994819,0.99948514,0.99931556,0.9993214,0.9995101,0.99928766,0.999418,0.9993759,0.99948096,0.99944746,0.99927664,0.99947655,0.9995462,0.9994634,0.9995144,0.99948126,0.99945813,0.99945575,0.99951756,0.99933904,0.9994253,0.99940217,0.9994058,0.9994356,0.99944687,0.99941367,0.9992579,0.9993844,0.99963045,0.9994472,0.9994278,0.9994924,0.9993073,0.9995485,0.99939257,0.9995234,0.9994263,0.9994149,0.9994778,0.99926114,0.9995227,0.99934983,0.99947953,0.9994321,0.99947935,0.99938095,0.9994574,0.99944234,0.9994541,0.9994909,0.9994264,0.99937874,0.99940485,0.999464,0.99934435,0.9994719,0.9994415,0.9995234,0.99930567,0.999999,0.9994685,0.9994909,0.99949276,0.99935013,0.99946034,0.9995105,0.9995012,0.99949956,0.9995083,0.99952114,0.9994344,0.9994295,0.9993089,0.99937844,0.9994164,0.9994003,0.99933773,0.999496,0.9994819,0.99936384,0.99953085,0.9991795,0.9994414,0.9993599,0.99942935,0.9993522,0.9994977,0.9997013,0.99954015,0.999438,0.9993913,0.99903125,0.99935,0.9994009,0.99946505,0.9994643,0.99961025,0.999454,0.9992463,0.99947363,0.99950624,0.9995274,0.99923134,0.999277,0.99947065,0.9995866,0.99960715,0.99946725,0.99968004,0.9995374,0.9994516,0.99944454,0.99947023,0.9993945,0.99942225,0.9994249,0.99949914,0.99937266,0.9994593,0.9994808,0.9993463,0.999495,0.9991698,0.9994426,0.9994652,0.9994644,0.999386,0.9994711,0.99943674,0.9994639,0.99941796,0.99941176,0.99941975,0.9994419,0.9995205,0.999449,0.9994377,0.99932325,0.9993515,0.99958134,0.9995177,0.99942166,0.9995381,0.99926054,0.9996052,0.9994457,0.9994435,0.99958795,0.99949086,0.9994929,0.9994553,0.99942374,0.9995002,0.9994485,0.99937797,0.99951243,0.9994979,0.99933726,0.9995312,0.99912775,0.99911153,0.99932075
ipip6,0.9996172,0.9994617,0.9995043,0.9994096,0.9995475,0.99945563,0.9996956,0.9995498,0.9996492,0.9994398,0.99941736,0.99950457,0.9995551,0.99942863,0.999376,0.9995249,0.9995775,0.9994872,0.9996005,0.9995725,0.9995646,0.99951375,0.9995674,0.9996183,0.9994355,0.9995835,0.9994652,0.9996316,0.9995304,0.99951506,0.9996244,0.9996536,0.99943084,0.9996381,0.9996652,0.9995348,0.9997719,0.99969995,0.999671,0.9996808,0.99944216,0.99955684,0.9994699,0.9994246,0.9994291,0.9995506,0.99950755,0.9993968,0.9995818,0.99947757,0.9995586,0.99929243,0.9995236,0.99959165,0.99933237,0.99951017,0.99930716,0.9994787,0.9994447,0.9995985,0.9996193,0.9994723,0.9996302,0.9994714,0.9994763,0.9994362,0.99965596,0.9996232,0.9995345,0.9994956,0.9996298,0.9995625,0.99932545,0.9995373,0.9994589,0.99909455,0.9994616,0.9995639,0.99956995,0.99959856,0.9994477,0.9996449,0.999402,0.99959266,0.9995727,0.99964726,0.9996371,0.9995289,0.9993527,0.99954444,0.99947715,0.9996265,0.99950397,0.9993368,0.9992168,0.99933314,0.9995859,0.9995082,0.99927604,0.9992885,0.9995967,0.999589,0.9995813,0.99959254,0.9995499,0.9994281,0.99959534,0.9993546,0.9996475,0.9996533,0.9996551,0.9994662,0.9994375,0.99956405,0.99973845,0.9995185,0.99967295,0.99962807,0.99966204,0.9995495,0.99968356,0.9995588,0.9996151,0.9996099,0.9995806,0.9995286,0.9996561,0.99957204,0.99942696,0.9994971,0.99959785,0.9992555,0.99940616,0.9993794,0.99957746,0.9995753,0.99945474,0.9995935,0.999671,0.99961805,0.999638,0.9995566,0.9994424,0.99955255,0.99957645,0.9993447,0.9995639,0.9995785,0.9994615,0.9996061,0.9996677,0.9995489,0.999343,0.9992951,0.99971026,0.99952984,0.99951386,0.9995481,0.99930054,0.99973196,0.9993926,0.99967504,0.9996048,0.9994298,0.99962753,0.99931395,0.9996623,0.99948555,0.9996405,0.9995285,0.9996347,0.99939364,0.99968725,0.99959415,0.99965054,0.99961644,0.9996597,0.9995779,0.99960536,0.9998421,0.99957824,0.99954975,0.9995755,0.9995659,0.999384,0.9994685,0.9999976,0.999949,0.9999532,0.99960953,0.99982995,0.99978065,0.9997829,0.9996946,0.9996566,0.9996926,0.9997407,0.99968094,0.99955636,0.99956053,0.9997103,0.9996965,0.9995001,0.9996784,0.9995701,0.99952435,0.99978244,0.9993201,0.9995618,0.9994997,0.9995392,0.99957794,0.9996662,0.9995171,0.9995277,0.9995,0.99964285,0.99922246,0.9995649,0.999631,0.9995971,0.9995951,0.99969983,0.9995818,0.99933535,0.9996651,0.9998218,0.9997166,0.99936223,0.99942887,0.9998017,0.9995812,0.99956536,0.99955755,0.9996573,0.99953204,0.9996043,0.9995053,0.9996308,0.9994962,0.9995771,0.99950874,0.99966663,0.9995009,0.999586,0.99960715,0.99943024,0.9996417,0.9991687,0.999486,0.99961036,0.99961984,0.9994685,0.99961746,0.999524,0.999711,0.999612,0.9995521,0.99942935,0.99957097,0.9997335,0.9995417,0.9996013,0.99950814,0.99959755,0.9995621,0.99949026,0.99952537,0.99949527,0.99917024,0.9996779,0.99950415,0.99953043,0.99962294,0.99951917,0.99948764,0.9994732,0.9995449,0.99940586,0.99949926,0.9994656,0.9996118,0.99957234,0.9994376,0.99957454,0.9991743,0.9991694,0.99937177
ipip36,0.9996227,0.99947083,0.99950886,0.9994165,0.9995514,0.99946237,0.9997089,0.99956435,0.9996779,0.99944377,0.9994103,0.9995151,0.99955946,0.9994414,0.99939215,0.99951965,0.9995891,0.999499,0.99960977,0.9996014,0.9995751,0.99953324,0.99957705,0.99963504,0.9994538,0.99958813,0.9994898,0.99965024,0.9995364,0.9995243,0.99966216,0.9996712,0.9994638,0.9996377,0.9996838,0.999539,0.99973744,0.9997009,0.9996777,0.9996686,0.9994663,0.9995739,0.99948835,0.99943286,0.99943423,0.99955446,0.999519,0.9994057,0.9995875,0.9994835,0.9995716,0.99930465,0.999534,0.9996075,0.9993581,0.99954534,0.999299,0.9994952,0.99944913,0.9996277,0.9996301,0.999484,0.999649,0.9994855,0.99948454,0.9994489,0.9996632,0.99963385,0.9995514,0.9995018,0.9996444,0.99957454,0.9993452,0.99956083,0.99947333,0.999114,0.99945587,0.99956584,0.9996193,0.999646,0.9994618,0.9996473,0.9994001,0.9995908,0.99957484,0.9996508,0.9996386,0.99954814,0.99937123,0.9995492,0.9994871,0.99962246,0.9995094,0.9993343,0.99923366,0.99933755,0.9995991,0.99952215,0.9992965,0.99930274,0.99960864,0.9996103,0.99958414,0.99960905,0.9995616,0.99945444,0.999604,0.99936825,0.9996576,0.99966294,0.99967545,0.99947166,0.99945146,0.99955034,0.9997212,0.999525,0.9996721,0.9996272,0.999652,0.9995636,0.99968344,0.9995695,0.9996374,0.99963456,0.99959135,0.9995482,0.9996883,0.99959433,0.99945414,0.99950504,0.99960643,0.9992716,0.9994217,0.9993956,0.999587,0.99958885,0.9994675,0.9996175,0.9996933,0.99963176,0.9996455,0.9995634,0.99945384,0.99956495,0.99958336,0.9993627,0.9995856,0.99958956,0.9994807,0.9995998,0.9996781,0.99956214,0.9993575,0.999315,0.99972,0.99954665,0.9995322,0.99956864,0.9993065,0.9997399,0.9994074,0.9996815,0.9995891,0.9994408,0.99962693,0.99931455,0.9996889,0.9995041,0.99964994,0.9995333,0.99964064,0.99939877,0.9996878,0.9996306,0.999687,0.9996271,0.99966985,0.9995879,0.9996102,0.99987483,0.99960124,0.99961114,0.99958843,0.99961394,0.99939287,0.9994909,0.999949,0.99999714,0.99996173,0.99961835,0.99979645,0.9998188,0.9997718,0.99974,0.99966234,0.99970514,0.99974775,0.9996915,0.9995706,0.99956834,0.9996939,0.9997007,0.9995055,0.99968886,0.99958605,0.9995482,0.99981475,0.9993297,0.9995862,0.99950904,0.99955815,0.9995878,0.99969804,0.99954563,0.99957365,0.99949485,0.99963635,0.9992252,0.999567,0.99962443,0.9996058,0.9996058,0.99972,0.999585,0.9993322,0.9996653,0.9998241,0.99976027,0.99938244,0.99945086,0.99981487,0.9995848,0.9995761,0.99956477,0.9996776,0.9995366,0.9996097,0.9995062,0.99964035,0.99950635,0.9995753,0.99951756,0.99967927,0.9995085,0.9995947,0.9996172,0.9994349,0.9996468,0.99919903,0.999502,0.9996262,0.99963504,0.9994959,0.9996385,0.99954367,0.99969906,0.99961823,0.9995559,0.9994376,0.9995708,0.99973583,0.9995685,0.99959785,0.99950844,0.99960494,0.9995905,0.99950457,0.9995426,0.99950653,0.9991998,0.9997008,0.99952173,0.9995454,0.99964595,0.99954325,0.9995007,0.9994931,0.9995521,0.99942774,0.9995143,0.99948525,0.99963075,0.99958485,0.9994559,0.9996001,0.99918383,0.9991731,0.9993705
ipip66,0.99962217,0.999474,0.9995212,0.99942285,0.9995501,0.9994678,0.9996941,0.99955803,0.99967384,0.9994454,0.99941826,0.9995182,0.99956167,0.99944156,0.99939555,0.9995272,0.9995924,0.99951494,0.99961436,0.99958724,0.9995831,0.9995293,0.9995782,0.999655,0.9994496,0.9995865,0.999496,0.9996576,0.9995406,0.99953216,0.99967146,0.99966455,0.9994635,0.9996344,0.99967504,0.99954206,0.9997497,0.9996972,0.9996812,0.9996681,0.99947095,0.999574,0.9994921,0.999435,0.999438,0.99955773,0.9995131,0.999408,0.9995849,0.99949646,0.9995703,0.99931866,0.9995301,0.999626,0.9993569,0.99953896,0.99930197,0.99950844,0.9994502,0.9996118,0.9996238,0.99948317,0.99964297,0.9994881,0.99948573,0.9994523,0.99966717,0.9996419,0.9995489,0.99950737,0.99963593,0.9995687,0.9993454,0.9995411,0.9994711,0.9991094,0.99945897,0.99956644,0.9996112,0.9996363,0.99946135,0.99965656,0.9994035,0.9995978,0.9995823,0.9996528,0.9996503,0.9995464,0.99936736,0.9995552,0.9994921,0.99963176,0.99950594,0.9993457,0.9992363,0.9993427,0.9995905,0.9995136,0.9992916,0.9993006,0.99960685,0.99960756,0.9995851,0.99960744,0.99955577,0.99944985,0.9996032,0.9993656,0.99965125,0.9996572,0.99966943,0.99947625,0.9994522,0.99956685,0.9997272,0.99952525,0.9996773,0.9996307,0.9996599,0.9995648,0.99969316,0.99958175,0.9996403,0.99963045,0.9996023,0.9995583,0.9996873,0.9995843,0.99945456,0.9995154,0.99960274,0.99927044,0.99942416,0.9994028,0.9995908,0.99958843,0.9994659,0.99960715,0.99968106,0.99962616,0.9996462,0.9995605,0.9994541,0.99955726,0.99958056,0.99936783,0.9995842,0.9995903,0.9994817,0.9996105,0.99967504,0.999561,0.99935234,0.99930006,0.9997204,0.99954736,0.9995316,0.9995573,0.99931717,0.99973494,0.99941075,0.99967384,0.9995991,0.9994403,0.99962276,0.9993135,0.99967384,0.9995015,0.999651,0.99953973,0.9996403,0.9994074,0.9996937,0.9996187,0.9996892,0.9996286,0.9996938,0.99960595,0.99962026,0.99988705,0.9996229,0.9996224,0.9995855,0.9996241,0.99941623,0.99949276,0.9999532,0.99996173,0.99999815,0.99962825,0.9998017,0.9998,0.9997795,0.9997288,0.9996691,0.9997093,0.9997637,0.9996849,0.9995928,0.9995636,0.9997064,0.9997093,0.9995046,0.999703,0.99958825,0.9995484,0.999814,0.9993499,0.99958205,0.9995195,0.9995647,0.9995871,0.99970645,0.99954265,0.99957275,0.9995027,0.9996493,0.99923766,0.99957263,0.9996259,0.9996066,0.99960893,0.99971193,0.99957454,0.9993413,0.9996704,0.99983954,0.99976397,0.9993951,0.999457,0.9998322,0.999588,0.9995717,0.99956834,0.9996761,0.99954224,0.9996064,0.9995052,0.9996326,0.99951214,0.9995726,0.99952006,0.99967307,0.9995041,0.9995985,0.99961364,0.9994436,0.9996463,0.99919695,0.99949723,0.9996183,0.9996266,0.99948215,0.9996299,0.9995389,0.9997257,0.99964035,0.99956626,0.99944204,0.99957395,0.9997575,0.9995967,0.9996147,0.9995292,0.9996373,0.99957776,0.99950075,0.99953866,0.9995034,0.9992007,0.99969035,0.99952054,0.9995429,0.9996329,0.99954396,0.9994891,0.99948967,0.99954975,0.9994218,0.9995191,0.9994841,0.99962646,0.999582,0.99945396,0.9995957,0.99918705,0.9991802,0.99937934
ipip96,0.9994196,0.9994,0.9993539,0.9993643,0.9994164,0.99940324,0.9995174,0.9994609,0.99960124,0.9994052,0.9993352,0.99941987,0.99944997,0.9993851,0.99933624,0.99939036,0.9995059,0.9994317,0.99950576,0.99947447,0.9994832,0.9994529,0.99948776,0.9995873,0.9994612,0.9994697,0.99945784,0.99954844,0.9994344,0.9994462,0.9995198,0.99953306,0.99935037,0.9995478,0.9995096,0.9994526,0.999523,0.99951994,0.9995278,0.9995565,0.9994212,0.99944425,0.9994569,0.9993046,0.9994274,0.9994353,0.99948055,0.999346,0.9994524,0.9994127,0.99944746,0.9993388,0.999396,0.9995138,0.99938804,0.99945974,0.99919933,0.9994576,0.9993437,0.99949235,0.999497,0.9993944,0.99950385,0.99947834,0.9994276,0.9993745,0.9995348,0.9994664,0.9994753,0.9994046,0.9994849,0.9994845,0.9993253,0.9994153,0.99943453,0.99914145,0.9994408,0.9994759,0.9995543,0.9995727,0.99939567,0.9995455,0.9993061,0.99946004,0.9994758,0.9994843,0.99951386,0.9994436,0.99931806,0.99944746,0.99940073,0.9994997,0.99939036,0.99926233,0.99920475,0.99923056,0.99942183,0.99954724,0.9992497,0.9993122,0.99945384,0.9995964,0.99947906,0.9995158,0.99948364,0.99944633,0.9994965,0.99932986,0.99957615,0.9995042,0.99951273,0.999347,0.9993977,0.9994481,0.9995672,0.9994873,0.9995127,0.9994991,0.9995174,0.9995649,0.99949014,0.9993709,0.9995379,0.999507,0.99948084,0.99948925,0.9996604,0.999477,0.9994832,0.99945205,0.99949354,0.99931234,0.99945617,0.9993756,0.9994433,0.9995307,0.99942327,0.9994759,0.99952817,0.99949485,0.999496,0.9994842,0.99937433,0.99947375,0.9994774,0.9993043,0.9995554,0.99951714,0.9993743,0.9994899,0.9996876,0.9996783,0.9994091,0.9992836,0.99950594,0.9994804,0.9994829,0.9994669,0.9992163,0.99954605,0.99944085,0.9995693,0.9994532,0.9993938,0.99947244,0.9992542,0.9995189,0.9994881,0.9994687,0.9994104,0.99948055,0.99934125,0.99947715,0.99947405,0.99958146,0.9994853,0.99951196,0.9994832,0.99953216,0.9995774,0.99955666,0.99949396,0.99958193,0.99951965,0.99929404,0.99935013,0.99960953,0.99961835,0.99962825,0.9999988,0.99958557,0.99960345,0.9995678,0.9995919,0.9995457,0.99955696,0.9997637,0.99955463,0.9997942,0.99957305,0.99966115,0.9995885,0.9995027,0.999601,0.9995041,0.99953115,0.99966294,0.99936324,0.9995206,0.9994521,0.9995025,0.99942803,0.9995605,0.99954593,0.99954075,0.9994752,0.9995951,0.9992334,0.9994927,0.9995415,0.99948627,0.9995005,0.99951977,0.9995536,0.99928886,0.9995104,0.999558,0.99959844,0.99940884,0.9993941,0.99962497,0.9994473,0.9994686,0.9994626,0.9995057,0.99951226,0.9995248,0.9994181,0.99953294,0.99948883,0.99947965,0.999504,0.99952435,0.9994753,0.9995302,0.99951303,0.99935913,0.99948883,0.9991102,0.99941856,0.9995183,0.99951667,0.99947524,0.999536,0.9994695,0.9995815,0.9995248,0.9995052,0.9993987,0.99948925,0.9995744,0.9995183,0.999541,0.9994647,0.9994497,0.9994577,0.9994594,0.99950606,0.999464,0.9991928,0.9995241,0.9994335,0.9995292,0.99949044,0.9995106,0.9994352,0.9994117,0.99947834,0.999365,0.9994564,0.99948484,0.9994988,0.9994999,0.9994547,0.9994808,0.99917763,0.9991442,0.99926436
ipip126,0.99963456,0.9994716,0.9995121,0.99941736,0.9995622,0.999482,0.99969,0.99955577,0.99962664,0.9994264,0.99946994,0.9995737,0.9995605,0.9994802,0.9994199,0.9995624,0.9996122,0.9994948,0.9996411,0.9996266,0.99956405,0.99952686,0.99958056,0.99960494,0.99947727,0.99960303,0.9994573,0.9996226,0.9995946,0.9995415,0.9995744,0.99966174,0.9994327,0.99966854,0.9997051,0.99956685,0.99977946,0.99972796,0.9996516,0.999704,0.9994386,0.99956053,0.9995011,0.9994657,0.9994333,0.9995526,0.99952424,0.99943006,0.99962944,0.99950683,0.9995675,0.9992526,0.9995399,0.99958426,0.9993389,0.9995046,0.9993159,0.99950224,0.9994582,0.9996115,0.9996551,0.99949473,0.99964416,0.999522,0.9994981,0.999463,0.99971795,0.999648,0.9995758,0.9995435,0.9996671,0.99960446,0.9993363,0.9995525,0.99949193,0.9991906,0.99954176,0.99966466,0.99955815,0.99959517,0.99951273,0.99970526,0.99947053,0.99963737,0.999633,0.9997054,0.9997293,0.99952894,0.99939936,0.9996258,0.99952173,0.99965054,0.9995481,0.9993682,0.9992456,0.99932396,0.9996147,0.9995063,0.9992985,0.99934644,0.99956393,0.99960804,0.99960434,0.99958074,0.9996217,0.9994362,0.99968195,0.9993874,0.999677,0.99970275,0.9996989,0.9995098,0.99951696,0.9995887,0.9997473,0.9995345,0.99969214,0.99967206,0.99969363,0.99956113,0.9996542,0.99952847,0.99959826,0.9996081,0.99959,0.99951,0.99960786,0.9996014,0.9994386,0.9995012,0.9996311,0.9992696,0.99942917,0.99941075,0.99960506,0.9995825,0.99947244,0.99960095,0.9996954,0.9996482,0.99969006,0.9996045,0.999469,0.99958235,0.99963295,0.9993976,0.99963135,0.99961275,0.9994605,0.9996666,0.9996536,0.9995623,0.99938697,0.9993163,0.99971426,0.99955666,0.9995662,0.99956113,0.99934036,0.99973834,0.9994072,0.9996853,0.99961257,0.99944216,0.9996514,0.9993409,0.99965537,0.9995247,0.99964124,0.9995489,0.99965173,0.99942243,0.9997015,0.9996294,0.99961424,0.9996313,0.99966127,0.9996023,0.9995696,0.99969834,0.9995756,0.99949545,0.9995332,0.9995323,0.999391,0.99946034,0.99982995,0.99979645,0.9998017,0.99958557,0.99999714,0.9997212,0.999724,0.99964017,0.99972546,0.9997086,0.99971205,0.99969226,0.99954915,0.99957,0.9996924,0.9996864,0.99953026,0.9996698,0.99956346,0.99949557,0.99972796,0.9993434,0.9995559,0.9994683,0.9995424,0.9996441,0.99962056,0.9995198,0.99951243,0.99952805,0.99965674,0.999244,0.9995938,0.99968266,0.99963343,0.9996368,0.99969167,0.9996126,0.99939746,0.9997112,0.9997734,0.9996949,0.9993688,0.9994937,0.99972236,0.99957573,0.9995942,0.9995973,0.99966747,0.99950063,0.999623,0.9995297,0.9996649,0.99952984,0.9996275,0.9995493,0.9996966,0.9995473,0.9996076,0.99962616,0.99944985,0.9996691,0.99916685,0.9995096,0.99963325,0.9996376,0.9994835,0.99964255,0.9995479,0.99969274,0.9995984,0.99954444,0.99946284,0.9996102,0.9997038,0.9995017,0.9996197,0.999474,0.9995572,0.9995701,0.9995177,0.9995236,0.9995334,0.99921054,0.9996878,0.9995086,0.9995367,0.9996427,0.9995432,0.999511,0.9994903,0.99956983,0.99942833,0.99952734,0.99948806,0.9996372,0.99958634,0.999456,0.9995971,0.99920845,0.99917805,0.9993803
ipip156,0.9996611,0.999522,0.9995551,0.99947274,0.99959004,0.99952143,0.99970067,0.9995489,0.99967533,0.99947155,0.9995109,0.9995766,0.9995844,0.9994572,0.99942535,0.9995383,0.99960625,0.9995165,0.9996148,0.99962586,0.9995972,0.9995507,0.99961364,0.99960357,0.99949145,0.9995981,0.99954444,0.99963325,0.99955916,0.9996122,0.999665,0.9996945,0.9995047,0.99962133,0.9996995,0.9995865,0.99967545,0.9996971,0.9996467,0.9996624,0.9995012,0.99961543,0.9995485,0.9995847,0.99945813,0.9995856,0.9995376,0.99944454,0.9996085,0.9994811,0.9995775,0.9993096,0.9995726,0.9995692,0.99943364,0.99957216,0.999326,0.99957883,0.9994859,0.99965453,0.9996625,0.9995229,0.9996779,0.9995264,0.9995018,0.9994904,0.99965864,0.99966747,0.9996206,0.99957305,0.9996796,0.99960715,0.9993635,0.99958646,0.999501,0.99915594,0.9994591,0.99957716,0.999672,0.99970335,0.99951094,0.99969757,0.9994501,0.99963963,0.9996127,0.99967575,0.9996397,0.9995478,0.9994224,0.99957126,0.9995315,0.999652,0.999544,0.9993447,0.9992954,0.99932754,0.9996277,0.99959373,0.9993542,0.9993659,0.9995832,0.9996608,0.99960107,0.9996077,0.9996147,0.9994782,0.9995908,0.9993893,0.99964815,0.9996846,0.99974966,0.99950546,0.9995135,0.99955916,0.99967533,0.99954426,0.9996476,0.99964356,0.99967945,0.9996108,0.9996827,0.9995713,0.9996681,0.99965954,0.99962187,0.99958223,0.9996784,0.9996498,0.9995695,0.9994901,0.9996529,0.99931514,0.9994763,0.9994294,0.99963725,0.99963725,0.9995076,0.99966216,0.99973315,0.9996701,0.99967927,0.99959993,0.99949056,0.99959373,0.9996023,0.9994038,0.999622,0.9996578,0.9995673,0.9996267,0.9996929,0.9995898,0.99941057,0.9993478,0.9997228,0.99959946,0.9995914,0.99960506,0.9993408,0.9997094,0.99944544,0.99969965,0.99958134,0.9994901,0.99965394,0.99942803,0.9996921,0.9995286,0.9996571,0.9995693,0.99967384,0.99944043,0.9997006,0.9996497,0.9997418,0.99978656,0.99963087,0.9995807,0.9995761,0.9997168,0.9995227,0.9996944,0.9996452,0.999704,0.9994957,0.9995105,0.99978065,0.9998188,0.9998,0.99960345,0.9997212,0.9999975,0.9999437,0.9998059,0.9997132,0.99987507,0.99973845,0.99965924,0.9995701,0.9995502,0.9996402,0.9996616,0.99949163,0.99985385,0.99959713,0.9995529,0.9997617,0.99931896,0.9995878,0.99950606,0.9996266,0.9995298,0.9997591,0.9995831,0.9996448,0.9995177,0.99964494,0.99924207,0.99953866,0.9996171,0.99966043,0.99979085,0.999755,0.99959654,0.99947417,0.9997945,0.9997305,0.9996919,0.99937826,0.9994872,0.99969876,0.999625,0.99961585,0.9996041,0.9997225,0.99957365,0.9996042,0.99954426,0.99967825,0.99953914,0.9995982,0.9995505,0.9998164,0.99959105,0.99978226,0.99961895,0.9994858,0.999683,0.99924,0.9995394,0.9996948,0.99969983,0.99958307,0.9996984,0.99962795,0.9996449,0.99959165,0.9995651,0.9994648,0.9995833,0.99991524,0.9996586,0.99972403,0.999591,0.99963254,0.9996354,0.99955106,0.9995578,0.9995478,0.999281,0.99971294,0.9995654,0.9995631,0.99967,0.99956435,0.9995386,0.9995452,0.999582,0.99946654,0.9995526,0.9995561,0.99970627,0.99957937,0.99952507,0.9996455,0.9992615,0.99922043,0.99941504
ipip186,0.99966943,0.999519,0.9995607,0.99947137,0.99959755,0.9995426,0.9996959,0.99953246,0.99965507,0.9994684,0.9995146,0.999581,0.9995722,0.99944794,0.99939996,0.9995431,0.99959326,0.99950063,0.9996071,0.99962467,0.99958795,0.99954087,0.9996044,0.999584,0.999479,0.999601,0.9995136,0.9996068,0.999562,0.99959743,0.9996466,0.99967206,0.9994899,0.99961954,0.9996987,0.9995904,0.9996875,0.9996956,0.9996494,0.99967325,0.9994693,0.99959356,0.9995193,0.9996325,0.9994427,0.9995803,0.99951386,0.99942327,0.9996098,0.99946785,0.99958223,0.9992849,0.9995712,0.99954313,0.9993954,0.9995359,0.9993392,0.9995624,0.9994977,0.99963725,0.99965435,0.9995195,0.9996755,0.999521,0.99948275,0.9994653,0.99965036,0.99965936,0.9995973,0.9995557,0.9996832,0.99959624,0.999347,0.99956965,0.99948484,0.99911314,0.9994449,0.99957097,0.99961895,0.9996574,0.99950343,0.999703,0.9994434,0.99966186,0.9996149,0.9996844,0.99964136,0.99953014,0.99941015,0.999567,0.9995313,0.99966526,0.9995466,0.9993513,0.9992889,0.99930835,0.99964875,0.999549,0.9993344,0.9993273,0.9995642,0.99966043,0.99958855,0.99960333,0.9996185,0.99943256,0.99958235,0.99936706,0.99961823,0.9996967,0.9997515,0.9995255,0.999516,0.999564,0.9996721,0.9995306,0.99965686,0.9996574,0.9996944,0.9995875,0.9996721,0.99955523,0.99964345,0.9996416,0.99961513,0.999558,0.9996317,0.999625,0.9995269,0.9994761,0.99965316,0.9992658,0.99945086,0.9994168,0.9996387,0.9996346,0.99950427,0.99963653,0.9997254,0.999683,0.99969596,0.99959433,0.99947804,0.99958676,0.9996088,0.99940115,0.9996197,0.9996444,0.99952865,0.99962914,0.9996822,0.99956995,0.9993731,0.99931926,0.9997267,0.99959874,0.999579,0.9995955,0.9993448,0.9997086,0.99942136,0.9996973,0.9995944,0.9994758,0.99967325,0.9994345,0.9996787,0.999513,0.9996636,0.99958575,0.9996852,0.9994393,0.9997311,0.999637,0.9997117,0.9998364,0.99961835,0.99958265,0.99954885,0.9996673,0.99948937,0.9996359,0.99960804,0.9996604,0.99947846,0.9995012,0.9997829,0.9997718,0.9997795,0.9995678,0.999724,0.9999437,0.99999785,0.9997629,0.99972147,0.9998683,0.9997287,0.9996524,0.9995402,0.9995157,0.99961495,0.99965805,0.9994538,0.99989176,0.99957633,0.99953395,0.99972016,0.9992901,0.99954605,0.9994731,0.9995879,0.99952596,0.99972814,0.99955416,0.99958825,0.99950814,0.9996203,0.99920166,0.99952936,0.9996021,0.99966335,0.99977225,0.9997294,0.9995694,0.99946415,0.9997983,0.99970907,0.9996497,0.99932444,0.9994665,0.99965817,0.9996317,0.9996101,0.99959105,0.99972343,0.99956036,0.9995931,0.9995453,0.9996735,0.99953365,0.99959975,0.9995373,0.9998553,0.99954385,0.99981916,0.9995957,0.9994823,0.9996896,0.99922216,0.9995307,0.9996715,0.99967664,0.9995387,0.99967504,0.99959373,0.9996181,0.9995779,0.9995528,0.999444,0.99958086,0.9999369,0.9996075,0.9996831,0.99953556,0.9996086,0.9996251,0.9995351,0.9995336,0.9995351,0.99925977,0.9997074,0.9995338,0.9995459,0.9996513,0.99955136,0.99951786,0.99952936,0.9995752,0.99944174,0.99954605,0.999536,0.99969524,0.9995554,0.9995033,0.9996291,0.999247,0.9992008,0.9994166
ipip216,0.99961215,0.99949056,0.9995169,0.99947244,0.999551,0.9994973,0.9996391,0.9994963,0.99971515,0.9994822,0.99948484,0.9995389,0.99952585,0.9994388,0.9994374,0.9994725,0.9995649,0.99951166,0.999561,0.9995757,0.99957526,0.99952304,0.99958175,0.999647,0.99950194,0.999546,0.99958557,0.9995949,0.9995079,0.99953353,0.9998069,0.99966514,0.9994847,0.9996082,0.99963295,0.9995412,0.99957764,0.99963844,0.9995793,0.99961525,0.9994615,0.99954355,0.99957126,0.9994727,0.99949867,0.999559,0.9995431,0.9994267,0.9995671,0.99944913,0.9995285,0.9993082,0.99951875,0.99950767,0.9995742,0.99951386,0.9992891,0.9995396,0.9994495,0.9996516,0.9996135,0.9995061,0.9996316,0.9995956,0.9994702,0.9994741,0.99959654,0.9996417,0.9995871,0.99954087,0.9996356,0.9995594,0.99939346,0.9995378,0.99947995,0.99906474,0.9993937,0.9995165,0.9997965,0.9998269,0.9995078,0.99963915,0.99937344,0.9995955,0.99953383,0.99962187,0.99956596,0.9994871,0.999423,0.99953103,0.9994868,0.9996018,0.9995016,0.9993056,0.99929005,0.9992832,0.99959755,0.9997072,0.99929106,0.99930894,0.99949414,0.9997125,0.99955475,0.9995499,0.9995703,0.99942374,0.99951637,0.9993932,0.9996039,0.99961364,0.99967617,0.99947786,0.99948627,0.99951106,0.999608,0.99950784,0.99959195,0.9996047,0.99964195,0.9995241,0.99965155,0.99953175,0.9996298,0.9996362,0.9995729,0.99968773,0.9995793,0.9995453,0.99971807,0.9994439,0.99958754,0.99923444,0.9994412,0.99943346,0.9995679,0.9996006,0.99954486,0.9996107,0.9996563,0.9996388,0.9996217,0.99958354,0.9994948,0.99960315,0.99957186,0.9993323,0.9995742,0.999616,0.99952424,0.99954903,0.99972373,0.99963146,0.999346,0.9993406,0.99967796,0.99956113,0.99955046,0.99955904,0.99930876,0.9996394,0.99940825,0.9996636,0.9995536,0.999554,0.999636,0.99939334,0.9996248,0.999522,0.99961144,0.9995166,0.99962115,0.99939555,0.99962676,0.9996275,0.9999387,0.9996583,0.99956334,0.99952334,0.9995984,0.999652,0.9994633,0.99988824,0.99962676,0.999893,0.9994534,0.99949956,0.9996946,0.99974,0.9997288,0.9995919,0.99964017,0.9998059,0.9997629,0.99999744,0.99965996,0.999739,0.9996379,0.9995918,0.999565,0.9995265,0.99954855,0.9996067,0.99944264,0.99971074,0.99957263,0.99964184,0.9998284,0.9993495,0.999554,0.99950063,0.9995487,0.9994568,0.9999019,0.9996454,0.99974734,0.99957395,0.9995315,0.9992038,0.9994785,0.999538,0.9996011,0.999641,0.99971706,0.9996523,0.9993973,0.999694,0.99966264,0.9996462,0.9993856,0.9995085,0.99962133,0.9996009,0.9996159,0.9995829,0.9996942,0.9995913,0.99959916,0.99949425,0.99960905,0.99947643,0.9995275,0.9994754,0.9996844,0.99960667,0.99961036,0.9996013,0.99944615,0.9996353,0.9992282,0.9994955,0.99969,0.999696,0.9995424,0.9996793,0.9996025,0.99956685,0.9995492,0.9996062,0.9994189,0.9995778,0.9997455,0.9998126,0.9995685,0.99944437,0.9995793,0.9995826,0.9994976,0.99962777,0.9995141,0.9992753,0.99965286,0.99953943,0.9996445,0.99960595,0.9996242,0.99950016,0.99950093,0.99958533,0.9994764,0.99951476,0.9996927,0.9996294,0.99956155,0.999658,0.99957466,0.9992307,0.9991453,0.99938196
ipip246,0.9996462,0.9995141,0.9995437,0.9994493,0.9995912,0.9995446,0.99965525,0.99953586,0.9996337,0.9994388,0.9994843,0.9996752,0.9995642,0.99949557,0.99946934,0.9995234,0.99964535,0.99952537,0.9996329,0.99961936,0.9996088,0.99957794,0.99960864,0.99959695,0.99954957,0.99959165,0.99947387,0.9996141,0.99960184,0.9995551,0.99961096,0.99963605,0.9994563,0.9996854,0.99968886,0.99958694,0.9996427,0.9996794,0.99964106,0.99970055,0.99942464,0.99954116,0.999541,0.99952114,0.99945414,0.9995839,0.9995716,0.9994621,0.99964505,0.9995174,0.9995567,0.99924594,0.9995581,0.999515,0.999379,0.9994955,0.9993496,0.99953485,0.99950457,0.9995984,0.9996973,0.999552,0.9997487,0.99958694,0.9995384,0.99951,0.9996749,0.9996157,0.9996007,0.99952084,0.9997154,0.9996445,0.9993962,0.9995951,0.9995524,0.9991459,0.99952745,0.9996577,0.9995831,0.9996207,0.9995802,0.9998562,0.99952585,0.9996982,0.9996627,0.9997073,0.9996873,0.9995327,0.99945784,0.999601,0.99958634,0.9996937,0.9995801,0.999385,0.9993233,0.9993304,0.9996535,0.99948716,0.9993524,0.9993687,0.9995601,0.999701,0.99962837,0.9996113,0.9997091,0.99939555,0.9996067,0.9993865,0.99963415,0.9996949,0.9997434,0.99957556,0.9996363,0.9995581,0.9996821,0.999547,0.9996624,0.9996854,0.9996868,0.9995844,0.99966204,0.9995345,0.9996357,0.99968183,0.9996198,0.9995086,0.99959624,0.9995947,0.99946153,0.99958706,0.9996492,0.9993007,0.9994684,0.9994527,0.99962014,0.9996205,0.99952114,0.9995837,0.99970263,0.99970156,0.99974465,0.9996407,0.99948233,0.9995979,0.99968183,0.9994021,0.99978626,0.9996337,0.99946994,0.99966955,0.9996928,0.99961954,0.99943936,0.9993856,0.9997355,0.9996482,0.9996471,0.999621,0.9994009,0.9997098,0.9994293,0.99968827,0.9996137,0.9994987,0.9996791,0.9993791,0.99963766,0.999605,0.99964434,0.9996179,0.99968034,0.9995006,0.9996991,0.9996627,0.9996222,0.9996762,0.99961036,0.99958235,0.9995112,0.99960244,0.99949557,0.99952716,0.99960834,0.999587,0.9993994,0.9995083,0.9996566,0.99966234,0.9996691,0.9995457,0.99972546,0.9997132,0.99972147,0.99965996,0.9999967,0.9997426,0.9996931,0.99962485,0.9995193,0.99954575,0.9996168,0.999634,0.9994632,0.9997057,0.99960774,0.99953055,0.99967945,0.9993239,0.9995252,0.99943835,0.99954844,0.99955237,0.9996345,0.9995956,0.9995355,0.99955755,0.99961627,0.9992027,0.999552,0.9996263,0.9996625,0.9996473,0.9997041,0.9996483,0.999417,0.9997206,0.9996796,0.99962026,0.999331,0.999473,0.9996133,0.9997625,0.999654,0.99966204,0.9997211,0.9996478,0.9996461,0.99953073,0.9996599,0.99951565,0.99960566,0.99955547,0.9997169,0.9995269,0.99958706,0.9996025,0.99949044,0.99969125,0.99921,0.9995469,0.99963826,0.9996444,0.99947524,0.99964386,0.9995359,0.9996136,0.9995636,0.99955606,0.9994881,0.99962425,0.99971545,0.99951243,0.9995881,0.9994184,0.9995211,0.9996017,0.9995555,0.99954593,0.9995657,0.99930376,0.9996799,0.9995055,0.9995717,0.99961466,0.9995929,0.99954724,0.99951917,0.9996284,0.99949276,0.99956006,0.99950796,0.9996523,0.9995558,0.99947953,0.9995847,0.99921703,0.999164,0.9994142
ipip276,0.9997267,0.9995397,0.9996014,0.9994931,0.999641,0.9995478,0.99974936,0.99956775,0.99968916,0.999484,0.99956816,0.9996504,0.99959236,0.9994799,0.9994295,0.99957544,0.99962944,0.99954224,0.9996563,0.99966383,0.9996154,0.9995911,0.9996679,0.9996313,0.99950767,0.9996269,0.99950993,0.999631,0.9995909,0.99960613,0.9996613,0.9997111,0.99957055,0.9996654,0.999773,0.99963063,0.9997082,0.999763,0.9996386,0.9997166,0.99950236,0.9996641,0.99958193,0.99964863,0.999453,0.9996332,0.99955183,0.9994815,0.9996893,0.9994941,0.9996152,0.9992648,0.99963415,0.9995544,0.9994163,0.9995434,0.9993745,0.9995776,0.99953043,0.99966735,0.9997222,0.99956,0.9997305,0.9995581,0.99952567,0.999491,0.9997062,0.99969774,0.9996511,0.9995652,0.9997528,0.9996554,0.99938005,0.9996225,0.9995376,0.99912196,0.9994816,0.99962187,0.99963015,0.9996764,0.9995634,0.99976504,0.9995185,0.9997354,0.99966276,0.99976087,0.99969834,0.9995133,0.9994533,0.99964195,0.99956524,0.99973494,0.9995989,0.99936765,0.9993228,0.9993578,0.9997154,0.99956316,0.99935573,0.99935925,0.9995803,0.99970394,0.99965054,0.999596,0.9996589,0.999382,0.9996246,0.9993896,0.9996527,0.99976844,0.9998154,0.99956346,0.99955875,0.99959546,0.9997144,0.9995704,0.9997074,0.9997,0.9997364,0.99962586,0.9997079,0.9995531,0.9996654,0.9996866,0.99967515,0.9995592,0.9996343,0.9996684,0.99953735,0.9995041,0.9997063,0.9993063,0.9994955,0.99945605,0.9996887,0.99966127,0.99952596,0.99968356,0.99979675,0.99972546,0.9997588,0.9996489,0.9995084,0.99963385,0.9996503,0.99943167,0.9996688,0.9996873,0.9995746,0.9996894,0.9997232,0.999617,0.9994143,0.99934494,0.9997797,0.99963504,0.99962366,0.99964243,0.9993613,0.99975944,0.9994562,0.9997327,0.99962974,0.9995389,0.9997234,0.99944806,0.9997294,0.9995373,0.99968916,0.9995939,0.9997333,0.9994567,0.999771,0.9996864,0.9997157,0.9998457,0.99967015,0.9996142,0.99957377,0.99961346,0.9994578,0.9995962,0.99960136,0.99962556,0.99948084,0.99952114,0.9996926,0.99970514,0.9997093,0.99955696,0.9997086,0.99987507,0.9998683,0.999739,0.9997426,0.99999887,0.9997358,0.9997094,0.9995372,0.9995511,0.9996299,0.99969,0.99946314,0.9998477,0.9995993,0.999554,0.9997364,0.9992928,0.99955714,0.9994981,0.99960154,0.99955064,0.9997279,0.99958766,0.9995802,0.999542,0.9996502,0.99919146,0.99955595,0.999643,0.99971527,0.9998093,0.99974394,0.9995964,0.9994713,0.9998544,0.9997427,0.99963546,0.99930227,0.9995004,0.9996124,0.9996196,0.9996609,0.9996457,0.9997565,0.99952704,0.99963516,0.99956894,0.9997336,0.9995144,0.9996443,0.9995746,0.99987614,0.99955964,0.9997179,0.99962574,0.9995248,0.999756,0.99921983,0.9995716,0.9997126,0.9997257,0.9995585,0.9997229,0.999621,0.9996203,0.99957967,0.9996217,0.9994793,0.999621,0.9998571,0.999548,0.9996704,0.99947965,0.99957,0.9996751,0.999591,0.9995916,0.99958116,0.9992935,0.9997805,0.9995728,0.9996102,0.9997125,0.9995953,0.99957544,0.99956924,0.99962234,0.9994605,0.99960107,0.999562,0.99975324,0.9995756,0.9995366,0.99967515,0.9992534,0.9992107,0.9994599
ipip11,0.9996162,0.99952406,0.9995142,0.9994862,0.9995927,0.9995623,0.99970317,0.99957913,0.9996949,0.9995077,0.9994545,0.999547,0.99955887,0.9994671,0.9994072,0.99953735,0.99960613,0.9995359,0.9996265,0.99960554,0.99964684,0.9995541,0.99962205,0.9996855,0.9994983,0.99962306,0.99951595,0.99969685,0.9995575,0.9995495,0.9995964,0.99965495,0.9994843,0.999651,0.9996814,0.9995766,0.9996638,0.9996889,0.99962467,0.99967504,0.9994796,0.99957997,0.9995559,0.9994788,0.9995018,0.99959254,0.9995409,0.9994358,0.9995946,0.99949235,0.99960726,0.9993936,0.99954593,0.9996332,0.99938554,0.99954456,0.9993219,0.9995421,0.9994866,0.9996102,0.9996555,0.99950415,0.99965894,0.99954844,0.99950254,0.9994679,0.9996753,0.9996557,0.99960166,0.9995168,0.9996705,0.9996208,0.9993956,0.9995659,0.99950445,0.9991537,0.99947673,0.999587,0.99957716,0.999624,0.9994951,0.9996918,0.99941677,0.99963146,0.99961877,0.9996728,0.9996655,0.9995197,0.99938715,0.99959135,0.9995114,0.9996682,0.999538,0.9993609,0.9992786,0.9993005,0.99960566,0.9995828,0.9993309,0.999341,0.9995555,0.9996788,0.99959344,0.9995929,0.9996007,0.99948317,0.9996584,0.9994092,0.99967694,0.99968743,0.9996868,0.9994826,0.9994978,0.9995443,0.9997006,0.9995621,0.9996475,0.9996572,0.99967504,0.99963737,0.99963343,0.9994955,0.99970555,0.9996466,0.99965274,0.99951476,0.9997915,0.99961025,0.9995017,0.99954176,0.99964166,0.99930745,0.99949026,0.9994345,0.9996103,0.99965924,0.9995296,0.99962175,0.9996997,0.9996829,0.99967164,0.99960107,0.9994598,0.9995895,0.9995988,0.99937975,0.9996502,0.9996477,0.99948746,0.9996215,0.9997656,0.9996549,0.99942225,0.9993195,0.9996861,0.99960434,0.99958444,0.99960077,0.9993148,0.99972624,0.99944717,0.9997132,0.99960303,0.9994766,0.9996583,0.9993636,0.999665,0.99955934,0.99964726,0.999557,0.9996887,0.999456,0.9996874,0.9996348,0.9996381,0.99967515,0.9997037,0.9996562,0.99963355,0.999707,0.9995843,0.9995143,0.99963343,0.9995456,0.9994085,0.9994344,0.9997407,0.99974775,0.9997637,0.9997637,0.99971205,0.99973845,0.9997287,0.9996379,0.9996931,0.9997358,0.9999977,0.99974126,0.999781,0.999626,0.9997494,0.99983186,0.99964553,0.99984324,0.9996796,0.99958414,0.9997622,0.9993919,0.99960506,0.99952555,0.9996386,0.9995729,0.9996407,0.99956286,0.9995407,0.99951136,0.9997193,0.99928653,0.9996079,0.99965626,0.9996598,0.9996486,0.9996742,0.99960816,0.9993864,0.99970746,0.99974453,0.99971575,0.9994874,0.99947304,0.99974364,0.99956924,0.9995898,0.9996192,0.99967325,0.99951977,0.9996284,0.9995403,0.9996993,0.99955887,0.9996115,0.99960726,0.9997394,0.9995186,0.99963474,0.99963516,0.9994847,0.9996893,0.99922127,0.99955606,0.99964416,0.9996485,0.99951696,0.9996566,0.9995665,0.99970806,0.99969834,0.9995991,0.99950063,0.99961984,0.9997427,0.99952084,0.99964094,0.99955237,0.9995691,0.9996079,0.99955916,0.9995828,0.999557,0.999262,0.99969965,0.99954647,0.999573,0.9996364,0.9995905,0.9995311,0.99952835,0.9995752,0.9994141,0.99959457,0.9995291,0.9996478,0.99960136,0.999498,0.99960136,0.99924564,0.9992119,0.9993828
ipip41,0.99967074,0.99952,0.999533,0.99945694,0.99963033,0.9995297,0.9997937,0.99956226,0.9996858,0.99950284,0.99946284,0.99954563,0.999538,0.99945873,0.9993741,0.9995324,0.9995759,0.99949265,0.99963,0.99959576,0.99957633,0.99951696,0.99963206,0.99964213,0.99945027,0.9996707,0.99951196,0.99963504,0.99955446,0.99953645,0.99954724,0.99971193,0.999529,0.9996091,0.99972254,0.9996099,0.99967235,0.99974555,0.9996043,0.9997052,0.9995306,0.99969983,0.9995216,0.9994536,0.9994957,0.9996937,0.9995851,0.9994232,0.9996177,0.9994798,0.99963844,0.99932665,0.9996001,0.9995738,0.9993832,0.99954754,0.99935204,0.9995038,0.9995023,0.9996843,0.99965507,0.9995085,0.99963486,0.9995094,0.9994376,0.99943316,0.99968207,0.9996887,0.9995766,0.9995218,0.9997215,0.9996252,0.99934816,0.99959916,0.9994471,0.99903977,0.9994542,0.9995572,0.9995695,0.9996234,0.9994598,0.99966395,0.99940735,0.99963254,0.9996071,0.9996793,0.9996726,0.99947,0.99937516,0.9996085,0.9994729,0.99966437,0.9995245,0.9993164,0.99922025,0.99932486,0.9996516,0.9995517,0.99928075,0.99932206,0.999514,0.9995921,0.9995731,0.99954087,0.9995749,0.99938196,0.9996578,0.9993737,0.9996495,0.9997085,0.99972564,0.99947673,0.9994954,0.9995081,0.9996847,0.99949914,0.999648,0.99963975,0.9996462,0.9994959,0.9996286,0.9994678,0.9996534,0.99962443,0.99960756,0.99948716,0.9996441,0.9996355,0.99949056,0.99948865,0.9996703,0.99919975,0.99944985,0.99938554,0.9996583,0.99964887,0.9995231,0.9996889,0.99973774,0.9996804,0.9996783,0.99956155,0.9994312,0.99958634,0.9995868,0.9993458,0.99958503,0.99961317,0.9995539,0.99961895,0.9996545,0.9995113,0.99932253,0.99926436,0.99967927,0.99955916,0.99954736,0.9996147,0.9992944,0.99971426,0.99939775,0.9997177,0.9995547,0.99944675,0.9996943,0.99935097,0.9997565,0.99948865,0.9996379,0.9995265,0.99976796,0.99940336,0.9996876,0.99960476,0.9995921,0.9996298,0.99966365,0.99965906,0.9996101,0.9996017,0.9994635,0.99943537,0.9995111,0.9994783,0.99937534,0.9994295,0.99968094,0.9996915,0.9996849,0.99955463,0.99969226,0.99965924,0.9996524,0.9995918,0.99962485,0.9997094,0.99974126,0.9999978,0.9995566,0.999728,0.9996381,0.9997747,0.99955446,0.9996947,0.99968904,0.99960387,0.9997082,0.9993305,0.9995515,0.9995207,0.9995722,0.9995388,0.99961716,0.9995345,0.9995141,0.9994988,0.99960524,0.9991979,0.9996005,0.9996183,0.9996858,0.9995969,0.99964863,0.99956506,0.9993368,0.9997068,0.99972486,0.99963516,0.9993666,0.9994476,0.999655,0.9995234,0.9995898,0.9996159,0.9996623,0.99942654,0.9995821,0.9995289,0.99969786,0.9994804,0.9996077,0.99952793,0.9997162,0.9995198,0.999527,0.9996128,0.9994947,0.99974084,0.9991935,0.99957347,0.99973506,0.99973714,0.9995429,0.9997308,0.99959904,0.9996383,0.999603,0.9995736,0.9995431,0.9996537,0.9996614,0.9994289,0.9995724,0.9994116,0.9995346,0.99963665,0.9995438,0.9995487,0.9995517,0.9992373,0.9998174,0.9996356,0.9995271,0.99975806,0.99956006,0.99952775,0.999526,0.9995413,0.9993879,0.99955434,0.9995216,0.99968743,0.99958336,0.9994876,0.9996282,0.9992177,0.99918276,0.99939775
ipip71,0.9994143,0.9993884,0.9993504,0.99935496,0.999417,0.9994223,0.99950397,0.99943995,0.999585,0.9993962,0.9993327,0.99940646,0.9994379,0.999362,0.99933624,0.9993998,0.99947256,0.9994227,0.99948907,0.9994541,0.9994689,0.9994241,0.9994761,0.9995869,0.99941534,0.9995128,0.9994557,0.9995142,0.9994232,0.9994314,0.99951154,0.9994997,0.99933076,0.9995089,0.9994807,0.99941856,0.9994763,0.9994992,0.9994985,0.9995128,0.9993851,0.99942404,0.9994472,0.9993437,0.9994097,0.9994388,0.99945605,0.9993201,0.99943846,0.9993909,0.9994722,0.99934065,0.9993818,0.9995111,0.99937576,0.9994431,0.99918,0.99945444,0.9993449,0.9994746,0.9994851,0.999373,0.99948436,0.99945974,0.99939567,0.99936366,0.99950206,0.99947023,0.9994701,0.9993953,0.999474,0.9994718,0.99931043,0.9993996,0.99940443,0.9990674,0.9993914,0.99944776,0.9995341,0.9995563,0.9993805,0.9995119,0.9992765,0.99945533,0.99945164,0.99946684,0.9994937,0.99942034,0.9992927,0.9994425,0.9994011,0.9994732,0.999376,0.9992756,0.9992048,0.99919647,0.9994067,0.99955803,0.99922097,0.99927974,0.99942565,0.99956375,0.99944633,0.99947196,0.9994584,0.99947417,0.9994935,0.99932146,0.99954987,0.99947953,0.99948543,0.9993263,0.9993726,0.9994248,0.9995139,0.99944127,0.99947816,0.99948144,0.9994844,0.9994947,0.99945796,0.9993525,0.9995252,0.99948245,0.9994994,0.9994724,0.99961156,0.9994634,0.9994813,0.99940395,0.9994692,0.99924505,0.9994071,0.99935806,0.9994267,0.9995149,0.9994151,0.99944204,0.9995002,0.9994915,0.9994786,0.9994612,0.9993479,0.99945164,0.9994546,0.99928313,0.99951756,0.9995112,0.9993589,0.9994646,0.9996516,0.9996151,0.9993662,0.9992426,0.99948347,0.99948186,0.99946016,0.9994525,0.999212,0.99952674,0.9993703,0.99954724,0.99943227,0.9993858,0.9994638,0.99925,0.99947596,0.999454,0.99946564,0.99941987,0.9994906,0.9993792,0.9994669,0.9994694,0.9995703,0.9994908,0.99951094,0.9994945,0.9995083,0.99955523,0.99954563,0.9994868,0.99955446,0.99950945,0.99929327,0.9993089,0.99955636,0.9995706,0.9995928,0.9997942,0.99954915,0.9995701,0.9995402,0.999565,0.9995193,0.9995372,0.999781,0.9995566,0.999998,0.99956965,0.99959624,0.9996078,0.99950325,0.99963176,0.99949825,0.9995211,0.99964035,0.9993252,0.99949026,0.999427,0.99947,0.9994196,0.9995466,0.99950236,0.99949765,0.9994553,0.9995363,0.999182,0.99944717,0.9995162,0.9994712,0.99949,0.999495,0.99952084,0.9992612,0.99950397,0.9995374,0.99957854,0.9993922,0.9993752,0.99959093,0.9994256,0.99944276,0.9994613,0.9995043,0.99944556,0.9994784,0.9994196,0.9995157,0.99947107,0.9994688,0.9994893,0.99951786,0.9994284,0.9995181,0.99950016,0.9993536,0.999477,0.99911636,0.9994175,0.99949425,0.9994973,0.9994251,0.9995022,0.9994407,0.999533,0.9994999,0.9994951,0.99938446,0.99947596,0.99955326,0.9994929,0.999483,0.9994352,0.999418,0.9994421,0.99943143,0.99949,0.99942756,0.99917334,0.9995055,0.99941003,0.99949384,0.9994627,0.99951595,0.9993995,0.9993914,0.99943155,0.9993102,0.99944353,0.9994825,0.9994683,0.99948096,0.9994489,0.9994524,0.999141,0.99912685,0.99923736
ipip101,0.9995358,0.9995455,0.99945736,0.9994535,0.9995697,0.99949557,0.9996414,0.9995646,0.99965286,0.9994984,0.99940044,0.999455,0.9995103,0.9994513,0.99942285,0.9994235,0.9994968,0.99947333,0.99956006,0.9994994,0.9994854,0.99949646,0.9995292,0.9996149,0.9996363,0.99959433,0.99953175,0.9995295,0.9994931,0.99948204,0.9994816,0.99956685,0.99937916,0.9997004,0.9995453,0.9995033,0.9995119,0.999577,0.9995134,0.999647,0.9994148,0.9995488,0.9995452,0.9993586,0.99955153,0.9996972,0.9998591,0.99946785,0.99956167,0.9994356,0.9995481,0.99937445,0.9995026,0.9995144,0.9994296,0.99952424,0.99932975,0.99948525,0.9994558,0.99959004,0.9995557,0.99946463,0.999545,0.99953526,0.99943036,0.99945253,0.9995663,0.99952435,0.99964255,0.9994719,0.9995455,0.9995153,0.99934584,0.9994852,0.9994503,0.99903685,0.99943566,0.999493,0.9995416,0.99956334,0.9994349,0.99957776,0.99935764,0.999515,0.99952924,0.9995054,0.99954087,0.9994425,0.9993466,0.9995213,0.9994085,0.9995284,0.9994445,0.99928415,0.9992547,0.999398,0.9994929,0.99956954,0.9992679,0.99942017,0.9994227,0.99950165,0.9994798,0.9994921,0.9995308,0.99939513,0.9995198,0.99938434,0.9996353,0.9995311,0.9995406,0.9994082,0.99945587,0.9994202,0.99957114,0.9994687,0.99951065,0.99952376,0.9995123,0.9994861,0.9995227,0.999398,0.9995729,0.99953675,0.9994639,0.9994594,0.9995873,0.9995258,0.9994887,0.99941266,0.99954736,0.9992896,0.99942327,0.9993878,0.999504,0.9995171,0.9994299,0.99953026,0.999554,0.9995226,0.99953455,0.99951005,0.9993992,0.9995401,0.99952996,0.9993076,0.9995257,0.9996571,0.9994537,0.9995664,0.9995647,0.9994882,0.99941134,0.99931204,0.9995349,0.99949133,0.99950004,0.9995429,0.9992558,0.99956626,0.9993795,0.99956286,0.9994452,0.99941796,0.9995182,0.99929523,0.9995724,0.999659,0.99952143,0.9994217,0.999572,0.9994109,0.9994864,0.99948555,0.99953735,0.9994771,0.9995383,0.9995637,0.9995635,0.99951756,0.9994394,0.9994224,0.9994993,0.99946296,0.99932873,0.99937844,0.99956053,0.99956834,0.9995636,0.99957305,0.99957,0.9995502,0.9995157,0.9995265,0.99954575,0.9995511,0.999626,0.999728,0.99956965,0.9999985,0.9996312,0.99960124,0.9995713,0.9995513,0.9996062,0.99958795,0.99960893,0.999362,0.999525,0.99949664,0.99951893,0.9994138,0.9995502,0.9995117,0.9995159,0.9995041,0.9995163,0.9992011,0.99948645,0.9995106,0.99953693,0.99948907,0.99952036,0.9995874,0.99930507,0.9995291,0.99955404,0.9995429,0.99939305,0.9993981,0.9995727,0.99943405,0.9995333,0.9995529,0.9995379,0.99940884,0.99969757,0.99945706,0.9995462,0.9994165,0.99951124,0.99949473,0.9995231,0.9996196,0.99943674,0.9996229,0.9995107,0.99955463,0.9991728,0.99949324,0.99962103,0.9996182,0.9994969,0.9996081,0.9995434,0.99956334,0.99950886,0.99953467,0.99948394,0.999583,0.9995359,0.999454,0.999519,0.9994454,0.9994498,0.99952024,0.9994667,0.99953806,0.9994797,0.9992357,0.99959856,0.99953103,0.9994989,0.9995873,0.99955004,0.99947107,0.99946266,0.9996689,0.9994069,0.9994744,0.99950576,0.99953955,0.999605,0.99947655,0.99951994,0.9992939,0.9992461,0.99935794
ipip131,0.99953103,0.9994417,0.99942404,0.9993824,0.9995233,0.99944705,0.9996257,0.99955815,0.99959385,0.9993977,0.99942017,0.99948096,0.9995171,0.9994151,0.9993544,0.9994698,0.9995483,0.9994411,0.9995656,0.99955606,0.999518,0.99952984,0.99951935,0.9995952,0.99952006,0.99951476,0.9994627,0.99957275,0.9994856,0.9994607,0.9995063,0.99958926,0.99935514,0.999691,0.99961853,0.99951065,0.9996199,0.99963,0.99955356,0.9996402,0.9993751,0.9994836,0.9994824,0.9993827,0.99939,0.9995012,0.9995705,0.9994045,0.99955934,0.9994345,0.9995256,0.9992572,0.9994892,0.9996018,0.99931574,0.999457,0.999299,0.99943644,0.9994051,0.9995296,0.9995937,0.9994248,0.99960774,0.99947685,0.99943584,0.9993922,0.9996287,0.99954057,0.9995736,0.99945956,0.9995958,0.99953324,0.99933,0.9995277,0.9994522,0.99906427,0.99943465,0.9995331,0.9995073,0.9995437,0.99943554,0.9996279,0.9993993,0.9995551,0.9995559,0.9996018,0.99960154,0.99944955,0.9993183,0.9995353,0.99943215,0.9995786,0.99950105,0.9993291,0.9991947,0.99929684,0.9995648,0.99947935,0.9992373,0.99931854,0.9995003,0.99955434,0.9995337,0.9995109,0.99955297,0.9993491,0.9995443,0.9993399,0.99965936,0.9996287,0.99961704,0.9994207,0.9994465,0.99949354,0.99969584,0.9995012,0.9995911,0.9996048,0.9995929,0.99957633,0.99957764,0.99943906,0.9995588,0.9995477,0.99955696,0.99944377,0.99960876,0.9995591,0.999387,0.99945796,0.99959755,0.99927974,0.99939454,0.9993573,0.99956423,0.9995226,0.99943376,0.99954426,0.99963254,0.9996021,0.9996,0.99952704,0.99939936,0.9995501,0.9995427,0.9992925,0.9995692,0.99961346,0.9993837,0.9995775,0.9996266,0.9995433,0.99937403,0.99930286,0.99962735,0.99949074,0.9994983,0.9995446,0.9992729,0.9996615,0.9993729,0.9996261,0.99954844,0.9994043,0.9995907,0.99932784,0.99961275,0.99958,0.9996045,0.99947363,0.9995873,0.99936604,0.99961734,0.999548,0.99953526,0.99956346,0.9995973,0.9995514,0.99955726,0.99963,0.9994707,0.99941593,0.9995431,0.9994736,0.9993309,0.9994164,0.9997103,0.9996939,0.9997064,0.99966115,0.9996924,0.9996402,0.99961495,0.99954855,0.9996168,0.9996299,0.9997494,0.9996381,0.99959624,0.9996312,0.99999696,0.9996708,0.9995233,0.9996557,0.99953115,0.9994729,0.99966186,0.9992798,0.9994892,0.99943507,0.99950224,0.9995163,0.9995429,0.9994834,0.9994963,0.9994637,0.9996101,0.99919575,0.99951595,0.9996419,0.99955654,0.9995629,0.9996181,0.9996079,0.9993031,0.9996153,0.99969876,0.999621,0.99932706,0.99940413,0.9997022,0.9994917,0.999556,0.99954396,0.9996165,0.9994532,0.99967813,0.9995255,0.99961054,0.9994374,0.9995633,0.9994972,0.99963564,0.99950504,0.9995114,0.9996042,0.9994179,0.99961025,0.99910414,0.99947894,0.9995641,0.99956894,0.99944484,0.99958307,0.9995012,0.9997318,0.99960357,0.9995323,0.9994432,0.9995638,0.99964845,0.99947184,0.9996237,0.99963033,0.9994814,0.99956965,0.99948716,0.9995215,0.9994747,0.99915636,0.9996417,0.99946404,0.99952537,0.99959713,0.9995164,0.99948406,0.9994616,0.99962634,0.99938464,0.99947447,0.9994523,0.9995943,0.9995892,0.99942744,0.9995522,0.99920726,0.99916804,0.9993634
ipip161,0.9996399,0.99949676,0.9994984,0.9994557,0.9996127,0.9995613,0.99971855,0.99955535,0.999673,0.99948883,0.99943984,0.99953306,0.9995132,0.9994328,0.99938023,0.9995367,0.99958766,0.99950707,0.99960357,0.99958515,0.9996213,0.999525,0.9995862,0.9996927,0.9994831,0.99960846,0.999494,0.99966276,0.99952686,0.9995156,0.9995623,0.99964964,0.99949497,0.99962276,0.9996778,0.9995542,0.99965054,0.9996939,0.9996057,0.99967927,0.99942833,0.9995528,0.9995296,0.99941957,0.9994756,0.99959356,0.99950737,0.9994188,0.99957615,0.99944746,0.9996346,0.9993679,0.9995567,0.99956805,0.999359,0.9994449,0.9993247,0.9994883,0.9994897,0.99960864,0.9996471,0.99947655,0.9996424,0.99955344,0.99945813,0.9994359,0.99965984,0.99966145,0.99958986,0.99950665,0.9996831,0.9995652,0.9993821,0.99955875,0.99945813,0.99901175,0.9994272,0.9995455,0.99954325,0.9995993,0.99946684,0.9996456,0.9993744,0.9996225,0.999581,0.9996762,0.9996517,0.9994629,0.99934125,0.99957925,0.9994898,0.99967456,0.99953616,0.99933684,0.99920064,0.9992501,0.9996625,0.9995709,0.9992816,0.9992904,0.99950105,0.9996431,0.99955946,0.9995552,0.99957204,0.9993764,0.99963796,0.99944025,0.9996354,0.9996918,0.9996848,0.9994678,0.99948215,0.9995176,0.9996923,0.99948996,0.99965596,0.99966824,0.999667,0.9995114,0.9995948,0.9994254,0.99969834,0.99961585,0.99961936,0.99948025,0.9996732,0.9995813,0.99946946,0.99946463,0.9996231,0.9991935,0.999418,0.99938536,0.9996138,0.9996043,0.999552,0.99960405,0.999688,0.9997233,0.99969137,0.9995686,0.99941885,0.99959254,0.9995919,0.99933463,0.9996,0.99963325,0.99943286,0.99958324,0.99971396,0.9995628,0.9993293,0.9992761,0.9996903,0.9995267,0.9995017,0.9995751,0.9992826,0.99971277,0.9993701,0.99969786,0.9996016,0.99947166,0.9997109,0.9993469,0.9996442,0.9995088,0.99967086,0.9995182,0.9997144,0.9994122,0.9996903,0.99960417,0.9996008,0.9996151,0.9996863,0.9996997,0.999623,0.9996599,0.9995019,0.99944395,0.9995638,0.999498,0.9993623,0.9994003,0.9996965,0.9997007,0.9997093,0.9995885,0.9996864,0.9996616,0.99965805,0.9996067,0.999634,0.99969,0.99983186,0.9997747,0.9996078,0.99960124,0.9996708,0.999997,0.99965477,0.9997422,0.99969584,0.99960333,0.99973524,0.99936634,0.9995353,0.99951357,0.9995973,0.99953276,0.999628,0.9995359,0.9994926,0.9994833,0.9995881,0.999195,0.99954927,0.9996419,0.99962527,0.9995768,0.99963695,0.99958014,0.9993125,0.9996982,0.99976087,0.99968714,0.99947536,0.9994764,0.99970704,0.999569,0.9995954,0.9996259,0.9996635,0.999499,0.99960214,0.99951273,0.9996517,0.9994504,0.99958056,0.9995183,0.9996942,0.9994834,0.99952817,0.9995974,0.99947816,0.99968845,0.9991456,0.9995101,0.9996245,0.99963045,0.9994321,0.9996289,0.9995034,0.9996589,0.9996843,0.9996019,0.9994304,0.9996143,0.9996727,0.99944544,0.9995531,0.99944484,0.999526,0.9995934,0.99948734,0.999561,0.9994973,0.9991809,0.9997149,0.99952084,0.99955356,0.9996321,0.99957216,0.9994847,0.99947876,0.99955404,0.9993798,0.99952716,0.99952334,0.9996303,0.9995662,0.99949443,0.99956685,0.9992328,0.99914706,0.9993803
ipip191,0.99941105,0.999483,0.99936354,0.9994269,0.99948114,0.99949133,0.99950564,0.999514,0.99953157,0.9994562,0.9993382,0.99937415,0.9994539,0.999401,0.9993372,0.9993841,0.9994484,0.9994036,0.9994754,0.99949026,0.9994812,0.99942386,0.99945587,0.99953544,0.9993958,0.9994457,0.9994403,0.9995335,0.9994273,0.9994298,0.99939513,0.99948967,0.99933404,0.9994714,0.99945295,0.9994078,0.9994412,0.9994625,0.9994383,0.9994817,0.9993974,0.99945754,0.99946195,0.9992766,0.9995143,0.9994808,0.9994569,0.99934405,0.99946237,0.9993885,0.9994501,0.9994031,0.9994438,0.9994892,0.9993582,0.9994372,0.9992348,0.9994091,0.99942917,0.99947435,0.999493,0.99941885,0.99948335,0.9994499,0.9993599,0.9993863,0.9995187,0.99949664,0.99947137,0.9994782,0.99948525,0.99945766,0.9993712,0.9994768,0.99944544,0.99908835,0.99940556,0.9994555,0.999471,0.99949545,0.9993696,0.9994844,0.99927425,0.9994085,0.9994707,0.99944437,0.99947417,0.9994245,0.9992677,0.9994296,0.9993708,0.9994525,0.99942315,0.99929744,0.99920815,0.9992628,0.99942344,0.999563,0.9992633,0.99939466,0.9994008,0.9994382,0.99942654,0.99940395,0.99947023,0.9994548,0.99954027,0.9993642,0.99957275,0.9994863,0.9994766,0.9993454,0.99943745,0.9994283,0.9995271,0.99944097,0.9994771,0.9994514,0.99949765,0.9994277,0.99944353,0.99931586,0.99960035,0.9994716,0.9994108,0.9993836,0.9996138,0.99947083,0.9994223,0.9993721,0.9994554,0.9992246,0.99941695,0.99939007,0.9994402,0.99946946,0.9993896,0.99948174,0.9994815,0.9994956,0.99945194,0.9994798,0.9993344,0.99947596,0.999475,0.99934155,0.99943465,0.9994948,0.9994061,0.9994757,0.9995284,0.99944353,0.99933916,0.99926865,0.99944526,0.99943787,0.99943537,0.9995067,0.9993004,0.99949735,0.9993692,0.999535,0.999404,0.99935114,0.99947745,0.99923575,0.9994765,0.99942523,0.9994655,0.99940825,0.99952507,0.9993333,0.99941224,0.9994166,0.99944735,0.9994114,0.999519,0.9995285,0.99950475,0.9994867,0.9994603,0.99937165,0.99945194,0.9994147,0.999331,0.99933773,0.9995001,0.9995055,0.9995046,0.9995027,0.99953026,0.99949163,0.9994538,0.99944264,0.9994632,0.99946314,0.99964553,0.99955446,0.99950325,0.9995713,0.9995233,0.99965477,0.99999696,0.9995374,0.9996059,0.99947107,0.99953294,0.99942243,0.99953955,0.999476,0.9995228,0.99940664,0.99945337,0.9994488,0.999462,0.9994097,0.99947447,0.99928886,0.99946135,0.99945235,0.9994367,0.9994297,0.9994858,0.9995116,0.9992558,0.9994716,0.9994898,0.999574,0.9996321,0.9993897,0.9995801,0.99940324,0.99944085,0.9994651,0.9994783,0.99939007,0.9994761,0.99940926,0.9994784,0.99941206,0.99944746,0.9994917,0.9994629,0.9994739,0.9994484,0.9995151,0.99944615,0.99946666,0.9991835,0.9994444,0.99951774,0.99950963,0.9994409,0.9995059,0.99946946,0.99956375,0.99957734,0.9994614,0.99950105,0.9995204,0.9994974,0.9994293,0.9995269,0.9994755,0.9994305,0.9995276,0.9994307,0.99946386,0.9994563,0.9992136,0.99952024,0.9994966,0.9994356,0.99949014,0.999458,0.99941033,0.99939597,0.9994165,0.9993065,0.9994419,0.99944335,0.9994854,0.9995228,0.9994038,0.99945855,0.9992928,0.99925625,0.99930733
ipip221,0.9996608,0.9995369,0.9995521,0.9994975,0.9996234,0.9995903,0.9997017,0.99954844,0.99965805,0.9994969,0.9995219,0.99958676,0.99956685,0.99946374,0.99940115,0.99954206,0.9995977,0.9995137,0.99961466,0.99963826,0.9996275,0.9995574,0.9996056,0.9995953,0.99948245,0.99961555,0.99954623,0.9996438,0.99955964,0.99959487,0.99962354,0.9996562,0.9994979,0.9996306,0.99970144,0.99958783,0.9996278,0.9996928,0.9996003,0.999664,0.9994795,0.999601,0.9995382,0.99964803,0.99946916,0.99961007,0.9995274,0.9994338,0.999623,0.999474,0.9996034,0.9993469,0.9995898,0.99958026,0.9994021,0.99952394,0.9993592,0.9995723,0.999516,0.99962866,0.99967486,0.99952626,0.99969167,0.99954075,0.99947715,0.9994577,0.9996657,0.9996699,0.9996096,0.99956256,0.99969226,0.99960005,0.9993738,0.9995845,0.9994966,0.9991058,0.9994408,0.9995723,0.9996033,0.99965346,0.9995078,0.9996995,0.999449,0.9996663,0.99962914,0.99970025,0.99965346,0.99950135,0.9994128,0.9995889,0.99954134,0.99967146,0.9995647,0.99938273,0.99930894,0.9993013,0.9996543,0.99958044,0.9993306,0.9993325,0.9995483,0.99966747,0.9995935,0.9995762,0.9996321,0.9994196,0.9996077,0.9993668,0.9996289,0.9997149,0.9997637,0.9995308,0.9995359,0.99955934,0.99966794,0.99953514,0.9996498,0.9996615,0.9997049,0.99957615,0.9996504,0.999533,0.9996882,0.9996545,0.9996623,0.9995306,0.99966985,0.999637,0.9995281,0.99947757,0.99965954,0.99925,0.999469,0.99942124,0.9996416,0.99964684,0.9995107,0.99964195,0.99973774,0.99970484,0.9997043,0.99959224,0.9994771,0.9995916,0.999611,0.9993958,0.9996291,0.9996573,0.9995272,0.999629,0.99968946,0.9995734,0.9993749,0.9993148,0.9997204,0.9995978,0.9995699,0.99961114,0.9993505,0.99971426,0.9994333,0.9997094,0.99960023,0.99947935,0.99968976,0.99945176,0.99968123,0.99951476,0.9996868,0.9996053,0.99970967,0.9994864,0.9997342,0.9996435,0.9996969,0.9998387,0.9996443,0.9996298,0.9995673,0.9996131,0.99948215,0.99960107,0.9996241,0.9996352,0.99948794,0.999496,0.9996784,0.99968886,0.999703,0.999601,0.9996698,0.99985385,0.99989176,0.99971074,0.9997057,0.9998477,0.99984324,0.9996947,0.99963176,0.9995513,0.9996557,0.9997422,0.9995374,0.9999981,0.99964076,0.99954516,0.99970794,0.99930185,0.99954003,0.99948335,0.9996167,0.99953324,0.9997057,0.9995693,0.99958116,0.9995008,0.9996159,0.9992077,0.9995393,0.999613,0.99966466,0.99976236,0.9997247,0.99958605,0.9994637,0.99979293,0.9996992,0.9996445,0.9993737,0.9994653,0.99964637,0.99962115,0.9996125,0.9996154,0.9997432,0.9995357,0.9996058,0.99956024,0.9996913,0.99952126,0.99962544,0.9995659,0.9998765,0.99953437,0.999794,0.9996121,0.99949837,0.9997047,0.9992472,0.9995556,0.9996699,0.9996771,0.9995365,0.9996748,0.9995992,0.99966115,0.999649,0.99956226,0.9994761,0.9995925,0.99988973,0.99959904,0.9996901,0.9995834,0.99957013,0.999648,0.99954504,0.9995377,0.9995395,0.99926454,0.99971694,0.99954104,0.99956006,0.999659,0.99957156,0.9995222,0.999531,0.99958223,0.99941736,0.99957436,0.99954706,0.9997063,0.9995711,0.9995115,0.9996425,0.9992676,0.9992091,0.99942094
ipip251,0.99959826,0.9995169,0.9995034,0.99946994,0.999596,0.99955,0.999619,0.99950165,0.9996579,0.99946594,0.99940825,0.9995352,0.99951434,0.99942523,0.9994705,0.9994444,0.99953926,0.9994914,0.9995569,0.99950266,0.99962926,0.99950844,0.99958366,0.9995965,0.9994838,0.9995519,0.99950117,0.99964935,0.99949,0.99948823,0.999557,0.9995984,0.99943316,0.99954855,0.99957424,0.9995285,0.9995185,0.99956733,0.99951726,0.99957514,0.99944603,0.99958867,0.99957037,0.9993895,0.9995501,0.99967366,0.9996027,0.9994759,0.99958014,0.9994541,0.9995416,0.99938214,0.999538,0.9994682,0.99940175,0.9994695,0.9993018,0.99945927,0.9994956,0.99957,0.99964845,0.99958485,0.99964607,0.99962693,0.99946845,0.9995287,0.99956656,0.99957585,0.99954164,0.9994783,0.99963564,0.999579,0.99939275,0.999567,0.99948114,0.99905306,0.9993969,0.99949986,0.9995852,0.99962485,0.999463,0.99959683,0.99938565,0.9995573,0.9995575,0.9995647,0.99952966,0.9994498,0.9993388,0.9995096,0.9994693,0.99958146,0.9994885,0.9993499,0.9992738,0.99929035,0.99953747,0.99955237,0.9993137,0.9993362,0.9994911,0.99957913,0.999548,0.9995326,0.99955344,0.999425,0.9995067,0.999394,0.99959165,0.9995717,0.9996168,0.9994605,0.9995337,0.99947625,0.99958104,0.99952626,0.9995547,0.9995719,0.99957925,0.9994777,0.9995995,0.99948704,0.99987715,0.9997634,0.9995316,0.99946624,0.99970657,0.99954146,0.9995046,0.99941784,0.9995907,0.99926746,0.9994952,0.99942195,0.9995592,0.9996233,0.999505,0.99956286,0.9996123,0.999605,0.99961746,0.9995487,0.9994646,0.99954253,0.9995941,0.99934906,0.99953765,0.99956465,0.9994946,0.9995428,0.999597,0.9995063,0.99937993,0.9993672,0.9996178,0.9995816,0.9995646,0.99959666,0.9993393,0.99959385,0.9994478,0.9996694,0.9995366,0.9995015,0.99957705,0.99932647,0.999578,0.99951494,0.9995975,0.99950886,0.99967664,0.99941665,0.999581,0.9995238,0.9995438,0.99954027,0.9995658,0.99957436,0.9995701,0.9995508,0.99944884,0.99947673,0.99960667,0.99952686,0.999375,0.9994819,0.9995701,0.99958605,0.99958825,0.9995041,0.99956346,0.99959713,0.99957633,0.99957263,0.99960774,0.9995993,0.9996796,0.99968904,0.99949825,0.9996062,0.99953115,0.99969584,0.9996059,0.99964076,0.99999684,0.99966764,0.99964535,0.9993598,0.99956644,0.999522,0.9997261,0.99946684,0.99961287,0.9997613,0.9995623,0.9996123,0.9995128,0.9992065,0.99948245,0.9995212,0.99960595,0.99952984,0.9996131,0.9996096,0.99935234,0.99959487,0.9995902,0.9995998,0.99948573,0.9994294,0.9996009,0.99958324,0.99962443,0.99965125,0.99962777,0.9995357,0.9995544,0.9995064,0.99961394,0.9995165,0.999532,0.9995369,0.9995823,0.99948347,0.9995067,0.99957114,0.9995251,0.9996269,0.9992077,0.9995558,0.9996075,0.9996062,0.99947613,0.99960285,0.9995285,0.99956787,0.999589,0.9995672,0.99954563,0.9996224,0.9995935,0.9994672,0.9995307,0.99940306,0.99948955,0.9995872,0.9995293,0.99956244,0.9995546,0.99938464,0.99963576,0.9995482,0.9995191,0.99958885,0.9995891,0.9995211,0.9995107,0.9995362,0.999473,0.9995505,0.99952334,0.99957347,0.99957013,0.99949104,0.9995336,0.99924684,0.9991832,0.99938303
ipip281,0.9995012,0.9994333,0.9994137,0.99937695,0.9995088,0.99948823,0.999522,0.99943787,0.99965143,0.9993812,0.99937785,0.9994505,0.9994584,0.99937135,0.99937046,0.999382,0.9994613,0.99946475,0.9994963,0.99946004,0.9994951,0.9994499,0.9995636,0.9996574,0.9995158,0.9994923,0.9994775,0.99949163,0.99941546,0.9994213,0.9995837,0.999535,0.9993931,0.9995279,0.9994982,0.9995011,0.9994436,0.99950105,0.99947697,0.9995367,0.999345,0.99944866,0.99951655,0.9993543,0.9994884,0.9996593,0.9996149,0.9994068,0.99956137,0.99938387,0.99951386,0.9993136,0.99945897,0.9994013,0.9994488,0.9993778,0.9992399,0.99939823,0.9994057,0.99952215,0.99959356,0.9995064,0.9995419,0.9996005,0.9994371,0.9994455,0.999485,0.9995077,0.9995345,0.9994188,0.9995726,0.9995347,0.9993606,0.99949414,0.99941933,0.99896085,0.99931675,0.9994171,0.99958795,0.9996316,0.9994404,0.9995486,0.99931884,0.9995045,0.9994652,0.999483,0.9994654,0.99938315,0.9993162,0.9994425,0.9994038,0.9995458,0.99943435,0.9992486,0.99923205,0.99926937,0.9995257,0.9995902,0.99923813,0.9993032,0.9994253,0.9996122,0.99947804,0.9994909,0.99949265,0.9993452,0.99944264,0.9993982,0.9995279,0.99950147,0.99953127,0.99941176,0.9994386,0.9993844,0.99950546,0.99945045,0.9994983,0.99952215,0.99949205,0.99944264,0.9995062,0.99935806,0.9995971,0.99953616,0.99949425,0.9994644,0.9995167,0.99941987,0.99956286,0.9993152,0.9995472,0.9991824,0.9994313,0.99940646,0.9995414,0.999522,0.9994774,0.99947476,0.9995046,0.999557,0.9995563,0.9995044,0.9993808,0.9995416,0.9995178,0.9992543,0.99948674,0.9995568,0.99939126,0.9994532,0.9996429,0.9995511,0.9993504,0.99928665,0.9995496,0.99952126,0.9995201,0.9995104,0.99923253,0.9995202,0.9993786,0.9995891,0.9994336,0.9995005,0.9995425,0.9992655,0.99949664,0.99954295,0.99956906,0.9994343,0.99964756,0.99935615,0.99953145,0.99951154,0.999623,0.99947286,0.9994889,0.99952054,0.9995455,0.99949706,0.999382,0.99950814,0.99956006,0.99954665,0.9992814,0.99936384,0.99952435,0.9995482,0.9995484,0.99953115,0.99949557,0.9995529,0.99953395,0.99964184,0.99953055,0.999554,0.99958414,0.99960387,0.9995211,0.99958795,0.9994729,0.99960333,0.99947107,0.99954516,0.99966764,0.99999833,0.9996425,0.9993604,0.999467,0.9994853,0.99948716,0.9993552,0.99966043,0.9995969,0.99953973,0.9995648,0.99945366,0.9991437,0.99943423,0.9994595,0.9995736,0.99946487,0.99952316,0.99961525,0.9992624,0.9995322,0.999506,0.99953324,0.99935615,0.999421,0.99951893,0.999474,0.9995239,0.9995536,0.99955696,0.9994774,0.99954754,0.9994393,0.99956924,0.99943966,0.9994641,0.999463,0.99951565,0.9994571,0.99942535,0.9995054,0.99944866,0.99958014,0.9991139,0.9994855,0.9995695,0.9995756,0.9994052,0.9995618,0.99945825,0.9994564,0.99945426,0.99959964,0.9994547,0.99955523,0.9995183,0.9994859,0.99942696,0.99932015,0.9994216,0.9994858,0.9994793,0.9996192,0.99952215,0.9992464,0.999562,0.99947244,0.9995493,0.9995031,0.9995897,0.9994593,0.9994692,0.9995306,0.99936175,0.9994798,0.9995617,0.9994737,0.9994765,0.9995407,0.9994243,0.99916065,0.99910146,0.9993016
ipip16,0.99968266,0.9995158,0.99956083,0.9994697,0.99959004,0.9995011,0.9997521,0.9995852,0.99979365,0.99948937,0.9994808,0.99956125,0.99960065,0.999483,0.99944425,0.99955195,0.99964064,0.9995493,0.99964786,0.9996307,0.9996302,0.99956566,0.9996297,0.99972695,0.9995182,0.9996279,0.9995618,0.999696,0.9995677,0.9995481,0.9997862,0.99971235,0.9995131,0.999677,0.9997202,0.9995807,0.9996847,0.99972147,0.9996395,0.99969256,0.9995185,0.9996013,0.9995869,0.99946696,0.9995172,0.999607,0.9995794,0.9994458,0.99962133,0.9995106,0.99960077,0.9993445,0.9995905,0.9996125,0.9994556,0.99955714,0.99932104,0.99952286,0.9994759,0.9996418,0.9996633,0.9995397,0.9996741,0.99960315,0.99951506,0.9994835,0.999707,0.9996661,0.99962604,0.99952227,0.99969965,0.9996051,0.9993871,0.9995911,0.9995067,0.999087,0.99945176,0.9995793,0.99969196,0.99974066,0.99952096,0.9996849,0.99940825,0.9996409,0.99959844,0.99968976,0.9996664,0.9995307,0.9994129,0.99960977,0.99952304,0.9996658,0.99954367,0.9993595,0.99927026,0.99934226,0.99963206,0.99965364,0.99930507,0.9993386,0.9995467,0.99972874,0.9996098,0.99958766,0.9995983,0.99945986,0.99962807,0.99944055,0.99970365,0.99971366,0.999726,0.9995002,0.9994988,0.99957114,0.99972916,0.9995596,0.9996934,0.9996586,0.9996856,0.99958944,0.99971765,0.99958026,0.9997002,0.9996992,0.9996196,0.9996653,0.9997254,0.9996255,0.9995884,0.99954814,0.99965453,0.99927616,0.9994981,0.9994609,0.99962896,0.9996471,0.9995551,0.99964285,0.99973935,0.9996906,0.99969393,0.9996348,0.9995166,0.99965185,0.99961466,0.99941933,0.9996229,0.9996534,0.9995139,0.9996519,0.9997803,0.99966604,0.99937546,0.9993432,0.9997379,0.9995891,0.99958205,0.9996096,0.99932414,0.999754,0.99945843,0.999732,0.9996068,0.99954784,0.9996913,0.9993827,0.99968195,0.99955153,0.99967414,0.9995424,0.99967766,0.99941283,0.99969083,0.9996731,0.9998094,0.9996594,0.999687,0.9996339,0.9997341,0.99978405,0.9995677,0.99970955,0.99962884,0.9997256,0.9994045,0.99953085,0.99978244,0.99981475,0.999814,0.99966294,0.99972796,0.9997617,0.99972016,0.9998284,0.99967945,0.9997364,0.9997622,0.9997082,0.99964035,0.99960893,0.99966186,0.99973524,0.99953294,0.99970794,0.99964535,0.9996425,0.99999696,0.99943125,0.99964756,0.99961543,0.9996235,0.9995895,0.999832,0.99967533,0.99966836,0.9995957,0.99964947,0.999195,0.9995726,0.9996366,0.99964815,0.9996411,0.9997662,0.9996726,0.9993559,0.9997174,0.9998341,0.99976975,0.99940956,0.9994954,0.99976784,0.9996106,0.9996411,0.9996123,0.99973506,0.99958146,0.99966407,0.999548,0.9996945,0.9995296,0.9996077,0.9995413,0.9997227,0.99956524,0.99959874,0.99967253,0.99947417,0.9996914,0.9992106,0.99954575,0.9996603,0.99966973,0.99951154,0.9996702,0.9995685,0.99967647,0.9996409,0.9996516,0.99947697,0.99963325,0.9997368,0.9996762,0.999589,0.9994598,0.99958134,0.9996204,0.9995479,0.99965143,0.99956423,0.99925774,0.9997296,0.99954927,0.9996684,0.99967057,0.99965566,0.9995391,0.99953556,0.99960977,0.9994616,0.9995658,0.9996075,0.9996694,0.9996367,0.9995728,0.9996386,0.9992176,0.99916905,0.9993936
ipip46,0.9992687,0.9993767,0.9992597,0.99930453,0.99931246,0.9993841,0.9993227,0.9993753,0.99953157,0.9993459,0.9992835,0.9992769,0.9993001,0.9992644,0.9992725,0.99927944,0.9993357,0.9993644,0.9993484,0.99932516,0.9992966,0.9993493,0.9993087,0.9995709,0.9992764,0.99927455,0.9993329,0.9993812,0.99931395,0.99927664,0.9992866,0.999356,0.99928945,0.9992956,0.99932134,0.99923736,0.9992992,0.9992981,0.99932307,0.99931896,0.99927014,0.9992959,0.9992862,0.9991233,0.99944705,0.99929935,0.9992934,0.9992724,0.9993014,0.99925816,0.9992683,0.9992661,0.9992446,0.9993361,0.9993146,0.99929374,0.9991059,0.99941546,0.9992967,0.9993425,0.99936205,0.9992764,0.9993164,0.9993807,0.9992562,0.99929434,0.9994126,0.99930775,0.9993111,0.99936694,0.99927855,0.9992826,0.9992771,0.999238,0.9993252,0.9990129,0.99922705,0.9992874,0.9994016,0.99941236,0.9993155,0.9993392,0.9991586,0.99929035,0.9992991,0.9992907,0.99933916,0.9993757,0.99933594,0.9993603,0.9992656,0.999273,0.99924237,0.9991246,0.99919695,0.99912786,0.9992288,0.99938637,0.9992436,0.99923855,0.9992819,0.9993491,0.99932843,0.99931866,0.9993695,0.9993056,0.9993236,0.9992158,0.9994043,0.99932086,0.9993746,0.9992288,0.9992944,0.99930423,0.9993881,0.99931526,0.99933994,0.99939454,0.9993358,0.9993093,0.9992703,0.99915636,0.9993791,0.9993218,0.9992096,0.99927336,0.99944574,0.9993078,0.9993546,0.9992114,0.9992654,0.9991031,0.99924874,0.9992883,0.9992498,0.9993174,0.99927455,0.99930525,0.99932504,0.9992799,0.99929774,0.9993384,0.99928474,0.99933594,0.9993261,0.9992291,0.99931204,0.99932575,0.99927586,0.99933374,0.99939203,0.9993434,0.99925727,0.99916345,0.9992816,0.999311,0.99930996,0.9992612,0.99916583,0.9993214,0.9992115,0.999354,0.99924904,0.99931526,0.99929756,0.99922585,0.99929065,0.9992918,0.99928755,0.99922556,0.99927145,0.99917585,0.9992601,0.9992327,0.99933255,0.99923813,0.9995266,0.99957925,0.9995981,0.99936604,0.99936235,0.99931973,0.9992812,0.99935097,0.9993268,0.9991795,0.9993201,0.9993297,0.9993499,0.99936324,0.9993434,0.99931896,0.9992901,0.9993495,0.9993239,0.9992928,0.9993919,0.9993305,0.9993252,0.999362,0.9992798,0.99936634,0.99942243,0.99930185,0.9993598,0.9993604,0.99943125,0.99999833,0.99939805,0.9995841,0.9993541,0.99926984,0.999392,0.9993659,0.9994104,0.99933225,0.99936,0.9992721,0.9994419,0.999323,0.9992968,0.9992995,0.9993122,0.9993767,0.99917716,0.99930775,0.9993599,0.9994221,0.99943954,0.9992818,0.9993896,0.999241,0.9993089,0.99934,0.9993017,0.9992626,0.9992697,0.99921626,0.9992945,0.99926233,0.99929315,0.9993027,0.9992542,0.9993247,0.9992677,0.99934226,0.9992977,0.9992626,0.9990564,0.99925274,0.99938756,0.99937665,0.99933726,0.9993905,0.9993414,0.99931484,0.99933755,0.999323,0.9992413,0.99936324,0.999303,0.99932426,0.99928635,0.999175,0.99931186,0.99929655,0.99928814,0.99935573,0.99933606,0.999165,0.9993382,0.9993978,0.99929523,0.99933857,0.9993846,0.9992501,0.9992333,0.9992334,0.999206,0.9992673,0.9993561,0.9993104,0.9993335,0.9993387,0.99931014,0.999234,0.99912834,0.9991823
ipip76,0.999507,0.9994658,0.99944776,0.99939233,0.9994538,0.9994523,0.9995938,0.9995135,0.9996626,0.9994106,0.9993747,0.9994386,0.99952483,0.9994089,0.9994441,0.9994142,0.9995082,0.99946296,0.99952847,0.99952096,0.9995138,0.9994816,0.99956775,0.99958134,0.99941856,0.9994994,0.9994807,0.99957365,0.9994899,0.999505,0.99949855,0.9996647,0.9994587,0.99948055,0.9995333,0.9994708,0.99952006,0.9995312,0.9995055,0.99950725,0.99947155,0.9996222,0.9994804,0.99936306,0.9994704,0.99948186,0.99945533,0.99938446,0.9994619,0.99942255,0.9994916,0.9993413,0.9994662,0.9994943,0.9994455,0.9995503,0.9992316,0.999539,0.99944,0.99960196,0.99951816,0.9994492,0.9995362,0.9994231,0.9994366,0.99946606,0.9995564,0.9995717,0.999514,0.99951714,0.9995251,0.9995311,0.9993408,0.9994723,0.9994332,0.99913216,0.99938136,0.999457,0.9995675,0.99957496,0.9994825,0.99953115,0.9993123,0.9994691,0.999462,0.9994752,0.99949795,0.9994886,0.9993422,0.9994631,0.99942255,0.99947083,0.9994297,0.99930125,0.99923015,0.9992886,0.9994337,0.99955434,0.9992542,0.9993407,0.9994598,0.99948287,0.9995071,0.99946576,0.99948925,0.9997756,0.99945825,0.9994411,0.99972653,0.99952793,0.9995513,0.9993847,0.9994173,0.99947655,0.999546,0.9995049,0.99953055,0.9994892,0.9995145,0.9995121,0.9995999,0.9995007,0.9996514,0.99960816,0.9994691,0.9995942,0.9997356,0.99961346,0.99954134,0.9994871,0.99954146,0.99939257,0.9994686,0.99943876,0.999506,0.99955815,0.99942666,0.9995822,0.9995879,0.9995047,0.99950886,0.9995759,0.99946237,0.9995614,0.99949443,0.9994085,0.9994989,0.99953943,0.99953294,0.9995443,0.99954903,0.9994905,0.9993499,0.99935013,0.9995148,0.9995467,0.99954003,0.99949783,0.99927855,0.99955595,0.9994342,0.9995669,0.999434,0.9994403,0.9994872,0.9993147,0.9995652,0.9994685,0.99949604,0.9994321,0.9995171,0.9993575,0.9994855,0.99949664,0.9995477,0.99951166,0.9995354,0.9994975,0.9995574,0.9995759,0.9994783,0.99949884,0.99946177,0.9995185,0.9993406,0.9994414,0.9995618,0.9995862,0.99958205,0.9995206,0.9995559,0.9995878,0.99954605,0.999554,0.9995252,0.99955714,0.99960506,0.9995515,0.99949026,0.999525,0.9994892,0.9995353,0.99953955,0.99954003,0.99956644,0.999467,0.99964756,0.99939805,0.9999975,0.9995705,0.9995988,0.9994918,0.9995629,0.99956954,0.99963194,0.9995218,0.9995376,0.99927974,0.99945354,0.9994738,0.99953574,0.9994999,0.999585,0.9995492,0.9993059,0.999541,0.9995665,0.9996271,0.9995504,0.99950117,0.99962974,0.99945664,0.9995453,0.9995431,0.99955153,0.99944514,0.9994762,0.99944925,0.99955046,0.99949175,0.9994636,0.9994877,0.99952596,0.99951196,0.9995185,0.99965096,0.99943733,0.9995308,0.9992501,0.99949753,0.9995987,0.999603,0.9995647,0.9996059,0.99958295,0.9995351,0.99951345,0.9994939,0.99944127,0.9995714,0.9995831,0.9994888,0.9995231,0.9994037,0.9995507,0.99953574,0.99952257,0.9995335,0.99955785,0.9993047,0.9995884,0.99958295,0.99944603,0.9995863,0.9995172,0.9995086,0.999511,0.999429,0.99942285,0.999499,0.99951947,0.9995819,0.9996648,0.9994859,0.9996105,0.999225,0.9992163,0.9993225
ipip106,0.999436,0.9993995,0.99938124,0.9993331,0.99942416,0.9994018,0.99953604,0.999498,0.9996838,0.9993719,0.9993799,0.99938536,0.9994676,0.9993601,0.99932534,0.9993919,0.9994653,0.99947834,0.9994797,0.9994754,0.9994582,0.999444,0.99945706,0.9996308,0.9993388,0.9994643,0.99948335,0.99954855,0.9994659,0.9994595,0.9994294,0.99955934,0.9994573,0.9994315,0.9994865,0.9993798,0.99947834,0.9994767,0.9994385,0.9994583,0.99959755,0.9995923,0.9994049,0.99936193,0.999434,0.99946713,0.99944806,0.99931777,0.999476,0.99948746,0.99943125,0.9993492,0.9994342,0.9994535,0.9994391,0.9994347,0.9992192,0.9995404,0.9994156,0.9994967,0.9994534,0.99936455,0.99944603,0.9994428,0.9993294,0.99934524,0.9994961,0.9994411,0.99943244,0.9994504,0.99945766,0.9994476,0.9993189,0.99943346,0.9993645,0.9990832,0.99935144,0.99941206,0.9995578,0.9995728,0.99936926,0.9994557,0.9992599,0.9994147,0.9994187,0.99943733,0.9994391,0.9994076,0.9993155,0.99942946,0.999352,0.9994128,0.9993796,0.9992352,0.9992062,0.9992833,0.9994015,0.9995294,0.99924004,0.99931455,0.9993777,0.99945474,0.9994223,0.9993942,0.9994262,0.9993998,0.99943495,0.9993183,0.9995475,0.9994795,0.99953645,0.999338,0.9993825,0.9994285,0.99949384,0.999416,0.9994784,0.99944943,0.9994752,0.9994017,0.99946606,0.9993947,0.9995664,0.99950904,0.9994094,0.99945545,0.9996476,0.9995579,0.99948424,0.9993904,0.9994536,0.9992318,0.9993842,0.9993865,0.9994321,0.99949044,0.999427,0.99951947,0.9995642,0.9994639,0.9994593,0.99946594,0.9993945,0.9994808,0.99946564,0.9993607,0.99941266,0.9994574,0.9997144,0.9995145,0.99950516,0.9994264,0.9992652,0.99923664,0.99945843,0.9994375,0.9994321,0.99941766,0.9992535,0.99949265,0.9993741,0.9995097,0.99942523,0.9994039,0.99947196,0.99933547,0.9995299,0.9993637,0.99946016,0.9993759,0.9994489,0.9993116,0.9994625,0.9994173,0.99948215,0.999449,0.9995986,0.9996169,0.99972266,0.99952793,0.9994202,0.9994585,0.99945337,0.99949455,0.999388,0.9993599,0.9994997,0.99950904,0.9995195,0.9994521,0.9994683,0.99950606,0.9994731,0.99950063,0.99943835,0.9994981,0.99952555,0.9995207,0.999427,0.99949664,0.99943507,0.99951357,0.999476,0.99948335,0.999522,0.9994853,0.99961543,0.9995841,0.9995705,0.9999981,0.9995179,0.9994028,0.99957305,0.9995219,0.99957466,0.9994866,0.9994551,0.9991887,0.9994071,0.99942315,0.99945056,0.9994414,0.9994777,0.9994829,0.99929255,0.99946827,0.9995552,0.999556,0.9994163,0.9993746,0.99954504,0.9994119,0.99943316,0.9994299,0.9994684,0.9994232,0.99943155,0.9993888,0.99947524,0.9994166,0.99943316,0.9994392,0.9994594,0.99941087,0.99944663,0.9995125,0.9993856,0.9994506,0.9991974,0.99940294,0.99951535,0.9995103,0.99946654,0.99952585,0.99948245,0.9994757,0.99947625,0.9994583,0.99942505,0.9994884,0.9994902,0.999452,0.99949205,0.9993411,0.9994205,0.9994757,0.9994306,0.99946755,0.9994411,0.9992106,0.99954134,0.99951833,0.99943894,0.9995323,0.99950457,0.9993921,0.999395,0.9993535,0.9993033,0.9994172,0.99948335,0.9995367,0.9994806,0.9994585,0.99952257,0.9991722,0.99920744,0.99928766
ipip136,0.9995577,0.99948215,0.999508,0.9994303,0.99951816,0.9994773,0.99961257,0.99947613,0.9996495,0.9994324,0.99942535,0.9995128,0.9995133,0.999427,0.9994166,0.9994373,0.9995343,0.9994828,0.9995293,0.9994898,0.9996051,0.999461,0.999547,0.9995637,0.9994355,0.9995171,0.99949944,0.99964786,0.9995039,0.9995209,0.9994871,0.99959934,0.99939185,0.99949783,0.99953455,0.9994911,0.99952507,0.9995426,0.99951994,0.99952674,0.999472,0.9995872,0.9994922,0.99937,0.9994742,0.99950653,0.99948025,0.9994001,0.99950486,0.99944234,0.99949265,0.99933493,0.99952316,0.9994838,0.99945176,0.9995109,0.9992707,0.99949527,0.99945587,0.9995639,0.999564,0.9994854,0.99954784,0.9995005,0.99942154,0.9994565,0.9995358,0.9995496,0.9995301,0.9995016,0.9995857,0.9995436,0.9994002,0.9995201,0.9994795,0.9991012,0.999395,0.99948794,0.99959016,0.9996093,0.9994305,0.99956185,0.9993435,0.99952614,0.99953526,0.99951094,0.99950975,0.99947506,0.9993439,0.9994734,0.9994584,0.99950904,0.9994593,0.999315,0.99925035,0.9992651,0.9994873,0.9995418,0.9993551,0.99935967,0.9994615,0.99952894,0.9995149,0.9995193,0.999526,0.9994459,0.99947923,0.9993445,0.9995856,0.9995314,0.99958533,0.9994269,0.99950564,0.9994577,0.9995524,0.99951065,0.99952567,0.9995299,0.99955,0.9995078,0.99959725,0.99949074,0.9998162,0.9996884,0.9995019,0.9994645,0.9997524,0.9996079,0.9995603,0.9994555,0.9995769,0.9993472,0.9995278,0.99942833,0.99952614,0.99965477,0.9994704,0.99959797,0.9996232,0.9995492,0.9995509,0.9995342,0.9994533,0.99951243,0.99953425,0.9993828,0.9995113,0.99956,0.99950963,0.99955225,0.9995629,0.9994987,0.9993619,0.9993024,0.9995575,0.9995643,0.99956256,0.999549,0.999292,0.9995553,0.9994893,0.9996218,0.99948883,0.9994558,0.9995229,0.99937034,0.99957687,0.9994739,0.9995411,0.9994547,0.9995618,0.9993543,0.9995329,0.9995316,0.99953616,0.9995646,0.9995326,0.9995166,0.99955,0.99954325,0.99944705,0.9994744,0.9995149,0.9995164,0.9993967,0.99942935,0.9995392,0.99955815,0.9995647,0.9995025,0.9995424,0.9996266,0.9995879,0.9995487,0.99954844,0.99960154,0.9996386,0.9995722,0.99947,0.99951893,0.99950224,0.9995973,0.9995228,0.9996167,0.9997261,0.99948716,0.9996235,0.9993541,0.9995988,0.9995179,0.9999987,0.9994286,0.9995816,0.9996462,0.9995898,0.9994973,0.99953216,0.9992297,0.999485,0.9995424,0.9995599,0.9995478,0.99956965,0.99954385,0.99943095,0.99959594,0.9995734,0.99960935,0.9994434,0.99941385,0.9995917,0.99949205,0.99952674,0.9995597,0.9995563,0.999479,0.9994917,0.99946415,0.9995613,0.9994781,0.999502,0.9994891,0.9995661,0.99951535,0.999514,0.9995588,0.99947053,0.9995704,0.9991904,0.99951035,0.9996153,0.9996093,0.9995418,0.9996335,0.99957395,0.9995662,0.9995618,0.9995289,0.9994456,0.9995338,0.9996263,0.999494,0.9995706,0.9994527,0.99954325,0.9995874,0.999524,0.9995056,0.9995206,0.9994758,0.9995982,0.999547,0.9994902,0.9995917,0.99956214,0.9994782,0.99947643,0.9994541,0.9993968,0.9994918,0.99954253,0.99957883,0.99954766,0.9995083,0.99955106,0.999236,0.9992117,0.999352
ipip166,0.999478,0.99934214,0.99939704,0.99928117,0.9994109,0.99936247,0.99954474,0.99943256,0.99951,0.9992826,0.99936473,0.9994543,0.9994644,0.9993623,0.9993183,0.99944174,0.99948865,0.9993731,0.99950516,0.99952644,0.9994473,0.9994252,0.99945235,0.9994582,0.9993783,0.99950504,0.99932355,0.99952227,0.99947745,0.9994116,0.99941003,0.9995251,0.999372,0.99953824,0.99961334,0.9994293,0.99959767,0.999589,0.9994844,0.9995153,0.99934506,0.99949294,0.99936855,0.9994362,0.99929786,0.99942344,0.9993789,0.9993159,0.9995239,0.9993968,0.9994238,0.99914324,0.9994188,0.99944717,0.99921405,0.9994068,0.99917334,0.9993904,0.99935347,0.99946904,0.99951965,0.9993933,0.99954695,0.9994145,0.9994074,0.99933195,0.99961776,0.9995124,0.9994414,0.9994219,0.9995288,0.9994808,0.9992249,0.9994338,0.99936295,0.9990867,0.99941236,0.9995104,0.9994424,0.9994681,0.9993785,0.9995626,0.99933434,0.9995049,0.9994984,0.9995563,0.9995991,0.99940246,0.99928176,0.99953884,0.9994157,0.9994956,0.99943155,0.99930894,0.99915224,0.9991989,0.99947417,0.9993586,0.9991941,0.9992543,0.9994288,0.99946856,0.9994863,0.9994445,0.9994893,0.9993569,0.99952966,0.9992986,0.9995748,0.9995824,0.99960583,0.9995073,0.9994226,0.9995253,0.9996098,0.9994205,0.9996294,0.9995167,0.9995653,0.9994639,0.999517,0.99943453,0.99950093,0.9995142,0.9994688,0.9993646,0.9995415,0.9994834,0.9993062,0.99939656,0.99949306,0.9991919,0.99932384,0.99932003,0.99947584,0.99944973,0.99933094,0.9994721,0.9995686,0.9995105,0.99953747,0.9994685,0.99935937,0.9994491,0.9994706,0.99932665,0.9994965,0.99949336,0.99937505,0.9995611,0.99952966,0.999448,0.99926686,0.9992179,0.9995698,0.99943244,0.99945843,0.9994462,0.9992687,0.9996382,0.9993017,0.99952924,0.9994675,0.9993157,0.9995,0.9992335,0.9995267,0.99937665,0.99950755,0.9994768,0.9995083,0.9993162,0.99959344,0.999491,0.99943775,0.99953175,0.9995263,0.99946654,0.99943995,0.99953187,0.99950856,0.99934345,0.99936837,0.99938506,0.99926096,0.9993522,0.99957794,0.9995878,0.9995871,0.99942803,0.9996441,0.9995298,0.99952596,0.9994568,0.99955237,0.99955064,0.9995729,0.9995388,0.9994196,0.9994138,0.9995163,0.99953276,0.99940664,0.99953324,0.99946684,0.9993552,0.9995895,0.99926984,0.9994918,0.9994028,0.9994286,0.9999984,0.9994839,0.99942636,0.99942344,0.9994066,0.9995401,0.9991454,0.9994698,0.9995107,0.9994993,0.99952614,0.9995398,0.9994597,0.9992651,0.9995679,0.9996131,0.99957794,0.9992353,0.99937314,0.9995876,0.99943787,0.9994728,0.9994443,0.99954486,0.9993434,0.9994795,0.99942404,0.99954313,0.9994356,0.9995052,0.9994382,0.9995804,0.999386,0.99951684,0.99952906,0.99932766,0.99953175,0.99910223,0.9993957,0.99948555,0.9994951,0.99935895,0.9994935,0.9994244,0.9995393,0.9994612,0.9994173,0.99936825,0.9994709,0.99955624,0.99934524,0.99948704,0.99931705,0.99940366,0.9994592,0.9994081,0.9994011,0.99941605,0.9991315,0.99954224,0.99937415,0.99941087,0.9995234,0.9994303,0.9994064,0.9994038,0.9994545,0.99930036,0.9994389,0.99936336,0.9995203,0.9994956,0.99933505,0.9995178,0.99907464,0.9990628,0.9992576
ipip196,0.99962133,0.9994856,0.99952453,0.9994625,0.99956083,0.99948543,0.9996577,0.9995073,0.99973685,0.9994702,0.9994997,0.9995339,0.9995383,0.9994304,0.99943453,0.9994857,0.99956155,0.9995296,0.99956924,0.99956477,0.99956405,0.99951315,0.9995738,0.999669,0.99949896,0.99956435,0.9996039,0.9996029,0.99951375,0.9995367,0.9997264,0.9996726,0.99949867,0.9996092,0.99963605,0.9995345,0.999567,0.9996455,0.99956876,0.99962646,0.99946326,0.99957705,0.99955595,0.9994933,0.9994986,0.999589,0.9995611,0.9994307,0.99959177,0.9994398,0.99954885,0.99932325,0.99952984,0.9995165,0.9995645,0.9994894,0.9993053,0.99952716,0.999457,0.99963033,0.9996138,0.9995134,0.99962157,0.99960476,0.99946535,0.9994624,0.9995955,0.9996388,0.99959385,0.999554,0.9996281,0.99954844,0.99936515,0.99952745,0.9994596,0.99903643,0.9993952,0.99951166,0.99978244,0.9998269,0.99949515,0.99963355,0.9993685,0.99960154,0.99954075,0.99961966,0.9995792,0.99947053,0.9994,0.9995333,0.9994827,0.9996026,0.9995019,0.9993081,0.9992718,0.99928474,0.9995879,0.99970037,0.99927855,0.99931353,0.9994875,0.99969155,0.999556,0.99953926,0.9995673,0.99939924,0.9995231,0.9993956,0.9996048,0.9996225,0.99968004,0.9994851,0.99948746,0.99951565,0.9996169,0.9995031,0.99959713,0.99961084,0.99964136,0.9995061,0.9996558,0.9995294,0.99965644,0.9996521,0.9995609,0.9996309,0.99961936,0.9995538,0.99969757,0.9994312,0.9995873,0.9992212,0.9994303,0.9994315,0.99957466,0.9995843,0.99951404,0.99960685,0.9996545,0.99962157,0.99962556,0.99957156,0.9994956,0.99959815,0.9995623,0.9993354,0.99955297,0.9996245,0.99953675,0.99957645,0.9997048,0.99961126,0.99933463,0.999318,0.9996751,0.9995416,0.9995351,0.9995416,0.9992891,0.9996483,0.99939436,0.9996689,0.99954945,0.9995708,0.99964017,0.99941486,0.99960566,0.9995163,0.99962527,0.9995217,0.99962544,0.99938375,0.9996395,0.99960566,0.99986786,0.99966216,0.99958456,0.9995568,0.99964976,0.9996466,0.999446,0.9998163,0.99960643,0.9998243,0.9994564,0.9994977,0.9996662,0.99969804,0.99970645,0.9995605,0.99962056,0.9997591,0.99972814,0.9999019,0.9996345,0.9997279,0.9996407,0.99961716,0.9995466,0.9995502,0.9995429,0.999628,0.99945337,0.9997057,0.99961287,0.99966043,0.999832,0.999392,0.9995629,0.99957305,0.9995816,0.9994839,0.9999973,0.9996746,0.9997579,0.99958444,0.9995324,0.99919933,0.9995117,0.9995349,0.9995988,0.9996286,0.9997003,0.99964637,0.99938726,0.9996983,0.99968237,0.99963766,0.99936897,0.9994908,0.99962664,0.99959546,0.9996087,0.9995825,0.9997019,0.99957156,0.99960047,0.99949443,0.9996222,0.9994601,0.99953717,0.9994767,0.9996925,0.9996048,0.9995901,0.99960977,0.9994621,0.99963206,0.9992236,0.9994858,0.9996809,0.9996893,0.99952614,0.9996734,0.99959797,0.9995779,0.9995554,0.9996162,0.9994331,0.99958134,0.99973804,0.99976325,0.9995739,0.9994458,0.99957603,0.999577,0.999497,0.9996234,0.9995183,0.99926823,0.99965656,0.9995544,0.99962384,0.999615,0.99962527,0.99948585,0.9994992,0.99958175,0.99945056,0.99950945,0.99968106,0.9996257,0.999566,0.99964964,0.9995703,0.99924064,0.9991453,0.9993763
ipip226,0.9995573,0.9994577,0.9994857,0.99941903,0.99951273,0.9994719,0.9995761,0.9994867,0.9996775,0.99941397,0.9993937,0.9995299,0.99950254,0.9994169,0.99949044,0.99941206,0.9995415,0.99946547,0.9995423,0.9995139,0.9995838,0.9995465,0.9995779,0.99959064,0.9994707,0.9994775,0.9995398,0.9995925,0.9994645,0.9994576,0.99960214,0.99960494,0.99938595,0.9995419,0.99955994,0.99951994,0.9994594,0.99952304,0.9994934,0.9995369,0.99946386,0.9995496,0.999573,0.9993752,0.9994823,0.9995479,0.99955314,0.99946976,0.9995373,0.9994329,0.99950045,0.99932444,0.9995251,0.99944735,0.9994714,0.9994826,0.99925786,0.9994416,0.99946326,0.99956226,0.9996386,0.99960667,0.9996735,0.9996035,0.9995019,0.99952364,0.9995781,0.9995379,0.99953663,0.99944836,0.9996164,0.999569,0.99935734,0.9995688,0.99950576,0.9990508,0.99938864,0.9994777,0.9996744,0.9997126,0.9994737,0.99957216,0.99935734,0.99952996,0.9994977,0.99955493,0.9994923,0.9994529,0.9993696,0.9994899,0.9994811,0.99954444,0.99951416,0.99937564,0.999321,0.9992846,0.9994981,0.99957955,0.9992919,0.99932045,0.99946344,0.9996335,0.9995614,0.9995183,0.9995621,0.9994097,0.9994507,0.9993798,0.99960685,0.99955934,0.9996162,0.9994336,0.99951434,0.99951255,0.99956566,0.99953306,0.9995648,0.99956626,0.9995571,0.9995229,0.9996197,0.9995292,0.9997825,0.9997577,0.99948514,0.9995123,0.9996536,0.999549,0.9995563,0.99938357,0.99959576,0.9993244,0.99952483,0.9994606,0.9995502,0.99958813,0.99945295,0.99956834,0.9996186,0.9995724,0.99959594,0.9995672,0.99950296,0.99954754,0.99959105,0.9993762,0.99953276,0.9995491,0.9994807,0.99950296,0.9996231,0.99956864,0.9993983,0.99944633,0.99962807,0.9995667,0.99956137,0.999573,0.99933296,0.9995726,0.9995004,0.999663,0.9995016,0.99956423,0.99958813,0.99936974,0.99957865,0.9995089,0.99955106,0.99948525,0.99958277,0.9993997,0.9995243,0.99951607,0.9996072,0.99953455,0.99950564,0.9994918,0.9995837,0.99953085,0.99943525,0.99958086,0.9995887,0.9996478,0.99936867,0.9997013,0.9995171,0.99954563,0.99954265,0.99954593,0.9995198,0.9995831,0.99955416,0.9996454,0.9995956,0.99958766,0.99956286,0.9995345,0.99950236,0.9995117,0.9994834,0.9995359,0.9994488,0.9995693,0.9997613,0.9995969,0.99967533,0.9993659,0.99956954,0.9995219,0.9996462,0.99942636,0.9996746,0.99999785,0.99971604,0.9996114,0.9994756,0.999146,0.99943954,0.9994941,0.9995733,0.99953216,0.9996276,0.99963146,0.99933994,0.9995606,0.9995587,0.9996052,0.99937284,0.99940914,0.99956083,0.9996506,0.999716,0.99961376,0.99968785,0.9996795,0.99955696,0.99954027,0.999579,0.99952453,0.99951005,0.9995004,0.99955946,0.99949676,0.99952847,0.9995837,0.99946016,0.9995885,0.99921733,0.99954873,0.9995912,0.9995903,0.9995048,0.999595,0.9995466,0.9995107,0.99948484,0.9995971,0.9994896,0.9995551,0.999572,0.99954295,0.99948776,0.9993571,0.99944663,0.99961185,0.9995921,0.9996046,0.99960697,0.99940497,0.999634,0.9995265,0.9995973,0.9996185,0.9996455,0.9995922,0.99955404,0.9995523,0.999569,0.9995468,0.9995903,0.99959016,0.9996013,0.9995592,0.99958795,0.9991913,0.9991624,0.99935144
ipip256,0.9994727,0.999457,0.99944204,0.9994297,0.99947935,0.9994599,0.9995395,0.9995007,0.9996667,0.99944407,0.999431,0.9994789,0.9995213,0.9994162,0.99945813,0.9994168,0.99952316,0.9994979,0.9995165,0.9995283,0.9995145,0.99951476,0.9995246,0.99961174,0.99944645,0.99947065,0.9996522,0.99957037,0.9994749,0.9995155,0.99958444,0.9996706,0.99944365,0.99951303,0.9995278,0.9995014,0.99947435,0.999524,0.9995025,0.9995029,0.99952435,0.9995862,0.99949896,0.9993941,0.9994792,0.99947953,0.99950683,0.9994184,0.999497,0.9994323,0.99949265,0.99939024,0.99951863,0.9995182,0.9996532,0.99956554,0.9992704,0.99957585,0.99944806,0.9996347,0.99954414,0.9994641,0.99957424,0.99951184,0.999421,0.9994447,0.999544,0.9995614,0.99951166,0.99954855,0.9995414,0.9995264,0.9993869,0.9995063,0.99945897,0.99909383,0.9993835,0.99945366,0.99986154,0.9998646,0.9994651,0.9995232,0.9993197,0.99947995,0.99946666,0.9995072,0.9994759,0.99947596,0.99938536,0.99946314,0.99944216,0.9994681,0.999441,0.99930435,0.9993057,0.9992957,0.9994622,0.9996655,0.99929094,0.99936104,0.99944377,0.99956113,0.999489,0.99947006,0.99950993,0.99948114,0.99942034,0.9993357,0.99959296,0.99951637,0.9995882,0.99941,0.99946254,0.99946654,0.99951595,0.9994805,0.9994924,0.99952066,0.9995243,0.9994873,0.9995491,0.9994736,0.99964565,0.99962854,0.9994594,0.9995859,0.99965215,0.9995949,0.99971545,0.99939954,0.9995648,0.99932927,0.9994928,0.9994337,0.9995198,0.99956775,0.99945766,0.99964315,0.99961525,0.999518,0.99950844,0.99952346,0.99946856,0.99952954,0.99951965,0.9993707,0.9994864,0.9995347,0.9995777,0.99950665,0.99957967,0.9995265,0.99933946,0.99938214,0.9995331,0.99952483,0.9995182,0.99952805,0.9993142,0.99952155,0.9994867,0.9995973,0.99946964,0.9995,0.99953306,0.99941033,0.9996246,0.9994694,0.9995063,0.9994586,0.9995111,0.99938166,0.999483,0.9994899,0.99971133,0.99953896,0.99951476,0.9994832,0.9996028,0.9995553,0.99946463,0.9997746,0.9995472,0.99979097,0.99948716,0.99954015,0.9995277,0.99957365,0.99957275,0.99954075,0.99951243,0.9996448,0.99958825,0.99974734,0.9995355,0.9995802,0.9995407,0.9995141,0.99949765,0.9995159,0.9994963,0.9994926,0.999462,0.99958116,0.9995623,0.99953973,0.99966836,0.9994104,0.99963194,0.99957466,0.9995898,0.99942344,0.9997579,0.99971604,0.9999973,0.99956274,0.9994685,0.9992434,0.9994346,0.9994652,0.9995169,0.99954915,0.9996071,0.9996022,0.9993706,0.9995466,0.99952525,0.9996441,0.9994651,0.9994455,0.9996075,0.9995599,0.999646,0.9995313,0.9996173,0.9996191,0.9994961,0.99950343,0.9995146,0.9994633,0.99947405,0.99947006,0.99953717,0.9995687,0.99953926,0.9995739,0.99945015,0.9995328,0.9992926,0.9995176,0.9996691,0.99966335,0.99962485,0.99967563,0.99966204,0.9995485,0.9995207,0.99954337,0.9994499,0.9995144,0.99961954,0.99973863,0.99957454,0.99948573,0.9995618,0.999574,0.99950373,0.99955875,0.99951845,0.99934024,0.9996048,0.9996098,0.99952674,0.9996116,0.9995965,0.9995603,0.99954623,0.99948716,0.9995332,0.99949414,0.9997024,0.99963915,0.99961007,0.99967474,0.9996677,0.9992572,0.9992316,0.9993706
ipip286,0.9994929,0.999446,0.9994288,0.99937946,0.9994948,0.99944204,0.99949765,0.99944484,0.9995891,0.99937904,0.9994241,0.9995124,0.9995211,0.9994274,0.9995025,0.99943495,0.99951637,0.99947596,0.99953544,0.99952245,0.9995119,0.999518,0.99954176,0.9995529,0.9994702,0.9994997,0.9994659,0.9995055,0.99951,0.9994721,0.9995126,0.9996054,0.9993579,0.99954647,0.9995418,0.9994588,0.99952334,0.9995295,0.9995387,0.99952626,0.9993603,0.9994827,0.99948525,0.9993786,0.9994725,0.99954045,0.9995366,0.9994514,0.9995509,0.9994459,0.9994728,0.9992833,0.99947226,0.9994048,0.9994418,0.9994215,0.999297,0.9994285,0.999525,0.9995851,0.9996277,0.99951077,0.9995789,0.9995764,0.99949104,0.9995404,0.9995114,0.9994703,0.9994983,0.9994611,0.99953437,0.9995317,0.9993214,0.99946356,0.99945056,0.9990577,0.9993793,0.9994668,0.99956447,0.99958915,0.9994925,0.99957466,0.99940574,0.9995471,0.9994949,0.9995098,0.9994936,0.9994586,0.99937093,0.9994783,0.9994587,0.9995274,0.99949294,0.99930704,0.999284,0.9993168,0.99949265,0.9995309,0.99925786,0.99931806,0.99949414,0.9995625,0.9995464,0.99952775,0.9995574,0.99939996,0.99941754,0.9993774,0.99956554,0.9995123,0.9995465,0.99941903,0.9995223,0.9994643,0.9995263,0.99948364,0.9995105,0.9995158,0.99953485,0.9994625,0.9995352,0.9994465,0.99959695,0.9996144,0.99950653,0.9994849,0.999511,0.9994874,0.99949557,0.9993817,0.99951124,0.9992682,0.9994371,0.99945474,0.9994791,0.99952656,0.99948883,0.99946576,0.99953485,0.9995123,0.9995701,0.99957377,0.9995461,0.9995663,0.99957144,0.9993656,0.9994931,0.99951345,0.99941957,0.9995293,0.9995582,0.9995161,0.99934703,0.99943197,0.99957365,0.9995051,0.9995019,0.99948037,0.99927384,0.99953103,0.9994133,0.9995625,0.99948424,0.9994999,0.9995077,0.9993484,0.9994985,0.99946964,0.9995139,0.9994538,0.99953055,0.99936885,0.99952364,0.9994831,0.9995493,0.99948657,0.99943286,0.9994461,0.99949116,0.9994464,0.999375,0.9994675,0.99952406,0.9995261,0.99929225,0.999438,0.9995,0.99949485,0.9995027,0.9994752,0.99952805,0.9995177,0.99950814,0.99957395,0.99955755,0.999542,0.99951136,0.9994988,0.9994553,0.9995041,0.9994637,0.9994833,0.9994097,0.9995008,0.9996123,0.9995648,0.9995957,0.99933225,0.9995218,0.9994866,0.9994973,0.9994066,0.99958444,0.9996114,0.99956274,0.9999977,0.9994531,0.9991521,0.99941546,0.9994711,0.9995187,0.9994921,0.9995723,0.9997425,0.9993568,0.9995182,0.99948007,0.99950165,0.99940383,0.99947184,0.9994778,0.9995215,0.9996466,0.9996166,0.99959075,0.9995,0.999524,0.9994394,0.99952275,0.99942845,0.99947554,0.99947053,0.9995014,0.9994669,0.99944264,0.999521,0.9994617,0.99952203,0.9991238,0.99945503,0.9995356,0.9995404,0.99944603,0.9995426,0.99949485,0.99947464,0.99943984,0.99954706,0.99944514,0.99957126,0.9995081,0.9994632,0.9994495,0.99930984,0.999397,0.99947846,0.99947244,0.9995285,0.99949944,0.99925894,0.99951214,0.9994307,0.99951607,0.99948597,0.99955237,0.99948454,0.99945414,0.99950635,0.99950504,0.9994561,0.9995309,0.9994921,0.9995078,0.9995063,0.99948424,0.99919903,0.9991474,0.9993706
ipip21,0.999536,0.9994447,0.9994604,0.99940324,0.9995027,0.99945956,0.9995969,0.9994909,0.9995868,0.99941254,0.99942815,0.9995064,0.99952275,0.9994459,0.99937,0.99951273,0.99954957,0.99945045,0.99960417,0.99953634,0.99952734,0.9994967,0.9995908,0.9995644,0.99941117,0.99954283,0.9994024,0.9995863,0.9995006,0.99952847,0.9995039,0.9995861,0.9994028,0.99956876,0.99960697,0.9995448,0.9996375,0.99961555,0.9995535,0.99957824,0.999403,0.9995361,0.9994692,0.99940395,0.99940664,0.99951565,0.99947965,0.9993953,0.9995431,0.99948215,0.99950063,0.9992708,0.999488,0.99954796,0.9993259,0.9994973,0.9992557,0.9995066,0.9994224,0.9995368,0.99960226,0.99946153,0.9995853,0.99943435,0.9994444,0.9994356,0.9996373,0.99955076,0.9995196,0.99946404,0.9996067,0.99959975,0.99932456,0.9995257,0.9994856,0.999205,0.9994916,0.99957365,0.99951756,0.99954134,0.9994586,0.99964225,0.9994193,0.9995579,0.9995876,0.99960494,0.9996193,0.9994932,0.9993805,0.9995488,0.9994776,0.99961394,0.99948037,0.99933046,0.9992808,0.9993126,0.9995236,0.9994779,0.9993432,0.9993513,0.9995353,0.99957025,0.9995918,0.99953777,0.99954736,0.99944586,0.99959993,0.9993298,0.9996311,0.9996191,0.9996385,0.9994303,0.9994568,0.9995433,0.9996842,0.9995442,0.9996203,0.9996047,0.99963105,0.9996305,0.9995938,0.9994579,0.99956155,0.9995662,0.9995141,0.9994369,0.9996545,0.99956405,0.9994181,0.9994812,0.99960923,0.99932516,0.99945164,0.99939066,0.9995487,0.9995751,0.99942523,0.99955994,0.9996424,0.99955744,0.99959475,0.9995518,0.9994377,0.9995098,0.99954325,0.9993467,0.99956626,0.9995554,0.99945116,0.9995705,0.99965805,0.9995877,0.9994321,0.9993232,0.9996169,0.99957764,0.99957734,0.99955267,0.9992848,0.9996464,0.999424,0.9996572,0.99953216,0.99942577,0.9995563,0.9993241,0.9996035,0.9995082,0.9995228,0.9994825,0.99959224,0.9993565,0.9996029,0.9995325,0.99952316,0.9995763,0.9996014,0.99951166,0.9995337,0.99959564,0.9995182,0.9994193,0.9995084,0.9994558,0.99935,0.9993913,0.99964285,0.99963635,0.9996493,0.9995951,0.99965674,0.99964494,0.9996203,0.9995315,0.99961627,0.9996502,0.9997193,0.99960524,0.9995363,0.9995163,0.9996101,0.9995881,0.99947447,0.9996159,0.9995128,0.99945366,0.99964947,0.99936,0.9995376,0.9994551,0.99953216,0.9995401,0.9995324,0.9994756,0.9994685,0.9994531,0.99999875,0.9992739,0.9995952,0.99964243,0.9997216,0.9997249,0.99964654,0.9995605,0.99945253,0.9996569,0.9996566,0.9996257,0.99935323,0.99941283,0.99964195,0.9994664,0.9995368,0.999541,0.9995846,0.9994096,0.99954015,0.9994831,0.9996385,0.9995116,0.9995944,0.99954665,0.9996339,0.9994679,0.9995467,0.9995568,0.99941784,0.9996188,0.99916035,0.9995013,0.9995893,0.9995915,0.9994951,0.999603,0.99954206,0.9996177,0.99954367,0.9995083,0.9994688,0.9995467,0.9996374,0.99942833,0.99957436,0.99943584,0.99949867,0.99955624,0.99954337,0.99951386,0.9995358,0.99922293,0.9996063,0.99948204,0.99951565,0.99961287,0.99950063,0.99952245,0.99953204,0.99950343,0.99942887,0.9995334,0.9994401,0.9995901,0.9995241,0.9994109,0.99958277,0.9991754,0.99926287,0.9993394
ipip51,0.99912137,0.99917984,0.99917024,0.9991175,0.99912643,0.9991631,0.9991906,0.9992611,0.99922174,0.99914783,0.99912125,0.999124,0.99919635,0.99914134,0.999145,0.99914205,0.999186,0.9991872,0.9992032,0.9991874,0.9991612,0.9991659,0.99920446,0.99921006,0.99909407,0.99916166,0.99918365,0.99923974,0.9991742,0.99919057,0.9990861,0.99927086,0.99910855,0.9991384,0.99918836,0.9991156,0.9992452,0.99919224,0.9992059,0.99915284,0.9990895,0.99919957,0.9991358,0.99902153,0.99918026,0.9991502,0.999128,0.9991857,0.9991654,0.99913037,0.9991225,0.9991213,0.9990834,0.99919593,0.99916357,0.9992018,0.99892426,0.99928296,0.99911183,0.99926794,0.9992295,0.9991942,0.9991832,0.9991432,0.9991404,0.99921584,0.99924433,0.999382,0.99917144,0.999409,0.99913925,0.99920654,0.999083,0.9991393,0.99929005,0.99900526,0.9991523,0.99918926,0.99925274,0.9992343,0.9991548,0.9992302,0.99903536,0.99913484,0.999191,0.99916524,0.9992161,0.99928945,0.9992417,0.9991647,0.9991077,0.9991378,0.99910975,0.99905616,0.9991603,0.9990504,0.99904764,0.999263,0.9991256,0.999102,0.9992148,0.99912214,0.99923,0.99914384,0.99921286,0.99922645,0.9992122,0.9990469,0.999295,0.99919045,0.9991786,0.9990793,0.9991566,0.99923563,0.9993024,0.9992703,0.9992072,0.9993603,0.99929124,0.9992326,0.9991695,0.9990763,0.99924767,0.9992112,0.9991197,0.99912107,0.99931365,0.99918085,0.9992198,0.9991637,0.99913096,0.9990529,0.99912447,0.99923277,0.999143,0.99918276,0.9990756,0.99928266,0.9991634,0.9990873,0.9991114,0.9991977,0.99921817,0.99914414,0.9991798,0.999084,0.9991865,0.9992176,0.9992883,0.99920595,0.9991995,0.99915254,0.9992128,0.9990897,0.99915826,0.99917597,0.99918103,0.9991449,0.99903274,0.9991898,0.9990958,0.9992516,0.9992024,0.9991284,0.9991079,0.99907315,0.99915326,0.9991563,0.99914867,0.9991259,0.9991519,0.99905497,0.9991458,0.9991258,0.99918526,0.99915916,0.9992489,0.9991819,0.99923265,0.9992104,0.99923676,0.9992009,0.9992087,0.9992017,0.9992608,0.99903125,0.99922246,0.9992252,0.99923766,0.9992334,0.999244,0.99924207,0.99920166,0.9992038,0.9992027,0.99919146,0.99928653,0.9991979,0.999182,0.9992011,0.99919575,0.999195,0.99928886,0.9992077,0.9992065,0.9991437,0.999195,0.9992721,0.99927974,0.9991887,0.9992297,0.9991454,0.99919933,0.999146,0.9992434,0.9991521,0.9992739,0.9999981,0.9994437,0.9991966,0.9991857,0.99921036,0.9992048,0.99922913,0.99913514,0.9992136,0.99917996,0.9992485,0.99931246,0.9992367,0.99927944,0.9990893,0.9991517,0.9992416,0.99915594,0.999102,0.99912703,0.9991042,0.99918836,0.9991648,0.99919647,0.9992451,0.9991529,0.99924845,0.9991906,0.99920297,0.99909556,0.99914974,0.99902314,0.9991236,0.99931467,0.99930894,0.999272,0.99931306,0.9992976,0.99925274,0.9992247,0.99913394,0.99922365,0.9992674,0.9992287,0.9992272,0.9993233,0.9991809,0.99943006,0.9991764,0.9991597,0.9992254,0.9992307,0.9990698,0.9991945,0.9993278,0.9991495,0.9991938,0.9992044,0.9991572,0.9991283,0.999065,0.99908733,0.999178,0.9991706,0.9991783,0.9992252,0.99914813,0.99917746,0.99898785,0.9989715,0.9990096
ipip81,0.99949074,0.9994241,0.9994826,0.9993803,0.9994596,0.99943197,0.9995581,0.99946415,0.9995212,0.99939334,0.9993971,0.99948215,0.9994855,0.9994361,0.99935293,0.99946904,0.99952924,0.99944985,0.99956053,0.99952376,0.99951,0.9994648,0.99950385,0.99949884,0.99938464,0.9995376,0.9993937,0.9995858,0.9994757,0.9994804,0.99944514,0.99952257,0.9993791,0.9995017,0.9995845,0.99945545,0.9995917,0.9995998,0.9995481,0.99955636,0.9993651,0.9994679,0.99941874,0.99935234,0.99939656,0.99948037,0.9994288,0.99937963,0.9995315,0.99944454,0.9994466,0.99928,0.999446,0.9994849,0.99928397,0.9994374,0.9992468,0.99944663,0.9993888,0.99949306,0.9996196,0.9995005,0.99957204,0.99942714,0.99944836,0.99945146,0.9996119,0.9995335,0.9994744,0.99949634,0.99952674,0.9995195,0.99933404,0.9994619,0.99960285,0.9991589,0.99942875,0.9995117,0.9994617,0.99948686,0.99943244,0.99959815,0.99936986,0.9995202,0.9995289,0.99957687,0.99960256,0.99953073,0.9995087,0.9995242,0.9994354,0.99953395,0.999489,0.9993461,0.9993727,0.9993013,0.9994598,0.99943495,0.99938595,0.99930984,0.99955314,0.9994981,0.9995942,0.99948114,0.9995848,0.99935853,0.99955094,0.99928004,0.99957025,0.999593,0.9995859,0.99943584,0.999461,0.9995597,0.9996867,0.9995404,0.999595,0.99969506,0.99963653,0.9995423,0.99953806,0.9993832,0.99952555,0.99953043,0.99947566,0.9993825,0.9995474,0.9994816,0.99936324,0.9994384,0.999501,0.99922895,0.9993902,0.9994557,0.999494,0.9994935,0.9993822,0.9994899,0.9995507,0.9994904,0.99954283,0.99950045,0.99947613,0.99946445,0.9995496,0.9993282,0.99951416,0.9995042,0.999403,0.99952585,0.99954724,0.9994633,0.99945015,0.9993069,0.9995546,0.9994996,0.9994838,0.9994686,0.99931926,0.9995772,0.9993598,0.9996064,0.99952364,0.9993951,0.99952507,0.99933267,0.99951667,0.99942493,0.9995063,0.9994501,0.99951756,0.99933493,0.9995392,0.9994944,0.9994671,0.9995029,0.9995782,0.9994872,0.9994804,0.9995051,0.9994617,0.99940366,0.99942815,0.9994295,0.99945337,0.99935,0.9995649,0.999567,0.99957263,0.9994927,0.9995938,0.99953866,0.99952936,0.9994785,0.999552,0.99955595,0.9996079,0.9996005,0.99944717,0.99948645,0.99951595,0.99954927,0.99946135,0.9995393,0.99948245,0.99943423,0.9995726,0.9994419,0.99945354,0.9994071,0.999485,0.9994698,0.9995117,0.99943954,0.9994346,0.99941546,0.9995952,0.9994437,0.99999785,0.99957675,0.9995185,0.9995372,0.99957484,0.99950475,0.9993845,0.9995787,0.9995706,0.9995599,0.99933296,0.9993614,0.9995496,0.9994399,0.99949396,0.999506,0.99955076,0.9993843,0.9994632,0.99942064,0.99953485,0.9994241,0.99953777,0.99954456,0.9995445,0.99945974,0.9994477,0.999494,0.99937236,0.99953,0.9992404,0.99941343,0.99958354,0.99958396,0.9994707,0.9995967,0.9995245,0.99955,0.9995058,0.99946666,0.99944913,0.9995067,0.9995417,0.9993987,0.9994996,0.99937165,0.9994688,0.9994936,0.9994519,0.9994451,0.9995069,0.9992902,0.99956036,0.99943215,0.9994575,0.99951375,0.9994665,0.9994542,0.999421,0.9994182,0.99934155,0.999485,0.99939185,0.9995205,0.9994577,0.99936444,0.99948776,0.9991591,0.9991148,0.9993174
ipip111,0.9995707,0.99944425,0.9994663,0.99938977,0.99954337,0.99947107,0.99962115,0.99949694,0.99958766,0.99940234,0.9994471,0.9995778,0.9995483,0.9994607,0.99942684,0.9995401,0.9996111,0.9994625,0.99962723,0.99956053,0.9995435,0.9995098,0.9995586,0.9995542,0.9994845,0.9995638,0.99942124,0.9995863,0.99955684,0.9995246,0.99950373,0.9995909,0.99937505,0.99960744,0.9996318,0.9995687,0.9996362,0.9996578,0.9996168,0.9996495,0.9993716,0.99949586,0.99949265,0.9994027,0.99939775,0.9994926,0.9994743,0.9994257,0.9995837,0.9994805,0.9995196,0.99921954,0.99950665,0.99951476,0.9993161,0.9994467,0.999311,0.99948984,0.9994303,0.99954456,0.9996486,0.9994661,0.99961305,0.99949586,0.9995185,0.99944764,0.999635,0.9995647,0.9995305,0.99947435,0.9996529,0.99960136,0.9993328,0.99953645,0.99950993,0.99909616,0.9994995,0.99959016,0.99950683,0.99955004,0.99952024,0.9996505,0.99944633,0.99961054,0.99962044,0.9996508,0.9996546,0.99949086,0.9994132,0.9995736,0.9996076,0.999633,0.99954337,0.999355,0.999246,0.9992725,0.99958587,0.9994677,0.99932915,0.9993593,0.9995268,0.99957585,0.9996116,0.9996038,0.99962646,0.99937135,0.9995976,0.9993775,0.99961376,0.99966,0.99966794,0.9994802,0.9995291,0.9995464,0.9997011,0.999573,0.9996496,0.9996682,0.9996356,0.99956995,0.99959666,0.9994515,0.9995622,0.9995726,0.99955297,0.9994327,0.99955064,0.99958265,0.9994211,0.99943364,0.9996457,0.9993204,0.9994795,0.99940354,0.9996036,0.99957967,0.99947697,0.9995582,0.9996645,0.9996121,0.9996646,0.99958783,0.9994394,0.99954313,0.99960876,0.99935037,0.99961466,0.9995609,0.99940073,0.99957967,0.99960303,0.9995702,0.9994376,0.9992768,0.9996475,0.99958646,0.99958384,0.99956447,0.9993046,0.9996527,0.99943966,0.9996809,0.9995718,0.9994689,0.9996312,0.9994127,0.9995852,0.9995103,0.9995854,0.9995028,0.99961966,0.99940985,0.9996276,0.9995753,0.99952435,0.99957544,0.99957854,0.99954605,0.99951774,0.99956656,0.99949896,0.999397,0.99945647,0.9994545,0.99932915,0.9994009,0.999631,0.99962443,0.9996259,0.9995415,0.99968266,0.9996171,0.9996021,0.999538,0.9996263,0.999643,0.99965626,0.9996183,0.9995162,0.9995106,0.9996419,0.9996419,0.99945235,0.999613,0.9995212,0.9994595,0.9996366,0.999323,0.9994738,0.99942315,0.9995424,0.9995107,0.9995349,0.9994941,0.9994652,0.9994711,0.99964243,0.9991966,0.99957675,0.9999984,0.9996358,0.999633,0.9996459,0.999601,0.999378,0.9996924,0.99966425,0.9996219,0.9992762,0.99941915,0.99961585,0.9994915,0.999564,0.9995744,0.9996195,0.99940926,0.99957556,0.9995593,0.99965125,0.99952334,0.9996496,0.9995579,0.9996507,0.9994907,0.99953014,0.999546,0.9994558,0.9996484,0.9991256,0.99952006,0.9996107,0.99960834,0.9995502,0.999633,0.99954623,0.99960536,0.99952155,0.99953943,0.9994555,0.99958724,0.9996178,0.9994103,0.9995205,0.9994133,0.9994712,0.9995668,0.9995747,0.999512,0.9995656,0.9992342,0.9996321,0.99946,0.9995529,0.9996095,0.9995463,0.99952364,0.9995011,0.999541,0.9993887,0.9995204,0.99947333,0.99961656,0.9995062,0.9994503,0.9995629,0.9991898,0.99918264,0.9993655
ipip141,0.99964076,0.9994999,0.99953276,0.9994708,0.99963814,0.9995582,0.9996588,0.99948114,0.9996397,0.9994644,0.9994916,0.9996142,0.9995435,0.9994617,0.99946356,0.9995159,0.99956405,0.9994898,0.99962026,0.9995743,0.999614,0.9995357,0.99982536,0.9996001,0.9995213,0.9995595,0.99947137,0.99958694,0.9995207,0.9995262,0.9995775,0.99966544,0.9994886,0.9996327,0.9996602,0.9998094,0.9996011,0.99965817,0.9995808,0.9996521,0.99945784,0.9996151,0.99956375,0.9994501,0.9994479,0.999635,0.99956375,0.99949193,0.9996044,0.99948406,0.99959683,0.99923754,0.9996085,0.99949574,0.99940985,0.99953353,0.9993654,0.9995339,0.9994887,0.99963516,0.99967545,0.9995666,0.99965984,0.9995466,0.99951553,0.9995328,0.99961054,0.99962956,0.99957126,0.9994962,0.99981934,0.9997981,0.99939716,0.99971473,0.9995283,0.9990815,0.99945545,0.9995713,0.9995898,0.9996306,0.9995734,0.99968624,0.99946135,0.9996583,0.99965686,0.99968356,0.9996147,0.9994763,0.9994306,0.9995623,0.999563,0.9996977,0.99957085,0.99935657,0.9992884,0.9992741,0.9996712,0.99948627,0.99930346,0.99931484,0.99952334,0.99964225,0.9996086,0.99960834,0.99963444,0.99940133,0.99958634,0.9994101,0.9996182,0.9996649,0.9997274,0.9995244,0.999549,0.9995243,0.9996583,0.9996783,0.99963313,0.9996914,0.99965185,0.9995992,0.99965674,0.9994769,0.9996346,0.99962246,0.9996192,0.9994529,0.99956787,0.99959636,0.9995254,0.9993939,0.9998277,0.99931896,0.99961936,0.9994511,0.999792,0.99970996,0.999548,0.9996598,0.999726,0.9996925,0.9997047,0.99964285,0.9994846,0.9996229,0.99962455,0.99934,0.99962795,0.9996129,0.9995247,0.9995706,0.99967235,0.9996082,0.9994925,0.9993294,0.999701,0.99976665,0.99977165,0.99975467,0.99928653,0.999662,0.99957716,0.9998034,0.99958605,0.99956876,0.9997043,0.9994187,0.9997123,0.99962187,0.99964124,0.9995627,0.9998385,0.9994609,0.9996925,0.99964446,0.9995955,0.99964535,0.99960357,0.99956405,0.9995674,0.99954104,0.9994349,0.99945456,0.9995045,0.9995072,0.9993584,0.99946505,0.9995971,0.9996058,0.9996066,0.99948627,0.99963343,0.99966043,0.99966335,0.9996011,0.9996625,0.99971527,0.9996598,0.9996858,0.9994712,0.99953693,0.99955654,0.99962527,0.9994367,0.99966466,0.99960595,0.9995736,0.99964815,0.9992968,0.99953574,0.99945056,0.9995599,0.9994993,0.9995988,0.9995733,0.9995169,0.9995187,0.9997216,0.9991857,0.9995185,0.9996358,0.9999978,0.9996576,0.9996408,0.9996139,0.99939585,0.99971306,0.9996329,0.99958134,0.99927634,0.99947566,0.9995788,0.9995195,0.99964505,0.99964994,0.9996575,0.9994291,0.99962914,0.99967474,0.99986774,0.99968106,0.9996709,0.9995651,0.9997166,0.99951035,0.9995725,0.9995886,0.99959666,0.9998664,0.99921554,0.99974656,0.9997375,0.9997352,0.9995952,0.9997396,0.99965745,0.9995676,0.99952483,0.99968755,0.99955416,0.99964166,0.9996613,0.9994173,0.99951166,0.9993429,0.99952036,0.9996888,0.999781,0.9996729,0.99974006,0.99937165,0.999744,0.9995911,0.99962026,0.99972534,0.99961376,0.9997205,0.99976206,0.9996114,0.9994769,0.9997226,0.99957126,0.9996765,0.9995552,0.99954337,0.99961996,0.9992361,0.99923795,0.9994227
ipip171,0.9996005,0.9994777,0.99950856,0.99943805,0.99955785,0.99948823,0.9996294,0.9995004,0.99959815,0.9994334,0.9995412,0.9995785,0.9995475,0.99944544,0.9993978,0.99955255,0.999564,0.999463,0.9996173,0.9995888,0.9995285,0.9995276,0.99958026,0.9995306,0.9994288,0.9995602,0.99946237,0.9995478,0.9995285,0.99958104,0.99955916,0.9996196,0.99947286,0.99957746,0.99967164,0.9995511,0.99961734,0.9996519,0.9995615,0.9996001,0.99943995,0.9995703,0.9995289,0.99957025,0.99941987,0.99954975,0.9994905,0.9994038,0.99961007,0.9994545,0.99952257,0.99925524,0.9995485,0.9994971,0.99938077,0.9995207,0.99931735,0.99955904,0.9994806,0.99958867,0.9996387,0.9995281,0.9996235,0.9994804,0.9994398,0.99943316,0.99967253,0.9995842,0.9995685,0.9995149,0.9996392,0.9995939,0.9993381,0.9995596,0.9994817,0.9991675,0.9994575,0.99957246,0.9995832,0.9996151,0.9994909,0.9996723,0.9994597,0.9996134,0.9995735,0.99965227,0.99962753,0.99946296,0.9993998,0.9996171,0.9995208,0.9996267,0.99950814,0.9993647,0.9993136,0.9993289,0.9995867,0.9995446,0.9993435,0.9993757,0.9995201,0.9996096,0.9995922,0.99952745,0.9995864,0.99938476,0.9995803,0.9993298,0.9995896,0.9996683,0.9997295,0.9994873,0.9995122,0.9995705,0.99966794,0.99953264,0.99963933,0.9996269,0.9996619,0.99959713,0.99960625,0.9995105,0.9995851,0.99959826,0.9995483,0.99947417,0.9995789,0.99961865,0.99949515,0.9994485,0.99963033,0.99926746,0.99944454,0.99941856,0.999592,0.99957716,0.99942905,0.99960434,0.99970037,0.99959475,0.9996412,0.99955505,0.99945104,0.99953467,0.9995681,0.9993729,0.99958664,0.99959725,0.99952495,0.99960524,0.99962676,0.9995484,0.9993888,0.9993329,0.99967045,0.9995876,0.999576,0.999585,0.99932534,0.999654,0.9994205,0.9996884,0.9995681,0.99946976,0.99961835,0.9994398,0.99963725,0.9994731,0.9995937,0.9995137,0.99961877,0.9993969,0.9996462,0.999588,0.9996166,0.99974895,0.9995812,0.99953526,0.9994955,0.99954545,0.99945456,0.9995325,0.99954414,0.99957204,0.9994508,0.9994643,0.9995951,0.9996058,0.99960893,0.9995005,0.9996368,0.99979085,0.99977225,0.999641,0.9996473,0.9998093,0.9996486,0.9995969,0.99949,0.99948907,0.9995629,0.9995768,0.9994297,0.99976236,0.99952984,0.99946487,0.9996411,0.9992995,0.9994999,0.9994414,0.9995478,0.99952614,0.9996286,0.99953216,0.99954915,0.9994921,0.9997249,0.99921036,0.9995372,0.999633,0.9996576,0.99999803,0.99972093,0.9995714,0.9995541,0.9998074,0.99965096,0.9996003,0.99929374,0.9994371,0.99957716,0.99954104,0.99959123,0.9995706,0.9996836,0.99946004,0.99954915,0.9995392,0.99964595,0.9994927,0.99967986,0.999543,0.9997745,0.9995156,0.9996904,0.99955326,0.9994596,0.9996366,0.99917734,0.99950594,0.99963105,0.9996333,0.99953055,0.99963844,0.9995754,0.99957263,0.9994963,0.9995126,0.999462,0.9995434,0.999777,0.9995265,0.9996317,0.99948376,0.9995133,0.9996124,0.99953556,0.9995054,0.99953413,0.9992651,0.9996499,0.99949783,0.9995318,0.9996305,0.99953115,0.9995084,0.9995233,0.99953526,0.9994383,0.99952626,0.9995195,0.9996792,0.99952126,0.9994876,0.99962574,0.99922687,0.99924004,0.9993969
ipip201,0.99967825,0.99952537,0.99958384,0.99948114,0.99960107,0.99951494,0.9997117,0.99957687,0.9996607,0.999479,0.99949926,0.9996081,0.9995998,0.99949306,0.9994701,0.99957323,0.99962926,0.9995041,0.99963427,0.9996543,0.9995986,0.99959433,0.99960244,0.99957734,0.99948746,0.9995961,0.9995233,0.99961454,0.9995684,0.99955034,0.99968046,0.9996835,0.9994363,0.99962085,0.9997173,0.99957985,0.99964154,0.99969286,0.99961215,0.9996556,0.9994569,0.9995839,0.9995314,0.99949706,0.9994723,0.9995974,0.9995438,0.99947095,0.99966544,0.9995052,0.99956447,0.9992998,0.9996061,0.99957085,0.9993894,0.9995486,0.99934053,0.99953103,0.99950147,0.99963796,0.99973094,0.9995762,0.9997282,0.9995339,0.9995354,0.9995049,0.9996951,0.999639,0.9995742,0.9995525,0.99969834,0.99960226,0.9993651,0.99961674,0.99954325,0.99912685,0.9994615,0.9995837,0.99961174,0.99965805,0.9995338,0.99971783,0.99947715,0.999646,0.99962467,0.99971557,0.99967474,0.9995503,0.9994439,0.9995999,0.9995679,0.999644,0.9995926,0.99941504,0.99930847,0.999364,0.999643,0.99957544,0.99933404,0.999359,0.9996255,0.99964726,0.9996626,0.99956214,0.9996411,0.9994493,0.99960625,0.99938303,0.99968106,0.9997357,0.9997738,0.99950796,0.9995699,0.99959195,0.99971396,0.9995605,0.9996733,0.9996602,0.9996953,0.99958193,0.9997244,0.99960023,0.999675,0.99970484,0.9996098,0.999547,0.9996236,0.99965525,0.9994867,0.99950373,0.99965554,0.9992728,0.999472,0.9994353,0.99962664,0.9996067,0.99947226,0.9996201,0.9997446,0.99967235,0.99968934,0.99962384,0.99958706,0.99964184,0.9996401,0.99941206,0.9996212,0.9995973,0.9995008,0.9996288,0.99964905,0.9995579,0.99936664,0.99942845,0.999758,0.99957174,0.99956286,0.99961036,0.9993769,0.99972206,0.99944246,0.99971354,0.9995859,0.999512,0.9996889,0.9993948,0.99967563,0.9994961,0.99965775,0.9995788,0.99966866,0.99944293,0.9996882,0.99963135,0.9996796,0.99968386,0.99962443,0.9995672,0.99955994,0.9996418,0.9995152,0.9996277,0.99959123,0.9996584,0.99945724,0.99961025,0.99969983,0.99972,0.99971193,0.99951977,0.99969167,0.999755,0.9997294,0.99971706,0.9997041,0.99974394,0.9996742,0.99964863,0.999495,0.99952036,0.9996181,0.99963695,0.9994858,0.9997247,0.9996131,0.99952316,0.9997662,0.9993122,0.999585,0.9994777,0.99956965,0.9995398,0.9997003,0.9996276,0.9996071,0.9995723,0.99964654,0.9992048,0.99957484,0.9996459,0.9996408,0.99972093,0.99999785,0.9996943,0.99942297,0.9997391,0.99972713,0.99968284,0.99937075,0.99947256,0.9996642,0.9996568,0.99969405,0.9996313,0.99982363,0.99957055,0.9996206,0.99956805,0.99966675,0.9995102,0.99965656,0.99954426,0.9997456,0.9995389,0.9996329,0.9996492,0.99947506,0.99968123,0.9992578,0.99955,0.9996457,0.9996524,0.9995162,0.999652,0.9995818,0.9996549,0.99959487,0.99957037,0.9994951,0.9995981,0.999745,0.99962515,0.99963075,0.99950784,0.99955297,0.99965817,0.9995432,0.99954987,0.9995638,0.999283,0.99971867,0.99952614,0.99957746,0.9996669,0.9995797,0.9995692,0.9995519,0.99958503,0.9995432,0.99956846,0.999529,0.999715,0.99961066,0.9995,0.9996792,0.9992298,0.9992077,0.99944663
ipip231,0.99955,0.99949366,0.9994794,0.9994464,0.99954593,0.99950415,0.9995767,0.99952203,0.99965566,0.99944735,0.9994785,0.99954194,0.99957097,0.99950314,0.9995816,0.99948806,0.99957526,0.9995122,0.99959797,0.9995824,0.99956846,0.99958265,0.99958086,0.9996259,0.99957734,0.99952745,0.99954677,0.9995699,0.99953794,0.99948597,0.9995857,0.9996424,0.99936616,0.9996515,0.99957937,0.99953544,0.99954385,0.9995943,0.9995696,0.99961156,0.9993614,0.9994811,0.99953693,0.9993702,0.999505,0.99953586,0.99958825,0.99952734,0.99959433,0.9994755,0.99953026,0.99929434,0.9995111,0.9995011,0.99950314,0.99946433,0.99930984,0.9994967,0.99947685,0.9996167,0.999685,0.99954164,0.9996516,0.9996166,0.9995275,0.9996067,0.9995799,0.9995512,0.99958295,0.9995265,0.9996244,0.9995959,0.999411,0.9995417,0.999532,0.9990872,0.9994465,0.99953705,0.9996184,0.99966186,0.9995814,0.99965864,0.99947256,0.99959344,0.9996011,0.9995885,0.999582,0.9995403,0.99942756,0.999538,0.99949056,0.99957895,0.99956703,0.9993397,0.9992961,0.99931103,0.9995697,0.9996013,0.99930036,0.999393,0.99955076,0.99964297,0.99959666,0.9995886,0.99963796,0.9994383,0.99952465,0.99945503,0.9996576,0.9996045,0.9996325,0.9995025,0.9995323,0.99947494,0.9996091,0.99954766,0.9995568,0.99959534,0.9995974,0.99954545,0.999592,0.9994468,0.9996135,0.9996126,0.9995299,0.99951524,0.99955565,0.99955016,0.99956584,0.9994203,0.9995944,0.9993187,0.99948466,0.99948925,0.999559,0.99957037,0.99953634,0.9995239,0.9996079,0.99960965,0.9996333,0.99964625,0.99958,0.99966466,0.99968654,0.99934554,0.99959344,0.9996005,0.99941206,0.9995773,0.9996474,0.99957925,0.9994403,0.9994937,0.99963087,0.9995586,0.9995828,0.9995564,0.99930197,0.9996014,0.99944764,0.9996396,0.9995201,0.99954796,0.9996093,0.9993687,0.99956745,0.99961036,0.99959725,0.9994955,0.99960536,0.9994011,0.99957204,0.99957734,0.99963105,0.9995315,0.99952346,0.99950415,0.99957067,0.9995342,0.9994611,0.9995247,0.9995833,0.9995846,0.999354,0.999454,0.9995818,0.999585,0.99957454,0.9995536,0.9996126,0.99959654,0.9995694,0.9996523,0.9996483,0.9995964,0.99960816,0.99956506,0.99952084,0.9995874,0.9996079,0.99958014,0.9995116,0.99958605,0.9996096,0.99961525,0.9996726,0.9993767,0.9995492,0.9994829,0.99954385,0.9994597,0.99964637,0.99963146,0.9996022,0.9997425,0.9995605,0.99922913,0.99950475,0.999601,0.9996139,0.9995714,0.9996943,0.9999983,0.99939764,0.99960274,0.99956757,0.99958515,0.999436,0.99952215,0.999583,0.9995313,0.9996975,0.99969083,0.9996557,0.99952346,0.999652,0.99951327,0.9996115,0.99948424,0.9995979,0.9995215,0.99959266,0.9995741,0.9994962,0.99962395,0.99949306,0.9996207,0.9991654,0.99953043,0.99961483,0.9996203,0.9994974,0.9996181,0.9995565,0.99959296,0.9995382,0.999614,0.9994974,0.9996584,0.9995863,0.99956894,0.9995646,0.9994156,0.9994686,0.99955875,0.99953955,0.9996224,0.9995682,0.9992992,0.9995932,0.9994897,0.99960625,0.9995726,0.9996306,0.99956375,0.99950963,0.999635,0.99954,0.99952483,0.9996063,0.99957836,0.9996002,0.99958515,0.99954534,0.9992379,0.9992083,0.999403
ipip261,0.9993206,0.99928325,0.9993297,0.9992357,0.99932194,0.99931055,0.9993477,0.999261,0.9993547,0.9992381,0.9994161,0.9994177,0.9993627,0.99929345,0.9992841,0.99933183,0.9993568,0.9992803,0.99939543,0.9993423,0.9993503,0.99932104,0.99936545,0.99929273,0.9992705,0.99933016,0.9992668,0.99935806,0.99935204,0.99943614,0.9993111,0.99942213,0.9992356,0.99933434,0.9993633,0.99930817,0.99934214,0.9993655,0.9993583,0.9993571,0.9992403,0.99934626,0.99931186,0.99931574,0.99928164,0.99931353,0.9992934,0.99924475,0.9993588,0.99928737,0.99927557,0.9991661,0.9993405,0.9992642,0.99927706,0.9992942,0.99916714,0.99939877,0.9993267,0.99941164,0.99941707,0.9993398,0.99939007,0.9992829,0.999258,0.9993141,0.9993818,0.9993659,0.9993962,0.99938416,0.99937224,0.9993836,0.9992175,0.9993327,0.99938095,0.9990951,0.9992757,0.9993619,0.999397,0.99940926,0.9993346,0.9994563,0.99941355,0.9993761,0.99937516,0.99937105,0.99938774,0.9993247,0.9993178,0.99936473,0.99932915,0.9994021,0.9993411,0.99917954,0.99929047,0.99917084,0.9993285,0.99937844,0.999296,0.9992919,0.9993522,0.9993847,0.99941534,0.99936277,0.999409,0.99923784,0.9994096,0.99914294,0.9993878,0.9993907,0.99945956,0.9993303,0.9993841,0.99937755,0.9994112,0.9993644,0.9993648,0.9993787,0.99944216,0.9993795,0.9993616,0.9992499,0.9993813,0.9993785,0.99929696,0.9992686,0.9993564,0.9993897,0.99934703,0.99924153,0.99935555,0.9991241,0.9992622,0.99929434,0.9993292,0.99938595,0.9992508,0.9993788,0.9994144,0.9993193,0.999387,0.9993548,0.9993042,0.999311,0.9993793,0.9991938,0.9993755,0.9994104,0.99938065,0.99937904,0.99938357,0.99934185,0.99928355,0.9992239,0.99937034,0.9993958,0.9993963,0.9993595,0.9992249,0.99935395,0.9992284,0.99941576,0.99931335,0.99932176,0.999336,0.999311,0.99936426,0.99929833,0.9993249,0.9993206,0.99936306,0.99923307,0.99934727,0.9993121,0.9993704,0.9994242,0.99932593,0.99930716,0.99928993,0.9993008,0.9992624,0.999329,0.9993256,0.99935687,0.99935603,0.9992463,0.99933535,0.9993322,0.9993413,0.99928886,0.99939746,0.99947417,0.99946415,0.9993973,0.999417,0.9994713,0.9993864,0.9993368,0.9992612,0.99930507,0.9993031,0.9993125,0.9992558,0.9994637,0.99935234,0.9992624,0.9993559,0.99917716,0.9993059,0.99929255,0.99943095,0.9992651,0.99938726,0.99933994,0.9993706,0.9993568,0.99945253,0.99913514,0.9993845,0.999378,0.99939585,0.9995541,0.99942297,0.99939764,0.99999774,0.9995851,0.99934417,0.9993411,0.9992075,0.9992942,0.9993298,0.9993117,0.99938893,0.99938524,0.999416,0.9992479,0.9993051,0.99928105,0.99937457,0.99928766,0.99936724,0.9994264,0.9994364,0.99939674,0.99940974,0.9993477,0.9992893,0.9993678,0.9990708,0.99930966,0.9994491,0.999446,0.99939203,0.9994465,0.9994135,0.9993336,0.99927104,0.9992849,0.99928,0.99934566,0.99946487,0.99934375,0.9993883,0.99926597,0.9993282,0.9993997,0.9993561,0.9992823,0.99936134,0.99925715,0.99938285,0.9993564,0.99928045,0.99937695,0.9993384,0.9993151,0.999316,0.99929774,0.9993122,0.99929506,0.99935603,0.99941057,0.9993208,0.9993303,0.99939305,0.9991036,0.99922436,0.9992415
ipip291,0.9997057,0.99951386,0.9995637,0.9994671,0.9996274,0.9995413,0.99973214,0.9995327,0.999669,0.99946654,0.99958587,0.9996425,0.9995873,0.99947643,0.99942356,0.99960595,0.9996314,0.99949926,0.99965924,0.99964446,0.9996075,0.99956733,0.9996431,0.9995999,0.99950695,0.9996216,0.99947655,0.99961853,0.99958575,0.9996283,0.99961,0.9997073,0.9995096,0.999667,0.9997564,0.99962854,0.999685,0.99975324,0.9996417,0.9997167,0.9994554,0.99961555,0.9995578,0.9995959,0.9994381,0.9995985,0.9995247,0.9994442,0.99967086,0.999498,0.99959344,0.99923277,0.9996042,0.99951726,0.99939644,0.99950594,0.99936587,0.99955726,0.999529,0.9996547,0.9997055,0.9995474,0.9996932,0.99954253,0.9995086,0.99948376,0.99971676,0.9997179,0.9996378,0.99959785,0.9997511,0.9996588,0.9993877,0.9996128,0.99952763,0.99911666,0.99948835,0.9996279,0.9996093,0.99966025,0.99955004,0.99974376,0.99950135,0.9997036,0.9996403,0.9997612,0.99971795,0.9995144,0.9994332,0.9996423,0.9995834,0.999724,0.9995986,0.999389,0.9992909,0.99932957,0.99970907,0.9995733,0.9993422,0.9993654,0.9995711,0.9996986,0.9996575,0.99960095,0.9996536,0.9993932,0.9996599,0.99943525,0.9996673,0.99977785,0.99980265,0.99954605,0.99956495,0.9996275,0.999745,0.9995805,0.9997257,0.9997301,0.9997527,0.99961174,0.999679,0.9995225,0.99963725,0.9996484,0.99965817,0.9995362,0.99958503,0.99964577,0.9995435,0.9994943,0.99971783,0.9992364,0.99946976,0.9994433,0.9997032,0.9996435,0.9995261,0.9996827,0.99977463,0.9997197,0.9997607,0.9996435,0.9994955,0.9996212,0.99964404,0.99939984,0.99966776,0.9996651,0.9995517,0.9996672,0.9997081,0.9996,0.9993927,0.99931496,0.99975646,0.9996342,0.9996225,0.9996461,0.9993503,0.9997502,0.9994222,0.99975234,0.99963576,0.999541,0.9997364,0.9994957,0.99968994,0.9995398,0.9996766,0.9995815,0.9997352,0.9994439,0.99975765,0.9996804,0.9996893,0.9997882,0.999646,0.99960554,0.9995444,0.99958074,0.9994576,0.99953157,0.9995362,0.9995751,0.99947363,0.99947363,0.9996651,0.9996653,0.9996704,0.9995104,0.9997112,0.9997945,0.9997983,0.999694,0.9997206,0.9998544,0.99970746,0.9997068,0.99950397,0.9995291,0.9996153,0.9996982,0.9994716,0.99979293,0.99959487,0.9995322,0.9997174,0.99930775,0.999541,0.99946827,0.99959594,0.9995679,0.9996983,0.9995606,0.9995466,0.9995182,0.9996569,0.9992136,0.9995787,0.9996924,0.99971306,0.9998074,0.9997391,0.99960274,0.9995851,0.999998,0.9997302,0.9996318,0.9992982,0.9995312,0.99961346,0.99958056,0.9996416,0.9996422,0.9997314,0.9994689,0.999634,0.9995905,0.999736,0.9995161,0.9996826,0.99957466,0.9998482,0.99958915,0.999671,0.99963945,0.9995046,0.9997459,0.9992079,0.99955606,0.99972826,0.9997319,0.99955726,0.9997308,0.99961364,0.99960184,0.99956673,0.9995982,0.99947596,0.99964154,0.99980545,0.99950725,0.9996166,0.99943376,0.9995857,0.9996692,0.9995885,0.9995834,0.99959344,0.99929357,0.9997545,0.9995806,0.99959666,0.9997033,0.99959284,0.99954647,0.99955887,0.99961585,0.9994196,0.9995822,0.99957454,0.9997299,0.99958414,0.999543,0.9996555,0.9992476,0.99921066,0.99944305
ipip26,0.99967134,0.99947226,0.99953777,0.999417,0.9995793,0.9994823,0.99975353,0.9995661,0.99968755,0.9994379,0.9994469,0.9995426,0.9995499,0.99942666,0.99936765,0.9995484,0.9996112,0.9995115,0.9996161,0.9995987,0.99956936,0.99953717,0.9996009,0.9996646,0.9994324,0.9995981,0.99945444,0.99963766,0.9995354,0.9995083,0.9996257,0.9996901,0.9994857,0.9996331,0.99971807,0.9995696,0.99973965,0.9997224,0.99960566,0.999677,0.99948627,0.9996013,0.99951005,0.99946105,0.9994189,0.99957705,0.9995026,0.9994122,0.9996108,0.9994756,0.9995798,0.9992671,0.99957293,0.99961144,0.9993022,0.99951285,0.9993077,0.9995045,0.9994681,0.9995922,0.9996528,0.9995055,0.99967045,0.999479,0.9994731,0.9994267,0.99971217,0.99965537,0.9995593,0.9995012,0.99969256,0.9996023,0.99933594,0.9995885,0.9994817,0.99908847,0.99945796,0.999578,0.9995623,0.9996097,0.99946105,0.99966127,0.9994052,0.9996198,0.9995899,0.99969184,0.9996726,0.99946165,0.99936473,0.99959713,0.99950045,0.99966186,0.9995399,0.9993534,0.99920744,0.99932003,0.99963415,0.99950975,0.9992617,0.9992837,0.9995485,0.9996248,0.9996139,0.99954075,0.9995719,0.9993873,0.9996324,0.9993761,0.99967444,0.9997292,0.9997287,0.9994705,0.99946177,0.99960256,0.9997705,0.99954593,0.99973714,0.9996711,0.99969614,0.99958,0.9996935,0.9995682,0.999641,0.9996439,0.9996209,0.9995172,0.999674,0.9996194,0.99940914,0.9994873,0.99965274,0.9992303,0.999428,0.9993796,0.9996375,0.9996031,0.9994723,0.9996424,0.99974835,0.9996714,0.99968296,0.9995745,0.9994513,0.99957824,0.99958926,0.9993746,0.9995914,0.9995968,0.9994989,0.9996206,0.99967176,0.9995547,0.9993371,0.9993103,0.9997737,0.99956083,0.99954146,0.9995913,0.99930644,0.9997898,0.9994028,0.99971026,0.9996265,0.999451,0.9996831,0.9993691,0.99969137,0.9994738,0.9996695,0.9995456,0.9996783,0.9994009,0.99973124,0.99963236,0.99963915,0.99966055,0.99978197,0.99968076,0.9996979,0.99983716,0.9995407,0.99953115,0.99958336,0.99956673,0.9994431,0.99950624,0.9998218,0.9998241,0.99983954,0.999558,0.9997734,0.9997305,0.99970907,0.99966264,0.9996796,0.9997427,0.99974453,0.99972486,0.9995374,0.99955404,0.99969876,0.99976087,0.9994898,0.9996992,0.9995902,0.999506,0.9998341,0.9993599,0.9995665,0.9995552,0.9995734,0.9996131,0.99968237,0.9995587,0.99952525,0.99948007,0.9996566,0.99917996,0.9995706,0.99966425,0.9996329,0.99965096,0.99972713,0.99956757,0.99934417,0.9997302,0.9999975,0.9997479,0.9993359,0.9994516,0.9997626,0.9996288,0.9996042,0.99960256,0.9997024,0.999558,0.99962544,0.9995482,0.9996993,0.9994929,0.99961746,0.99952865,0.9997354,0.9995078,0.9995758,0.9996408,0.999438,0.99968696,0.9991593,0.99951226,0.9996209,0.9996321,0.9994633,0.9996411,0.99952894,0.99970114,0.9996114,0.99957067,0.9994458,0.9995828,0.999721,0.99950874,0.9995908,0.99946177,0.99956286,0.9996127,0.99952686,0.99953973,0.9995288,0.9992065,0.99974066,0.99952984,0.9995686,0.99967706,0.99954176,0.99951845,0.9995063,0.9995494,0.99941176,0.9995566,0.9994739,0.99967515,0.99958426,0.99944717,0.99962544,0.99916905,0.99914104,0.99938613
ipip56,0.999571,0.99946785,0.99950254,0.99941003,0.9995153,0.99949074,0.9996541,0.9995633,0.99967784,0.9994346,0.9993926,0.99952555,0.99953645,0.99946064,0.9994237,0.99949676,0.9995936,0.9995106,0.99960464,0.99961036,0.99957544,0.9995508,0.9995649,0.99964947,0.9994593,0.99955624,0.9995281,0.99964046,0.99955904,0.9995351,0.9995905,0.9996676,0.99944514,0.9995754,0.9996359,0.9995326,0.99962646,0.99961317,0.99961215,0.99960154,0.9995353,0.99958277,0.9994955,0.99939716,0.9994491,0.99950165,0.99949193,0.999421,0.9995558,0.9995175,0.9995512,0.99935895,0.9995235,0.9996337,0.9994229,0.9995334,0.9992772,0.99956244,0.9994472,0.999593,0.99963963,0.99949515,0.99965936,0.99950075,0.9994937,0.99947363,0.99966943,0.9996488,0.99953914,0.99955595,0.99964046,0.9995883,0.9994078,0.9995719,0.99953604,0.9991776,0.99947673,0.9995674,0.99963653,0.9996708,0.99950343,0.99961025,0.9993719,0.99955434,0.9995551,0.999612,0.9996176,0.99954754,0.99939656,0.999563,0.999509,0.9995725,0.99955875,0.9994103,0.9993001,0.9993322,0.9995489,0.9995504,0.9993213,0.9993448,0.9995594,0.9996083,0.9996069,0.9995707,0.99959016,0.99952006,0.9995895,0.9994088,0.99970573,0.99966073,0.9996683,0.99946076,0.99948645,0.99957585,0.9996646,0.9995433,0.99965703,0.999609,0.9996312,0.9995709,0.999607,0.9995163,0.9996619,0.9996342,0.99954337,0.9995184,0.9997296,0.9996245,0.99950206,0.99947375,0.99963206,0.9993062,0.9995024,0.9994716,0.999591,0.9995838,0.9994689,0.9996594,0.99969155,0.9996126,0.9996396,0.9995725,0.9994569,0.9995524,0.9996316,0.99942696,0.99958336,0.99956924,0.9994983,0.9995914,0.9996883,0.9995755,0.99938744,0.9994369,0.9996527,0.99954987,0.9995413,0.99955493,0.9993714,0.9996764,0.99948406,0.9996487,0.99955165,0.99943376,0.9995948,0.99933606,0.99966776,0.9995158,0.999605,0.99950856,0.99960846,0.9994404,0.99961144,0.9995755,0.9996172,0.99956226,0.9996874,0.9996117,0.99964917,0.99978185,0.9996896,0.9996127,0.9995528,0.999664,0.99945724,0.9995274,0.9997166,0.99976027,0.99976397,0.99959844,0.9996949,0.9996919,0.9996497,0.9996462,0.99962026,0.99963546,0.99971575,0.99963516,0.99957854,0.9995429,0.999621,0.99968714,0.999574,0.9996445,0.9995998,0.99953324,0.99976975,0.9994221,0.9996271,0.999556,0.99960935,0.99957794,0.99963766,0.9996052,0.9996441,0.99950165,0.9996257,0.9992485,0.9995599,0.9996219,0.99958134,0.9996003,0.99968284,0.99958515,0.9993411,0.9996318,0.9997479,0.99999744,0.99954164,0.9994747,0.99989104,0.9996018,0.99963105,0.9995712,0.99967015,0.9995817,0.9995751,0.99953413,0.9996148,0.99956113,0.9995788,0.9995844,0.9996241,0.99950004,0.9996103,0.9996481,0.9994426,0.9996119,0.999237,0.99953806,0.9996183,0.9996131,0.999541,0.9996559,0.999576,0.9996923,0.99964416,0.9995745,0.9994849,0.9995787,0.9996759,0.9996022,0.99961245,0.99951833,0.99958974,0.9996081,0.99953705,0.99956524,0.999562,0.99927956,0.9996878,0.9995628,0.999545,0.99965096,0.99957633,0.9995322,0.99951416,0.999525,0.99952424,0.99955326,0.9995381,0.9996416,0.9996406,0.9994989,0.9996358,0.999207,0.9992376,0.9993658
ipip86,0.9992315,0.99932325,0.99920934,0.9992835,0.9992635,0.9993421,0.9993263,0.99934673,0.99944395,0.99932307,0.9991822,0.9992047,0.99931556,0.99924964,0.9992567,0.9992489,0.9993169,0.9993178,0.99933606,0.99931777,0.99933046,0.9993067,0.9993077,0.9994473,0.99922687,0.9992876,0.9993423,0.9993925,0.999295,0.99933517,0.9992867,0.99950284,0.99923265,0.999263,0.9992686,0.99921614,0.9993157,0.9992798,0.9993254,0.9992866,0.9992941,0.9993456,0.99930835,0.9990895,0.99947685,0.99929214,0.99927473,0.9991987,0.9992727,0.99924093,0.99925834,0.99933076,0.9992195,0.9993909,0.99933964,0.9993413,0.99905586,0.99941456,0.99931765,0.9994747,0.9993539,0.9992934,0.99936527,0.999282,0.99923986,0.9993201,0.9993669,0.99944776,0.99930346,0.99944645,0.99924225,0.9992969,0.9992541,0.9992194,0.9993007,0.99903595,0.99923104,0.9992668,0.9994273,0.9994299,0.9992627,0.9993159,0.99912107,0.99921805,0.9992529,0.9992306,0.99929804,0.9993582,0.99916697,0.99927,0.99919623,0.99925435,0.99923503,0.9991596,0.9991577,0.9991436,0.99918246,0.9994906,0.99920654,0.99924254,0.99929273,0.9993106,0.99930006,0.99927455,0.9993059,0.99950546,0.9993257,0.99923295,0.999491,0.99930334,0.9993057,0.9991499,0.9992289,0.99928564,0.9993335,0.9993081,0.99928665,0.99927276,0.99932575,0.99929553,0.9992802,0.9991909,0.99949974,0.9993756,0.99922705,0.99932486,0.9995476,0.9993479,0.99941593,0.99927646,0.99923944,0.9991348,0.9992646,0.9992905,0.99922085,0.9993383,0.99927706,0.99938387,0.9993032,0.9992568,0.99926496,0.9993552,0.9992831,0.9993123,0.9993306,0.9992156,0.9992935,0.9993275,0.9993609,0.9993301,0.99939257,0.99932545,0.99918497,0.99931437,0.9992775,0.9993059,0.9992897,0.9992568,0.99919134,0.99931324,0.9992202,0.9993295,0.99922985,0.99926734,0.9992284,0.9991067,0.9993008,0.9992667,0.99926656,0.9992591,0.99928004,0.9991854,0.9992191,0.99920946,0.99936974,0.999233,0.9994356,0.9993953,0.9994264,0.9994158,0.99941874,0.9994146,0.999341,0.9994157,0.99934506,0.99923134,0.99936223,0.99938244,0.9993951,0.99940884,0.9993688,0.99937826,0.99932444,0.9993856,0.999331,0.99930227,0.9994874,0.9993666,0.9993922,0.99939305,0.99932706,0.99947536,0.9996321,0.9993737,0.99948573,0.99935615,0.99940956,0.99943954,0.9995504,0.9994163,0.9994434,0.9992353,0.99936897,0.99937284,0.9994651,0.99940383,0.99935323,0.99931246,0.99933296,0.9992762,0.99927634,0.99929374,0.99937075,0.999436,0.9992075,0.9992982,0.9993359,0.99954164,0.9999996,0.99941397,0.99951696,0.9992957,0.99940157,0.99940413,0.99935985,0.99933785,0.99925137,0.9991856,0.9992865,0.9992776,0.9992661,0.9993678,0.9992515,0.9993455,0.999303,0.99942,0.99926406,0.99924475,0.99909234,0.9992488,0.9993849,0.9993733,0.9993571,0.9993872,0.99936515,0.9994356,0.99948144,0.99927825,0.99929065,0.9993726,0.9993631,0.99943256,0.9994194,0.9993571,0.9994174,0.9992825,0.99925596,0.99934036,0.9993088,0.99915665,0.99934506,0.99946237,0.9992316,0.99931675,0.99931437,0.9992715,0.9992417,0.9991888,0.9993858,0.9992955,0.999359,0.9993174,0.99942553,0.9993213,0.9993483,0.9991553,0.999123,0.99914587
ipip116,0.9993984,0.9993018,0.9993083,0.999252,0.9993656,0.99937934,0.9994415,0.99935794,0.999504,0.99926245,0.9993338,0.9994141,0.9993616,0.99930024,0.9993529,0.9993371,0.9994106,0.9993325,0.9994121,0.99942005,0.9994148,0.99936235,0.999433,0.9994722,0.99940085,0.9993606,0.999366,0.99943525,0.99939156,0.99939275,0.9994261,0.99967426,0.99933255,0.9994454,0.99945533,0.9994044,0.9993977,0.99943393,0.9994073,0.99947107,0.99928474,0.99939305,0.9993612,0.99928236,0.9992948,0.99936515,0.9993612,0.9993309,0.99938637,0.9993561,0.99936056,0.9990954,0.9993259,0.9993268,0.99936914,0.9993207,0.99915445,0.9994196,0.9993206,0.9996382,0.9994563,0.99932367,0.9994385,0.99944794,0.99944067,0.9993929,0.9994761,0.9995906,0.99947673,0.99952394,0.9994726,0.99944246,0.99927616,0.9993711,0.99935037,0.99903315,0.99930406,0.9993967,0.9994826,0.99951977,0.9994114,0.99948496,0.9992524,0.9994351,0.9994125,0.9994462,0.99946076,0.9993527,0.99928576,0.99940664,0.9993635,0.9994291,0.99939996,0.9991824,0.9991032,0.9991189,0.9994377,0.99948204,0.99918485,0.9992345,0.99934363,0.99945617,0.99941385,0.9994281,0.99944735,0.99945414,0.9994122,0.9994343,0.99957746,0.9995335,0.9994811,0.9993702,0.99942,0.99941134,0.99953854,0.99941707,0.99945843,0.9994619,0.99948806,0.999481,0.99944735,0.9992914,0.9994375,0.9994155,0.9993824,0.99941945,0.99941397,0.9993914,0.9994709,0.9992688,0.9994363,0.99911577,0.9993077,0.9993002,0.9994149,0.999431,0.99940145,0.99951124,0.99947053,0.9994765,0.9994814,0.9994525,0.9994149,0.99946374,0.9994368,0.9992718,0.9994557,0.9995041,0.9994297,0.999445,0.99949396,0.9994313,0.99925333,0.99927896,0.99946624,0.9994359,0.99944276,0.9993909,0.99918354,0.99947166,0.99926215,0.9994596,0.9993557,0.9994232,0.9994484,0.9992549,0.99943286,0.9994092,0.9994221,0.99933773,0.9994598,0.99925387,0.9994317,0.9994105,0.9995161,0.9994132,0.9994351,0.9994297,0.9994083,0.99941885,0.9993687,0.9993989,0.9993448,0.9994392,0.99932176,0.999277,0.99942887,0.99945086,0.999457,0.9993941,0.9994937,0.9994872,0.9994665,0.9995085,0.999473,0.9995004,0.99947304,0.9994476,0.9993752,0.9993981,0.99940413,0.9994764,0.9993897,0.9994653,0.9994294,0.999421,0.9994954,0.9992818,0.99950117,0.9993746,0.99941385,0.99937314,0.9994908,0.99940914,0.9994455,0.99947184,0.99941283,0.9992367,0.9993614,0.99941915,0.99947566,0.9994371,0.99947256,0.99952215,0.9992942,0.9995312,0.9994516,0.9994747,0.99941397,0.99999756,0.99946094,0.99934477,0.99952596,0.99949116,0.9994476,0.9993025,0.9994554,0.9993646,0.9994826,0.9993674,0.99939245,0.9993691,0.99947524,0.9994971,0.9994139,0.9995422,0.9993043,0.9994691,0.9990224,0.9993384,0.999534,0.9995302,0.99941015,0.99953634,0.9994462,0.9993729,0.99934965,0.9994136,0.99928397,0.9994962,0.9994752,0.9993807,0.99937177,0.9992376,0.9994662,0.9994353,0.9993872,0.9994825,0.99941695,0.99919325,0.99949145,0.999499,0.99940574,0.9994677,0.999446,0.99938667,0.99935955,0.9993986,0.99937385,0.9994075,0.99948645,0.999445,0.9995022,0.9994544,0.99941844,0.99914396,0.99903053,0.9992124
ipip146,0.9995564,0.9994524,0.9994767,0.9993855,0.99950385,0.99944663,0.99965197,0.9995673,0.9996613,0.99940956,0.99937797,0.9994934,0.9995367,0.9994342,0.9994108,0.99948,0.99955785,0.99949104,0.9995876,0.99955964,0.99956095,0.99952877,0.9995614,0.99963766,0.99945134,0.99953836,0.9995304,0.9996377,0.99951947,0.9995107,0.99956197,0.99965346,0.9994296,0.9995844,0.9996155,0.99951625,0.9996448,0.99960554,0.9996306,0.9996048,0.9995008,0.99957347,0.99947244,0.9993634,0.9994203,0.99950075,0.99949825,0.9993983,0.99953437,0.99949294,0.9995486,0.9993581,0.9995004,0.99963766,0.9993941,0.9995317,0.9992633,0.9995308,0.9994253,0.99957615,0.99959797,0.99946046,0.999615,0.99946374,0.99947095,0.99945116,0.99964607,0.99963117,0.9995259,0.9995255,0.9996041,0.99956924,0.9993625,0.9995428,0.99948555,0.99915195,0.99947256,0.99954796,0.99960285,0.99963194,0.9994734,0.9996034,0.9993752,0.9995349,0.99956214,0.9995905,0.9996056,0.9995465,0.9993609,0.99952763,0.9994691,0.99956584,0.9994935,0.99938667,0.99925935,0.9993321,0.9995238,0.9995421,0.9992961,0.9993132,0.9995765,0.9995672,0.9995651,0.999566,0.99954295,0.9995219,0.9995835,0.9993906,0.99969375,0.9996312,0.9996293,0.9994403,0.9994452,0.99954754,0.99968433,0.9995354,0.9996317,0.99959016,0.9996092,0.99955714,0.999605,0.9995025,0.99964327,0.9995911,0.99953806,0.999507,0.9997347,0.99958754,0.9994725,0.9994914,0.9996013,0.9993,0.9994508,0.99941194,0.9995698,0.99957246,0.9994472,0.99961936,0.99965644,0.999581,0.99959624,0.9995484,0.9994199,0.99952775,0.9995692,0.99939054,0.99955475,0.99956506,0.9994929,0.9995969,0.9996678,0.99955195,0.99937814,0.9993736,0.9996242,0.999533,0.99952847,0.9995374,0.99931115,0.9996572,0.99943644,0.99963564,0.9995443,0.9994057,0.9995657,0.9992928,0.9996423,0.99951905,0.99960655,0.99949163,0.99960697,0.9994105,0.9996028,0.9995518,0.9995951,0.99953836,0.9996728,0.9995925,0.99964875,0.99983764,0.99970144,0.9995553,0.9995627,0.99958366,0.9993993,0.99947065,0.9998017,0.99981487,0.9998322,0.99962497,0.99972236,0.99969876,0.99965817,0.99962133,0.9996133,0.9996124,0.99974364,0.999655,0.99959093,0.9995727,0.9997022,0.99970704,0.9995801,0.99964637,0.9996009,0.99951893,0.99976784,0.9993896,0.99962974,0.99954504,0.9995917,0.9995876,0.99962664,0.99956083,0.9996075,0.9994778,0.99964195,0.99927944,0.9995496,0.99961585,0.9995788,0.99957716,0.9996642,0.999583,0.9993298,0.99961346,0.9997626,0.99989104,0.99951696,0.99946094,0.99999774,0.99955904,0.9995927,0.99955803,0.99962616,0.99953914,0.99958986,0.999521,0.99961865,0.9995661,0.99957323,0.99955755,0.9996052,0.99950475,0.99960405,0.9996406,0.9994307,0.9996023,0.99921304,0.9995228,0.9996079,0.99961287,0.99952257,0.9996235,0.9995526,0.9997807,0.9996804,0.9995514,0.99947685,0.9995809,0.99970853,0.99961007,0.9996618,0.9995994,0.9996332,0.9995808,0.9995089,0.99954534,0.9995309,0.9992325,0.9996636,0.99955666,0.99951845,0.9996322,0.99954575,0.9995217,0.99950856,0.99952626,0.9994817,0.999529,0.9995094,0.9996149,0.9996486,0.9994721,0.99960685,0.99918175,0.9992235,0.99933636
ipip176,0.99955904,0.9994583,0.9994863,0.9993993,0.9995312,0.9994726,0.99956596,0.9994825,0.9995518,0.99939376,0.9993905,0.99956113,0.9995076,0.99939144,0.99935853,0.9994412,0.99962467,0.99946076,0.99952704,0.9995343,0.99954444,0.9995252,0.9995182,0.9995001,0.99939877,0.9995112,0.99945885,0.9995354,0.99947673,0.99945605,0.99954456,0.99956006,0.9993877,0.99952996,0.9995971,0.9994816,0.99954426,0.99956375,0.99952346,0.99957234,0.99942744,0.9994906,0.9994718,0.99942434,0.9994166,0.99952716,0.9994773,0.9993646,0.99955356,0.9994324,0.9994815,0.99926,0.9995501,0.9994518,0.9993112,0.99943775,0.9992857,0.99942946,0.9994491,0.99952155,0.9996466,0.99954146,0.99970984,0.9994884,0.99945354,0.9994236,0.9995795,0.9994977,0.99946743,0.9994274,0.9996115,0.999513,0.9993218,0.99955183,0.99949235,0.99901694,0.99937856,0.9994856,0.9995457,0.99958736,0.99944174,0.99962056,0.9993972,0.99957794,0.9995149,0.9995908,0.99953794,0.9994328,0.99937063,0.9994994,0.9994938,0.9995793,0.9995277,0.9993751,0.99929637,0.99929327,0.9995647,0.99946296,0.99925846,0.9992545,0.99949616,0.9995959,0.99955696,0.99949104,0.99956656,0.99933946,0.9994523,0.9992915,0.9995379,0.9995997,0.9996465,0.9994695,0.9995383,0.9995116,0.9995857,0.9994672,0.9995866,0.9995597,0.9996067,0.9994584,0.99957615,0.99948823,0.9996279,0.9996786,0.99954015,0.9994444,0.9995536,0.9995173,0.9993661,0.99942017,0.99954885,0.9992006,0.9994331,0.99940056,0.99952483,0.9995463,0.9994232,0.9995135,0.9996207,0.9996207,0.9996274,0.9995468,0.99944633,0.99952614,0.99958587,0.99935937,0.999549,0.9994983,0.9994095,0.9995397,0.9995772,0.9994961,0.99929833,0.99940205,0.9996729,0.99951977,0.999488,0.99954116,0.9993568,0.99961686,0.99941444,0.99961376,0.99952984,0.9994116,0.99960274,0.9993255,0.9995747,0.999407,0.99958086,0.9995394,0.9995785,0.99945873,0.9995907,0.99951804,0.9995357,0.9995876,0.99951893,0.99949807,0.9994602,0.9995826,0.99940217,0.99951655,0.9996214,0.999596,0.9993606,0.9995866,0.9995812,0.9995848,0.999588,0.9994473,0.99957573,0.999625,0.9996317,0.9996009,0.9997625,0.9996196,0.99956924,0.9995234,0.9994256,0.99943405,0.9994917,0.999569,0.99940324,0.99962115,0.99958324,0.999474,0.9996106,0.999241,0.99945664,0.9994119,0.99949205,0.99943787,0.99959546,0.9996506,0.9995599,0.9995215,0.9994664,0.9990893,0.9994399,0.9994915,0.9995195,0.99954104,0.9996568,0.9995313,0.9993117,0.99958056,0.9996288,0.9996018,0.9992957,0.99934477,0.99955904,0.99999744,0.9996514,0.99956006,0.9997232,0.9998377,0.99951357,0.99945605,0.9995373,0.9994345,0.99947906,0.9994681,0.9996065,0.99942404,0.99953264,0.99950653,0.9994195,0.99956846,0.9991994,0.9994819,0.9995332,0.99954575,0.99940234,0.99953973,0.99946904,0.9995305,0.9994937,0.9994786,0.999412,0.9995062,0.99962914,0.9995015,0.99948645,0.9993843,0.9994364,0.99957335,0.9994509,0.99944013,0.99946404,0.99923754,0.999605,0.9994215,0.99950457,0.99953747,0.99951696,0.9994948,0.9994511,0.9994929,0.9995056,0.9994737,0.9994428,0.99957484,0.999492,0.9994142,0.9995306,0.9991658,0.9991202,0.99936604
ipip206,0.9996088,0.9994836,0.9995235,0.99943995,0.9995798,0.99952734,0.9996161,0.9995179,0.99960804,0.99943584,0.9994691,0.99960995,0.99954414,0.99946904,0.99956393,0.99948657,0.9996072,0.99947053,0.99960375,0.9995917,0.999591,0.99960816,0.9996261,0.9995664,0.99954194,0.9995454,0.99947023,0.9995806,0.999531,0.999513,0.9995854,0.9997158,0.9994187,0.99963313,0.99964607,0.99960476,0.9995546,0.99962837,0.9995675,0.99962556,0.9994131,0.99954635,0.999559,0.9994326,0.99947363,0.99957407,0.99957776,0.99958223,0.9996135,0.9994701,0.99953514,0.9992422,0.99957466,0.999482,0.9994263,0.99948335,0.9993434,0.9994866,0.9995138,0.9996904,0.9997612,0.9996309,0.99978894,0.99957454,0.99959385,0.99961764,0.9996436,0.9996282,0.9995909,0.99951977,0.99969214,0.99962294,0.99938256,0.99959123,0.9995601,0.9990478,0.9994277,0.9995224,0.99961025,0.99965644,0.9995689,0.99966633,0.9994559,0.9996353,0.99957055,0.9996749,0.9996047,0.9995214,0.9994517,0.99958414,0.99954945,0.9996557,0.99962366,0.99941224,0.99937975,0.99933887,0.9996461,0.99951607,0.99932605,0.9993453,0.9995386,0.99962944,0.99961936,0.9995797,0.9996599,0.9994231,0.9995302,0.99942577,0.9996618,0.9996626,0.99970764,0.99951196,0.9995537,0.9995319,0.9996402,0.9995526,0.9996106,0.999661,0.99962664,0.9995518,0.9996214,0.99947643,0.9996446,0.99968475,0.9995646,0.9994959,0.9995433,0.9995652,0.9994749,0.999404,0.9996742,0.99929774,0.9994988,0.99948096,0.9996079,0.9995978,0.9994954,0.9995949,0.99967253,0.99964416,0.9996983,0.99963284,0.99959815,0.9996174,0.99967486,0.9993648,0.9995961,0.9995966,0.9994618,0.9995535,0.99962586,0.99953604,0.9994354,0.9996182,0.9997121,0.9996051,0.99959844,0.99960464,0.999341,0.9996508,0.99947006,0.9996794,0.9995678,0.9995488,0.9996773,0.9994015,0.9996291,0.99957025,0.9996137,0.99953157,0.9996489,0.99945706,0.99961305,0.9995897,0.9995983,0.9995888,0.9995674,0.99952453,0.99952894,0.9995393,0.9994615,0.9995203,0.99951166,0.99958605,0.9993961,0.99960715,0.99956536,0.9995761,0.9995717,0.9994686,0.9995942,0.99961585,0.9996101,0.9996159,0.999654,0.9996609,0.9995898,0.9995898,0.99944276,0.9995333,0.999556,0.9995954,0.99944085,0.9996125,0.99962443,0.9995239,0.9996411,0.9993089,0.9995453,0.99943316,0.99952674,0.9994728,0.9996087,0.999716,0.999646,0.9996466,0.9995368,0.9991517,0.99949396,0.999564,0.99964505,0.99959123,0.99969405,0.9996975,0.99938893,0.9996416,0.9996042,0.99963105,0.99940157,0.99952596,0.9995927,0.9996514,0.99999803,0.999705,0.9997662,0.99958813,0.9996357,0.99958456,0.99964136,0.999515,0.99957913,0.99954253,0.99964255,0.99953485,0.9995439,0.99963564,0.99950355,0.9996791,0.9992181,0.99957734,0.9996465,0.99965173,0.9995015,0.9996404,0.99956805,0.99956787,0.99951273,0.99959826,0.9994939,0.9996137,0.99961996,0.9994789,0.9994962,0.9993624,0.9994752,0.99963135,0.9995691,0.9995931,0.9995926,0.9993345,0.9996726,0.99951655,0.9995661,0.9996231,0.9995908,0.99977237,0.9996401,0.9996497,0.99979585,0.99961877,0.999586,0.9996661,0.999661,0.99955434,0.9996694,0.9992338,0.9992001,0.9994228
ipip236,0.9996033,0.9995159,0.9995122,0.99945253,0.9995924,0.99957275,0.99960977,0.9994968,0.99960643,0.9994498,0.99945027,0.99958235,0.9995441,0.9994656,0.9997756,0.9995127,0.9995732,0.99950856,0.99959755,0.99955326,0.9995678,0.9995576,0.99960583,0.99959165,0.9995529,0.99952966,0.9994672,0.9995656,0.9995157,0.99949825,0.9995449,0.99964726,0.9994169,0.99961334,0.99960256,0.99956894,0.9995543,0.99960965,0.9995782,0.9996312,0.99937075,0.999526,0.99953616,0.9993942,0.9994931,0.9995836,0.9995517,0.9996756,0.99957556,0.9994403,0.9995474,0.9992623,0.99952126,0.99947727,0.9993986,0.99943733,0.99936074,0.9995216,0.9995118,0.99961025,0.99968123,0.9995677,0.9996705,0.9996229,0.9995134,0.99982226,0.99959207,0.9996255,0.9996078,0.99952567,0.999669,0.9996135,0.99938995,0.9995528,0.99953294,0.9990746,0.9994085,0.99951303,0.99956477,0.99961054,0.9995891,0.9996521,0.99944925,0.9996102,0.99958044,0.99962527,0.9995862,0.9995024,0.99944186,0.9995558,0.9995102,0.9996283,0.9995461,0.99930596,0.99931943,0.9992597,0.9996003,0.99950844,0.9993581,0.99932414,0.999512,0.999625,0.9995812,0.99957067,0.999618,0.9994113,0.999534,0.9994414,0.999624,0.9996128,0.99967283,0.9994919,0.9995382,0.999475,0.99958843,0.99951833,0.9995769,0.99962157,0.99959797,0.99950004,0.9995939,0.9994384,0.9996451,0.9996274,0.99957126,0.99946713,0.99952453,0.99955255,0.9994884,0.9994211,0.9996144,0.99926716,0.99945784,0.9994532,0.9995766,0.99959075,0.99952894,0.9995481,0.99963486,0.999634,0.99967057,0.99961954,0.99951446,0.9996,0.99963427,0.9993409,0.99960417,0.999625,0.99944234,0.99954647,0.99960274,0.9995084,0.99942225,0.99944276,0.99965906,0.9995929,0.9995857,0.9995705,0.99932945,0.9996254,0.99939954,0.9996377,0.9995272,0.9995012,0.99962574,0.9993556,0.9995793,0.9995815,0.9995837,0.9995363,0.99965775,0.99944186,0.99960834,0.9995773,0.999564,0.99957246,0.99957657,0.9995506,0.9995351,0.9995268,0.9994286,0.9994685,0.9995109,0.99951977,0.99940026,0.99946725,0.99955755,0.99956477,0.99956834,0.9994626,0.9995973,0.9996041,0.99959105,0.9995829,0.99966204,0.9996457,0.9996192,0.9996159,0.9994613,0.9995529,0.99954396,0.9996259,0.9994651,0.9996154,0.99965125,0.9995536,0.9996123,0.99934,0.9995431,0.9994299,0.9995597,0.9994443,0.9995825,0.99961376,0.9995313,0.9996166,0.999541,0.9992416,0.999506,0.9995744,0.99964994,0.9995706,0.9996313,0.99969083,0.99938524,0.9996422,0.99960256,0.9995712,0.99940413,0.99949116,0.99955803,0.99956006,0.999705,0.9999967,0.9996692,0.9994879,0.99959415,0.9994938,0.9996302,0.9994687,0.99954796,0.99952507,0.99962115,0.9995317,0.99948466,0.9995999,0.9995326,0.99966395,0.99919504,0.9995393,0.9996414,0.99964553,0.99948305,0.9996353,0.99954814,0.9995327,0.99951315,0.99956524,0.99944794,0.99965614,0.9996004,0.99945176,0.9995082,0.9993432,0.99949366,0.99957144,0.9995279,0.9995654,0.99955964,0.9993809,0.9996417,0.9995291,0.9995392,0.99958056,0.99960685,0.99955124,0.99951005,0.9995991,0.9995608,0.99954826,0.9995343,0.9995989,0.99958026,0.9995132,0.99954414,0.9992705,0.999198,0.99939764
ipip266,0.9996926,0.9995534,0.99958175,0.99949175,0.999646,0.999568,0.99970734,0.99957633,0.9996618,0.9994832,0.99950814,0.9996352,0.9996061,0.9995083,0.99948424,0.9995673,0.99964577,0.9995127,0.99965966,0.99968827,0.99963385,0.99963754,0.9996379,0.9995863,0.99950624,0.9996187,0.9995222,0.9996186,0.99959874,0.9995599,0.9996464,0.9996809,0.9994644,0.9996458,0.9997405,0.99959534,0.9996312,0.9997068,0.9996418,0.9996776,0.999446,0.99958634,0.99955535,0.99953204,0.9994894,0.9996343,0.999569,0.99949074,0.99968874,0.9995026,0.99960047,0.99931073,0.9996429,0.9995738,0.999385,0.999515,0.999376,0.9995175,0.9995463,0.99964386,0.9997917,0.9996276,0.9997979,0.9995735,0.99957323,0.9995238,0.99971443,0.9996419,0.9995929,0.999554,0.99971515,0.9996216,0.9993699,0.99962175,0.99956334,0.9990852,0.99944866,0.99958056,0.99961317,0.9996692,0.9995462,0.99973804,0.999488,0.9996787,0.9996251,0.99974304,0.99968636,0.9995397,0.99945253,0.9996364,0.9996016,0.9996923,0.9996636,0.99948055,0.99937665,0.99937814,0.99968606,0.999562,0.999332,0.99935585,0.9996092,0.9996952,0.9996746,0.9995756,0.9996905,0.9993958,0.9995987,0.99940044,0.99966365,0.99974996,0.9998013,0.99954724,0.9996082,0.9995932,0.9997021,0.99955744,0.9996899,0.9996842,0.99969596,0.9995805,0.99971235,0.9995899,0.99967176,0.999731,0.9996528,0.99951535,0.99959165,0.99962497,0.9994721,0.9994896,0.9996756,0.9992626,0.999492,0.9994921,0.99965215,0.9996156,0.99948573,0.99962246,0.9997369,0.99970114,0.9997517,0.999649,0.99956113,0.99964803,0.9996874,0.9994211,0.9996442,0.99960876,0.99947953,0.9996306,0.999658,0.9995653,0.9993928,0.99943674,0.99979395,0.9995911,0.9995792,0.9996268,0.99941194,0.9997401,0.9994545,0.99972236,0.999603,0.99955577,0.9997299,0.9994229,0.99966884,0.99952316,0.99970746,0.9996368,0.9997104,0.9995136,0.99971807,0.9996518,0.9996564,0.9997059,0.9996196,0.9995877,0.99955875,0.99960756,0.9994935,0.9995963,0.9995781,0.99964774,0.99945766,0.99968004,0.9996573,0.9996776,0.9996761,0.9995057,0.99966747,0.9997225,0.99972343,0.9996942,0.9997211,0.9997565,0.99967325,0.9996623,0.9995043,0.9995379,0.9996165,0.9996635,0.9994783,0.9997432,0.99962777,0.99955696,0.99973506,0.9993017,0.99955153,0.9994684,0.9995563,0.99954486,0.9997019,0.99968785,0.9996173,0.99959075,0.9995846,0.99915594,0.99955076,0.9996195,0.9996575,0.9996836,0.99982363,0.9996557,0.999416,0.9997314,0.9997024,0.99967015,0.99935985,0.9994476,0.99962616,0.9997232,0.9997662,0.9996692,0.9999961,0.999608,0.99963534,0.99958694,0.9996766,0.99949926,0.99963975,0.99956435,0.9997605,0.99953187,0.99961627,0.9996188,0.9995188,0.9997036,0.9992641,0.9995722,0.9996552,0.9996655,0.9995078,0.9996586,0.9995755,0.99963295,0.99958694,0.9996,0.99950993,0.99960846,0.99972564,0.9995588,0.9995835,0.99945486,0.99951166,0.99967164,0.9995675,0.9995604,0.99959564,0.99928766,0.9997427,0.9995345,0.99958193,0.9996633,0.9995996,0.9996177,0.99956954,0.9996157,0.99956983,0.9995791,0.99953353,0.99970186,0.9995975,0.99950653,0.9996695,0.999238,0.9991955,0.9994729
ipip296,0.99944437,0.9993947,0.99940014,0.99933624,0.9994256,0.9994082,0.99947137,0.9994463,0.99953705,0.99933743,0.9993284,0.9994303,0.99944496,0.999335,0.99930865,0.999346,0.9995067,0.99942195,0.9994435,0.99946666,0.9994806,0.99947506,0.9994553,0.9994973,0.9993599,0.9994273,0.9994714,0.99948865,0.9994011,0.999387,0.9995034,0.9995208,0.9993092,0.9994653,0.99949133,0.99942034,0.99948573,0.9994731,0.99944896,0.9994734,0.9993879,0.99942935,0.99941677,0.99931705,0.9993874,0.9994362,0.99943465,0.9993181,0.9994604,0.9993665,0.9994052,0.99929774,0.99945855,0.99940675,0.9993478,0.9994363,0.9992035,0.9994135,0.99936426,0.9994672,0.9995443,0.9994633,0.9996166,0.9994416,0.9993945,0.99936897,0.9995168,0.99941725,0.9993982,0.9993756,0.9995109,0.99945927,0.999312,0.99949867,0.99943584,0.99902195,0.9993335,0.999399,0.9995683,0.9995872,0.9993737,0.99950397,0.9993049,0.99946195,0.9994235,0.9994708,0.99942505,0.99938405,0.99931586,0.99940175,0.9994,0.9994577,0.9994258,0.99930644,0.99924445,0.9992579,0.999443,0.99946976,0.9992135,0.99923,0.9994214,0.9995414,0.99947083,0.9994157,0.99946743,0.9993253,0.9993659,0.9992377,0.9994929,0.99949193,0.9995269,0.99937284,0.9994122,0.9994492,0.9995068,0.9994148,0.9994986,0.99948394,0.9995085,0.9994352,0.99949473,0.9994335,0.9995862,0.999605,0.9994592,0.99942976,0.9995566,0.999446,0.99939144,0.9993462,0.9994823,0.99922055,0.99940604,0.9993759,0.9994426,0.9994754,0.9993678,0.9994736,0.9995234,0.99954116,0.9994987,0.99947643,0.9993989,0.99945533,0.99950695,0.99931437,0.9994411,0.9994404,0.99937254,0.99944997,0.99955046,0.99947435,0.9992816,0.99938035,0.99956113,0.9994676,0.9994364,0.9994874,0.9993028,0.9995118,0.9994177,0.9995388,0.9994766,0.9993609,0.9994969,0.99929243,0.99951184,0.9993748,0.9994907,0.99946874,0.9994741,0.9994024,0.9994797,0.9994433,0.9995218,0.9994973,0.99946463,0.9994325,0.99947864,0.99956137,0.9993826,0.999537,0.9996719,0.999617,0.99935263,0.9995374,0.99953204,0.9995366,0.99954224,0.99951226,0.99950063,0.99957365,0.99956036,0.9995913,0.9996478,0.99952704,0.99951977,0.99942654,0.99944556,0.99940884,0.9994532,0.999499,0.99939007,0.9995357,0.9995357,0.9994774,0.99958146,0.9992626,0.99944514,0.9994232,0.999479,0.9993434,0.99957156,0.9996795,0.9996191,0.9995,0.9994096,0.999102,0.9993843,0.99940926,0.9994291,0.99946004,0.99957055,0.99952346,0.9992479,0.9994689,0.999558,0.9995817,0.99933785,0.9993025,0.99953914,0.9998377,0.99958813,0.9994879,0.999608,0.9999969,0.9994587,0.99941033,0.99945784,0.99940324,0.9994006,0.99942863,0.99949116,0.9993804,0.9994812,0.9994589,0.99934506,0.9994604,0.9992054,0.9994268,0.999468,0.9994816,0.99938923,0.99948305,0.99944085,0.999496,0.99945676,0.99945176,0.9993708,0.999435,0.9995587,0.9995341,0.9994831,0.99939287,0.9994054,0.9994918,0.9994047,0.99942607,0.9994249,0.9991937,0.9995082,0.99937886,0.9994771,0.99945664,0.99949586,0.99945915,0.99941707,0.99942464,0.99946064,0.9994214,0.9994549,0.9995104,0.99946994,0.99942493,0.999489,0.999133,0.99908674,0.999291
ipip3,0.9995812,0.9994972,0.9994649,0.99942136,0.9995823,0.9994801,0.9996169,0.9995344,0.9996206,0.99941975,0.9994277,0.99954295,0.9995167,0.9994421,0.9994362,0.9994449,0.99955064,0.9994749,0.99957275,0.9995541,0.9995468,0.9995669,0.9995894,0.99960387,0.99971193,0.999517,0.99945486,0.9995431,0.99950254,0.999472,0.99957055,0.9995824,0.99936736,0.99984825,0.99961317,0.99957687,0.99953777,0.99960977,0.9995452,0.999695,0.9993593,0.99948776,0.99956995,0.999398,0.9994499,0.9995864,0.9997466,0.9995155,0.99961215,0.9994498,0.9995428,0.99923885,0.9995315,0.9995013,0.99936193,0.9994565,0.9993267,0.9994469,0.9994245,0.99954474,0.9996332,0.9995196,0.9996345,0.99957675,0.9995686,0.999488,0.9996135,0.99956566,0.9996793,0.9994735,0.99965936,0.99958825,0.9993603,0.9995671,0.9995095,0.9990247,0.999453,0.9995494,0.99953896,0.9995834,0.9995028,0.999667,0.9994121,0.9996231,0.99960834,0.99962693,0.99958867,0.9994461,0.9993786,0.9995506,0.9994866,0.99963355,0.99954665,0.9993534,0.99924815,0.99932474,0.999596,0.99949664,0.99924517,0.9993387,0.9994754,0.9996114,0.99956405,0.9995613,0.99961287,0.9993402,0.9995385,0.99942696,0.9996534,0.9996188,0.99963343,0.99949765,0.9995065,0.99949616,0.9996424,0.9995531,0.9996012,0.99964,0.9996175,0.9995593,0.99963456,0.9994774,0.99957806,0.9995897,0.9995451,0.99946535,0.9995205,0.99951977,0.9994514,0.9993982,0.99965155,0.9992955,0.99946064,0.9994092,0.999608,0.9995502,0.9994811,0.99953735,0.9996337,0.9996397,0.99964845,0.9995806,0.99943936,0.9995885,0.99959666,0.9992993,0.9996101,0.9997017,0.99939615,0.9995769,0.999654,0.99956965,0.9994577,0.99935263,0.9997049,0.99955606,0.9995733,0.9996186,0.999272,0.99966115,0.9994347,0.99965924,0.99956656,0.99948925,0.9996326,0.9993202,0.999598,0.99974257,0.9996449,0.9994837,0.9996463,0.99944884,0.99962646,0.9996062,0.9996042,0.99956995,0.99957156,0.99953264,0.99954283,0.9995442,0.9994505,0.9994388,0.99952704,0.99950486,0.999309,0.9994516,0.9996043,0.9996097,0.9996064,0.9995248,0.999623,0.9996042,0.9995931,0.99959916,0.9996461,0.99963516,0.9996284,0.9995821,0.9994784,0.99969757,0.99967813,0.99960214,0.9994761,0.9996058,0.9995544,0.99954754,0.99966407,0.9992697,0.9994762,0.99943155,0.9994917,0.9994795,0.99960047,0.99955696,0.9994961,0.999524,0.99954015,0.99912703,0.9994632,0.99957556,0.99962914,0.99954915,0.9996206,0.999652,0.9993051,0.999634,0.99962544,0.9995751,0.99925137,0.9994554,0.99958986,0.99951357,0.9996357,0.99959415,0.99963534,0.9994587,0.9999962,0.99962914,0.9997145,0.9995254,0.99964905,0.9995392,0.9996784,0.9996926,0.99953204,0.999757,0.9995077,0.9996689,0.9991551,0.9995521,0.99960726,0.99961865,0.99945104,0.9996023,0.99951375,0.99964577,0.9995443,0.9996071,0.9994694,0.99959475,0.9996137,0.99945056,0.99952424,0.9994084,0.9994419,0.9995899,0.9995412,0.9996217,0.9995374,0.9992187,0.9996262,0.99946135,0.99961287,0.9995908,0.9995854,0.9995593,0.99953645,0.99985164,0.9994695,0.9995917,0.9995328,0.99959606,0.9996485,0.9994943,0.99954516,0.9992263,0.9991717,0.99937475
ipip33,0.9995057,0.999432,0.9994354,0.9993938,0.9995505,0.9994579,0.9995473,0.9994762,0.99953747,0.9993989,0.99939144,0.99949443,0.99949473,0.9993923,0.9993795,0.99941736,0.9994818,0.999425,0.9995082,0.99951315,0.9995051,0.99949175,0.9996282,0.999488,0.99942225,0.9994546,0.99941975,0.9994906,0.99943876,0.999435,0.9994666,0.99954134,0.9993445,0.9995488,0.9995576,0.9996955,0.99948865,0.9995558,0.9994876,0.99954426,0.99938923,0.99950194,0.9994747,0.9994033,0.99936295,0.9995202,0.99949557,0.9993934,0.99954814,0.9994202,0.9994993,0.9992209,0.99955255,0.99943835,0.9993507,0.99951065,0.9993194,0.99942005,0.9994397,0.99951744,0.9995596,0.9994618,0.99957585,0.9994394,0.99947417,0.999399,0.99954605,0.99950284,0.9994741,0.9994267,0.9996734,0.9996362,0.9993388,0.99963146,0.9994503,0.99901813,0.99938357,0.99948084,0.9995197,0.9995445,0.9994424,0.9995486,0.9993285,0.9995218,0.9995511,0.9995691,0.9994974,0.99939704,0.99934036,0.99950063,0.99949396,0.99952704,0.9995205,0.9993634,0.9992232,0.9992497,0.99956703,0.9994154,0.9992113,0.99929106,0.9994206,0.99949384,0.99951065,0.99946254,0.99954575,0.99933106,0.99946654,0.999353,0.9995269,0.9995594,0.9996087,0.99943274,0.99947494,0.99948645,0.9996089,0.99964017,0.99955434,0.9996493,0.99955386,0.9995473,0.99954134,0.9994383,0.9995331,0.99953747,0.99951,0.99938065,0.99947834,0.999519,0.99941635,0.99932,0.9997194,0.99926454,0.99953187,0.9993926,0.9996788,0.9995844,0.9994233,0.9995536,0.9996074,0.9996034,0.9995755,0.99950546,0.9994016,0.9995249,0.99954915,0.9992888,0.999513,0.99950933,0.9994197,0.99949193,0.9995189,0.9994875,0.9994144,0.9992692,0.9995914,0.99962765,0.9996198,0.99968636,0.999286,0.9995494,0.9995487,0.99974424,0.9996152,0.9994819,0.9996351,0.9993922,0.9996063,0.99949944,0.9996265,0.9994877,0.99964917,0.9994156,0.99957216,0.99955547,0.9994997,0.9995579,0.9995051,0.9994983,0.99948096,0.99945617,0.9993904,0.9993896,0.999428,0.99947107,0.9993227,0.99944454,0.9995053,0.9995062,0.9995052,0.9994181,0.9995297,0.99954426,0.9995453,0.99949425,0.99953073,0.99956894,0.9995403,0.9995289,0.9994196,0.99945706,0.9995255,0.99951273,0.99940926,0.99956024,0.9995064,0.9994393,0.999548,0.99921626,0.99944925,0.9993888,0.99946415,0.99942404,0.99949443,0.99954027,0.99950343,0.9994394,0.9994831,0.9991042,0.99942064,0.9995593,0.99967474,0.9995392,0.99956805,0.99951327,0.99928105,0.9995905,0.9995482,0.99953413,0.9991856,0.9993646,0.999521,0.99945605,0.99958456,0.9994938,0.99958694,0.99941033,0.99962914,0.9999977,0.999757,0.9996556,0.9996986,0.9995223,0.9996235,0.9994566,0.9995564,0.999572,0.9995064,0.9996877,0.9992332,0.99970055,0.9995957,0.9996061,0.99950576,0.9995987,0.99958116,0.99953204,0.9994502,0.999592,0.9995245,0.99951714,0.99956894,0.99938303,0.99947023,0.9993764,0.9994429,0.99965286,0.99966705,0.99958575,0.9996267,0.9992875,0.9996142,0.9994693,0.99953675,0.9996053,0.9995483,0.99965394,0.9996942,0.999534,0.99939835,0.99966294,0.9995492,0.9996421,0.9995703,0.99950933,0.9996071,0.9991923,0.9992361,0.9993748
ipip63,0.99965006,0.9995029,0.99953073,0.9994564,0.999641,0.9995354,0.99968404,0.999525,0.99965364,0.9994534,0.999501,0.99958456,0.999572,0.999454,0.9994355,0.99953485,0.9995768,0.99951875,0.9996181,0.9995979,0.99960566,0.99955016,0.99979514,0.9996102,0.99950546,0.9995874,0.9994732,0.9995938,0.9995286,0.9995274,0.999578,0.99967694,0.9994906,0.999641,0.99968535,0.99977016,0.99962777,0.99969,0.9995873,0.99968404,0.9994706,0.9996166,0.999566,0.9994813,0.99945676,0.9996455,0.9995715,0.9994656,0.9996474,0.99948716,0.9996036,0.9992579,0.99962574,0.9995222,0.99938786,0.9995528,0.99936175,0.9995376,0.9994862,0.99962115,0.99966824,0.9995667,0.99966127,0.9995307,0.99954814,0.9995048,0.99965876,0.9996317,0.9995723,0.99950564,0.9997951,0.9997801,0.99938667,0.9997109,0.99952966,0.9990965,0.9994697,0.99957895,0.99958575,0.9996275,0.9995422,0.999685,0.99943346,0.9996558,0.99965894,0.9996871,0.999635,0.999473,0.9994112,0.99959725,0.99954873,0.99968135,0.99957687,0.99938023,0.9992816,0.99931616,0.99964964,0.9995068,0.99930155,0.99931854,0.99952215,0.9996385,0.99961615,0.99957687,0.99963206,0.9994135,0.99961966,0.9994267,0.99964285,0.9997098,0.99972665,0.9995173,0.9995287,0.9995683,0.9997014,0.99970084,0.99966687,0.99969983,0.9996774,0.9996188,0.9996723,0.9995154,0.99963635,0.9996273,0.99963737,0.99946964,0.99959195,0.9996022,0.9995017,0.99943864,0.999807,0.9993157,0.9995967,0.99945676,0.99979043,0.9997172,0.99954545,0.9996543,0.9997318,0.9997007,0.9996908,0.99963653,0.9994863,0.99962777,0.99961334,0.9993686,0.99963385,0.99961597,0.9995302,0.9996061,0.9996788,0.9996059,0.99947906,0.9993513,0.9997124,0.9997473,0.9997483,0.9997568,0.99931127,0.9996906,0.9995618,0.99981844,0.9996118,0.99954665,0.9997013,0.99941933,0.99970084,0.9995806,0.9996749,0.9995768,0.99980974,0.99947435,0.9997102,0.9996648,0.9996032,0.9996839,0.9996597,0.99958897,0.9995839,0.9995847,0.9995006,0.9994539,0.9995502,0.9995042,0.99939215,0.99947023,0.9996308,0.99964035,0.9996326,0.99953294,0.9996649,0.99967825,0.9996735,0.99960905,0.9996599,0.9997336,0.9996993,0.99969786,0.9995157,0.9995462,0.99961054,0.9996517,0.9994784,0.9996913,0.99961394,0.99956924,0.9996945,0.9992945,0.99955046,0.99947524,0.9995613,0.99954313,0.9996222,0.999579,0.9995146,0.99952275,0.9996385,0.99918836,0.99953485,0.99965125,0.99986774,0.99964595,0.99966675,0.9996115,0.99937457,0.999736,0.9996993,0.9996148,0.9992865,0.9994826,0.99961865,0.9995373,0.99964136,0.9996302,0.9996766,0.99945784,0.9997145,0.999757,0.99999845,0.99977595,0.99975437,0.99964,0.9998232,0.99954975,0.9996592,0.9996729,0.9995751,0.99982786,0.9992334,0.99971765,0.99970263,0.9997166,0.99957186,0.9997131,0.99962586,0.9996205,0.9995543,0.9996817,0.99958026,0.9996364,0.9996891,0.99943763,0.9995534,0.9993994,0.99953485,0.9996955,0.99974686,0.9996651,0.9997256,0.99934024,0.99974537,0.99958295,0.99962085,0.9996919,0.99960333,0.9997165,0.9997337,0.99961513,0.9994508,0.9997636,0.99957365,0.9996961,0.99959856,0.9995426,0.9996255,0.99921155,0.9992398,0.99941045
ipip93,0.99943876,0.99937326,0.9993798,0.99933004,0.9994534,0.9994195,0.9994678,0.999413,0.99951303,0.999338,0.99933034,0.9994653,0.9994806,0.9993767,0.9994045,0.9994116,0.99946964,0.9994224,0.99950236,0.9994489,0.9994838,0.9994398,0.9996492,0.99947953,0.9993908,0.9994372,0.9993953,0.9994915,0.9994353,0.99944603,0.99943966,0.99949783,0.9993196,0.9994626,0.99948376,0.99962723,0.99944264,0.999464,0.9994967,0.9994865,0.99940807,0.9994858,0.99944633,0.99931645,0.9993597,0.9994708,0.9994434,0.999346,0.99946725,0.99943626,0.9994301,0.99923104,0.9994623,0.99941427,0.99935615,0.9994722,0.99923515,0.99948394,0.9993958,0.999466,0.9995065,0.9994394,0.99950653,0.9994081,0.9994479,0.9994559,0.9994822,0.9994597,0.9994238,0.99940115,0.99962157,0.99969083,0.99935704,0.9995766,0.99946773,0.9991129,0.99939066,0.99946624,0.99949974,0.99952483,0.9994491,0.99951106,0.99929845,0.9994473,0.99952805,0.9994883,0.9994573,0.99944663,0.9993341,0.9994314,0.99947244,0.9994706,0.9994322,0.99936,0.99923164,0.99923784,0.9994393,0.99941736,0.9992718,0.999295,0.9994314,0.99948376,0.9994905,0.99949026,0.9995121,0.99947006,0.99946475,0.9993816,0.99953324,0.9995047,0.9995361,0.9994162,0.99944484,0.99951625,0.9995341,0.9996564,0.9995171,0.99953467,0.9995175,0.99952245,0.9995031,0.9994184,0.99952877,0.99949586,0.9994334,0.99940974,0.99952334,0.9994803,0.99943864,0.9993452,0.9996238,0.99928945,0.9995808,0.99941546,0.9995776,0.9996653,0.9994865,0.9995074,0.999545,0.99955356,0.9995042,0.9995098,0.9993982,0.99950457,0.99951303,0.99933463,0.9995134,0.9994697,0.9994621,0.99946916,0.99952173,0.9995035,0.9994344,0.9992926,0.9994995,0.99970424,0.9997146,0.99964243,0.9992836,0.9994814,0.99957615,0.99969065,0.99944955,0.9994518,0.9995369,0.99928415,0.9995249,0.99946755,0.99948543,0.9994379,0.999571,0.9993898,0.9994842,0.9994838,0.99947023,0.99948454,0.99951017,0.99944085,0.99944824,0.999499,0.9995985,0.99941087,0.9994335,0.9994569,0.9993181,0.9993945,0.9994962,0.99950635,0.99951214,0.99948883,0.99952984,0.99953914,0.99953365,0.99947643,0.99951565,0.9995144,0.99955887,0.9994804,0.99947107,0.9994165,0.9994374,0.9994504,0.99941206,0.99952126,0.9995165,0.99943966,0.9995296,0.99926233,0.99949175,0.9994166,0.9994781,0.9994356,0.9994601,0.99952453,0.9994633,0.99942845,0.9995116,0.9991648,0.9994241,0.99952334,0.99968106,0.9994927,0.9995102,0.99948424,0.99928766,0.9995161,0.9994929,0.99956113,0.9992776,0.9993674,0.9995661,0.9994345,0.999515,0.9994687,0.99949926,0.99940324,0.9995254,0.9996556,0.99977595,0.9999984,0.99962735,0.99963856,0.999568,0.99942404,0.9997223,0.99953437,0.9994595,0.9996245,0.9992156,0.99963737,0.9995466,0.999553,0.99950343,0.9995536,0.9995205,0.9994907,0.99942315,0.9995259,0.9995804,0.9995412,0.99955887,0.99941164,0.999457,0.99932504,0.9994589,0.99957657,0.9996988,0.9995573,0.99968374,0.99936694,0.99953485,0.99946576,0.9994945,0.9995155,0.9995052,0.99967146,0.99966955,0.99943626,0.99939287,0.999721,0.99949414,0.9995434,0.99951017,0.99945503,0.999526,0.99913865,0.9991981,0.9992825
ipip123,0.9995911,0.99948865,0.99950105,0.999424,0.9995927,0.99947405,0.9996233,0.99952567,0.9995814,0.9994449,0.99946916,0.99957085,0.9995764,0.9995318,0.9994062,0.99955857,0.9995624,0.99951124,0.9996514,0.9996093,0.9995339,0.99955523,0.9995973,0.99954534,0.9994425,0.9995722,0.99947125,0.9995472,0.9995476,0.99954903,0.9995175,0.9995551,0.9993727,0.9995977,0.9996588,0.99961054,0.9996005,0.9996663,0.9995898,0.99965364,0.99937594,0.99951935,0.9994968,0.99946535,0.999433,0.99955887,0.9995316,0.99941355,0.99967706,0.9995074,0.99955195,0.9992717,0.99954695,0.99954057,0.99936,0.9994793,0.999357,0.9995325,0.999478,0.9995224,0.99963564,0.99953574,0.99961543,0.99949133,0.99947923,0.9994148,0.99962187,0.99953896,0.9995144,0.99947906,0.99965125,0.99962205,0.99932915,0.99957025,0.9995238,0.9990649,0.9994695,0.99956393,0.9995174,0.99956,0.9994968,0.9996427,0.99942803,0.99960566,0.9996726,0.99966055,0.9996348,0.9995,0.99941444,0.9995983,0.9995305,0.9995904,0.99954003,0.9994221,0.999286,0.9993347,0.99958843,0.99945456,0.99930155,0.99935955,0.9994988,0.9995492,0.99957657,0.99952906,0.9996685,0.9993537,0.99960846,0.9993367,0.9995739,0.9996637,0.9996823,0.99951565,0.9995559,0.9995446,0.99966544,0.9996082,0.9996153,0.999677,0.9996429,0.999549,0.99958485,0.9994629,0.99956226,0.9995838,0.99956244,0.9994105,0.9995149,0.9995756,0.9994324,0.99942183,0.99964005,0.9992757,0.9995084,0.9994834,0.99961567,0.99960303,0.9994615,0.99952614,0.99965906,0.9996237,0.9996414,0.9995578,0.9994529,0.9995631,0.9996029,0.99935454,0.9995883,0.99954844,0.9994235,0.99963397,0.9995727,0.99949557,0.9994705,0.999313,0.99963963,0.99960375,0.9996185,0.999631,0.9993565,0.9996211,0.99949443,0.9997449,0.9995829,0.9994807,0.99966943,0.99936306,0.9995847,0.9994969,0.9996456,0.9995499,0.9996373,0.9994266,0.9996527,0.99963796,0.9995317,0.9996245,0.9996022,0.9995659,0.99951255,0.9995099,0.9995603,0.9994051,0.99946165,0.99946827,0.99937975,0.99942225,0.9995771,0.9995753,0.9995726,0.99947965,0.9996275,0.9995982,0.99959975,0.9995275,0.99960566,0.9996443,0.9996115,0.9996077,0.9994688,0.99951124,0.9995633,0.99958056,0.99944746,0.99962544,0.999532,0.9994641,0.9996077,0.99929315,0.9994636,0.99943316,0.999502,0.9995052,0.99953717,0.99951005,0.99947405,0.99947554,0.9995944,0.99919647,0.99953777,0.9996496,0.9996709,0.99967986,0.99965656,0.9995979,0.99936724,0.9996826,0.99961746,0.9995788,0.9992661,0.99939245,0.99957323,0.99947906,0.99957913,0.99954796,0.99963975,0.9994006,0.99964905,0.9996986,0.99975437,0.99962735,0.9999968,0.9996165,0.99970466,0.9995011,0.9995963,0.99959147,0.9995198,0.999673,0.9992065,0.9995994,0.999592,0.999596,0.9994842,0.99959177,0.99954903,0.9996406,0.99952716,0.99957395,0.99956346,0.9995775,0.99962604,0.99944514,0.99954206,0.99940914,0.9994759,0.99960345,0.9995885,0.99955785,0.99958307,0.9992623,0.99962467,0.999451,0.99956906,0.9995933,0.9995572,0.9995712,0.9995705,0.9995531,0.9994081,0.9996255,0.99950016,0.9996517,0.9995274,0.9994712,0.99959457,0.9992024,0.999236,0.9993948
ipip153,0.9994997,0.99946094,0.99946254,0.99940723,0.9995067,0.9994706,0.99953926,0.99950314,0.9995522,0.9994155,0.99938035,0.999507,0.99950767,0.9994391,0.99938244,0.99942577,0.99952984,0.99948174,0.99957,0.99952143,0.9995139,0.9995279,0.99957496,0.99955934,0.99942845,0.9995363,0.9994484,0.9995231,0.99950224,0.99955744,0.99943376,0.9995106,0.999311,0.9995,0.9995627,0.9994815,0.9995291,0.9995476,0.9995344,0.99955744,0.99935526,0.9995207,0.9994881,0.9993709,0.9994217,0.99952507,0.99948996,0.999427,0.99955416,0.9994506,0.99949783,0.9993242,0.99950254,0.99948627,0.9993427,0.9994525,0.99928105,0.99954176,0.99944705,0.9994693,0.9996055,0.999484,0.999591,0.9994506,0.9994831,0.99945027,0.99958754,0.9995314,0.9994899,0.9994963,0.9995638,0.9996142,0.9993467,0.99951285,0.9995515,0.9991373,0.99943656,0.9995223,0.9994831,0.9995097,0.9994855,0.999581,0.99942017,0.99952245,0.99960434,0.9995375,0.99952984,0.99945104,0.9993798,0.99951476,0.9994535,0.9995854,0.99949825,0.99935704,0.99929816,0.99934053,0.9994708,0.9994532,0.99929357,0.9994432,0.9994764,0.9995201,0.9995497,0.9995056,0.99959743,0.9994018,0.99960256,0.9993192,0.99956816,0.999596,0.9995924,0.99949926,0.99948895,0.9995567,0.99958634,0.9995549,0.99954677,0.99956316,0.9996018,0.99953365,0.99953365,0.9994398,0.999563,0.99954736,0.9995083,0.9993896,0.99955076,0.9995428,0.9994111,0.9994098,0.9995374,0.99937636,0.9994978,0.9995052,0.99949723,0.9995619,0.9994247,0.9994896,0.9995734,0.9995575,0.99955827,0.9995671,0.99943304,0.9995301,0.999593,0.9993709,0.9995488,0.999518,0.9994331,0.99955815,0.9995604,0.99951,0.99951816,0.9993474,0.999575,0.99959207,0.9996153,0.9995647,0.9993539,0.99957037,0.9994478,0.9996109,0.9994666,0.99942154,0.9995286,0.9993011,0.99950933,0.9994862,0.99952024,0.9994705,0.99955195,0.9994582,0.99954045,0.9995264,0.9994581,0.99954444,0.9996235,0.99950385,0.99948823,0.99949616,0.9995238,0.9994216,0.999523,0.9994649,0.99944574,0.9994249,0.99950874,0.99951756,0.99952006,0.999504,0.9995493,0.9995505,0.9995373,0.9994754,0.99955547,0.9995746,0.99960726,0.99952793,0.9994893,0.99949473,0.9994972,0.9995183,0.9994917,0.9995659,0.9995369,0.999463,0.9995413,0.9993027,0.9994877,0.9994392,0.9994891,0.9994382,0.9994767,0.9995004,0.99947006,0.99947053,0.99954665,0.9992451,0.99954456,0.9995579,0.9995651,0.999543,0.99954426,0.9995215,0.9994264,0.99957466,0.99952865,0.9995844,0.9993678,0.9993691,0.99955755,0.9994681,0.99954253,0.99952507,0.99956435,0.99942863,0.9995392,0.9995223,0.99964,0.99963856,0.9996165,0.9999981,0.99960124,0.999441,0.9995826,0.99957055,0.99948424,0.9995704,0.99924934,0.99955976,0.9995383,0.99953824,0.99948347,0.99953675,0.99951977,0.99956393,0.9994962,0.9995553,0.99969715,0.9996176,0.99956185,0.9994217,0.9995257,0.99939543,0.9994363,0.99953,0.9995767,0.99954224,0.9995811,0.9992861,0.99955356,0.9994518,0.9994874,0.9994999,0.99952275,0.99956685,0.9995442,0.99947685,0.99940336,0.999747,0.9994657,0.99959356,0.9995452,0.9994419,0.9995461,0.99920326,0.99926865,0.99935883
ipip183,0.9997115,0.9995242,0.9995721,0.999477,0.9996452,0.9995552,0.99974823,0.9995507,0.99966615,0.9994698,0.99954164,0.99960697,0.9995815,0.999463,0.9993842,0.99957293,0.9996137,0.9995062,0.9996355,0.99966925,0.9995931,0.9995732,0.9996316,0.99959916,0.99948305,0.99963635,0.99949735,0.9996039,0.9995694,0.99958885,0.999611,0.9996887,0.9994953,0.999658,0.99976426,0.9996173,0.9996726,0.9997493,0.9996081,0.99971294,0.999452,0.99961966,0.9995559,0.99965113,0.99943674,0.99962586,0.99953103,0.99944127,0.9996713,0.99947214,0.999624,0.99924004,0.99962777,0.9995433,0.9993658,0.99951464,0.99936163,0.99954253,0.99951637,0.9996356,0.9997106,0.9995554,0.9997207,0.999532,0.99950874,0.99945074,0.99971175,0.9996891,0.9996214,0.99955064,0.999749,0.9996463,0.9993339,0.9996186,0.9995079,0.99908215,0.99945766,0.99960405,0.99958116,0.99964225,0.9995189,0.99974144,0.9994675,0.9997178,0.99966973,0.99975485,0.9996997,0.9994869,0.9994166,0.99964213,0.9995497,0.9997275,0.9996019,0.999374,0.9992861,0.99930984,0.999702,0.9995392,0.9993221,0.9993307,0.9995494,0.9996845,0.9996381,0.999587,0.9996665,0.99937,0.99965024,0.9993813,0.99964744,0.99978656,0.99981195,0.99956363,0.99953634,0.9995872,0.9997209,0.9995555,0.99970406,0.9997034,0.999742,0.9996024,0.99969393,0.99954045,0.9996411,0.9996621,0.9996638,0.99950457,0.99960417,0.9996573,0.9994974,0.9994828,0.9997064,0.99925125,0.9994614,0.99943453,0.99969363,0.9996606,0.9995171,0.99966115,0.99979454,0.9997409,0.9997546,0.99962795,0.9994785,0.99962276,0.9996333,0.99939805,0.99966395,0.9996652,0.9995146,0.999658,0.9997078,0.9995852,0.999389,0.999327,0.99978125,0.9996197,0.999603,0.99965405,0.9993471,0.99977094,0.9994196,0.99974805,0.9996176,0.999489,0.9997384,0.99945587,0.99971616,0.99951667,0.9997025,0.9996037,0.99973786,0.9994459,0.99979633,0.9996916,0.9996762,0.99987423,0.99966645,0.9996142,0.9995506,0.9995859,0.9994524,0.9995134,0.9995743,0.99956733,0.99944407,0.99949914,0.99966663,0.99967927,0.99967307,0.99952435,0.9996966,0.9998164,0.9998553,0.9996844,0.9997169,0.99987614,0.9997394,0.9997162,0.99951786,0.9995231,0.99963564,0.9996942,0.9994629,0.9998765,0.9995823,0.99951565,0.9997227,0.9992542,0.99952596,0.9994594,0.9995661,0.9995804,0.9996925,0.99955946,0.99953717,0.9995014,0.9996339,0.9991529,0.9995445,0.9996507,0.9997166,0.9997745,0.9997456,0.99959266,0.9994364,0.9998482,0.9997354,0.9996241,0.9992515,0.99947524,0.9996052,0.9996065,0.99964255,0.99962115,0.9997605,0.99949116,0.9996784,0.9996235,0.9998232,0.999568,0.99970466,0.99960124,0.99999744,0.99956,0.9997903,0.99966675,0.99950886,0.9997662,0.9992149,0.999574,0.99969524,0.99970835,0.99953383,0.99970305,0.9996064,0.99963135,0.9995859,0.9995918,0.9994829,0.9996169,0.99986035,0.9994988,0.99964494,0.9994669,0.99953926,0.9996834,0.99957675,0.99956846,0.9995687,0.9992402,0.99976194,0.99953735,0.9995929,0.9996939,0.9995723,0.99955857,0.99955904,0.9996233,0.9994095,0.9996268,0.99955386,0.9997493,0.9995889,0.9995165,0.9996712,0.99922454,0.9991934,0.99943316
ipip213,0.99946755,0.9994581,0.99940723,0.9993748,0.9994873,0.9994252,0.9995276,0.99943066,0.9995475,0.99939674,0.9994085,0.9994737,0.9994512,0.9993983,0.9994447,0.9993786,0.9994606,0.99943286,0.99949014,0.99946356,0.9994707,0.9994512,0.9994894,0.99949086,0.99956375,0.99945337,0.99946713,0.99949056,0.9994466,0.99951226,0.9994643,0.9995987,0.9993484,0.9996097,0.9994836,0.9994679,0.99944067,0.99950033,0.99947166,0.9995641,0.9993726,0.9994986,0.99950886,0.99934673,0.99944496,0.9994838,0.99957633,0.9994292,0.9994855,0.9993886,0.9994415,0.9992619,0.9994417,0.99944127,0.9994904,0.999444,0.9992655,0.9994844,0.9993727,0.9995732,0.99953175,0.9994717,0.9995211,0.999484,0.99946725,0.999466,0.9995149,0.99959743,0.99964386,0.999575,0.9995253,0.99949414,0.9993189,0.9994549,0.99947834,0.9990848,0.9993886,0.99946415,0.9995957,0.9996266,0.99945056,0.99954104,0.9993339,0.999496,0.9995014,0.99949735,0.99949783,0.9994465,0.9994187,0.9994825,0.99942034,0.9995024,0.99944544,0.9992539,0.99927294,0.9992277,0.9994704,0.99961555,0.9993058,0.99937457,0.99941015,0.99948204,0.9994854,0.99947757,0.9995523,0.99943477,0.9994589,0.99938846,0.99959904,0.99948907,0.9995337,0.9994037,0.9994434,0.99944764,0.99952793,0.999473,0.9994831,0.99955213,0.99955636,0.999457,0.9995248,0.99938864,0.9995127,0.9995126,0.9994329,0.99944836,0.99948233,0.9994913,0.9995944,0.99932253,0.999505,0.9992352,0.99939674,0.99938005,0.99947286,0.999502,0.9993997,0.9995722,0.9995393,0.9995091,0.99950993,0.999496,0.9994162,0.9994979,0.99949676,0.99928004,0.9995149,0.99965084,0.99952406,0.99950135,0.9995192,0.9994706,0.9994303,0.9993186,0.9995522,0.9994901,0.9995049,0.99949145,0.99923015,0.9995496,0.9993542,0.9995389,0.999431,0.9994235,0.99949944,0.99933916,0.99952865,0.9995439,0.9995019,0.99940276,0.99949414,0.9993541,0.99947685,0.9994705,0.999627,0.99950606,0.99945295,0.999459,0.9994685,0.99946654,0.9993811,0.99949914,0.99943846,0.9995502,0.9993866,0.99937266,0.9995009,0.9995085,0.9995041,0.9994753,0.9995473,0.99959105,0.99954385,0.99960667,0.9995269,0.99955964,0.9995186,0.9995198,0.9994284,0.9996196,0.99950504,0.9994834,0.9994739,0.99953437,0.99948347,0.9994571,0.99956524,0.9993247,0.99951196,0.99941087,0.99951535,0.999386,0.9996048,0.99949676,0.9995687,0.9994669,0.9994679,0.99924845,0.99945974,0.9994907,0.99951035,0.9995156,0.9995389,0.9995741,0.99939674,0.99958915,0.9995078,0.99950004,0.9993455,0.9994971,0.99950475,0.99942404,0.99953485,0.9995317,0.99953187,0.9993804,0.9996926,0.9994566,0.99954975,0.99942404,0.9995011,0.999441,0.99956,0.99999785,0.9994891,0.999693,0.9994409,0.99952096,0.99917275,0.9994487,0.9997286,0.9997317,0.9996126,0.99970424,0.999664,0.9995219,0.9994433,0.9994587,0.9993873,0.9995172,0.99957764,0.9995405,0.9995305,0.99942267,0.9995167,0.9995098,0.9994422,0.99949384,0.9994707,0.9992878,0.9995534,0.9995696,0.99948657,0.9995452,0.99951655,0.99945223,0.9994328,0.99960303,0.9994205,0.99946284,0.9996045,0.99953634,0.99959457,0.9995636,0.9995069,0.999279,0.9991797,0.99931735
ipip243,0.9995285,0.9994341,0.99945307,0.99938035,0.9994842,0.9994705,0.9995603,0.9994808,0.9995552,0.9993763,0.9994427,0.99949276,0.9995094,0.99939203,0.99937004,0.9994663,0.99951005,0.99942356,0.99952924,0.9995552,0.9994909,0.99947524,0.9995247,0.99948615,0.99939156,0.9995133,0.99945134,0.9995142,0.9995011,0.9995441,0.99951524,0.9995619,0.9993795,0.99949914,0.9995779,0.9995105,0.9995233,0.9995499,0.9995425,0.99953496,0.9994284,0.9995248,0.9994478,0.999559,0.9993766,0.99948186,0.9994314,0.99934953,0.9995163,0.99942863,0.99948496,0.9992664,0.99948204,0.99947006,0.9993715,0.99947613,0.9992519,0.9995381,0.99943346,0.9995316,0.9995649,0.9994579,0.9995792,0.9994281,0.99943006,0.9994113,0.9995713,0.99955386,0.9995021,0.99949616,0.9995715,0.99954534,0.99928284,0.9995053,0.99943656,0.9991685,0.99941474,0.9995117,0.99954236,0.9995689,0.9994298,0.99958616,0.9993562,0.9995245,0.9995446,0.9995662,0.99955046,0.99948406,0.999342,0.99948907,0.9994773,0.99953425,0.9994823,0.99937093,0.99926054,0.99924916,0.99951357,0.9995002,0.9992896,0.999321,0.9994903,0.99955636,0.99951994,0.99952406,0.9995599,0.99946547,0.9995237,0.99932253,0.9995746,0.99959844,0.99965227,0.99946165,0.99946064,0.9995461,0.99957484,0.9994998,0.99957067,0.9995496,0.99960625,0.99954605,0.99956477,0.999488,0.99956614,0.99954706,0.9994913,0.9994798,0.9995911,0.9995705,0.99947536,0.99939364,0.9995738,0.99927,0.99944335,0.99939764,0.9995429,0.9995738,0.9994301,0.9995536,0.9996261,0.9995836,0.99957067,0.99951,0.99942285,0.999499,0.9995301,0.99939895,0.99954414,0.99954784,0.9994929,0.99954313,0.999583,0.9995155,0.9993738,0.9993081,0.9995824,0.99953884,0.9995341,0.9995267,0.99930567,0.99957883,0.99942654,0.9996171,0.9994808,0.99939203,0.99956083,0.99938995,0.99956995,0.9994381,0.9995465,0.9995102,0.9995597,0.99938405,0.99960357,0.9995225,0.9995948,0.9997418,0.9995463,0.9994999,0.9994687,0.9995571,0.9995766,0.99953866,0.9995121,0.99958336,0.9994289,0.9994593,0.999586,0.9995947,0.9995985,0.9995302,0.9996076,0.99978226,0.99981916,0.99961036,0.99958706,0.9997179,0.99963474,0.999527,0.9995181,0.99943674,0.9995114,0.99952817,0.9994484,0.999794,0.9995067,0.99942535,0.99959874,0.9992677,0.9995185,0.99944663,0.999514,0.99951684,0.9995901,0.99952847,0.99953926,0.99944264,0.9995467,0.9991906,0.9994477,0.99953014,0.9995725,0.9996904,0.9996329,0.9994962,0.99940974,0.999671,0.9995758,0.9996103,0.999303,0.9994139,0.99960405,0.99953264,0.9995439,0.99948466,0.99961627,0.9994812,0.99953204,0.9995564,0.9996592,0.9997223,0.9995963,0.9995826,0.9997903,0.9994891,0.99999815,0.9995698,0.99941206,0.99957496,0.9992418,0.99950486,0.99957526,0.99958074,0.99952066,0.9995814,0.99955404,0.99953604,0.99948573,0.99946004,0.99946755,0.9995119,0.99982655,0.9995464,0.9996297,0.9994772,0.99951226,0.99956536,0.9995183,0.9994577,0.99951243,0.99922967,0.999581,0.9994589,0.999483,0.9995486,0.99948424,0.9995002,0.99951065,0.99947053,0.9993883,0.99956375,0.999499,0.9996318,0.99954104,0.9994591,0.99959886,0.9991863,0.99920857,0.9993305
ipip273,0.9995794,0.9994891,0.9994892,0.99942005,0.99955356,0.99948114,0.99964774,0.9995523,0.9996518,0.99943274,0.9994215,0.99952215,0.9995232,0.9994313,0.99945885,0.9994548,0.9995502,0.9994995,0.9995635,0.9995668,0.9995409,0.9995698,0.9995798,0.99961686,0.99956244,0.9995371,0.9995101,0.9995695,0.9994986,0.9995018,0.99953395,0.99966156,0.99939513,0.99965334,0.99960244,0.9995285,0.9995442,0.9996073,0.9995389,0.99963164,0.9994281,0.9995867,0.9995243,0.9993942,0.9994635,0.9995496,0.9995887,0.999473,0.999555,0.9994495,0.99953324,0.99929154,0.99951917,0.99955153,0.99942195,0.99950105,0.99932224,0.99950886,0.9994535,0.99960756,0.9996087,0.99949855,0.9996133,0.9995144,0.9995238,0.9995126,0.99965644,0.99967325,0.9996278,0.99959433,0.9996358,0.9995752,0.9993791,0.9995515,0.99950063,0.9991544,0.9994291,0.9995365,0.99958265,0.9996217,0.9995224,0.99962,0.9993845,0.9995689,0.99956214,0.99959123,0.9995727,0.99948275,0.9993849,0.9995598,0.9994546,0.9995722,0.9995358,0.99932975,0.99923676,0.99930453,0.99955195,0.99956185,0.99926805,0.9993537,0.99947935,0.99956346,0.9995694,0.99952054,0.9995816,0.9995321,0.9995214,0.9994683,0.99977624,0.99962884,0.9996326,0.99946743,0.9994781,0.99953884,0.99962556,0.9995271,0.9995968,0.9995782,0.9996291,0.9995353,0.9996134,0.99948823,0.9996087,0.9995984,0.99952996,0.99953365,0.999608,0.99957824,0.99952465,0.9994335,0.99959993,0.9992647,0.9994491,0.99943966,0.99957,0.9995653,0.99947333,0.99959165,0.9996422,0.99961376,0.99960387,0.9995968,0.99948937,0.99959606,0.9995785,0.99933916,0.9995859,0.99965256,0.99949604,0.9995712,0.99961096,0.99951744,0.99937207,0.9993939,0.9996492,0.9995482,0.9995563,0.99955994,0.9992994,0.9996746,0.99940324,0.9996267,0.99950385,0.9994765,0.99959797,0.9993355,0.99961376,0.9995898,0.99959445,0.99946487,0.9995909,0.99940974,0.9995889,0.9995636,0.9996131,0.9995712,0.9996206,0.9995576,0.9995828,0.9995753,0.99949294,0.9995064,0.9994925,0.99955195,0.9993991,0.9994808,0.99960715,0.9996172,0.99961364,0.99951303,0.99962616,0.99961895,0.9995957,0.9996013,0.9996025,0.99962574,0.99963516,0.9996128,0.99950016,0.9996229,0.9996042,0.9995974,0.9995151,0.9996121,0.99957114,0.9995054,0.99967253,0.99934226,0.99965096,0.9995125,0.9995588,0.99952906,0.99960977,0.9995837,0.9995739,0.999521,0.9995568,0.99920297,0.999494,0.999546,0.9995886,0.99955326,0.9996492,0.99962395,0.9993477,0.99963945,0.9996408,0.9996481,0.99942,0.9995422,0.9996406,0.99950653,0.99963564,0.9995999,0.9996188,0.9994589,0.999757,0.999572,0.9996729,0.99953437,0.99959147,0.99957055,0.99966675,0.999693,0.9995698,0.99999756,0.99947536,0.9996173,0.9992356,0.99953115,0.99964666,0.9996462,0.9995254,0.9996374,0.999586,0.99963623,0.99957657,0.9995641,0.9994827,0.99962944,0.9996399,0.99951774,0.9995908,0.9994572,0.9995345,0.9995855,0.9995353,0.9995875,0.99954855,0.9992869,0.9996616,0.9995556,0.99954003,0.9996487,0.99958,0.9995651,0.99953216,0.9996306,0.99948335,0.9996271,0.99958986,0.99961245,0.99982244,0.9995406,0.9996188,0.9992489,0.9992038,0.99938446
ipip8,0.99954134,0.99963784,0.999509,0.9995966,0.9997973,0.9995839,0.99953204,0.99947256,0.99954784,0.99960244,0.9994066,0.99952984,0.9994663,0.99937737,0.9994121,0.99937373,0.99946415,0.9994537,0.9994987,0.99948055,0.999494,0.9995055,0.99958146,0.99952656,0.9994478,0.9994535,0.99946344,0.9994686,0.9994155,0.9994473,0.9993937,0.9994722,0.9993115,0.9994815,0.9995112,0.9995507,0.9994336,0.9994884,0.9994342,0.9995258,0.9993319,0.99945927,0.99951154,0.9993305,0.9995679,0.9996075,0.99953467,0.9994522,0.9995324,0.99938303,0.99956256,0.999284,0.9996265,0.99940777,0.99938184,0.99944556,0.99952275,0.99946225,0.99959064,0.9994938,0.9995451,0.9994904,0.9995172,0.99953747,0.9994081,0.9994455,0.99947137,0.999464,0.9994609,0.9994687,0.9995913,0.99953586,0.99934053,0.9995528,0.99946225,0.9989962,0.999326,0.9994239,0.99949,0.9995229,0.99949795,0.9995484,0.9993558,0.999535,0.99954414,0.9995023,0.9994637,0.9993761,0.9993471,0.99947494,0.9994321,0.99953955,0.9994541,0.9992634,0.9992424,0.9992637,0.9995419,0.9994048,0.9992187,0.99930227,0.99937546,0.9994696,0.99945265,0.99945307,0.99952835,0.99930876,0.9994067,0.9993008,0.99947196,0.9994952,0.999554,0.9994462,0.9995105,0.999374,0.99948347,0.99949586,0.99945873,0.9994996,0.99949795,0.99942136,0.99949026,0.9993474,0.99953854,0.9995144,0.99946964,0.99933636,0.99945223,0.99946374,0.99943686,0.99929374,0.9995767,0.999231,0.9995117,0.9994295,0.9995492,0.999548,0.9994102,0.9994767,0.99953544,0.9995398,0.9995315,0.99951977,0.99938357,0.99954796,0.99950725,0.9992558,0.9994925,0.9994792,0.99938613,0.9994844,0.99947,0.9994268,0.9993633,0.99923545,0.9995201,0.99953115,0.9995398,0.99954855,0.99926025,0.9994817,0.99945956,0.99957323,0.9994234,0.999426,0.99953884,0.9992974,0.9995322,0.99944633,0.99951917,0.99941206,0.9995927,0.99939644,0.99948907,0.9994519,0.99943453,0.99946636,0.99947685,0.9995182,0.9994499,0.99939203,0.99933094,0.99934727,0.99938244,0.9994096,0.99931735,0.9993463,0.99943024,0.9994349,0.9994436,0.99935913,0.99944985,0.9994858,0.9994823,0.99944615,0.99949044,0.9995248,0.9994847,0.9994947,0.9993536,0.9995107,0.9994179,0.99947816,0.99944615,0.99949837,0.9995251,0.99944866,0.99947417,0.9992977,0.99943733,0.9993856,0.99947053,0.99932766,0.9994621,0.99946016,0.99945015,0.9994617,0.99941784,0.99909556,0.99937236,0.9994558,0.99959666,0.9994596,0.99947506,0.99949306,0.9992893,0.9995046,0.999438,0.9994426,0.99926406,0.9993043,0.9994307,0.9994195,0.99950355,0.9995326,0.9995188,0.99934506,0.9995077,0.9995064,0.9995751,0.9994595,0.9995198,0.99948424,0.99950886,0.9994409,0.99941206,0.99947536,0.9999976,0.9996253,0.99923813,0.9996419,0.99961823,0.9995937,0.9995129,0.99956876,0.9995346,0.99947214,0.9994425,0.9996182,0.99945825,0.9995328,0.9994966,0.9993614,0.99942064,0.9992845,0.9994263,0.9995739,0.99953675,0.99954945,0.99952686,0.99932855,0.9995536,0.9995144,0.9994739,0.99950933,0.99954766,0.99951404,0.99952185,0.9994873,0.9993381,0.99955744,0.99951035,0.99954665,0.9994851,0.99947554,0.9994796,0.99946946,0.99941945,0.9995422
ipip38,0.9997052,0.99952835,0.9995793,0.9994969,0.99968547,0.9995787,0.99973124,0.9995248,0.9996624,0.99948883,0.9994996,0.99964577,0.9995684,0.9994701,0.9994615,0.9995382,0.999613,0.9995002,0.999635,0.99962264,0.9996341,0.9995649,0.99976385,0.9996236,0.99954647,0.99959534,0.99950147,0.99961424,0.9995455,0.9995442,0.9996056,0.99968773,0.9994792,0.99966955,0.99972445,0.99977374,0.9996425,0.9997266,0.99960726,0.99970806,0.9994626,0.9996368,0.9995884,0.99948215,0.999448,0.99965423,0.999576,0.9995213,0.99963397,0.9994794,0.9996391,0.99923134,0.9996616,0.99951327,0.9994116,0.99953604,0.99939656,0.99949896,0.9995142,0.99965155,0.9997193,0.99957585,0.99971336,0.99956536,0.9995336,0.9995352,0.9996674,0.99969333,0.99961185,0.9995259,0.99987024,0.9997663,0.99940825,0.99972516,0.99954325,0.9990416,0.9994625,0.99960047,0.99959993,0.99965614,0.9995788,0.9997223,0.99947727,0.9997058,0.9997241,0.9997466,0.9996566,0.99947554,0.9994338,0.99960774,0.9995646,0.99973744,0.999618,0.9993523,0.99927396,0.9992889,0.9997334,0.9994932,0.9993005,0.99931186,0.9995377,0.99966204,0.9996373,0.9996017,0.9996523,0.9993587,0.9996113,0.99941885,0.99963784,0.9997264,0.9997783,0.99955875,0.99956673,0.99954116,0.99969405,0.99963623,0.9996764,0.9997219,0.9996809,0.99957705,0.9997027,0.9995131,0.99966633,0.99965745,0.9996778,0.9994754,0.9995706,0.99963045,0.999531,0.99944,0.9998234,0.99928826,0.99959177,0.99945575,0.99979657,0.99971056,0.99956065,0.99970376,0.99977875,0.99976337,0.99975675,0.9996479,0.9994946,0.999658,0.9996654,0.9993441,0.9996595,0.9996527,0.9995205,0.9996129,0.9996929,0.999595,0.9994545,0.99932486,0.9997644,0.9997277,0.99971455,0.9997657,0.9993162,0.99972355,0.999548,0.99980485,0.99961734,0.99955016,0.9997728,0.99941176,0.9998068,0.9996073,0.9996987,0.9995739,0.9998533,0.9994659,0.9997485,0.9996929,0.99963516,0.999687,0.99963766,0.9995941,0.99957573,0.99956644,0.99943066,0.9994725,0.9995288,0.9995312,0.99937904,0.999495,0.9996417,0.9996468,0.9996463,0.99948883,0.9996691,0.999683,0.9996896,0.9996353,0.99969125,0.999756,0.9996893,0.99974084,0.999477,0.99955463,0.99961025,0.99968845,0.99946666,0.9997047,0.9996269,0.99958014,0.9996914,0.9992626,0.9995308,0.9994506,0.9995704,0.99953175,0.99963206,0.9995885,0.9995328,0.99952203,0.9996188,0.99914974,0.99953,0.9996484,0.9998664,0.9996366,0.99968123,0.9996207,0.9993678,0.9997459,0.99968696,0.9996119,0.99924475,0.9994691,0.9996023,0.99956846,0.9996791,0.99966395,0.9997036,0.9994604,0.9996689,0.9996877,0.99982786,0.9996245,0.999673,0.9995704,0.9997662,0.99952096,0.99957496,0.9996173,0.9996253,0.9999963,0.9992261,0.9997552,0.99979323,0.9997859,0.999589,0.9997792,0.99967766,0.99960756,0.9995689,0.9997122,0.9995494,0.99966353,0.999694,0.9994385,0.9995345,0.9993617,0.9995369,0.9997265,0.9997316,0.9996969,0.999702,0.99935555,0.9998028,0.99959683,0.9996341,0.99975294,0.9996296,0.9996973,0.99971455,0.999662,0.9994678,0.9997152,0.9995975,0.9997361,0.9995956,0.99955887,0.9996641,0.9992528,0.99924034,0.99947363
ipip68,0.9991894,0.9992814,0.99923503,0.99920124,0.99925613,0.99922884,0.99922526,0.9992771,0.9992547,0.99921983,0.99909735,0.99915755,0.99921,0.9991377,0.99912864,0.9990939,0.9991936,0.99918777,0.9992257,0.9992516,0.9992371,0.9992467,0.9992457,0.9991983,0.9990953,0.999262,0.9992365,0.99925643,0.99919224,0.9991811,0.9991704,0.9992109,0.9990603,0.99913514,0.99921787,0.99920285,0.99916524,0.99921125,0.9991737,0.99916065,0.9991831,0.9992043,0.999167,0.99908274,0.99923354,0.99922395,0.99915683,0.9991184,0.9992269,0.9991413,0.9992065,0.999223,0.99924546,0.99922884,0.99916553,0.9992461,0.9990182,0.9992523,0.9991963,0.9992365,0.9992296,0.99921685,0.9992345,0.9990946,0.99914443,0.99914265,0.99925226,0.99922687,0.99914575,0.99930274,0.99923855,0.99922913,0.99912786,0.99925727,0.9991991,0.99894094,0.9991253,0.99918914,0.9993026,0.99930954,0.99912125,0.99922675,0.9990147,0.99916625,0.99920917,0.99919766,0.99915546,0.9992067,0.9991466,0.99915874,0.9991745,0.9991496,0.99915797,0.9990801,0.9991422,0.9990618,0.9991759,0.9991633,0.99900824,0.9990598,0.99914217,0.9991353,0.99918705,0.99912375,0.9991838,0.99911314,0.99915147,0.99894094,0.9991981,0.99918276,0.9992505,0.9991693,0.99916476,0.9992087,0.9991876,0.9991813,0.99918514,0.9992293,0.99921703,0.9991516,0.9992328,0.99915594,0.9992734,0.9992502,0.9991767,0.9991335,0.9992855,0.9992174,0.99919355,0.9991303,0.9992018,0.9990276,0.99917924,0.9991861,0.9992054,0.9992464,0.9990708,0.99921954,0.9992345,0.99920785,0.9991659,0.999196,0.9991708,0.9991791,0.9992354,0.9991083,0.999205,0.9991653,0.99922633,0.9991836,0.9991482,0.9991126,0.99905694,0.9990468,0.9992,0.99921405,0.9992166,0.9992331,0.9991001,0.9991824,0.9991801,0.9992791,0.999158,0.99910605,0.9992232,0.99909014,0.99925005,0.99910253,0.99924314,0.99921256,0.9992375,0.99928063,0.999203,0.99917406,0.9992369,0.9992148,0.99923724,0.99918836,0.9992182,0.99916387,0.99915636,0.9992833,0.99915016,0.9992916,0.9992439,0.9991698,0.9991687,0.99919903,0.99919695,0.9991102,0.99916685,0.99924,0.99922216,0.9992282,0.99921,0.99921983,0.99922127,0.9991935,0.99911636,0.9991728,0.99910414,0.9991456,0.9991835,0.9992472,0.9992077,0.9991139,0.9992106,0.9990564,0.9992501,0.9991974,0.9991904,0.99910223,0.9992236,0.99921733,0.9992926,0.9991238,0.99916035,0.99902314,0.9992404,0.9991256,0.99921554,0.99917734,0.9992578,0.9991654,0.9990708,0.9992079,0.9991593,0.999237,0.99909234,0.9990224,0.99921304,0.9991994,0.9992181,0.99919504,0.9992641,0.9992054,0.9991551,0.9992332,0.9992334,0.9992156,0.9992065,0.99924934,0.9992149,0.99917275,0.9992418,0.9992356,0.99923813,0.9992261,0.9999987,0.9993998,0.99930596,0.99929893,0.9992404,0.99925727,0.99929875,0.99922866,0.99927443,0.9991839,0.9992323,0.9991886,0.9992612,0.99923694,0.9992815,0.999144,0.99926984,0.9992889,0.999236,0.9992017,0.99922436,0.9991426,0.99924934,0.9992166,0.9991588,0.99924266,0.9992408,0.9992163,0.9992321,0.9990946,0.99912333,0.99926883,0.9992105,0.9992686,0.9992473,0.9991518,0.9992538,0.9990335,0.9990443,0.9991001
ipip128,0.9995283,0.99948895,0.999476,0.9994416,0.99961084,0.99949783,0.9995554,0.99946475,0.9995552,0.99943966,0.99939156,0.99953073,0.99948794,0.99940735,0.99942166,0.99940073,0.9994805,0.99943405,0.99954736,0.9995064,0.9995372,0.99951136,0.9997096,0.9995289,0.9994471,0.9994781,0.9994822,0.9995134,0.9994546,0.9994506,0.99946535,0.9995512,0.9993439,0.9995264,0.9995428,0.9997221,0.99947035,0.9995354,0.9994723,0.9995352,0.99942034,0.9995251,0.99951047,0.9993488,0.99941695,0.99955124,0.9995098,0.9994351,0.99954647,0.9994154,0.99957114,0.99929315,0.9996058,0.9994647,0.99939305,0.9995228,0.9993415,0.99946916,0.99945635,0.9995436,0.99958605,0.9995185,0.99959046,0.9994539,0.9994404,0.99945325,0.9995218,0.99952906,0.9994733,0.9994639,0.9997283,0.9997002,0.99938864,0.99970466,0.99949086,0.999038,0.99939865,0.9994899,0.99955493,0.9995877,0.9995007,0.9995632,0.9993789,0.99952966,0.999588,0.9995461,0.99949235,0.9994088,0.9993623,0.9994851,0.9994832,0.9995584,0.99949175,0.9993228,0.99925786,0.9992514,0.99956995,0.99942994,0.9992363,0.9993184,0.9994281,0.99950093,0.9995008,0.99947834,0.9995471,0.9993627,0.99947274,0.99933255,0.9995287,0.99954087,0.9996106,0.9994587,0.9994871,0.99942553,0.99954134,0.9995943,0.99950874,0.9995629,0.99952114,0.9994919,0.99955446,0.999414,0.99958485,0.9995655,0.99952674,0.9993584,0.99952865,0.99953145,0.99946713,0.999335,0.9997197,0.9992798,0.99962795,0.9994138,0.9996808,0.99964255,0.99945414,0.99959445,0.9996291,0.99962986,0.9995631,0.9995325,0.99939877,0.99954563,0.99955356,0.99928665,0.9995244,0.99950355,0.999461,0.9994807,0.9995329,0.99949646,0.9994452,0.999301,0.99957716,0.999677,0.99968666,0.9997322,0.99929357,0.9995343,0.999608,0.9997286,0.99948204,0.9994529,0.9996221,0.99934953,0.9996543,0.9995292,0.9996061,0.999481,0.9997245,0.99948025,0.9995544,0.9995467,0.9994956,0.99952185,0.9995001,0.9995059,0.9995041,0.99946076,0.9993882,0.99940974,0.9994531,0.9994793,0.9993239,0.9994426,0.999486,0.999502,0.99949723,0.99941856,0.9995096,0.9995394,0.9995307,0.9994955,0.9995469,0.9995716,0.99955606,0.99957347,0.9994175,0.99949324,0.99947894,0.9995101,0.9994444,0.9995556,0.9995558,0.9994855,0.99954575,0.99925274,0.99949753,0.99940294,0.99951035,0.9993957,0.9994858,0.99954873,0.9995176,0.99945503,0.9995013,0.9991236,0.99941343,0.99952006,0.99974656,0.99950594,0.99955,0.99953043,0.99930966,0.99955606,0.99951226,0.99953806,0.9992488,0.9993384,0.9995228,0.9994819,0.99957734,0.9995393,0.9995722,0.9994268,0.9995521,0.99970055,0.99971765,0.99963737,0.9995994,0.99955976,0.999574,0.9994487,0.99950486,0.99953115,0.9996419,0.9997552,0.9993998,0.999998,0.9996623,0.99965364,0.99957883,0.9996409,0.99963844,0.9995258,0.9994746,0.9996401,0.9995838,0.99956393,0.9995505,0.9994044,0.99947804,0.9993425,0.99946946,0.9996708,0.9997324,0.9996198,0.999646,0.99937135,0.9996456,0.9995513,0.99953425,0.999615,0.9995809,0.99967724,0.99970585,0.99953014,0.9994204,0.99968505,0.99954224,0.9996107,0.99955267,0.9995017,0.9995813,0.99924535,0.9992798,0.99939775
ipip158,0.9996271,0.9995366,0.99955016,0.9994993,0.9996329,0.999566,0.99970603,0.9995281,0.9996849,0.9995291,0.99952924,0.99960005,0.9995617,0.99946934,0.99949396,0.99950695,0.9995879,0.99951875,0.99961287,0.9995897,0.9995982,0.999534,0.99967176,0.9996129,0.99952096,0.9996081,0.9995807,0.9996261,0.9995678,0.99960524,0.99956363,0.99975836,0.9995256,0.9996226,0.99965334,0.99966407,0.9995981,0.999666,0.9995964,0.9996615,0.99954087,0.9996842,0.9995741,0.9994642,0.9995209,0.9996144,0.99957824,0.9995011,0.99959034,0.999491,0.9996015,0.9993162,0.9996074,0.9995181,0.9995745,0.9996213,0.99938864,0.9995871,0.9995239,0.99974257,0.99966407,0.999566,0.99965036,0.9995612,0.9995043,0.9995343,0.9996272,0.9997328,0.99962693,0.99961895,0.9997438,0.9996921,0.9994068,0.99963856,0.9995593,0.9991155,0.9994742,0.99957526,0.9997215,0.999753,0.99954814,0.999659,0.99943787,0.9996318,0.9996257,0.9996615,0.99960905,0.9995373,0.9995189,0.9995899,0.9995325,0.99965024,0.99955475,0.9993385,0.99935776,0.99929905,0.99964184,0.9996204,0.99940383,0.999396,0.99953353,0.9996109,0.9996033,0.99958533,0.999643,0.99947006,0.9995694,0.9994143,0.999653,0.9996502,0.9997153,0.99950767,0.9995508,0.99951684,0.99964684,0.9995916,0.99961334,0.9996992,0.99964845,0.99955297,0.99963945,0.9994818,0.99964315,0.99963045,0.99959254,0.9995103,0.9996129,0.9996327,0.99967927,0.9994324,0.99971604,0.99929845,0.99953073,0.9994793,0.9996894,0.99967915,0.9995225,0.99977696,0.9997313,0.99965954,0.99967015,0.99961126,0.9995051,0.9996145,0.99962,0.9993599,0.9996065,0.9996501,0.9996629,0.99960166,0.9996426,0.9995608,0.9994913,0.9993552,0.9996668,0.9996593,0.99965805,0.9996636,0.99931264,0.9996541,0.99949414,0.9997189,0.9995659,0.99953413,0.9996766,0.99948674,0.99977607,0.99957204,0.9996257,0.9995313,0.99972284,0.9994466,0.99964094,0.99960613,0.99969447,0.9996486,0.99957913,0.99957806,0.9995887,0.9995584,0.9994329,0.999573,0.9995145,0.99961686,0.999464,0.9994652,0.99961036,0.9996262,0.9996183,0.9995183,0.99963325,0.9996948,0.9996715,0.99969,0.99963826,0.9997126,0.99964416,0.99973506,0.99949425,0.99962103,0.9995641,0.9996245,0.99951774,0.9996699,0.9996075,0.9995695,0.9996603,0.99938756,0.9995987,0.99951535,0.9996153,0.99948555,0.9996809,0.9995912,0.9996691,0.9995356,0.9995893,0.99931467,0.99958354,0.9996107,0.9997375,0.99963105,0.9996457,0.99961483,0.9994491,0.99972826,0.9996209,0.9996183,0.9993849,0.999534,0.9996079,0.9995332,0.9996465,0.9996414,0.9996552,0.999468,0.99960726,0.9995957,0.99970263,0.9995466,0.999592,0.9995383,0.99969524,0.9997286,0.99957526,0.99964666,0.99961823,0.99979323,0.99930596,0.9996623,0.99999857,0.99995774,0.99983984,0.9999315,0.9998588,0.999585,0.99954826,0.99961865,0.99951667,0.99962753,0.9996843,0.9995606,0.999584,0.9994187,0.99964845,0.99967796,0.9996334,0.99961746,0.999641,0.9994072,0.99978274,0.99974585,0.9995743,0.99976844,0.999625,0.9996215,0.99962854,0.9995955,0.9994853,0.9996092,0.9996974,0.99973804,0.9996368,0.9996524,0.9996738,0.9993248,0.9993274,0.9994655
ipip188,0.9996276,0.99953395,0.99955267,0.9994921,0.9996322,0.99956167,0.9997058,0.9995333,0.999687,0.9995203,0.99953735,0.99960935,0.9995714,0.9994606,0.9994981,0.9995044,0.9995894,0.99952126,0.9996099,0.99958706,0.99959546,0.99953425,0.9996735,0.9996081,0.9995257,0.9995987,0.999564,0.9996239,0.99956346,0.9995965,0.99956656,0.9997639,0.99953806,0.99962837,0.99965876,0.9996636,0.9996018,0.99967676,0.9995928,0.99966586,0.99954355,0.9996976,0.9995675,0.999479,0.99950916,0.99961793,0.99957746,0.999506,0.9995993,0.99949074,0.9996026,0.9993103,0.9996164,0.9995099,0.9995685,0.9996195,0.9993879,0.9995852,0.99952006,0.9997319,0.99966735,0.9995584,0.9996538,0.99955255,0.9995128,0.9995315,0.9996263,0.9997297,0.99963117,0.99961126,0.999743,0.99969435,0.99940425,0.9996472,0.99956524,0.9991108,0.99946964,0.9995668,0.9997114,0.99974626,0.99955595,0.99967355,0.9994392,0.99964494,0.99963087,0.99967295,0.99962515,0.99953693,0.9995266,0.9995907,0.99953485,0.99965096,0.9995545,0.9993444,0.9993678,0.999308,0.9996502,0.9996202,0.9994014,0.99939156,0.9995399,0.99961245,0.9996046,0.9995829,0.9996442,0.9994763,0.9995689,0.99942875,0.9996556,0.9996557,0.9997228,0.9995245,0.9995518,0.99952704,0.9996542,0.9995921,0.999619,0.9996992,0.999651,0.9995616,0.99964464,0.9994839,0.9996393,0.9996269,0.99959797,0.99951535,0.9996117,0.9996346,0.99966514,0.99944603,0.9997136,0.9992949,0.99952507,0.9994723,0.99969834,0.9996832,0.9995278,0.99977404,0.99973446,0.9996663,0.9996705,0.9996087,0.99950695,0.9996176,0.9996123,0.99935967,0.9996104,0.9996561,0.9996603,0.9996048,0.9996449,0.99956286,0.99948686,0.999349,0.999673,0.99966025,0.99965537,0.9996642,0.9993147,0.9996596,0.9994881,0.99971795,0.99956757,0.99954,0.99968064,0.9994965,0.9997728,0.9995653,0.9996294,0.9995446,0.9997253,0.9994537,0.9996549,0.9996105,0.99970156,0.99966484,0.9995834,0.9995774,0.99959,0.9995658,0.9994365,0.9995727,0.9995234,0.9996173,0.99946094,0.9994644,0.99961984,0.99963504,0.9996266,0.99951667,0.9996376,0.99969983,0.99967664,0.999696,0.9996444,0.9997257,0.9996485,0.99973714,0.9994973,0.9996182,0.99956894,0.99963045,0.99950963,0.9996771,0.9996062,0.9995756,0.99966973,0.99937665,0.999603,0.9995103,0.9996093,0.9994951,0.9996893,0.9995903,0.99966335,0.9995404,0.9995915,0.99930894,0.99958396,0.99960834,0.9997352,0.9996333,0.9996524,0.9996203,0.999446,0.9997319,0.9996321,0.9996131,0.9993733,0.9995302,0.99961287,0.99954575,0.99965173,0.99964553,0.9996655,0.9994816,0.99961865,0.9996061,0.9997166,0.999553,0.999596,0.99953824,0.99970835,0.9997317,0.99958074,0.9996462,0.9995937,0.9997859,0.99929893,0.99965364,0.99995774,0.99999756,0.9997999,0.9999272,0.99985296,0.9995871,0.9995432,0.9996186,0.9995194,0.99963176,0.99969095,0.99956095,0.999581,0.99941736,0.99964184,0.99968714,0.9996301,0.9996128,0.99964243,0.9994066,0.9997863,0.9997456,0.9995867,0.99976075,0.9996252,0.9996309,0.99965143,0.9996055,0.9994835,0.9996091,0.99970436,0.9997595,0.99964327,0.9996623,0.9996953,0.9993035,0.9993036,0.9994697
ipip218,0.99943364,0.99941564,0.99941194,0.9993791,0.9994705,0.99943256,0.9995229,0.99941653,0.9995553,0.9994059,0.9994314,0.9994651,0.99946725,0.99935615,0.99941,0.9993894,0.9994704,0.99941975,0.99947995,0.9994625,0.99948484,0.9994243,0.9995587,0.9994611,0.9993786,0.9994562,0.9994797,0.9995251,0.9994424,0.99949354,0.9994021,0.999638,0.9994069,0.9994514,0.99946636,0.99952555,0.9994459,0.99947816,0.9994593,0.9995022,0.99951154,0.99961805,0.99944955,0.999353,0.99940765,0.99943554,0.9994352,0.99937326,0.9994484,0.9994042,0.9994553,0.99928766,0.9994801,0.9994289,0.9995081,0.99955267,0.9992549,0.999524,0.99940115,0.9995966,0.9995243,0.99943393,0.99950534,0.99939716,0.9994051,0.9994288,0.99947333,0.9995517,0.99947137,0.99950075,0.9995485,0.9995774,0.99930555,0.99950963,0.9994827,0.99915236,0.9994053,0.99946415,0.99962145,0.99962944,0.99943453,0.99950886,0.99935037,0.99944884,0.9995116,0.9994738,0.9994588,0.99946916,0.9994131,0.99943024,0.9994773,0.9994853,0.9994241,0.9992719,0.9993047,0.99923146,0.9994293,0.9995494,0.9993287,0.99936223,0.9994574,0.99944466,0.99949455,0.9994914,0.9995222,0.99947673,0.99943155,0.9992971,0.9995676,0.99949163,0.9995568,0.9993665,0.9994265,0.9994279,0.99950165,0.9995137,0.99948347,0.9995261,0.99948597,0.99949753,0.9995026,0.9993845,0.99953705,0.9995101,0.9994508,0.99940753,0.9995812,0.99955934,0.999587,0.9993238,0.99959815,0.9993294,0.99952054,0.9994032,0.9995688,0.99956065,0.99937713,0.99969876,0.9996088,0.9994667,0.9994795,0.9994858,0.999422,0.99945956,0.9994705,0.99932426,0.9994552,0.99949247,0.99960566,0.99947464,0.9994879,0.99946463,0.9994331,0.9992879,0.9994736,0.9995665,0.99957323,0.99954075,0.9992464,0.999469,0.99950796,0.9995937,0.9994091,0.99941844,0.9994742,0.9994863,0.99964964,0.9994446,0.9994617,0.99942386,0.99952775,0.99935126,0.99946225,0.99944425,0.9995422,0.9995106,0.9994439,0.9994374,0.9994912,0.9994681,0.9993812,0.9994792,0.9994211,0.9995178,0.99939543,0.999386,0.9994685,0.9994959,0.99948215,0.99947524,0.9994835,0.99958307,0.9995387,0.9995424,0.99947524,0.9995585,0.99951696,0.9995429,0.9994251,0.9994969,0.99944484,0.9994321,0.9994409,0.9995365,0.99947613,0.9994052,0.99951154,0.99933726,0.9995647,0.99946654,0.9995418,0.99935895,0.99952614,0.9995048,0.99962485,0.99944603,0.9994951,0.999272,0.9994707,0.9995502,0.9995952,0.99953055,0.9995162,0.9994974,0.99939203,0.99955726,0.9994633,0.999541,0.9993571,0.99941015,0.99952257,0.99940234,0.9995015,0.99948305,0.9995078,0.99938923,0.99945104,0.99950576,0.99957186,0.99950343,0.9994842,0.99948347,0.99953383,0.9996126,0.99952066,0.9995254,0.9995129,0.999589,0.9992404,0.99957883,0.99983984,0.9997999,0.99999744,0.9998296,0.9998485,0.9994819,0.9994181,0.99947816,0.9994553,0.9994841,0.99955714,0.9994896,0.9995089,0.9993893,0.9995495,0.9995652,0.9996173,0.99947196,0.99955845,0.99933225,0.9996142,0.99965686,0.99944335,0.9996311,0.9995039,0.9995347,0.9995548,0.9994252,0.9993847,0.99950796,0.99959207,0.99963427,0.99954075,0.9995563,0.9996056,0.9992229,0.9993331,0.9993599
ipip248,0.99962354,0.9995208,0.9995449,0.999481,0.99961436,0.99954844,0.9997045,0.9995286,0.9996905,0.9995055,0.9995318,0.9995997,0.99955684,0.99946326,0.99948454,0.999508,0.99959147,0.9995115,0.9996097,0.9995977,0.999603,0.99953693,0.9996745,0.9996212,0.99951077,0.99959576,0.9995601,0.9996353,0.99956214,0.9995911,0.99955744,0.9997823,0.9995299,0.9996151,0.9996542,0.999679,0.9996047,0.99966,0.9995984,0.9996673,0.99956805,0.99969876,0.999549,0.9994748,0.9994981,0.999601,0.9995623,0.99949455,0.9995864,0.9995027,0.99959564,0.9993061,0.9996144,0.9995283,0.99956477,0.9996183,0.99937224,0.99958676,0.99951166,0.9997339,0.99966943,0.99955297,0.9996609,0.9995488,0.9995059,0.99952763,0.9996317,0.9997208,0.9996164,0.9996113,0.99974084,0.99969596,0.99940723,0.9996402,0.9995627,0.9991358,0.9994798,0.99958575,0.99971724,0.9997471,0.99954677,0.9996741,0.9994504,0.9996229,0.9996342,0.9996638,0.9996268,0.99954444,0.9995101,0.99958,0.99953866,0.9996509,0.9995624,0.9993489,0.99935514,0.99929976,0.99962944,0.9996059,0.9994032,0.9993791,0.9995513,0.99961466,0.9996144,0.99960077,0.9996526,0.9994761,0.99956906,0.9994081,0.9996654,0.9996649,0.9997254,0.999499,0.9995496,0.99953145,0.99966073,0.99960077,0.99963105,0.999704,0.99964833,0.999592,0.9996459,0.9994866,0.99964947,0.9996349,0.9995981,0.9995052,0.99964404,0.9996651,0.9996606,0.9994417,0.99976087,0.9993234,0.999551,0.99947697,0.99973166,0.9996875,0.99952704,0.9998361,0.9997751,0.99966055,0.99967295,0.99960876,0.99950504,0.9996016,0.9996224,0.9993767,0.99961966,0.99963903,0.99966913,0.9996093,0.9996526,0.9995798,0.9994944,0.99936414,0.99967134,0.999667,0.9996609,0.999671,0.99931985,0.99966115,0.9995363,0.99972135,0.99956965,0.999531,0.999668,0.9995219,0.9998132,0.99956596,0.99961907,0.9995278,0.99971855,0.9994429,0.9996508,0.9996067,0.9996757,0.9996528,0.9996,0.9995892,0.9996055,0.9995807,0.99944866,0.9995668,0.9995174,0.9996183,0.99946874,0.9994711,0.99961746,0.9996385,0.9996299,0.999536,0.99964255,0.9996984,0.99967504,0.9996793,0.99964386,0.9997229,0.9996566,0.9997308,0.9995022,0.9996081,0.99958307,0.9996289,0.9995059,0.9996748,0.99960285,0.9995618,0.9996702,0.9993905,0.9996059,0.99952585,0.9996335,0.9994935,0.9996734,0.999595,0.99967563,0.9995426,0.999603,0.99931306,0.9995967,0.999633,0.9997396,0.99963844,0.999652,0.9996181,0.9994465,0.9997308,0.9996411,0.9996559,0.9993872,0.99953634,0.9996235,0.99953973,0.9996404,0.9996353,0.9996586,0.99948305,0.9996023,0.9995987,0.9997131,0.9995536,0.99959177,0.99953675,0.99970305,0.99970424,0.9995814,0.9996374,0.99956876,0.9997792,0.99925727,0.9996409,0.9999315,0.9999272,0.9998296,0.99999654,0.99987614,0.9995959,0.9995505,0.999617,0.9995046,0.99961716,0.99968445,0.99954396,0.9995844,0.999429,0.9996355,0.99968135,0.99965274,0.99960476,0.9996445,0.9993995,0.9997939,0.99974984,0.99958175,0.9997672,0.99962217,0.9996207,0.99961686,0.9995759,0.99947596,0.9995956,0.999679,0.99974513,0.999621,0.99964434,0.9996781,0.99929184,0.9992971,0.9994583
ipip278,0.9995105,0.9994751,0.99947953,0.9994409,0.9995351,0.99948347,0.9995854,0.99947524,0.999593,0.9994605,0.9994761,0.9995105,0.99951786,0.9994153,0.99943936,0.99943745,0.9995222,0.9994682,0.99953866,0.9995337,0.9995435,0.99948245,0.99961084,0.9995198,0.99943286,0.99952465,0.9995414,0.99957573,0.99949455,0.9995415,0.99946916,0.9996813,0.99942917,0.99951583,0.9995469,0.9996163,0.9995213,0.99956423,0.9995142,0.999558,0.999514,0.9996512,0.9995038,0.9994164,0.999452,0.9995147,0.9995005,0.9994417,0.9995154,0.9994503,0.99951833,0.9993238,0.99955714,0.99949074,0.9995582,0.9995918,0.99930704,0.9995446,0.9994599,0.99964637,0.9995954,0.9995028,0.99958336,0.9994533,0.9994445,0.9994706,0.9995404,0.9996241,0.9995338,0.99956435,0.9996198,0.9996269,0.99933654,0.99956626,0.9995202,0.99913967,0.99943376,0.9995064,0.9996694,0.9996817,0.9994865,0.9995637,0.9993917,0.9995217,0.9996016,0.9995426,0.9995169,0.99950576,0.99945015,0.99949944,0.9994599,0.99954104,0.999486,0.99931264,0.99934256,0.9992791,0.9995165,0.9995855,0.99936044,0.999384,0.9994943,0.9994977,0.9995422,0.99950755,0.9995814,0.9994762,0.9994872,0.9993355,0.9996067,0.99955595,0.99961805,0.99941885,0.99947864,0.99947464,0.99956775,0.99955016,0.99952644,0.9996042,0.9995616,0.99952626,0.9995673,0.9994489,0.999586,0.9995716,0.9995373,0.99944186,0.99960417,0.99960166,0.99963534,0.9993688,0.9996564,0.99934226,0.9995447,0.9994597,0.99963385,0.99960154,0.9994197,0.99972254,0.9996539,0.9995371,0.9995547,0.9995407,0.99947613,0.9995307,0.99954236,0.99935424,0.99951774,0.9995515,0.9996242,0.99952906,0.9995334,0.9994837,0.99947315,0.99932784,0.99956584,0.9995941,0.99959904,0.99959767,0.9992859,0.9995556,0.9995331,0.9996489,0.9994938,0.9994569,0.99955153,0.9994983,0.9997077,0.9994948,0.99954706,0.9994793,0.9995934,0.99940795,0.9995513,0.99952966,0.9996109,0.9995863,0.99949664,0.99948573,0.99952364,0.9995,0.9994007,0.99953294,0.9994778,0.9995876,0.99943286,0.99943674,0.999524,0.99954367,0.9995389,0.9994695,0.9995479,0.99962795,0.99959373,0.9996025,0.9995359,0.999621,0.9995665,0.99959904,0.9994407,0.9995434,0.9995012,0.9995034,0.99946946,0.9995992,0.9995285,0.99945825,0.9995685,0.9993414,0.99958295,0.99948245,0.99957395,0.9994244,0.99959797,0.9995466,0.99966204,0.99949485,0.99954206,0.9992976,0.9995245,0.99954623,0.99965745,0.9995754,0.9995818,0.9995565,0.9994135,0.99961364,0.99952894,0.999576,0.99936515,0.9994462,0.9995526,0.99946904,0.99956805,0.99954814,0.9995755,0.99944085,0.99951375,0.99958116,0.99962586,0.9995205,0.99954903,0.99951977,0.9996064,0.999664,0.99955404,0.999586,0.9995346,0.99967766,0.99929875,0.99963844,0.9998588,0.99985296,0.9998485,0.99987614,0.9999985,0.9995426,0.99949014,0.9995495,0.99950594,0.99954087,0.99962133,0.999544,0.99956685,0.9994388,0.9995991,0.9996154,0.99961436,0.9995352,0.99959284,0.99935716,0.99966407,0.9996667,0.9994939,0.9996726,0.9995583,0.9995847,0.99962485,0.9994897,0.999434,0.9995632,0.9996473,0.99969304,0.9995945,0.9996207,0.9996664,0.99927557,0.9993364,0.9994159
ipip13,0.99956304,0.9994943,0.9994948,0.99943674,0.99955314,0.99945,0.9996445,0.9995735,0.9995954,0.99945635,0.9994074,0.9994994,0.99953175,0.9994775,0.9993578,0.99946254,0.99956906,0.9994974,0.9995896,0.999566,0.9995656,0.9995574,0.99954593,0.9995792,0.9994394,0.99954355,0.99954367,0.99961853,0.9995161,0.99949855,0.9995128,0.99959886,0.99936503,0.999612,0.99961483,0.9995111,0.9996252,0.99961734,0.9995633,0.99962264,0.999445,0.99954444,0.99950755,0.9993844,0.999465,0.9995493,0.9995338,0.99940974,0.99958247,0.9994961,0.99955285,0.9993739,0.99954325,0.999702,0.99933916,0.9995339,0.9993188,0.9994855,0.9994516,0.9995381,0.99962276,0.9994973,0.9996321,0.9994746,0.99947083,0.99941206,0.9996477,0.9995801,0.999514,0.9995238,0.99958926,0.999527,0.999359,0.99953324,0.99949855,0.9991127,0.99944806,0.9995532,0.9995374,0.99956477,0.9994452,0.9996306,0.99943256,0.99955714,0.99962294,0.99959236,0.9996044,0.99950075,0.9993809,0.9995479,0.99946225,0.99958956,0.99950063,0.99945194,0.999274,0.99937886,0.9995402,0.99950045,0.99928635,0.999339,0.99953973,0.99952656,0.9995866,0.99950314,0.99958944,0.9993952,0.9995647,0.99928737,0.99962896,0.9996217,0.999627,0.9994856,0.999476,0.9995503,0.9996783,0.9995278,0.99962085,0.9996042,0.9996362,0.99952286,0.99963194,0.9995276,0.99962074,0.9996058,0.99955034,0.99946123,0.99965113,0.9995805,0.99941564,0.9994953,0.9995911,0.9992907,0.99945384,0.9994237,0.9995569,0.9995693,0.999409,0.9995649,0.99964803,0.9995785,0.99958694,0.99954927,0.9994347,0.9995357,0.99955094,0.99935687,0.9995508,0.99955153,0.99944204,0.99962366,0.99959624,0.9995094,0.99939126,0.99933845,0.99967027,0.9995138,0.9995282,0.9995567,0.9993512,0.99968094,0.99945134,0.9996454,0.9995652,0.9994052,0.9995866,0.999311,0.9996353,0.99948364,0.9996435,0.99953026,0.9996084,0.9994257,0.99962634,0.9995444,0.9995543,0.99955505,0.9996272,0.99956375,0.9995787,0.99966383,0.99956536,0.9994784,0.9995495,0.99952126,0.9993902,0.9994639,0.999711,0.99969906,0.9997257,0.9995815,0.99969274,0.9996449,0.9996181,0.99956685,0.9996136,0.9996203,0.99970806,0.9996383,0.999533,0.99956334,0.9997318,0.9996589,0.99956375,0.99966115,0.99956787,0.9994564,0.99967647,0.99931484,0.9995351,0.9994757,0.9995662,0.9995393,0.9995779,0.9995107,0.9995485,0.99947464,0.9996177,0.99925274,0.99955,0.99960536,0.9995676,0.99957263,0.9996549,0.99959296,0.9993336,0.99960184,0.99970114,0.9996923,0.9994356,0.9993729,0.9997807,0.9995305,0.99956787,0.9995327,0.99963295,0.999496,0.99964577,0.99953204,0.9996205,0.9994907,0.9996406,0.99956393,0.99963135,0.9995219,0.99953604,0.99963623,0.99947214,0.99960756,0.99922866,0.9995258,0.999585,0.9995871,0.9994819,0.9995959,0.9995426,0.9999981,0.99975425,0.9995536,0.99952245,0.9995764,0.99968785,0.99959815,0.99974996,0.99973047,0.9995674,0.9995772,0.999494,0.99952376,0.99950325,0.99921346,0.99963915,0.9994886,0.99951094,0.9996094,0.99952114,0.9995173,0.9995011,0.99954736,0.9994466,0.99954796,0.999462,0.9996082,0.99961156,0.9994181,0.9995851,0.99923825,0.99922687,0.9994132
ipip43,0.99959326,0.9995941,0.9995236,0.9994724,0.9995503,0.99947983,0.99963397,0.9996207,0.9996426,0.99948204,0.99936265,0.99946934,0.999517,0.99952704,0.99934447,0.9994436,0.99958324,0.9995768,0.9995828,0.99963284,0.99962366,0.9996045,0.9995539,0.9996579,0.9994314,0.99957824,0.99960804,0.9996703,0.999512,0.99952334,0.9995031,0.99956167,0.99938065,0.99954027,0.99962777,0.9994625,0.9995947,0.99962384,0.9995789,0.99957263,0.9994448,0.9995162,0.99945414,0.9993778,0.99951965,0.9995342,0.99947953,0.9993881,0.9995492,0.9994555,0.99958134,0.9994597,0.9995062,0.99980557,0.9994548,0.9994999,0.99929047,0.9994929,0.99947864,0.999541,0.9995704,0.9994325,0.9995714,0.99946,0.9994201,0.99939924,0.99962324,0.9995636,0.9994781,0.9995169,0.99955946,0.99948275,0.9993513,0.9994748,0.9994463,0.99906915,0.9993916,0.99950653,0.9995386,0.99954295,0.99943346,0.99958485,0.9993296,0.99954164,0.9995564,0.9995708,0.99955773,0.99958974,0.9993564,0.9995143,0.9994224,0.9995392,0.99946845,0.99935406,0.9992419,0.9993471,0.99951696,0.99946815,0.9992452,0.99928874,0.9994759,0.99951506,0.9995285,0.9994648,0.99952227,0.9993413,0.9995153,0.9992807,0.9995623,0.9995866,0.99959016,0.99942696,0.99943125,0.99949604,0.99959034,0.99946356,0.9995658,0.9995469,0.999599,0.99946344,0.9995712,0.9995088,0.9996696,0.99961436,0.99957615,0.99945015,0.9996839,0.99956155,0.9994671,0.99952394,0.9995378,0.9992776,0.9994232,0.99945974,0.9995234,0.9995252,0.99942786,0.99953383,0.99960876,0.9995659,0.99956733,0.9995621,0.9994932,0.9995612,0.9995387,0.9994104,0.9995223,0.999514,0.9994152,0.9995761,0.9995783,0.99948543,0.9992968,0.9992956,0.9996105,0.9994562,0.99945474,0.9994872,0.9993192,0.9996179,0.9993943,0.99957865,0.9995154,0.9993723,0.9995611,0.9992787,0.9995819,0.99943316,0.99959785,0.9994779,0.99956936,0.999378,0.9995889,0.99954003,0.999533,0.9995319,0.99960697,0.99955934,0.99954784,0.9995708,0.9994989,0.999487,0.9994933,0.99951047,0.99938434,0.99941796,0.999612,0.99961823,0.99964035,0.9995248,0.9995984,0.99959165,0.9995779,0.9995492,0.9995636,0.99957967,0.99969834,0.999603,0.9994999,0.99950886,0.99960357,0.9996843,0.99957734,0.999649,0.999589,0.99945426,0.9996409,0.99933755,0.99951345,0.99947625,0.9995618,0.9994612,0.9995554,0.99948484,0.9995207,0.99943984,0.99954367,0.9992247,0.9995058,0.99952155,0.99952483,0.9994963,0.99959487,0.9995382,0.99927104,0.99956673,0.9996114,0.99964416,0.99948144,0.99934965,0.9996804,0.9994937,0.99951273,0.99951315,0.99958694,0.99945676,0.9995443,0.9994502,0.9995543,0.99942315,0.99952716,0.9994962,0.9995859,0.9994433,0.99948573,0.99957657,0.9994425,0.9995689,0.99927443,0.9994746,0.99954826,0.9995432,0.9994181,0.9995505,0.99949014,0.99975425,0.99999696,0.99951077,0.99945843,0.9995419,0.99963754,0.99956137,0.9996587,0.9995462,0.99957323,0.9995129,0.99944973,0.99949217,0.99946606,0.99918133,0.99960107,0.99946016,0.9994703,0.9995703,0.99949527,0.9994351,0.99942464,0.99947464,0.9993899,0.99948424,0.9994437,0.9995671,0.9995307,0.99940294,0.9995244,0.9992312,0.9992184,0.99936205
ipip73,0.99955726,0.9994973,0.9994744,0.9994712,0.9996174,0.99950016,0.9996014,0.9995027,0.9996689,0.9994657,0.99943864,0.999526,0.9994881,0.9994006,0.9994122,0.9994327,0.99951583,0.9995263,0.99955004,0.99952847,0.99956846,0.9995336,0.99973327,0.9996961,0.99951184,0.9995014,0.99954015,0.9995374,0.99945986,0.99946105,0.9995584,0.9995704,0.9993988,0.9995806,0.9995929,0.9996149,0.99951416,0.9995807,0.9995199,0.9996131,0.99938023,0.99951446,0.99955857,0.9993691,0.999463,0.99957085,0.9995535,0.99947745,0.9995785,0.9994171,0.9996146,0.99932057,0.99958736,0.99949205,0.99948394,0.9994705,0.9993546,0.9994683,0.9994768,0.99954766,0.99962723,0.9995672,0.9996213,0.99959224,0.9995018,0.9994786,0.99955916,0.9995561,0.99954855,0.9994532,0.9996817,0.9996389,0.9993815,0.99960077,0.99949604,0.99900836,0.99936473,0.9994939,0.9995959,0.9996345,0.99952364,0.99961066,0.9993741,0.9995686,0.9995667,0.99959046,0.9995297,0.99942595,0.99935937,0.99951345,0.99947023,0.9996349,0.9995444,0.99936986,0.9992698,0.99929994,0.99958414,0.99956846,0.99924386,0.9993142,0.9994588,0.9996314,0.9995547,0.9995296,0.9995758,0.9993388,0.99948853,0.99940485,0.9995936,0.99959093,0.99962336,0.9994678,0.9995046,0.99946827,0.99960077,0.9995737,0.9995706,0.9996075,0.99957484,0.999518,0.9995924,0.99942154,0.9996036,0.99957526,0.9995725,0.99946976,0.999531,0.99952006,0.99958533,0.9993634,0.9996734,0.9992887,0.9995775,0.9995118,0.99964,0.99957925,0.999489,0.99954456,0.99961936,0.99962026,0.999632,0.9996152,0.9994561,0.99963623,0.99958855,0.9992854,0.999547,0.9995663,0.99939954,0.99952465,0.9996716,0.9996,0.99947745,0.9993115,0.99961936,0.9995938,0.9996012,0.99961644,0.99925005,0.99958843,0.99952006,0.9996897,0.9995147,0.9995563,0.99963295,0.9993453,0.9995899,0.9995474,0.99958897,0.9994427,0.99968034,0.9993957,0.99955904,0.9995676,0.9995971,0.99953145,0.9995807,0.9995181,0.99958587,0.9995075,0.99943125,0.9994889,0.99950373,0.99954146,0.9993393,0.99941176,0.9995521,0.9995559,0.99956626,0.9995052,0.99954444,0.9995651,0.9995528,0.9996062,0.99955606,0.9996217,0.9995991,0.9995736,0.9994951,0.99953467,0.9995323,0.9996019,0.9994614,0.99956226,0.9995672,0.99959964,0.9996516,0.999323,0.9994939,0.9994583,0.9995289,0.9994173,0.9996162,0.9995971,0.99954337,0.99954706,0.9995083,0.99913394,0.99946666,0.99953943,0.99968755,0.9995126,0.99957037,0.999614,0.9992849,0.9995982,0.99957067,0.9995745,0.99927825,0.9994136,0.9995514,0.9994786,0.99959826,0.99956524,0.9996,0.99945176,0.9996071,0.999592,0.9996817,0.9995259,0.99957395,0.9995553,0.9995918,0.9994587,0.99946004,0.9995641,0.9996182,0.9997122,0.9991839,0.9996401,0.99961865,0.9996186,0.99947816,0.999617,0.9995495,0.9995536,0.99951077,0.99999833,0.9994999,0.99961424,0.9995693,0.99946445,0.9994511,0.99931747,0.99946874,0.9995907,0.9996301,0.99976796,0.9996242,0.9993006,0.9996339,0.9994799,0.999624,0.9995885,0.99964124,0.99963206,0.99961686,0.99958074,0.99938893,0.9996523,0.9996225,0.99960655,0.99956363,0.9995977,0.9995295,0.9992369,0.99925107,0.99943644
ipip103,0.9994319,0.9994363,0.99939823,0.9993928,0.9994838,0.9994011,0.99948114,0.99948424,0.99950767,0.9994058,0.999352,0.9994286,0.9994718,0.9994359,0.9993145,0.9993728,0.9994693,0.99943465,0.99951065,0.999484,0.99946016,0.99946487,0.99957466,0.9994766,0.99935615,0.9994966,0.9994135,0.99947745,0.999445,0.9994395,0.99937975,0.99946165,0.99928504,0.99945134,0.99950314,0.99950254,0.99944234,0.9994949,0.99944526,0.9994744,0.999369,0.99954414,0.99948794,0.99934417,0.9994221,0.99953085,0.99949795,0.9993484,0.9995427,0.99944544,0.99943495,0.9993038,0.9994868,0.999439,0.999367,0.99945474,0.9992508,0.99944466,0.9994542,0.9994494,0.99951726,0.9994497,0.9995086,0.99941397,0.9993864,0.9993701,0.99950755,0.9994398,0.99941033,0.9994234,0.999552,0.9995906,0.99932224,0.9995432,0.9994607,0.9990335,0.99937594,0.9994513,0.99946254,0.9994762,0.9994051,0.99951214,0.99932104,0.9994571,0.9995346,0.9994637,0.99945676,0.9994021,0.99929863,0.99944156,0.999389,0.9994668,0.9994266,0.9993252,0.99921954,0.9993509,0.9994301,0.99941343,0.99919075,0.9993272,0.99937326,0.99942863,0.9994523,0.99938005,0.9995068,0.999317,0.9994453,0.99925256,0.99948305,0.9994932,0.9995285,0.99942344,0.9994614,0.99945587,0.99951106,0.9995263,0.9994692,0.9994824,0.9995024,0.99943054,0.9994704,0.99938244,0.99951863,0.99950683,0.99944305,0.99936086,0.9994915,0.99947727,0.9993959,0.99937123,0.9995353,0.9992842,0.9994871,0.9994413,0.9995007,0.99953574,0.9993703,0.99945575,0.9995074,0.99948883,0.9994781,0.9995061,0.9993909,0.99949914,0.9995155,0.99929595,0.9994572,0.9994375,0.9994418,0.9994871,0.99945813,0.9994221,0.99940217,0.9992835,0.9994968,0.99954796,0.9995703,0.9995813,0.9992912,0.9994747,0.9994529,0.9996147,0.9994272,0.99939036,0.9994976,0.99927515,0.99948287,0.9994127,0.9994856,0.9994411,0.99956113,0.9994351,0.99945945,0.99947727,0.999411,0.99944574,0.9994812,0.99942183,0.99943614,0.99939173,0.9994342,0.9993542,0.99942183,0.9994189,0.999323,0.99941975,0.99942935,0.9994376,0.99944204,0.9993987,0.99946284,0.9994648,0.999444,0.9994189,0.9994881,0.9994793,0.99950063,0.9995431,0.99938446,0.99948394,0.9994432,0.9994304,0.99950105,0.9994761,0.99954563,0.9994547,0.99947697,0.9992413,0.99944127,0.99942505,0.9994456,0.99936825,0.9994331,0.9994896,0.9994499,0.99944514,0.9994688,0.99922365,0.99944913,0.9994555,0.99955416,0.999462,0.9994951,0.9994974,0.99928,0.99947596,0.9994458,0.9994849,0.99929065,0.99928397,0.99947685,0.999412,0.9994939,0.99944794,0.99950993,0.9993708,0.9994694,0.9995245,0.99958026,0.9995804,0.99956346,0.99969715,0.9994829,0.9993873,0.99946755,0.9994827,0.99945825,0.9995494,0.9992323,0.9995838,0.99951667,0.9995194,0.9994553,0.9995046,0.99950594,0.99952245,0.99945843,0.9994999,0.9999982,0.9996465,0.9994892,0.99940395,0.99952304,0.9993509,0.999406,0.9995308,0.99958897,0.9995215,0.99957144,0.999276,0.9995218,0.9994397,0.9994396,0.9995033,0.99948055,0.99957407,0.99956787,0.999429,0.9993547,0.9996781,0.99944025,0.9995456,0.99948055,0.9994136,0.9995093,0.9991748,0.9992146,0.9993336
ipip133,0.99959534,0.99952674,0.9994927,0.9994642,0.9995872,0.99952763,0.99962485,0.99955124,0.99964464,0.9994736,0.99945074,0.99956834,0.99957764,0.99950373,0.99949676,0.9995138,0.99957824,0.9995347,0.9996109,0.99959266,0.99957585,0.99955964,0.9996408,0.9996236,0.9995314,0.99956495,0.9994748,0.99957997,0.9995411,0.9995109,0.9995327,0.999609,0.99940056,0.99960047,0.99963105,0.9995442,0.99955684,0.9996292,0.9995816,0.9996073,0.999376,0.9995484,0.9995626,0.9993946,0.9994909,0.999586,0.9995603,0.9995012,0.9995859,0.99948746,0.99955887,0.99928683,0.9995387,0.99949586,0.9994291,0.9994679,0.99933344,0.9995844,0.9995179,0.99957865,0.999654,0.9995153,0.9996214,0.9995665,0.99950844,0.9995512,0.9996313,0.9996718,0.99957883,0.9995398,0.9996679,0.9996364,0.9994424,0.99955744,0.99952203,0.9990734,0.9994343,0.9995397,0.9995426,0.99958247,0.99972135,0.9996361,0.9994162,0.999625,0.9996166,0.9996202,0.99959517,0.99950737,0.99941397,0.99956375,0.9995033,0.9996301,0.99953955,0.9993436,0.9992628,0.9993236,0.9996015,0.9995479,0.9992882,0.9993706,0.9994868,0.99959874,0.9995789,0.9995558,0.9996132,0.999441,0.9995336,0.9994937,0.999655,0.9996273,0.9996653,0.99951637,0.9995372,0.9995068,0.99961525,0.9995504,0.9996042,0.9996135,0.9996181,0.99951357,0.99958694,0.99944603,0.99959224,0.9995956,0.9995754,0.99952745,0.9995486,0.9995668,0.9995212,0.9994394,0.9996061,0.9992815,0.99947625,0.99949104,0.9995808,0.9996201,0.99958646,0.9995455,0.99964124,0.9996814,0.9996483,0.9997677,0.9994805,0.99970615,0.9996288,0.9993655,0.99961007,0.9996083,0.9994578,0.99956465,0.9996286,0.99954873,0.9994204,0.9993459,0.9996352,0.99960643,0.99960756,0.99958897,0.9993236,0.99962664,0.9994138,0.99964935,0.9995221,0.99954593,0.9996649,0.9993498,0.99956656,0.99955153,0.9995986,0.9995012,0.9996453,0.9994459,0.9996031,0.99960196,0.99957293,0.99956477,0.9995704,0.99953866,0.9995369,0.99951696,0.9994477,0.999442,0.999501,0.999496,0.99934787,0.9994419,0.99957097,0.9995708,0.99957395,0.99948925,0.9996102,0.9995833,0.99958086,0.9995778,0.99962425,0.999621,0.99961984,0.9996537,0.99947596,0.999583,0.9995638,0.9996143,0.9995204,0.9995925,0.9996224,0.99955523,0.99963325,0.99936324,0.9995714,0.9994884,0.9995338,0.9994709,0.99958134,0.9995551,0.9995144,0.99957126,0.9995467,0.9992674,0.9995067,0.99958724,0.99964166,0.9995434,0.9995981,0.9996584,0.99934566,0.99964154,0.9995828,0.9995787,0.9993726,0.9994962,0.9995809,0.9995062,0.9996137,0.99965614,0.99960846,0.999435,0.99959475,0.99951714,0.9996364,0.9995412,0.9995775,0.9996176,0.9996169,0.9995172,0.9995119,0.99962944,0.9995328,0.99966353,0.9991886,0.99956393,0.99962753,0.99963176,0.9994841,0.99961716,0.99954087,0.9995764,0.9995419,0.99961424,0.9996465,0.9999964,0.9995956,0.99945134,0.99952745,0.9993435,0.9995373,0.9995821,0.99960065,0.9996466,0.99961656,0.9993304,0.9996263,0.9995087,0.99955213,0.9995842,0.9995825,0.99959713,0.9995556,0.9995809,0.99942106,0.99962544,0.99956554,0.9996246,0.9996599,0.99954444,0.99956965,0.9992781,0.99920356,0.9994111
ipip163,0.9996706,0.99953276,0.9995726,0.99949116,0.9996056,0.9995396,0.9997131,0.99956053,0.9996766,0.9994853,0.99951565,0.9995805,0.99960345,0.99947387,0.9994192,0.99955696,0.9996127,0.9995289,0.9996245,0.9996385,0.9996082,0.99956405,0.9996137,0.999593,0.9994836,0.9996056,0.999577,0.999635,0.99957204,0.9996271,0.99964017,0.99968106,0.9994913,0.9996287,0.99970627,0.99959743,0.999661,0.9996954,0.9996379,0.9996638,0.99950165,0.9996328,0.9995444,0.99962884,0.99945575,0.99958235,0.9995272,0.99943435,0.99961966,0.9994974,0.9995929,0.9993151,0.999593,0.9995808,0.99942464,0.9995782,0.99934596,0.9995704,0.9995143,0.9996385,0.99966633,0.9995285,0.9996833,0.9995209,0.99949175,0.99947876,0.9996694,0.99967605,0.9996143,0.99958694,0.99968934,0.99960184,0.99936295,0.999593,0.99949896,0.9991379,0.9994576,0.99958634,0.9996235,0.9996611,0.99950427,0.99970514,0.9994409,0.999659,0.9996262,0.99969125,0.99965715,0.9995492,0.9994123,0.9995862,0.9995381,0.99966115,0.9995603,0.9993832,0.99930185,0.99933624,0.9996545,0.9995839,0.99934345,0.99936247,0.9995658,0.9996545,0.9996002,0.99959284,0.9996267,0.9994601,0.999588,0.9993877,0.99964875,0.9997096,0.9997542,0.9995328,0.99951935,0.9995834,0.99969345,0.9995547,0.99966645,0.99965763,0.99971056,0.9996003,0.9996883,0.9995836,0.9996692,0.9996617,0.9996335,0.9995915,0.9996714,0.99966186,0.999556,0.99952626,0.9996643,0.99929947,0.99948007,0.9994478,0.999648,0.9996525,0.9995051,0.99965626,0.99973994,0.9996882,0.9996938,0.9996048,0.99950135,0.99960595,0.9996094,0.99942607,0.99962026,0.999661,0.9995524,0.9996627,0.99968004,0.9995759,0.9993865,0.99933285,0.99972725,0.9996019,0.99959093,0.9996102,0.9993535,0.9997204,0.9994509,0.99971473,0.99960184,0.99947655,0.9996794,0.99943674,0.9996837,0.9995179,0.9996837,0.9995855,0.9996808,0.99944025,0.9997291,0.99964726,0.9997292,0.99984384,0.9996293,0.9995947,0.99956226,0.9996689,0.99951553,0.99964017,0.99960506,0.999675,0.99948466,0.9995205,0.9997335,0.99973583,0.9997575,0.9995744,0.9997038,0.99991524,0.9999369,0.9997455,0.99971545,0.9998571,0.9997427,0.9996614,0.99955326,0.9995359,0.99964845,0.9996727,0.9994974,0.99988973,0.9995935,0.9995183,0.9997368,0.999303,0.9995831,0.9994902,0.9996263,0.99955624,0.99973804,0.999572,0.99961954,0.9995081,0.9996374,0.9992287,0.9995417,0.9996178,0.9996613,0.999777,0.999745,0.9995863,0.99946487,0.99980545,0.999721,0.9996759,0.9993631,0.9994752,0.99970853,0.99962914,0.99961996,0.9996004,0.99972564,0.9995587,0.9996137,0.99956894,0.9996891,0.99955887,0.99962604,0.99956185,0.99986035,0.99957764,0.99982655,0.9996399,0.9994966,0.999694,0.9992612,0.9995505,0.9996843,0.99969095,0.99955714,0.99968445,0.99962133,0.99968785,0.99963754,0.9995693,0.9994892,0.9995956,0.9999974,0.99967694,0.9997593,0.999621,0.99966455,0.99965614,0.9995439,0.99954295,0.9995509,0.9992772,0.9997228,0.9995552,0.99956983,0.9996698,0.99957985,0.9995381,0.999548,0.999589,0.99945134,0.9995681,0.99956477,0.99972636,0.999604,0.99952954,0.99966025,0.9992665,0.9992245,0.99943125
ipip193,0.9994442,0.9994306,0.99943876,0.99939805,0.9994193,0.9993915,0.99948806,0.9994404,0.99960834,0.9994169,0.9993789,0.99939686,0.9994668,0.9994082,0.9993703,0.99936575,0.99946266,0.9994616,0.9994744,0.999461,0.99945146,0.9994328,0.9994374,0.99953604,0.9993726,0.9994266,0.9996532,0.9994992,0.9994243,0.9994637,0.99962085,0.99952435,0.9993262,0.99944824,0.9994563,0.9993877,0.9994349,0.9994613,0.99945307,0.99944264,0.9994072,0.9994646,0.9994435,0.99935603,0.99945444,0.99943364,0.99944943,0.9993299,0.9994573,0.9993792,0.9994108,0.9993605,0.9994137,0.999536,0.9995698,0.9994718,0.9992095,0.99952835,0.99937385,0.99951404,0.9994621,0.999404,0.99948215,0.9994601,0.9993425,0.99937445,0.9994684,0.99949276,0.9994446,0.9995074,0.9994384,0.9994085,0.99930924,0.9994039,0.99941504,0.99906594,0.9993154,0.99940544,0.9997177,0.99972767,0.9993817,0.99948865,0.99927115,0.9994295,0.99945104,0.99942994,0.9994291,0.99944675,0.9993508,0.999409,0.99937344,0.999406,0.99936956,0.9992788,0.9992632,0.9992506,0.9993846,0.99964565,0.999221,0.9993002,0.99938715,0.99951506,0.99942046,0.99938864,0.99945265,0.99938554,0.9993731,0.9992519,0.99949116,0.9994446,0.99951065,0.99937356,0.99939567,0.9994412,0.9994819,0.9994345,0.9994384,0.99944067,0.999528,0.99940103,0.99949896,0.9994557,0.9995412,0.99953043,0.9994166,0.99957705,0.9995387,0.99948186,0.9996575,0.99938804,0.9994194,0.99920964,0.99937963,0.99938756,0.9993921,0.9994768,0.9993804,0.99947894,0.99949026,0.99943334,0.99942,0.9994508,0.9994522,0.9994942,0.9994497,0.99929106,0.99941665,0.9994763,0.99946547,0.99948514,0.9995295,0.9994776,0.99925786,0.9992819,0.9994976,0.99942154,0.9994289,0.9994104,0.99927473,0.9994667,0.99936086,0.9995178,0.9994073,0.99940664,0.9994412,0.9993018,0.99948037,0.99938035,0.9994674,0.9994143,0.9994194,0.99932337,0.9994344,0.9994431,0.99977946,0.99950534,0.999464,0.99942017,0.9995227,0.9995458,0.9994876,0.9998722,0.9995347,0.99986386,0.99946004,0.999449,0.9995417,0.9995685,0.9995967,0.9995183,0.9995017,0.9996586,0.9996075,0.9998126,0.99951243,0.999548,0.99952084,0.9994289,0.9994929,0.999454,0.99947184,0.99944544,0.9994293,0.99959904,0.9994672,0.9994859,0.9996762,0.99932426,0.9994888,0.999452,0.999494,0.99934524,0.99976325,0.99954295,0.99973863,0.9994632,0.99942833,0.9992272,0.9993987,0.9994103,0.9994173,0.9995265,0.99962515,0.99956894,0.99934375,0.99950725,0.99950874,0.9996022,0.99943256,0.9993807,0.99961007,0.9995015,0.9994789,0.99945176,0.9995588,0.9995341,0.99945056,0.99938303,0.99943763,0.99941164,0.99944514,0.9994217,0.9994988,0.9995405,0.9995464,0.99951774,0.9993614,0.9994385,0.99923694,0.9994044,0.9995606,0.99956095,0.9994896,0.99954396,0.999544,0.99959815,0.99956137,0.99946445,0.99940395,0.99945134,0.99967694,0.99999756,0.9996515,0.99955744,0.9995485,0.99947286,0.99937797,0.99947184,0.99939835,0.99923956,0.9994945,0.9994666,0.9994817,0.99947006,0.9995094,0.9993859,0.9993892,0.99941397,0.9994201,0.99940735,0.99960256,0.9995124,0.99949723,0.9995607,0.9994834,0.9992018,0.9991694,0.9993045
ipip223,0.99952173,0.99948114,0.99947363,0.99941736,0.999499,0.999423,0.9995851,0.9995614,0.99956644,0.9994159,0.99942034,0.9994541,0.99951214,0.9994396,0.9993542,0.99942374,0.99950415,0.99948066,0.99953574,0.99955106,0.9995004,0.9995357,0.9994899,0.9995172,0.99939835,0.9995111,0.9995809,0.9995551,0.99949795,0.99952775,0.99945205,0.9995758,0.9993522,0.9995191,0.9995584,0.99946404,0.9995717,0.9995649,0.9995104,0.9995262,0.999429,0.9995684,0.9994523,0.99946535,0.99941325,0.99948335,0.99947,0.9993909,0.99955034,0.99943596,0.99949235,0.9993319,0.99948156,0.9995676,0.9993983,0.9995241,0.9992507,0.99953306,0.9994341,0.9995279,0.99955285,0.9994184,0.999556,0.9994467,0.9994093,0.9993935,0.9996074,0.9995629,0.99950725,0.99960244,0.99952406,0.9994919,0.9993008,0.9994797,0.99944603,0.99920404,0.99943006,0.9995229,0.9995518,0.9995667,0.99941295,0.9995923,0.99937814,0.99950564,0.999576,0.9995292,0.99955314,0.9994816,0.99934095,0.99950606,0.9994243,0.9994942,0.9994541,0.9993415,0.99924326,0.9993033,0.99947387,0.99951774,0.9992728,0.99938065,0.9994876,0.99949455,0.9995168,0.99945194,0.99952585,0.99940604,0.9995031,0.99926156,0.99958855,0.99957347,0.9996005,0.99943125,0.9994438,0.9995225,0.99959356,0.9994897,0.99953985,0.99952346,0.999612,0.99951315,0.9995414,0.99949294,0.99958503,0.9995574,0.9995005,0.99944836,0.9996382,0.9995694,0.9994766,0.9994607,0.99953043,0.9992808,0.9994075,0.99939996,0.9995227,0.9995156,0.9993605,0.9995442,0.9995911,0.99951386,0.99952155,0.9994916,0.9994218,0.9994824,0.99950874,0.99937075,0.99951863,0.99953985,0.99951804,0.99960434,0.9995383,0.99945873,0.9993338,0.9993025,0.999606,0.99946254,0.99949193,0.9994918,0.9993283,0.999621,0.9994005,0.99957424,0.9994805,0.9993494,0.99950296,0.9993204,0.99958175,0.9994229,0.99955225,0.9994814,0.99952644,0.9993664,0.99956906,0.9995026,0.9995465,0.9996112,0.99954623,0.9994962,0.99950343,0.9995459,0.9994958,0.9995136,0.999537,0.99955,0.9994447,0.9994377,0.9996013,0.99959785,0.9996147,0.999541,0.9996197,0.99972403,0.9996831,0.9995685,0.9995881,0.9996704,0.99964094,0.9995724,0.999483,0.999519,0.9996237,0.9995531,0.9995269,0.9996901,0.9995307,0.99942696,0.999589,0.99928635,0.9995231,0.99949205,0.9995706,0.99948704,0.9995739,0.99948776,0.99957454,0.9994495,0.99957436,0.9993233,0.9994996,0.9995205,0.99951166,0.9996317,0.99963075,0.9995646,0.9993883,0.9996166,0.9995908,0.99961245,0.9994194,0.99937177,0.9996618,0.99948645,0.9994962,0.9995082,0.9995835,0.9994831,0.99952424,0.99947023,0.9995534,0.999457,0.99954206,0.9995257,0.99964494,0.9995305,0.9996297,0.9995908,0.99942064,0.9995345,0.9992815,0.99947804,0.999584,0.999581,0.9995089,0.9995844,0.99956685,0.99974996,0.9996587,0.9994511,0.99952304,0.99952745,0.9997593,0.9996515,0.99999833,0.9996927,0.9995611,0.99952936,0.9994459,0.9994363,0.99946105,0.9992221,0.999591,0.99949557,0.9994375,0.99957013,0.999478,0.9994454,0.9994384,0.9994678,0.99938107,0.9994817,0.99947244,0.9996101,0.9995677,0.99943095,0.99956477,0.99924505,0.9992154,0.99936336
ipip253,0.99934804,0.9993505,0.99930316,0.9992774,0.9993588,0.9993125,0.99942726,0.99942064,0.999412,0.99929523,0.9992542,0.99931407,0.9993985,0.99930966,0.99921817,0.99929726,0.9993686,0.9993411,0.99940187,0.9993931,0.9993604,0.9993819,0.9993392,0.99937475,0.99928087,0.99937254,0.9994763,0.99941975,0.9993255,0.9994138,0.99934494,0.9994249,0.9991943,0.9993796,0.999394,0.99931943,0.9994055,0.9993908,0.9993703,0.99939257,0.9993159,0.9993872,0.9993502,0.99928194,0.9993048,0.9993754,0.9993992,0.99926597,0.99939567,0.9993244,0.9993536,0.9992988,0.9993697,0.99953526,0.9992856,0.9994246,0.99915755,0.99937,0.9992967,0.999389,0.9994134,0.99930704,0.99942374,0.9992762,0.9992829,0.99925166,0.999434,0.99937814,0.999408,0.9994186,0.9993672,0.99933654,0.9992521,0.9993948,0.9993447,0.9990179,0.9992735,0.999341,0.9994299,0.99944466,0.9992637,0.9994016,0.99923545,0.99933285,0.99940103,0.99935573,0.9993691,0.9993491,0.99922264,0.99934155,0.99928695,0.9993416,0.9993041,0.9992658,0.9991585,0.9992595,0.9993193,0.99944454,0.9992149,0.9992951,0.99938196,0.99932075,0.9993856,0.9993269,0.99937814,0.9993198,0.99935555,0.9991428,0.99946564,0.9994041,0.9994401,0.9992587,0.99929714,0.99936515,0.9994558,0.9993611,0.99937516,0.9993876,0.99942595,0.9993766,0.9994133,0.99936366,0.99947107,0.99941957,0.99935865,0.99932605,0.9995236,0.99947315,0.99933755,0.99934703,0.9993901,0.9992104,0.99930406,0.99926,0.9993547,0.99937505,0.999222,0.99940914,0.9994494,0.9993777,0.99934465,0.99933887,0.99926955,0.9993394,0.9993497,0.99923974,0.9993545,0.99944997,0.99934965,0.99944216,0.9993915,0.9993289,0.9992563,0.9992184,0.99942225,0.99934924,0.9993387,0.9993884,0.9992035,0.99944645,0.9993067,0.99943846,0.99936676,0.9992349,0.99935794,0.9992107,0.99944794,0.99933773,0.9994647,0.99936515,0.99937814,0.9992899,0.9994119,0.9993364,0.9994236,0.99944454,0.9994098,0.99939656,0.9994206,0.9994805,0.99938774,0.99942756,0.9995006,0.9994628,0.99932134,0.99932325,0.99950814,0.99950844,0.9995292,0.9994647,0.999474,0.999591,0.99953556,0.99944437,0.9994184,0.99947965,0.99955237,0.9994116,0.9994352,0.9994454,0.99963033,0.99944484,0.9994755,0.9995834,0.99940306,0.99932015,0.9994598,0.999175,0.9994037,0.9993411,0.9994527,0.99931705,0.9994458,0.9993571,0.99948573,0.99930984,0.99943584,0.9991809,0.99937165,0.9994133,0.9993429,0.99948376,0.99950784,0.9994156,0.99926597,0.99943376,0.99946177,0.99951833,0.9993571,0.9992376,0.9995994,0.9993843,0.9993624,0.9993432,0.99945486,0.99939287,0.9994084,0.9993764,0.9993994,0.99932504,0.99940914,0.99939543,0.9994669,0.99942267,0.9994772,0.9994572,0.9992845,0.9993617,0.999144,0.9993425,0.9994187,0.99941736,0.9993893,0.999429,0.9994388,0.99973047,0.9995462,0.99931747,0.9993509,0.9993435,0.999621,0.99955744,0.9996927,0.9999979,0.9994426,0.99945515,0.9993283,0.99933743,0.9993305,0.99911857,0.99944305,0.999359,0.999317,0.9994346,0.9993548,0.9993282,0.9993259,0.99934953,0.9993118,0.99932677,0.9993489,0.99945784,0.99943185,0.9993166,0.9994424,0.9991912,0.9991544,0.99924624
ipip283,0.99950486,0.9994712,0.9994794,0.9994457,0.99947965,0.99942946,0.9996039,0.99950147,0.99960387,0.99947673,0.9993935,0.9994207,0.9994859,0.9993852,0.9993853,0.99942803,0.9995075,0.9994776,0.9995051,0.9994968,0.99951106,0.9994463,0.99951863,0.99955004,0.99936,0.99949247,0.9995002,0.99955744,0.99944764,0.99947023,0.999457,0.9996389,0.99939847,0.99944687,0.9995446,0.999482,0.9995443,0.99956447,0.99954087,0.9995134,0.9994206,0.9995229,0.9994256,0.99933296,0.99942505,0.99945176,0.9994032,0.99933636,0.99946946,0.9993874,0.99950814,0.9993901,0.99945974,0.99952596,0.99946046,0.9995716,0.9992544,0.99953496,0.9994654,0.99965495,0.9994861,0.9993856,0.99949366,0.9993951,0.99936056,0.9994165,0.99953306,0.99974626,0.99943846,0.9996395,0.9995277,0.9994926,0.9993155,0.9994639,0.9993969,0.9990737,0.99935436,0.99943745,0.9996057,0.99959004,0.9994034,0.9995214,0.99927515,0.9994501,0.99947065,0.99949425,0.99948794,0.9994936,0.99931806,0.9994468,0.99940157,0.9994618,0.99939746,0.99924856,0.999197,0.9992411,0.99946433,0.9995017,0.999232,0.99925095,0.9994402,0.9994553,0.9994646,0.9994484,0.9994475,0.99943537,0.99943596,0.9993068,0.9995325,0.99950206,0.9995436,0.9993376,0.9993732,0.9994615,0.9995485,0.99946254,0.999504,0.9995349,0.99953413,0.9994521,0.9995301,0.99944264,0.9995688,0.9995183,0.99949056,0.99944437,0.9996002,0.99950725,0.99954695,0.99941,0.9995252,0.99921954,0.99940175,0.999372,0.9995246,0.99952245,0.99937916,0.9996667,0.9995543,0.99948853,0.9994821,0.99947166,0.999413,0.9994845,0.99944973,0.9993073,0.9994548,0.9994742,0.99956197,0.999487,0.999502,0.99941623,0.9992639,0.99923325,0.9995217,0.9994722,0.99947596,0.99948084,0.9992273,0.9995229,0.9993941,0.9995775,0.9994717,0.99940586,0.9994889,0.99935365,0.9995567,0.9993795,0.9995347,0.99942976,0.99953353,0.99932176,0.9995231,0.9994732,0.99956816,0.9995223,0.99951607,0.99947083,0.99947137,0.99957556,0.9994717,0.9995217,0.99942374,0.9995334,0.9994879,0.9993515,0.99959755,0.99960494,0.9996373,0.9994497,0.9995572,0.99963254,0.9996086,0.9995793,0.9995211,0.99957,0.9995691,0.9995346,0.999418,0.9994498,0.9994814,0.999526,0.9994305,0.99957013,0.99948955,0.9994216,0.99958134,0.99931186,0.9995507,0.9994205,0.99954325,0.99940366,0.99957603,0.99944663,0.9995618,0.999397,0.99949867,0.99943006,0.9994688,0.9994712,0.99952036,0.9995133,0.99955297,0.9994686,0.9993282,0.9995857,0.99956286,0.99958974,0.9994174,0.9994662,0.9996332,0.9994364,0.9994752,0.99949366,0.99951166,0.9994054,0.9994419,0.9994429,0.99953485,0.9994589,0.9994759,0.9994363,0.99953926,0.9995167,0.99951226,0.9995345,0.9994263,0.9995369,0.99926984,0.99946946,0.99964845,0.99964184,0.9995495,0.9996355,0.9995991,0.9995674,0.99957323,0.99946874,0.999406,0.9995373,0.99966455,0.9995485,0.9995611,0.9994426,0.9999973,0.99950266,0.999442,0.99950296,0.9994607,0.99925286,0.9995699,0.9996462,0.9994165,0.9995427,0.99947625,0.99944824,0.99945384,0.9993911,0.9993269,0.99947256,0.9995231,0.9995754,0.999571,0.9994942,0.9995224,0.9992251,0.99924487,0.99934936
ipip18,0.999617,0.9995181,0.99954146,0.99946976,0.99962413,0.99952954,0.99965566,0.99954206,0.9996278,0.99948245,0.9994725,0.99961597,0.99957466,0.99947286,0.9994294,0.99950147,0.99957067,0.9994778,0.99958324,0.9996041,0.9995689,0.9995605,0.9996508,0.9995359,0.9994582,0.99953157,0.99952686,0.99956095,0.99951136,0.99954057,0.99956334,0.9996426,0.99945587,0.99957454,0.9996574,0.99965537,0.9995343,0.9996053,0.9995429,0.9996056,0.9995368,0.9996166,0.9995473,0.9994689,0.99946326,0.9995761,0.9995268,0.9994434,0.99959296,0.99949425,0.999563,0.999307,0.9997477,0.9994926,0.9994428,0.99958694,0.99941874,0.99949926,0.9995302,0.99961984,0.9996538,0.99953717,0.9996671,0.999507,0.9994669,0.9994749,0.9995992,0.9995822,0.9995495,0.9995167,0.9997848,0.9996792,0.99945855,0.9998031,0.99961454,0.9990918,0.999442,0.9995487,0.9996171,0.9996641,0.9995163,0.9996435,0.9994344,0.9996133,0.9996055,0.9996556,0.9995899,0.99949163,0.9994464,0.99954605,0.999558,0.9996162,0.9995904,0.99940157,0.99934965,0.99935067,0.99967927,0.99952835,0.9993512,0.9993753,0.99952763,0.99958533,0.9996018,0.99953,0.9996142,0.99940246,0.9995457,0.999405,0.9996142,0.99967265,0.99972343,0.99953437,0.9996076,0.9995507,0.9996391,0.9996215,0.9996364,0.99963015,0.99963725,0.9995733,0.99961364,0.9995065,0.9996386,0.99963075,0.9995722,0.9994769,0.9995725,0.9996406,0.9995046,0.9994464,0.9997151,0.9992894,0.99957657,0.9994554,0.99968934,0.9997478,0.9995089,0.9996874,0.99973893,0.999694,0.9996506,0.99957967,0.9994598,0.999593,0.9996131,0.99943465,0.9995734,0.99958,0.9995676,0.9995722,0.999613,0.9995447,0.999405,0.99938196,0.99966687,0.999671,0.9996507,0.9997459,0.9993901,0.9996368,0.99955285,0.9997423,0.99956095,0.9995313,0.99970686,0.9994259,0.99972564,0.99950033,0.9996297,0.9995396,0.99969155,0.99946845,0.99961764,0.99958897,0.9995835,0.99964124,0.9995588,0.99955493,0.9995314,0.99953556,0.99943554,0.9994799,0.9995252,0.99954665,0.99941164,0.99958134,0.9995621,0.9995905,0.99957776,0.9994577,0.9995701,0.9996354,0.9996251,0.9995826,0.9996017,0.9996751,0.9996079,0.99963665,0.9994421,0.99952024,0.99956965,0.9995934,0.9995276,0.999648,0.9995872,0.9994858,0.9996204,0.99929655,0.99953574,0.9994757,0.9995874,0.9994592,0.999577,0.99961185,0.999574,0.99947846,0.99955624,0.9991764,0.9994936,0.9995668,0.9996888,0.9996124,0.99965817,0.99955875,0.9993997,0.9996692,0.9996127,0.9996081,0.9992825,0.9994353,0.9995808,0.99957335,0.99963135,0.99957144,0.99967164,0.9994918,0.9995899,0.99965286,0.9996955,0.99957657,0.99960345,0.99953,0.9996834,0.9995098,0.99956536,0.9995855,0.9995739,0.9997265,0.9992889,0.9996708,0.99967796,0.99968714,0.9995652,0.99968135,0.9996154,0.9995772,0.9995129,0.9995907,0.9995308,0.9995821,0.99965614,0.99947286,0.99952936,0.99945515,0.99950266,0.9999978,0.99966943,0.99959403,0.9996614,0.9995128,0.99978274,0.99964267,0.9996594,0.999726,0.99966323,0.99964935,0.99963737,0.99956834,0.9994649,0.999612,0.9995999,0.9997057,0.9995889,0.9995647,0.99967366,0.99930066,0.9992823,0.9994673
ipip48,0.9995207,0.99945664,0.9994591,0.99940675,0.9995364,0.99948287,0.9995495,0.999455,0.9995667,0.9994057,0.99941474,0.9995358,0.99950325,0.9994217,0.9994241,0.999429,0.99949694,0.9994532,0.99954736,0.9995119,0.9995602,0.9995019,0.9997487,0.99952203,0.99945354,0.9994692,0.9994263,0.99953103,0.9994535,0.99945825,0.99947625,0.9995534,0.9993774,0.99951243,0.9995529,0.9997016,0.99948096,0.9995432,0.999499,0.99953675,0.99941796,0.9995393,0.9995055,0.99936676,0.9994003,0.99952805,0.9994882,0.9994421,0.9995322,0.99943554,0.9994965,0.9992474,0.99954516,0.99943733,0.9994093,0.99951184,0.9993024,0.99947804,0.9994484,0.9995302,0.9995994,0.9994836,0.9995803,0.99945223,0.99949825,0.9994747,0.99953544,0.9995167,0.99947166,0.9994384,0.9997099,0.99975187,0.99939144,0.9996527,0.99952626,0.99909174,0.99941206,0.9995027,0.99953127,0.99955046,0.9995395,0.9995898,0.99940705,0.9995368,0.9995828,0.99956626,0.9995151,0.9994372,0.9993809,0.9994776,0.99951226,0.99956137,0.99951273,0.9993236,0.99926704,0.999298,0.9995312,0.99943244,0.9992561,0.99930936,0.9994678,0.9995307,0.9995501,0.99952024,0.99957,0.9993734,0.9994738,0.9993607,0.99955595,0.99955946,0.9996188,0.99945825,0.99950886,0.99948317,0.9995879,0.99968255,0.9995566,0.9996034,0.9995304,0.99959797,0.9995981,0.9994417,0.99957454,0.99954766,0.99952656,0.9994068,0.9995376,0.9995491,0.99947435,0.99936086,0.9997311,0.99939954,0.99963105,0.99944496,0.9996964,0.9996612,0.99947554,0.99961734,0.99963844,0.9995897,0.99957067,0.99959356,0.99943334,0.9995711,0.99956375,0.999342,0.9995398,0.9995072,0.99949205,0.99949026,0.9995664,0.99956626,0.99948937,0.9993181,0.99957526,0.99974406,0.99974567,0.99972415,0.99927294,0.99953115,0.9996028,0.99973094,0.99949515,0.99956185,0.99961483,0.9994001,0.99961793,0.9995334,0.9995445,0.99946684,0.9996727,0.99943167,0.9995306,0.9995499,0.99948996,0.99952847,0.99951917,0.99947715,0.99951816,0.9994722,0.99939007,0.999407,0.99944997,0.9994636,0.99932694,0.9995177,0.99949026,0.99950457,0.99950075,0.9994594,0.9995177,0.99955106,0.9995351,0.9994976,0.9995555,0.999591,0.99955916,0.9995438,0.99943143,0.9994667,0.99948716,0.99948734,0.9994307,0.99954504,0.9995293,0.9994793,0.9995479,0.99928814,0.99952257,0.9994306,0.999524,0.9994081,0.999497,0.9995921,0.99950373,0.99947244,0.99954337,0.9991597,0.9994519,0.9995747,0.999781,0.99953556,0.9995432,0.99953955,0.9993561,0.9995885,0.99952686,0.99953705,0.99925596,0.9993872,0.9995089,0.9994509,0.9995691,0.9995279,0.9995675,0.9994047,0.9995412,0.99966705,0.99974686,0.9996988,0.9995885,0.9995767,0.99957675,0.9994422,0.9995183,0.9995353,0.99953675,0.9997316,0.999236,0.9997324,0.9996334,0.9996301,0.9996173,0.99965274,0.99961436,0.999494,0.99944973,0.9996301,0.99958897,0.99960065,0.9995439,0.99937797,0.9994459,0.9993283,0.999442,0.99966943,0.99999666,0.999664,0.9997941,0.99941707,0.9996428,0.9995415,0.9995503,0.99967504,0.99955493,0.9997333,0.9997494,0.99951345,0.99942726,0.9996927,0.9995303,0.9996031,0.99952525,0.99949753,0.99959064,0.9991991,0.9992407,0.99938697
ipip78,0.99953604,0.99946487,0.9994459,0.99941856,0.9995531,0.99949753,0.9995717,0.9994852,0.99968225,0.99943215,0.99939156,0.99948984,0.99947095,0.9994042,0.99943286,0.9993956,0.99949384,0.99947184,0.9995372,0.9994997,0.9995082,0.99951875,0.99964917,0.99967444,0.9995265,0.999473,0.9995189,0.9995068,0.9994443,0.9994515,0.9995656,0.99957645,0.99937826,0.99958664,0.9995587,0.99960065,0.99946594,0.99954516,0.9994867,0.99957085,0.99935997,0.9995031,0.99956715,0.99932843,0.9994607,0.9995567,0.9995569,0.9995282,0.99953765,0.9993995,0.9995327,0.99926305,0.99950475,0.999458,0.99957144,0.99945027,0.9992998,0.99945235,0.99943835,0.9995521,0.9995873,0.99953127,0.99958456,0.9995788,0.9994775,0.9995014,0.99953413,0.99963796,0.9995825,0.99951446,0.9996542,0.9996268,0.9994382,0.99956,0.99948287,0.99902236,0.9993599,0.99949515,0.99961036,0.9996468,0.9995337,0.99956816,0.99933773,0.99953395,0.9995276,0.99955165,0.99948984,0.99941903,0.9993555,0.99947965,0.999449,0.9995801,0.99948096,0.9993244,0.999252,0.99926955,0.99955976,0.99957186,0.9992416,0.99932873,0.99942523,0.9996162,0.99953204,0.99951637,0.99954367,0.9993826,0.9994709,0.99945414,0.9995929,0.9995589,0.9995887,0.99945116,0.99947375,0.9994686,0.9995719,0.99958235,0.99955326,0.999601,0.99955124,0.9995378,0.9995727,0.9994015,0.99957657,0.9995516,0.99949074,0.99949723,0.99952525,0.9995024,0.9996633,0.99935484,0.9996464,0.9993485,0.99953556,0.99948716,0.9995972,0.999583,0.9995414,0.99958384,0.9995852,0.9996298,0.9995895,0.9995915,0.9994347,0.9996503,0.99956906,0.99927974,0.9995494,0.99961084,0.9994494,0.9994959,0.999679,0.9996162,0.9995109,0.999402,0.9996045,0.9996127,0.9996178,0.9996286,0.99925435,0.9995719,0.9994833,0.9996696,0.9995038,0.9996544,0.99963963,0.99934465,0.9995592,0.99960905,0.9995674,0.9994254,0.99964774,0.99937576,0.99953115,0.9995496,0.99962705,0.9995063,0.99956244,0.99951077,0.9996412,0.9994931,0.99940956,0.9995192,0.9995128,0.99955827,0.99936813,0.99942166,0.99952537,0.9995426,0.99953866,0.99950606,0.9995236,0.9995578,0.9995336,0.99962777,0.99954593,0.9995916,0.9995828,0.9995487,0.99949,0.99953806,0.9995215,0.999561,0.99946386,0.9995377,0.99956244,0.9996192,0.99965143,0.99935573,0.9995335,0.99946755,0.9995056,0.9994011,0.9996234,0.9996046,0.99955875,0.9995285,0.99951386,0.9992254,0.9994451,0.999512,0.9996729,0.9995054,0.99954987,0.9996224,0.9992823,0.9995834,0.99953973,0.99956524,0.99934036,0.9994825,0.99954534,0.99944013,0.9995931,0.9995654,0.9995604,0.99942607,0.9996217,0.99958575,0.9996651,0.9995573,0.99955785,0.99954224,0.99956846,0.99949384,0.9994577,0.9995875,0.99954945,0.9996969,0.9992017,0.9996198,0.99961746,0.9996128,0.99947196,0.99960476,0.9995352,0.99952376,0.99949217,0.99976796,0.9995215,0.9996466,0.99954295,0.99947184,0.9994363,0.99933743,0.99950296,0.99959403,0.999664,0.99999714,0.99966365,0.9993358,0.9996032,0.9995407,0.9996024,0.9995941,0.9996211,0.9996137,0.99962485,0.9996054,0.99946326,0.9996633,0.99969447,0.9995812,0.99958646,0.99966383,0.9995328,0.99922824,0.99920607,0.9993527
ipip108,0.99953246,0.99947524,0.99946797,0.99941635,0.9995352,0.99950635,0.9995496,0.9994749,0.9995914,0.99941,0.9994066,0.9995448,0.9995229,0.9994496,0.9994428,0.99943984,0.999513,0.999459,0.99955726,0.9995333,0.9995649,0.9995112,0.9997187,0.9995274,0.9994924,0.9994737,0.9994386,0.9995394,0.999481,0.9994878,0.99948454,0.9995669,0.99940866,0.99952143,0.9995559,0.99967366,0.999477,0.9995293,0.9995265,0.9995422,0.99942136,0.9995471,0.9995106,0.99936926,0.9994272,0.99952984,0.9994964,0.99944514,0.99953943,0.99946386,0.9994792,0.99924636,0.9995325,0.9994383,0.9994132,0.99951935,0.999303,0.99950093,0.9994577,0.99954414,0.99963546,0.999531,0.9996052,0.999482,0.99952626,0.99951965,0.9995502,0.9995431,0.9994992,0.9994676,0.99969655,0.9997403,0.9994269,0.99964005,0.99956536,0.9991128,0.99941707,0.99951315,0.999538,0.99955976,0.99956644,0.99960655,0.9993921,0.99954885,0.9995529,0.999567,0.99953413,0.99948454,0.99942684,0.9994896,0.99952763,0.99956155,0.9995539,0.99942166,0.9993096,0.9993212,0.9995266,0.9994904,0.99930245,0.9993641,0.99950963,0.9995571,0.9997072,0.99954116,0.9996218,0.99945635,0.99950397,0.9994779,0.99968183,0.9995881,0.99962384,0.9994789,0.99953383,0.99955183,0.999607,0.9996884,0.999599,0.99962354,0.9995532,0.9995937,0.99960697,0.99948376,0.9995768,0.99956024,0.9995164,0.9994129,0.9995337,0.9995269,0.9994905,0.9993651,0.9997013,0.9993553,0.999614,0.99952054,0.9996676,0.9996495,0.9994799,0.9995798,0.9995985,0.9995744,0.99960506,0.9996379,0.9994724,0.9995829,0.9996006,0.9993854,0.99956495,0.9995327,0.9994959,0.9995182,0.99958134,0.9995487,0.9995273,0.9993922,0.9995813,0.99973994,0.9997399,0.99968666,0.99931324,0.99955,0.9995695,0.99971366,0.9994936,0.9995866,0.9996044,0.99937403,0.99959064,0.9995445,0.99955153,0.99949783,0.9996736,0.99944884,0.99952817,0.9995475,0.99950254,0.99952847,0.9995248,0.9994865,0.99951905,0.9994794,0.9994325,0.99942833,0.9994692,0.999477,0.999359,0.9995381,0.99949527,0.99950653,0.9995034,0.999464,0.9995334,0.9995478,0.9995351,0.9995141,0.9995657,0.99958116,0.999557,0.9995517,0.99942756,0.9994797,0.9994747,0.9994973,0.9994563,0.9995395,0.9995546,0.99952215,0.99956423,0.99933606,0.99955785,0.9994411,0.9995206,0.99941605,0.9995183,0.99960697,0.99951845,0.99949944,0.9995358,0.9992307,0.9995069,0.9995656,0.99974006,0.99953413,0.9995638,0.9995682,0.99936134,0.99959344,0.9995288,0.999562,0.9993088,0.99941695,0.9995309,0.99946404,0.9995926,0.99955964,0.99959564,0.9994249,0.9995374,0.9996267,0.9997256,0.99968374,0.99958307,0.9995811,0.9995687,0.9994707,0.99951243,0.99954855,0.99952686,0.999702,0.99922436,0.999646,0.999641,0.99964243,0.99955845,0.9996445,0.99959284,0.99950325,0.99946606,0.9996242,0.99957144,0.99961656,0.9995509,0.99939835,0.99946105,0.9993305,0.9994607,0.9996614,0.9997941,0.99966365,0.9999977,0.9994473,0.99965346,0.9995708,0.9995569,0.9996778,0.999583,0.99971783,0.999699,0.99951315,0.99945,0.9996704,0.9995403,0.99960256,0.9995461,0.9995105,0.9995898,0.9992173,0.9992083,0.9993762
ipip138,0.9992569,0.9992703,0.9993297,0.9992204,0.9992941,0.9993017,0.99927044,0.99920225,0.9993381,0.9992283,0.99917763,0.9994835,0.9992823,0.9992302,0.999319,0.9991685,0.99925715,0.99921525,0.999284,0.9992384,0.9992855,0.9992418,0.9993682,0.9992402,0.99922425,0.9991913,0.99924076,0.99927884,0.9992278,0.99922806,0.9992421,0.99930996,0.9991548,0.99923027,0.9992411,0.9993492,0.99917144,0.9992082,0.99923444,0.9992639,0.9992311,0.9992997,0.99928534,0.9991341,0.99927276,0.9992564,0.9992463,0.9992625,0.9992598,0.99919766,0.999208,0.9990996,0.999319,0.99916995,0.9992692,0.9993325,0.999143,0.99930114,0.9992969,0.99931353,0.9993186,0.99935937,0.99931973,0.9993193,0.99920315,0.9993652,0.9992454,0.9993027,0.99929655,0.999295,0.99940896,0.9994092,0.99931407,0.9994012,0.9994172,0.9989466,0.9991418,0.99923927,0.9993546,0.9993767,0.9993455,0.99933624,0.99915266,0.99927175,0.9992944,0.9992499,0.99923277,0.9992456,0.9992613,0.99922717,0.9993159,0.9992406,0.9992503,0.99911696,0.9991686,0.999033,0.99925435,0.9992379,0.9991609,0.9991368,0.9991981,0.99924845,0.9992877,0.99925756,0.9993355,0.9992347,0.99916565,0.9991608,0.9993003,0.9992608,0.99935645,0.99926764,0.9995068,0.99925816,0.9992715,0.99940157,0.9992694,0.9992801,0.99927574,0.9992688,0.99926263,0.9991677,0.99942017,0.99934727,0.999188,0.9991958,0.9992995,0.9993274,0.9993229,0.9991531,0.9993493,0.9990716,0.9993708,0.99930537,0.99930155,0.99955034,0.9992651,0.999334,0.9993422,0.9992913,0.9992871,0.999329,0.9992285,0.9992951,0.9993612,0.99916756,0.99930847,0.9993013,0.99932235,0.99925697,0.9992482,0.9992493,0.9992028,0.9991501,0.9992635,0.9994844,0.9994581,0.99939924,0.9991932,0.9992279,0.9993228,0.9993865,0.99917847,0.9993046,0.9992823,0.9991368,0.9993237,0.9992463,0.9992336,0.99919534,0.99930155,0.9991891,0.9991915,0.99920076,0.99926466,0.99924123,0.99926174,0.99924314,0.9992483,0.9991829,0.99920017,0.9992673,0.9991981,0.99930197,0.999295,0.99926054,0.99917024,0.9991998,0.9992007,0.9991928,0.99921054,0.999281,0.99925977,0.9992753,0.99930376,0.9992935,0.999262,0.9992373,0.99917334,0.9992357,0.99915636,0.9991809,0.9992136,0.99926454,0.99938464,0.9992464,0.99925774,0.999165,0.9993047,0.9992106,0.9994758,0.9991315,0.99926823,0.99940497,0.99934024,0.99925894,0.99922293,0.9990698,0.9992902,0.9992342,0.99937165,0.9992651,0.999283,0.9992992,0.99925715,0.99929357,0.9992065,0.99927956,0.99915665,0.99919325,0.9992325,0.99923754,0.9993345,0.9993809,0.99928766,0.9991937,0.9992187,0.9992875,0.99934024,0.99936694,0.9992623,0.9992861,0.9992402,0.9992878,0.99922967,0.9992869,0.99932855,0.99935555,0.9991426,0.99937135,0.9994072,0.9994066,0.99933225,0.9993995,0.99935716,0.99921346,0.99918133,0.9993006,0.999276,0.9993304,0.9992772,0.99923956,0.9992221,0.99911857,0.99925286,0.9995128,0.99941707,0.9993358,0.9994473,0.9999971,0.9994018,0.99938965,0.99933875,0.99938554,0.9994716,0.9993937,0.9993655,0.9992296,0.999249,0.9993751,0.99939126,0.9993441,0.9993105,0.99935395,0.9993525,0.9991041,0.99907726,0.9992141
ipip168,0.99970716,0.999539,0.99959314,0.99948895,0.99965733,0.99956226,0.9998011,0.9995965,0.99972415,0.9995113,0.9995036,0.99964935,0.9995776,0.9994744,0.9994484,0.99955016,0.99962074,0.9995084,0.9996394,0.9996644,0.9996073,0.9995831,0.999691,0.9996421,0.99948406,0.9996144,0.9995482,0.9996293,0.99958086,0.999563,0.99959666,0.9997761,0.9995672,0.9996444,0.99974847,0.9996877,0.99966073,0.99972725,0.9996202,0.9997134,0.99960494,0.99973536,0.9995462,0.9995029,0.99947125,0.99963486,0.99955523,0.9994839,0.9996336,0.9994855,0.9996444,0.999304,0.99968266,0.99957687,0.9994333,0.9996064,0.99939996,0.99954355,0.9995296,0.99971354,0.9996988,0.9995521,0.99971056,0.9995466,0.99950355,0.9994947,0.99969906,0.999715,0.99961215,0.99957424,0.9998289,0.99970084,0.9994091,0.99974144,0.99956155,0.99909955,0.9994771,0.9996034,0.9996531,0.99971133,0.99954426,0.9997148,0.99945533,0.99968165,0.99963266,0.99975145,0.99968684,0.9995113,0.9994481,0.9996269,0.999548,0.9997001,0.9996192,0.99937713,0.99928975,0.9993443,0.9997141,0.99955297,0.99933165,0.99934494,0.99955624,0.999651,0.9996379,0.9995739,0.9996429,0.9994178,0.9996236,0.99941635,0.9996993,0.9997765,0.9998138,0.99953014,0.9995873,0.9995802,0.9997175,0.9995828,0.9997003,0.9996854,0.9996915,0.99958265,0.99967676,0.99953204,0.99968386,0.999671,0.9996357,0.9995186,0.99964905,0.99970526,0.99952877,0.9994951,0.99976,0.9992578,0.9995362,0.9994531,0.9997509,0.9997016,0.9995355,0.9997735,0.99982536,0.999736,0.99973345,0.999621,0.99949646,0.9996328,0.9996559,0.9994164,0.99963355,0.99964815,0.9996125,0.99964577,0.9996855,0.99957025,0.9993605,0.9993513,0.99975556,0.9996483,0.9996356,0.99970096,0.9993748,0.9997594,0.99948907,0.99976397,0.9995892,0.9995253,0.9997443,0.9994241,0.99983644,0.99953365,0.99967045,0.9995555,0.99978155,0.99945676,0.99971616,0.9996423,0.99964476,0.99969745,0.9996815,0.9996604,0.9996428,0.9996238,0.9994669,0.9995219,0.9995325,0.99957865,0.99944735,0.9996052,0.9996779,0.9997008,0.99969035,0.9995241,0.9996878,0.99971294,0.9997074,0.99965286,0.9996799,0.9997805,0.99969965,0.9998174,0.9995055,0.99959856,0.9996417,0.9997149,0.99952024,0.99971694,0.99963576,0.999562,0.9997296,0.9993382,0.9995884,0.99954134,0.9995982,0.99954224,0.99965656,0.999634,0.9996048,0.99951214,0.9996063,0.9991945,0.99956036,0.9996321,0.999744,0.9996499,0.99971867,0.9995932,0.99938285,0.9997545,0.99974066,0.9996878,0.99934506,0.99949145,0.9996636,0.999605,0.9996726,0.9996417,0.9997427,0.9995082,0.9996262,0.9996142,0.99974537,0.99953485,0.99962467,0.99955356,0.99976194,0.9995534,0.999581,0.9996616,0.9995536,0.9998028,0.99924934,0.9996456,0.99978274,0.9997863,0.9996142,0.9997939,0.99966407,0.99963915,0.99960107,0.9996339,0.9995218,0.9996263,0.9997228,0.9994945,0.999591,0.99944305,0.9995699,0.99978274,0.9996428,0.9996032,0.99965346,0.9994018,0.999997,0.99977714,0.99964756,0.9998627,0.99967134,0.9996208,0.9996112,0.9995951,0.9994829,0.99963254,0.9995979,0.99977463,0.99964345,0.9995644,0.999715,0.9992678,0.9992566,0.99949676
ipip198,0.9994921,0.99945074,0.9994405,0.9994051,0.9995197,0.9994887,0.99959195,0.9994832,0.99964297,0.9994545,0.99940777,0.9994831,0.99946374,0.99935955,0.99942625,0.9993983,0.999471,0.9994184,0.999503,0.9994856,0.9994685,0.99946475,0.9995678,0.9995565,0.999386,0.99945307,0.99949634,0.9995073,0.99945253,0.999465,0.9994155,0.99973196,0.999493,0.9994704,0.9995224,0.9995532,0.99946815,0.9995127,0.99947417,0.9995217,0.99955225,0.9996495,0.99943787,0.9993437,0.9994418,0.9994968,0.99945366,0.9993872,0.99946564,0.99938226,0.9994977,0.99929905,0.9995313,0.9994471,0.9995095,0.9995507,0.9993118,0.99957794,0.99945164,0.9996853,0.9995133,0.9994125,0.9995164,0.9994256,0.99938065,0.99942786,0.9995044,0.9997029,0.9994848,0.9996531,0.99961597,0.9995827,0.99937147,0.9995714,0.99944454,0.99907583,0.9993798,0.9994585,0.9996415,0.999666,0.9994412,0.9995327,0.99931407,0.99948025,0.9994729,0.99951124,0.9994932,0.9994296,0.99936086,0.9994606,0.9994198,0.999492,0.99943924,0.9992485,0.9992621,0.9992435,0.99948555,0.999549,0.9992678,0.9993143,0.9994254,0.99945945,0.999485,0.9994578,0.9994893,0.9994599,0.9994616,0.9993456,0.9995858,0.999548,0.9995972,0.999374,0.99945694,0.9994483,0.99952924,0.99950033,0.99949974,0.9995028,0.99951965,0.99946964,0.9994951,0.99937594,0.99957275,0.99952143,0.999443,0.9994129,0.99958986,0.9995734,0.9995905,0.99935746,0.9995882,0.9992245,0.9994609,0.99936944,0.9995789,0.9995923,0.9994173,0.9997911,0.99961454,0.99951935,0.9995183,0.99948597,0.999402,0.99949193,0.9995006,0.9993231,0.9994917,0.999511,0.9997129,0.99948955,0.9995178,0.99945366,0.99929965,0.999287,0.9995165,0.9995546,0.9995451,0.9995715,0.9992792,0.99953246,0.99941593,0.9995984,0.9994098,0.99948704,0.99952614,0.9993914,0.99966264,0.99943686,0.9994772,0.9994053,0.9995903,0.999358,0.9994826,0.999428,0.99953324,0.9995022,0.9995549,0.9995634,0.99956465,0.99950093,0.99939364,0.999483,0.99941367,0.9995201,0.9995157,0.9994457,0.99950415,0.99952173,0.99952054,0.9994335,0.9995086,0.9995654,0.9995338,0.99953943,0.9995055,0.9995728,0.99954647,0.9996356,0.99941003,0.99953103,0.99946404,0.99952084,0.9994966,0.99954104,0.9995482,0.99947244,0.99954927,0.9993978,0.99958295,0.99951833,0.999547,0.99937415,0.9995544,0.9995265,0.9996098,0.9994307,0.99948204,0.9993278,0.99943215,0.99946,0.9995911,0.99949783,0.99952614,0.9994897,0.9993564,0.9995806,0.99952984,0.9995628,0.99946237,0.999499,0.99955666,0.9994215,0.99951655,0.9995291,0.9995345,0.99937886,0.99946135,0.9994693,0.99958295,0.99946576,0.999451,0.9994518,0.99953735,0.9995696,0.9994589,0.9995556,0.9995144,0.99959683,0.9992166,0.9995513,0.99974585,0.9997456,0.99965686,0.99974984,0.9996667,0.9994886,0.99946016,0.9994799,0.9994397,0.9995087,0.9995552,0.9994666,0.99949557,0.999359,0.9996462,0.99964267,0.9995415,0.9995407,0.9995708,0.99938965,0.99977714,0.9999976,0.99946207,0.9997034,0.9995656,0.999508,0.9995067,0.99941885,0.9993955,0.99951833,0.9996136,0.9996135,0.99957377,0.99957496,0.9995763,0.9992746,0.9992825,0.99938625
ipip228,0.9995469,0.99943775,0.9994542,0.9994618,0.99954885,0.99945813,0.99958587,0.9994592,0.99963725,0.99946654,0.9994187,0.9995696,0.9994944,0.9994294,0.9993895,0.9994266,0.9995153,0.99945754,0.99954367,0.9995296,0.999532,0.9995094,0.9995807,0.9995804,0.9994809,0.99948186,0.9994897,0.9995183,0.9994665,0.99946564,0.9996127,0.9995375,0.999385,0.9995997,0.99957514,0.9995517,0.9994853,0.9995577,0.99951345,0.9996097,0.9994102,0.999463,0.9996129,0.99935645,0.9994154,0.9994948,0.9995203,0.9994115,0.9995344,0.999462,0.9995068,0.99924296,0.9995358,0.9994449,0.9994046,0.99945486,0.9993233,0.99942344,0.99942875,0.99951106,0.99959046,0.9994818,0.99959743,0.99955523,0.9994598,0.9994453,0.9995442,0.9995024,0.9995339,0.99941766,0.99967206,0.9995865,0.999354,0.9996469,0.9995767,0.99902475,0.9994074,0.99951273,0.9995973,0.9996398,0.99949634,0.9996087,0.99938226,0.9995828,0.99955183,0.9996019,0.9995395,0.9994271,0.9993975,0.999492,0.9994783,0.9995923,0.9995165,0.99933255,0.99925005,0.9992551,0.9995617,0.99952817,0.9992553,0.9992853,0.99944615,0.9996453,0.9995355,0.9995203,0.9995754,0.9993158,0.9994947,0.9993713,0.9995589,0.9995899,0.99962384,0.99947435,0.9995335,0.99948275,0.99960476,0.9995548,0.9995749,0.99959236,0.9996056,0.99953306,0.99957514,0.999421,0.99956965,0.9995669,0.99950755,0.99950975,0.999494,0.99951833,0.9994993,0.9993787,0.99960726,0.99925804,0.99950844,0.99941385,0.99957454,0.9995873,0.99947244,0.9995127,0.999625,0.9996053,0.99960387,0.9995477,0.99940896,0.9995636,0.99958014,0.99931544,0.9995478,0.999566,0.9993977,0.9995197,0.99966574,0.9996166,0.9993938,0.9993078,0.9996152,0.99957216,0.9995614,0.99960566,0.9992741,0.9995845,0.99945635,0.9996514,0.9995256,0.9995122,0.9996156,0.99932253,0.9995556,0.99951655,0.9995607,0.999449,0.9995988,0.99937993,0.9995571,0.9995569,0.99964285,0.9995397,0.9995079,0.9994869,0.99954605,0.9994931,0.99942034,0.9995031,0.99952507,0.9995688,0.9992865,0.9994435,0.99953043,0.9995454,0.9995429,0.9995292,0.9995367,0.9995631,0.9995459,0.9996445,0.9995717,0.9996102,0.999573,0.9995271,0.99949384,0.9994989,0.99952537,0.99955356,0.9994356,0.99956006,0.9995191,0.9995493,0.9996684,0.99929523,0.99944603,0.99943894,0.9994902,0.99941087,0.99962384,0.9995973,0.99952674,0.99951607,0.99951565,0.9991495,0.9994575,0.9995529,0.99962026,0.9995318,0.99957746,0.99960625,0.99928045,0.99959666,0.9995686,0.999545,0.9992316,0.99940574,0.99951845,0.99950457,0.9995661,0.9995392,0.99958193,0.9994771,0.99961287,0.99953675,0.99962085,0.9994945,0.99956906,0.9994874,0.9995929,0.99948657,0.999483,0.99954003,0.9994739,0.9996341,0.9991588,0.99953425,0.9995743,0.9995867,0.99944335,0.99958175,0.9994939,0.99951094,0.9994703,0.999624,0.9994396,0.99955213,0.99956983,0.9994817,0.9994375,0.999317,0.9994165,0.9996594,0.9995503,0.9996024,0.9995569,0.99933875,0.99964756,0.99946207,0.9999974,0.9995775,0.9996889,0.999529,0.99950427,0.9995795,0.9993845,0.9995354,0.9995685,0.9995789,0.99951535,0.99953413,0.999521,0.9991981,0.9991525,0.9993706
ipip258,0.9996459,0.99950624,0.9995489,0.999452,0.99960184,0.9995314,0.9997512,0.9995762,0.99969655,0.9994784,0.9994782,0.99958646,0.99954146,0.99945253,0.9994221,0.99950105,0.9995737,0.99948686,0.9995992,0.99961334,0.9995587,0.9995367,0.999643,0.99960124,0.9994711,0.9995749,0.9995307,0.9995975,0.9995452,0.9995288,0.9995478,0.99971604,0.9995391,0.99960554,0.99968696,0.99963784,0.9996058,0.9996771,0.99957407,0.99965745,0.999569,0.999712,0.99951667,0.9994706,0.9994504,0.9995802,0.99953604,0.99945754,0.99959654,0.99946016,0.99959177,0.9992844,0.9996104,0.9995494,0.99944395,0.999606,0.99937046,0.9995319,0.9995035,0.9996772,0.9996349,0.9994948,0.9996362,0.9994985,0.99947155,0.9994549,0.9996463,0.9996626,0.9995661,0.9995379,0.9997463,0.9996549,0.9993826,0.9996602,0.99949664,0.99910855,0.99946404,0.999572,0.9996403,0.99966466,0.99950016,0.9996436,0.9994229,0.99961686,0.9995953,0.99966824,0.9996245,0.9994955,0.9994103,0.9995762,0.9995075,0.99962217,0.9995519,0.99935895,0.9992569,0.99932724,0.9996387,0.99952286,0.99931127,0.99935526,0.9995353,0.9995758,0.99960357,0.99953794,0.9995833,0.9994207,0.9995743,0.99938,0.9996773,0.9997009,0.9997468,0.999486,0.999552,0.99953824,0.99966365,0.9995553,0.99965227,0.9996419,0.9996234,0.9995537,0.99964005,0.99951017,0.9996418,0.9996197,0.9995794,0.9995103,0.99963087,0.9996872,0.99952084,0.99945563,0.9997181,0.9992878,0.99950504,0.9994192,0.9996995,0.9996477,0.9994755,0.9997386,0.99977857,0.9996551,0.9996503,0.99957377,0.9994725,0.99958324,0.9995892,0.99937993,0.99957556,0.9996008,0.9995903,0.9996118,0.999615,0.99952453,0.9993549,0.99932474,0.99967945,0.9996047,0.9996036,0.99965805,0.9993296,0.99969435,0.999475,0.99971646,0.9995562,0.9995439,0.99967194,0.9994266,0.9998095,0.99951226,0.99962187,0.9995097,0.9997141,0.9994321,0.9996456,0.9995936,0.9996045,0.9996377,0.99963087,0.9996114,0.9996401,0.9995688,0.9994337,0.99949676,0.99947965,0.9995446,0.9994157,0.99958795,0.99962294,0.99964595,0.9996329,0.99949044,0.9996427,0.99967,0.9996513,0.99960595,0.99961466,0.9997125,0.9996364,0.99975806,0.9994627,0.9995873,0.99959713,0.9996321,0.99949014,0.999659,0.99958885,0.9995031,0.99967057,0.99933857,0.9995863,0.9995323,0.9995917,0.9995234,0.999615,0.9996185,0.9996116,0.99948597,0.99961287,0.9991938,0.99951375,0.9996095,0.99972534,0.9996305,0.9996669,0.9995726,0.99937695,0.9997033,0.99967706,0.99965096,0.99931675,0.9994677,0.9996322,0.99953747,0.9996231,0.99958056,0.9996633,0.99945664,0.9995908,0.9996053,0.9996919,0.9995155,0.9995933,0.9994999,0.9996939,0.9995452,0.9995486,0.9996487,0.99950933,0.99975294,0.99924266,0.999615,0.99976844,0.99976075,0.9996311,0.9997672,0.9996726,0.9996094,0.9995703,0.9995885,0.9995033,0.9995842,0.9996698,0.99947006,0.99957013,0.9994346,0.9995427,0.999726,0.99967504,0.9995941,0.9996778,0.99938554,0.9998627,0.9997034,0.9995775,0.9999972,0.99961823,0.99959546,0.9996149,0.9995702,0.99945885,0.99959725,0.99958396,0.99973917,0.99963605,0.99954,0.99973667,0.9992555,0.999271,0.9994352
ipip288,0.9995802,0.9994986,0.9995067,0.9994719,0.99958307,0.9995224,0.99959475,0.9995258,0.99968207,0.99947906,0.99943244,0.9996257,0.9995262,0.9994611,0.99949116,0.99944717,0.99954855,0.9995095,0.9995655,0.999561,0.99954224,0.99953777,0.9995951,0.9996432,0.99952066,0.9995289,0.9995487,0.99953943,0.9995092,0.9994844,0.9995827,0.9995879,0.9994072,0.99959457,0.99959016,0.99956375,0.99949425,0.9995607,0.9995426,0.9996157,0.99941915,0.9994982,0.99957436,0.9993709,0.999492,0.9995549,0.9995633,0.99946845,0.9995574,0.9994662,0.9995496,0.9993232,0.9995834,0.9994727,0.9994836,0.99951136,0.99936604,0.9994793,0.99949193,0.9995685,0.99960506,0.99951106,0.9996094,0.9996167,0.9994894,0.99950296,0.9995531,0.999555,0.999582,0.9995034,0.99968463,0.9995958,0.9994124,0.99964607,0.99958056,0.99905235,0.99939656,0.9995277,0.9996333,0.99967545,0.9995557,0.9996127,0.99938893,0.99957424,0.99957806,0.99959093,0.9995434,0.999475,0.99942696,0.99951565,0.9995021,0.999577,0.99951804,0.99933594,0.9992982,0.9993033,0.9995765,0.99955934,0.9992956,0.9993574,0.9994589,0.99962974,0.9995472,0.9995456,0.9996016,0.9993759,0.9994923,0.99940133,0.9995935,0.999594,0.999625,0.99949825,0.99961686,0.9994823,0.9995788,0.99954486,0.9995747,0.9995912,0.99958444,0.9995167,0.9995562,0.99945176,0.99961984,0.9996103,0.99950635,0.99951404,0.99954545,0.9995602,0.9995711,0.9994101,0.9996271,0.9992712,0.999522,0.9994944,0.9995805,0.99961317,0.99948865,0.9995621,0.9996229,0.9996271,0.99962074,0.9995851,0.99945486,0.99959457,0.99960977,0.9993804,0.9995834,0.9995891,0.99945265,0.9995476,0.99963444,0.99957424,0.99939036,0.9993297,0.99960965,0.99959147,0.9995963,0.99962896,0.9993476,0.9996016,0.99947846,0.9996504,0.99950904,0.9995166,0.99960786,0.99935025,0.9995849,0.99954784,0.99958986,0.9994776,0.9996198,0.99944234,0.9995543,0.99955577,0.99961203,0.9995424,0.99953103,0.99954724,0.999571,0.99949443,0.9994713,0.9995155,0.99953955,0.99958277,0.9993513,0.99949086,0.99951917,0.99954325,0.99954396,0.9995106,0.9995432,0.99956435,0.99955136,0.9996242,0.9995929,0.9995953,0.9995905,0.99956006,0.99951595,0.99955004,0.9995164,0.99957216,0.999458,0.99957156,0.9995891,0.9995897,0.99965566,0.9993846,0.9995172,0.99950457,0.99956214,0.9994303,0.99962527,0.9996455,0.9995965,0.99955237,0.99950063,0.9992044,0.9994665,0.9995463,0.99961376,0.99953115,0.9995797,0.9996306,0.9993384,0.99959284,0.99954176,0.99957633,0.99931437,0.999446,0.99954575,0.99951696,0.9995908,0.99960685,0.9995996,0.99949586,0.9995854,0.9995483,0.99960333,0.9995052,0.9995572,0.99952275,0.9995723,0.99951655,0.99948424,0.99958,0.99954766,0.9996296,0.9992408,0.9995809,0.999625,0.9996252,0.9995039,0.99962217,0.9995583,0.99952114,0.99949527,0.99964124,0.99948055,0.9995825,0.99957985,0.9995094,0.999478,0.9993548,0.99947625,0.99966323,0.99955493,0.9996211,0.999583,0.9994716,0.99967134,0.9995656,0.9996889,0.99961823,0.9999974,0.9995541,0.9995316,0.9995775,0.9994059,0.99954873,0.9996279,0.99960274,0.9995848,0.9995983,0.9995613,0.99928004,0.99923664,0.9994228
ipip23,0.99948865,0.99941695,0.99942493,0.9993931,0.99952507,0.99946135,0.9995252,0.9994634,0.9995267,0.99939793,0.99938947,0.9995198,0.99951035,0.99941576,0.9994472,0.99942994,0.9995089,0.9994316,0.9995381,0.9995127,0.99953574,0.99952275,0.9997307,0.99950343,0.999456,0.9994563,0.9994144,0.99952185,0.9994409,0.9994404,0.9994595,0.9995758,0.99935734,0.99953,0.999556,0.9996872,0.9994724,0.99953955,0.99949676,0.9995292,0.99940014,0.9995241,0.9995083,0.9993521,0.99939954,0.99951947,0.9995091,0.9995092,0.9995286,0.9994398,0.9994946,0.9992403,0.99956423,0.9994402,0.9993882,0.9995226,0.99930423,0.99946725,0.9994597,0.99955124,0.99965566,0.9995383,0.9996508,0.9994416,0.99957556,0.9995069,0.99954927,0.99953574,0.9994701,0.99944264,0.99970293,0.9997307,0.9993787,0.999657,0.99954104,0.9990561,0.9993834,0.9994635,0.9995312,0.99955946,0.9995277,0.9995768,0.9993873,0.9995271,0.9995517,0.99958307,0.99951047,0.99944943,0.99940777,0.99948287,0.9994904,0.9995637,0.99953866,0.9993472,0.9992987,0.99932396,0.9995439,0.9994459,0.9992568,0.9993014,0.9994754,0.9995167,0.99955744,0.99948794,0.99958515,0.9993921,0.99946165,0.9993822,0.99959695,0.9995771,0.9996225,0.9994513,0.9994808,0.999483,0.99960166,0.99965596,0.9995345,0.99959683,0.9995352,0.9995677,0.99956286,0.9994106,0.9995426,0.99954784,0.9995126,0.99941146,0.99950105,0.9995193,0.99943155,0.99934775,0.9997119,0.9993113,0.9995923,0.9994456,0.999654,0.999644,0.99944794,0.99957466,0.9996057,0.9995717,0.9995758,0.99959403,0.999448,0.999576,0.9995851,0.9993005,0.9995208,0.9994921,0.9994688,0.99947304,0.9995436,0.99950236,0.99947286,0.99939936,0.99959224,0.9997055,0.9997063,0.9996885,0.9992606,0.9995449,0.999572,0.9997081,0.9994875,0.9994812,0.99961275,0.99935204,0.999598,0.9995191,0.9995367,0.99945486,0.99963397,0.9994162,0.99950784,0.99954796,0.99949384,0.9995083,0.99950784,0.9994403,0.999471,0.999471,0.99943167,0.9994104,0.9994415,0.99946916,0.9993306,0.9994929,0.99948764,0.9995007,0.9994891,0.9994352,0.999511,0.9995386,0.99951786,0.99950016,0.99954724,0.99957544,0.9995311,0.99952775,0.9993995,0.99947107,0.99948406,0.9994847,0.99941033,0.9995222,0.9995211,0.9994593,0.9995391,0.9992501,0.9995086,0.9993921,0.9994782,0.9994064,0.99948585,0.9995922,0.9995603,0.99948454,0.99952245,0.9991572,0.9994542,0.99952364,0.9997205,0.9995084,0.9995692,0.99956375,0.9993151,0.99954647,0.99951845,0.9995322,0.9992715,0.99938667,0.9995217,0.9994948,0.99977237,0.99955124,0.9996177,0.99945915,0.9995593,0.99965394,0.9997165,0.99967146,0.9995712,0.99956685,0.99955857,0.99945223,0.9995002,0.9995651,0.99951404,0.9996973,0.9992163,0.99967724,0.9996215,0.9996309,0.9995347,0.9996207,0.9995847,0.9995173,0.9994351,0.99963206,0.99957407,0.99959713,0.9995381,0.9993859,0.9994454,0.9993282,0.99944824,0.99964935,0.9997333,0.9996137,0.99971783,0.9993937,0.9996208,0.999508,0.999529,0.99959546,0.9995541,0.999998,0.999791,0.99954784,0.9995205,0.99974054,0.99953747,0.9996324,0.9996044,0.9995131,0.9996376,0.99919677,0.999225,0.99939454
ipip53,0.9994892,0.9994198,0.9994491,0.9993899,0.99952817,0.9994517,0.99952585,0.9994444,0.99952704,0.9993956,0.9994063,0.9994955,0.99948627,0.99938804,0.9993857,0.99941254,0.99947757,0.9994164,0.99950576,0.99947584,0.9995066,0.99946594,0.999719,0.9994879,0.99944246,0.99945456,0.9993987,0.99949604,0.9994171,0.99942523,0.9994628,0.99955654,0.99937487,0.9995099,0.99954164,0.999722,0.9994726,0.9995256,0.9994613,0.99950254,0.99939215,0.9995327,0.9995035,0.99935675,0.9993854,0.9995365,0.99949867,0.9994427,0.99951565,0.99940014,0.99949306,0.99925125,0.9995434,0.9994217,0.99937814,0.99952954,0.9992974,0.99945676,0.9994351,0.9995479,0.9995857,0.99949425,0.99957615,0.9994251,0.99946326,0.99944097,0.9995098,0.9995268,0.99946433,0.9994127,0.99967605,0.9996883,0.99935377,0.9996507,0.99947083,0.9990384,0.9993582,0.99944866,0.9995249,0.9995446,0.99948704,0.99954873,0.99935627,0.9995081,0.99958616,0.999535,0.99947166,0.9994091,0.99936897,0.99946636,0.99947524,0.99955565,0.99947757,0.9993218,0.9992748,0.9993235,0.999559,0.99943185,0.99923694,0.9992981,0.99944973,0.99950296,0.9995129,0.9994625,0.99952567,0.99939615,0.9994473,0.9993563,0.999551,0.9995317,0.99958855,0.99943674,0.9994681,0.9994459,0.9995594,0.9996166,0.9995084,0.9995833,0.9995082,0.9995278,0.9995452,0.999414,0.99954367,0.99952626,0.9995021,0.9994215,0.9995041,0.99950534,0.99943554,0.9993138,0.9997185,0.99933416,0.99958545,0.99940515,0.99967265,0.999615,0.9994274,0.9995764,0.9995895,0.99957556,0.9995414,0.99953896,0.99941427,0.99953943,0.99951494,0.9992925,0.9994971,0.99949265,0.99946773,0.9994496,0.9995273,0.99949557,0.99946433,0.9993138,0.9995551,0.99968475,0.9996883,0.9996974,0.9992356,0.9995137,0.9995778,0.9997084,0.9994827,0.9995,0.9996051,0.99936396,0.9996156,0.9995058,0.9995291,0.999446,0.99966115,0.9994066,0.9995213,0.99953496,0.9995111,0.99951607,0.9994883,0.9994539,0.9994776,0.9994578,0.9993762,0.99941444,0.9994335,0.9994777,0.9993116,0.9994553,0.9994732,0.9994931,0.99948967,0.9994117,0.9994903,0.9995452,0.99952936,0.99950093,0.99951917,0.99956924,0.99952835,0.999526,0.9993914,0.99946266,0.9994616,0.99947876,0.99939597,0.999531,0.9995107,0.9994692,0.99953556,0.9992333,0.999511,0.999395,0.99947643,0.9994038,0.9994992,0.99955404,0.99954623,0.99945414,0.99953204,0.9991283,0.999421,0.9995011,0.99976206,0.9995233,0.9995519,0.99950963,0.999316,0.99955887,0.9995063,0.99951416,0.9992417,0.99935955,0.99950856,0.9994511,0.9996401,0.99951005,0.99956954,0.99941707,0.99953645,0.9996942,0.9997337,0.99966955,0.9995705,0.9995442,0.99955904,0.9994328,0.99951065,0.99953216,0.99952185,0.99971455,0.9992321,0.99970585,0.99962854,0.99965143,0.9995548,0.99961686,0.99962485,0.9995011,0.99942464,0.99961686,0.99956787,0.9995556,0.999548,0.9993892,0.9994384,0.9993259,0.99945384,0.99963737,0.9997494,0.99962485,0.999699,0.9993655,0.9996112,0.9995067,0.99950427,0.9996149,0.9995316,0.999791,0.99999815,0.99954605,0.99949324,0.9997142,0.99954015,0.99964005,0.9995832,0.99951607,0.99975234,0.99918765,0.9992519,0.9993847
ipip83,0.99956,0.99946225,0.9994471,0.9993912,0.9995534,0.9994704,0.99957436,0.9994897,0.9995802,0.9993819,0.99942136,0.9995468,0.9995013,0.9994239,0.9994594,0.99943525,0.9995219,0.9994325,0.9995504,0.99952054,0.9995111,0.9995352,0.99956155,0.9995637,0.99976236,0.9994988,0.9994263,0.9995014,0.9994769,0.99944365,0.99955106,0.999544,0.99933773,0.99982035,0.9995974,0.999561,0.9994971,0.99959415,0.99952155,0.9996631,0.9993108,0.9994495,0.9995636,0.99939525,0.9994239,0.99955994,0.9997363,0.99954927,0.9996043,0.9994047,0.99952227,0.9991904,0.9995104,0.9994364,0.9993413,0.9994207,0.99929386,0.9994084,0.999401,0.9995271,0.9996277,0.9995202,0.999632,0.9995835,0.99951136,0.999502,0.9995549,0.9995381,0.99968076,0.9994276,0.99965066,0.9995602,0.9993408,0.99953544,0.9994836,0.9989579,0.99941254,0.99951535,0.99951446,0.9995584,0.99951434,0.9996428,0.99941444,0.99960804,0.9995761,0.99961334,0.99955595,0.9994289,0.9993687,0.99952227,0.9994651,0.999626,0.9995224,0.9993032,0.99924684,0.9992884,0.9996057,0.9994553,0.9992344,0.9993138,0.9994525,0.9996023,0.9995367,0.9995551,0.9995958,0.99928945,0.99949735,0.99938947,0.9996115,0.9995891,0.9996263,0.99952996,0.9994982,0.99942815,0.9995825,0.99949414,0.9995526,0.9996046,0.99956644,0.9995122,0.9995953,0.999427,0.9995578,0.999579,0.99950856,0.9994522,0.99946916,0.999499,0.9994315,0.9993532,0.9996411,0.99928963,0.9994379,0.9993865,0.99957526,0.9995139,0.99945605,0.9995048,0.99961376,0.99962544,0.99963766,0.99956906,0.9994144,0.99958247,0.99958205,0.9992626,0.99959,0.99969655,0.999338,0.99954236,0.9996242,0.9995397,0.99944365,0.9993488,0.9996712,0.99953914,0.99955565,0.99959624,0.9992404,0.99962074,0.999407,0.99961805,0.99952227,0.9994625,0.9996179,0.9992891,0.99957085,0.99974763,0.99959946,0.99944454,0.9996212,0.9994004,0.9995931,0.9995942,0.999584,0.99955475,0.99949014,0.99947095,0.99948615,0.9994752,0.9993736,0.9994189,0.99948853,0.99948627,0.9992605,0.99942374,0.9995449,0.9995521,0.99954975,0.99947834,0.99956983,0.999582,0.9995752,0.99958533,0.9996284,0.99962234,0.9995752,0.9995413,0.99943155,0.9996689,0.99962634,0.99955404,0.9994165,0.99958223,0.9995362,0.9995306,0.99960977,0.9992334,0.999429,0.9993535,0.9994541,0.9994545,0.99958175,0.9995523,0.99948716,0.99950635,0.99950343,0.999065,0.9994182,0.999541,0.9996114,0.99953526,0.99958503,0.999635,0.99929774,0.99961585,0.9995494,0.999525,0.9991888,0.9993986,0.99952626,0.9994929,0.9996497,0.9995991,0.9996157,0.99942464,0.99985164,0.999534,0.99961513,0.99943626,0.9995531,0.99947685,0.9996233,0.99960303,0.99947053,0.9996306,0.9994873,0.999662,0.9990946,0.99953014,0.9995955,0.9996055,0.9994252,0.9995759,0.9994897,0.99954736,0.99947464,0.99958074,0.999429,0.9995809,0.999589,0.99941397,0.9994678,0.99934953,0.9993911,0.99956834,0.99951345,0.9996054,0.99951315,0.9992296,0.9995951,0.99941885,0.9995795,0.9995702,0.9995775,0.99954784,0.99954605,0.9999977,0.9994837,0.99953216,0.9995119,0.9995884,0.9995978,0.9994854,0.99955773,0.99920285,0.999149,0.9993628
ipip113,0.9994142,0.9993347,0.9993695,0.9992823,0.9993828,0.99936134,0.9994133,0.99934584,0.9994501,0.9992801,0.9992963,0.999442,0.99939054,0.99933404,0.9994511,0.9993063,0.9994631,0.9993278,0.9994534,0.9994033,0.9994187,0.9994579,0.99945986,0.9993932,0.9994144,0.99936175,0.9993635,0.9994148,0.99938494,0.9994089,0.99944127,0.99956024,0.99926466,0.99946445,0.99943155,0.99944943,0.99937713,0.9994159,0.99941576,0.99945194,0.9993245,0.9994006,0.9993979,0.9992484,0.99933976,0.99940294,0.99945176,0.99948394,0.9994253,0.99933803,0.9993481,0.9991533,0.9993776,0.99937654,0.99932754,0.9993587,0.9991845,0.9993892,0.9993548,0.9995395,0.9995537,0.9994622,0.9996038,0.9994109,0.9993999,0.9995085,0.9994296,0.99943477,0.9994564,0.9993704,0.9994887,0.9994703,0.99927235,0.99942535,0.9994293,0.9989872,0.9993123,0.9993734,0.99951273,0.9995405,0.9994074,0.9994811,0.9993096,0.9994351,0.9994064,0.9994427,0.9994023,0.9994168,0.9993368,0.9993956,0.9994013,0.9994509,0.9994092,0.9992914,0.9993131,0.9992274,0.99941593,0.99937147,0.9992619,0.9992656,0.99941343,0.99944097,0.9994595,0.9994328,0.99949676,0.9993344,0.99934185,0.9992469,0.99948496,0.9994357,0.9995021,0.99933887,0.999398,0.99936885,0.99942875,0.9994342,0.9994212,0.9994634,0.9994286,0.99939406,0.9994429,0.9993625,0.9995036,0.99953884,0.99936134,0.99935454,0.99942404,0.9994183,0.9993599,0.99929076,0.99948543,0.9993041,0.99939,0.9993358,0.9994076,0.9994471,0.99932826,0.9994307,0.99948967,0.99942154,0.999494,0.9994554,0.99946505,0.9994228,0.99951035,0.99925196,0.99944437,0.99946654,0.9993533,0.9994042,0.99945843,0.9994125,0.9993912,0.99965495,0.9995088,0.9994735,0.99946463,0.9994411,0.99923325,0.9994432,0.99937016,0.9994943,0.99937844,0.9994359,0.99944663,0.99924016,0.99945974,0.9994901,0.9993995,0.9993728,0.9994329,0.99932337,0.9993897,0.9993912,0.9994442,0.9993893,0.9993953,0.99935985,0.99941736,0.9994159,0.9993442,0.999461,0.99940217,0.99950314,0.9992853,0.9995002,0.99940586,0.99942774,0.9994218,0.999365,0.99942833,0.99946654,0.99944174,0.9994764,0.99949276,0.9994605,0.9994141,0.9993879,0.9993102,0.9994069,0.99938464,0.9993798,0.9993065,0.99941736,0.999473,0.99936175,0.9994616,0.999206,0.99942285,0.9993033,0.9993968,0.99930036,0.99945056,0.999569,0.9995332,0.99950504,0.99942887,0.99908733,0.99934155,0.9993887,0.9994769,0.9994383,0.9995432,0.99954,0.9993122,0.9994196,0.99941176,0.99952424,0.9993858,0.99937385,0.9994817,0.9995056,0.99979585,0.9995608,0.99956983,0.99946064,0.9994695,0.99939835,0.9994508,0.99939287,0.9994081,0.99940336,0.9994095,0.9994205,0.9993883,0.99948335,0.9993381,0.9994678,0.99912333,0.9994204,0.9994853,0.9994835,0.9993847,0.99947596,0.999434,0.9994466,0.9993899,0.99938893,0.9993547,0.99942106,0.99945134,0.9994201,0.99938107,0.9993118,0.9993269,0.9994649,0.99942726,0.99946326,0.99945,0.999249,0.9994829,0.9993955,0.9993845,0.99945885,0.9994059,0.9995205,0.99949324,0.9994837,0.99999744,0.99944466,0.999422,0.9994681,0.9994846,0.99938744,0.99950385,0.9991009,0.9991252,0.99923134
ipip143,0.9995327,0.9994663,0.99947524,0.9994355,0.9995713,0.99952286,0.9995691,0.9994811,0.99957657,0.9994457,0.99939436,0.99952745,0.9994798,0.99940705,0.9994083,0.9994175,0.9995024,0.99946684,0.9995425,0.99951196,0.99952674,0.99952465,0.99968845,0.9995637,0.9994471,0.99950325,0.99944186,0.99951774,0.99945533,0.9994505,0.9994794,0.99954784,0.99937594,0.9995303,0.9995809,0.9996615,0.99950475,0.9995639,0.9994984,0.9995599,0.9993949,0.99957806,0.9995244,0.99937373,0.99942994,0.9995898,0.99950683,0.9994766,0.99955714,0.99941045,0.99951684,0.9992639,0.9995554,0.9994569,0.9993686,0.99949926,0.9993203,0.9995514,0.99947095,0.999521,0.99959534,0.99951017,0.999606,0.9994774,0.99953896,0.99948514,0.9995666,0.999599,0.9994914,0.9994929,0.9996965,0.99969375,0.9993937,0.9996244,0.9995314,0.9990748,0.99937004,0.9994884,0.99951994,0.99955654,0.99950767,0.9995778,0.9993632,0.99954545,0.9995844,0.9995808,0.99950606,0.9994097,0.99937826,0.99948883,0.99946827,0.9995909,0.99951655,0.99932075,0.9992567,0.99927145,0.9995456,0.9994325,0.9992439,0.9992886,0.99943316,0.99954027,0.9995323,0.9994862,0.99957013,0.99937093,0.99949175,0.99935585,0.99956787,0.9995954,0.99962217,0.9994894,0.99947566,0.99956,0.9995888,0.99963033,0.999559,0.9995967,0.99962795,0.9995213,0.9995638,0.9994371,0.9995809,0.9995671,0.99953234,0.9994096,0.9995281,0.9995197,0.9994579,0.99936086,0.99967253,0.99931145,0.9995887,0.99943954,0.99963754,0.9996257,0.99945945,0.9995461,0.999607,0.9996062,0.9995812,0.9995701,0.9994602,0.9995744,0.9995863,0.9992984,0.9995414,0.9995314,0.9994517,0.99951303,0.9995628,0.99951243,0.9994496,0.9993179,0.9996185,0.99967295,0.99967676,0.99967253,0.99929744,0.9995876,0.9995387,0.9997137,0.9994973,0.99950194,0.9996127,0.9993237,0.99958515,0.99951315,0.99955636,0.9994785,0.9996673,0.99945533,0.9995691,0.99956757,0.99951875,0.99956095,0.9996533,0.9995222,0.9995168,0.9994798,0.99945503,0.99944246,0.999461,0.9994834,0.99943286,0.9994485,0.99949926,0.9995143,0.9995191,0.9994564,0.99952734,0.9995526,0.99954605,0.99951476,0.99956006,0.99960107,0.99959457,0.99955434,0.99944353,0.9994744,0.99947447,0.99952716,0.9994419,0.99957436,0.9995505,0.9994798,0.9995658,0.9992673,0.999499,0.9994172,0.9994918,0.9994389,0.99950945,0.9995468,0.99949414,0.9994561,0.9995334,0.999178,0.999485,0.9995204,0.9997226,0.99952626,0.99956846,0.99952483,0.99929506,0.9995822,0.9995566,0.99955326,0.9992955,0.9994075,0.999529,0.9994737,0.99961877,0.99954826,0.9995791,0.9994214,0.9995917,0.99966294,0.9997636,0.999721,0.9996255,0.999747,0.9996268,0.99946284,0.99956375,0.9996271,0.99955744,0.9997152,0.99926883,0.99968505,0.9996092,0.9996091,0.99950796,0.9995956,0.9995632,0.99954796,0.99948424,0.9996523,0.9996781,0.99962544,0.9995681,0.99940735,0.9994817,0.99932677,0.99947256,0.999612,0.9996927,0.9996633,0.9996704,0.9993751,0.99963254,0.99951833,0.9995354,0.99959725,0.99954873,0.99974054,0.9997142,0.99953216,0.99944466,0.9999969,0.9995654,0.9996529,0.9996161,0.999533,0.99958163,0.9992349,0.9992408,0.9993952
ipip173,0.9994712,0.9994496,0.99942994,0.9994295,0.999521,0.999486,0.9995303,0.99946046,0.99966234,0.99945277,0.9994358,0.9995069,0.999465,0.9993965,0.99946094,0.9993942,0.99946505,0.99945885,0.99949056,0.99949354,0.99947804,0.9994746,0.9995429,0.9996131,0.9994713,0.99944395,0.9995851,0.9994903,0.99945027,0.99948347,0.999526,0.9996062,0.9994079,0.9995147,0.99950963,0.9995349,0.9994302,0.9995163,0.99947524,0.99951535,0.9994342,0.9995466,0.99951273,0.99934286,0.99945825,0.9994743,0.99948186,0.9994366,0.9994899,0.9993837,0.99947596,0.9992667,0.9995217,0.99940133,0.999792,0.999487,0.99932075,0.9995341,0.99944335,0.99960166,0.9995375,0.9994398,0.99951965,0.99956393,0.9994254,0.999468,0.9994843,0.99960214,0.9995511,0.999553,0.9995974,0.9995446,0.99941957,0.9995148,0.9994506,0.9990326,0.9993266,0.99943984,0.9997269,0.9997606,0.9995077,0.9995243,0.9993076,0.9995168,0.9994801,0.9995082,0.999457,0.9994293,0.9994005,0.999478,0.9994653,0.99949384,0.9994814,0.999265,0.99927145,0.9991932,0.99954903,0.9996838,0.99925333,0.9993218,0.99939525,0.99957997,0.9994891,0.999491,0.99952304,0.9994214,0.9994292,0.9994412,0.9995547,0.99952024,0.9995837,0.99943566,0.99947304,0.999437,0.9995104,0.9995066,0.9994829,0.99952567,0.9995493,0.9994566,0.99947214,0.9993595,0.9995478,0.9995147,0.99944603,0.9994886,0.9995021,0.99952954,0.9998337,0.9993245,0.99956435,0.99924123,0.999465,0.9994321,0.99951804,0.9996001,0.9995345,0.99959946,0.99958056,0.9995919,0.9995298,0.999521,0.99941885,0.9995847,0.9995209,0.99929094,0.9995039,0.9995753,0.9995272,0.99947745,0.9996078,0.9995481,0.999342,0.99930525,0.9995308,0.9995528,0.9995432,0.99955374,0.99924165,0.9995136,0.99942267,0.99960524,0.9994448,0.99952835,0.99959725,0.99941236,0.9995778,0.9994955,0.999522,0.99939317,0.9995533,0.9993667,0.99948263,0.9994765,0.9996991,0.9995193,0.99947983,0.9994812,0.999546,0.99944305,0.99940294,0.9996072,0.9994698,0.9996646,0.99940634,0.99937797,0.9994656,0.99948525,0.9994841,0.99948484,0.99948806,0.9995561,0.999536,0.9996927,0.99950796,0.999562,0.9995291,0.9995216,0.9994825,0.99950576,0.9994523,0.99952334,0.99944335,0.99954706,0.99952334,0.9995617,0.9996075,0.9993561,0.99951947,0.99948335,0.99954253,0.99936336,0.99968106,0.9995903,0.9997024,0.9995309,0.9994401,0.9991706,0.99939185,0.99947333,0.99957126,0.9995195,0.999529,0.9996063,0.99935603,0.99957454,0.9994739,0.9995381,0.999359,0.99948645,0.9995094,0.9994428,0.999586,0.9995343,0.99953353,0.9994549,0.9995328,0.9995492,0.99957365,0.99949414,0.99950016,0.9994657,0.99955386,0.9996045,0.999499,0.99958986,0.99951035,0.9995975,0.9992105,0.99954224,0.9996974,0.99970436,0.99959207,0.999679,0.9996473,0.999462,0.9994437,0.9996225,0.99944025,0.99956554,0.99956477,0.99960256,0.99947244,0.9993489,0.9995231,0.9995999,0.9995303,0.99969447,0.9995403,0.99939126,0.9995979,0.9996136,0.9995685,0.99958396,0.9996279,0.99953747,0.99954015,0.9995119,0.999422,0.9995654,0.9999982,0.9996479,0.99966425,0.99994683,0.9995775,0.999304,0.9992501,0.9993835
ipip203,0.99964726,0.9995238,0.9995725,0.99949485,0.99962115,0.99952984,0.9997335,0.99958515,0.9996894,0.99950296,0.9995206,0.9996288,0.99958485,0.99946535,0.99945825,0.9995265,0.9996033,0.9995104,0.99961287,0.99965423,0.9995817,0.99957705,0.9996257,0.9995892,0.9994598,0.9995899,0.9995521,0.99962103,0.9995902,0.9995744,0.9995458,0.9997378,0.99950475,0.99960256,0.99973464,0.9996401,0.99962795,0.99970907,0.99958503,0.9996636,0.9995526,0.9997206,0.99953616,0.99951625,0.99945134,0.99957705,0.9995216,0.9994823,0.9996349,0.99950546,0.99959826,0.99929196,0.999663,0.99953586,0.99948335,0.999612,0.9993835,0.99961436,0.99953485,0.99965036,0.99966973,0.9995224,0.99967855,0.99950236,0.99949104,0.9994609,0.9996756,0.9996633,0.99958205,0.9995537,0.99972194,0.99964017,0.9993688,0.9996402,0.9995297,0.9990981,0.9994628,0.9995783,0.9996215,0.9996572,0.9995589,0.99968445,0.9994489,0.9996587,0.9996409,0.99970317,0.9996413,0.9995153,0.99946195,0.9996099,0.9995408,0.9996362,0.99957865,0.99937975,0.999294,0.9993463,0.99966633,0.9995264,0.9993222,0.99936724,0.9995353,0.9996059,0.9996155,0.9995355,0.99962777,0.9994007,0.99958295,0.9993787,0.99964356,0.99975324,0.9998324,0.99953467,0.99956256,0.99956864,0.9996794,0.99956,0.9996524,0.9996591,0.9996722,0.9995763,0.9996483,0.99951684,0.9996418,0.9996438,0.9996164,0.99949515,0.9996369,0.9997865,0.9995282,0.9995191,0.9997152,0.9993383,0.999516,0.999471,0.9996842,0.99965805,0.99951,0.9997199,0.9998457,0.999697,0.9996795,0.99961627,0.9995001,0.99962723,0.9996214,0.999417,0.99961436,0.9996128,0.99959403,0.99966294,0.9996187,0.99952483,0.9993861,0.9993327,0.99969697,0.99960625,0.9995893,0.99965566,0.99936336,0.99968344,0.9994922,0.99971473,0.9995858,0.9994999,0.99970937,0.9994755,0.9997589,0.99948573,0.9996431,0.999556,0.99968845,0.9994493,0.9996777,0.9996409,0.99961686,0.9997128,0.99962974,0.999596,0.9995857,0.99956197,0.9994647,0.9995194,0.9995188,0.99957556,0.9994567,0.99951243,0.9996118,0.99963075,0.99962646,0.9994988,0.9996372,0.99970627,0.99969524,0.9996294,0.9996523,0.99975324,0.9996478,0.99968743,0.9994683,0.99953955,0.9995943,0.9996303,0.9994854,0.9997063,0.99957347,0.9994737,0.9996694,0.9993104,0.9995819,0.9995367,0.99957883,0.9995203,0.9996257,0.99959016,0.99963915,0.9994921,0.9995901,0.9991783,0.9995205,0.99961656,0.9996765,0.9996792,0.999715,0.99957836,0.99941057,0.9997299,0.99967515,0.9996416,0.9993174,0.999445,0.9996149,0.99957484,0.9996661,0.9995989,0.99970186,0.9995104,0.99959606,0.9996421,0.9996961,0.9995434,0.9996517,0.99959356,0.9997493,0.99953634,0.9996318,0.99961245,0.99954665,0.9997361,0.9992686,0.9996107,0.99973804,0.9997595,0.99963427,0.99974513,0.99969304,0.9996082,0.9995671,0.99960655,0.9995456,0.9996246,0.99972636,0.9995124,0.9996101,0.99945784,0.9995754,0.9997057,0.9996031,0.9995812,0.99960256,0.9993441,0.99977463,0.9996135,0.9995789,0.99973917,0.99960274,0.9996324,0.99964005,0.9995884,0.9994681,0.9996529,0.9996479,0.9999977,0.9996475,0.9996479,0.9998245,0.9992845,0.99928874,0.9994846
ipip233,0.9995256,0.9994654,0.9994612,0.99940646,0.99952734,0.99947274,0.99960786,0.99955755,0.99962866,0.9994247,0.9993857,0.99949676,0.99951065,0.99941206,0.99946827,0.9994196,0.99950874,0.99943805,0.9995346,0.99954325,0.99950373,0.9995255,0.9995578,0.99959046,0.99953425,0.9994879,0.9994967,0.99954474,0.9994807,0.99946356,0.99950254,0.9996439,0.999373,0.9996171,0.9995719,0.9995133,0.9995074,0.9995615,0.9994996,0.9995833,0.99942094,0.99957854,0.9994982,0.99935484,0.9994376,0.9994992,0.999559,0.99948025,0.99951607,0.99940926,0.9995202,0.9992929,0.9995218,0.9995096,0.99942136,0.99953604,0.9993116,0.99948823,0.9994397,0.99960256,0.99958426,0.9994817,0.99960226,0.9994944,0.9994821,0.99949634,0.9996183,0.9997124,0.99958706,0.999562,0.99960756,0.999552,0.99936825,0.99955046,0.99948364,0.99913967,0.999409,0.99949944,0.9995743,0.9996014,0.9995211,0.9995754,0.9993694,0.9995213,0.9995306,0.9995561,0.9995388,0.9994677,0.9993716,0.99953234,0.9994389,0.9995262,0.9995218,0.99932194,0.9992336,0.999295,0.9995271,0.9995394,0.9992364,0.9993374,0.99946624,0.99951553,0.99952877,0.99947405,0.99954975,0.9995507,0.999484,0.9994522,0.99976337,0.9995886,0.9996013,0.99943954,0.9994541,0.99950176,0.9995991,0.99951595,0.99954987,0.9995468,0.9995752,0.9995227,0.99956864,0.9994493,0.99959236,0.99957144,0.99947643,0.9995334,0.99960643,0.99955446,0.9995062,0.99941236,0.99958795,0.9992681,0.999448,0.99942046,0.99955267,0.9995509,0.999433,0.999587,0.9996062,0.9995796,0.9995558,0.999565,0.99944896,0.9995806,0.99954915,0.9993316,0.99953794,0.9996041,0.9994608,0.99953824,0.99957156,0.9994885,0.99935216,0.999377,0.9995893,0.99952894,0.9995389,0.9995641,0.9992838,0.9996194,0.9994103,0.9996031,0.99947494,0.9994305,0.9995602,0.99931914,0.99960274,0.99956506,0.9995686,0.9994362,0.9995628,0.9993894,0.9995276,0.9995128,0.9995729,0.9995348,0.9995664,0.9995081,0.9995585,0.99955446,0.9994804,0.9994782,0.9994602,0.99952924,0.9993618,0.9994979,0.99957234,0.99958485,0.999582,0.9994999,0.99958634,0.99957937,0.9995554,0.99956155,0.9995558,0.9995756,0.99960136,0.99958336,0.99948096,0.999605,0.9995892,0.9995662,0.9995228,0.9995711,0.99957013,0.9994765,0.9996367,0.9993335,0.9996648,0.9994806,0.99954766,0.9994956,0.999566,0.9996013,0.99961007,0.9995078,0.9995241,0.9992252,0.9994577,0.9995062,0.9995552,0.99952126,0.99961066,0.9996002,0.9993208,0.99958414,0.99958426,0.9996406,0.99942553,0.9995022,0.9996486,0.999492,0.999661,0.99958026,0.9995975,0.99946994,0.9996485,0.9995703,0.99959856,0.99951017,0.9995274,0.9995452,0.9995889,0.99959457,0.99954104,0.99982244,0.9994851,0.9995956,0.9992473,0.99955267,0.9996368,0.99964327,0.99954075,0.999621,0.9995945,0.99961156,0.9995307,0.99956363,0.99948055,0.9996599,0.999604,0.99949723,0.9995677,0.99943185,0.999571,0.9995889,0.99952525,0.99958646,0.9995461,0.9993105,0.99964345,0.99957377,0.99951535,0.99963605,0.9995848,0.9996044,0.9995832,0.9995978,0.9994846,0.9996161,0.99966425,0.9996475,0.99999833,0.9995832,0.9996645,0.99927473,0.9992464,0.9993953
ipip263,0.99943155,0.99941295,0.99939513,0.9993892,0.99947983,0.9994549,0.99949,0.9994363,0.9996341,0.99940884,0.9994136,0.9994787,0.99944335,0.99936897,0.9994509,0.9993717,0.99943596,0.9994468,0.99945956,0.99946225,0.99944264,0.9994542,0.99951875,0.9995934,0.9994414,0.99941313,0.9995523,0.999452,0.9994172,0.99945176,0.9994865,0.9995799,0.99940586,0.9994833,0.9994834,0.9995145,0.9994052,0.99948865,0.9994487,0.9994884,0.9994075,0.9995265,0.999481,0.9993245,0.9994328,0.9994445,0.9994563,0.99943453,0.9994723,0.9993604,0.9994539,0.9992471,0.9994965,0.9993738,0.99977845,0.99944395,0.9992814,0.9995094,0.99941236,0.9995678,0.99951494,0.99941754,0.9994992,0.99954766,0.9993972,0.9994531,0.9994529,0.99956125,0.99953455,0.99952704,0.99956053,0.9995195,0.9993948,0.9994793,0.9994208,0.99900085,0.99929744,0.99940926,0.99969393,0.9997255,0.9994907,0.9994981,0.9992869,0.99949014,0.9994456,0.9994737,0.9994231,0.9994115,0.9993692,0.9994488,0.99943995,0.99947053,0.9994597,0.9992358,0.9992496,0.9991728,0.99953604,0.9996556,0.9992367,0.99930567,0.9993778,0.9995584,0.999469,0.99947786,0.9994996,0.9993937,0.999398,0.9994351,0.9995324,0.9994952,0.9995549,0.9993995,0.9994474,0.9994087,0.9994797,0.99947536,0.9994571,0.9994915,0.9995166,0.99943775,0.9994376,0.999323,0.9995088,0.999482,0.99941206,0.99944115,0.99947363,0.9994977,0.9998006,0.9992891,0.9995384,0.99923694,0.9994385,0.99941075,0.99949425,0.9995617,0.99950683,0.9995617,0.9995441,0.9995632,0.9995102,0.9995012,0.99940485,0.999568,0.9994946,0.9992727,0.99947655,0.99955195,0.99949485,0.99945253,0.9995788,0.9995195,0.99932563,0.99927247,0.9995031,0.9995201,0.9995161,0.99951535,0.9992152,0.9994823,0.99939376,0.99956936,0.99941254,0.9995096,0.9995681,0.99938905,0.9995396,0.99946946,0.99948835,0.99936,0.99951464,0.9993236,0.9994555,0.9994503,0.9996582,0.9994929,0.9994526,0.9994629,0.9995128,0.999416,0.99937433,0.99957,0.9994351,0.99962604,0.9993804,0.99933726,0.9994376,0.9994559,0.99945396,0.9994547,0.999456,0.99952507,0.9995033,0.999658,0.99947953,0.9995366,0.999498,0.9994876,0.9994489,0.99947655,0.99942744,0.99949443,0.9994038,0.9995115,0.99949104,0.9995407,0.9995728,0.9993387,0.9994859,0.9994585,0.9995083,0.99933505,0.99964964,0.9995592,0.99967474,0.9995063,0.9994109,0.99914813,0.99936444,0.9994503,0.99954337,0.9994876,0.9995,0.99958515,0.9993303,0.999543,0.99944717,0.9994989,0.9993213,0.9994544,0.9994721,0.9994142,0.99955434,0.9995132,0.99950653,0.99942493,0.9994943,0.99950933,0.9995426,0.99945503,0.9994712,0.9994419,0.9995165,0.9995636,0.9994591,0.9995406,0.99947554,0.99955887,0.9991518,0.9995017,0.9996524,0.9996623,0.9995563,0.99964434,0.9996207,0.9994181,0.99940294,0.9995977,0.9994136,0.99954444,0.99952954,0.9995607,0.99943095,0.9993166,0.9994942,0.9995647,0.99949753,0.99966383,0.9995105,0.99935395,0.9995644,0.99957496,0.99953413,0.99954,0.9995983,0.9995131,0.99951607,0.9994854,0.99938744,0.999533,0.99994683,0.9996479,0.9995832,0.99999833,0.99954474,0.9992676,0.99922097,0.99936044
ipip293,0.99958014,0.99947727,0.99952716,0.9994262,0.9995451,0.9994836,0.99966776,0.9995527,0.9996322,0.9994434,0.99947923,0.9995586,0.99955803,0.99944603,0.99942267,0.999516,0.99957526,0.9994641,0.9995797,0.99962336,0.99953514,0.9995364,0.9995775,0.99953383,0.9994396,0.9995435,0.99949056,0.99958247,0.99955463,0.999543,0.9995319,0.9996821,0.99945146,0.99956435,0.99965286,0.999577,0.99959415,0.99963665,0.9995438,0.99958646,0.9995135,0.9996612,0.9995065,0.99946535,0.9994194,0.9995185,0.99948674,0.9994322,0.99957037,0.9994729,0.99953747,0.9992961,0.9995982,0.99952066,0.999444,0.9996067,0.9993375,0.9995717,0.999485,0.9996315,0.99963456,0.99949205,0.9996451,0.9994404,0.9994489,0.9994334,0.999634,0.99962574,0.9995257,0.9995129,0.99965656,0.9996049,0.9993526,0.999595,0.9995041,0.99912053,0.9994521,0.9995455,0.9996013,0.9996182,0.99950904,0.99961287,0.99942225,0.9995841,0.99961406,0.9996307,0.99959344,0.9995165,0.99943334,0.99957484,0.99951816,0.99959105,0.9995294,0.99937177,0.999306,0.99936754,0.99959785,0.9995148,0.99932003,0.9994004,0.9995247,0.99953306,0.9995883,0.9994897,0.9995759,0.99947,0.99955046,0.99935365,0.999669,0.9996968,0.9997574,0.9995002,0.99952966,0.999538,0.99963963,0.9995237,0.99960935,0.99961346,0.9996066,0.99954706,0.9995984,0.9994967,0.9996089,0.9996089,0.9995528,0.9995305,0.99961877,0.9997399,0.99947613,0.9994807,0.9996507,0.99932283,0.9994899,0.999447,0.99960476,0.99962264,0.99944675,0.9996824,0.9997843,0.99963444,0.99961144,0.99957633,0.9994629,0.99956006,0.9995728,0.9994201,0.9995606,0.99955636,0.99956036,0.99960244,0.9995662,0.9994873,0.99937844,0.9993567,0.9996359,0.9995933,0.9995699,0.9996245,0.99934804,0.99964434,0.9994837,0.99966425,0.9995346,0.9994575,0.999642,0.99942327,0.9997385,0.9994663,0.99958247,0.99951774,0.9996047,0.9994273,0.9996117,0.99957365,0.9995808,0.999632,0.99956954,0.99954605,0.99955946,0.999553,0.9994559,0.99949783,0.9994824,0.99955094,0.99941605,0.9995312,0.99957454,0.9996001,0.9995957,0.9994808,0.9995971,0.9996455,0.9996291,0.99957466,0.9995847,0.99967515,0.99960136,0.9996282,0.9994524,0.99951994,0.9995522,0.99956685,0.99945855,0.9996425,0.9995336,0.9994243,0.9996386,0.99931014,0.9996105,0.99952257,0.99955106,0.9995178,0.9995703,0.99958795,0.9996677,0.99948424,0.99958277,0.99917746,0.99948776,0.9995629,0.99961996,0.99962574,0.9996792,0.99954534,0.99939305,0.9996555,0.99962544,0.9996358,0.9993483,0.99941844,0.99960685,0.9995306,0.9996694,0.99954414,0.9996695,0.999489,0.99954516,0.9996071,0.9996255,0.999526,0.99959457,0.9995461,0.9996712,0.9995069,0.99959886,0.9996188,0.9994796,0.9996641,0.9992538,0.9995813,0.9996738,0.9996953,0.9996056,0.9996781,0.9996664,0.9995851,0.9995244,0.9995295,0.9995093,0.99956965,0.99966025,0.9994834,0.99956477,0.9994424,0.9995224,0.99967366,0.99959064,0.9995328,0.9995898,0.9993525,0.999715,0.9995763,0.999521,0.99973667,0.9995613,0.9996376,0.99975234,0.99955773,0.99950385,0.99958163,0.9995775,0.9998245,0.9996645,0.99954474,0.99999887,0.9992444,0.99928707,0.9994278
ipip58,0.999238,0.9994967,0.9992412,0.9995112,0.99948317,0.9994235,0.9992562,0.99932057,0.9992821,0.9995249,0.99919236,0.9992458,0.9992549,0.9992109,0.99921566,0.99918,0.99923044,0.99921906,0.9992519,0.99926305,0.99920994,0.999236,0.9992266,0.9992675,0.99923414,0.9992148,0.9992946,0.999225,0.99918056,0.99924344,0.9991541,0.9992243,0.9990689,0.99923533,0.999263,0.9992338,0.9991683,0.99922085,0.9992085,0.9992567,0.9991099,0.9991939,0.9992724,0.99910164,0.99947,0.99929017,0.9992754,0.99926895,0.99926984,0.99916255,0.9992502,0.999115,0.99930334,0.99919224,0.999209,0.9992466,0.9993123,0.99926406,0.99939054,0.999287,0.99925154,0.9991821,0.9992227,0.999321,0.99918205,0.9992149,0.9992479,0.99922186,0.9992615,0.99929595,0.99927783,0.99919105,0.9991922,0.99924076,0.9992335,0.9988201,0.9990859,0.9991832,0.99926406,0.9992864,0.99922615,0.99925196,0.99908227,0.99926597,0.9992714,0.99923575,0.9991999,0.99919313,0.9991851,0.99926186,0.9991938,0.99919575,0.999186,0.99901575,0.9990284,0.99903446,0.9992465,0.99920464,0.9990202,0.9990847,0.99912924,0.99920464,0.99920696,0.9991932,0.99925137,0.99913096,0.9991681,0.9990633,0.99923843,0.9992272,0.9992803,0.999163,0.9992624,0.9991463,0.99921846,0.9992066,0.9991883,0.9992158,0.9992616,0.9991682,0.9991864,0.99910074,0.99926305,0.99923474,0.99916863,0.99913895,0.9992323,0.99921733,0.999222,0.9990613,0.99921936,0.99898785,0.9991734,0.9991523,0.99920964,0.99925053,0.99914783,0.9992087,0.9992425,0.9992593,0.99922156,0.9992414,0.99917567,0.99929607,0.9992343,0.99906546,0.99921054,0.99927723,0.99914926,0.9992516,0.9992129,0.9991596,0.9990751,0.99901766,0.9992371,0.9992118,0.9992197,0.99921894,0.99908257,0.999225,0.9991402,0.99925864,0.99913895,0.99917245,0.99925184,0.9991221,0.9992498,0.9991962,0.9992263,0.99916655,0.99923384,0.9991712,0.9992041,0.99915904,0.99921817,0.99921125,0.999217,0.9993005,0.999221,0.9991348,0.9991045,0.99917114,0.9991659,0.9992276,0.9991825,0.99912775,0.9991743,0.99918383,0.99918705,0.99917763,0.99920845,0.9992615,0.999247,0.9992307,0.99921703,0.9992534,0.99924564,0.9992177,0.999141,0.9992939,0.99920726,0.9992328,0.9992928,0.9992676,0.99924684,0.99916065,0.9992176,0.999234,0.999225,0.9991722,0.999236,0.99907464,0.99924064,0.9991913,0.9992572,0.99919903,0.9991754,0.99898785,0.9991591,0.9991898,0.9992361,0.99922687,0.9992298,0.9992379,0.9991036,0.9992476,0.99916905,0.999207,0.9991553,0.99914396,0.99918175,0.9991658,0.9992338,0.9992705,0.999238,0.999133,0.9992263,0.9991923,0.99921155,0.99913865,0.9992024,0.99920326,0.99922454,0.999279,0.9991863,0.9992489,0.99946946,0.9992528,0.9990335,0.99924535,0.9993248,0.9993035,0.9992229,0.99929184,0.99927557,0.99923825,0.9992312,0.9992369,0.9991748,0.9992781,0.9992665,0.9992018,0.99924505,0.9991912,0.9992251,0.99930066,0.9991991,0.99922824,0.9992173,0.9991041,0.9992678,0.9992746,0.9991981,0.9992555,0.99928004,0.99919677,0.99918765,0.99920285,0.9991009,0.9992349,0.999304,0.9992845,0.99927473,0.9992676,0.9992444,0.99999624,0.9992168,0.99933887
ipip178,0.99917203,0.999339,0.9992109,0.9993037,0.99931777,0.99932677,0.99923635,0.9992843,0.99926627,0.99933445,0.9992082,0.9991797,0.9992686,0.99919254,0.999167,0.99915594,0.9992282,0.9992167,0.9992499,0.99924284,0.99918807,0.9992107,0.9992563,0.99924105,0.9991206,0.999194,0.9992245,0.99922496,0.9991901,0.99925226,0.9990894,0.9992049,0.9990887,0.99915767,0.9992023,0.999205,0.99918574,0.99920404,0.9991683,0.99920756,0.9991681,0.9992382,0.99920934,0.99907905,0.99931747,0.9992425,0.99921584,0.9991709,0.999221,0.9991633,0.99926496,0.9992133,0.9993058,0.99922687,0.9992023,0.9992902,0.9991504,0.9992854,0.9993456,0.9992598,0.99921983,0.9991789,0.9992147,0.9991349,0.9991208,0.9991707,0.9991955,0.99916124,0.99918836,0.9992165,0.9992136,0.9992107,0.99911004,0.9992177,0.999167,0.9988951,0.9991363,0.999192,0.99924713,0.9992392,0.999149,0.9992141,0.99916947,0.99915874,0.9992332,0.9991631,0.99916947,0.9992072,0.99911916,0.99919355,0.9991651,0.9992065,0.9991734,0.9990738,0.99910975,0.99909693,0.9991929,0.99916816,0.99909884,0.9992231,0.99914193,0.9991041,0.9991779,0.9991609,0.99921006,0.9991367,0.999235,0.9990086,0.9992195,0.99920124,0.99923646,0.99911064,0.9991869,0.9991488,0.99921864,0.99918985,0.99916995,0.99918234,0.99918485,0.9991655,0.9991762,0.99909335,0.9992349,0.9992048,0.9991621,0.99909544,0.9992662,0.9992552,0.99917907,0.9990831,0.99925613,0.9990918,0.99921113,0.9991891,0.9992166,0.99921894,0.99907684,0.99923444,0.99923277,0.9991753,0.99915045,0.9991984,0.99914396,0.99922675,0.99919677,0.9990652,0.99917763,0.99918747,0.99920344,0.99923044,0.9991722,0.9991421,0.9991736,0.9990375,0.9991649,0.9992114,0.99920976,0.99923015,0.9990556,0.99916524,0.9992041,0.9992513,0.99913824,0.99909943,0.9991716,0.99912274,0.9992881,0.99916023,0.9991861,0.99913883,0.999189,0.9990964,0.9991512,0.9991474,0.9991358,0.9991761,0.99921143,0.9992228,0.99920624,0.9991576,0.999176,0.99911916,0.9991356,0.9991674,0.9991369,0.99911153,0.9991694,0.9991731,0.9991802,0.9991442,0.99917805,0.99922043,0.9992008,0.9991453,0.999164,0.9992107,0.9992119,0.99918276,0.99912685,0.9992461,0.99916804,0.99914706,0.99925625,0.9992091,0.9991832,0.99910146,0.99916905,0.99912834,0.9992163,0.99920744,0.9992117,0.9990628,0.9991453,0.9991624,0.9992316,0.9991474,0.99926287,0.9989715,0.9991148,0.99918264,0.99923795,0.99924004,0.9992077,0.9992083,0.99922436,0.99921066,0.99914104,0.9992376,0.999123,0.99903053,0.9992235,0.9991202,0.9992001,0.999198,0.9991955,0.99908674,0.9991717,0.9992361,0.9992398,0.9991981,0.999236,0.99926865,0.9991934,0.9991797,0.99920857,0.9992038,0.99941945,0.99924034,0.9990443,0.9992798,0.9993274,0.9993036,0.9993331,0.9992971,0.9993364,0.99922687,0.9992184,0.99925107,0.9992146,0.99920356,0.9992245,0.9991694,0.9992154,0.9991544,0.99924487,0.9992823,0.9992407,0.99920607,0.9992083,0.99907726,0.9992566,0.9992825,0.9991525,0.999271,0.99923664,0.999225,0.9992519,0.999149,0.9991252,0.9992408,0.9992501,0.99928874,0.9992464,0.99922097,0.99928707,0.9992168,0.99999595,0.9993503
ipip208,0.9994571,0.999495,0.99944353,0.9994931,0.99955416,0.9994665,0.999467,0.9994008,0.9994283,0.9995023,0.9993609,0.999515,0.99940246,0.9993129,0.9993251,0.99932283,0.99941593,0.9993459,0.9994139,0.99943185,0.99939936,0.9993996,0.99941874,0.99939615,0.99929756,0.9993828,0.9993563,0.99939394,0.999358,0.99933755,0.9993274,0.999402,0.9992416,0.9993947,0.99947023,0.99939996,0.9993901,0.9994436,0.99937767,0.9994411,0.9992498,0.99936295,0.9993472,0.99926686,0.99939394,0.9994407,0.9993684,0.9993227,0.99942344,0.99930996,0.9994271,0.9992188,0.9994944,0.99931943,0.99925655,0.9993802,0.9994259,0.99933964,0.9995623,0.9994324,0.99948764,0.9993323,0.9994794,0.9993709,0.99931645,0.9993337,0.999427,0.99938905,0.9993417,0.99939275,0.9994856,0.99942017,0.9992937,0.99945873,0.999434,0.99896073,0.9992509,0.99936557,0.99939567,0.9994177,0.9994349,0.9994939,0.9993262,0.99944466,0.999451,0.99950325,0.99941874,0.9993221,0.99930096,0.99940264,0.9993464,0.99942404,0.9994232,0.9992128,0.99917567,0.9992701,0.9994682,0.9993195,0.9991604,0.99919814,0.9993834,0.99937415,0.99943215,0.99935687,0.9994632,0.9991883,0.9993059,0.9991864,0.99939334,0.9994626,0.9994899,0.9993707,0.9994369,0.9993356,0.999448,0.9993775,0.9993992,0.99941385,0.9994529,0.9993436,0.99941474,0.99928904,0.99941945,0.9994323,0.9993937,0.999277,0.9993498,0.9994003,0.9992898,0.9992428,0.9994452,0.999109,0.9993149,0.999297,0.99942625,0.99942225,0.9993153,0.9994003,0.9994568,0.9994327,0.9994479,0.9994221,0.9993391,0.9994552,0.99943656,0.9992004,0.99937755,0.9993648,0.9992977,0.9994154,0.9993757,0.99930626,0.99918944,0.9991467,0.9994669,0.999395,0.9993727,0.9994188,0.9992462,0.9994312,0.9992944,0.9994674,0.9993674,0.9993289,0.99944663,0.9992511,0.9994574,0.9992795,0.9994179,0.99932665,0.9994388,0.99927497,0.9994198,0.99935967,0.9993727,0.9994187,0.999379,0.99938154,0.99932015,0.99930847,0.99923396,0.999287,0.99929935,0.9993572,0.99928385,0.99932075,0.99937177,0.9993705,0.99937934,0.99926436,0.9993803,0.99941504,0.9994166,0.99938196,0.9994142,0.9994599,0.9993828,0.99939775,0.99923736,0.99935794,0.9993634,0.9993803,0.99930733,0.99942094,0.99938303,0.9993016,0.9993936,0.9991823,0.9993225,0.99928766,0.999352,0.9992576,0.9993763,0.99935144,0.9993706,0.9993706,0.9993394,0.9990096,0.9993174,0.9993655,0.9994227,0.9993969,0.99944663,0.999403,0.9992415,0.99944305,0.99938613,0.9993658,0.99914587,0.9992124,0.99933636,0.99936604,0.9994228,0.99939764,0.9994729,0.999291,0.99937475,0.9993748,0.99941045,0.9992825,0.9993948,0.99935883,0.99943316,0.99931735,0.9993305,0.99938446,0.9995422,0.99947363,0.9991001,0.99939775,0.9994655,0.9994697,0.9993599,0.9994583,0.9994159,0.9994132,0.99936205,0.99943644,0.9993336,0.9994111,0.99943125,0.9993045,0.99936336,0.99924624,0.99934936,0.9994673,0.99938697,0.9993527,0.9993762,0.9992141,0.99949676,0.99938625,0.9993706,0.9994352,0.9994228,0.99939454,0.9993847,0.9993628,0.99923134,0.9993952,0.9993835,0.9994846,0.9993953,0.99936044,0.9994278,0.99933887,0.9993503,0.99999774
