,ipip4,ipip34,ipip64,ipip94,ipip124,ipip154,ipip184,ipip214,ipip244,ipip274,ipip9,ipip39,ipip69,ipip99,ipip129,ipip159,ipip189,ipip219,ipip249,ipip279,ipip14,ipip44,ipip74,ipip104,ipip134,ipip164,ipip194,ipip224,ipip254,ipip284,ipip19,ipip49,ipip79,ipip109,ipip139,ipip169,ipip199,ipip229,ipip259,ipip289,ipip24,ipip54,ipip84,ipip114,ipip144,ipip174,ipip204,ipip234,ipip264,ipip294,ipip29,ipip59,ipip89,ipip119,ipip149,ipip179,ipip209,ipip239,ipip269,ipip299,ipip5,ipip35,ipip65,ipip95,ipip125,ipip155,ipip185,ipip215,ipip245,ipip275,ipip10,ipip40,ipip70,ipip100,ipip130,ipip160,ipip190,ipip220,ipip250,ipip280,ipip15,ipip45,ipip75,ipip105,ipip135,ipip165,ipip195,ipip225,ipip255,ipip285,ipip20,ipip50,ipip80,ipip110,ipip140,ipip170,ipip200,ipip230,ipip260,ipip290,ipip25,ipip55,ipip85,ipip115,ipip145,ipip175,ipip205,ipip235,ipip265,ipip295,ipip30,ipip60,ipip90,ipip120,ipip150,ipip180,ipip210,ipip240,ipip270,ipip300,ipip2,ipip32,ipip62,ipip92,ipip122,ipip152,ipip182,ipip212,ipip242,ipip272,ipip7,ipip37,ipip67,ipip97,ipip127,ipip157,ipip187,ipip217,ipip247,ipip277,ipip12,ipip42,ipip72,ipip102,ipip132,ipip162,ipip192,ipip222,ipip252,ipip282,ipip17,ipip47,ipip77,ipip107,ipip137,ipip167,ipip197,ipip227,ipip257,ipip287,ipip112,ipip142,ipip172,ipip202,ipip232,ipip262,ipip292,ipip57,ipip87,ipip117,ipip147,ipip177,ipip207,ipip237,ipip267,ipip297,ipip1,ipip31,ipip61,ipip91,ipip121,ipip151,ipip181,ipip211,ipip241,ipip271,ipip6,ipip36,ipip66,ipip96,ipip126,ipip156,ipip186,ipip216,ipip246,ipip276,ipip11,ipip41,ipip71,ipip101,ipip131,ipip161,ipip191,ipip221,ipip251,ipip281,ipip16,ipip46,ipip76,ipip106,ipip136,ipip166,ipip196,ipip226,ipip256,ipip286,ipip21,ipip51,ipip81,ipip111,ipip141,ipip171,ipip201,ipip231,ipip261,ipip291,ipip26,ipip56,ipip86,ipip116,ipip146,ipip176,ipip206,ipip236,ipip266,ipip296,ipip3,ipip33,ipip63,ipip93,ipip123,ipip153,ipip183,ipip213,ipip243,ipip273,ipip8,ipip38,ipip68,ipip128,ipip158,ipip188,ipip218,ipip248,ipip278,ipip13,ipip43,ipip73,ipip103,ipip133,ipip163,ipip193,ipip223,ipip253,ipip283,ipip18,ipip48,ipip78,ipip108,ipip138,ipip168,ipip198,ipip228,ipip258,ipip288,ipip23,ipip53,ipip83,ipip113,ipip143,ipip173,ipip203,ipip233,ipip263,ipip293,ipip58,ipip178,ipip208
ipip4,0.9999975,0.99660295,0.9989972,0.99600947,0.9983433,0.9964774,0.99946165,0.99717486,0.9983371,0.9958852,0.9964071,0.9980904,0.9962037,0.9963072,0.9954409,0.9975157,0.99787986,0.99607897,0.9980504,0.99783164,0.9978712,0.99777997,0.99795055,0.99801457,0.99670315,0.99792117,0.995419,0.99780864,0.997104,0.9973254,0.99782395,0.99725634,0.99695945,0.99783206,0.9988895,0.99754477,0.9982755,0.9988042,0.9979174,0.9977856,0.9955331,0.9976962,0.99646056,0.9963473,0.9951611,0.9982811,0.99656117,0.996319,0.99745536,0.99602526,0.9972095,0.9896806,0.99795634,0.9961126,0.9946197,0.9960993,0.99578184,0.9949766,0.99598515,0.99763304,0.99828357,0.9973826,0.99828,0.99745727,0.99712247,0.9966163,0.99848634,0.9982707,0.9978507,0.99598366,0.99876595,0.9974761,0.99401414,0.9968596,0.9959762,0.9892334,0.995411,0.99764174,0.9963705,0.99730605,0.997169,0.9985224,0.9961339,0.9987201,0.997924,0.9987475,0.9981287,0.99609935,0.99553496,0.9979754,0.996758,0.99864024,0.99763614,0.9940215,0.9937977,0.9944508,0.9987175,0.9958803,0.99457055,0.993351,0.9966856,0.99838173,0.9973867,0.99738455,0.99774414,0.993464,0.99804556,0.995784,0.99756235,0.99852127,0.9988701,0.9956914,0.9969018,0.99677205,0.9984206,0.9963113,0.9981553,0.9982679,0.99846125,0.99657017,0.99837464,0.9971503,0.99816763,0.99816257,0.9981278,0.9965308,0.99680746,0.99800825,0.9963183,0.9968948,0.99826163,0.99109834,0.9954924,0.99492997,0.998012,0.99769753,0.9971152,0.9974032,0.99880713,0.99864,0.99882096,0.9978862,0.99676985,0.99785954,0.99788755,0.995112,0.9980311,0.9978825,0.99442303,0.9978948,0.998292,0.99728346,0.9947791,0.9941998,0.9985673,0.9968971,0.9968476,0.99634975,0.99485666,0.99858534,0.99424636,0.9983427,0.9975323,0.99623245,0.9986847,0.9890685,0.998096,0.99686396,0.99764735,0.9964944,0.9988692,0.99554586,0.998424,0.9978634,0.9978505,0.99833757,0.9983258,0.9978654,0.9968414,0.9974856,0.99550205,0.99628896,0.99664205,0.996329,0.9934418,0.99657255,0.99819756,0.9982404,0.998245,0.995599,0.9982833,0.99827427,0.9982991,0.9979028,0.9983573,0.9988306,0.99803203,0.9989634,0.99580467,0.99650425,0.99740434,0.9986567,0.9953841,0.9982452,0.9980511,0.9971333,0.9984771,0.99235755,0.9960874,0.9950985,0.99726546,0.99701446,0.9980669,0.9972105,0.9952224,0.9953769,0.9973311,0.9884315,0.99721795,0.9976586,0.9981553,0.9968313,0.99751854,0.9965554,0.9951201,0.998419,0.99860996,0.99746984,0.99064523,0.9961083,0.9973378,0.9976559,0.9979979,0.99809855,0.9982741,0.9954347,0.99756867,0.99657685,0.9976256,0.9956389,0.99736327,0.99656606,0.9982952,0.9961395,0.9970349,0.9978217,0.99609613,0.9987038,0.99200827,0.99627745,0.9979862,0.99798006,0.9945329,0.9979071,0.9959329,0.997215,0.9976352,0.99773496,0.9953172,0.9979083,0.99829817,0.9947984,0.99670595,0.99393296,0.9954972,0.9975201,0.9964756,0.9968599,0.9965477,0.99308145,0.99884856,0.99555254,0.9970635,0.99832726,0.99737316,0.9966558,0.9965866,0.99783653,0.9959656,0.99731517,0.99661946,0.9983052,0.996809,0.9966406,0.99750406,0.99285054,0.99020445,0.99552023
ipip34,0.99660295,0.99999905,0.99710584,0.9981765,0.99796957,0.99710983,0.99664474,0.99769676,0.99742776,0.99834526,0.99643093,0.9964402,0.99666595,0.9969402,0.9965291,0.99629414,0.9967641,0.99683005,0.9969645,0.9969149,0.99699163,0.997046,0.9972261,0.9974977,0.9972725,0.9966282,0.996889,0.99700034,0.99635583,0.9968059,0.9962174,0.99642503,0.9956518,0.99661577,0.9963651,0.9965426,0.99619776,0.99642515,0.996471,0.9965964,0.99573106,0.99652195,0.9968352,0.9953735,0.9979137,0.9973757,0.9974861,0.99681747,0.9968527,0.99600434,0.99673223,0.99428153,0.99689656,0.9965635,0.9966131,0.99699014,0.995951,0.99640745,0.99737966,0.9970299,0.9962292,0.99646646,0.9963603,0.9969773,0.99698687,0.9970071,0.9964727,0.99673426,0.9968283,0.9966499,0.9959945,0.9966131,0.9951042,0.99588275,0.9964215,0.9919081,0.9955947,0.9964012,0.99689,0.99679404,0.99685174,0.9964244,0.99521726,0.9963065,0.996467,0.99613744,0.9959623,0.9966214,0.9961179,0.99665064,0.9960447,0.9961436,0.9961615,0.9946079,0.99505234,0.9958138,0.9961047,0.9966642,0.9945911,0.9953518,0.99626255,0.99645394,0.9962419,0.9964244,0.99677914,0.9952563,0.9960344,0.99605024,0.99678826,0.99578977,0.99635243,0.9947877,0.99635625,0.99599963,0.99627215,0.9966397,0.99584174,0.99647534,0.9963031,0.99634707,0.9965108,0.99637765,0.9970671,0.9968194,0.996213,0.99620914,0.9968902,0.99676526,0.99693704,0.99636,0.9965578,0.99341995,0.9962474,0.9961542,0.9960436,0.9968605,0.9968264,0.9968519,0.99619114,0.99615264,0.9960088,0.99717635,0.99691343,0.9973457,0.9964433,0.9962289,0.99639475,0.99669737,0.99569416,0.9968138,0.99660385,0.99642557,0.99565995,0.99508625,0.9957186,0.9965393,0.99668103,0.9961772,0.9950714,0.99552476,0.9956929,0.9967904,0.99614006,0.9961984,0.996167,0.99103177,0.99643,0.9968607,0.99660313,0.9956424,0.9962967,0.9960614,0.99551994,0.99649894,0.99656916,0.99640876,0.9966644,0.9969931,0.99651194,0.99638665,0.9958557,0.99653226,0.996474,0.9965334,0.99511915,0.9961401,0.99631786,0.9963032,0.99634117,0.996149,0.9963492,0.99645025,0.9963985,0.99653935,0.9963603,0.9962746,0.9966226,0.99643254,0.99576056,0.9973587,0.996552,0.99626184,0.99675006,0.9965337,0.99680185,0.9966786,0.99664754,0.99551237,0.99695045,0.9960755,0.99666065,0.9953793,0.99660164,0.9965303,0.99640745,0.99591565,0.9965605,0.99251544,0.99655,0.9963492,0.99667567,0.99592406,0.99644196,0.99687403,0.9953372,0.9962985,0.9959602,0.9967217,0.99437696,0.9957223,0.9964511,0.9961453,0.99657184,0.99693096,0.99642956,0.9957659,0.99682206,0.99628294,0.9964363,0.99611837,0.99652094,0.996553,0.996176,0.9968611,0.99634176,0.9971984,0.9972402,0.9964073,0.99461496,0.9964437,0.99696624,0.99685997,0.99576706,0.9968396,0.9964453,0.9963881,0.99706256,0.9970666,0.9960387,0.997187,0.99650884,0.99617755,0.9966411,0.9954287,0.9968665,0.9964127,0.996575,0.996764,0.9966626,0.9949011,0.9964049,0.99664074,0.9964837,0.9967175,0.99690825,0.99653625,0.9966475,0.99680406,0.9959204,0.9966742,0.99677557,0.99661297,0.9969597,0.9967048,0.99666214,0.99624825,0.99438304,0.9964769
ipip64,0.9989972,0.99710584,0.9999992,0.99655324,0.9979619,0.9965224,0.9986515,0.99717724,0.9978542,0.99648017,0.99648494,0.9976723,0.9964481,0.99635565,0.9959311,0.9970708,0.99759334,0.99624264,0.9974978,0.99738824,0.99757355,0.99732673,0.99745727,0.99754494,0.9967921,0.99739623,0.99586695,0.99754876,0.99681884,0.9971068,0.9972887,0.9969464,0.9965773,0.9972873,0.9980721,0.99707574,0.9977341,0.99806213,0.9973607,0.9971854,0.995538,0.99741113,0.99644214,0.99615854,0.9957427,0.99786925,0.99676096,0.99660236,0.9972131,0.9959591,0.99702084,0.99122757,0.99739623,0.99610555,0.9952626,0.9963527,0.9958688,0.9954902,0.99637306,0.9974359,0.99755967,0.9973984,0.99758756,0.99727184,0.9969576,0.99689394,0.9977772,0.9978076,0.997467,0.99638635,0.9976715,0.99702245,0.9945715,0.99644977,0.9963111,0.99035645,0.99553716,0.9971777,0.9965513,0.99702877,0.9971472,0.9978605,0.99596894,0.99819773,0.9976917,0.997809,0.99747914,0.99623495,0.99632484,0.99777365,0.9965833,0.9976319,0.99711967,0.99423224,0.99480087,0.9948778,0.99772334,0.99601376,0.9947056,0.9941203,0.9965839,0.99755454,0.9969988,0.9970562,0.997389,0.994102,0.997378,0.9958113,0.9971143,0.99749964,0.9979128,0.99566823,0.9968651,0.99655443,0.9976751,0.99643654,0.9973304,0.9976671,0.997738,0.9963826,0.9976405,0.9967909,0.9978489,0.99764085,0.9974956,0.99644244,0.9966517,0.9974993,0.99632114,0.9965359,0.99755746,0.9924243,0.995631,0.9957998,0.99727273,0.99726635,0.9968422,0.9971487,0.9977492,0.997593,0.9977487,0.99749136,0.99703634,0.99752915,0.99751467,0.99556696,0.997357,0.9975926,0.99487084,0.99752927,0.99751246,0.99689215,0.99509424,0.9946507,0.99755704,0.99671173,0.9966914,0.99609447,0.9951715,0.9974768,0.9947019,0.9976369,0.9971022,0.996209,0.9976642,0.9897946,0.9974889,0.99660116,0.9971976,0.99627984,0.9978523,0.99577445,0.9973901,0.9972956,0.9973375,0.99771905,0.99773985,0.99744916,0.99658906,0.99705356,0.99562323,0.9964476,0.996506,0.9964576,0.99449664,0.99641216,0.99743676,0.9974747,0.9975328,0.99564904,0.9974909,0.99753624,0.9975803,0.9973018,0.9975479,0.99791825,0.99736637,0.9979465,0.9957291,0.99670076,0.9969047,0.99764663,0.9956092,0.9975803,0.99758995,0.99686503,0.9976809,0.9934473,0.9962235,0.9953765,0.9971113,0.9965908,0.9974876,0.9969135,0.995624,0.99562836,0.9970486,0.9904649,0.9971873,0.9971254,0.9975528,0.9964134,0.99707896,0.9966188,0.9954814,0.9975829,0.9976118,0.9971312,0.99185234,0.99600476,0.9969379,0.99704534,0.99745613,0.99766123,0.99750805,0.9954664,0.99703425,0.9963773,0.9971031,0.99568325,0.9969029,0.99663943,0.9975298,0.99615544,0.99676895,0.9974519,0.99634624,0.9978189,0.9931663,0.9961667,0.9975724,0.99756753,0.99502957,0.99749124,0.9962145,0.99683076,0.99730486,0.9972799,0.9955221,0.9975661,0.9976231,0.99536186,0.99675775,0.99433655,0.9961742,0.9970147,0.9964757,0.99661154,0.9964698,0.9942507,0.9979255,0.99595666,0.99671876,0.9977604,0.9971592,0.9965308,0.9966437,0.99728733,0.9960911,0.9970147,0.99655867,0.99768215,0.99671924,0.9966123,0.9973308,0.993765,0.99182224,0.99583876
ipip94,0.99600947,0.9981765,0.99655324,0.99999946,0.9977993,0.9968533,0.9964085,0.9967559,0.99704826,0.9994834,0.9962651,0.99625343,0.9962191,0.9962101,0.99624175,0.9959381,0.99662966,0.9963089,0.9964306,0.9961888,0.9968181,0.9963049,0.9967688,0.9970864,0.99647206,0.9961856,0.996483,0.9968651,0.9959468,0.99634993,0.9961667,0.99617875,0.9953296,0.9961057,0.9958258,0.996242,0.99596155,0.9961551,0.99604726,0.9961362,0.99559253,0.9962248,0.9970478,0.99491143,0.9978112,0.9968998,0.9969226,0.99629205,0.9965471,0.99574286,0.99635,0.99391985,0.99658394,0.99596703,0.99611336,0.99688995,0.9957764,0.99612206,0.9975182,0.99690473,0.99588126,0.99600756,0.9961474,0.9966531,0.99621415,0.996603,0.9960675,0.9965415,0.9962969,0.99641836,0.9957501,0.99637794,0.99506706,0.995697,0.99618715,0.9915286,0.99535066,0.9961501,0.9969435,0.9967913,0.99655527,0.9960734,0.99511987,0.99602914,0.9962964,0.9959312,0.9956478,0.9959437,0.9956841,0.99626553,0.9959184,0.99585295,0.9958297,0.99418473,0.99458677,0.9950462,0.9957823,0.99663264,0.994375,0.9948755,0.9959539,0.99628127,0.99594605,0.9962605,0.9965036,0.99509746,0.99592113,0.9956388,0.9963919,0.9954863,0.99609804,0.9941462,0.99609864,0.99563414,0.99604774,0.996356,0.995518,0.9962157,0.9960286,0.9960456,0.99622124,0.9958931,0.99691564,0.9964861,0.9959687,0.9960174,0.9966292,0.99645793,0.99678683,0.99589413,0.9964111,0.9933963,0.9961961,0.9955608,0.9957085,0.9967937,0.9966734,0.9965891,0.99595493,0.99582547,0.99571776,0.9967385,0.9963707,0.9968806,0.9961628,0.99540716,0.9960714,0.9962131,0.9953144,0.99637467,0.9965623,0.9964367,0.9953561,0.9946734,0.9955051,0.99628985,0.9964173,0.9959473,0.99474996,0.99534917,0.99567705,0.99668705,0.9960364,0.9958351,0.99584854,0.9910223,0.9962011,0.9963648,0.9964445,0.9955428,0.996119,0.9956796,0.9952971,0.9962767,0.99664384,0.9960927,0.9964187,0.99659336,0.9964622,0.9962612,0.99561846,0.996635,0.99652356,0.9966154,0.9947046,0.99577636,0.99614084,0.9961247,0.9961885,0.99611396,0.99613494,0.9962885,0.99622244,0.9965805,0.9960479,0.99599665,0.9965598,0.9961415,0.9957615,0.99687636,0.9963873,0.9961627,0.9967328,0.99642223,0.9966005,0.9965024,0.9966285,0.9953908,0.99659145,0.9957947,0.9964798,0.9950084,0.9965749,0.9962849,0.99642944,0.9957034,0.99648476,0.9921236,0.99619484,0.9961613,0.99654967,0.9955399,0.9961879,0.9967737,0.99511135,0.996062,0.9958161,0.9965881,0.9946171,0.99547344,0.996281,0.9959244,0.9963758,0.99661106,0.9961081,0.9956332,0.9963896,0.9959708,0.9962346,0.9958153,0.9961654,0.9963672,0.9959743,0.99625677,0.9960372,0.99683595,0.99707806,0.9962375,0.9941113,0.99628943,0.99673665,0.9966585,0.9956316,0.99661463,0.9962789,0.9962721,0.9966239,0.99692017,0.9958487,0.9969766,0.996397,0.9963554,0.99663484,0.9953515,0.9970123,0.9962478,0.9963012,0.99650955,0.99622804,0.99473864,0.99609977,0.99632233,0.9967153,0.9964078,0.9967824,0.9964622,0.9964713,0.99640757,0.99564976,0.9964635,0.99680185,0.99651784,0.9967298,0.99664694,0.9963867,0.9964108,0.9944486,0.99675226
ipip124,0.9983433,0.99796957,0.9979619,0.9977993,0.9999995,0.99739397,0.99843794,0.9974967,0.99802077,0.99786043,0.99680007,0.9977736,0.99669975,0.99663883,0.9963247,0.9972363,0.9976078,0.9967186,0.9977586,0.9974437,0.9978992,0.9976606,0.9981522,0.9980109,0.9973419,0.99757576,0.9963322,0.997769,0.99700767,0.99726176,0.99746996,0.9972934,0.9967942,0.9976221,0.99794906,0.9977838,0.99761564,0.99803066,0.99749786,0.99771225,0.9960966,0.9976462,0.99714226,0.9962727,0.9967937,0.99832964,0.99738765,0.99687266,0.9976945,0.99650913,0.9975513,0.99191254,0.99807477,0.9965081,0.9956126,0.99685043,0.9970776,0.996058,0.99706626,0.9977463,0.99758667,0.9973605,0.9976768,0.9977697,0.9974631,0.99711514,0.99786854,0.998034,0.9976708,0.9966751,0.99803793,0.9975682,0.99501,0.99708796,0.9965388,0.99055004,0.9958583,0.9974124,0.9969224,0.9975356,0.99738693,0.99790025,0.9959804,0.9980434,0.9977053,0.99799365,0.9974835,0.9961854,0.99609447,0.9977083,0.9969348,0.9979382,0.9973535,0.9946772,0.9945673,0.99507433,0.9980961,0.9965476,0.99498826,0.99440295,0.99668694,0.9979062,0.9971201,0.9973959,0.9976593,0.9945971,0.99744046,0.9962944,0.9974508,0.99760765,0.9981531,0.99552184,0.99710447,0.9967792,0.99772334,0.9969664,0.99740654,0.99788517,0.997869,0.9967576,0.9978512,0.9969753,0.99799114,0.99773425,0.99779916,0.9966644,0.99700195,0.997692,0.9968288,0.99669313,0.99805695,0.9923405,0.9963874,0.9954893,0.9976737,0.9977798,0.9974556,0.99760145,0.99805295,0.9979901,0.9979548,0.99773806,0.99689806,0.9978664,0.99752975,0.9955602,0.9977605,0.9976777,0.9953536,0.9977002,0.99797636,0.9974016,0.9955587,0.9945752,0.997604,0.99719083,0.99716336,0.99686193,0.99522585,0.99754864,0.99551326,0.9981873,0.99734586,0.996639,0.9980595,0.9904725,0.9977776,0.9971481,0.99792737,0.9967361,0.99842757,0.99664813,0.99762166,0.9975714,0.9977504,0.9978333,0.9980054,0.998025,0.9971354,0.9973099,0.99604493,0.9967637,0.99680626,0.9968468,0.9945056,0.99662924,0.99772835,0.99772173,0.99776614,0.9963093,0.99775314,0.9978156,0.99785715,0.99773526,0.99787956,0.9980762,0.99792933,0.99826795,0.9963325,0.99725777,0.9974886,0.9981163,0.99650806,0.99803126,0.9978665,0.99736565,0.9980339,0.9940209,0.996613,0.9958477,0.9972577,0.99660903,0.9978081,0.9971939,0.99604577,0.9959889,0.9973225,0.9903165,0.99711055,0.9974866,0.99810624,0.99676967,0.9973149,0.9970477,0.9954462,0.99783695,0.9978109,0.99751645,0.9925507,0.9963574,0.9973171,0.9973729,0.997738,0.9980027,0.99785274,0.9959454,0.99779373,0.9971273,0.99774665,0.99638766,0.99753004,0.99691457,0.9978322,0.9968198,0.99711245,0.99791056,0.9979555,0.9982303,0.99363935,0.99721915,0.9979825,0.99797505,0.9955508,0.99785864,0.9965942,0.9972742,0.997509,0.99811035,0.9961093,0.9980205,0.99790096,0.9958352,0.99707544,0.99509555,0.99644744,0.997598,0.9970171,0.99730706,0.9970666,0.9942066,0.9981967,0.9965688,0.9974329,0.9980198,0.99765456,0.99712646,0.9971776,0.9977846,0.99617004,0.9976303,0.99730116,0.9980855,0.99733347,0.9971917,0.9974764,0.9951953,0.9924782,0.9964784
ipip154,0.9964774,0.99710983,0.9965224,0.9968533,0.99739397,0.9999997,0.9964784,0.99630475,0.99691117,0.9968825,0.99605083,0.9967026,0.9958219,0.9959056,0.9961681,0.99621534,0.9966028,0.9957888,0.9965425,0.99630326,0.9968322,0.9967827,0.99680144,0.997032,0.9968308,0.9963198,0.99568015,0.9967087,0.9961079,0.9964309,0.9964993,0.9964155,0.9958656,0.9965423,0.9962507,0.9967251,0.9961631,0.99632865,0.99646115,0.99646926,0.99533737,0.9963216,0.99617845,0.9953552,0.9966458,0.9972233,0.99657977,0.99642944,0.9963004,0.9958532,0.996457,0.9923651,0.9964072,0.9955335,0.99532807,0.99589676,0.99599916,0.99572766,0.9965484,0.9968872,0.99639004,0.99642515,0.99664426,0.9970793,0.9965947,0.99680996,0.99648523,0.9971575,0.9968266,0.9965314,0.9965711,0.99656236,0.99638164,0.9960718,0.996037,0.9910833,0.9953187,0.9964242,0.99637604,0.9968332,0.99658704,0.9966417,0.99519306,0.99669164,0.99634767,0.9964231,0.996103,0.9956246,0.9957849,0.99643004,0.99614084,0.9964297,0.99638134,0.9944369,0.9945955,0.9945189,0.9965195,0.9959873,0.9948614,0.99438876,0.9960494,0.996986,0.9962066,0.9968169,0.99684006,0.9946961,0.9962433,0.99595666,0.9964875,0.9960673,0.99657303,0.99465066,0.99624866,0.99591136,0.9963365,0.99618447,0.99613976,0.99670154,0.9964257,0.9961064,0.99640936,0.9960038,0.99679595,0.99656546,0.9962959,0.9960487,0.9961045,0.9964921,0.99628556,0.9958236,0.9967263,0.99214464,0.99564856,0.9950746,0.99623334,0.99679375,0.9969062,0.99672633,0.9964883,0.99654865,0.99665385,0.9966974,0.99625003,0.99680424,0.9967996,0.99531037,0.9967623,0.9968996,0.99489707,0.996495,0.9968581,0.9966409,0.9952876,0.9949119,0.9961186,0.99660397,0.9965171,0.99604756,0.99529374,0.9960829,0.9949563,0.9968395,0.9963102,0.99620956,0.99650735,0.99065125,0.99636567,0.9966991,0.99648464,0.99584544,0.99688977,0.99623436,0.9959911,0.99648875,0.99675286,0.99641556,0.9968936,0.9973389,0.9963818,0.9963456,0.9955929,0.99643165,0.9965419,0.9963991,0.99494267,0.99580234,0.9963012,0.996391,0.9964725,0.99571073,0.99646604,0.99652046,0.99651164,0.9966995,0.99689233,0.99656063,0.99673766,0.99661416,0.9957472,0.99644643,0.99632293,0.9966724,0.99631226,0.9967906,0.9969336,0.9968474,0.99670225,0.99492496,0.99612886,0.99541163,0.99645865,0.99561125,0.996767,0.996443,0.99575716,0.9955668,0.99643624,0.9912222,0.99637806,0.99644744,0.996808,0.9957608,0.9960742,0.99649733,0.9951096,0.9966284,0.9962727,0.99674135,0.99347526,0.99594957,0.99622583,0.996424,0.99677724,0.99719614,0.99668497,0.99560475,0.9965027,0.996078,0.9964565,0.99574107,0.9962674,0.9962999,0.9963298,0.9961981,0.9961912,0.9969421,0.9964811,0.99665534,0.99334264,0.99611974,0.9969902,0.99691,0.9951362,0.99693,0.99597913,0.99595886,0.996182,0.9967206,0.9953588,0.9969763,0.99652034,0.9954016,0.99608016,0.9945108,0.9958853,0.99639297,0.99612427,0.9965457,0.99641275,0.9943231,0.9967205,0.9962432,0.99628305,0.996681,0.9967301,0.9963059,0.9962054,0.99665934,0.9958781,0.99654144,0.99651325,0.99659795,0.99636185,0.996491,0.9963317,0.9953456,0.9931038,0.9959173
ipip184,0.99946165,0.99664474,0.9986515,0.9964085,0.99843794,0.9964784,1.0000018,0.9976467,0.99883235,0.99651325,0.9966388,0.9980681,0.9965343,0.99640787,0.9956918,0.99772245,0.99817437,0.9963347,0.99809915,0.9980363,0.99810016,0.9976744,0.99802375,0.9982038,0.9968689,0.9981009,0.9958968,0.99817926,0.9972973,0.99747276,0.9978823,0.9977536,0.99733865,0.99801564,0.9989782,0.9977688,0.99856156,0.9991026,0.9980029,0.99802774,0.996052,0.99807465,0.99676883,0.9965522,0.99535644,0.9982646,0.9967644,0.9963524,0.99765617,0.9961965,0.99741143,0.99034023,0.9981444,0.99641854,0.99504936,0.9968026,0.99583554,0.99547845,0.99630094,0.99811405,0.9982362,0.9973879,0.9983058,0.9973774,0.9972222,0.9966708,0.9986627,0.9985358,0.99800485,0.99630374,0.9987819,0.9976939,0.99418086,0.9970143,0.99609447,0.98968977,0.9956683,0.9977349,0.9968735,0.99758846,0.99718267,0.9984542,0.9961986,0.99863493,0.99787134,0.9988739,0.9982741,0.9962095,0.99572414,0.9981658,0.9969226,0.99864435,0.997687,0.99418193,0.99393106,0.9944936,0.9987606,0.9962783,0.9947215,0.99365336,0.99678284,0.9984272,0.9974299,0.99748474,0.99781317,0.99400955,0.9982473,0.99605966,0.99791336,0.99868053,0.9990518,0.9956814,0.9968805,0.99695736,0.99857664,0.99650764,0.9982706,0.9984404,0.9985117,0.99686337,0.99852407,0.9972301,0.9984428,0.99817604,0.99833053,0.99690175,0.9974316,0.9984424,0.9966567,0.99723697,0.9985031,0.99169356,0.99579394,0.99498034,0.9982072,0.9979204,0.99726653,0.9979142,0.9990807,0.9986949,0.99878144,0.9978582,0.9968332,0.9979214,0.99782914,0.99513245,0.99811035,0.99803877,0.99498874,0.9980407,0.9984811,0.99753135,0.9950033,0.99422777,0.9986013,0.9970713,0.99702257,0.9966331,0.99484843,0.9986765,0.99470437,0.9985942,0.99775016,0.9963415,0.99879986,0.98960954,0.9985162,0.99701285,0.997901,0.99673355,0.9989435,0.9957351,0.9985133,0.99800676,0.99819756,0.99861014,0.99858195,0.99819946,0.99733204,0.99786115,0.9958488,0.9967029,0.99675274,0.99672556,0.9937738,0.9967855,0.9984946,0.99858934,0.99855775,0.9961178,0.99850196,0.99858284,0.99858,0.998174,0.9983693,0.99900496,0.99839586,0.99924165,0.9963199,0.9969663,0.99781597,0.99890554,0.99587125,0.9985596,0.99804306,0.99727553,0.998791,0.99285465,0.9965568,0.995632,0.99741954,0.99726856,0.9982612,0.9973709,0.99577874,0.99540365,0.9976747,0.9889806,0.99736387,0.99785966,0.99835974,0.99703175,0.9977648,0.9967102,0.99531585,0.99855167,0.9989002,0.9978899,0.99132144,0.9963861,0.9977964,0.9977378,0.9980787,0.9981053,0.99840826,0.99574506,0.997751,0.9968541,0.9978519,0.99595237,0.9975118,0.9968339,0.99854577,0.99644214,0.99736136,0.9981253,0.9962245,0.9988693,0.99244064,0.9965491,0.99829835,0.99831116,0.99516803,0.9982716,0.9964473,0.9974822,0.99779946,0.99792635,0.9956623,0.9980164,0.9985893,0.9952978,0.9970616,0.9944111,0.9962286,0.9977952,0.9968159,0.99711096,0.9968114,0.99325967,0.9991214,0.99613,0.99735034,0.99874264,0.99763364,0.99699533,0.9969312,0.99797875,0.99604356,0.99756527,0.9969558,0.9986812,0.9972602,0.996992,0.9979645,0.9931114,0.99078435,0.99573517
ipip214,0.99717486,0.99769676,0.99717724,0.9967559,0.9974967,0.99630475,0.9976467,0.9999997,0.9980828,0.9970868,0.99667287,0.99681544,0.99713725,0.99698883,0.996232,0.9970336,0.997332,0.99700767,0.9973224,0.9975708,0.997067,0.9973313,0.9971651,0.99774545,0.996605,0.9971524,0.9967492,0.99725103,0.9968098,0.9969803,0.9965303,0.9969191,0.99621373,0.9969981,0.99724567,0.99679995,0.9970168,0.99729425,0.9970854,0.9972712,0.9961903,0.99699664,0.99649876,0.9957483,0.9965814,0.9973919,0.99713576,0.99645746,0.9972441,0.99629104,0.9968045,0.9929909,0.9973155,0.9968964,0.99593204,0.9970726,0.99577,0.9963637,0.9966144,0.99727154,0.9967005,0.9966082,0.9969579,0.9970207,0.9967488,0.99655265,0.99747646,0.997132,0.9969988,0.9967913,0.99661684,0.99689645,0.994679,0.9963016,0.9963131,0.99166507,0.99610543,0.9968904,0.99695647,0.99697787,0.99666786,0.99688846,0.9956015,0.9968726,0.9968461,0.9969571,0.99675417,0.996606,0.9960309,0.99747276,0.9963433,0.9966506,0.9967116,0.9948089,0.9948199,0.9957063,0.9967893,0.99669266,0.9944971,0.99501115,0.9964432,0.99684423,0.9965439,0.9966745,0.9970172,0.9949843,0.99684525,0.996166,0.99719393,0.9967466,0.99720794,0.99519914,0.99655515,0.99656355,0.9970644,0.99670076,0.99674815,0.9969675,0.9969738,0.9968638,0.9969965,0.99656844,0.99716055,0.9970808,0.99671936,0.9965053,0.9973597,0.9975093,0.9965767,0.9968408,0.99710804,0.9930829,0.9961166,0.9961557,0.9969314,0.9970439,0.9968245,0.9972573,0.99709845,0.99690884,0.9967217,0.9971994,0.9966814,0.9977223,0.9968794,0.99605936,0.9970585,0.99694836,0.9957163,0.9973845,0.9970261,0.99667716,0.9956025,0.99481213,0.9965236,0.99649876,0.99666613,0.99633414,0.9949874,0.996433,0.99558735,0.99730766,0.9968672,0.9960387,0.9970526,0.9908753,0.99719626,0.9966379,0.9971847,0.996108,0.99681246,0.9959267,0.9963668,0.9969648,0.99694353,0.997103,0.9973866,0.9975739,0.99696225,0.99709773,0.99642646,0.9964941,0.9964324,0.99661666,0.9946217,0.9966036,0.9971053,0.9971693,0.99714,0.9962879,0.99716496,0.9970425,0.9969564,0.99685526,0.99678224,0.99693686,0.99722654,0.99721307,0.9961936,0.99726444,0.99733657,0.9970687,0.9966856,0.9970404,0.99689424,0.9966137,0.99735653,0.9948151,0.9968004,0.9965066,0.9966654,0.996283,0.9969558,0.99679774,0.9964333,0.9956103,0.9970029,0.9917194,0.99670786,0.99691486,0.9969919,0.99640775,0.99714947,0.99692225,0.9953271,0.9969476,0.99697095,0.9973903,0.9935771,0.99595916,0.9972165,0.9966882,0.99689996,0.9969844,0.99709105,0.99604815,0.9970658,0.9968444,0.9968721,0.99634844,0.99706596,0.99680865,0.9969222,0.99628574,0.99692065,0.99737513,0.99651784,0.99697405,0.99429345,0.99641156,0.9971221,0.99704206,0.9956107,0.99708956,0.9964616,0.99696875,0.99734116,0.99724483,0.9962618,0.9973838,0.9970687,0.99606776,0.9971392,0.99546397,0.99669504,0.9969987,0.9966561,0.9967215,0.9965685,0.9941914,0.9971989,0.99646455,0.9968043,0.997354,0.9973405,0.99675286,0.9968549,0.99700946,0.9958028,0.9968022,0.9967084,0.9973621,0.9972726,0.9966523,0.997305,0.9948999,0.99354637,0.9960603
ipip244,0.9983371,0.99742776,0.9978542,0.99704826,0.99802077,0.99691117,0.99883235,0.9980828,1.0000018,0.9971896,0.9971036,0.99778944,0.9972315,0.9971736,0.9967176,0.9974737,0.997979,0.99744326,0.9981368,0.9979543,0.99799913,0.9978093,0.9982216,0.99910223,0.9973822,0.99792546,0.99742466,0.9981764,0.99753565,0.99778664,0.99798363,0.99804485,0.9975501,0.9979695,0.998098,0.9977503,0.9979162,0.9981156,0.99787277,0.9979217,0.99688756,0.9979537,0.9974086,0.99665,0.99694544,0.9981619,0.997667,0.99691504,0.9976871,0.9966887,0.9976157,0.99300706,0.99791473,0.99735826,0.99701315,0.9976733,0.99611664,0.99691105,0.9970036,0.9982853,0.9975829,0.99737436,0.99783546,0.9979916,0.9973685,0.99721503,0.99807775,0.9982094,0.997986,0.9970781,0.9978831,0.99792093,0.99517745,0.99703586,0.9966519,0.99148583,0.9963605,0.99765646,0.9981254,0.99842346,0.99757755,0.9979129,0.99630994,0.9977784,0.99762356,0.9979261,0.9975826,0.9970117,0.99641365,0.99777377,0.99704695,0.99789184,0.9972914,0.9949992,0.99487585,0.995543,0.99780774,0.9975767,0.99529475,0.99516404,0.99701107,0.99842054,0.9973952,0.9977112,0.99781394,0.99569553,0.99776953,0.9968933,0.99820656,0.9978158,0.9983573,0.99586856,0.99715716,0.9971719,0.99802125,0.9973268,0.9978337,0.9979404,0.99784064,0.99736863,0.9980778,0.9976558,0.9985119,0.99811226,0.997643,0.99780446,0.998403,0.99853635,0.9981524,0.9977615,0.99812156,0.99346375,0.9968606,0.9963314,0.99764633,0.9982603,0.9979033,0.9982175,0.99843395,0.9979807,0.99796176,0.99808365,0.99738675,0.99828213,0.9977029,0.9962854,0.99791944,0.9979714,0.99637985,0.99804765,0.9985913,0.99815476,0.996127,0.99529123,0.9977501,0.99759775,0.9977093,0.997134,0.9953845,0.99776584,0.9960915,0.9984554,0.99756163,0.9973632,0.99807745,0.99131835,0.9981564,0.9976868,0.9977339,0.9967775,0.9980705,0.9963917,0.99753696,0.9981634,0.9985645,0.9981775,0.9986266,0.99850225,0.9984204,0.9980995,0.9968241,0.9980178,0.9976266,0.9979484,0.9950555,0.9971616,0.998196,0.9983316,0.99833876,0.99744314,0.99808276,0.99835986,0.9982616,0.99853814,0.9979722,0.9982813,0.99831367,0.9984117,0.9973685,0.9978843,0.9979451,0.9982786,0.9968654,0.9982476,0.9982438,0.9981494,0.99892235,0.9954785,0.99780077,0.99748844,0.9980204,0.99721026,0.99858886,0.9981766,0.9975012,0.9966723,0.9979058,0.99143696,0.9973853,0.99783224,0.99820316,0.99724907,0.99772954,0.99774057,0.9959984,0.99805254,0.99822503,0.9982754,0.9940204,0.99692625,0.9981126,0.9975999,0.9978772,0.9980675,0.9980236,0.9967687,0.9978316,0.9972168,0.997834,0.9968886,0.9976279,0.9973652,0.9979708,0.9971998,0.9976699,0.9983638,0.99701,0.9981416,0.9937057,0.9970708,0.998351,0.9982863,0.9964189,0.99831116,0.9971969,0.99752814,0.9979159,0.99839634,0.9965495,0.99815977,0.99833363,0.9970716,0.99755245,0.99562466,0.9972655,0.99779737,0.99745226,0.99806833,0.9974826,0.9948844,0.99839973,0.9973728,0.99799055,0.9984401,0.9983333,0.9974515,0.997503,0.9979457,0.9966823,0.99769795,0.9979687,0.998308,0.9977986,0.9980133,0.9980524,0.994588,0.992891,0.996286
ipip274,0.9958852,0.99834526,0.99648017,0.9994834,0.99786043,0.9968825,0.99651325,0.9970868,0.9971896,1.0000001,0.9962624,0.9960588,0.9964332,0.9963673,0.99620235,0.99595755,0.9966471,0.9963934,0.99646056,0.9962004,0.9967818,0.9962682,0.99678683,0.9971062,0.9964847,0.99623483,0.99670345,0.99689955,0.9960151,0.99637043,0.9959777,0.99624366,0.99541837,0.99609226,0.99581206,0.9962497,0.9960063,0.9961969,0.9960423,0.9962274,0.99579567,0.99627876,0.997016,0.99489224,0.9980116,0.9969222,0.9970369,0.99623626,0.9965183,0.99580324,0.99638516,0.9943505,0.99660856,0.99611294,0.99628603,0.9970834,0.99584734,0.99634963,0.9976265,0.9969775,0.99573946,0.99600434,0.9960223,0.9966038,0.996186,0.99655676,0.99598116,0.99647963,0.996246,0.9965128,0.99557,0.99633414,0.99511623,0.99563026,0.9961098,0.99171484,0.9954438,0.99608606,0.99702644,0.99676824,0.996372,0.9958835,0.9949789,0.995837,0.99614453,0.99576396,0.9955141,0.99594325,0.995799,0.99619985,0.99584454,0.99571246,0.99569005,0.9942453,0.9946404,0.99507606,0.99562496,0.99671155,0.9943514,0.99500906,0.99588,0.99617845,0.9958457,0.99622756,0.99638116,0.99527746,0.9959182,0.9956666,0.99641585,0.9953332,0.9960155,0.9940793,0.9959874,0.9956746,0.99591774,0.99634516,0.9954858,0.9961855,0.9958943,0.99599326,0.99617773,0.9958554,0.99687564,0.9964015,0.99587893,0.99603367,0.9968385,0.9965698,0.9968531,0.99598116,0.9963782,0.9934895,0.9962285,0.99572235,0.9956841,0.99681246,0.99668366,0.99675596,0.9959122,0.9957133,0.9955502,0.99664825,0.9962786,0.99690354,0.99609953,0.99552304,0.99596316,0.9961471,0.99560446,0.99632925,0.99650633,0.9964232,0.9953722,0.9946378,0.9953253,0.9962819,0.9963787,0.9959311,0.9947103,0.9951585,0.99583906,0.9967215,0.9960515,0.9958468,0.99582446,0.99114907,0.9962512,0.99632925,0.99649006,0.99558824,0.99604416,0.9957555,0.99520254,0.9962279,0.99660766,0.9960331,0.9963958,0.99677753,0.9966196,0.99635845,0.9957981,0.9966179,0.99642813,0.99670845,0.99484164,0.9957828,0.99618524,0.99614733,0.99619204,0.996256,0.9961174,0.9962203,0.9961542,0.99652785,0.9958991,0.995903,0.9965977,0.9962301,0.9959466,0.99713343,0.9963214,0.9961572,0.99690723,0.9963837,0.99655414,0.9964906,0.99660677,0.9957112,0.99671584,0.9961193,0.9964385,0.99493206,0.9965036,0.99624753,0.996463,0.9956531,0.9965705,0.99241924,0.99614114,0.99605083,0.99655986,0.99557024,0.99617076,0.9967627,0.9951441,0.9959759,0.9957769,0.99672693,0.9949459,0.9953468,0.9963621,0.99585533,0.9962384,0.9964851,0.9960644,0.9957216,0.9963456,0.99607134,0.9962266,0.99594027,0.9962539,0.9964227,0.995885,0.9963064,0.9960945,0.9968529,0.99716103,0.9961146,0.99430937,0.996394,0.99675643,0.9966625,0.99583673,0.9966533,0.99642044,0.99629104,0.99659663,0.99685055,0.996018,0.99695075,0.9962754,0.9964316,0.99654824,0.99543434,0.99712574,0.9962533,0.99636585,0.9965055,0.99625325,0.994751,0.99605304,0.99654245,0.996704,0.9964112,0.9968161,0.9964696,0.9965302,0.9963355,0.99553865,0.996444,0.99677217,0.99643135,0.9967684,0.9965996,0.9964371,0.99648035,0.9948359,0.9966946
ipip9,0.9964071,0.99643093,0.99648494,0.9962651,0.99680007,0.99605083,0.9966388,0.99667287,0.9971036,0.9962624,0.9999989,0.9968148,0.99677545,0.99643016,0.9963738,0.99751663,0.9968402,0.9963532,0.99702626,0.9967682,0.99675626,0.99629384,0.9970588,0.9969788,0.99650604,0.9966332,0.99604875,0.9968368,0.9967632,0.99687165,0.996438,0.9969998,0.9962593,0.9966444,0.9964778,0.9966772,0.99683625,0.9967315,0.9967916,0.9967965,0.99592435,0.99677354,0.9964747,0.9960827,0.99632674,0.9967489,0.9967932,0.99607974,0.99693376,0.9960143,0.9964634,0.99281466,0.9968915,0.9959128,0.995871,0.99654424,0.9954834,0.99627775,0.99651736,0.9973047,0.99650764,0.99665284,0.99663955,0.99676335,0.9963414,0.99656415,0.9966242,0.9968166,0.9967688,0.99625194,0.996199,0.99696636,0.9946843,0.9959413,0.9961103,0.9919582,0.99620706,0.9967812,0.9969288,0.99696517,0.9967914,0.9968471,0.99657017,0.99682784,0.9966491,0.9967603,0.9967609,0.9965544,0.99609935,0.9970397,0.996345,0.99658537,0.9962684,0.994471,0.99500406,0.99519813,0.99639404,0.99682695,0.9951882,0.9953265,0.99656886,0.99678,0.9964177,0.9967806,0.9968735,0.99513304,0.9966907,0.9962012,0.99697804,0.9962392,0.99692184,0.9948613,0.9966918,0.9961625,0.99665743,0.9966085,0.9963302,0.9967817,0.9964909,0.99652725,0.9967044,0.9962588,0.99675655,0.99663657,0.9965808,0.99632007,0.99661565,0.99706656,0.99668455,0.9962173,0.9967833,0.99299484,0.99601585,0.9956521,0.9964522,0.99701244,0.9969344,0.99712884,0.996701,0.9963207,0.9964146,0.99699885,0.9966505,0.99700147,0.99650586,0.9954793,0.9964456,0.99665713,0.9960121,0.9968542,0.99691206,0.9967482,0.9958196,0.9948627,0.9959938,0.9966866,0.996895,0.99619013,0.99473184,0.9958905,0.9954593,0.99709153,0.9965216,0.996567,0.9964536,0.99285686,0.99681336,0.996517,0.9966523,0.9960937,0.9965487,0.9954798,0.995954,0.99676174,0.99686396,0.9970118,0.99662167,0.99679244,0.9965044,0.9967242,0.99603486,0.9965137,0.99636406,0.9965441,0.9947804,0.9960109,0.99661213,0.9966158,0.99660856,0.9961223,0.9969854,0.99698204,0.99696386,0.9968688,0.99665886,0.9968898,0.99675834,0.99669963,0.9959524,0.9968253,0.99680775,0.9965868,0.996372,0.99685866,0.99658555,0.9966903,0.99692744,0.99530137,0.9964887,0.9963527,0.99665517,0.9958177,0.99700963,0.9963961,0.9963062,0.9959285,0.9969417,0.99183464,0.9966432,0.9967924,0.9969986,0.9966592,0.99657434,0.9969735,0.99630666,0.9972689,0.996418,0.99670607,0.9935205,0.9962198,0.99648637,0.9963695,0.9966845,0.9968498,0.99671286,0.9957109,0.9966154,0.99632627,0.996744,0.99604833,0.9968091,0.9962921,0.99674976,0.99664015,0.99673676,0.99693125,0.99627113,0.9966619,0.993271,0.99611205,0.9973001,0.9972421,0.99620306,0.9972291,0.9967567,0.99636465,0.99621,0.99685466,0.99583656,0.99696034,0.9969526,0.9961022,0.9967401,0.9948943,0.9966096,0.9966581,0.9965204,0.99639004,0.9964706,0.9945569,0.9967046,0.9966124,0.9966944,0.99692863,0.9969844,0.9965513,0.99671197,0.9968527,0.99574465,0.99628633,0.9967317,0.9969484,0.99655837,0.99675584,0.9969379,0.9946266,0.9936554,0.99616975
ipip39,0.9980904,0.9964402,0.9976723,0.99625343,0.9977736,0.9967026,0.9980681,0.99681544,0.99778944,0.9960588,0.9968148,0.99999875,0.99672455,0.99662507,0.99706817,0.99764955,0.9978558,0.9962866,0.9979873,0.99766874,0.9977211,0.997445,0.99774116,0.9976211,0.99708796,0.9974929,0.99592614,0.9976896,0.99719495,0.99747807,0.99769264,0.9974468,0.99702454,0.99781674,0.9980891,0.99765843,0.9977107,0.9979868,0.9977664,0.9978091,0.9961608,0.99759936,0.9968293,0.99657166,0.9956892,0.9976981,0.996867,0.99681294,0.99747336,0.99678993,0.9971809,0.9909541,0.99772984,0.99623626,0.9953279,0.99674207,0.9961601,0.9960654,0.99641937,0.9977446,0.9980526,0.99758714,0.9981915,0.99761355,0.99755716,0.9972295,0.99783224,0.99801475,0.99785554,0.9967172,0.99821174,0.9977726,0.9951676,0.9972831,0.9973978,0.9910184,0.9961955,0.9977263,0.99686885,0.99754745,0.9988253,0.99848086,0.9966015,0.99830025,0.99784124,0.9986425,0.99792004,0.99649316,0.9966477,0.99790734,0.9975894,0.99811286,0.99772924,0.9949605,0.99486184,0.99535394,0.99809295,0.9962929,0.99556035,0.99478424,0.9971978,0.9981307,0.99754673,0.9977193,0.998202,0.99486923,0.99779636,0.9964916,0.9976566,0.9978722,0.99848765,0.99593896,0.9987462,0.99704826,0.99799556,0.99724245,0.9977296,0.9980728,0.9979909,0.99707705,0.997821,0.99705595,0.9977948,0.99780744,0.9976304,0.9968839,0.99681056,0.9979439,0.9966584,0.9971045,0.9979296,0.9923573,0.99640614,0.99554837,0.9974969,0.9979828,0.9973852,0.99761266,0.9983695,0.99801284,0.9982815,0.99793124,0.9969206,0.9976257,0.9979518,0.9958643,0.99825335,0.9978706,0.99554914,0.9979796,0.99805725,0.9977804,0.9958022,0.9951312,0.9978739,0.997565,0.9974633,0.996901,0.9956538,0.9978423,0.9954672,0.9982234,0.9975621,0.99662113,0.9980406,0.9903092,0.99774396,0.99729097,0.9974227,0.99664605,0.9981629,0.9964295,0.997536,0.9976677,0.9976406,0.9980688,0.997832,0.99764895,0.99677134,0.99738806,0.99643934,0.9967583,0.9969816,0.9967878,0.9942766,0.99702275,0.99768454,0.99779105,0.997807,0.99626374,0.99792206,0.99791795,0.99794275,0.9976549,0.9983348,0.99823487,0.997752,0.9981432,0.99639356,0.9967647,0.99745595,0.9979449,0.99594706,0.9979175,0.99776906,0.99723977,0.9979857,0.9937896,0.9965431,0.99578077,0.99740165,0.99716294,0.9977244,0.9973129,0.99602276,0.9961689,0.99747354,0.9903019,0.99732715,0.9978927,0.9980041,0.99697274,0.9974007,0.9971749,0.9959018,0.9981587,0.99782705,0.9974562,0.9922637,0.99657094,0.99722165,0.99762815,0.9979277,0.99812126,0.9980409,0.99590814,0.99745154,0.99691683,0.9975388,0.9964209,0.9976484,0.9970178,0.9978396,0.9965557,0.9972473,0.9976536,0.9966467,0.99811566,0.9927746,0.99674124,0.99795544,0.9979711,0.995555,0.9979126,0.9964935,0.9970244,0.9970131,0.997696,0.9958364,0.99797297,0.9979078,0.99560887,0.99687016,0.9945964,0.9959973,0.9978771,0.9970213,0.9970497,0.9971553,0.99546677,0.9983924,0.9965209,0.99758315,0.998086,0.9981052,0.99719006,0.99700856,0.9978261,0.99655,0.99732906,0.99710584,0.998117,0.99704397,0.9971503,0.99769354,0.9940884,0.9918521,0.99655014
ipip69,0.9962037,0.99666595,0.9964481,0.9962191,0.99669975,0.9958219,0.9965343,0.99713725,0.9972315,0.9964332,0.99677545,0.99672455,1.0000006,0.99755424,0.99677837,0.9979176,0.99724615,0.99665993,0.99747103,0.99687594,0.9972597,0.99646866,0.9972581,0.996879,0.99660975,0.99680907,0.9965475,0.99736905,0.9966876,0.9969854,0.99643606,0.99709773,0.99610555,0.99686635,0.99648553,0.99666744,0.9970062,0.99700934,0.99718285,0.99686086,0.99654084,0.9969115,0.996545,0.9962631,0.99645865,0.99685687,0.997221,0.9959241,0.9974388,0.9967691,0.9963656,0.99323595,0.9973784,0.9964097,0.99572575,0.99735594,0.99559647,0.9966588,0.9966801,0.99721056,0.99654347,0.99694484,0.9969651,0.99639696,0.9966381,0.99719846,0.9966338,0.9964967,0.99671686,0.99630487,0.99618936,0.9971899,0.9951235,0.99627066,0.9967754,0.99250203,0.99625695,0.996739,0.9968977,0.99679166,0.997049,0.99654204,0.995987,0.9964632,0.9967349,0.99653405,0.99638337,0.99717194,0.99630684,0.996808,0.99679095,0.99653214,0.99651027,0.99510187,0.99538773,0.99598676,0.99622524,0.99694407,0.99576044,0.9959254,0.997032,0.9965511,0.99669844,0.99692464,0.9971307,0.9959489,0.9967039,0.9967402,0.99717516,0.9960879,0.99673957,0.99505377,0.9966952,0.99650866,0.99677247,0.9970775,0.9965363,0.99668217,0.996558,0.9969503,0.9972074,0.99697024,0.99709016,0.9971603,0.9967518,0.99670357,0.99720466,0.9973179,0.9964673,0.996693,0.99685705,0.99432206,0.99657667,0.99640906,0.9964121,0.99726915,0.9970327,0.9970992,0.99661976,0.9962361,0.9963572,0.9976168,0.9971063,0.9975606,0.99678123,0.9961872,0.99647236,0.9966135,0.9964936,0.99700415,0.99681044,0.9968413,0.9961792,0.9952364,0.99602234,0.9971171,0.99717945,0.9965925,0.9951554,0.9957101,0.99624974,0.99734676,0.9966814,0.99629796,0.9963645,0.9920186,0.9968488,0.9966724,0.9968796,0.99671835,0.9963199,0.9959486,0.9958958,0.99688756,0.9967811,0.99702114,0.9965541,0.99663126,0.9964736,0.9971313,0.9964757,0.9966105,0.9966396,0.9965919,0.994732,0.9967782,0.99691814,0.99689174,0.99694747,0.9964531,0.99692464,0.9969195,0.996824,0.9966732,0.99647576,0.9966186,0.9969447,0.9965845,0.9962483,0.99716735,0.9970024,0.99642044,0.99660325,0.996748,0.9967034,0.9966033,0.9971808,0.99492,0.99718964,0.996913,0.99666065,0.99604964,0.9967536,0.99674904,0.9966416,0.996429,0.9971559,0.99219835,0.99669886,0.9970274,0.99698067,0.99660313,0.99686354,0.99719024,0.9958453,0.9968094,0.996406,0.9971482,0.9942164,0.99583423,0.99707437,0.99653625,0.9965945,0.9969709,0.99687827,0.99620265,0.99662614,0.9967919,0.9969201,0.9968341,0.9969532,0.9967916,0.9966278,0.9965088,0.99682987,0.9969782,0.99641985,0.9965628,0.9938484,0.99656516,0.99706477,0.99694955,0.9962802,0.9969445,0.9967676,0.9966866,0.9966477,0.99687165,0.99629533,0.9973431,0.99699,0.99644816,0.99685246,0.9957077,0.99690163,0.99698454,0.9969795,0.99637717,0.99692774,0.9951161,0.99655104,0.99643993,0.99665236,0.99690527,0.997189,0.99683404,0.99697506,0.99679494,0.9959708,0.99647737,0.99640656,0.9969266,0.99683315,0.99635786,0.99711126,0.9944079,0.99395835,0.9960049
ipip99,0.9963072,0.9969402,0.99635565,0.9962101,0.99663883,0.9959056,0.99640787,0.99698883,0.9971736,0.9963673,0.99643016,0.99662507,0.99755424,0.99999875,0.99634963,0.9970175,0.9969469,0.9964476,0.99771386,0.9972425,0.9968991,0.99673265,0.9970816,0.9970517,0.99666315,0.9967103,0.996485,0.9970284,0.9968201,0.99729663,0.99630344,0.996403,0.9955188,0.99652785,0.99639994,0.996369,0.996457,0.99650395,0.9969118,0.9965234,0.99602365,0.9966399,0.9964109,0.9958761,0.9963499,0.996676,0.9969419,0.9960022,0.9969127,0.99671054,0.99611974,0.99323946,0.99677885,0.99703956,0.9964166,0.99659854,0.9955945,0.996354,0.99662393,0.9969508,0.9964621,0.9966772,0.9967862,0.9965578,0.9965724,0.996761,0.9964617,0.99648815,0.99660033,0.99622387,0.9959857,0.9965736,0.99476993,0.9958707,0.996819,0.9921161,0.99597836,0.99676496,0.9966459,0.99658823,0.9967039,0.9965473,0.99570704,0.9962578,0.9967443,0.996378,0.9962223,0.9976435,0.9963191,0.9966721,0.99648476,0.99635476,0.99649143,0.99502033,0.9954139,0.9957794,0.99607414,0.99630314,0.9953201,0.9957047,0.9965172,0.996357,0.99652123,0.996664,0.9974009,0.9951069,0.99661964,0.99613136,0.99678606,0.9960309,0.99651366,0.9951018,0.9968346,0.99624026,0.996511,0.9967394,0.9961888,0.9967088,0.9966107,0.996633,0.99661505,0.99641263,0.99673223,0.9969603,0.9962092,0.9961628,0.996743,0.9970766,0.9966506,0.99678063,0.9965184,0.993571,0.9963693,0.99696285,0.99596494,0.9969627,0.99671465,0.99667627,0.9963925,0.996192,0.9962501,0.9972334,0.99700034,0.9972888,0.996746,0.99648386,0.99651814,0.99645656,0.9956052,0.99693054,0.9966112,0.9966389,0.996511,0.99535644,0.9958441,0.99654067,0.99685234,0.99609596,0.9954479,0.9956256,0.99578285,0.9968816,0.99634284,0.9960128,0.9963379,0.9908181,0.9963618,0.9966287,0.99645704,0.99615294,0.9961542,0.9956513,0.9956604,0.9967654,0.99652624,0.99647963,0.9964191,0.9966332,0.99620485,0.99646246,0.99636334,0.99633396,0.99629647,0.9963427,0.99447453,0.9963623,0.99634844,0.9963307,0.9964608,0.9961594,0.996664,0.9963517,0.99633,0.9963555,0.9964688,0.9962487,0.9965763,0.9964935,0.9959662,0.99692,0.99650216,0.99621934,0.99631816,0.9964592,0.9965082,0.99637794,0.99664783,0.99476165,0.9966148,0.9959175,0.996456,0.995706,0.99642164,0.99650717,0.9960958,0.99603343,0.9968366,0.99214023,0.9968388,0.9966979,0.99669915,0.9960199,0.996286,0.9969238,0.9956463,0.9963924,0.9959728,0.9967993,0.99371684,0.99577975,0.9964974,0.99607486,0.99655086,0.99667454,0.9965111,0.9955758,0.99644357,0.9961851,0.9963615,0.996125,0.99699575,0.9965906,0.9962095,0.9964278,0.99637496,0.99674857,0.9961702,0.996337,0.993607,0.9961071,0.9968247,0.9966549,0.99566454,0.99671286,0.99628556,0.9965552,0.9969827,0.99678546,0.99630505,0.9970966,0.9965186,0.99617016,0.9966136,0.99518013,0.99623543,0.9964989,0.9965401,0.9963809,0.99662083,0.99476326,0.9963692,0.99604976,0.99654657,0.99664277,0.9970096,0.9964226,0.99643505,0.9965876,0.99589276,0.996351,0.9963811,0.99649394,0.9964847,0.99628246,0.9966719,0.9943512,0.99351186,0.9954851
ipip129,0.9954409,0.9965291,0.9959311,0.99624175,0.9963247,0.9961681,0.9956918,0.996232,0.9967176,0.99620235,0.9963738,0.99706817,0.99677837,0.99634963,0.999998,0.9966519,0.9963583,0.9959628,0.9966772,0.9961511,0.996398,0.9961686,0.996675,0.9965794,0.9967029,0.995825,0.99611545,0.9964407,0.9960717,0.9964087,0.9959859,0.9966167,0.99561155,0.9962629,0.9955059,0.99643886,0.9956764,0.99568766,0.99644554,0.99615794,0.9958292,0.9964049,0.99622947,0.9951853,0.99649876,0.9962568,0.99678713,0.99746627,0.99620366,0.9960841,0.9960759,0.9929528,0.99616706,0.9954395,0.99613935,0.99630344,0.9953392,0.99638176,0.9962538,0.99691844,0.9958949,0.9963812,0.9963176,0.9968186,0.99659604,0.99870396,0.99587435,0.99670637,0.99646187,0.99678284,0.9956987,0.9965501,0.99519914,0.9957648,0.9964485,0.99208695,0.9956229,0.9962547,0.9967059,0.99675846,0.99764633,0.99600846,0.99530786,0.99592733,0.9960594,0.99620783,0.9956914,0.9964948,0.99648124,0.99630785,0.99628025,0.9957149,0.99596095,0.9943398,0.9950835,0.99509764,0.99549466,0.9962835,0.99536765,0.9953633,0.9963624,0.99618864,0.9960159,0.99680334,0.996755,0.99605113,0.9958805,0.9963521,0.9966059,0.995329,0.9961046,0.9943422,0.996351,0.9958981,0.9958453,0.9965026,0.99563086,0.99611086,0.99574196,0.9962271,0.99615985,0.9960153,0.9966861,0.99631363,0.9955865,0.99654937,0.99635553,0.99656445,0.9966765,0.9957369,0.9961889,0.9936292,0.99627525,0.995776,0.99555814,0.99655885,0.99671966,0.99676245,0.9959646,0.9955377,0.9957623,0.9967563,0.99678504,0.9966046,0.996489,0.9957467,0.99628145,0.99629843,0.9960056,0.9962757,0.99626637,0.996587,0.99581873,0.9958072,0.99529845,0.9966088,0.99672425,0.99592173,0.99491656,0.9951368,0.9958036,0.9965343,0.9958018,0.9961954,0.99556994,0.9912025,0.9959591,0.99669063,0.9958881,0.9956625,0.9957889,0.99597937,0.99495554,0.9961471,0.9963097,0.99613804,0.9961486,0.9962968,0.99614096,0.996236,0.9963281,0.9966102,0.99627703,0.99650955,0.9948726,0.9961078,0.99587286,0.9959698,0.9960272,0.9959255,0.9960324,0.99612427,0.99604535,0.99622405,0.9960747,0.995805,0.9960127,0.99579656,0.9957158,0.99675065,0.99607664,0.99567705,0.99608326,0.9959419,0.99645656,0.9963464,0.9962135,0.9954105,0.9968128,0.9960768,0.9964345,0.9954053,0.9962432,0.99655074,0.9965183,0.9962692,0.9963457,0.9927,0.9960415,0.9963278,0.9965288,0.99569786,0.9959637,0.99732673,0.99542135,0.9960397,0.99536955,0.9964658,0.994601,0.9961715,0.99620736,0.9956588,0.9967609,0.9980902,0.99618393,0.99533534,0.9961292,0.9960011,0.99611676,0.99638456,0.9962018,0.99620056,0.9956438,0.9965385,0.9963636,0.99679786,0.9965213,0.9959658,0.99350435,0.99620223,0.99676687,0.9966819,0.99610674,0.99670416,0.99638087,0.9956339,0.9956935,0.99639505,0.9955727,0.9970094,0.9960968,0.99611956,0.99625313,0.99475914,0.99654233,0.99618024,0.9965341,0.99642575,0.9963697,0.99539196,0.996104,0.99696475,0.9962548,0.9963598,0.99694324,0.99662054,0.9964575,0.996468,0.99646145,0.99629205,0.9967474,0.9962618,0.99672717,0.99680704,0.9964417,0.99534625,0.9940441,0.9960916
ipip159,0.9975157,0.99629414,0.9970708,0.9959381,0.9972363,0.99621534,0.99772245,0.9970336,0.9974737,0.99595755,0.99751663,0.99764955,0.9979176,0.9970175,0.9966519,1.0000002,0.9976372,0.99640584,0.9980694,0.9976819,0.99749905,0.99707496,0.9975649,0.99732107,0.9965696,0.9974433,0.9956847,0.99759996,0.9970498,0.997227,0.9972818,0.99715084,0.99670744,0.997263,0.9977625,0.9971428,0.99781203,0.99791694,0.99798316,0.99733895,0.9960461,0.9972295,0.9963919,0.99648124,0.99578726,0.9972924,0.9965606,0.99625224,0.9975549,0.9966417,0.9966199,0.99154073,0.99764836,0.9961892,0.9950261,0.9964987,0.9957199,0.9958877,0.9963779,0.9975663,0.9976853,0.9973867,0.99766475,0.996935,0.9970877,0.9971186,0.9976819,0.9974557,0.9973632,0.99615014,0.99750406,0.9974649,0.99473536,0.9964861,0.9964497,0.9909883,0.9960551,0.99733335,0.996644,0.99711293,0.99718773,0.9976144,0.9963003,0.9977266,0.9971685,0.9980705,0.99754417,0.997032,0.99612,0.9976984,0.99729544,0.9978352,0.99727577,0.9947591,0.99484235,0.9952264,0.9976354,0.9966226,0.99593234,0.9948616,0.9972934,0.99765366,0.9973249,0.99752676,0.9975707,0.9948847,0.9977478,0.996651,0.9974998,0.9975826,0.99809426,0.99522877,0.9969582,0.99694717,0.9977987,0.99680716,0.99761975,0.9977717,0.99773455,0.9969301,0.9977644,0.99708295,0.9973398,0.9975066,0.99768466,0.99677277,0.9967368,0.9975949,0.9962794,0.99681294,0.9974972,0.99233085,0.9959453,0.99564624,0.99725723,0.9975169,0.9972174,0.99720424,0.99784046,0.9975545,0.9978347,0.9977177,0.99694926,0.9975997,0.99752194,0.9958801,0.9974311,0.9973138,0.9954146,0.99749786,0.9976805,0.99717546,0.99561596,0.99482375,0.9975181,0.9971825,0.9971088,0.99642,0.9952926,0.99737155,0.99512935,0.9979784,0.9973936,0.9964636,0.9977399,0.9907548,0.99744326,0.9968531,0.9972276,0.9968915,0.99756247,0.99591386,0.9973494,0.99741346,0.99734753,0.9978498,0.99748695,0.997325,0.9966161,0.997502,0.99643177,0.99645483,0.9965617,0.9964498,0.99423087,0.99676055,0.9977313,0.997723,0.9977558,0.99599934,0.9978225,0.9976996,0.9977378,0.99729824,0.9976198,0.99779874,0.99750364,0.99772155,0.99612147,0.99652565,0.9972432,0.9977101,0.99593276,0.9975447,0.99710643,0.99682766,0.99784666,0.9939393,0.99641985,0.99598306,0.9967458,0.996748,0.9974377,0.99677473,0.9957716,0.9959159,0.99751604,0.9903114,0.99725014,0.99765426,0.9976208,0.9970611,0.997387,0.9969341,0.9958006,0.99785846,0.99771965,0.9974696,0.9924541,0.9962578,0.9972746,0.9971495,0.9973363,0.99762934,0.99788064,0.9957355,0.9970453,0.9966095,0.9973062,0.9963694,0.9974389,0.996629,0.9976004,0.99630636,0.99717677,0.9974108,0.99589723,0.99757326,0.9927238,0.99614125,0.99749386,0.9974014,0.9952467,0.99740386,0.9962571,0.996848,0.99692637,0.997228,0.9956409,0.99756896,0.9976952,0.99546325,0.9966148,0.9946573,0.99612945,0.99730766,0.9966556,0.9965946,0.9968136,0.9940325,0.9978117,0.99596196,0.99688536,0.9976402,0.9972924,0.9968723,0.99678767,0.99730307,0.99590605,0.996891,0.9964819,0.997532,0.99671024,0.99650496,0.9973823,0.9937353,0.99206495,0.99569046
ipip189,0.99787986,0.9967641,0.99759334,0.99662966,0.9976078,0.9966028,0.99817437,0.997332,0.997979,0.9966471,0.9968402,0.9978558,0.99724615,0.9969469,0.9963583,0.9976372,0.9999987,0.9967229,0.9980299,0.9979992,0.99823856,0.99744564,0.99767536,0.99795383,0.9970997,0.99779403,0.99609816,0.9984656,0.997513,0.9976114,0.99757975,0.9975662,0.9970694,0.99775004,0.99803823,0.99738425,0.99814564,0.99834585,0.9978782,0.9977037,0.9965577,0.9975069,0.9968348,0.9964597,0.9960999,0.9977185,0.9970099,0.99640816,0.99749,0.9970333,0.9970286,0.9920519,0.997692,0.9966992,0.9956694,0.996903,0.9958974,0.996153,0.9967096,0.99790984,0.9978098,0.99728405,0.9980239,0.99735534,0.99728876,0.9970979,0.99797356,0.9977977,0.99776024,0.9966718,0.99789035,0.9975417,0.9949517,0.99687827,0.99672467,0.9918989,0.9964846,0.99787986,0.99716675,0.99755836,0.997262,0.99797153,0.9964431,0.99787444,0.99748,0.9981706,0.99782485,0.9970585,0.99634147,0.99780756,0.9972974,0.99799013,0.99772,0.9950291,0.9949151,0.9957327,0.99786013,0.9965741,0.9952623,0.9956868,0.9971396,0.99788946,0.9974425,0.9976262,0.99794066,0.9950491,0.99778855,0.9966828,0.99774957,0.99790907,0.9981166,0.99555236,0.99718934,0.9971844,0.9980023,0.99676806,0.997803,0.99801135,0.99781483,0.99722457,0.99794257,0.9972357,0.99802965,0.99787456,0.99802256,0.997049,0.9973941,0.9980233,0.9967593,0.9975259,0.99795574,0.9930039,0.9963772,0.99609864,0.9975995,0.99774337,0.99751604,0.9976795,0.99812865,0.9978721,0.99809825,0.9979941,0.99739105,0.9979622,0.997876,0.99591595,0.9979075,0.997731,0.99566656,0.9978456,0.99801725,0.9975438,0.9957685,0.9951013,0.9977414,0.9973377,0.997351,0.9966353,0.9956532,0.997654,0.9956446,0.9981152,0.99747056,0.99640465,0.998044,0.991075,0.99787444,0.99731666,0.9977003,0.9967513,0.9979226,0.9961877,0.99749833,0.99782,0.9977212,0.9978886,0.9979226,0.99766594,0.9971064,0.9978984,0.9965795,0.9969272,0.99696,0.99699044,0.9944099,0.99687827,0.99794906,0.99803805,0.9980465,0.99663234,0.9980777,0.9979527,0.99786025,0.9977164,0.9979689,0.9980059,0.99796724,0.9980496,0.99669236,0.9970424,0.99764633,0.99809074,0.99637216,0.99792004,0.9975565,0.9972025,0.9982698,0.99427736,0.9968464,0.9963448,0.9972469,0.9969387,0.9977355,0.997323,0.9964218,0.99617493,0.9976269,0.9905861,0.9973641,0.99789256,0.9978143,0.9969117,0.9975541,0.9971699,0.9958526,0.9979822,0.9980653,0.9979236,0.99292624,0.9964409,0.9976326,0.99803,0.99777883,0.9977419,0.9979332,0.99635476,0.9974157,0.99680215,0.9974306,0.99646336,0.9973786,0.997119,0.99772173,0.9966115,0.99724305,0.99781615,0.9963664,0.9979658,0.99318737,0.9965872,0.997877,0.9978284,0.995754,0.99783653,0.9966842,0.99730176,0.99755836,0.9976452,0.9960079,0.99780285,0.9978958,0.99596345,0.9970363,0.995082,0.996641,0.99754965,0.99695534,0.996956,0.99692166,0.9941328,0.9981354,0.99637467,0.99719846,0.9979293,0.99766415,0.99711025,0.99696136,0.99767065,0.9965429,0.9972554,0.9969023,0.9978644,0.99711716,0.9968861,0.9976482,0.99403393,0.9925845,0.99605334
ipip219,0.99607897,0.99683005,0.99624264,0.9963089,0.9967186,0.9957888,0.9963347,0.99700767,0.99744326,0.9963934,0.9963532,0.9962866,0.99665993,0.9964476,0.9959628,0.99640584,0.9967229,1.0000014,0.996902,0.9966053,0.99688274,0.9969278,0.9972862,0.9982239,0.9964682,0.9965822,0.99687064,0.9969478,0.9964116,0.9967207,0.9963513,0.9965622,0.99608636,0.996303,0.9963254,0.9962425,0.9964778,0.99648505,0.9964687,0.99648654,0.9960089,0.9966246,0.9968133,0.9955077,0.99657196,0.9968274,0.99689615,0.99594265,0.99695164,0.99624324,0.9967924,0.9940113,0.996548,0.99658626,0.9962346,0.99662006,0.99529,0.9965507,0.9965288,0.9966753,0.99604404,0.99620944,0.9963564,0.9966032,0.99640256,0.9962812,0.9963412,0.9965228,0.9966089,0.9961776,0.99578583,0.9967305,0.99465346,0.9956069,0.9960054,0.9917108,0.99574685,0.9963827,0.9968693,0.99686676,0.9966269,0.99621034,0.9953299,0.9963032,0.9965481,0.9960131,0.9959234,0.99632573,0.99600214,0.9967792,0.99603623,0.99614143,0.99596614,0.9945007,0.9946348,0.99514174,0.99595386,0.99652654,0.99455607,0.99498445,0.99594814,0.99657094,0.9960699,0.9966101,0.9967446,0.9950113,0.99618787,0.99600685,0.9965618,0.9958907,0.99624157,0.99486184,0.9960642,0.99599266,0.99613553,0.99670196,0.996135,0.99633497,0.99640304,0.9962712,0.99644876,0.99643725,0.99687433,0.99693006,0.9965538,0.99656034,0.9968419,0.9967831,0.9968697,0.99610907,0.99639153,0.993998,0.996382,0.9960975,0.996166,0.99689454,0.99681175,0.99661285,0.9961596,0.9961248,0.99622005,0.9971659,0.99664974,0.99731433,0.9967322,0.9959403,0.99630356,0.996458,0.99574333,0.99678886,0.9966603,0.99655765,0.99571776,0.99468464,0.9957913,0.9964884,0.99666077,0.99607086,0.99466693,0.99562824,0.9958821,0.99693245,0.9965599,0.9962141,0.996229,0.9909197,0.9962384,0.99644697,0.99688727,0.995794,0.99607176,0.9955776,0.9957143,0.9969565,0.99678147,0.99658686,0.9972404,0.9973975,0.99673957,0.9966611,0.99610317,0.9967163,0.9965898,0.99669915,0.9948077,0.99604297,0.99638575,0.99649096,0.9965932,0.99614257,0.9964113,0.9964969,0.9963888,0.99677,0.99628234,0.9963922,0.99660164,0.99634445,0.99606156,0.99680763,0.99643457,0.9964866,0.9961152,0.99649805,0.996586,0.99696374,0.99689883,0.99509615,0.9966791,0.99674416,0.9964206,0.9956412,0.9968456,0.99655735,0.9965196,0.9960238,0.9963516,0.99152416,0.9962339,0.9964412,0.99662054,0.9957899,0.99615574,0.99677217,0.99516094,0.99630284,0.99633336,0.99686867,0.9940038,0.9957907,0.99649113,0.99629515,0.9963058,0.99667567,0.9962893,0.99599373,0.9966079,0.9962462,0.99661314,0.9963421,0.9966771,0.99672765,0.99632376,0.99621147,0.9964112,0.99701196,0.99616593,0.99623364,0.9934635,0.99603856,0.9967072,0.99665016,0.9956023,0.99665654,0.9963321,0.9963207,0.9967186,0.9971905,0.99602246,0.9971525,0.996564,0.996219,0.99643856,0.99493694,0.996489,0.9962943,0.9965087,0.99670374,0.99632156,0.9943795,0.99612737,0.9959795,0.9967738,0.99641204,0.9969836,0.99644774,0.99647117,0.9964664,0.99554986,0.99661213,0.9966846,0.99659187,0.99652284,0.99681896,0.996493,0.9942903,0.99304605,0.9955126
ipip249,0.9980504,0.9969645,0.9974978,0.9964306,0.9977586,0.9965425,0.99809915,0.9973224,0.9981368,0.99646056,0.99702626,0.9979873,0.99747103,0.99771386,0.9966772,0.9980694,0.9980299,0.996902,0.99999833,0.99804157,0.9979805,0.9977741,0.9980673,0.9980189,0.9970733,0.997905,0.9962131,0.99804574,0.9975203,0.9982557,0.99762297,0.9974479,0.9969512,0.99771005,0.9981404,0.99752617,0.9979705,0.9982494,0.9981782,0.99772394,0.99633455,0.99762154,0.99703795,0.9966307,0.9961325,0.99787253,0.99708164,0.99656636,0.99787563,0.99700755,0.99731904,0.992053,0.9978026,0.9970282,0.9957464,0.9969799,0.99596995,0.99627924,0.99668276,0.99782753,0.9979449,0.9975638,0.99810433,0.9973621,0.99749666,0.99714136,0.99803925,0.99785924,0.9977971,0.996775,0.99788177,0.9977687,0.99479395,0.9968513,0.9967425,0.99114144,0.9963062,0.9977835,0.9970149,0.997531,0.9976192,0.9979887,0.99656683,0.9979716,0.99774724,0.9982451,0.99784005,0.997259,0.99646616,0.99795395,0.997339,0.9980742,0.9975677,0.9950832,0.99507105,0.9953418,0.99787855,0.99649477,0.995566,0.9949963,0.99725,0.99798846,0.9975779,0.9977923,0.9981248,0.9950302,0.998103,0.9964373,0.9977257,0.9978546,0.9983172,0.99581355,0.9972948,0.9971444,0.99804324,0.99732476,0.9977835,0.99806863,0.9979873,0.9972941,0.9980857,0.99731666,0.99785507,0.9979901,0.9977827,0.9968937,0.9972683,0.99807537,0.9968758,0.9972471,0.99790853,0.9930198,0.9965947,0.9962699,0.9975105,0.9978512,0.9973849,0.9976014,0.9982122,0.99788034,0.9984946,0.99817514,0.99739635,0.9980462,0.9982944,0.99614316,0.99785984,0.9976594,0.9956981,0.99795336,0.99803567,0.9975639,0.99629545,0.9952571,0.9977945,0.9978485,0.9978288,0.9968943,0.99552107,0.99762833,0.995745,0.9983428,0.99756205,0.9967491,0.99807525,0.99077773,0.99771583,0.9974873,0.99762964,0.99690443,0.99799484,0.9963627,0.99760884,0.998004,0.997756,0.9981052,0.99787295,0.99761724,0.9969887,0.99762523,0.99667966,0.9969161,0.99696684,0.99691373,0.99440503,0.9971465,0.99786866,0.9979622,0.99799013,0.99643713,0.9980402,0.9979705,0.99791855,0.9977182,0.99789363,0.9981225,0.99786085,0.99812186,0.9964316,0.9970495,0.9975415,0.99800664,0.9962307,0.99786896,0.9976121,0.99732155,0.99816775,0.9941004,0.9970821,0.9961777,0.99728405,0.9970021,0.99775505,0.9973187,0.9962338,0.99632144,0.99784696,0.99068075,0.997552,0.99804205,0.998067,0.99729,0.9975844,0.9973358,0.99612445,0.998118,0.99786675,0.9978167,0.99285895,0.99647593,0.99754506,0.9973097,0.9977459,0.99793565,0.99813795,0.99593425,0.9974836,0.99699694,0.99764764,0.99665374,0.99803215,0.9972684,0.997869,0.99670947,0.997322,0.9978346,0.9966329,0.9980143,0.993415,0.99693304,0.99792844,0.9978517,0.99577576,0.9978741,0.99674577,0.99735975,0.9975766,0.9977898,0.99623793,0.9980122,0.99795705,0.99597096,0.9971034,0.9950281,0.9964129,0.99758047,0.99716973,0.9972165,0.9972458,0.99442154,0.99815243,0.99637705,0.9974156,0.9979406,0.9977335,0.9972012,0.9970841,0.9977157,0.99659556,0.99744886,0.9969827,0.997929,0.9971147,0.996999,0.9976484,0.9940955,0.99254,0.9960059
ipip279,0.99783164,0.9969149,0.99738824,0.9961888,0.9974437,0.99630326,0.9980363,0.9975708,0.9979543,0.9962004,0.9967682,0.99766874,0.99687594,0.9972425,0.9961511,0.9976819,0.9979992,0.9966053,0.99804157,0.99999905,0.997749,0.9976303,0.99759686,0.99784464,0.99662066,0.9977297,0.9962314,0.9979915,0.997528,0.9975485,0.99719137,0.99746436,0.9967567,0.99744105,0.9984998,0.9970548,0.99800366,0.998275,0.9978294,0.997472,0.9963358,0.99746656,0.99645764,0.9964867,0.9957901,0.997418,0.996717,0.9962326,0.9975161,0.99678504,0.9969731,0.9917079,0.9975683,0.9971412,0.99583584,0.99670386,0.995699,0.9960251,0.99645936,0.99762565,0.99777806,0.99716103,0.99790114,0.997028,0.99717814,0.99673015,0.99804103,0.99771816,0.9974175,0.9965685,0.99768186,0.9974089,0.9944005,0.99672604,0.99678725,0.99151814,0.9964446,0.9976996,0.9970439,0.997399,0.99715286,0.99780905,0.99627286,0.9977378,0.99744004,0.99821866,0.9978663,0.9971086,0.9963136,0.9979622,0.99703926,0.9977162,0.99768996,0.994813,0.9948276,0.99538755,0.9976734,0.99633545,0.9949655,0.9946683,0.9970148,0.99761146,0.9973766,0.99721235,0.9979699,0.9947189,0.99783987,0.9961288,0.9977681,0.9980101,0.99816877,0.9953894,0.99721456,0.9970047,0.9979687,0.9967352,0.99768144,0.99781764,0.99783975,0.9973592,0.9977355,0.9970913,0.99753445,0.9977143,0.99783295,0.99668926,0.9972816,0.99805874,0.99658626,0.9974425,0.99769413,0.992536,0.9960403,0.99625874,0.99742675,0.9975227,0.9971592,0.99763674,0.99811625,0.99774367,0.99780124,0.997886,0.99718493,0.9979079,0.99761057,0.99626434,0.997645,0.99737936,0.99551797,0.99804133,0.99777794,0.9971498,0.9956041,0.9949798,0.99763757,0.9968596,0.9970229,0.99654186,0.9956559,0.99759805,0.9953408,0.9979328,0.997426,0.9960035,0.9978057,0.9904413,0.9977952,0.99687845,0.9975647,0.9966553,0.99768466,0.9958993,0.9974211,0.9976864,0.9974002,0.99782366,0.9977478,0.99751043,0.9968172,0.99753386,0.99653286,0.99661833,0.996733,0.9968372,0.99448574,0.99685633,0.99770784,0.9978127,0.99779737,0.99626887,0.99805224,0.99780613,0.9977126,0.9974141,0.99769294,0.9979422,0.9977447,0.99797535,0.99631906,0.9967656,0.9975297,0.9977505,0.9963377,0.9977463,0.9971851,0.9968328,0.9979943,0.9939763,0.9968478,0.9961352,0.99686813,0.99718773,0.99749583,0.99702585,0.9962202,0.9960142,0.9974306,0.9905038,0.9973634,0.9976121,0.9975093,0.9970421,0.9976366,0.99715096,0.995656,0.9978602,0.9978497,0.99789053,0.99266964,0.99636555,0.9975163,0.99727947,0.99751675,0.9974756,0.99805635,0.9959805,0.99725676,0.9968223,0.99730045,0.9962665,0.99758583,0.99692607,0.9977948,0.9964205,0.9973408,0.9977378,0.9960895,0.99767846,0.99331146,0.99638665,0.9976257,0.99754876,0.99546593,0.997642,0.9964545,0.99719197,0.99776447,0.9973477,0.9960292,0.9976461,0.99773556,0.9956639,0.99712676,0.99493587,0.99632174,0.99737537,0.9967466,0.9966486,0.9968209,0.9938627,0.99806625,0.99620074,0.9969721,0.99786687,0.9975568,0.99690455,0.99669015,0.9973308,0.9960317,0.99699146,0.99669874,0.9978712,0.99714816,0.9966476,0.9976636,0.9938331,0.99205005,0.99597055
ipip14,0.9978712,0.99699163,0.99757355,0.9968181,0.9978992,0.9968322,0.99810016,0.997067,0.99799913,0.9967818,0.99675626,0.9977211,0.9972597,0.9968991,0.996398,0.99749905,0.99823856,0.99688274,0.9979805,0.997749,1.0000006,0.9976225,0.99827105,0.99793535,0.9972287,0.9976739,0.99645364,0.9994472,0.9973045,0.9976342,0.9976859,0.99747485,0.9968632,0.99764687,0.99787855,0.9976452,0.99789876,0.99823004,0.9978453,0.99765295,0.99665165,0.9975687,0.99709857,0.9963898,0.9963312,0.9977735,0.9971589,0.99647474,0.9975907,0.9976677,0.9972905,0.99243873,0.9978125,0.99679846,0.9957027,0.9970899,0.99583554,0.9961898,0.99693817,0.9978552,0.9978904,0.9974552,0.9981933,0.9973569,0.99748427,0.99729335,0.99781126,0.9978498,0.9977335,0.99661183,0.9979638,0.9979603,0.99542576,0.9971115,0.99682254,0.99167854,0.9964653,0.9977689,0.9972635,0.99758744,0.9973916,0.9980164,0.9965463,0.99789137,0.9976738,0.99806464,0.9976593,0.99714744,0.99630505,0.99759656,0.99717164,0.9979877,0.99774075,0.9949881,0.9950663,0.9954443,0.9979682,0.99679315,0.99541456,0.9950075,0.997389,0.9981002,0.99747854,0.99778956,0.99798644,0.99516493,0.99780065,0.9965875,0.997784,0.9976116,0.9981542,0.99561507,0.99710476,0.996922,0.99814016,0.997107,0.9975617,0.9979987,0.99782354,0.99751997,0.99850035,0.99766576,0.9985024,0.9983462,0.9983251,0.9971054,0.99784315,0.99800164,0.9969008,0.9974027,0.99819654,0.99329877,0.99686706,0.99623185,0.99776244,0.9980137,0.99772525,0.9978147,0.99811244,0.99793154,0.99805695,0.99816954,0.99751556,0.99802125,0.9978634,0.9961017,0.9977409,0.99770427,0.99589187,0.9978253,0.9981058,0.9976121,0.9961578,0.9953029,0.997697,0.9976249,0.99765474,0.99710405,0.99543923,0.99761564,0.99614567,0.9983235,0.99756336,0.99669826,0.99795336,0.990926,0.99786156,0.99741703,0.9979612,0.9970175,0.9981408,0.996258,0.99754125,0.9980686,0.99780405,0.9978937,0.9978148,0.99763167,0.9970391,0.99773514,0.99641365,0.9969535,0.997314,0.99701846,0.9944183,0.99709517,0.99794215,0.997983,0.99801683,0.9967095,0.99798274,0.99800277,0.99799436,0.9977727,0.9979734,0.99802005,0.99830496,0.99817336,0.9966791,0.9971306,0.9977282,0.9982393,0.9968288,0.9982665,0.9982097,0.99745303,0.99826086,0.9942605,0.99705595,0.9964016,0.9978064,0.9968191,0.997834,0.9976612,0.99646187,0.9964106,0.9977626,0.99079704,0.9974045,0.99773407,0.99819934,0.99687797,0.9974875,0.9973806,0.99599326,0.99792457,0.99788237,0.99796695,0.99319905,0.9966023,0.99776995,0.99761754,0.99779224,0.9979055,0.99795085,0.9964617,0.99758327,0.9970777,0.9977023,0.996818,0.9975395,0.9972295,0.9977746,0.9967323,0.9973809,0.9979312,0.99670434,0.9981393,0.9936917,0.99712515,0.9980032,0.9979404,0.9960598,0.9979638,0.9969838,0.99758005,0.99800915,0.99790245,0.9963435,0.99804705,0.9980774,0.99608576,0.9973158,0.99545854,0.9967609,0.9976559,0.9974482,0.9971445,0.9973596,0.99455935,0.99808335,0.99644977,0.9974459,0.9980093,0.99760914,0.9974538,0.9973727,0.99772274,0.99645007,0.99753124,0.99697936,0.99795026,0.9972171,0.99693215,0.9976867,0.9941003,0.99253154,0.996167
ipip44,0.99777997,0.997046,0.99732673,0.9963049,0.9976606,0.9967827,0.9976744,0.9973313,0.9978093,0.9962682,0.99629384,0.997445,0.99646866,0.99673265,0.9961686,0.99707496,0.99744564,0.9969278,0.9977741,0.9976303,0.9976225,0.99999845,0.9976402,0.998047,0.99677044,0.99734,0.99650484,0.9974807,0.9969111,0.9972624,0.9973164,0.99700576,0.9964403,0.99730754,0.9976928,0.9970256,0.99730384,0.9975703,0.99744225,0.9971433,0.99586046,0.99707526,0.9966414,0.996064,0.99599725,0.99762654,0.9968204,0.99677444,0.9973313,0.9965863,0.99725014,0.99187475,0.997407,0.9966006,0.995494,0.99617654,0.9959544,0.99610806,0.9964472,0.9972301,0.99749345,0.9970928,0.9976954,0.9972516,0.997029,0.99683577,0.99768394,0.9975159,0.9974125,0.9967247,0.99744815,0.99713194,0.994739,0.99649024,0.9963764,0.99058026,0.9957005,0.99721485,0.99659586,0.99717474,0.99711984,0.99766904,0.9960633,0.99762374,0.99731416,0.99756515,0.9972339,0.99649733,0.9961565,0.9975303,0.9967504,0.9974512,0.9972922,0.99470806,0.9948897,0.99538285,0.9977274,0.99617475,0.99488163,0.9943746,0.9967809,0.9978777,0.9971568,0.99728346,0.9976384,0.9943737,0.9972406,0.9961329,0.9972989,0.99752355,0.99782515,0.9956184,0.99676555,0.9966626,0.9974191,0.99657434,0.99729353,0.9973636,0.9975997,0.9967729,0.99742174,0.99691397,0.99745494,0.99751395,0.99734426,0.99641097,0.9967116,0.99751633,0.99653906,0.99672014,0.99742776,0.9922569,0.9959156,0.9957821,0.9971463,0.99737406,0.99709135,0.9971388,0.9977293,0.99759084,0.9977273,0.9976443,0.9967846,0.9978571,0.9975286,0.99627393,0.9975147,0.9973648,0.99502176,0.99749315,0.99763244,0.9971863,0.9953445,0.9950252,0.99740726,0.99676883,0.99684894,0.9964153,0.99520177,0.9972757,0.9950409,0.99762464,0.99688286,0.99624974,0.9977459,0.98984957,0.99714726,0.99687856,0.9972817,0.9961741,0.9975777,0.9961599,0.99706346,0.9974876,0.9973133,0.99735653,0.9978372,0.9978721,0.9967597,0.9970565,0.99595135,0.99651426,0.9966711,0.99662924,0.9944862,0.9967645,0.9973716,0.99746203,0.9974638,0.9959203,0.9974897,0.9974662,0.9974076,0.9973402,0.9975337,0.9976351,0.9973884,0.9976484,0.99597543,0.9966605,0.9972024,0.9976382,0.99597114,0.99748635,0.9973017,0.99699974,0.99768764,0.99405855,0.996432,0.9958289,0.9967241,0.9965145,0.99738294,0.99699014,0.9958637,0.99590206,0.99700654,0.990167,0.997009,0.997199,0.9974334,0.99648273,0.9971314,0.9971131,0.9956302,0.9974701,0.99745977,0.99749273,0.9925353,0.9960722,0.9971829,0.9971533,0.9975247,0.99759775,0.99776113,0.9957893,0.9973263,0.9965703,0.99705756,0.99593914,0.9972834,0.99684465,0.9973585,0.99628514,0.9968297,0.9977148,0.9964535,0.9974822,0.9932248,0.9964869,0.9973093,0.9972972,0.99493486,0.9972967,0.9960286,0.9971735,0.9974942,0.9975126,0.995872,0.9976562,0.99749744,0.9955834,0.99691665,0.994827,0.9958705,0.9971624,0.9965141,0.9968884,0.9966685,0.9939614,0.99770015,0.9960556,0.99704826,0.99748695,0.99727595,0.99668944,0.9965421,0.9973541,0.9962835,0.9971291,0.9967586,0.9974959,0.9968632,0.99677706,0.99711525,0.9939444,0.99179953,0.99567753
ipip74,0.99795055,0.9972261,0.99745727,0.9967688,0.9981522,0.99680144,0.99802375,0.9971651,0.9982216,0.99678683,0.9970588,0.99774116,0.9972581,0.9970816,0.996675,0.9975649,0.99767536,0.9972862,0.9980673,0.99759686,0.99827105,0.9976402,0.9999999,0.99836475,0.9974506,0.997616,0.9966382,0.99807024,0.99711996,0.9975811,0.9976269,0.9977857,0.9971813,0.9977431,0.99777126,0.998549,0.9978064,0.99799675,0.997759,0.99760044,0.99660254,0.99800736,0.9972596,0.99654496,0.99651706,0.99798673,0.9973984,0.99691325,0.99772507,0.9969082,0.997613,0.9927102,0.998021,0.9969026,0.9962921,0.99730504,0.9960683,0.9966068,0.99697363,0.9980997,0.99773484,0.99767333,0.99795,0.9973978,0.99753207,0.9975505,0.997683,0.9980093,0.99790865,0.9966232,0.9981752,0.9987018,0.9953292,0.99755234,0.99667597,0.9916623,0.99628806,0.9975599,0.9973653,0.99771285,0.99782056,0.9979122,0.9962924,0.9978223,0.997648,0.9978927,0.9974117,0.9970191,0.9962491,0.9975259,0.9970184,0.99808556,0.9973855,0.99498665,0.9950327,0.99545294,0.9978605,0.99706334,0.9953999,0.99520195,0.99714905,0.998142,0.99746794,0.99778575,0.9977891,0.9953825,0.9977762,0.99697405,0.997974,0.99745345,0.9981842,0.99560964,0.99710697,0.99692106,0.99783546,0.99790484,0.99755925,0.99801964,0.9976982,0.99744195,0.9981562,0.9974624,0.99818736,0.99800074,0.9980657,0.9971069,0.997647,0.9980524,0.9974611,0.99703014,0.9986141,0.99370074,0.9974741,0.9964861,0.9981537,0.99836457,0.9979421,0.9980435,0.99814,0.9978836,0.997868,0.99852604,0.9974879,0.9983561,0.9976327,0.99603176,0.9977123,0.9978038,0.99638206,0.997622,0.99832815,0.9979309,0.9967307,0.99543947,0.99754846,0.9982931,0.9984295,0.9977084,0.99505705,0.9974343,0.99665934,0.9987036,0.99736625,0.9972695,0.9979497,0.9911546,0.99801385,0.9978211,0.99774885,0.9968635,0.9986047,0.99637014,0.9974597,0.99819946,0.99790746,0.9980123,0.99800533,0.9977388,0.997448,0.9977476,0.99660605,0.9971865,0.9972931,0.99717367,0.9946705,0.9971241,0.99780303,0.9978605,0.9979295,0.9968033,0.9978803,0.9980534,0.99801266,0.99788284,0.99791664,0.9981479,0.99805534,0.99823076,0.99671865,0.9972901,0.9976256,0.9980126,0.99660224,0.99799985,0.99784696,0.9978434,0.9981938,0.99441487,0.99734867,0.99650604,0.99756604,0.99676025,0.9978677,0.99753916,0.9964947,0.99645406,0.9979469,0.9912816,0.9973243,0.99780023,0.99913496,0.99718857,0.9974291,0.9975529,0.99595433,0.9980022,0.9978433,0.99775034,0.9932582,0.99664843,0.9975909,0.9973132,0.99794585,0.998176,0.99782175,0.9962711,0.9978002,0.9976562,0.9986664,0.99772507,0.9979052,0.9975365,0.9979224,0.99701786,0.99752975,0.9980586,0.997263,0.99861044,0.9938005,0.9979638,0.9983291,0.9982949,0.99648625,0.9982127,0.99733925,0.99730897,0.9974869,0.9986668,0.99698657,0.9983567,0.9980837,0.99623996,0.9972551,0.99518615,0.99682873,0.9978991,0.9984152,0.9981072,0.9981969,0.99502003,0.99822885,0.9969285,0.9976984,0.9982462,0.99779636,0.9983442,0.99844897,0.9979623,0.99671394,0.9983085,0.99746364,0.9981222,0.9974869,0.9974811,0.9977979,0.99418545,0.9927802,0.9960953
ipip104,0.99801457,0.9974977,0.99754494,0.9970864,0.9980109,0.997032,0.9982038,0.99774545,0.99910223,0.9971062,0.9969788,0.9976211,0.996879,0.9970517,0.9965794,0.99732107,0.99795383,0.9982239,0.9980189,0.99784464,0.99793535,0.998047,0.99836475,0.999999,0.9975632,0.9977876,0.9972346,0.99808884,0.9972853,0.99762803,0.99780905,0.9977001,0.99713427,0.9978587,0.9979511,0.9976577,0.997746,0.9980714,0.99778104,0.9977934,0.9965295,0.9978285,0.9974794,0.996281,0.99697286,0.9980943,0.9975958,0.9969347,0.99762475,0.99672294,0.9977324,0.99324,0.99777615,0.99735683,0.99692225,0.9970525,0.99609643,0.9967817,0.9969799,0.9979958,0.99763477,0.99736065,0.99784935,0.9979651,0.9974322,0.99722713,0.99785066,0.9982497,0.9980253,0.9971724,0.9978044,0.9978023,0.99521923,0.99683046,0.9966027,0.99138,0.9963813,0.9976757,0.997897,0.9982875,0.99746275,0.9978487,0.9962726,0.9976969,0.997575,0.9978125,0.99745244,0.9969154,0.99634445,0.99771327,0.9968678,0.99793935,0.99730045,0.9947296,0.9948913,0.99552506,0.9978542,0.9973223,0.99519014,0.9951485,0.99694955,0.9983827,0.99732697,0.9977481,0.9978516,0.99548215,0.99768335,0.9969518,0.9980793,0.9976481,0.9980614,0.9957183,0.9969491,0.9968582,0.9977826,0.9970271,0.9975193,0.99787086,0.9977443,0.9972233,0.9978064,0.997158,0.9981368,0.9977979,0.9977605,0.9974395,0.99787253,0.998077,0.99799716,0.99728173,0.9980009,0.9931937,0.9967604,0.99637395,0.9976425,0.9979593,0.99796784,0.9979177,0.9980703,0.997975,0.99794406,0.9980811,0.9972704,0.998434,0.9977552,0.9960033,0.9978994,0.99795353,0.99593455,0.9978283,0.99851614,0.99803007,0.99616843,0.995223,0.99759346,0.99743056,0.9975588,0.9969582,0.9951713,0.99758804,0.9958689,0.99821603,0.9972343,0.997083,0.9980371,0.990751,0.9978547,0.9977668,0.9977538,0.9964929,0.99803436,0.9962892,0.99744934,0.9982311,0.9982744,0.99787444,0.9990955,0.9987711,0.998109,0.9979799,0.9967661,0.9977826,0.9974834,0.9976999,0.9953114,0.9966758,0.99796766,0.9980958,0.9981659,0.9971641,0.9979292,0.9980673,0.9979568,0.9982572,0.99793273,0.9981154,0.9982009,0.9982459,0.9971492,0.99763775,0.9978382,0.9983402,0.9968783,0.9980394,0.99802405,0.99828917,0.9985699,0.9954576,0.99745595,0.99710613,0.9976944,0.99690026,0.99834186,0.9977293,0.9971964,0.99652684,0.9976938,0.99120516,0.997343,0.99767244,0.9981457,0.99685663,0.9973435,0.9977146,0.9958116,0.9978378,0.9980548,0.99814695,0.9940447,0.9968783,0.99788886,0.99743706,0.99785894,0.9980645,0.99778336,0.9965503,0.9978149,0.9969879,0.9977313,0.9967629,0.9975432,0.997522,0.9977373,0.9971044,0.997351,0.9983593,0.997074,0.99811137,0.99353915,0.99699813,0.99815315,0.9980819,0.99607795,0.99814785,0.99699885,0.997486,0.997949,0.9986303,0.99653584,0.99815875,0.99805593,0.9968045,0.997428,0.9954348,0.9970208,0.9974513,0.99729246,0.9981352,0.9972466,0.99451876,0.998179,0.99701357,0.99781835,0.9980688,0.9981317,0.9974339,0.99738526,0.99792814,0.9966052,0.9978743,0.99789715,0.9980491,0.9977269,0.997976,0.99769056,0.99467653,0.992872,0.9962099
ipip134,0.99670315,0.9972725,0.9967921,0.99647206,0.9973419,0.9968308,0.9968689,0.996605,0.9973822,0.9964847,0.99650604,0.99708796,0.99660975,0.99666315,0.9967029,0.9965696,0.9970997,0.9964682,0.9970733,0.99662066,0.9972287,0.99677044,0.9974506,0.9975632,1.0000006,0.9967014,0.996092,0.9971592,0.9965907,0.9969507,0.99700636,0.9968494,0.9962448,0.99805343,0.9966309,0.99750775,0.99680305,0.99700284,0.99700266,0.9974218,0.9956467,0.9969032,0.99700063,0.99588066,0.9965037,0.997329,0.9980353,0.9971003,0.997066,0.9964447,0.99673796,0.9924577,0.9967923,0.99592453,0.9958666,0.99647176,0.9961696,0.99585736,0.9962839,0.99741286,0.9968201,0.99711233,0.9970029,0.99751306,0.99782234,0.9972952,0.99677235,0.9974092,0.99792665,0.99655944,0.9968602,0.99710435,0.99546844,0.99629706,0.9965161,0.9912785,0.9960795,0.9969809,0.99683744,0.99707496,0.9970366,0.997112,0.9957404,0.9970606,0.9968997,0.9968061,0.9965812,0.9963201,0.99617374,0.9968858,0.9966074,0.9970064,0.99668306,0.99451244,0.99486333,0.99533457,0.9968962,0.9964526,0.99514127,0.99533945,0.9965146,0.9973199,0.99664026,0.9974608,0.99734396,0.99522024,0.9967009,0.99684435,0.99740845,0.99640435,0.9968833,0.9955151,0.99672633,0.99616826,0.9968194,0.9968515,0.99644953,0.9971658,0.9966599,0.99668276,0.99707454,0.99660546,0.99725854,0.99699455,0.99686754,0.9968087,0.9965312,0.9969097,0.99680847,0.9963214,0.9972626,0.9935897,0.9964271,0.9957153,0.9967917,0.9969764,0.9971683,0.99707514,0.9967756,0.99685097,0.99695504,0.9972433,0.9967892,0.99721223,0.9970417,0.995362,0.9972089,0.9980125,0.99542373,0.99709845,0.99733377,0.9972333,0.99631923,0.99531806,0.9964761,0.9969822,0.9971058,0.9966958,0.994877,0.9963468,0.995656,0.9971793,0.9965028,0.99667114,0.99678934,0.99077326,0.99682254,0.99828154,0.99696594,0.99607784,0.9971043,0.99625874,0.9963676,0.9973332,0.9972,0.99702245,0.99708295,0.9972502,0.9966886,0.9966911,0.99606276,0.996712,0.99678427,0.9966418,0.99453557,0.99610513,0.9967866,0.99683243,0.99686396,0.9966696,0.9969213,0.9969533,0.9969587,0.997099,0.9972046,0.996936,0.99698037,0.9970074,0.99622345,0.9978073,0.9971864,0.99691474,0.9963646,0.99698573,0.99718094,0.9975465,0.9971966,0.99485886,0.99664676,0.99578744,0.99687046,0.99627006,0.9971577,0.99687123,0.9962562,0.99617076,0.9968521,0.9917574,0.9966276,0.99699914,0.99736065,0.9960711,0.9963532,0.9971242,0.9953891,0.996991,0.9964941,0.9968752,0.9934096,0.9965622,0.9966488,0.99630904,0.99718755,0.9974942,0.9968442,0.9955921,0.9979326,0.9965232,0.9969625,0.9961861,0.9968656,0.99676,0.9967595,0.99750096,0.9965317,0.9976858,0.9965522,0.99719405,0.99313974,0.99643016,0.9974464,0.9974208,0.9956809,0.99731743,0.99643964,0.9964433,0.9964481,0.99740493,0.99599576,0.9974022,0.9969926,0.99584115,0.9965423,0.994967,0.99631095,0.9967175,0.9967589,0.99729806,0.9969997,0.9945308,0.996982,0.9965475,0.99705404,0.9971539,0.99727315,0.9969525,0.9969094,0.9984068,0.9965548,0.9970093,0.9970239,0.99702126,0.9972557,0.9970023,0.9968933,0.9948368,0.99265367,0.99560523
ipip164,0.99792117,0.9966282,0.99739623,0.9961856,0.99757576,0.9963198,0.9981009,0.9971524,0.99792546,0.99623483,0.9966332,0.9974929,0.99680907,0.9967103,0.995825,0.9974433,0.99779403,0.9965822,0.997905,0.9977297,0.9976739,0.99734,0.997616,0.9977876,0.9967014,0.99999887,0.99621505,0.99771744,0.9977335,0.99755454,0.99714875,0.9972424,0.99675953,0.99741656,0.99803317,0.9971345,0.9981061,0.99832153,0.9979249,0.9975699,0.99615633,0.9975498,0.99677986,0.9965257,0.9961724,0.9981152,0.99718344,0.99610174,0.9976184,0.9965728,0.997167,0.9922221,0.9975352,0.99672264,0.9954914,0.99682915,0.99587727,0.9961256,0.99626434,0.99777216,0.99746096,0.9971664,0.99760234,0.9970472,0.9970565,0.9965685,0.9979248,0.99772626,0.9974206,0.99644256,0.9976998,0.99746066,0.9943498,0.99659586,0.9962833,0.990926,0.9960747,0.9975565,0.99678993,0.99730945,0.9969424,0.99757326,0.9961269,0.99774724,0.99757147,0.99793744,0.99745196,0.99652505,0.9959997,0.99758697,0.9969079,0.9977793,0.99727595,0.9947094,0.9945812,0.9953195,0.9976142,0.9963042,0.99501026,0.9944762,0.9968391,0.99762493,0.9971978,0.99736935,0.99750686,0.9949964,0.9976388,0.9959954,0.9974252,0.9976222,0.99796647,0.9953413,0.9968695,0.9969596,0.9976841,0.9966454,0.99757963,0.99774325,0.9977812,0.99680316,0.99759924,0.997029,0.9976925,0.99767643,0.997667,0.99663883,0.997292,0.99776745,0.99664617,0.9971247,0.99762607,0.9925348,0.9959113,0.9956037,0.9971971,0.9974592,0.99701303,0.99738955,0.9979372,0.9976688,0.9978381,0.997769,0.9968908,0.99763983,0.9974726,0.99592227,0.9975972,0.99744767,0.9955407,0.9977903,0.99773806,0.9972247,0.9955058,0.9945846,0.99760854,0.9970683,0.99706477,0.9965557,0.99505806,0.9975581,0.9951527,0.997855,0.99728906,0.99603766,0.99775475,0.99048716,0.9976614,0.996844,0.9975226,0.9970072,0.9978651,0.9971453,0.9977636,0.9976403,0.99754834,0.99787056,0.99774766,0.99755156,0.9967955,0.9974357,0.9962992,0.99659646,0.9967357,0.9965611,0.9943416,0.9964481,0.9977541,0.9978195,0.9978516,0.9963453,0.99786806,0.9977789,0.9977747,0.99750346,0.99767643,0.997929,0.9979402,0.9982666,0.9969728,0.99740475,0.997327,0.99790645,0.99612993,0.99788636,0.997485,0.99713194,0.99798214,0.9935762,0.99681365,0.996032,0.9969478,0.997019,0.99763167,0.9968575,0.99588716,0.9959697,0.99746245,0.99041295,0.9973002,0.9976827,0.99769646,0.99693584,0.9971739,0.9967435,0.99552745,0.9977775,0.9977486,0.99757236,0.99235773,0.99618495,0.9973633,0.9972172,0.9973256,0.9974155,0.99782085,0.9957617,0.99720746,0.99656975,0.9974806,0.99635375,0.9974362,0.99713004,0.9978006,0.99642575,0.9971853,0.99761474,0.99606395,0.9977812,0.9938102,0.99651843,0.9978132,0.9977276,0.99552405,0.9976991,0.99656326,0.9970726,0.9975734,0.9973181,0.99637496,0.99773055,0.9977519,0.9955396,0.99694496,0.99489063,0.9962942,0.99719685,0.9967077,0.9967018,0.9967459,0.99369997,0.99793714,0.9960174,0.9969432,0.9977895,0.9974091,0.9967456,0.9967181,0.99737144,0.99588406,0.9972411,0.99666214,0.9977462,0.99687654,0.9966432,0.99740684,0.99370867,0.9917428,0.9956814
ipip194,0.995419,0.996889,0.99586695,0.996483,0.9963322,0.99568015,0.9958968,0.9967492,0.99742466,0.99670345,0.99604875,0.99592614,0.9965475,0.996485,0.99611545,0.9956847,0.99609816,0.99687064,0.9962131,0.9962314,0.99645364,0.99650484,0.9966382,0.9972346,0.996092,0.99621505,0.9999986,0.9966945,0.99623585,0.9968793,0.9958877,0.9965647,0.9953901,0.9958551,0.9955147,0.9959837,0.9957282,0.99566126,0.99583894,0.99616617,0.99637175,0.9966059,0.9966796,0.9951398,0.9970083,0.99638206,0.9971038,0.99608517,0.99629873,0.9958382,0.99671245,0.9950109,0.99654174,0.9968906,0.9975295,0.9972054,0.9951574,0.9969327,0.9964541,0.99682754,0.99529415,0.995921,0.9957425,0.99632406,0.99571,0.9962303,0.9957764,0.9962214,0.99618506,0.99655604,0.99513924,0.99625313,0.9947872,0.9955117,0.99601495,0.9920413,0.99555045,0.99583316,0.9976442,0.99730355,0.9962405,0.9953817,0.99485373,0.9954614,0.9960606,0.9952513,0.99518776,0.99610406,0.9959613,0.9960288,0.99562,0.9951771,0.99531406,0.9945714,0.9949636,0.9953844,0.9950558,0.99733967,0.9946883,0.9954801,0.99566966,0.99586535,0.99546516,0.9959042,0.9960042,0.9955344,0.99556303,0.995538,0.9963401,0.9950781,0.9956383,0.9942749,0.9959268,0.9957629,0.99559516,0.9965167,0.9953042,0.9956601,0.99564606,0.99581623,0.9959231,0.9963452,0.99703115,0.9965483,0.9955599,0.996353,0.9973178,0.9968541,0.9976627,0.99612033,0.99596155,0.9939498,0.996304,0.99611133,0.99538356,0.99680007,0.9965175,0.99686396,0.9956285,0.9952706,0.9951046,0.996419,0.9962807,0.99682564,0.99587286,0.9959067,0.99560297,0.99613374,0.99651223,0.99648875,0.9961037,0.99628085,0.9955047,0.9948801,0.9949504,0.99639624,0.99647695,0.99624556,0.9947739,0.99487054,0.9960478,0.9965733,0.99570775,0.99591047,0.99529284,0.9912388,0.9962513,0.99607813,0.9963333,0.9955978,0.99557537,0.99571013,0.99479085,0.99625874,0.99673927,0.9959808,0.99613756,0.9965658,0.9967029,0.99637216,0.9959637,0.99742705,0.99676114,0.99734735,0.99540174,0.996116,0.9960648,0.99611986,0.996224,0.9965012,0.9959581,0.99623597,0.9961074,0.9967212,0.995602,0.9956001,0.99647427,0.9960295,0.9963382,0.9973914,0.9964536,0.9958311,0.9968043,0.99644136,0.996768,0.99657667,0.99649143,0.9954551,0.99692583,0.9967745,0.99667853,0.99503165,0.9968067,0.99685895,0.9974847,0.99599904,0.996164,0.99285954,0.9958913,0.9958047,0.99623877,0.99569076,0.99604183,0.9968431,0.9951847,0.99565274,0.9954391,0.9968651,0.9952262,0.9955372,0.9969396,0.9961023,0.996005,0.9962362,0.99579215,0.9964723,0.99608296,0.99604464,0.99608374,0.99627984,0.9963016,0.99641997,0.995684,0.996494,0.9964135,0.9966711,0.99648964,0.9957656,0.9943593,0.9964483,0.9968765,0.99673176,0.9963345,0.9966834,0.9968753,0.99670815,0.99710804,0.99689615,0.9961654,0.996582,0.9965256,0.99771565,0.99706495,0.9963512,0.9971264,0.9962904,0.9963175,0.99670726,0.9961781,0.99488306,0.99583846,0.99689776,0.9965549,0.9963817,0.99694526,0.99618345,0.99645483,0.99600536,0.99580634,0.996291,0.99724364,0.99637604,0.996736,0.9971673,0.9965086,0.9951788,0.99391407,0.9955575
ipip224,0.99780864,0.99700034,0.99754876,0.9968651,0.997769,0.9967087,0.99817926,0.99725103,0.9981764,0.99689955,0.9968368,0.9976896,0.99736905,0.9970284,0.9964407,0.99759996,0.9984656,0.9969478,0.99804574,0.9979915,0.9994472,0.9974807,0.99807024,0.99808884,0.9971592,0.99771744,0.9966945,0.9999984,0.99733233,0.997649,0.99775916,0.99783725,0.9971286,0.99775,0.99807954,0.99763495,0.9980288,0.998364,0.9978667,0.99767625,0.99691194,0.997815,0.9971793,0.996492,0.9964144,0.9977825,0.9972052,0.99652356,0.99757624,0.99763614,0.99719775,0.9925945,0.9976989,0.9970678,0.99600357,0.9973665,0.99574375,0.9963823,0.9969097,0.9980735,0.99781203,0.9974205,0.9981061,0.99743676,0.9974572,0.9972785,0.9979692,0.9980051,0.99775916,0.9967535,0.99790645,0.9978986,0.9953524,0.9970404,0.9967881,0.9916834,0.996529,0.99773186,0.9975931,0.9978322,0.9973348,0.9978892,0.996428,0.9978241,0.9976902,0.99811155,0.99769795,0.9972715,0.9964477,0.9977494,0.99703354,0.9979314,0.9976371,0.9948302,0.9951105,0.9954401,0.9978499,0.99689305,0.99548465,0.9950576,0.99730384,0.99801487,0.99735266,0.9976935,0.9979623,0.9954666,0.99791574,0.9965783,0.99791175,0.9976662,0.99818724,0.99561995,0.9970886,0.99702406,0.99824363,0.9971738,0.9975858,0.99819887,0.99790746,0.997553,0.9984183,0.997561,0.9987201,0.9984632,0.99828124,0.9973252,0.9984363,0.99814564,0.9970983,0.9976135,0.99806976,0.99338156,0.9967632,0.99626195,0.9976356,0.9980768,0.9977241,0.99802274,0.9982033,0.99787915,0.99796855,0.9980976,0.9976068,0.99804103,0.9978025,0.99597776,0.997744,0.9977212,0.9961816,0.99787456,0.9981083,0.99758023,0.9961736,0.99526066,0.9977357,0.9976223,0.997667,0.9970113,0.9954294,0.9976759,0.99613804,0.998425,0.9977419,0.9966509,0.9979681,0.9910762,0.9980792,0.99748254,0.9979578,0.99707574,0.99799913,0.9961583,0.99761766,0.9981959,0.9980457,0.9980352,0.9980101,0.99780405,0.9974079,0.99809736,0.996711,0.99730575,0.9974321,0.9973599,0.994664,0.9970679,0.99822676,0.9983106,0.9983605,0.9970522,0.9981687,0.9982144,0.9981436,0.9979816,0.9979669,0.9981001,0.9984622,0.9982817,0.9969168,0.99726593,0.9978908,0.99833584,0.99696183,0.99836844,0.9984199,0.99746615,0.9984959,0.9946203,0.9973542,0.996755,0.99803317,0.9971187,0.99810314,0.9980243,0.99699306,0.99645567,0.99791193,0.9912733,0.9975713,0.99776995,0.9981093,0.99699944,0.99756837,0.99743843,0.996035,0.9979152,0.9981225,0.9981927,0.9936237,0.9967667,0.9981082,0.997686,0.9979018,0.9979003,0.99788547,0.99670815,0.99760336,0.99710536,0.9976683,0.99691504,0.9976003,0.99727756,0.99783665,0.9968763,0.9975512,0.9981108,0.9965844,0.99808574,0.99378014,0.9970203,0.9981216,0.99807227,0.9962461,0.9981052,0.9971724,0.99775857,0.99821657,0.9978308,0.99642986,0.99806637,0.99825543,0.99643654,0.99753374,0.9957516,0.9971686,0.99763244,0.99729115,0.9971778,0.9972577,0.99465615,0.9981924,0.99669886,0.9975307,0.9981403,0.99773717,0.99755055,0.9974355,0.99771637,0.99659896,0.99760514,0.9971416,0.9980855,0.997487,0.99708706,0.99793893,0.9942346,0.99261934,0.99608046
ipip254,0.997104,0.99635583,0.99681884,0.9959468,0.99700767,0.9961079,0.9972973,0.9968098,0.99753565,0.9960151,0.9967632,0.99719495,0.9966876,0.9968201,0.9960717,0.9970498,0.997513,0.9964116,0.9975203,0.997528,0.9973045,0.9969111,0.99711996,0.9972853,0.9965907,0.9977335,0.99623585,0.99733233,0.9999993,0.9973517,0.99670404,0.99703753,0.99622524,0.9972413,0.9973359,0.9967453,0.9974178,0.9973766,0.997574,0.99720603,0.99630386,0.99708766,0.99646807,0.9963353,0.99589884,0.9971062,0.99678695,0.99591255,0.9970184,0.99674857,0.9965639,0.9919689,0.9969782,0.99637383,0.9955434,0.99671406,0.99572647,0.9962531,0.99633765,0.99733055,0.99698937,0.99684995,0.9971201,0.9969577,0.99672407,0.9965037,0.9972583,0.9971267,0.9971135,0.99622357,0.9968779,0.997043,0.99449784,0.99608463,0.99626946,0.9916762,0.9965381,0.99762595,0.9966876,0.9969911,0.9968072,0.99730146,0.99617314,0.99730134,0.99728197,0.99743205,0.997405,0.9966,0.9962409,0.997238,0.9969173,0.9971309,0.99762625,0.99505883,0.99473906,0.99525034,0.99686795,0.99621767,0.99502444,0.9951228,0.99659646,0.99708104,0.99699855,0.9972031,0.9974484,0.99489933,0.9971873,0.996081,0.99718744,0.99706465,0.99739486,0.9952581,0.9971627,0.9967901,0.99716675,0.9965601,0.99709016,0.9971667,0.9971982,0.9966194,0.9972189,0.997026,0.9972109,0.99728614,0.9970594,0.9965419,0.99695045,0.9977027,0.9965462,0.99699014,0.99712265,0.99298173,0.99597406,0.995909,0.9967673,0.9972831,0.9971051,0.9970758,0.9973969,0.9970709,0.9972769,0.99741113,0.99670666,0.99719906,0.9973125,0.99601525,0.9972501,0.9971032,0.99571544,0.9977816,0.99721766,0.9970188,0.99572164,0.99480027,0.9968883,0.9968389,0.99698544,0.9961436,0.99525744,0.9968192,0.99535143,0.9974043,0.9969456,0.9960533,0.9970897,0.99080175,0.99718875,0.996733,0.9970157,0.9966321,0.9970843,0.99636483,0.99678874,0.9971704,0.9970098,0.9972117,0.99704206,0.99708563,0.996462,0.997044,0.9964417,0.9964267,0.9965939,0.99648553,0.9943811,0.99641174,0.9972151,0.9972141,0.9972922,0.99609953,0.9976128,0.99721575,0.9972198,0.99698603,0.9973495,0.99720347,0.99723345,0.9973651,0.99622506,0.9968613,0.9969994,0.9970775,0.99619555,0.9972266,0.9969254,0.9966594,0.99736047,0.99422896,0.99659634,0.9962469,0.99665856,0.9966827,0.9971168,0.99666315,0.9960101,0.9962333,0.9970966,0.99087214,0.99692005,0.9973395,0.99715763,0.9965378,0.9969507,0.9969296,0.99557745,0.9972624,0.99701023,0.99736273,0.9929005,0.9961655,0.9970234,0.99690825,0.99689615,0.9970832,0.99738616,0.9958364,0.99696606,0.9962903,0.996974,0.9962772,0.9971296,0.996826,0.9971238,0.9963346,0.99694324,0.9971491,0.9959104,0.9970962,0.9931919,0.99611944,0.99729097,0.9971704,0.99546605,0.9972288,0.9963167,0.99681145,0.9969284,0.9970331,0.99582547,0.99731153,0.99724,0.99576604,0.9968748,0.9947795,0.9961668,0.9967798,0.9964734,0.9964256,0.99662834,0.99409604,0.9972819,0.99610245,0.99671745,0.9972763,0.9972274,0.9964395,0.9964059,0.99702007,0.99587333,0.9966312,0.9964621,0.99720955,0.9965575,0.9964111,0.9970918,0.9938165,0.9924809,0.9955398
ipip284,0.9973254,0.9968059,0.9971068,0.99634993,0.99726176,0.9964309,0.99747276,0.9969803,0.99778664,0.99637043,0.99687165,0.99747807,0.9969854,0.99729663,0.9964087,0.997227,0.9976114,0.9967207,0.9982557,0.9975485,0.9976342,0.9972624,0.9975811,0.99762803,0.9969507,0.99755454,0.9968793,0.997649,0.9973517,0.9999996,0.99718964,0.997388,0.99663365,0.9972485,0.99732447,0.9970881,0.99733883,0.997393,0.9975377,0.9973261,0.9965271,0.99764454,0.99688613,0.99657583,0.99632525,0.99751115,0.99718577,0.9963933,0.99723333,0.9968713,0.99686664,0.9925732,0.9975098,0.99685055,0.9966453,0.9970698,0.99595124,0.99694276,0.9967214,0.99783635,0.997331,0.9971053,0.9975525,0.9971211,0.99694884,0.99706703,0.99734133,0.997528,0.99763024,0.99687874,0.99717987,0.9973857,0.9949471,0.9966094,0.9967564,0.9919977,0.99642956,0.9974375,0.9974874,0.9976735,0.9972474,0.99737394,0.99631727,0.997319,0.997308,0.99745744,0.9971433,0.9969795,0.9963729,0.9972512,0.99717486,0.9973904,0.9970805,0.99526167,0.9953276,0.9956226,0.9971896,0.99703926,0.99558574,0.9962369,0.9971707,0.997443,0.99732655,0.997468,0.99766636,0.9956897,0.99772793,0.9962783,0.9975905,0.9971521,0.99768543,0.9956631,0.99709797,0.99704856,0.99739933,0.9969787,0.997137,0.9974979,0.9975528,0.9970828,0.9975203,0.99717176,0.99764264,0.9976368,0.9971012,0.9970192,0.99727416,0.9979322,0.9974414,0.99708956,0.9974132,0.9933143,0.9964624,0.9963395,0.99685895,0.99768776,0.9972681,0.99764514,0.99760747,0.9973065,0.9979063,0.9976719,0.99709135,0.9974805,0.9980552,0.99632436,0.99730605,0.99764824,0.996482,0.99771476,0.99764633,0.99739486,0.9964958,0.9954956,0.9970378,0.9979363,0.9981364,0.99682266,0.99555355,0.9969806,0.9958116,0.9977265,0.9970902,0.99649334,0.99733824,0.99126744,0.99748915,0.99728554,0.9973567,0.99672246,0.9973601,0.9962307,0.9968783,0.9974119,0.99766296,0.99778414,0.9973408,0.99732524,0.996753,0.99732333,0.99669677,0.9973207,0.9971009,0.9973051,0.99504626,0.9967952,0.99738485,0.9974527,0.997477,0.9965128,0.99755687,0.99772155,0.99771035,0.9975958,0.9974063,0.9976214,0.9974965,0.9975851,0.99651474,0.9972628,0.99723864,0.99730897,0.99650913,0.9977341,0.9974042,0.9970658,0.9975865,0.99448705,0.99716866,0.9964587,0.9972191,0.99644816,0.99764556,0.99712604,0.9968273,0.99631506,0.9976007,0.9915673,0.99721295,0.99752474,0.9975942,0.9970684,0.99712104,0.9970743,0.99656755,0.99773264,0.99718875,0.9975069,0.9936579,0.9965149,0.9972605,0.9971525,0.99741,0.9974428,0.99741846,0.99614817,0.99710697,0.9967326,0.9972804,0.99660516,0.9973795,0.99736136,0.9975467,0.9971994,0.9975149,0.99754626,0.99657404,0.9974107,0.9936078,0.99664474,0.9979583,0.99784374,0.9963557,0.9978044,0.9970997,0.9970023,0.9972888,0.99735993,0.99629354,0.9976546,0.99778575,0.99658144,0.99727833,0.9955855,0.9967207,0.9973517,0.9969157,0.9968772,0.9970194,0.9945329,0.99753666,0.9967085,0.9970493,0.99759585,0.99739665,0.99694425,0.99690497,0.99728584,0.996661,0.997111,0.99725467,0.9976572,0.99701184,0.99721867,0.9975402,0.9947996,0.99325687,0.9959096
ipip19,0.99782395,0.9962174,0.9972887,0.9961667,0.99746996,0.9964993,0.9978823,0.9965303,0.99798363,0.9959777,0.996438,0.99769264,0.99643606,0.99630344,0.9959859,0.9972818,0.99757975,0.9963513,0.99762297,0.99719137,0.9976859,0.9973164,0.9976269,0.99780905,0.99700636,0.99714875,0.9958877,0.99775916,0.99670404,0.99718964,0.99999994,0.99728554,0.99708545,0.9976281,0.9978373,0.99733424,0.99749607,0.9977847,0.9974998,0.9973398,0.9960039,0.99715877,0.99688137,0.99625695,0.9957089,0.9975441,0.99671924,0.99628705,0.9970182,0.99653625,0.99689513,0.99096084,0.9972603,0.99608725,0.99530476,0.9965322,0.9957189,0.99547154,0.9958623,0.99767476,0.997726,0.9973221,0.9978817,0.99754477,0.9971898,0.996904,0.9977167,0.99771565,0.9977517,0.99608797,0.99784636,0.99732584,0.99482405,0.99665207,0.9961454,0.9901348,0.9955301,0.9972269,0.9971006,0.9977164,0.997117,0.99779123,0.99585766,0.9978485,0.9972387,0.9978264,0.9974207,0.99626,0.99581605,0.9974055,0.99685323,0.9978736,0.99710554,0.9942356,0.9942907,0.99489397,0.9979125,0.9967411,0.99507475,0.99422616,0.9966951,0.99833447,0.9970876,0.99745893,0.99753755,0.9948408,0.9975361,0.99620706,0.99761623,0.9975771,0.9980089,0.9953379,0.9968303,0.99646765,0.9977732,0.99661493,0.9974132,0.9978795,0.9976354,0.99672705,0.99812114,0.99728477,0.9978848,0.9977548,0.9975181,0.99828947,0.99685997,0.99739414,0.9969045,0.99665856,0.99768144,0.9919782,0.9959404,0.99532115,0.9973809,0.9977175,0.99740237,0.9971584,0.9979098,0.9978918,0.9979803,0.99754685,0.99695534,0.99764127,0.99745613,0.99513286,0.9977155,0.99782705,0.99496514,0.99743253,0.99825335,0.99765503,0.99543375,0.99492955,0.9978357,0.9973623,0.997108,0.996631,0.9950863,0.9978205,0.99504924,0.99804455,0.9973318,0.9968293,0.99789774,0.9899191,0.99748796,0.9972083,0.9974283,0.99643624,0.99791086,0.99581516,0.9974341,0.9980783,0.99875486,0.99775285,0.997661,0.9973579,0.9968995,0.99766207,0.99597394,0.9976846,0.9972302,0.99768007,0.99385446,0.9970768,0.9980443,0.9982566,0.9982497,0.996523,0.9978018,0.99811125,0.9980013,0.99876356,0.9979435,0.9981179,0.9977034,0.9979661,0.9965444,0.99660647,0.9972812,0.9979702,0.9956968,0.9978668,0.9977931,0.9977034,0.99881005,0.9936629,0.9967343,0.9957388,0.99726015,0.99667376,0.99845517,0.9976516,0.99645656,0.996108,0.99720794,0.98979264,0.9969595,0.9974369,0.9978185,0.996778,0.99773246,0.9971863,0.995438,0.99782664,0.9980379,0.99745804,0.9923524,0.9965769,0.9972729,0.99752086,0.9979091,0.997859,0.99794996,0.9962879,0.9974763,0.99650216,0.9973578,0.9960553,0.9972736,0.9964454,0.99768335,0.9964359,0.99707794,0.9977742,0.99581534,0.9978492,0.99244297,0.99627054,0.99764746,0.99761295,0.99498814,0.9975783,0.99608564,0.99695957,0.99696183,0.99767953,0.99552715,0.9977098,0.99801433,0.99647236,0.99667686,0.9945462,0.995946,0.9973445,0.9965116,0.99721897,0.9967597,0.993882,0.9979714,0.995766,0.99751914,0.9977174,0.99760926,0.9969737,0.99677414,0.99768054,0.9965445,0.99703026,0.9971276,0.9976152,0.9969806,0.9971327,0.9974053,0.993488,0.99104244,0.995482
ipip49,0.99725634,0.99642503,0.9969464,0.99617875,0.9972934,0.9964155,0.9977536,0.9969191,0.99804485,0.99624366,0.9969998,0.9974468,0.99709773,0.996403,0.9966167,0.99715084,0.9975662,0.9965622,0.9974479,0.99746436,0.99747485,0.99700576,0.9977857,0.9977001,0.9968494,0.9972424,0.9965647,0.99783725,0.99703753,0.997388,0.99728554,1.000001,0.9974218,0.99748677,0.99770784,0.9979176,0.9976454,0.9977073,0.99753475,0.99755365,0.99706054,0.99800986,0.9967459,0.9964858,0.99612594,0.99742967,0.99698836,0.996579,0.99725085,0.99652606,0.9970952,0.99217546,0.9977832,0.9967059,0.9963904,0.99746174,0.9957212,0.99669415,0.9965468,0.9988966,0.9973684,0.9971433,0.99762374,0.99709,0.997097,0.99718004,0.9976312,0.9979746,0.99752176,0.9970284,0.99746245,0.9976918,0.9949477,0.99692917,0.9963852,0.9917856,0.9961791,0.9971978,0.9977236,0.99794245,0.997236,0.997449,0.9960777,0.99737495,0.9972689,0.9974812,0.99724036,0.99661416,0.99616325,0.9973791,0.99681574,0.9973312,0.99716526,0.9948122,0.994659,0.9949821,0.99732304,0.99713314,0.9952703,0.9949463,0.9970231,0.9975325,0.99711424,0.9973777,0.9974479,0.9959535,0.9973627,0.9966171,0.99802834,0.99753475,0.997994,0.9952217,0.9968727,0.99673575,0.9976093,0.9970721,0.99729997,0.9975754,0.99729663,0.9971638,0.9976598,0.99706507,0.9980558,0.9977442,0.9972576,0.99723285,0.99787503,0.9982607,0.9973657,0.99703205,0.9978987,0.9934432,0.99657,0.99578685,0.9975084,0.9978755,0.99749523,0.99849075,0.9981074,0.99739546,0.9974423,0.9975996,0.9974457,0.99751073,0.99725837,0.99565166,0.9974225,0.99746615,0.9968102,0.99752855,0.9977733,0.99746865,0.99582005,0.9957137,0.9971798,0.9973863,0.9973903,0.99700993,0.9950837,0.9970992,0.9961283,0.99805164,0.997106,0.99679387,0.99751145,0.991751,0.99800533,0.99717546,0.9972805,0.9965835,0.9976201,0.9960156,0.9970175,0.9974242,0.997857,0.99790406,0.99765867,0.9974956,0.99746495,0.99783486,0.99669635,0.99753606,0.9970489,0.99754566,0.9950936,0.9970403,0.99780333,0.9979364,0.99796665,0.9968991,0.99777627,0.99804544,0.99795884,0.9980048,0.99748313,0.99792105,0.9977201,0.9979658,0.9967336,0.9971495,0.9976212,0.99766415,0.9965022,0.99778354,0.99765337,0.9973001,0.9981644,0.9945834,0.9976807,0.9968606,0.99754196,0.9969558,0.9979837,0.99781233,0.9975522,0.99677193,0.9974642,0.99160796,0.9970802,0.9976365,0.99787647,0.99707186,0.9976929,0.9974874,0.9961509,0.9977738,0.9976879,0.99792945,0.9943723,0.99761105,0.9978081,0.99744606,0.9981703,0.9979784,0.99785113,0.99678534,0.9973221,0.99707246,0.9975919,0.9967661,0.99723184,0.99699706,0.99764514,0.9972088,0.99745953,0.99798834,0.99632657,0.9976619,0.99340975,0.996787,0.99824125,0.9982625,0.99675894,0.9985113,0.9975986,0.9971868,0.9971534,0.9976451,0.99612397,0.99772185,0.9979809,0.9965575,0.9973157,0.9956435,0.99718714,0.9976712,0.9971927,0.99709874,0.99722207,0.99476266,0.99815035,0.9975361,0.99725485,0.99809074,0.9978107,0.99747455,0.9973659,0.997338,0.997161,0.99724364,0.99750686,0.99816257,0.9976061,0.9976069,0.9979823,0.99428177,0.99250144,0.9959577
ipip79,0.99695945,0.9956518,0.9965773,0.9953296,0.9967942,0.9958656,0.99733865,0.99621373,0.9975501,0.99541837,0.9962593,0.99702454,0.99610555,0.9955188,0.99561155,0.99670744,0.9970694,0.99608636,0.9969512,0.9967567,0.9968632,0.9964403,0.9971813,0.99713427,0.9962448,0.99675953,0.9953901,0.9971286,0.99622524,0.99663365,0.99708545,0.9974218,1.0000023,0.99689305,0.99717015,0.99691606,0.99707425,0.9972853,0.99696326,0.9968453,0.99615955,0.9974825,0.9961595,0.99655193,0.9950605,0.99703664,0.9960387,0.99587965,0.9965953,0.9956402,0.99659884,0.99103427,0.99669975,0.9956261,0.9954213,0.9964014,0.99502933,0.99593335,0.9955291,0.99752855,0.99670196,0.9964828,0.99686617,0.9966327,0.9965472,0.9962732,0.99704665,0.99723655,0.99711454,0.9958635,0.99708515,0.99689394,0.9942691,0.9960069,0.9952554,0.9903025,0.99514997,0.9965534,0.9969062,0.99718237,0.99664277,0.99691534,0.9952323,0.9970724,0.996404,0.99709135,0.99664074,0.99571234,0.995372,0.99689025,0.9960299,0.9970359,0.99646,0.99380094,0.9937182,0.9939154,0.9971017,0.9961468,0.9944644,0.9939374,0.9960404,0.9973081,0.996387,0.9967976,0.9966065,0.99444115,0.9969552,0.99632955,0.9969411,0.99702245,0.9974363,0.9947708,0.9960513,0.9961637,0.99707925,0.9962453,0.9970369,0.99712276,0.99695235,0.9962559,0.9968866,0.9960287,0.99719876,0.9967338,0.99671793,0.99663854,0.99662364,0.99698883,0.99655193,0.99616927,0.9971407,0.9916701,0.9953425,0.9945309,0.9969383,0.99704117,0.99686044,0.9971755,0.997406,0.99701756,0.99711394,0.99690306,0.99639803,0.99688655,0.99652046,0.9947608,0.9970231,0.99705875,0.9958221,0.9967821,0.9974201,0.9968558,0.9948359,0.9941104,0.99687004,0.99659747,0.99652535,0.99602413,0.99440354,0.9968423,0.99452937,0.99743265,0.99678135,0.9962394,0.9970884,0.9903519,0.9971966,0.99639595,0.9967094,0.99555343,0.9972651,0.9953457,0.996663,0.9968813,0.9974429,0.99745667,0.9972512,0.99709004,0.9965889,0.99692786,0.995538,0.99691194,0.9960957,0.9967516,0.99391305,0.9957841,0.9970783,0.99732083,0.9973306,0.9958668,0.9970817,0.99745035,0.9974271,0.99760133,0.99707395,0.9977101,0.9972181,0.9975243,0.99608904,0.9961023,0.9966814,0.9975582,0.99545217,0.99738526,0.9970571,0.9970984,0.99764323,0.9936862,0.99635506,0.99621457,0.99659264,0.9964271,0.9977086,0.996547,0.9960288,0.9952692,0.99669725,0.9903581,0.9963912,0.99685425,0.9972285,0.996445,0.9966533,0.99612576,0.99515474,0.9973852,0.99728733,0.9968688,0.9921951,0.9960523,0.9967446,0.9965693,0.99697435,0.9971997,0.99702036,0.99523544,0.9965436,0.995986,0.99693424,0.9956677,0.99642056,0.9958835,0.9972374,0.99603826,0.9966617,0.9969724,0.99543726,0.9971819,0.99233097,0.99563456,0.997364,0.9974535,0.9951096,0.99733806,0.99598277,0.9960324,0.99646246,0.9969434,0.99498653,0.99695677,0.9974183,0.9953873,0.99617434,0.9939995,0.99594504,0.9967493,0.9961426,0.99654824,0.99633384,0.99348867,0.9975608,0.9962527,0.9966171,0.9973854,0.99687755,0.99634373,0.9963028,0.9968294,0.9957538,0.9965101,0.9967517,0.9974585,0.9962491,0.99687195,0.99695903,0.9931823,0.991084,0.9950254
ipip109,0.99783206,0.99661577,0.9972873,0.9961057,0.9976221,0.9965423,0.99801564,0.9969981,0.9979695,0.99609226,0.9966444,0.99781674,0.99686635,0.99652785,0.9962629,0.997263,0.99775004,0.996303,0.99771005,0.99744105,0.99764687,0.99730754,0.9977431,0.9978587,0.99805343,0.99741656,0.9958551,0.99775,0.9972413,0.9972485,0.9976281,0.99748677,0.99689305,0.9999997,0.9979861,0.99783456,0.9979647,0.99826413,0.9977518,0.998192,0.9958985,0.997415,0.99699765,0.99655074,0.99582094,0.99780625,0.9977689,0.9967569,0.9976031,0.9966226,0.9970272,0.9910156,0.9972903,0.99640095,0.9951695,0.99676985,0.9961797,0.9955986,0.9960635,0.9978281,0.9976817,0.99740976,0.9979633,0.9976493,0.9975385,0.997042,0.9978792,0.99796754,0.99827814,0.99644727,0.9980138,0.99766636,0.99476904,0.99678564,0.99635345,0.9906356,0.9963563,0.99776435,0.99691886,0.99746454,0.9971731,0.99810016,0.9963074,0.99806225,0.9976277,0.9980824,0.99780625,0.99626464,0.9959593,0.99769914,0.99708706,0.9980951,0.99739486,0.9947678,0.99427456,0.99511933,0.99802345,0.99644834,0.9950231,0.9946128,0.99679303,0.99817294,0.9972503,0.99762225,0.9978358,0.99463904,0.99772674,0.9966033,0.9979722,0.9976856,0.9981088,0.9962641,0.99709964,0.996924,0.9981834,0.9969571,0.9977432,0.9980423,0.9979044,0.99712193,0.99795264,0.9970967,0.99767214,0.99766403,0.99758625,0.99696106,0.9969643,0.9976698,0.9966603,0.9968772,0.99806666,0.992509,0.9960986,0.99522,0.9976045,0.9975776,0.99742156,0.99746066,0.9980152,0.9980493,0.9982029,0.9976493,0.9968382,0.9977222,0.99764717,0.99511796,0.99791557,0.9984158,0.99522,0.99800193,0.99820805,0.99775046,0.9959722,0.9950017,0.9980798,0.99722725,0.9973915,0.996934,0.99500287,0.9979289,0.9953549,0.9981818,0.99756604,0.9965535,0.998024,0.99046504,0.99789375,0.9982312,0.9976335,0.9966159,0.99809605,0.9961868,0.9977289,0.99789935,0.9979203,0.99803203,0.99779356,0.997618,0.9969926,0.9974968,0.9962063,0.9967772,0.9968886,0.9967775,0.99395865,0.9966212,0.998056,0.99804586,0.9980247,0.99673265,0.9982667,0.9979776,0.9980019,0.99789006,0.99822897,0.9981157,0.99797314,0.9981549,0.9965633,0.99761325,0.99814546,0.9981131,0.99623513,0.997935,0.99757904,0.9974476,0.9982787,0.99393773,0.99654114,0.9958581,0.99699444,0.9974914,0.9979748,0.99720836,0.99610084,0.99619,0.9976146,0.9902261,0.99711674,0.99781793,0.99807906,0.9968928,0.9973484,0.99736446,0.9954723,0.9980526,0.99792975,0.9975309,0.9922819,0.9966903,0.99744487,0.9972865,0.9979218,0.99791896,0.9979116,0.99600613,0.99871385,0.99705094,0.9975744,0.9962241,0.9975601,0.9968475,0.99780434,0.9973297,0.9971238,0.998131,0.99629295,0.998153,0.9925383,0.9966516,0.997971,0.9979918,0.9953689,0.9978807,0.9964371,0.99739546,0.99716556,0.99782854,0.9959092,0.99776256,0.9979766,0.99580437,0.9970472,0.99489635,0.9961233,0.99737215,0.9967692,0.99728453,0.9969402,0.99377114,0.9980861,0.99615353,0.9975755,0.9979525,0.99775386,0.9971538,0.9970697,0.9989538,0.99662894,0.9973042,0.9970693,0.99790484,0.9974423,0.99704546,0.99742913,0.99394584,0.9915552,0.99577457
ipip139,0.9988895,0.9963651,0.9980721,0.9958258,0.99794906,0.9962507,0.9989782,0.99724567,0.998098,0.99581206,0.9964778,0.9980891,0.99648553,0.99639994,0.9955059,0.9977625,0.99803823,0.9963254,0.9981404,0.9984998,0.99787855,0.9976928,0.99777126,0.9979511,0.9966309,0.99803317,0.9955147,0.99807954,0.9973359,0.99732447,0.9978373,0.99770784,0.99717015,0.9979861,0.99999934,0.9975343,0.99864787,0.9991676,0.9982266,0.9978178,0.9958107,0.9978887,0.9964827,0.9966328,0.9951454,0.99799275,0.9964336,0.9963346,0.9977394,0.9963816,0.99721754,0.98991853,0.9979494,0.996381,0.99469167,0.9962823,0.9956645,0.9951821,0.995908,0.9977189,0.99833506,0.9973764,0.99822086,0.9973141,0.9973563,0.9964497,0.9986797,0.9982539,0.99788684,0.99615777,0.99863493,0.99751145,0.9939392,0.99682516,0.9961477,0.9896466,0.9957,0.99772584,0.99651295,0.99741274,0.9971759,0.9984684,0.9961411,0.99874705,0.99782735,0.9989916,0.9984154,0.9963228,0.9961372,0.9984785,0.99691963,0.99854654,0.99773747,0.99398756,0.994005,0.9945623,0.9986455,0.99589014,0.994576,0.9933438,0.9968558,0.9983016,0.9974518,0.99737555,0.9978569,0.99365675,0.99818695,0.9958057,0.99769694,0.9987161,0.99899757,0.99574757,0.9969724,0.9968826,0.9985686,0.9964791,0.99821556,0.99848044,0.9985437,0.9968224,0.9982696,0.9970544,0.9978045,0.99808115,0.9983615,0.99666995,0.9969641,0.9981857,0.9962344,0.99709386,0.9981927,0.99149674,0.99549574,0.99515283,0.9980144,0.997695,0.99709857,0.9975261,0.9988781,0.99860704,0.9987297,0.9979192,0.99694425,0.99797547,0.9977896,0.99518496,0.9981022,0.9979181,0.9946666,0.99814224,0.9982809,0.99728495,0.9948974,0.9941635,0.99866915,0.99685043,0.99677676,0.9963373,0.9948024,0.9986331,0.99448377,0.9984209,0.9978737,0.99606216,0.99872607,0.98932683,0.9982563,0.9968562,0.9978906,0.99665517,0.99864674,0.99561286,0.9985574,0.9980448,0.99788916,0.99855304,0.9982832,0.9977804,0.9967222,0.99768305,0.99585,0.996339,0.9965462,0.99646133,0.993515,0.9966915,0.9983614,0.9984652,0.99843436,0.9958971,0.9984735,0.9984079,0.9983845,0.99792856,0.99831414,0.9989403,0.99820715,0.9989909,0.9960745,0.996457,0.99768764,0.9986387,0.9954823,0.9983167,0.99766314,0.99700683,0.9985718,0.99261564,0.99621856,0.9953424,0.99695,0.99753076,0.99804276,0.997074,0.9954945,0.9955406,0.99752957,0.9888132,0.997475,0.9978952,0.9980631,0.9970305,0.9977572,0.996601,0.9951894,0.9984537,0.9987146,0.9977538,0.990846,0.9963161,0.99757487,0.9976408,0.9979841,0.99796236,0.9984774,0.99564385,0.9975877,0.9967204,0.9976584,0.9957618,0.9975866,0.99674237,0.9984565,0.9960627,0.9971814,0.99786353,0.9957644,0.99857247,0.9922356,0.9961823,0.9979762,0.9980303,0.99468535,0.99798983,0.99604225,0.99734044,0.9976934,0.9976879,0.99547803,0.9978963,0.9983483,0.9949084,0.9968697,0.9941652,0.99574006,0.9976906,0.9964733,0.996802,0.9966384,0.9929137,0.9989351,0.99565345,0.9971209,0.99841976,0.99753034,0.99687773,0.9967151,0.99781644,0.9958975,0.9973312,0.996695,0.99854857,0.9970181,0.99676573,0.9977833,0.9930602,0.9903443,0.99552196
ipip169,0.99754477,0.9965426,0.99707574,0.996242,0.9977838,0.9967251,0.9977688,0.99679995,0.9977503,0.9962497,0.9966772,0.99765843,0.99666744,0.996369,0.99643886,0.9971428,0.99738425,0.9962425,0.99752617,0.9970548,0.9976452,0.9970256,0.998549,0.9976577,0.99750775,0.9971345,0.9959837,0.99763495,0.9967453,0.9970881,0.99733424,0.9979176,0.99691606,0.99783456,0.9975343,0.99999845,0.99751884,0.9977982,0.99749106,0.9976563,0.99630606,0.997682,0.99692154,0.99620193,0.9958524,0.9977028,0.9971773,0.9966998,0.997388,0.9965437,0.99705315,0.991317,0.9977319,0.99617255,0.99557143,0.9969632,0.9961852,0.9958718,0.9963112,0.9979288,0.9974446,0.9972325,0.99765617,0.9972406,0.99746525,0.9971414,0.99752396,0.99781644,0.99759907,0.9964047,0.99817556,0.9982102,0.9952813,0.99755794,0.99638313,0.9908407,0.9960709,0.9972704,0.9970373,0.9975204,0.99734944,0.99768335,0.99589676,0.99756557,0.9972835,0.9977868,0.99729675,0.9961555,0.9959024,0.99728507,0.9970996,0.99778223,0.99719936,0.9947555,0.99434584,0.9947252,0.99788076,0.99643344,0.99490106,0.99466234,0.99675226,0.99789715,0.99711394,0.99748814,0.99754554,0.9950414,0.99741566,0.99673957,0.99763316,0.9973691,0.99800444,0.99543065,0.9970029,0.9967236,0.9976609,0.997546,0.9973976,0.99786174,0.99741894,0.9971692,0.9977311,0.99697924,0.99777526,0.99748904,0.9975375,0.99667567,0.99708974,0.9976764,0.9968801,0.99657536,0.9986972,0.9928445,0.997176,0.9953843,0.9982684,0.99796927,0.99759144,0.9979206,0.9980409,0.99786,0.99777657,0.99764574,0.9968387,0.9976015,0.99736494,0.99535197,0.9975894,0.9975972,0.9956916,0.9973701,0.99792963,0.9975685,0.99601555,0.9949999,0.99748784,0.99800754,0.997998,0.99788666,0.99478716,0.99740505,0.9965738,0.99851686,0.99723536,0.9968633,0.9980251,0.991009,0.99798584,0.99773556,0.997489,0.9967047,0.9985161,0.9962321,0.99742645,0.9977566,0.99771214,0.9978299,0.99774975,0.9976278,0.9971632,0.9974552,0.9963783,0.99692047,0.99679714,0.99692816,0.99416226,0.9966676,0.9976998,0.9977001,0.99775714,0.99658674,0.9977905,0.9978145,0.9978594,0.997593,0.9977797,0.9978969,0.99776506,0.99807954,0.9964038,0.99705285,0.99748814,0.9978232,0.996265,0.9977642,0.9975494,0.99743557,0.9979412,0.99383485,0.9968203,0.99579847,0.99722546,0.9966726,0.9976202,0.9972344,0.99628353,0.995953,0.9975728,0.9905389,0.99690783,0.9977483,0.9988113,0.99676293,0.9972421,0.9970303,0.99541587,0.9977892,0.99766034,0.99751705,0.9925915,0.9964208,0.9973725,0.99717,0.9978809,0.99787474,0.997671,0.99599373,0.99770874,0.9977776,0.9982993,0.99736667,0.9976678,0.9969234,0.9976702,0.9968292,0.9972618,0.99773484,0.99695444,0.9984926,0.99316573,0.9977833,0.99810153,0.99810743,0.9960943,0.9981109,0.9971446,0.9970813,0.99696434,0.99811566,0.99640805,0.9977645,0.9978785,0.99578375,0.99696153,0.99509037,0.9964382,0.9978263,0.997862,0.99767315,0.99782485,0.99454784,0.99823236,0.9969081,0.9974168,0.99817175,0.99756265,0.998062,0.99822396,0.99784917,0.99669987,0.9979977,0.997224,0.99813455,0.9971671,0.99726474,0.99772733,0.9941771,0.9921738,0.9958074
ipip199,0.9982755,0.99619776,0.9977341,0.99596155,0.99761564,0.9961631,0.99856156,0.9970168,0.9979162,0.9960063,0.99683625,0.9977107,0.9970062,0.996457,0.9956764,0.99781203,0.99814564,0.9964778,0.9979705,0.99800366,0.99789876,0.99730384,0.9978064,0.997746,0.99680305,0.9981061,0.9957282,0.9980288,0.9974178,0.99733883,0.99749607,0.9976454,0.99707425,0.9979647,0.99864787,0.99751884,0.9999984,0.9990886,0.9982363,0.997771,0.99599075,0.9978423,0.99652815,0.9969427,0.9953714,0.9978332,0.99662614,0.996174,0.99783266,0.9964241,0.9970139,0.99079895,0.9975761,0.99656963,0.99490815,0.9967023,0.9956952,0.9957594,0.9961636,0.99779886,0.99795276,0.9972685,0.99801934,0.99698853,0.9971579,0.9966615,0.99824196,0.99793154,0.9975929,0.99617517,0.9981095,0.9976627,0.99413663,0.99661374,0.9961568,0.9906649,0.9961936,0.99778473,0.9968319,0.99727535,0.9970523,0.99806494,0.9965142,0.99840796,0.9977457,0.9985562,0.99807763,0.9966416,0.99601996,0.9978442,0.99703896,0.99833053,0.9974737,0.9944275,0.9944095,0.9949304,0.9981884,0.9961314,0.9948503,0.994109,0.9971044,0.99794614,0.997443,0.9975054,0.9977274,0.9941986,0.9981255,0.9960771,0.99765986,0.99808764,0.99845594,0.9956473,0.99677014,0.99709946,0.99839497,0.99668413,0.9981653,0.9983478,0.9982504,0.9970114,0.9981124,0.997199,0.99787134,0.9978688,0.9984796,0.99670976,0.997203,0.9980819,0.99627393,0.9971227,0.99809396,0.99289197,0.9957793,0.99540037,0.9977896,0.99760634,0.9971352,0.9975837,0.99844843,0.9981288,0.99832064,0.9979272,0.99717224,0.99769694,0.9976502,0.99542713,0.9977288,0.99776274,0.99519676,0.9979105,0.99810565,0.99739087,0.9954236,0.99454784,0.9983079,0.99708927,0.99710935,0.9964307,0.99490404,0.9981456,0.9951638,0.998303,0.99792844,0.99615806,0.9981708,0.9905556,0.99835813,0.9968834,0.9979193,0.9971135,0.9982416,0.99587476,0.99845374,0.99786735,0.9977651,0.9985256,0.99816346,0.997649,0.9969762,0.9980564,0.99621177,0.9966135,0.9967347,0.9965772,0.99400604,0.996563,0.9987259,0.9986652,0.9985965,0.9964579,0.9987647,0.998519,0.99859005,0.9979291,0.9980687,0.998707,0.9981984,0.9985452,0.996405,0.9966512,0.99785686,0.9983328,0.9957686,0.9982793,0.9974548,0.9970278,0.9983962,0.99320805,0.9964989,0.99586785,0.9969219,0.99744546,0.9978385,0.9969061,0.9957522,0.99594116,0.9978346,0.9898297,0.99739367,0.9980381,0.99808824,0.9970996,0.99753064,0.9968184,0.9955486,0.9982744,0.9985796,0.9977977,0.99181527,0.9962017,0.9977723,0.99755776,0.9976397,0.9977692,0.99803716,0.99603677,0.99745166,0.99680346,0.9977453,0.9962199,0.99756545,0.9969681,0.9983471,0.9962492,0.9974063,0.9977493,0.9958349,0.998273,0.9925715,0.9963371,0.9979132,0.99789333,0.99537337,0.99795663,0.99650955,0.9975389,0.9976562,0.9975507,0.995748,0.997736,0.9983647,0.9954189,0.99722195,0.9948316,0.99638957,0.9973049,0.996768,0.9966443,0.9967252,0.99317014,0.9983641,0.9957336,0.996962,0.9981143,0.99736106,0.9969206,0.99684465,0.99764997,0.99597746,0.99731624,0.99652463,0.99816316,0.99686694,0.9965881,0.9976264,0.9930684,0.9912378,0.99567646
ipip229,0.9988042,0.99642515,0.99806213,0.9961551,0.99803066,0.99632865,0.9991026,0.99729425,0.9981156,0.9961969,0.9967315,0.9979868,0.99700934,0.99650395,0.99568766,0.99791694,0.99834585,0.99648505,0.9982494,0.998275,0.99823004,0.9975703,0.99799675,0.9980714,0.99700284,0.99832153,0.99566126,0.998364,0.9973766,0.997393,0.9977847,0.9977073,0.9972853,0.99826413,0.9991676,0.9977982,0.9990886,0.9999997,0.9983683,0.9980216,0.99595195,0.99803877,0.9967689,0.99671614,0.9952741,0.99814814,0.9967223,0.996365,0.99803746,0.99648917,0.9972862,0.9903925,0.9978943,0.9965005,0.9948714,0.9965443,0.9958247,0.9953753,0.99609166,0.9979836,0.99839693,0.997478,0.9983739,0.9971918,0.99747366,0.9966717,0.998665,0.9983257,0.997958,0.99630654,0.9986897,0.9977464,0.9941813,0.99685,0.9960991,0.9898675,0.9959828,0.997893,0.99674034,0.99744636,0.9971279,0.9984453,0.9963976,0.99868244,0.9978063,0.9990006,0.9984061,0.9964634,0.9959337,0.998348,0.99706274,0.9987122,0.9978485,0.99417704,0.99404633,0.99460536,0.9987679,0.9961272,0.99477506,0.9938247,0.9970009,0.99837124,0.9976087,0.9975287,0.99792606,0.99386716,0.9984046,0.9961539,0.9978694,0.9986509,0.99898165,0.99582505,0.996808,0.9969866,0.99865574,0.99655086,0.9982909,0.99855745,0.99854296,0.9970506,0.9985049,0.99716514,0.9980204,0.9980472,0.9987886,0.9966937,0.9970776,0.9982161,0.9964144,0.99707055,0.9984525,0.9919163,0.99579585,0.99523157,0.99827784,0.99777836,0.99727494,0.99770766,0.9988995,0.99865067,0.99876356,0.99801093,0.9971048,0.99807346,0.9978024,0.995064,0.99806905,0.9980146,0.9949218,0.99808425,0.9984303,0.99745566,0.9951903,0.9942055,0.99865246,0.9971142,0.9970251,0.9966295,0.9947267,0.9986149,0.994793,0.99860954,0.99791604,0.9962061,0.99879444,0.9899072,0.9984468,0.99708676,0.9980968,0.9970343,0.9988159,0.99577487,0.9987451,0.998341,0.9980947,0.9988359,0.9984156,0.9979466,0.9969611,0.99786204,0.99595207,0.9965298,0.99670726,0.99655366,0.993671,0.9965863,0.9985369,0.99859905,0.9985729,0.9962022,0.9986319,0.9985226,0.99853134,0.9980472,0.99834836,0.998996,0.9984183,0.99914443,0.99631286,0.9968286,0.99787,0.9987953,0.9957035,0.99848914,0.9977438,0.9971887,0.99871993,0.99284875,0.9963948,0.9956317,0.9971093,0.99750024,0.998181,0.9970731,0.9956317,0.995598,0.99776083,0.9889988,0.99751455,0.99809253,0.99835503,0.9971376,0.99773735,0.9967749,0.9953612,0.9985851,0.9987823,0.9978294,0.99113584,0.9962969,0.9977002,0.9976045,0.997991,0.9980349,0.9984376,0.9956982,0.9977145,0.9969768,0.9978915,0.9960361,0.9977803,0.9969437,0.99856526,0.99629843,0.99726295,0.9980419,0.9959998,0.99882877,0.99254054,0.99655306,0.99819076,0.99823874,0.99510086,0.9981641,0.996427,0.99756503,0.99784225,0.99785006,0.9957676,0.9979861,0.99850464,0.9951466,0.99706596,0.99442583,0.9961461,0.99763286,0.996823,0.9969487,0.9968243,0.99302346,0.9989272,0.995793,0.99719703,0.9985447,0.9975263,0.9970937,0.99694246,0.9980152,0.9959925,0.9975562,0.996865,0.9986632,0.9971451,0.996894,0.99786115,0.99306124,0.99082994,0.99577016
ipip259,0.9979174,0.996471,0.9973607,0.99604726,0.99749786,0.99646115,0.9980029,0.9970854,0.99787277,0.9960423,0.9967916,0.9977664,0.99718285,0.9969118,0.99644554,0.99798316,0.9978782,0.9964687,0.9981782,0.9978294,0.9978453,0.99744225,0.997759,0.99778104,0.99700266,0.9979249,0.99583894,0.9978667,0.997574,0.9975377,0.9974998,0.99753475,0.99696326,0.9977518,0.9982266,0.99749106,0.9982363,0.9983683,1.0,0.9979347,0.9960982,0.99748015,0.9965027,0.996487,0.9957742,0.9975453,0.99665755,0.99641174,0.99740726,0.9967376,0.99702364,0.99148446,0.9973878,0.9966554,0.9953344,0.9966269,0.99646705,0.99594975,0.99631643,0.99777335,0.99784,0.99734133,0.99782336,0.99726564,0.9975383,0.9971333,0.9979136,0.99784076,0.9977019,0.9965946,0.9978029,0.9974987,0.9946122,0.99656576,0.9963328,0.9912017,0.99620306,0.997711,0.996845,0.99737763,0.99721843,0.997998,0.9964758,0.99801123,0.9975383,0.9982224,0.9978051,0.9973237,0.99629754,0.99763596,0.99727386,0.9980027,0.9975321,0.9948144,0.99473184,0.9949265,0.9978562,0.99630475,0.99546355,0.99454767,0.99746335,0.9979445,0.99753267,0.9981309,0.9979097,0.9951809,0.997844,0.9965138,0.99765635,0.9978884,0.9982048,0.9955215,0.9969947,0.9970166,0.9980085,0.99688435,0.99779814,0.99803054,0.9979784,0.99709094,0.9978768,0.9973045,0.997678,0.997731,0.9978291,0.99704856,0.99710786,0.99788314,0.9966267,0.9972394,0.9977343,0.99261314,0.9959431,0.99574447,0.99752146,0.99757665,0.99738514,0.997367,0.99809587,0.99783283,0.9981456,0.99786633,0.9971512,0.99767053,0.9977657,0.9958398,0.9979922,0.9976994,0.9953211,0.9978911,0.9979693,0.9974893,0.99579734,0.9948946,0.9980872,0.9972745,0.9971891,0.9964474,0.995329,0.9979333,0.995055,0.9980826,0.9975285,0.9963323,0.99797046,0.99047256,0.9976177,0.9972138,0.99757653,0.99683625,0.99792254,0.99613374,0.99771553,0.99787176,0.99769974,0.998045,0.99784136,0.997566,0.9967635,0.9979799,0.99693334,0.9968377,0.9968435,0.99676454,0.99422795,0.9967267,0.9983858,0.99839026,0.9984133,0.9965327,0.9982493,0.99826694,0.9983025,0.997731,0.99805564,0.998147,0.99796015,0.9981376,0.99661595,0.99671954,0.9975374,0.9980375,0.99597234,0.997975,0.9974629,0.99719894,0.9980928,0.9938032,0.9967523,0.99588716,0.9970743,0.9971028,0.9977619,0.9969727,0.9959616,0.9961778,0.997598,0.990402,0.997568,0.9980633,0.9978179,0.99700725,0.9973741,0.9969896,0.9956854,0.9979505,0.9979699,0.9978105,0.9925798,0.99650884,0.9977908,0.9973911,0.9976033,0.9978257,0.9981591,0.99585503,0.9973233,0.9966385,0.99745387,0.9965373,0.9975424,0.9969739,0.9978619,0.99648726,0.99746615,0.99764305,0.9959022,0.99785626,0.9928212,0.996298,0.99779004,0.9977244,0.9954182,0.9977542,0.9963768,0.99726826,0.9975299,0.99743736,0.9957509,0.9978016,0.9981998,0.9956913,0.99704343,0.9949938,0.996504,0.99722004,0.99675155,0.99677795,0.9969526,0.9937905,0.9981114,0.9960152,0.99699706,0.997873,0.9974487,0.9969074,0.99669844,0.99750644,0.9962682,0.99715614,0.9967476,0.997815,0.9968759,0.99675554,0.99738896,0.9935574,0.99173754,0.99566257
ipip289,0.9977856,0.9965964,0.9971854,0.9961362,0.99771225,0.99646926,0.99802774,0.9972712,0.9979217,0.9962274,0.9967965,0.9978091,0.99686086,0.9965234,0.99615794,0.99733895,0.9977037,0.99648654,0.99772394,0.997472,0.99765295,0.9971433,0.99760044,0.9977934,0.9974218,0.9975699,0.99616617,0.99767625,0.99720603,0.9973261,0.9973398,0.99755365,0.9968453,0.998192,0.9978178,0.9976563,0.997771,0.9980216,0.9979347,1.0000005,0.99601763,0.99729687,0.99695283,0.9963169,0.9959545,0.9978501,0.99757457,0.9965719,0.9976305,0.9965232,0.9972012,0.9915016,0.9975455,0.9966369,0.9951935,0.99676013,0.99621195,0.9958649,0.99626863,0.9976953,0.99754775,0.9973114,0.9978518,0.9975462,0.9972502,0.9968557,0.9977904,0.9977806,0.99784863,0.9964025,0.9978016,0.9975205,0.9946411,0.99676716,0.99650776,0.9907502,0.9963884,0.99764335,0.99686414,0.99748695,0.9971995,0.99809253,0.9964264,0.9978323,0.99754316,0.99805355,0.99781215,0.9963754,0.99597806,0.99764913,0.99697274,0.99791723,0.99732447,0.9947226,0.99447554,0.9951049,0.99779344,0.99655133,0.99512213,0.9946397,0.99680644,0.9978501,0.9970764,0.9974591,0.99805903,0.9948347,0.9976339,0.9964257,0.9977381,0.9977402,0.99803025,0.9955051,0.99721706,0.99665165,0.9979051,0.9969045,0.9974157,0.99784267,0.9976645,0.99704665,0.9978124,0.9967865,0.99754107,0.9975362,0.99750626,0.9967804,0.99701405,0.99768347,0.996584,0.9970911,0.99785805,0.9924453,0.9962871,0.995398,0.99747014,0.99757797,0.99724793,0.9975033,0.99796176,0.9978157,0.99808353,0.99768746,0.9965649,0.9976335,0.99765205,0.9953471,0.9978547,0.9978776,0.99528694,0.9984169,0.99795914,0.99750143,0.996042,0.9949469,0.99759597,0.9971858,0.99728304,0.99685955,0.99502575,0.997579,0.9953391,0.9980152,0.9972953,0.9963651,0.997887,0.9908901,0.9976823,0.99764067,0.99764925,0.99654955,0.9979536,0.9959982,0.9974409,0.9976748,0.9976385,0.99777704,0.99786353,0.9977406,0.99707764,0.9976014,0.9964855,0.9967165,0.996805,0.99668115,0.9943036,0.9964525,0.99807507,0.99804914,0.9979881,0.9967823,0.9981881,0.99796385,0.9979977,0.99774873,0.9980039,0.99805254,0.9980038,0.99819016,0.9966083,0.99757636,0.9978532,0.9980578,0.9964492,0.9978832,0.9975277,0.9974016,0.998058,0.9939921,0.9966424,0.9958374,0.9970699,0.996849,0.9978099,0.99699366,0.9960733,0.9959228,0.9974573,0.99034667,0.9972872,0.9978982,0.9978534,0.99691194,0.99730426,0.99726266,0.9955334,0.9979611,0.99782914,0.9975982,0.99273884,0.9966029,0.9975347,0.9973205,0.9976489,0.99781054,0.997811,0.99588877,0.9979857,0.99683905,0.9975945,0.996323,0.9977219,0.99696946,0.9977652,0.99703914,0.9970661,0.9977944,0.99643093,0.9979657,0.9926045,0.99655324,0.9979415,0.9979145,0.9956229,0.9978774,0.9965906,0.99741226,0.9972746,0.99779034,0.9958844,0.9977019,0.9978774,0.99576354,0.99698997,0.99506444,0.9963069,0.9973343,0.99672896,0.9970546,0.99688536,0.9940297,0.99804914,0.9962916,0.9975157,0.9978331,0.99777985,0.99699473,0.99693006,0.99808115,0.9965726,0.99719465,0.99693465,0.9978501,0.9972075,0.99694973,0.9974015,0.994181,0.9919331,0.99595183
ipip24,0.9955331,0.99573106,0.995538,0.99559253,0.9960966,0.99533737,0.996052,0.9961903,0.99688756,0.99579567,0.99592435,0.9961608,0.99654084,0.99602365,0.9958292,0.9960461,0.9965577,0.9960089,0.99633455,0.9963358,0.99665165,0.99586046,0.99660254,0.9965295,0.9956467,0.99615633,0.99637175,0.99691194,0.99630386,0.9965271,0.9960039,0.99706054,0.99615955,0.9958985,0.9958107,0.99630606,0.99599075,0.99595195,0.9960982,0.99601763,1.0000001,0.9973679,0.99625236,0.995734,0.99607074,0.9962266,0.99644506,0.99538696,0.9963046,0.997899,0.9959182,0.99297,0.99657035,0.9961191,0.99606174,0.99698603,0.9949272,0.99647474,0.9959238,0.99696237,0.9956497,0.9960514,0.99603474,0.99590856,0.99574476,0.99602705,0.9960137,0.99614936,0.9961621,0.9958764,0.99584556,0.9966349,0.99466074,0.9959523,0.9958279,0.99206424,0.9956257,0.9961479,0.9969345,0.9968395,0.9961286,0.99575144,0.99493814,0.9957231,0.9960142,0.99583673,0.9956538,0.99600047,0.9955935,0.9959827,0.99594325,0.9956844,0.9958278,0.9941241,0.9944375,0.9948152,0.9955914,0.9965214,0.99432343,0.99483085,0.99589443,0.996097,0.9958263,0.99613327,0.99612063,0.9952916,0.9960207,0.99546075,0.9966056,0.99557537,0.99624753,0.99395317,0.9960394,0.99577296,0.9959754,0.99640584,0.9957366,0.9959413,0.9959864,0.9961676,0.99628836,0.9961332,0.99707454,0.996801,0.995911,0.9962981,0.99740547,0.99705666,0.99671715,0.9962968,0.99655956,0.9930918,0.9967361,0.9955093,0.9959907,0.99729806,0.99672943,0.9974274,0.99648046,0.99581856,0.9958635,0.9965651,0.9960699,0.996403,0.9963061,0.9957072,0.9962278,0.9960469,0.997707,0.9964062,0.9964353,0.9964985,0.99507827,0.9945883,0.9953567,0.99649745,0.99659497,0.9961743,0.99442166,0.9952741,0.9966676,0.9970226,0.9961329,0.99543697,0.9957594,0.9911539,0.99686444,0.99587697,0.9961755,0.9955186,0.99591494,0.99553895,0.99529016,0.99615145,0.99664634,0.9963895,0.99612546,0.9962501,0.996367,0.9964938,0.9960614,0.9967053,0.9962023,0.99678606,0.99448806,0.99608153,0.9962072,0.99626064,0.9963814,0.9963171,0.9963103,0.99639535,0.9963257,0.99654347,0.99594295,0.9961701,0.9965632,0.99647284,0.9962189,0.996637,0.99628705,0.995976,0.9962491,0.99649787,0.9965764,0.9961141,0.9967933,0.99456346,0.99658287,0.9975024,0.9965206,0.9953355,0.99654096,0.9967974,0.99668515,0.9956496,0.9964972,0.9914287,0.99585694,0.9961599,0.99646276,0.9959101,0.99620426,0.9963569,0.9952497,0.9961388,0.99594456,0.9969274,0.9939269,0.9954723,0.99659956,0.99632794,0.9960726,0.9961794,0.9960495,0.995957,0.9959248,0.99597824,0.9962854,0.9963783,0.9960733,0.9960511,0.9961116,0.99607146,0.99665296,0.9964806,0.9958185,0.9960967,0.9934501,0.9962367,0.996899,0.99679583,0.9963633,0.99701375,0.9968163,0.99609745,0.996161,0.9963429,0.99578834,0.9963762,0.99647707,0.9962906,0.99643725,0.9951967,0.9962518,0.9967149,0.9964276,0.99588084,0.9964155,0.99455035,0.99650943,0.9969079,0.9964939,0.99683166,0.9966835,0.99621207,0.9962558,0.99590707,0.9955437,0.99605966,0.9963708,0.99651057,0.99623114,0.99635714,0.9967203,0.9941084,0.9930628,0.9951725
ipip54,0.9976962,0.99652195,0.99741113,0.9962248,0.9976462,0.9963216,0.99807465,0.99699664,0.9979537,0.99627876,0.99677354,0.99759936,0.9969115,0.9966399,0.9964049,0.9972295,0.9975069,0.9966246,0.99762154,0.99746656,0.9975687,0.99707526,0.99800736,0.9978285,0.9969032,0.9975498,0.9966059,0.997815,0.99708766,0.99764454,0.99715877,0.99800986,0.9974825,0.997415,0.9978887,0.997682,0.9978423,0.99803877,0.99748015,0.99729687,0.9973679,0.9999982,0.9968506,0.99716705,0.9960428,0.9979647,0.997247,0.9966746,0.99785626,0.99692386,0.9969812,0.9919131,0.99768674,0.99665916,0.996515,0.9971394,0.99577546,0.9969396,0.9964478,0.9979781,0.99742746,0.99725026,0.99767184,0.9970099,0.9970721,0.9970261,0.99777913,0.9979509,0.9976413,0.9966138,0.99775136,0.9977978,0.9947833,0.99678946,0.9963477,0.991244,0.9960281,0.99738735,0.9973026,0.9975717,0.997169,0.9975007,0.9960791,0.99772215,0.997513,0.99778575,0.9973058,0.9966098,0.9961717,0.99761796,0.9967215,0.99761003,0.997203,0.9944485,0.9946053,0.99502647,0.99758315,0.9966804,0.9949381,0.9946855,0.996799,0.9975753,0.9971283,0.99722886,0.9974477,0.99507403,0.9976209,0.9962344,0.9977262,0.9975997,0.99814445,0.9954118,0.99686456,0.996899,0.9977122,0.99702126,0.99739796,0.99773943,0.9977979,0.99691176,0.9977821,0.99707246,0.9980612,0.9978476,0.9976097,0.9969275,0.9975962,0.9981906,0.99737406,0.99679184,0.99803406,0.9935497,0.99646235,0.995872,0.9976168,0.99788237,0.99725586,0.99813205,0.9981555,0.99758214,0.99765164,0.9975402,0.99752396,0.99751616,0.9973245,0.9956079,0.99741966,0.9977611,0.99708885,0.99766785,0.9977542,0.99724585,0.99568325,0.99486893,0.9974175,0.99740595,0.99744445,0.9968916,0.9948761,0.99738693,0.9958297,0.99814045,0.9972236,0.996421,0.99761087,0.9907515,0.9982421,0.9970056,0.9974743,0.99670076,0.9980401,0.99621356,0.99737793,0.99745923,0.9976967,0.9982258,0.9979484,0.99753624,0.99718213,0.9974908,0.99651545,0.99710757,0.99685186,0.99712986,0.99508065,0.99677914,0.99767375,0.9977558,0.99784905,0.9964368,0.9977663,0.9979801,0.9979888,0.9976576,0.9975961,0.9983129,0.99778503,0.9985315,0.99647343,0.997346,0.9974007,0.99777246,0.9963523,0.998015,0.99787205,0.99722475,0.99790883,0.99390227,0.9971023,0.9969016,0.99740803,0.99699444,0.9978109,0.9973803,0.99670506,0.99607575,0.9976241,0.9909497,0.99718,0.9974407,0.9981467,0.99696624,0.9971684,0.9968576,0.9958414,0.997886,0.9977573,0.997608,0.9930183,0.99652404,0.9974933,0.9971921,0.997648,0.9978119,0.99758416,0.9960685,0.99728376,0.99696463,0.99776536,0.9968013,0.99736327,0.9973137,0.9979672,0.9968334,0.997556,0.99787897,0.99653816,0.9981641,0.993257,0.99686396,0.9982963,0.99833727,0.9965197,0.9982544,0.9973681,0.9971998,0.9973488,0.9977012,0.99680847,0.9978858,0.99808687,0.99618363,0.99735445,0.9951727,0.996714,0.99766004,0.997227,0.99721444,0.9972303,0.9944118,0.998346,0.9971223,0.9970334,0.9983707,0.997461,0.9973704,0.99736315,0.9974727,0.9963684,0.9979398,0.99753815,0.99862623,0.997435,0.9976882,0.9980452,0.99399763,0.9923718,0.9957499
ipip84,0.99646056,0.9968352,0.99644214,0.9970478,0.99714226,0.99617845,0.99676883,0.99649876,0.9974086,0.997016,0.9964747,0.9968293,0.996545,0.9964109,0.99622947,0.9963919,0.9968348,0.9968133,0.99703795,0.99645764,0.99709857,0.9966414,0.9972596,0.9974794,0.99700063,0.99677986,0.9966796,0.9971793,0.99646807,0.99688613,0.99688137,0.9967459,0.9961595,0.99699765,0.9964827,0.99692154,0.99652815,0.9967689,0.9965027,0.99695283,0.99625236,0.9968506,0.9999987,0.9957978,0.997251,0.9974926,0.99771374,0.9964094,0.99708533,0.99651915,0.99672157,0.9934428,0.9969439,0.99617237,0.99613345,0.99707,0.9955272,0.9962002,0.9967917,0.9973451,0.99655545,0.9970336,0.9969253,0.9971798,0.9967497,0.9968262,0.99669343,0.9970242,0.9972589,0.9963426,0.99658024,0.99710745,0.9950704,0.9963119,0.99646854,0.99129117,0.9959574,0.9967931,0.9972843,0.9973116,0.99698144,0.9966679,0.9958085,0.99654084,0.99679625,0.9965461,0.9962559,0.9959832,0.9958621,0.99673593,0.9963233,0.9968479,0.9964135,0.9945681,0.99503493,0.9954857,0.99656105,0.99718904,0.99541473,0.9953556,0.99626166,0.9971985,0.99650496,0.99689716,0.99711233,0.99532,0.9967854,0.99616605,0.9970754,0.9962238,0.99680376,0.9949112,0.9966791,0.99616426,0.99671286,0.99678284,0.9963857,0.99692917,0.996629,0.99667454,0.99699813,0.996277,0.99743086,0.9971559,0.99643075,0.99665904,0.99708176,0.99702805,0.9972269,0.9961246,0.99704075,0.99365914,0.9968239,0.99574965,0.9963785,0.99756724,0.99707246,0.9971681,0.99681145,0.9966715,0.9966451,0.9973052,0.9963664,0.9972698,0.9967622,0.9953081,0.9967247,0.997093,0.9959329,0.9970219,0.9974228,0.9972814,0.99630064,0.99526507,0.99624544,0.9971157,0.99729323,0.99696845,0.99474096,0.9961708,0.99623305,0.9975068,0.9966422,0.9965559,0.9965906,0.9907567,0.9968743,0.99706775,0.9969486,0.99604917,0.99678564,0.99591094,0.9960389,0.9970689,0.99737245,0.9969666,0.9969333,0.99701256,0.99681526,0.9969065,0.99606496,0.99705917,0.9972322,0.9970399,0.9944657,0.9963911,0.9967746,0.9967942,0.99687076,0.99661356,0.99684894,0.9970249,0.99697506,0.9973836,0.996821,0.9969389,0.99718004,0.99700326,0.99639034,0.9976415,0.99697846,0.99694526,0.9968379,0.9971142,0.9973197,0.9973855,0.99743056,0.99491435,0.9969603,0.9963168,0.99690646,0.99583,0.99738353,0.99717134,0.9966363,0.99622226,0.9971028,0.9915612,0.99653053,0.9967924,0.9972904,0.9964543,0.99645424,0.99716055,0.9957704,0.9969093,0.9966308,0.9971059,0.99420434,0.9960253,0.996766,0.99661076,0.997086,0.99712783,0.996732,0.9961444,0.99719286,0.9964724,0.9969393,0.99642414,0.9970098,0.99690807,0.9968604,0.9970198,0.99676025,0.99740845,0.9966495,0.9970487,0.993594,0.996576,0.9974316,0.99732363,0.9959994,0.9972815,0.99667466,0.9968399,0.99652106,0.99752486,0.9965746,0.997556,0.9971277,0.9966002,0.9968296,0.99554014,0.9965068,0.9970255,0.9969332,0.9973297,0.9968571,0.9950613,0.99676996,0.99632686,0.99781436,0.9970545,0.99755293,0.9969803,0.9970562,0.9973614,0.9963421,0.99704593,0.99722314,0.99708563,0.996955,0.99719256,0.99704754,0.99497914,0.9932482,0.9958313
ipip114,0.9963473,0.9953735,0.99615854,0.99491143,0.9962727,0.9953552,0.9965522,0.9957483,0.99665,0.99489224,0.9960827,0.99657166,0.9962631,0.9958761,0.9951853,0.99648124,0.9964597,0.9955077,0.9966307,0.9964867,0.9963898,0.996064,0.99654496,0.996281,0.99588066,0.9965257,0.9951398,0.996492,0.9963353,0.99657583,0.99625695,0.9964858,0.99655193,0.99655074,0.9966328,0.99620193,0.9969427,0.99671614,0.996487,0.9963169,0.995734,0.99716705,0.9957978,1.0000005,0.99494606,0.9969346,0.99628997,0.99526954,0.9972872,0.9960793,0.9958435,0.99085414,0.9963775,0.9957356,0.9948036,0.99619085,0.9950666,0.9957311,0.9956794,0.99668384,0.9962005,0.9962739,0.9963621,0.9961418,0.99606305,0.9958235,0.9964993,0.9964135,0.996746,0.99568695,0.99624914,0.9966142,0.9938604,0.9954804,0.9953858,0.9909954,0.9951557,0.99632794,0.99611384,0.9964008,0.9961327,0.9965428,0.99527735,0.9966413,0.99665904,0.9966127,0.99629897,0.9958451,0.9952224,0.99648166,0.9959549,0.9964161,0.9961714,0.99379885,0.99406475,0.9945123,0.9962777,0.9957535,0.9945094,0.9941622,0.9959471,0.9964754,0.9960626,0.9962043,0.9964781,0.99413484,0.99662995,0.99532545,0.99638176,0.99629647,0.9967355,0.9945388,0.99615496,0.9959766,0.9966181,0.9960488,0.9963498,0.99667656,0.9965847,0.99615633,0.9964999,0.99609774,0.9964031,0.9964157,0.9966494,0.9959673,0.99621135,0.99661726,0.995859,0.99582404,0.9964884,0.9921141,0.9949124,0.9947948,0.99620837,0.9966652,0.99613017,0.9965703,0.9966819,0.9963335,0.9964676,0.99660355,0.9961322,0.99638313,0.9961197,0.99487484,0.9964296,0.9968266,0.9959129,0.99682,0.9965843,0.99634445,0.99520254,0.9939465,0.99617267,0.9964456,0.9963907,0.9956902,0.99451995,0.9961475,0.9945267,0.996795,0.9963956,0.995441,0.996268,0.9907747,0.9968345,0.99583954,0.9963832,0.9960804,0.9964067,0.99528086,0.99635327,0.99649763,0.9967465,0.9974925,0.9964055,0.9962792,0.99566686,0.996392,0.9954361,0.99615836,0.99594855,0.9960338,0.99372774,0.9955981,0.9965534,0.9965964,0.99667925,0.99553454,0.9967755,0.9971784,0.99728805,0.9967802,0.99661356,0.9974475,0.9968282,0.9968093,0.9959626,0.9961469,0.9964373,0.9963916,0.9951244,0.9973393,0.9963293,0.99637157,0.99680674,0.9930393,0.9957471,0.9959238,0.9959389,0.9962046,0.9968738,0.99596643,0.99530554,0.99529296,0.99681246,0.99050623,0.9962901,0.99655604,0.9966577,0.99679077,0.9963372,0.99591094,0.9955575,0.9972131,0.9965515,0.9962004,0.99169326,0.9956791,0.99609923,0.99610704,0.9961456,0.99650514,0.99650246,0.9949476,0.99617726,0.9959725,0.99661845,0.9956875,0.9964909,0.9958332,0.9973034,0.9959138,0.9969919,0.9963973,0.9951281,0.9965258,0.9924238,0.99531054,0.99682677,0.99687815,0.9950719,0.9968561,0.9958288,0.9961059,0.99610186,0.9961828,0.9953855,0.9966052,0.99730814,0.9952379,0.9965232,0.9947057,0.99554956,0.9963209,0.99582344,0.9955661,0.9959566,0.9933561,0.99657243,0.9952756,0.99601704,0.99667674,0.9963945,0.99581295,0.99586517,0.9963869,0.995111,0.99601203,0.99577296,0.9966821,0.9957018,0.99589133,0.996411,0.9930093,0.9914539,0.9947624
ipip144,0.9951611,0.9979137,0.9957427,0.9978112,0.9967937,0.9966458,0.99535644,0.9965814,0.99694544,0.9980116,0.99632674,0.9956892,0.99645865,0.9963499,0.99649876,0.99578726,0.9960999,0.99657196,0.9961325,0.9957901,0.9963312,0.99599725,0.99651706,0.99697286,0.9965037,0.9961724,0.9970083,0.9964144,0.99589884,0.99632525,0.9957089,0.99612594,0.9950605,0.99582094,0.9951454,0.9958524,0.9953714,0.9952741,0.9957742,0.9959545,0.99607074,0.9960428,0.997251,0.99494606,0.99999803,0.99716634,0.99779224,0.99640125,0.9966082,0.9959862,0.9960033,0.9955115,0.9961821,0.99613166,0.9968117,0.99680644,0.9955883,0.996463,0.9972387,0.99675333,0.99531436,0.9963505,0.9955662,0.99702203,0.99607104,0.99677837,0.9955445,0.996092,0.9960624,0.99641883,0.99490047,0.9961714,0.99522924,0.99529374,0.9961616,0.9923964,0.9955809,0.9958003,0.99707365,0.996793,0.99629205,0.99537283,0.9949016,0.9951755,0.9957219,0.9950601,0.99502724,0.99610907,0.9959595,0.9957801,0.9955842,0.9952318,0.9952064,0.99434865,0.9954977,0.9958145,0.9949941,0.9972207,0.9946809,0.9956124,0.99578595,0.99590605,0.9956183,0.9961373,0.99608606,0.9958371,0.99543595,0.9958368,0.9963889,0.99464214,0.99533147,0.9938892,0.99604434,0.9954295,0.99529177,0.9962872,0.9949515,0.9955515,0.99522716,0.9956971,0.9956659,0.9957751,0.9966305,0.9962372,0.99514556,0.9962662,0.9968447,0.99618554,0.997224,0.9958504,0.995754,0.99371475,0.99644774,0.996095,0.99497265,0.99684936,0.99681085,0.99648756,0.9951395,0.9949795,0.9950225,0.9965748,0.9962653,0.99671006,0.9959106,0.9957499,0.995545,0.9958622,0.9961858,0.9960648,0.9961823,0.9962917,0.99568504,0.99515355,0.99458414,0.9962875,0.9965404,0.995882,0.9946302,0.99446094,0.99609965,0.99623406,0.99550766,0.9960132,0.9950274,0.9914509,0.9957299,0.99631536,0.9958561,0.9953003,0.99526006,0.9955603,0.99443537,0.9959526,0.996317,0.99542713,0.9958549,0.99645376,0.9964901,0.99608326,0.9959009,0.99672294,0.9965788,0.99664503,0.995113,0.99569064,0.99562764,0.99563795,0.99569553,0.9964066,0.99571085,0.9957175,0.99556935,0.99626046,0.99547213,0.99522984,0.99616253,0.99569494,0.9960324,0.99756444,0.9960392,0.9955226,0.997248,0.9958799,0.9966741,0.99693424,0.9962129,0.9967519,0.9969447,0.996679,0.99654865,0.9947193,0.99634224,0.9964495,0.99679774,0.9963361,0.9963057,0.993434,0.99598265,0.9957186,0.9960687,0.99548477,0.9957279,0.9970154,0.9955474,0.9954882,0.99500865,0.9964608,0.99629074,0.99560404,0.99604267,0.99554807,0.99592286,0.9963619,0.99555933,0.99581915,0.99610734,0.9956213,0.9958065,0.99602675,0.99597067,0.9962215,0.9952306,0.99673665,0.9958824,0.9966877,0.9970491,0.9954076,0.9943806,0.9960907,0.996639,0.9964562,0.9961191,0.996482,0.9965029,0.9958955,0.99616694,0.9965291,0.9961815,0.99675274,0.9956896,0.9967643,0.9962838,0.9954993,0.996729,0.9959779,0.99624383,0.99642843,0.9963167,0.99555194,0.9953965,0.99676776,0.99642456,0.9959259,0.9967599,0.9961916,0.99633396,0.99616575,0.99565786,0.995975,0.99679947,0.99565965,0.9966013,0.9967475,0.9960219,0.99664944,0.99521405,0.9962407
ipip174,0.9982811,0.9973757,0.99786925,0.9968998,0.99832964,0.9972233,0.9982646,0.9973919,0.9981619,0.9969222,0.9967489,0.9976981,0.99685687,0.996676,0.9962568,0.9972924,0.9977185,0.9968274,0.99787253,0.997418,0.9977735,0.99762654,0.99798673,0.9980943,0.997329,0.9981152,0.99638206,0.9977825,0.9971062,0.99751115,0.9975441,0.99742967,0.99703664,0.99780625,0.99799275,0.9977028,0.9978332,0.99814814,0.9975453,0.9978501,0.9962266,0.9979647,0.9974926,0.9969346,0.99716634,1.000002,0.9986025,0.99693817,0.99815464,0.99687016,0.99746275,0.9920873,0.9978534,0.99642366,0.9955776,0.99696743,0.9962418,0.9962464,0.9968933,0.9978895,0.99774295,0.99773,0.9978372,0.9978628,0.997466,0.9972123,0.99798936,0.9980542,0.9978631,0.99665135,0.9980248,0.99773926,0.99486065,0.99692994,0.9965604,0.990645,0.9959409,0.9974647,0.9969731,0.99755585,0.9972933,0.997839,0.9962097,0.99795467,0.9975974,0.9979176,0.9974436,0.99631464,0.99619955,0.99772495,0.996908,0.998111,0.9972968,0.9947198,0.99498415,0.99593765,0.9980332,0.9970027,0.9952441,0.9947681,0.9968379,0.99795324,0.99729884,0.9975756,0.99775285,0.9948514,0.9976508,0.99634403,0.9976127,0.99770063,0.99807334,0.99576277,0.99702585,0.9969495,0.99789345,0.9970341,0.99764323,0.9979985,0.9979785,0.99693584,0.99793446,0.99709904,0.99801487,0.9978897,0.99761945,0.9969504,0.9972003,0.9976922,0.9970235,0.996871,0.99806535,0.99267125,0.996323,0.9956283,0.99754214,0.99789,0.9974225,0.99760973,0.99796844,0.9978984,0.99806273,0.997794,0.99701226,0.9978893,0.9976641,0.9954648,0.9977455,0.997881,0.995809,0.9979046,0.998041,0.99748385,0.995935,0.9950311,0.9978628,0.99742216,0.9974438,0.99696124,0.9951178,0.9977943,0.99545443,0.99820864,0.9975037,0.99665636,0.99791485,0.9904119,0.9978707,0.99741334,0.9976938,0.9967752,0.9982752,0.9964294,0.9977165,0.99775285,0.99780643,0.9979976,0.9980941,0.9980542,0.9972204,0.9975569,0.9962833,0.9968885,0.9971773,0.99681854,0.994454,0.9966458,0.9978494,0.9978975,0.997927,0.99643195,0.9978541,0.99792784,0.9979284,0.9978108,0.9979082,0.99819505,0.99798286,0.99865085,0.9965435,0.99819154,0.9975401,0.9981276,0.99659604,0.9980372,0.9982109,0.9981708,0.99818534,0.9941997,0.9968823,0.9962981,0.99729407,0.99689245,0.99798495,0.997272,0.99614245,0.9962358,0.9977154,0.99075556,0.9974026,0.9975554,0.99814826,0.9971193,0.9973346,0.99705946,0.99581563,0.9979947,0.99793833,0.9975725,0.99293196,0.99659264,0.99735796,0.99734926,0.99780226,0.99805343,0.99787617,0.995938,0.99780774,0.99706864,0.9978101,0.9965739,0.99764425,0.9972628,0.99794704,0.9969092,0.9972699,0.9979956,0.99708515,0.9982317,0.9933792,0.99689204,0.99811536,0.99807394,0.9956362,0.99799794,0.99672174,0.99741435,0.99742985,0.9979275,0.9965795,0.99814624,0.9979591,0.99588805,0.9970998,0.99520105,0.9963551,0.99753577,0.9970575,0.9974698,0.997137,0.9943686,0.99817896,0.996536,0.99731493,0.9980494,0.9976988,0.99723047,0.99721706,0.9979738,0.9964382,0.9978803,0.9971759,0.99795794,0.99727166,0.9972193,0.99743545,0.9945596,0.99253523,0.99629223
ipip204,0.99656117,0.9974861,0.99676096,0.9969226,0.99738765,0.99657977,0.9967644,0.99713576,0.997667,0.9970369,0.9967932,0.996867,0.997221,0.9969419,0.99678713,0.9965606,0.9970099,0.99689615,0.99708164,0.996717,0.9971589,0.9968204,0.9973984,0.9975958,0.9980353,0.99718344,0.9971038,0.9972052,0.99678695,0.99718577,0.99671924,0.99698836,0.9960387,0.9977689,0.9964336,0.9971773,0.99662614,0.9967223,0.99665755,0.99757457,0.99644506,0.997247,0.99771374,0.99628997,0.99779224,0.9986025,0.9999998,0.9969966,0.99785906,0.99702233,0.99690974,0.99384785,0.9971805,0.996538,0.99645543,0.99731135,0.9960226,0.99661016,0.9969296,0.9974978,0.9964762,0.9972415,0.99683774,0.9975664,0.9971736,0.9973032,0.99678415,0.9970907,0.99754965,0.99674076,0.996524,0.9973048,0.9953081,0.9965257,0.9969483,0.99202925,0.99651897,0.99694186,0.9972772,0.9973012,0.9970639,0.9967862,0.9960402,0.9965372,0.9970008,0.9964578,0.9963672,0.99650824,0.99624884,0.99686885,0.99654156,0.99669623,0.9964034,0.9949949,0.99548674,0.9969653,0.99652416,0.997465,0.9952658,0.9959774,0.99657536,0.99693966,0.9965712,0.9971301,0.99733007,0.9958267,0.99663293,0.9966793,0.9974648,0.99611586,0.99662125,0.9950718,0.99693835,0.99635196,0.9968004,0.9971767,0.99636406,0.99685323,0.9965141,0.99688786,0.99696654,0.99668485,0.9973369,0.9971157,0.99646133,0.9968593,0.99716157,0.9970751,0.99724126,0.99657905,0.997217,0.99421227,0.99688333,0.9962449,0.99641085,0.9973832,0.99723065,0.997361,0.99653435,0.9964047,0.9965569,0.99732393,0.9967736,0.9974383,0.99698967,0.9957728,0.99674916,0.99744266,0.9965771,0.997421,0.9971848,0.9972247,0.9967065,0.9957275,0.9961329,0.9972036,0.9974973,0.99709,0.9950998,0.9959799,0.9964762,0.9973134,0.9965616,0.9965567,0.99635893,0.9913212,0.9969984,0.9980321,0.9970154,0.9962635,0.99675244,0.99641126,0.9959554,0.99707407,0.9971336,0.99677706,0.996941,0.99724764,0.9969978,0.9969876,0.9965841,0.9969662,0.9971618,0.9969273,0.9950053,0.9964754,0.99681807,0.9968585,0.9968875,0.9970192,0.9969693,0.996873,0.9967954,0.9970915,0.996884,0.9966688,0.9970479,0.9971778,0.9966805,0.99946743,0.9974473,0.99666536,0.9972253,0.9968716,0.99749905,0.9978679,0.99724036,0.9955734,0.9971484,0.99688196,0.99692667,0.99593556,0.99720937,0.99713445,0.9968674,0.9967719,0.99722487,0.9926074,0.996686,0.9968607,0.9973043,0.99649656,0.99653107,0.99758035,0.995893,0.99677885,0.9963953,0.99718964,0.9946176,0.99651444,0.99697596,0.99652565,0.99708414,0.9972818,0.99667877,0.99626666,0.9979882,0.9968527,0.9970346,0.9967514,0.99720573,0.997122,0.9965699,0.997618,0.9967676,0.99767673,0.9971974,0.99695295,0.99385643,0.9968957,0.99754584,0.9974283,0.99643266,0.99739677,0.9970161,0.9969355,0.9966648,0.99758,0.9970009,0.99761134,0.9968895,0.9967604,0.99702656,0.9959591,0.9968878,0.9969822,0.99707973,0.99735093,0.9970618,0.9952953,0.99673444,0.9969922,0.9973752,0.9971251,0.99759644,0.9971741,0.9972568,0.9980946,0.99670213,0.9970863,0.9972103,0.9969771,0.99752086,0.9971912,0.9970034,0.99559045,0.9941723,0.9962658
ipip234,0.996319,0.99681747,0.99660236,0.99629205,0.99687266,0.99642944,0.9963524,0.99645746,0.99691504,0.99623626,0.99607974,0.99681294,0.9959241,0.9960022,0.99746627,0.99625224,0.99640816,0.99594265,0.99656636,0.9962326,0.99647474,0.99677444,0.99691325,0.9969347,0.9971003,0.99610174,0.99608517,0.99652356,0.99591255,0.9963933,0.99628705,0.996579,0.99587965,0.9967569,0.9963346,0.9966998,0.996174,0.996365,0.99641174,0.9965719,0.99538696,0.9966746,0.9964094,0.99526954,0.99640125,0.99693817,0.9969966,0.9999985,0.9965839,0.9958542,0.99639463,0.9921277,0.9963278,0.9955451,0.99585813,0.9959243,0.9954815,0.9958112,0.995944,0.99684876,0.9966751,0.9968149,0.99663067,0.99729574,0.9972376,0.9978977,0.99647725,0.9973019,0.997086,0.9967289,0.9963137,0.99658126,0.99485886,0.9957401,0.9963308,0.9910956,0.99531335,0.9963003,0.99641335,0.99666256,0.9970495,0.99652725,0.99538684,0.9967305,0.9964798,0.996419,0.99604696,0.99600554,0.9963591,0.9967692,0.99594444,0.99633956,0.9962232,0.9942297,0.99491584,0.994955,0.99636674,0.9960935,0.9947016,0.9947028,0.99627274,0.99674374,0.9963368,0.9966762,0.9969302,0.9947748,0.9962355,0.9959627,0.99674815,0.99615014,0.9965664,0.99481964,0.99623615,0.9957792,0.9964568,0.9963662,0.99596155,0.996691,0.99626726,0.9963034,0.99649745,0.99603134,0.9967098,0.9964545,0.99606395,0.99618816,0.9961102,0.9965636,0.9965918,0.9957207,0.9967375,0.9935694,0.99585396,0.9954227,0.9962648,0.99656063,0.99646384,0.99680424,0.9963459,0.9962918,0.9963314,0.9967798,0.9967316,0.9967586,0.9965658,0.99517167,0.99657464,0.9970056,0.9952142,0.99669653,0.9967606,0.99654996,0.99583083,0.9955119,0.99612594,0.9963603,0.99651146,0.99591243,0.994451,0.9959577,0.9951315,0.996651,0.9960051,0.99606025,0.9962853,0.99013823,0.9963908,0.99702287,0.99622566,0.995511,0.99654615,0.9957237,0.9957588,0.9965592,0.9966176,0.99653536,0.9968306,0.99675626,0.9966571,0.99625665,0.99577713,0.99637914,0.9964432,0.99634993,0.994816,0.99585396,0.99629563,0.9962978,0.99636656,0.99580026,0.99642134,0.99647784,0.99646056,0.9965301,0.99648,0.9965196,0.99651486,0.9964684,0.9955773,0.9967741,0.9963778,0.9963939,0.99591255,0.99647295,0.996648,0.9967189,0.9965931,0.9947862,0.9962729,0.9954793,0.9962383,0.9956487,0.99663574,0.9964999,0.9960543,0.9955425,0.99656856,0.99247754,0.9965127,0.99645066,0.9968559,0.9956656,0.99611413,0.99674326,0.9951514,0.9964079,0.99606746,0.9966072,0.9933785,0.996179,0.996319,0.9959412,0.9971739,0.9978618,0.9964421,0.995267,0.99673223,0.9960453,0.99640435,0.99579316,0.99637115,0.99649954,0.996265,0.99643344,0.99626565,0.997093,0.99639773,0.99672353,0.99340326,0.9961354,0.9970407,0.9970927,0.9954333,0.99698603,0.9963569,0.9961301,0.9961799,0.9969944,0.995603,0.99713534,0.9965163,0.9955238,0.99641544,0.99477094,0.996047,0.9963517,0.9964675,0.99726653,0.9965041,0.9946965,0.99668425,0.99640846,0.99635226,0.9967958,0.99681854,0.99698085,0.9967493,0.99712026,0.9966847,0.99692166,0.9969561,0.9968799,0.9968554,0.99709535,0.9967,0.9951171,0.99295276,0.9955409
ipip264,0.99745536,0.9968527,0.9972131,0.9965471,0.9976945,0.9963004,0.99765617,0.9972441,0.9976871,0.9965183,0.99693376,0.99747336,0.9974388,0.9969127,0.99620366,0.9975549,0.99749,0.99695164,0.99787563,0.9975161,0.9975907,0.9973313,0.99772507,0.99762475,0.997066,0.9976184,0.99629873,0.99757624,0.9970184,0.99723333,0.9970182,0.99725085,0.9965953,0.9976031,0.9977394,0.997388,0.99783266,0.99803746,0.99740726,0.9976305,0.9963046,0.99785626,0.99708533,0.9972872,0.9966082,0.99815464,0.99785906,0.9965839,0.9999973,0.99683756,0.99704105,0.99229586,0.9978417,0.9968262,0.9955682,0.997012,0.9957889,0.9962907,0.9966714,0.9975728,0.9975887,0.99762475,0.9977128,0.99727017,0.99727505,0.9969167,0.9975267,0.9973805,0.99758595,0.99653196,0.9974616,0.9977021,0.9948727,0.9968146,0.99663514,0.9912964,0.996275,0.9974615,0.9969628,0.9973525,0.9971621,0.99765736,0.9963808,0.99765253,0.99750423,0.99772686,0.99749273,0.9966317,0.9960574,0.9976647,0.9969639,0.9975822,0.99718463,0.99511015,0.9949815,0.9959689,0.9976582,0.9966788,0.9950561,0.99500656,0.99705666,0.997504,0.9971876,0.9972451,0.9977231,0.9947738,0.997576,0.99637395,0.9975014,0.9973707,0.9978504,0.9956262,0.99717313,0.996708,0.9976435,0.9969865,0.9973,0.9977031,0.997479,0.99695307,0.9976624,0.99696124,0.9974662,0.99759036,0.9976946,0.99648374,0.9970144,0.99756753,0.9965531,0.9967199,0.99777734,0.9929656,0.99647176,0.99602646,0.9973137,0.9976385,0.9971392,0.9973809,0.99762684,0.9974854,0.9975876,0.9977531,0.99699694,0.99781793,0.9973749,0.9957445,0.99724585,0.9974894,0.99596786,0.99785125,0.9976475,0.997127,0.99606687,0.99502456,0.99717754,0.9971776,0.9973158,0.9969717,0.99503297,0.9970392,0.9959208,0.9981252,0.99740654,0.9963177,0.9975877,0.99088895,0.99769956,0.997128,0.9978243,0.9969317,0.9976698,0.99639577,0.9972992,0.9976205,0.9973101,0.99783474,0.9976886,0.9975749,0.99687105,0.9973646,0.99643993,0.9966517,0.99696755,0.99665385,0.9945594,0.99674195,0.99755305,0.99755186,0.9975392,0.9962878,0.997779,0.9975767,0.9975521,0.99730617,0.99752957,0.99784803,0.9976464,0.9978782,0.99630976,0.9974468,0.9975299,0.99756676,0.9965216,0.99764484,0.9975089,0.99758804,0.99774694,0.9940888,0.9966467,0.99647707,0.996931,0.99688745,0.99758625,0.99705744,0.9962494,0.99625057,0.9973767,0.9908092,0.9972798,0.997544,0.99774384,0.9968789,0.99737626,0.9971957,0.9957117,0.9977135,0.9974825,0.99760205,0.99288076,0.9962287,0.9973401,0.9971675,0.99743557,0.9975845,0.9977398,0.9961413,0.9975816,0.9972322,0.9975736,0.99656034,0.99788594,0.997243,0.9976154,0.9966308,0.99704206,0.9976039,0.9968114,0.99775624,0.9936959,0.99710894,0.9976932,0.9976429,0.99581033,0.9975828,0.9967801,0.99733853,0.9971995,0.99781376,0.99675435,0.99776256,0.9975996,0.9959091,0.9972045,0.9954191,0.9964416,0.99753904,0.99705833,0.99701154,0.9971285,0.9944181,0.9977185,0.99626714,0.9972159,0.9977299,0.99750704,0.99714255,0.99720746,0.9978508,0.9961774,0.9973959,0.9968077,0.9978751,0.99710685,0.9968514,0.9974513,0.9943018,0.9926983,0.9961581
ipip294,0.99602526,0.99600434,0.9959591,0.99574286,0.99650913,0.9958532,0.9961965,0.99629104,0.9966887,0.99580324,0.9960143,0.99678993,0.9967691,0.99671054,0.9960841,0.9966417,0.9970333,0.99624324,0.99700755,0.99678504,0.9976677,0.9965863,0.9969082,0.99672294,0.9964447,0.9965728,0.9958382,0.99763614,0.99674857,0.9968713,0.99653625,0.99652606,0.9956402,0.9966226,0.9963816,0.9965437,0.9964241,0.99648917,0.9967376,0.9965232,0.997899,0.99692386,0.99651915,0.9960793,0.9959862,0.99687016,0.99702233,0.9958542,0.99683756,0.9999999,0.9961303,0.9921195,0.9965426,0.9959771,0.9953183,0.99635464,0.99535316,0.9959645,0.99617434,0.99672604,0.99649185,0.996615,0.99677974,0.9965788,0.9966023,0.99656177,0.9964776,0.9964897,0.99667734,0.995938,0.9963316,0.996911,0.99504673,0.99605244,0.996327,0.9916172,0.996096,0.99681044,0.9963551,0.9965694,0.996691,0.9966217,0.99562305,0.9965316,0.996759,0.996541,0.99632585,0.9965076,0.9960654,0.9966495,0.9965888,0.9964879,0.99668056,0.99467295,0.9947305,0.9956121,0.99638385,0.9960264,0.99485475,0.99528414,0.9965077,0.9967015,0.99656737,0.9969147,0.99714607,0.99501294,0.9966969,0.9958314,0.9967745,0.9961262,0.996615,0.994887,0.9966178,0.99608755,0.99687386,0.9966447,0.9962869,0.99668056,0.9965376,0.9969575,0.9971532,0.9965126,0.9968134,0.996968,0.9966367,0.9963357,0.99654037,0.99694127,0.9962062,0.996451,0.99677956,0.9930235,0.996252,0.9959795,0.99626124,0.9970586,0.9969161,0.9967608,0.99659956,0.99637,0.9967238,0.9971448,0.99640846,0.99686,0.9971685,0.99576706,0.9968877,0.9966094,0.996355,0.9969323,0.9967851,0.99672717,0.9958655,0.99497044,0.9960527,0.9968285,0.9969639,0.9962353,0.99500275,0.9959122,0.99589914,0.9970204,0.9966129,0.99573237,0.99639106,0.9905513,0.9965082,0.996601,0.99670446,0.99616814,0.9963873,0.9960665,0.99599487,0.9968967,0.99664664,0.99656343,0.9963686,0.9964303,0.9959125,0.99664944,0.9962171,0.99614316,0.99643826,0.99626464,0.993975,0.99611145,0.9964995,0.99651897,0.99661,0.9959934,0.9967491,0.99649,0.99649185,0.99649066,0.99674034,0.9964291,0.99663526,0.9966772,0.9959893,0.99680954,0.9965631,0.99635684,0.99608195,0.9965458,0.99674684,0.99660224,0.9968521,0.9942392,0.99630654,0.9966691,0.99626577,0.9958099,0.9965244,0.9965271,0.9958276,0.996051,0.9967988,0.99107826,0.99641955,0.9967273,0.9968719,0.9960689,0.99636763,0.9967512,0.99536467,0.9965914,0.99626935,0.9969096,0.99301016,0.99618685,0.9965193,0.9964681,0.99654496,0.9966893,0.9965575,0.9956706,0.99662334,0.9961656,0.9965455,0.99634355,0.99685216,0.99656606,0.99639726,0.9961175,0.99654263,0.9967729,0.99594283,0.9965119,0.9930438,0.99621314,0.996839,0.99671286,0.9955127,0.9968336,0.99628466,0.9964369,0.9962734,0.9967071,0.9961736,0.99719685,0.9965708,0.99561685,0.99626505,0.994702,0.9958034,0.99663204,0.996419,0.99618065,0.996578,0.9942574,0.9964602,0.99588525,0.9966205,0.99662757,0.9968426,0.9964945,0.9963778,0.99670887,0.9957205,0.9963406,0.9961727,0.99652255,0.9962712,0.99614364,0.99655974,0.9939501,0.992653,0.9951969
ipip29,0.9972095,0.99673223,0.99702084,0.99635,0.9975513,0.996457,0.99741143,0.9968045,0.9976157,0.99638516,0.9964634,0.9971809,0.9963656,0.99611974,0.9960759,0.9966199,0.9970286,0.9967924,0.99731904,0.9969731,0.9972905,0.99725014,0.997613,0.9977324,0.99673796,0.997167,0.99671245,0.99719775,0.9965639,0.99686664,0.99689513,0.9970952,0.99659884,0.9970272,0.99721754,0.99705315,0.9970139,0.9972862,0.99702364,0.9972012,0.9959182,0.9969812,0.99672157,0.9958435,0.9960033,0.99746275,0.99690974,0.99639463,0.99704105,0.9961303,0.9999992,0.9942345,0.9973416,0.99676424,0.9956968,0.9968241,0.9958428,0.99615663,0.99654865,0.99743927,0.9968706,0.99671286,0.99704623,0.9969501,0.9968488,0.99650204,0.9970879,0.9973467,0.99715596,0.9965324,0.99701613,0.99707687,0.9943869,0.9962848,0.99588037,0.99062794,0.99562806,0.9968149,0.99699867,0.9973678,0.99693376,0.99703944,0.9955959,0.9972126,0.9970426,0.9970534,0.9967602,0.99595016,0.99581814,0.9971756,0.99644995,0.9970945,0.9964284,0.9944392,0.99423087,0.9946358,0.99706763,0.9964788,0.99469805,0.99443084,0.996268,0.99723566,0.9964127,0.9969603,0.9970144,0.9948791,0.9969072,0.9959977,0.9969855,0.9968202,0.99724454,0.9949399,0.9965665,0.9960294,0.99690735,0.9965399,0.9966578,0.99698526,0.99690306,0.99639255,0.9971061,0.9966116,0.997392,0.9971684,0.9971283,0.99642956,0.9968014,0.997309,0.9966441,0.9962691,0.9972734,0.99275625,0.99612147,0.9953416,0.9968937,0.9972341,0.99691135,0.99723476,0.9972559,0.99720144,0.99704653,0.9970592,0.9963449,0.99731225,0.9968155,0.99534416,0.99708277,0.997088,0.9952946,0.9971282,0.9973119,0.9970023,0.99542964,0.9945564,0.99680966,0.9967679,0.99677587,0.996626,0.9946364,0.996741,0.9954326,0.9974808,0.9966547,0.9962633,0.99715585,0.99056643,0.9971946,0.9967019,0.9972369,0.996158,0.9973728,0.9959818,0.9967534,0.9972346,0.99723786,0.99717444,0.9972611,0.9976361,0.9965402,0.99702144,0.9960339,0.9965951,0.9966698,0.9966569,0.9941537,0.99634165,0.99711704,0.9972135,0.99725205,0.99622595,0.9972077,0.9972368,0.9972114,0.99720687,0.9969929,0.9973075,0.9973253,0.9975534,0.99639326,0.9969502,0.9970853,0.99759334,0.99616736,0.99731797,0.99735653,0.9973533,0.9974232,0.99395555,0.996634,0.99579656,0.9968093,0.9962145,0.9973034,0.9969254,0.9963024,0.99589646,0.9967744,0.9905808,0.99654704,0.99694544,0.99733573,0.9963908,0.9967895,0.99673927,0.9952048,0.9972326,0.99702424,0.9971998,0.9930513,0.99601686,0.9970434,0.9968433,0.9970839,0.997476,0.99736017,0.9958685,0.9970342,0.9965792,0.99709773,0.99613404,0.9970937,0.9966841,0.9971161,0.99635017,0.99672997,0.99729615,0.996744,0.99732864,0.99342626,0.9967444,0.99742866,0.9974431,0.9955831,0.99742335,0.99644095,0.9968771,0.99707973,0.99760413,0.99583125,0.9973847,0.9973124,0.9958363,0.9967003,0.9949336,0.9964752,0.9968866,0.9966173,0.996839,0.99641496,0.99397576,0.99738914,0.99638164,0.9968581,0.9973142,0.99722946,0.9967169,0.99668795,0.9971514,0.9958827,0.99681616,0.99678797,0.99735063,0.9967475,0.996903,0.996911,0.9942357,0.9927495,0.9958527
ipip59,0.9896806,0.99428153,0.99122757,0.99391985,0.99191254,0.9923651,0.99034023,0.9929909,0.99300706,0.9943505,0.99281466,0.9909541,0.99323595,0.99323946,0.9929528,0.99154073,0.9920519,0.9940113,0.992053,0.9917079,0.99243873,0.99187475,0.9927102,0.99324,0.9924577,0.9922221,0.9950109,0.9925945,0.9919689,0.9925732,0.99096084,0.99217546,0.99103427,0.9910156,0.98991853,0.991317,0.99079895,0.9903925,0.99148446,0.9915016,0.99297,0.9919131,0.9934428,0.99085414,0.9955115,0.9920873,0.99384785,0.9921277,0.99229586,0.9921195,0.9942345,0.99999887,0.99196655,0.9942989,0.99443054,0.9942316,0.9913449,0.9943934,0.9942543,0.99291444,0.9902742,0.9916908,0.99082476,0.99214745,0.99166095,0.99263114,0.9906835,0.9912056,0.991625,0.9930172,0.9893387,0.99205065,0.99166465,0.9910627,0.9924148,0.99073774,0.9922119,0.9914032,0.9941002,0.9930186,0.9920554,0.99022114,0.9909286,0.98993766,0.9914514,0.9897013,0.99008083,0.9931486,0.9924142,0.99116415,0.9914765,0.9899879,0.9903296,0.99137455,0.9926889,0.99277234,0.98937905,0.99401224,0.991484,0.99313784,0.99200994,0.9907867,0.99109644,0.99188036,0.99157196,0.9934684,0.99077535,0.9920261,0.99211216,0.98933303,0.9901185,0.9898554,0.9920614,0.9912821,0.99027675,0.9927775,0.9900065,0.99069315,0.9901406,0.9920568,0.99091953,0.9920192,0.9927876,0.9919679,0.9908681,0.9925232,0.99390316,0.9921614,0.9937393,0.99205583,0.9909558,0.99209905,0.9933025,0.99354416,0.9902367,0.9925372,0.9925682,0.9926649,0.9900604,0.98983485,0.9894445,0.9922154,0.9926026,0.9926324,0.9912299,0.9932317,0.9905635,0.99138206,0.9935757,0.9916566,0.99130774,0.99204314,0.9926556,0.9918827,0.98913366,0.9923974,0.99268734,0.99223846,0.9911104,0.9889538,0.9935884,0.991735,0.9910652,0.9922233,0.98992825,0.9893029,0.99122024,0.992224,0.99181354,0.9916613,0.9900083,0.9922352,0.9891306,0.99165916,0.9919661,0.9909408,0.9914562,0.99277693,0.99282295,0.9923653,0.9930624,0.9935866,0.9930515,0.9935517,0.9930206,0.9921902,0.9911403,0.99114865,0.99136287,0.9935233,0.9910528,0.991216,0.99111915,0.9918464,0.99029666,0.9901391,0.9920292,0.9906752,0.9931917,0.99420685,0.99210006,0.99094355,0.99421895,0.9916391,0.99250156,0.99296606,0.9915166,0.99433917,0.99386483,0.9939864,0.99271584,0.9903477,0.9918249,0.992692,0.9943972,0.9930103,0.99219185,0.99213064,0.99193925,0.9913048,0.9913919,0.9915609,0.99166197,0.99333054,0.9924578,0.9907295,0.99004006,0.9927881,0.99479085,0.9913352,0.9924235,0.99142826,0.99112296,0.9916954,0.9910835,0.9931863,0.9914475,0.9920501,0.99151254,0.99301803,0.9919421,0.99295354,0.9905273,0.99294704,0.99232155,0.99237454,0.9930567,0.99014527,0.9928462,0.9926331,0.99209785,0.9919124,0.99343944,0.99200636,0.99334025,0.99226016,0.99287057,0.9925286,0.99326456,0.9923624,0.99133676,0.9944485,0.9928981,0.99368155,0.9946318,0.99172235,0.99282676,0.99234045,0.9923859,0.99285096,0.99029166,0.9935388,0.99234,0.9913624,0.99273366,0.99234295,0.9927841,0.99132764,0.99190307,0.9918248,0.99267226,0.99107456,0.99260885,0.9926936,0.9921317,0.99292344,0.9938497,0.99269956
ipip89,0.99795634,0.99689656,0.99739623,0.99658394,0.99807477,0.9964072,0.9981444,0.9973155,0.99791473,0.99660856,0.9968915,0.99772984,0.9973784,0.99677885,0.99616706,0.99764836,0.997692,0.996548,0.9978026,0.9975683,0.9978125,0.997407,0.998021,0.99777615,0.9967923,0.9975352,0.99654174,0.9976989,0.9969782,0.9975098,0.9972603,0.9977832,0.99669975,0.9972903,0.9979494,0.9977319,0.9975761,0.9978943,0.9973878,0.9975455,0.99657035,0.99768674,0.9969439,0.9963775,0.9961821,0.9978534,0.9971805,0.9963278,0.9978417,0.9965426,0.9973416,0.99196655,0.9999995,0.99649584,0.9957346,0.99713296,0.9962081,0.9960882,0.99693024,0.9977821,0.99774337,0.99740416,0.997929,0.997039,0.99714744,0.99690545,0.9976814,0.99758095,0.99749637,0.9964956,0.9979999,0.9977544,0.99496526,0.99750286,0.99675316,0.9909042,0.99591285,0.99720657,0.99716073,0.99769133,0.9973549,0.99767107,0.99606436,0.9975524,0.9973919,0.9978738,0.99731934,0.996423,0.9960455,0.99748456,0.9970258,0.9978642,0.9974521,0.99483967,0.99484724,0.9956307,0.9980022,0.9969799,0.9951055,0.9948833,0.99696285,0.9977142,0.99723005,0.99717575,0.99758387,0.99481344,0.9974815,0.99628764,0.99760276,0.99762946,0.9982375,0.99555874,0.99711776,0.9967649,0.99769217,0.9970236,0.9973682,0.99757284,0.9976962,0.9968967,0.9978224,0.9971121,0.9978636,0.9979271,0.99760747,0.99650943,0.99730986,0.99800915,0.9968535,0.99690944,0.99803627,0.9924448,0.9968562,0.99593437,0.99761873,0.9980953,0.9973288,0.9979071,0.9982056,0.99792343,0.99777937,0.9978857,0.9967892,0.9979355,0.9974861,0.9959029,0.9974046,0.9973176,0.9958558,0.9976747,0.9978086,0.9972616,0.9956005,0.9949727,0.9974827,0.99733406,0.9973086,0.99724543,0.9952555,0.9973678,0.99608296,0.99830943,0.9972091,0.9965166,0.9979755,0.99080616,0.9980214,0.99685305,0.9976469,0.99672085,0.99800324,0.996061,0.9973316,0.99736947,0.9975615,0.99790144,0.99769056,0.9976136,0.99687845,0.9974342,0.99611044,0.9967737,0.9968646,0.9969096,0.99438137,0.9970612,0.99761677,0.9976867,0.9976704,0.996174,0.99764526,0.9978074,0.9977026,0.9975509,0.997614,0.9979876,0.99769217,0.99808097,0.99617445,0.9971101,0.99743736,0.9978233,0.9964671,0.9977644,0.99763834,0.99713564,0.99802023,0.9936359,0.9968015,0.99615437,0.99729997,0.9965144,0.9976533,0.9973373,0.9964602,0.99597216,0.99735993,0.99008745,0.9970719,0.99730974,0.9979228,0.9969778,0.9975069,0.9970509,0.9957588,0.99783146,0.99778074,0.99772376,0.992598,0.99606943,0.997505,0.99766827,0.9977623,0.99775136,0.998023,0.99639016,0.99739885,0.9971821,0.99758285,0.99647045,0.99737215,0.99701494,0.9976712,0.9965404,0.99709,0.9976307,0.9972169,0.99807143,0.9934945,0.9972212,0.9979167,0.99791545,0.9958446,0.9978555,0.99694747,0.99724907,0.9972589,0.99798614,0.9963186,0.99777603,0.99782443,0.9959495,0.9970679,0.99534565,0.99634993,0.998372,0.9970931,0.9970487,0.99707144,0.9945199,0.9981913,0.99663967,0.9973364,0.9980002,0.997765,0.9974014,0.99733573,0.997544,0.99622655,0.997369,0.99718696,0.99822205,0.99724066,0.9971433,0.99777544,0.9944634,0.99274707,0.99643606
ipip119,0.9961126,0.9965635,0.99610555,0.99596703,0.9965081,0.9955335,0.99641854,0.9968964,0.99735826,0.99611294,0.9959128,0.99623626,0.9964097,0.99703956,0.9954395,0.9961892,0.9966992,0.99658626,0.9970282,0.9971412,0.99679846,0.9966006,0.9969026,0.99735683,0.99592453,0.99672264,0.9968906,0.9970678,0.99637383,0.99685055,0.99608725,0.9967059,0.9956261,0.99640095,0.996381,0.99617255,0.99656963,0.9965005,0.9966554,0.9966369,0.9961191,0.99665916,0.99617237,0.9957356,0.99613166,0.99642366,0.996538,0.9955451,0.9968262,0.9959771,0.99676424,0.9942989,0.99649584,0.9999992,0.9964802,0.9970778,0.9949897,0.9965301,0.99620366,0.99700224,0.99605453,0.9961955,0.99642485,0.99605554,0.99614394,0.99592704,0.9965591,0.99635667,0.99635017,0.99615806,0.9958261,0.99650514,0.9939661,0.9957007,0.99591476,0.9916593,0.9957622,0.9964283,0.9969532,0.9968395,0.9961606,0.99622893,0.9953431,0.99600524,0.9965472,0.99614465,0.99616086,0.9968126,0.9955048,0.9963033,0.9957899,0.99607134,0.995892,0.9945576,0.9944967,0.99511117,0.99582356,0.99618465,0.99442756,0.99472696,0.9961587,0.9960525,0.99594194,0.99615234,0.9966337,0.9950243,0.9965057,0.9952168,0.9967945,0.9959177,0.99649763,0.9945853,0.9961988,0.99586886,0.9964815,0.99620074,0.99600315,0.9964202,0.99621916,0.9962165,0.99651575,0.99645025,0.9969216,0.9968528,0.99633396,0.995966,0.9974344,0.9970409,0.99638814,0.99654114,0.9964022,0.99296665,0.9958871,0.9959466,0.99599767,0.9966416,0.9962215,0.9967731,0.99643064,0.99608713,0.9958808,0.996766,0.9964123,0.9970584,0.9961801,0.9958004,0.9960696,0.99627346,0.99558926,0.9968243,0.9964166,0.9962626,0.99551433,0.9946232,0.9957999,0.99620247,0.99638754,0.99593043,0.9947667,0.99578446,0.9956319,0.99675924,0.99614,0.9953293,0.99623865,0.99071765,0.9966903,0.9962151,0.9966939,0.9960766,0.996113,0.99543965,0.99569607,0.9964998,0.9964693,0.9964834,0.99700505,0.9969578,0.99674743,0.9972185,0.996652,0.9967376,0.99618703,0.99670655,0.9949659,0.996275,0.996892,0.99690676,0.99710745,0.99655616,0.9969371,0.99669075,0.9966309,0.9965075,0.9961306,0.99638855,0.99712235,0.9966351,0.9964159,0.99678946,0.99721813,0.9965424,0.9963472,0.99691045,0.99653184,0.99609095,0.9968764,0.9945935,0.99665886,0.99604034,0.99640614,0.99601054,0.9964721,0.99642336,0.99661434,0.99558246,0.9969528,0.9917309,0.99649215,0.9966554,0.99656826,0.9960972,0.996698,0.9967057,0.99521464,0.996367,0.996537,0.99742687,0.994344,0.99548376,0.99735945,0.996303,0.9963271,0.9964341,0.99664485,0.9959795,0.99641865,0.99626255,0.9965182,0.996124,0.99684685,0.9965424,0.9964832,0.9960922,0.99664795,0.9969408,0.99585086,0.99620754,0.9938442,0.9961511,0.99673885,0.9966801,0.9957744,0.99669576,0.9964381,0.997409,0.9981605,0.996657,0.99615115,0.99675715,0.99681884,0.99667776,0.9970193,0.996287,0.99668866,0.9962399,0.9962195,0.99603796,0.9960838,0.9939451,0.99639064,0.9958822,0.996356,0.996684,0.9965953,0.9963993,0.99634695,0.9962795,0.99575484,0.9963354,0.99595696,0.99659437,0.9965702,0.99593794,0.9967446,0.99393076,0.9931412,0.99523807
ipip149,0.9946197,0.9966131,0.9952626,0.99611336,0.9956126,0.99532807,0.99504936,0.99593204,0.99701315,0.99628603,0.995871,0.9953279,0.99572575,0.9964166,0.99613935,0.9950261,0.9956694,0.9962346,0.9957464,0.99583584,0.9957027,0.995494,0.9962921,0.99692225,0.9958666,0.9954914,0.9975295,0.99600357,0.9955434,0.9966453,0.99530476,0.9963904,0.9954213,0.9951695,0.99469167,0.99557143,0.99490815,0.9948714,0.9953344,0.9951935,0.99606174,0.996515,0.99613345,0.9948036,0.9968117,0.9955776,0.99645543,0.99585813,0.9955682,0.9953183,0.9956968,0.99443054,0.9957346,0.9964802,0.9999991,0.99652714,0.9945795,0.99689287,0.99609137,0.99681884,0.9946789,0.99535733,0.9949873,0.99601394,0.995447,0.9961957,0.9948946,0.99604833,0.9958057,0.9965005,0.9944837,0.99578476,0.99470234,0.99494076,0.99539775,0.99207765,0.99509877,0.9952482,0.9978577,0.9972258,0.99588275,0.99484605,0.994246,0.99461037,0.99523264,0.9944958,0.99441963,0.9961555,0.99555564,0.9952286,0.99498886,0.9945208,0.9947775,0.9937783,0.99466926,0.994731,0.99443966,0.9972799,0.9941033,0.99541354,0.9951287,0.9954779,0.9949905,0.99554163,0.99556535,0.9954109,0.9950647,0.99546635,0.99594086,0.9942784,0.9950244,0.9934834,0.9954638,0.99505126,0.9947423,0.99583286,0.99448884,0.99512285,0.9947092,0.9955019,0.9951693,0.9954236,0.9963088,0.9956351,0.99480236,0.9961451,0.9965638,0.99624413,0.99892455,0.99564743,0.99550587,0.9939996,0.9960529,0.99616337,0.9947743,0.99630225,0.99647295,0.9968955,0.9950479,0.9946418,0.99436796,0.99594134,0.996278,0.9963141,0.9952331,0.995567,0.99517286,0.9956014,0.99693704,0.99563,0.99586195,0.99605614,0.995432,0.9948138,0.9940209,0.9958728,0.99617577,0.9955349,0.9940752,0.9939439,0.9957689,0.9957149,0.99476767,0.9958485,0.99472433,0.99132633,0.99565744,0.9960818,0.9952697,0.9947053,0.9948314,0.9952774,0.99384135,0.99578756,0.9966469,0.99542063,0.99550396,0.99570566,0.9962132,0.99560523,0.9959758,0.9974478,0.9961133,0.99730366,0.99567103,0.99527836,0.99502283,0.99516857,0.99525344,0.9961938,0.995094,0.995585,0.99543923,0.9965429,0.9949845,0.9951256,0.99542326,0.9951641,0.9958068,0.99662095,0.9954536,0.99487644,0.99592924,0.9955304,0.995896,0.9963283,0.99577427,0.995506,0.9966368,0.9964956,0.99642783,0.9943068,0.9965444,0.9963772,0.99764633,0.9955892,0.9956386,0.99326646,0.99537915,0.99523723,0.99572474,0.99525833,0.99516815,0.99644995,0.99528867,0.9952305,0.994501,0.99602836,0.9950241,0.99555945,0.9957478,0.99498653,0.9957189,0.9958231,0.9948553,0.9954554,0.9953792,0.99538267,0.9954711,0.99584836,0.9955575,0.99587774,0.9949976,0.99678713,0.99595416,0.9961524,0.99595255,0.99514186,0.9940124,0.9957131,0.996758,0.99672264,0.99652463,0.99662817,0.9968761,0.99525577,0.99613476,0.9963651,0.99574345,0.99604815,0.9956529,0.9972638,0.9960596,0.9951049,0.9970142,0.99566966,0.9961566,0.99695945,0.99600506,0.9949648,0.99516964,0.99715674,0.99597067,0.9958696,0.99643075,0.9960859,0.9961293,0.995503,0.9956278,0.99575204,0.9982262,0.9958732,0.99623644,0.99822617,0.9961665,0.99509144,0.9940209,0.99500906
ipip179,0.9960993,0.99699014,0.9963527,0.99688995,0.99685043,0.99589676,0.9968026,0.9970726,0.9976733,0.9970834,0.99654424,0.99674207,0.99735594,0.99659854,0.99630344,0.9964987,0.996903,0.99662006,0.9969799,0.99670386,0.9970899,0.99617654,0.99730504,0.9970525,0.99647176,0.99682915,0.9972054,0.9973665,0.99671406,0.9970698,0.9965322,0.99746174,0.9964014,0.99676985,0.9962823,0.9969632,0.9967023,0.9965443,0.9966269,0.99676013,0.99698603,0.9971394,0.99707,0.99619085,0.99680644,0.99696743,0.99731135,0.9959243,0.997012,0.99635464,0.9968241,0.9942316,0.99713296,0.9970778,0.99652714,0.9999989,0.99539644,0.9973934,0.997011,0.99815595,0.9961163,0.9964592,0.99667615,0.99641657,0.9965377,0.99663615,0.9965005,0.9967172,0.99666244,0.9965457,0.99619466,0.99753743,0.995057,0.9965528,0.9965814,0.99300855,0.99615663,0.9966079,0.9978235,0.9972781,0.9968816,0.9963901,0.99556315,0.9960797,0.9966667,0.99627596,0.9961817,0.996649,0.9960288,0.9964231,0.9964352,0.9961793,0.99610645,0.9949787,0.99500936,0.99580806,0.9959502,0.9971207,0.9950323,0.995751,0.9965808,0.99642116,0.99639153,0.9965283,0.9966849,0.99627393,0.9966048,0.9960828,0.9971975,0.9960069,0.99668646,0.9946757,0.9968502,0.99643487,0.9967567,0.9972939,0.996245,0.99669623,0.9963635,0.99709654,0.99692327,0.9970154,0.99747795,0.99714595,0.99634486,0.9968912,0.99799657,0.99746734,0.99707097,0.996742,0.9970088,0.99418116,0.99674577,0.9959273,0.99633014,0.997651,0.9968222,0.9977886,0.99671346,0.9961495,0.9959766,0.99727964,0.9966625,0.99706227,0.99640256,0.996028,0.9964586,0.9965864,0.9971433,0.99698657,0.9967932,0.9967485,0.9961349,0.99510473,0.9959276,0.9975585,0.9974712,0.997187,0.9952169,0.9957707,0.99667984,0.99745506,0.99668604,0.99608046,0.9960783,0.9919328,0.9974481,0.99667627,0.99683326,0.99626595,0.9963305,0.9960324,0.9956559,0.99661696,0.9970481,0.9971076,0.99676216,0.99674654,0.9969558,0.9973143,0.9965834,0.9973184,0.99701595,0.99719447,0.995174,0.996817,0.99698323,0.99702173,0.9971481,0.9970225,0.9968882,0.9971455,0.9970883,0.99702656,0.99646515,0.99670416,0.99731463,0.9968764,0.9968496,0.9976141,0.9971542,0.9964027,0.9969407,0.9971548,0.9969686,0.9967111,0.9972199,0.99538594,0.99755996,0.99689996,0.9971838,0.9959174,0.99690664,0.9969966,0.9973698,0.9960857,0.99750954,0.99304116,0.9967382,0.9968509,0.99713516,0.9968563,0.9970771,0.99701816,0.9959104,0.996761,0.99647313,0.9972986,0.995083,0.99593717,0.9972445,0.9964665,0.9966135,0.99671596,0.9966882,0.99653554,0.99666584,0.9969527,0.99716455,0.9970813,0.9969133,0.9969028,0.99689764,0.9968425,0.9971635,0.99722296,0.99650306,0.99661356,0.9946421,0.99689126,0.9975624,0.9974838,0.99702567,0.9975292,0.9974707,0.99690014,0.9968861,0.9970059,0.9964342,0.99727035,0.9972798,0.99701095,0.99731624,0.99647737,0.9977368,0.9972791,0.99725854,0.9965973,0.9972647,0.99590033,0.99685204,0.99732125,0.9970549,0.9974518,0.99750626,0.9972124,0.99734616,0.9966844,0.9961238,0.99683714,0.99689525,0.99717647,0.99724215,0.9967744,0.99763083,0.99493605,0.9944783,0.9962815
ipip209,0.99578184,0.995951,0.9958688,0.9957764,0.9970776,0.99599916,0.99583554,0.99577,0.99611664,0.99584734,0.9954834,0.9961601,0.99559647,0.9955945,0.9953392,0.9957199,0.9958974,0.99529,0.99596995,0.995699,0.99583554,0.9959544,0.9960683,0.99609643,0.9961696,0.99587727,0.9951574,0.99574375,0.99572647,0.99595124,0.9957189,0.9957212,0.99502933,0.9961797,0.9956645,0.9961852,0.9956952,0.9958247,0.99646705,0.99621195,0.9949272,0.99577546,0.9955272,0.9950666,0.9955883,0.9962418,0.9960226,0.9954815,0.9957889,0.99535316,0.9958428,0.9913449,0.9962081,0.9949897,0.9945795,0.99539644,1.0000004,0.9951126,0.9958953,0.99605733,0.99544555,0.9957518,0.9955687,0.9961878,0.9957565,0.99579465,0.99575186,0.99595475,0.99589705,0.99559754,0.9958652,0.9958033,0.9942159,0.995523,0.99556667,0.99018174,0.9946977,0.99564534,0.99551284,0.99593544,0.99585736,0.99599725,0.99459547,0.99605036,0.99614066,0.99583244,0.9956257,0.9949651,0.9952271,0.9958952,0.9958689,0.9956045,0.9956101,0.9937519,0.9937152,0.99401826,0.9958649,0.995055,0.9938254,0.9938036,0.99512,0.99585944,0.9953659,0.9958432,0.9960284,0.99367106,0.9955269,0.994996,0.9955823,0.99535507,0.9960031,0.9941621,0.9959295,0.9953364,0.9957267,0.9959286,0.995327,0.99584174,0.9959105,0.9951476,0.9956274,0.99515146,0.99590725,0.99572057,0.99555236,0.9953192,0.99522173,0.996047,0.9954368,0.9951239,0.995897,0.9914576,0.99509454,0.99443305,0.99563295,0.9961256,0.99595356,0.995823,0.9958239,0.99577665,0.9957785,0.99587345,0.9954968,0.9960759,0.99576646,0.9945468,0.9960251,0.99591357,0.9945416,0.99607384,0.99578065,0.99569815,0.99439377,0.9934814,0.9954339,0.99579716,0.9957442,0.99540156,0.99419343,0.9952502,0.9944796,0.9961685,0.995573,0.99531513,0.9958976,0.9902962,0.99572885,0.99552417,0.99582833,0.9952445,0.99592996,0.9955756,0.9952835,0.9956896,0.99594367,0.9956748,0.9959142,0.99625266,0.99554014,0.99534786,0.9949,0.9954582,0.9950761,0.99552006,0.9937117,0.9949359,0.9957117,0.9956016,0.9957115,0.99488133,0.99584454,0.9956415,0.99568415,0.99586725,0.99593747,0.9957291,0.99576503,0.99592173,0.99490255,0.99590385,0.9956759,0.9956811,0.9950357,0.9957959,0.99588066,0.99556535,0.9959899,0.9934378,0.9951851,0.9949312,0.99560505,0.9949475,0.9959165,0.99547476,0.9947007,0.9949544,0.995639,0.9900315,0.9955517,0.9958468,0.9960782,0.9951465,0.9954589,0.99565923,0.994412,0.9958362,0.99547315,0.9957237,0.9919382,0.9950569,0.99546707,0.99552906,0.99578774,0.996186,0.99571437,0.99448895,0.9960816,0.9955892,0.9958191,0.9950611,0.99585754,0.99530184,0.99566936,0.9955283,0.9954163,0.99615186,0.9966146,0.9958449,0.99276805,0.9954459,0.9962255,0.996109,0.9944298,0.9959773,0.99514234,0.995511,0.99559635,0.99615794,0.9948438,0.9962053,0.99578977,0.9948033,0.9954539,0.9939543,0.9951424,0.99585074,0.9953136,0.9955785,0.9954218,0.99344146,0.99593264,0.99544275,0.9958024,0.99596506,0.9960848,0.99543643,0.99535394,0.99593776,0.9948856,0.9957319,0.9959089,0.99598,0.995629,0.9956551,0.9955764,0.9947483,0.9923145,0.99558544
ipip239,0.9949766,0.99640745,0.9954902,0.99612206,0.996058,0.99572766,0.99547845,0.9963637,0.99691105,0.99634963,0.99627775,0.9960654,0.9966588,0.996354,0.99638176,0.9958877,0.996153,0.9965507,0.99627924,0.9960251,0.9961898,0.99610806,0.9966068,0.9967817,0.99585736,0.9961256,0.9969327,0.9963823,0.9962531,0.99694276,0.99547154,0.99669415,0.99593335,0.9955986,0.9951821,0.9958718,0.9957594,0.9953753,0.99594975,0.9958649,0.99647474,0.9969396,0.9962002,0.9957311,0.996463,0.9962464,0.99661016,0.9958112,0.9962907,0.9959645,0.99615663,0.9943934,0.9960882,0.9965301,0.99689287,0.9973934,0.9951126,1.0000001,0.99641454,0.9968808,0.9953719,0.99578893,0.9957824,0.9958839,0.9958299,0.99643254,0.9955702,0.9961338,0.99609786,0.9967293,0.9950477,0.9967586,0.9948137,0.9954881,0.9962816,0.9932005,0.9957948,0.9959901,0.99722344,0.99685353,0.9969976,0.99551386,0.99520284,0.99532014,0.9962322,0.99529153,0.9953003,0.99631673,0.99599785,0.99575436,0.99596167,0.9952634,0.99546164,0.99462235,0.99523383,0.9952161,0.99488056,0.9967921,0.99492484,0.99600166,0.99610114,0.99560875,0.9958495,0.9961172,0.9962823,0.99622416,0.9959526,0.9958684,0.9964942,0.9951276,0.9959387,0.99436396,0.9961666,0.9962453,0.9956423,0.9967803,0.99531484,0.9957888,0.9959035,0.9963322,0.99576235,0.9958695,0.9964601,0.99611765,0.9953892,0.9961188,0.9970595,0.9969702,0.9970901,0.9958442,0.995797,0.99430484,0.99616873,0.99617696,0.99512655,0.99673223,0.9963753,0.99698573,0.9957884,0.9951954,0.9950516,0.99689,0.99630743,0.9964617,0.9958307,0.99596685,0.995774,0.99601924,0.997476,0.9963353,0.9959568,0.9962052,0.99605805,0.9950443,0.99482226,0.996746,0.99688935,0.9959534,0.9947156,0.99459594,0.99599695,0.99638826,0.9956624,0.99584043,0.9951886,0.99171436,0.99610865,0.9961317,0.99594593,0.99573284,0.99526554,0.9962098,0.994677,0.9958072,0.99622643,0.9962707,0.99660504,0.9964915,0.99651,0.9965816,0.9968282,0.9970817,0.9964134,0.9969653,0.99630654,0.99591064,0.9959317,0.99596024,0.99611807,0.99630946,0.9959831,0.9963096,0.99623376,0.9962286,0.9956033,0.9959255,0.9963383,0.9957375,0.9961608,0.99685866,0.9961692,0.9955369,0.9963597,0.9963909,0.9961749,0.9960521,0.99609923,0.9958357,0.99713653,0.9971644,0.99647737,0.99521244,0.9961989,0.9961171,0.99705017,0.99573946,0.99686784,0.99376404,0.9962442,0.9962453,0.99631745,0.9963359,0.9961985,0.9968842,0.99611074,0.99605536,0.9955406,0.9968329,0.9956161,0.99576104,0.9966167,0.9956142,0.9958216,0.99627507,0.99579144,0.9957677,0.99589896,0.99595165,0.9964546,0.9969451,0.99651235,0.9972057,0.9961829,0.9967128,0.99693406,0.9966675,0.9963931,0.99548143,0.9942526,0.9962006,0.99681896,0.9967152,0.99676013,0.99674755,0.9969461,0.9961394,0.99614483,0.9962698,0.9964189,0.9971607,0.9963933,0.99696654,0.99715406,0.99593216,0.99706584,0.9961528,0.99666435,0.99608463,0.9966248,0.9954513,0.99570346,0.99730635,0.9960043,0.99624956,0.996503,0.99655426,0.9966191,0.9957879,0.9957699,0.9969548,0.9967603,0.9965704,0.9965421,0.9966936,0.99689496,0.9950388,0.9946752,0.995562
ipip269,0.99598515,0.99737966,0.99637306,0.9975182,0.99706626,0.9965484,0.99630094,0.9966144,0.9970036,0.9976265,0.99651736,0.99641937,0.9966801,0.99662393,0.9962538,0.9963779,0.9967096,0.9965288,0.99668276,0.99645936,0.99693817,0.9964472,0.99697363,0.9969799,0.9962839,0.99626434,0.9964541,0.9969097,0.99633765,0.9967214,0.9958623,0.9965468,0.9955291,0.9960635,0.995908,0.9963112,0.9961636,0.99609166,0.99631643,0.99626863,0.9959238,0.9964478,0.9967917,0.9956794,0.9972387,0.9968933,0.9969296,0.995944,0.9966714,0.99617434,0.99654865,0.9942543,0.99693024,0.99620366,0.99609137,0.997011,0.9958953,0.99641454,0.9999993,0.9969853,0.99599504,0.9962481,0.9964557,0.99651545,0.9962052,0.99678683,0.9960549,0.99640363,0.99642503,0.9963465,0.99567187,0.99678665,0.99534684,0.99573904,0.9963805,0.99246097,0.99562997,0.9963785,0.9969136,0.9966726,0.9965844,0.9961096,0.99552786,0.99592555,0.9963051,0.9959271,0.9956939,0.9965194,0.99577796,0.99621034,0.9962527,0.99603164,0.99601847,0.9947767,0.99507535,0.99568576,0.9958533,0.9966782,0.9950525,0.99521154,0.9964651,0.9963454,0.9963217,0.99646527,0.99671906,0.9954449,0.996088,0.99624455,0.9966251,0.9956987,0.9961929,0.9944446,0.9965665,0.99613243,0.99606276,0.99668616,0.9958936,0.99618405,0.9960899,0.99631315,0.9963351,0.99613434,0.9968822,0.99661887,0.9962432,0.99607533,0.9967497,0.99675965,0.99658304,0.9962616,0.99635917,0.99328595,0.99625313,0.9960595,0.99581933,0.9974175,0.9972121,0.9968127,0.996136,0.996003,0.9960616,0.9970462,0.9966026,0.9971296,0.99667805,0.9962195,0.9960586,0.9962815,0.9960594,0.9966326,0.99643254,0.9964713,0.9957743,0.995285,0.9954419,0.996793,0.99681616,0.9963537,0.99560136,0.99526703,0.99587744,0.9968717,0.99608445,0.99625856,0.99604356,0.9920437,0.99626124,0.9962113,0.996397,0.9959114,0.99603045,0.9955769,0.99528223,0.9963481,0.99635595,0.99640596,0.99638504,0.99678594,0.99626356,0.99638486,0.99593663,0.9964128,0.99653023,0.99636847,0.99484533,0.9962298,0.99609226,0.9960714,0.9961675,0.99581325,0.9962252,0.9962634,0.9962583,0.9962278,0.9960733,0.99612564,0.99647325,0.99619913,0.99582547,0.99682,0.9963086,0.9961444,0.9967075,0.99645686,0.99679756,0.99654114,0.99638206,0.99517304,0.99673444,0.9964893,0.9965662,0.9953249,0.99640656,0.996541,0.99633765,0.99669456,0.9965785,0.9920971,0.99627143,0.9962964,0.9965661,0.99613595,0.996337,0.9968575,0.9958388,0.9964565,0.99583316,0.99663025,0.9947522,0.99570596,0.996239,0.99617517,0.99651843,0.99680793,0.99646866,0.995805,0.99622524,0.9962834,0.99638534,0.9964083,0.99649656,0.9966081,0.9961431,0.99619704,0.99643034,0.9967833,0.99687284,0.9961073,0.99399644,0.99625677,0.9966662,0.99653107,0.99584436,0.99663794,0.9964349,0.9961546,0.99643016,0.99684185,0.99618113,0.997118,0.9963795,0.9960398,0.9964019,0.9952283,0.9968422,0.9966076,0.9966243,0.99640816,0.9965827,0.9954179,0.9960835,0.9963303,0.9964536,0.9964887,0.99689263,0.99656796,0.9966324,0.99626935,0.9959188,0.9964541,0.9964256,0.9964839,0.9964727,0.9963981,0.99655306,0.995495,0.99452376,0.99702513
ipip299,0.99763304,0.9970299,0.9974359,0.99690473,0.9977463,0.9968872,0.99811405,0.99727154,0.9982853,0.9969775,0.9973047,0.9977446,0.99721056,0.9969508,0.99691844,0.9975663,0.99790984,0.9966753,0.99782753,0.99762565,0.9978552,0.9972301,0.9980997,0.9979958,0.99741286,0.99777216,0.99682754,0.9980735,0.99733055,0.99783635,0.99767476,0.9988966,0.99752855,0.9978281,0.9977189,0.9979288,0.99779886,0.9979836,0.99777335,0.9976953,0.99696237,0.9979781,0.9973451,0.99668384,0.99675333,0.9978895,0.9974978,0.99684876,0.9975728,0.99672604,0.99743927,0.99291444,0.9977821,0.99700224,0.99681884,0.99815595,0.99605733,0.9968808,0.9969853,0.99999917,0.997523,0.9973844,0.997716,0.9975243,0.9973898,0.99751645,0.99772996,0.9982965,0.99790096,0.9972249,0.9977404,0.997824,0.9953314,0.9971107,0.9965717,0.99198484,0.99636966,0.99753445,0.9981239,0.9981251,0.99744433,0.9977362,0.99626386,0.9976299,0.9974277,0.99782014,0.99755424,0.9970211,0.99639213,0.9975527,0.9970409,0.9977405,0.99732494,0.99483114,0.995093,0.9955983,0.9977116,0.9974901,0.9957616,0.9954934,0.99712497,0.9978937,0.99726033,0.99766904,0.9976048,0.9961754,0.9977507,0.9968747,0.9981295,0.997523,0.9981229,0.99546784,0.9972087,0.99692136,0.99786985,0.9971992,0.9973821,0.9979141,0.99763066,0.9973408,0.9978597,0.99724066,0.9981884,0.9977835,0.9975833,0.9974579,0.99784106,0.9980429,0.9977279,0.9972121,0.9980815,0.9932496,0.9967027,0.9958498,0.9975417,0.9980752,0.99774647,0.9984244,0.99807024,0.9976849,0.9977125,0.99790925,0.99756956,0.9977942,0.99749124,0.9961091,0.9977241,0.9978632,0.9967555,0.9977334,0.9980938,0.99771225,0.99606085,0.9958403,0.9974524,0.9977275,0.9976773,0.9972271,0.9953888,0.9974135,0.99612486,0.9982382,0.99738663,0.9969148,0.9977138,0.99154526,0.9982233,0.9974945,0.9975463,0.9967271,0.99793,0.9963969,0.99725306,0.99766606,0.99815285,0.99796426,0.99781406,0.9977357,0.9975583,0.99782354,0.99673057,0.9977529,0.9972426,0.99761987,0.9952339,0.9969471,0.9979138,0.9980347,0.9980462,0.9970219,0.9979804,0.99818677,0.99812484,0.9982039,0.99786305,0.9980703,0.99801,0.99829084,0.9969936,0.99771047,0.9976841,0.9979802,0.9968964,0.99807614,0.99792665,0.99769646,0.9983007,0.99490434,0.9976699,0.99668396,0.99779695,0.99700737,0.99822235,0.9976488,0.9973192,0.99693865,0.9978006,0.9920125,0.9973611,0.99767035,0.99814594,0.99719584,0.9977463,0.99766946,0.99640334,0.99802816,0.99775374,0.99783295,0.9943856,0.99779785,0.9976918,0.99746656,0.99827814,0.99813044,0.99789524,0.9965301,0.9975638,0.9971711,0.9977348,0.99682295,0.99736875,0.9970625,0.9977764,0.997651,0.9975843,0.99820215,0.99671185,0.99797976,0.99398655,0.9970208,0.99854225,0.998506,0.9967143,0.99854076,0.99756753,0.99719584,0.9974688,0.9978641,0.9962918,0.99797016,0.998124,0.99674505,0.99745727,0.99572533,0.99760056,0.99776477,0.99733615,0.99736935,0.9973815,0.9950284,0.99827135,0.997618,0.9975151,0.9983271,0.9979303,0.9975625,0.9975214,0.99782836,0.9972101,0.99743325,0.99776214,0.99802256,0.99779636,0.997692,0.998022,0.99484235,0.9931217,0.99632925
ipip5,0.99828357,0.9962292,0.99755967,0.99588126,0.99758667,0.99639004,0.9982362,0.9967005,0.9975829,0.99573946,0.99650764,0.9980526,0.99654347,0.9964621,0.9958949,0.9976853,0.9978098,0.99604404,0.9979449,0.99777806,0.9978904,0.99749345,0.99773484,0.99763477,0.9968201,0.99746096,0.99529415,0.99781203,0.99698937,0.997331,0.997726,0.9973684,0.99670196,0.9976817,0.99833506,0.9974446,0.99795276,0.99839693,0.99784,0.99754775,0.9956497,0.99742746,0.99655545,0.9962005,0.99531436,0.99774295,0.9964762,0.9966751,0.9975887,0.99649185,0.9968706,0.9902742,0.99774337,0.99605453,0.9946789,0.9961163,0.99544555,0.9953719,0.99599504,0.997523,0.9999983,0.9980612,0.99915576,0.9972286,0.99765724,0.9974039,0.9982397,0.99800503,0.9977915,0.99628067,0.9982965,0.9977133,0.9945617,0.9968426,0.9968897,0.9906398,0.9961424,0.9977552,0.9965027,0.9972791,0.9974182,0.9983647,0.9969207,0.9983235,0.9975028,0.9985875,0.99810785,0.9969343,0.99625003,0.997899,0.997283,0.9986506,0.998126,0.99525833,0.99498534,0.9950762,0.9984199,0.9964272,0.99572724,0.9945403,0.99816245,0.9982499,0.9985437,0.99784535,0.99841815,0.9943816,0.99807537,0.9964459,0.998292,0.99838144,0.99867177,0.99568,0.99714583,0.9969865,0.99835426,0.99666524,0.99802667,0.9984034,0.9982631,0.99706197,0.99828446,0.99720687,0.9977479,0.9980795,0.9979398,0.9965021,0.99669135,0.99779415,0.99622816,0.99675024,0.9980617,0.9917818,0.9959082,0.9955388,0.9978016,0.99767387,0.9971544,0.9974548,0.9984076,0.99824536,0.9985848,0.99798393,0.99707663,0.9976684,0.9979836,0.99521923,0.99794847,0.99775606,0.9946428,0.9976912,0.9983536,0.9974945,0.995885,0.9954447,0.9983522,0.9971162,0.9970913,0.9965916,0.99520373,0.99827296,0.9948564,0.99826354,0.997651,0.99643713,0.99834824,0.98976475,0.99783355,0.99719197,0.9976503,0.9967996,0.998376,0.99581516,0.99804264,0.9977616,0.9976842,0.99807537,0.997981,0.99746585,0.99664646,0.9976619,0.99616075,0.9964611,0.996993,0.9966056,0.9939472,0.99705565,0.9980432,0.9980714,0.998095,0.99594307,0.9981173,0.99804235,0.99803305,0.9976918,0.99813616,0.9984589,0.9979446,0.9983808,0.9960668,0.996358,0.9975325,0.9982926,0.9957494,0.99802923,0.99770314,0.9973116,0.9982538,0.99333733,0.99629146,0.9952556,0.9970126,0.9970295,0.99780595,0.9973062,0.99570924,0.99584,0.997541,0.98976386,0.99780756,0.99791837,0.99796945,0.9968955,0.9976115,0.9970453,0.9955159,0.99821216,0.9982647,0.9979172,0.9918768,0.9962343,0.997514,0.9976284,0.99831814,0.9980333,0.99858004,0.99585664,0.9974447,0.9967526,0.9974969,0.9960094,0.99753886,0.99706274,0.99805766,0.99615836,0.99715674,0.99776596,0.9959103,0.9983173,0.99232835,0.99641997,0.9978845,0.99786276,0.995143,0.9979319,0.99647063,0.99742204,0.9972019,0.9977578,0.9957877,0.9978764,0.9980493,0.9951041,0.9968167,0.99449986,0.99556845,0.9975889,0.99677813,0.9969399,0.9971413,0.9935604,0.99851876,0.995726,0.9971245,0.99810696,0.9974246,0.99740404,0.9969986,0.99775517,0.99650615,0.9973399,0.9967381,0.9980832,0.9969867,0.99674875,0.9977162,0.993075,0.99099606,0.9958193
ipip35,0.9973826,0.99646646,0.9973984,0.99600756,0.9973605,0.99642515,0.9973879,0.9966082,0.99737436,0.99600434,0.99665284,0.99758714,0.99694484,0.9966772,0.9963812,0.9973867,0.99728405,0.99620944,0.9975638,0.99716103,0.9974552,0.9970928,0.99767333,0.99736065,0.99711233,0.9971664,0.995921,0.9974205,0.99684995,0.9971053,0.9973221,0.9971433,0.9964828,0.99740976,0.9973764,0.9972325,0.9972685,0.997478,0.99734133,0.9973114,0.9960514,0.99725026,0.9970336,0.9962739,0.9963505,0.99773,0.9972415,0.9968149,0.99762475,0.996615,0.99671286,0.9916908,0.99740416,0.9961955,0.99535733,0.9964592,0.9957518,0.99578893,0.9962481,0.9973844,0.9980612,0.9999984,0.99801064,0.99731994,0.99744004,0.99749726,0.9974872,0.9976239,0.9975637,0.99631774,0.99749666,0.99750316,0.9949215,0.99673015,0.99707663,0.9911407,0.9962111,0.9972876,0.9966234,0.99715054,0.99720186,0.997549,0.99642956,0.99754614,0.9972465,0.997546,0.9971807,0.9967171,0.9967237,0.9972521,0.9969732,0.9979798,0.9973835,0.995381,0.996203,0.9957369,0.9974995,0.996819,0.9961285,0.995378,0.997259,0.99760973,0.9974908,0.9976861,0.99784034,0.99501836,0.99744946,0.9964265,0.99758506,0.99723303,0.9977409,0.9955294,0.9973158,0.9968129,0.9975613,0.99696493,0.997362,0.99781376,0.9975525,0.9967284,0.9977226,0.9970113,0.9975743,0.9978345,0.9972318,0.9966726,0.99676645,0.99735457,0.99664736,0.9965694,0.9974932,0.9927772,0.9963538,0.9967737,0.9970293,0.9975071,0.9970695,0.9973226,0.9975153,0.99731195,0.997652,0.9978107,0.9970568,0.99750996,0.9975081,0.99555767,0.9974993,0.99748456,0.99548507,0.99735254,0.99777734,0.99738276,0.9968664,0.99580944,0.9972943,0.99716747,0.9972521,0.9967893,0.9952521,0.9971731,0.99552935,0.9978908,0.9972293,0.99643487,0.99743295,0.9905837,0.99734473,0.9971805,0.997227,0.9966654,0.9976991,0.9960651,0.9969944,0.9974311,0.9973114,0.99750906,0.9974456,0.9972078,0.9967542,0.99729174,0.99637043,0.99661344,0.9971681,0.99665165,0.99457747,0.99705034,0.9973449,0.99737775,0.9974494,0.9963592,0.99745405,0.99741465,0.997405,0.9973411,0.9975263,0.9976178,0.99739033,0.9976821,0.99625826,0.9969723,0.9971169,0.9974265,0.99638224,0.99744254,0.997575,0.9973684,0.9977008,0.9943739,0.9966223,0.99579763,0.9969268,0.996603,0.99747384,0.9974951,0.9960676,0.9962031,0.997321,0.99171364,0.99763995,0.9973906,0.99775344,0.9968438,0.9970829,0.99715686,0.99602884,0.9975713,0.9973694,0.99744225,0.99321604,0.99634755,0.9970905,0.99712294,0.99776477,0.9978852,0.99771005,0.99613476,0.9973764,0.99668014,0.99738896,0.9963401,0.9975211,0.9970353,0.9974269,0.99667865,0.9970011,0.99752396,0.99646115,0.997764,0.9933822,0.9966678,0.9978379,0.9977434,0.9957882,0.99770826,0.9967446,0.99714833,0.9968061,0.99768305,0.99637645,0.9976756,0.99747515,0.99578744,0.9967668,0.99489063,0.9959806,0.9973655,0.9968679,0.99728453,0.99721164,0.9949073,0.99763757,0.9962287,0.9972114,0.9976462,0.9974677,0.9972391,0.9971392,0.9976109,0.996614,0.99727046,0.99686974,0.99745077,0.99696594,0.99685615,0.99735624,0.9939125,0.99222887,0.99573594
ipip65,0.99828,0.9963603,0.99758756,0.9961474,0.9976768,0.99664426,0.9983058,0.9969579,0.99783546,0.9960223,0.99663955,0.9981915,0.9969651,0.9967862,0.9963176,0.99766475,0.9980239,0.9963564,0.99810433,0.99790114,0.9981933,0.9976954,0.99795,0.99784935,0.9970029,0.99760234,0.9957425,0.9981061,0.9971201,0.9975525,0.9978817,0.99762374,0.99686617,0.9979633,0.99822086,0.99765617,0.99801934,0.9983739,0.99782336,0.9978518,0.99603474,0.99767184,0.9969253,0.9963621,0.9955662,0.9978372,0.99683774,0.99663067,0.9977128,0.99677974,0.99704623,0.99082476,0.997929,0.99642485,0.9949873,0.99667615,0.9955687,0.9957824,0.9964557,0.997716,0.99915576,0.99801064,0.9999999,0.9973171,0.9976075,0.9976433,0.9983035,0.9980949,0.9978851,0.9964589,0.99844444,0.99806285,0.9950514,0.99728686,0.9972027,0.9910352,0.99642164,0.9979347,0.997012,0.9976606,0.9975571,0.9983514,0.9969903,0.99821454,0.9977039,0.9985465,0.9979896,0.99705255,0.99620205,0.99788,0.9974148,0.9986525,0.99823684,0.9955126,0.9950314,0.9953247,0.9983557,0.9965502,0.9956711,0.9948047,0.99815524,0.9983543,0.99845004,0.9979195,0.9986406,0.9948906,0.9981862,0.9965763,0.99846417,0.9983267,0.9986953,0.9958953,0.99741083,0.9972505,0.9984166,0.99700886,0.99813277,0.99838966,0.99836934,0.9973508,0.99854356,0.99756956,0.99811727,0.99857074,0.99809235,0.9968135,0.9971706,0.99810195,0.9964154,0.9969691,0.99827325,0.99257475,0.9963755,0.99591756,0.9978183,0.99791926,0.99736595,0.99771285,0.99853814,0.99834263,0.9987201,0.9982906,0.9972709,0.9979478,0.9984285,0.99565965,0.9980649,0.9979147,0.9951274,0.9979953,0.9984734,0.9977363,0.9962072,0.99632204,0.9983423,0.99753934,0.9974729,0.99710506,0.99569964,0.9982661,0.99545383,0.9984508,0.9978706,0.99655604,0.99838585,0.9901409,0.9980752,0.99748296,0.99786764,0.9971357,0.9984259,0.9961403,0.9979833,0.99798244,0.99787587,0.9982762,0.99821705,0.9976649,0.9969127,0.99794924,0.99636537,0.9969397,0.9973056,0.9970809,0.9942177,0.9976057,0.9981758,0.99824846,0.9982332,0.9963494,0.9982275,0.9982072,0.9981458,0.9979257,0.9984022,0.99845785,0.998103,0.99840605,0.9963415,0.99675155,0.99787116,0.9983254,0.9962644,0.99816453,0.9979889,0.9972491,0.9984302,0.99360573,0.99683434,0.99576205,0.9973442,0.9972187,0.99796003,0.9977573,0.99633557,0.99622226,0.9977329,0.989908,0.99770427,0.9978958,0.99815756,0.9969392,0.9978021,0.99747854,0.99575424,0.99823004,0.9983543,0.9981916,0.9928265,0.99640703,0.9978233,0.99806225,0.99871516,0.998299,0.9986906,0.9965821,0.99767333,0.99712455,0.9977202,0.9964091,0.9977176,0.99737656,0.9981309,0.9964516,0.99737984,0.99813527,0.9962251,0.9984574,0.9928171,0.9968534,0.9979959,0.9979517,0.9955256,0.99802935,0.9967743,0.9976761,0.9974209,0.9979312,0.99630326,0.9981673,0.99819016,0.995706,0.9971709,0.99495476,0.9958935,0.9979054,0.99709606,0.9972382,0.9973092,0.99420804,0.9985759,0.99609447,0.9974937,0.9982238,0.9977929,0.99769497,0.99734473,0.99798316,0.997282,0.9977177,0.99694103,0.998316,0.997441,0.9969444,0.9980578,0.9933595,0.991619,0.9961583
ipip95,0.99745727,0.9969773,0.99727184,0.9966531,0.9977697,0.9970793,0.9973774,0.9970207,0.9979916,0.9966038,0.99676335,0.99761355,0.99639696,0.9965578,0.9968186,0.996935,0.99735534,0.9966032,0.9973621,0.997028,0.9973569,0.9972516,0.9973978,0.9979651,0.99751306,0.9970472,0.99632406,0.99743676,0.9969577,0.9971211,0.99754477,0.99709,0.9966327,0.9976493,0.9973141,0.9972406,0.99698853,0.9971918,0.99726564,0.9975462,0.99590856,0.9970099,0.9971798,0.9961418,0.99702203,0.9978628,0.9975664,0.99729574,0.99727017,0.9965788,0.9969501,0.99214745,0.997039,0.99605554,0.99601394,0.99641657,0.9961878,0.9958839,0.99651545,0.9975243,0.9972286,0.99731994,0.9973171,1.0000004,0.99731755,0.9974747,0.99745333,0.9977436,0.9976574,0.9966527,0.99728113,0.9971133,0.995283,0.996524,0.9965553,0.9911735,0.99594426,0.99723953,0.9971564,0.9976723,0.99718755,0.9976216,0.9959242,0.99750334,0.9972621,0.9972709,0.99703366,0.9962164,0.9962887,0.9974777,0.99699765,0.99741787,0.9969722,0.9948781,0.9947665,0.995234,0.99740356,0.99694794,0.99521446,0.99502194,0.9966329,0.99804306,0.9969874,0.9975502,0.99767715,0.9951708,0.9971168,0.9965783,0.99735296,0.9970405,0.99744725,0.995705,0.9974867,0.99658704,0.9972823,0.9967724,0.9970456,0.99737346,0.9972486,0.99676114,0.997239,0.9966706,0.9976726,0.9973601,0.9969189,0.99712193,0.99690163,0.99719363,0.9972677,0.99653256,0.9973514,0.9926409,0.9962626,0.9957486,0.9969029,0.997454,0.9974307,0.997208,0.99729794,0.99736345,0.99756455,0.99737096,0.99670357,0.9974557,0.99747986,0.9955466,0.99758184,0.9976285,0.9953566,0.99754894,0.99794185,0.99773973,0.9959446,0.99513614,0.99704987,0.99700594,0.99719477,0.9964017,0.9951832,0.9969612,0.9953888,0.9975855,0.9968957,0.9968359,0.9973692,0.99058443,0.9970997,0.9975307,0.9971602,0.99627423,0.9974976,0.9961684,0.99682796,0.99761033,0.9977405,0.99725556,0.99749106,0.9977205,0.9972147,0.9970566,0.996412,0.99707586,0.9972641,0.9971556,0.9944803,0.99635506,0.9972159,0.99730885,0.99733347,0.99666953,0.9974421,0.9973637,0.9973488,0.9977276,0.99776363,0.9973792,0.99746364,0.9975061,0.9967174,0.99729663,0.9971756,0.99760646,0.99665534,0.997432,0.99794143,0.9979818,0.9978543,0.9952136,0.996614,0.99627084,0.997249,0.9967338,0.9978706,0.9976047,0.9965348,0.996703,0.99704707,0.9913305,0.99690837,0.99718505,0.9975124,0.9964256,0.9968199,0.9975062,0.99567467,0.99738014,0.9971263,0.99729466,0.99348426,0.99694604,0.99700123,0.99710274,0.9975355,0.99799013,0.9973716,0.99616545,0.99759865,0.99663436,0.99709547,0.99620956,0.9971541,0.99684197,0.9970978,0.9970184,0.99690294,0.9977133,0.99680763,0.9974051,0.992846,0.99642736,0.9976685,0.99756634,0.99545944,0.9975566,0.9963384,0.9968876,0.9968461,0.99783546,0.99605614,0.9976915,0.9973515,0.9963062,0.9968422,0.9948317,0.99618816,0.99693704,0.9965895,0.99742,0.9967471,0.9948253,0.9974685,0.99649435,0.9975042,0.99740916,0.99785805,0.99678904,0.99672943,0.99773264,0.9965207,0.9970246,0.9975034,0.9972301,0.9971329,0.99748963,0.9969701,0.9951994,0.99235684,0.9958279
ipip125,0.99712247,0.99698687,0.9969576,0.99621415,0.9974631,0.9965947,0.9972222,0.9967488,0.9973685,0.996186,0.9963414,0.99755716,0.9966381,0.9965724,0.99659604,0.9970877,0.99728876,0.99640256,0.99749666,0.99717814,0.99748427,0.997029,0.99753207,0.9974322,0.99782234,0.9970565,0.99571,0.9974572,0.99672407,0.99694884,0.9971898,0.997097,0.9965472,0.9975385,0.9973563,0.99746525,0.9971579,0.99747366,0.9975383,0.9972502,0.99574476,0.9970721,0.9967497,0.99606305,0.99607104,0.997466,0.9971736,0.9972376,0.99727505,0.9966023,0.9968488,0.99166095,0.99714744,0.99614394,0.995447,0.9965377,0.9957565,0.9958299,0.9962052,0.9973898,0.99765724,0.99744004,0.9976075,0.99731755,1.0000001,0.9973365,0.9974097,0.99764436,0.9977477,0.9966561,0.99734324,0.99738085,0.9949709,0.9964885,0.99684906,0.99099624,0.99589485,0.9971783,0.99667996,0.99715334,0.9973605,0.9974497,0.99589837,0.9975602,0.99715495,0.9975844,0.99719095,0.99648815,0.996249,0.99730504,0.9969348,0.9974748,0.997498,0.9948087,0.9947267,0.9952573,0.99742985,0.99640876,0.9951811,0.9949086,0.99702686,0.99762195,0.9972734,0.9975743,0.99786156,0.9951673,0.99721485,0.9967088,0.99752325,0.99721354,0.9975032,0.9954613,0.99696606,0.99674463,0.99764323,0.99703306,0.9972141,0.997769,0.9973548,0.9971108,0.9976081,0.9969302,0.99736977,0.9973239,0.9972188,0.9966698,0.9965754,0.9971519,0.99652904,0.9963298,0.99753416,0.992999,0.9962606,0.99580103,0.9972535,0.99730283,0.99712443,0.99722683,0.99732256,0.9972835,0.9975415,0.9976538,0.9969648,0.9973899,0.99740434,0.9955224,0.9974595,0.9976004,0.9952255,0.99743843,0.9976169,0.99730265,0.99605346,0.99513966,0.9973186,0.9970941,0.9970925,0.99655473,0.9950439,0.99715996,0.99544865,0.99760115,0.9970649,0.99653405,0.99734867,0.99055535,0.99712116,0.9974508,0.997279,0.9963443,0.9974829,0.99633205,0.99695086,0.99739975,0.99736315,0.9974609,0.99742466,0.9972542,0.9966057,0.99724066,0.9966081,0.9966604,0.9967471,0.9966865,0.99431866,0.9968337,0.99734825,0.99737674,0.9974727,0.99637663,0.99743724,0.997378,0.99742067,0.99727637,0.9974359,0.99747396,0.9973752,0.9974267,0.996339,0.9969624,0.99720377,0.99741066,0.9960173,0.9973673,0.9972785,0.9973801,0.9975587,0.99430126,0.99674594,0.99564683,0.9968667,0.9967525,0.9973238,0.9970671,0.9961719,0.996128,0.9970868,0.99125266,0.9971729,0.99760634,0.9975214,0.99638534,0.99694467,0.9969709,0.995393,0.99741286,0.9971965,0.9973892,0.9928707,0.99677956,0.9970985,0.9968549,0.99777395,0.99776715,0.99759686,0.9958105,0.9977074,0.99693733,0.9973421,0.9964954,0.9972786,0.9970033,0.99736845,0.99689555,0.99701375,0.99768865,0.9963762,0.9975707,0.9931415,0.9964702,0.9975325,0.99755335,0.9955731,0.9975335,0.99646676,0.99685496,0.99673456,0.9976163,0.9959753,0.9976781,0.99744385,0.99563974,0.99664545,0.99501765,0.9961515,0.9970467,0.99699044,0.99718714,0.99721193,0.99438107,0.99760014,0.99646556,0.9970164,0.9975799,0.9974544,0.99769425,0.99708223,0.9976894,0.99637645,0.99756354,0.99709815,0.9975193,0.9972695,0.9970472,0.997201,0.99440914,0.99215114,0.9958233
ipip155,0.9966163,0.9970071,0.99689394,0.996603,0.99711514,0.99680996,0.9966708,0.99655265,0.99721503,0.99655676,0.99656415,0.9972295,0.99719846,0.996761,0.99870396,0.9971186,0.9970979,0.9962812,0.99714136,0.99673015,0.99729335,0.99683577,0.9975505,0.99722713,0.9972952,0.9965685,0.9962303,0.9972785,0.9965037,0.99706703,0.996904,0.99718004,0.9962732,0.997042,0.9964497,0.9971414,0.9966615,0.9966717,0.9971333,0.9968557,0.99602705,0.9970261,0.9968262,0.9958235,0.99677837,0.9972123,0.9973032,0.9978977,0.9969167,0.99656177,0.99650204,0.99263114,0.99690545,0.99592704,0.9961957,0.99663615,0.99579465,0.99643254,0.99678683,0.99751645,0.9974039,0.99749726,0.9976433,0.9974747,0.9973365,1.0000008,0.99681073,0.99757,0.99732924,0.99703574,0.9967876,0.9974066,0.9958922,0.9964313,0.9973335,0.99249107,0.9961259,0.9969838,0.9970729,0.9972358,0.99750316,0.9970158,0.9961364,0.9968817,0.99679714,0.996821,0.99647313,0.99727976,0.9968355,0.99683815,0.996913,0.9970504,0.99708474,0.9952451,0.99591476,0.9956781,0.99666834,0.9969268,0.9962209,0.9957795,0.9977815,0.99719757,0.9973789,0.9975632,0.9976213,0.99639255,0.9968231,0.9971441,0.9976502,0.9963996,0.99698645,0.99507654,0.9968613,0.9966828,0.9969052,0.9970079,0.99668825,0.99733436,0.99679524,0.99685854,0.9972171,0.99675965,0.9974,0.997238,0.9965942,0.99714047,0.99677634,0.99705887,0.9970185,0.99633616,0.9970835,0.9936412,0.9965822,0.99641246,0.996493,0.9973462,0.9974229,0.99721175,0.9967291,0.9965834,0.9969103,0.99761426,0.9976652,0.9973313,0.997467,0.9959201,0.99700624,0.997256,0.99605453,0.9969329,0.9973227,0.99728984,0.9965727,0.99668646,0.99647397,0.9973797,0.99740255,0.99652493,0.9956411,0.99628586,0.99589866,0.9973499,0.9966272,0.99680704,0.99662167,0.9913044,0.99677664,0.9974122,0.9967487,0.99627453,0.99690914,0.9962004,0.9961,0.99689066,0.9970901,0.9969221,0.9971828,0.9969125,0.9967588,0.99709153,0.99661046,0.9971383,0.9969682,0.9969626,0.9954113,0.99671876,0.99691385,0.9969614,0.99702674,0.9963495,0.9969513,0.99706876,0.9970359,0.99706924,0.9970559,0.99684805,0.9969396,0.99683404,0.99620515,0.9971225,0.99677426,0.9967554,0.99651045,0.99689084,0.99726266,0.9971634,0.9971576,0.9954246,0.9971771,0.9962106,0.99696153,0.9959514,0.99705887,0.9971756,0.9966034,0.9967198,0.99715173,0.9929746,0.99724054,0.9970636,0.99744624,0.99633384,0.99667305,0.99765104,0.9959474,0.9969599,0.9965042,0.99722916,0.99469244,0.9967735,0.9969388,0.9965471,0.99774146,0.99882185,0.99699324,0.9959419,0.9969886,0.99649686,0.9970074,0.9968156,0.9967512,0.9970586,0.9966661,0.99696124,0.9969446,0.99765235,0.99676186,0.9970353,0.99380684,0.9966143,0.997499,0.9973911,0.9961862,0.99741936,0.9968414,0.9965502,0.9965414,0.997247,0.99616104,0.997705,0.9970755,0.99629027,0.99676454,0.995108,0.9967837,0.9968446,0.99705833,0.9972581,0.99728525,0.99572176,0.9970038,0.9968827,0.9969439,0.9971602,0.99742174,0.9973273,0.9971003,0.9972434,0.9972502,0.99725765,0.997128,0.99692017,0.997164,0.99713206,0.99701756,0.995053,0.9935294,0.9960453
ipip185,0.99848634,0.9964727,0.9977772,0.9960675,0.99786854,0.99648523,0.9986627,0.99747646,0.99807775,0.99598116,0.9966242,0.99783224,0.9966338,0.9964617,0.99587435,0.9976819,0.99797356,0.9963412,0.99803925,0.99804103,0.99781126,0.99768394,0.997683,0.99785066,0.99677235,0.9979248,0.9957764,0.9979692,0.9972583,0.99734133,0.9977167,0.9976312,0.99704665,0.9978792,0.9986797,0.99752396,0.99824196,0.998665,0.9979136,0.9977904,0.9960137,0.99777913,0.99669343,0.9964993,0.9955445,0.99798936,0.99678415,0.99647725,0.9975267,0.9964776,0.9970879,0.9906835,0.9976814,0.9965591,0.9948946,0.9965005,0.99575186,0.9955702,0.9960549,0.99772996,0.9982397,0.9974872,0.9983035,0.99745333,0.9974097,0.99681073,0.9999991,0.99837446,0.9978281,0.9966519,0.9983111,0.99756724,0.99446744,0.9968105,0.9963353,0.9908767,0.9961125,0.9977485,0.99671465,0.9974431,0.99713135,0.998267,0.99627155,0.9983307,0.9976018,0.998629,0.9982617,0.99636847,0.9960093,0.9989425,0.99691045,0.9982421,0.99777424,0.9944769,0.99433273,0.9950563,0.99830043,0.9962847,0.9948958,0.9941651,0.99702364,0.99815774,0.9975381,0.9974367,0.9978219,0.99431705,0.99815226,0.99611735,0.9979771,0.9986029,0.9987954,0.9959517,0.9969161,0.9972936,0.9986459,0.99666625,0.99825203,0.99825406,0.998411,0.997174,0.99821323,0.99721986,0.9978606,0.9979407,0.9979582,0.9969012,0.99718934,0.9980253,0.9964039,0.9971036,0.9981206,0.99191046,0.9957109,0.99523574,0.9978743,0.9976401,0.9971392,0.9976914,0.9985931,0.99825805,0.99847424,0.99781406,0.99684507,0.9977937,0.9978349,0.9954274,0.9979912,0.9978512,0.99505186,0.9979751,0.9982097,0.9974163,0.99526614,0.9948296,0.99837726,0.99703753,0.9970569,0.99655455,0.9952305,0.9983664,0.99473757,0.99828726,0.9976378,0.996221,0.99842775,0.9899006,0.9980872,0.99701256,0.9978168,0.9967914,0.9984317,0.99606556,0.9981312,0.9978188,0.99788594,0.99839467,0.9982908,0.9979131,0.9969937,0.9978377,0.99639297,0.9966906,0.9967702,0.996803,0.9942359,0.997087,0.9982743,0.9983506,0.99836546,0.9963892,0.998564,0.99830216,0.9982972,0.9979089,0.99820775,0.99856764,0.998208,0.9986863,0.9964415,0.99690366,0.99784726,0.9984719,0.99613196,0.99828833,0.997693,0.99708086,0.9985058,0.9936206,0.9966264,0.9956464,0.9970596,0.9976465,0.99796903,0.99744135,0.99613696,0.99563724,0.9976668,0.9898742,0.99760747,0.9978981,0.99794817,0.99737823,0.99774575,0.99686044,0.9955721,0.99837154,0.99855,0.99804014,0.9921161,0.9966662,0.9978173,0.9976716,0.99807054,0.99797547,0.9983773,0.9961597,0.9977245,0.9969343,0.9977313,0.9962237,0.99756545,0.9970765,0.99835324,0.9965672,0.99753875,0.99831545,0.99597394,0.9983612,0.99289596,0.9964215,0.9979468,0.99793744,0.99515384,0.99795103,0.9964223,0.9975647,0.99766946,0.99765986,0.99599034,0.9980264,0.99831384,0.9955237,0.9973173,0.9948115,0.9961018,0.9975424,0.99676734,0.9968857,0.9968519,0.99348736,0.9986299,0.9960176,0.9971506,0.9983,0.9974993,0.99711645,0.99688166,0.9977523,0.9962702,0.9975067,0.99685127,0.9983264,0.9974546,0.9968877,0.997852,0.9935187,0.9909496,0.99570334
ipip215,0.9982707,0.99673426,0.9978076,0.9965415,0.998034,0.9971575,0.9985358,0.997132,0.9982094,0.99647963,0.9968166,0.99801475,0.9964967,0.99648815,0.99670637,0.9974557,0.9977977,0.9965228,0.99785924,0.99771816,0.9978498,0.9975159,0.9980093,0.9982497,0.9974092,0.99772626,0.9962214,0.9980051,0.9971267,0.997528,0.99771565,0.9979746,0.99723655,0.99796754,0.9982539,0.99781644,0.99793154,0.9983257,0.99784076,0.9977806,0.99614936,0.9979509,0.9970242,0.9964135,0.996092,0.9980542,0.9970907,0.9973019,0.9973805,0.9964897,0.9973467,0.9912056,0.99758095,0.99635667,0.99604833,0.9967172,0.99595475,0.9961338,0.99640363,0.9982965,0.99800503,0.9976239,0.9980949,0.9977436,0.99764436,0.99757,0.99837446,0.999999,0.9982015,0.9979734,0.9983462,0.99777305,0.9953434,0.9970129,0.99669296,0.9910029,0.99604094,0.9976516,0.9973426,0.99806756,0.99766517,0.9980812,0.99618644,0.9982592,0.99764466,0.9983283,0.9977459,0.9964462,0.99655044,0.9980557,0.996935,0.9982198,0.99764603,0.99448955,0.9947786,0.9947555,0.99826247,0.99699235,0.99536633,0.99449706,0.99707985,0.9982857,0.99739486,0.997777,0.99792105,0.9953169,0.99793637,0.99675035,0.9981826,0.99810493,0.9984315,0.9956648,0.99693596,0.99702185,0.9981342,0.9968232,0.9978129,0.99839526,0.99811137,0.997095,0.99800855,0.99697447,0.99803984,0.9977758,0.99785966,0.9972849,0.9973075,0.99793553,0.99761415,0.9969298,0.99819636,0.99231446,0.99622065,0.9954938,0.99779046,0.9978519,0.9976331,0.99841845,0.9983626,0.99817723,0.998334,0.99786115,0.9971517,0.9978103,0.9979261,0.9954045,0.9981748,0.99821305,0.9960586,0.9977226,0.99837196,0.9978384,0.9958772,0.9953236,0.99802905,0.99740106,0.9973668,0.9967955,0.9952456,0.9981558,0.99521583,0.9982132,0.99746084,0.99682075,0.99820995,0.9903756,0.9981045,0.9976078,0.9977136,0.9966945,0.99855405,0.9963801,0.99794596,0.9978938,0.99837697,0.99830323,0.9984799,0.9981091,0.9973471,0.9978761,0.9964464,0.99748266,0.9972005,0.99736524,0.9953361,0.9967772,0.99812853,0.99823886,0.99828637,0.9966093,0.9981999,0.99836576,0.99837834,0.99829566,0.99815536,0.9985158,0.9982435,0.9986466,0.9966917,0.9972206,0.99772906,0.9985076,0.99653536,0.99840254,0.9980058,0.99771327,0.99838775,0.99428463,0.99714804,0.9958731,0.99758744,0.99733245,0.99833995,0.9974748,0.9966302,0.9960164,0.99766946,0.9917621,0.9976295,0.99784,0.9982768,0.9971047,0.9974271,0.9972426,0.99586195,0.998354,0.99822265,0.9980002,0.9933262,0.99745214,0.99781877,0.9973904,0.9983055,0.99838567,0.99800694,0.99595433,0.9978237,0.99692154,0.9977939,0.9964418,0.9974993,0.99728566,0.99816865,0.9976778,0.9975953,0.99866945,0.99664974,0.99852514,0.9934238,0.9968624,0.9987575,0.9987706,0.99616706,0.998704,0.9972567,0.99733704,0.99749273,0.99798185,0.99603593,0.99856913,0.99837667,0.9960808,0.9973314,0.99498266,0.9974673,0.9975732,0.99705493,0.9978013,0.9972084,0.9944304,0.998664,0.99741495,0.9973613,0.99841064,0.99776584,0.99749935,0.9973185,0.9980867,0.9967622,0.9979892,0.9979264,0.9983663,0.9983227,0.99795115,0.99789566,0.99435693,0.9916593,0.9959536
ipip245,0.9978507,0.9968283,0.997467,0.9962969,0.9976708,0.9968266,0.99800485,0.9969988,0.997986,0.996246,0.9967688,0.99785554,0.99671686,0.99660033,0.99646187,0.9973632,0.99776024,0.9966089,0.9977971,0.9974175,0.9977335,0.9974125,0.99790865,0.9980253,0.99792665,0.9974206,0.99618506,0.99775916,0.9971135,0.99763024,0.9977517,0.99752176,0.99711454,0.99827814,0.99788684,0.99759907,0.9975929,0.997958,0.9977019,0.99784863,0.9961621,0.9976413,0.9972589,0.996746,0.9960624,0.9978631,0.99754965,0.997086,0.99758595,0.99667734,0.99715596,0.991625,0.99749637,0.99635017,0.9958057,0.99666244,0.99589705,0.99609786,0.99642503,0.99790096,0.9977915,0.9975637,0.9978851,0.9976574,0.9977477,0.99732924,0.9978281,0.9982015,0.9999991,0.9969012,0.9979278,0.99772096,0.9951924,0.9967502,0.99648017,0.9911232,0.99633974,0.9978475,0.99720055,0.99776953,0.99742794,0.99796337,0.9962619,0.99793667,0.99746823,0.99799967,0.9975356,0.99651074,0.9963665,0.99777627,0.99698055,0.99803,0.99741775,0.994725,0.9951261,0.99508196,0.9979359,0.99701667,0.9956823,0.99567354,0.99694717,0.9981525,0.9973179,0.99779755,0.9979056,0.99524957,0.9978201,0.9969104,0.9981293,0.99768,0.9981,0.99566215,0.997032,0.9968789,0.9979105,0.9968719,0.99756414,0.9979906,0.9978577,0.9971716,0.9979,0.9970321,0.99782366,0.9976594,0.9975623,0.997259,0.99702114,0.99781877,0.9972853,0.996853,0.9979924,0.99261814,0.9963461,0.99579525,0.9975024,0.99777645,0.99762714,0.99771005,0.9980294,0.99805,0.9981439,0.997864,0.9969859,0.99788034,0.99778277,0.9954698,0.99805737,0.99961287,0.9957141,0.99794537,0.9981942,0.99765724,0.9963598,0.99529755,0.99780625,0.99737966,0.9974082,0.9968568,0.99513113,0.9978126,0.99544483,0.9980869,0.9972998,0.9968859,0.9979497,0.99042404,0.9977636,0.9982736,0.99775416,0.9964578,0.9980762,0.99606496,0.99753976,0.9978406,0.9979597,0.9980585,0.9979748,0.99778396,0.9971035,0.99742764,0.9962889,0.9971515,0.9971228,0.9970699,0.99458516,0.99662465,0.9977689,0.99785835,0.9978807,0.99647725,0.99798167,0.9981417,0.9981241,0.9979324,0.9980428,0.9983538,0.9979438,0.998119,0.9966023,0.99762976,0.9978217,0.9981403,0.99649805,0.9981595,0.99772155,0.99764,0.9981675,0.99425983,0.9969059,0.9961175,0.9973686,0.99699736,0.99800193,0.9973019,0.9963639,0.99618185,0.9977189,0.990833,0.9973577,0.99769986,0.998055,0.9972035,0.9972952,0.9974007,0.99630356,0.9981782,0.9978217,0.99761003,0.9929756,0.99693567,0.9973954,0.9971774,0.9979435,0.998105,0.9978483,0.99585485,0.9981211,0.9969125,0.9976386,0.99639946,0.9974931,0.9971437,0.99801695,0.9975637,0.9974167,0.99827254,0.9964295,0.9980968,0.9930991,0.9966509,0.9981993,0.99817425,0.99577063,0.9980666,0.9967587,0.99721926,0.9971134,0.9978508,0.99603593,0.99792176,0.99817455,0.9959936,0.9972027,0.9954589,0.9963011,0.9975446,0.99696916,0.9975653,0.9971289,0.99432224,0.99815214,0.99647665,0.99745566,0.99799955,0.9977755,0.9971719,0.9971657,0.99843127,0.9969135,0.9974712,0.99747056,0.99800366,0.9975021,0.997521,0.99762505,0.9942712,0.99219877,0.995708
ipip275,0.99598366,0.9966499,0.99638635,0.99641836,0.9966751,0.9965314,0.99630374,0.9967913,0.9970781,0.9965128,0.99625194,0.9967172,0.99630487,0.99622387,0.99678284,0.99615014,0.9966718,0.9961776,0.996775,0.9965685,0.99661183,0.9967247,0.9966232,0.9971724,0.99655944,0.99644256,0.99655604,0.9967535,0.99622357,0.99687874,0.99608797,0.9970284,0.9958635,0.99644727,0.99615777,0.9964047,0.99617517,0.99630654,0.9965946,0.9964025,0.9958764,0.9966138,0.9963426,0.99568695,0.99641883,0.99665135,0.99674076,0.9967289,0.99653196,0.995938,0.9965324,0.9930172,0.9964956,0.99615806,0.9965005,0.9965457,0.99559754,0.9967293,0.9963465,0.9972249,0.99628067,0.99631774,0.9964589,0.9966527,0.9966561,0.99703574,0.9966519,0.9979734,0.9969012,1.0000035,0.99606824,0.996517,0.9954382,0.99589705,0.9965256,0.99239767,0.99587363,0.99647915,0.9972011,0.9973393,0.9969941,0.9963657,0.9952776,0.99627453,0.9964904,0.9962561,0.99601936,0.99620813,0.9965785,0.9967557,0.9961721,0.99598205,0.99640924,0.9944323,0.99513733,0.99497354,0.99609715,0.99689615,0.99479085,0.9953101,0.9963337,0.99646187,0.9962079,0.9966569,0.99689543,0.99581045,0.9962985,0.9962897,0.99698615,0.9960735,0.9964951,0.9947512,0.99632066,0.99635136,0.9963792,0.99642366,0.996009,0.9966535,0.9964719,0.99627966,0.9962367,0.99591535,0.99676436,0.9964574,0.9960217,0.99634415,0.9965954,0.9968062,0.99720174,0.9960331,0.9964881,0.99310195,0.996025,0.9958582,0.99598366,0.9967095,0.99672395,0.99756056,0.99631923,0.9960594,0.9961477,0.9967865,0.9965278,0.99694574,0.9967225,0.9957419,0.99666846,0.9967281,0.99656993,0.9965007,0.99653316,0.9966135,0.99566,0.99530417,0.99583876,0.99645966,0.9965537,0.99598455,0.99507844,0.9958116,0.9954949,0.9966992,0.9960941,0.99599737,0.9962644,0.9911409,0.9965019,0.99671006,0.99649686,0.99568,0.9962736,0.9966448,0.9955658,0.9963601,0.9969219,0.99661434,0.9969269,0.99705887,0.99647975,0.99654835,0.99627465,0.99722433,0.996415,0.997183,0.9962344,0.9960332,0.9963068,0.9963758,0.9964711,0.99604756,0.9965278,0.99669033,0.9966793,0.9968372,0.99634403,0.996473,0.99661064,0.9964609,0.9959533,0.99685633,0.9964748,0.9963939,0.9966014,0.9968669,0.99667174,0.99661726,0.99660355,0.99550533,0.9969214,0.99615574,0.9967934,0.99574745,0.996909,0.996476,0.996839,0.99580574,0.99654526,0.99360996,0.99676853,0.99649435,0.99657965,0.996169,0.99630773,0.99696195,0.9958601,0.99669623,0.9960146,0.99701923,0.99489254,0.996451,0.99663025,0.9959347,0.99672806,0.9969614,0.99646,0.9955492,0.9964394,0.99610513,0.99631274,0.99593693,0.99635506,0.99669164,0.99635446,0.99730706,0.9967083,0.9975604,0.99672097,0.9963734,0.9947614,0.9964398,0.9974591,0.99737823,0.99632955,0.9974737,0.99704653,0.99638563,0.99651486,0.9967531,0.99585414,0.99719536,0.9967897,0.9966794,0.99721617,0.99559826,0.9974108,0.9963929,0.99635476,0.9966073,0.9963775,0.9950373,0.9966731,0.997713,0.99650216,0.9967518,0.99695,0.9965551,0.9964091,0.99653697,0.9961576,0.996701,0.9972536,0.9966776,0.99724674,0.99722,0.99673945,0.99558645,0.99362093,0.996018
ipip10,0.99876595,0.9959945,0.9976715,0.9957501,0.99803793,0.9965711,0.9987819,0.99661684,0.9978831,0.99557,0.996199,0.99821174,0.99618936,0.9959857,0.9956987,0.99750406,0.99789035,0.99578583,0.99788177,0.99768186,0.9979638,0.99744815,0.9981752,0.9978044,0.9968602,0.9976998,0.99513924,0.99790645,0.9968779,0.99717987,0.99784636,0.99746245,0.99708515,0.9980138,0.99863493,0.99817556,0.9981095,0.9986897,0.9978029,0.9978016,0.99584556,0.99775136,0.99658024,0.99624914,0.99490047,0.9980248,0.996524,0.9963137,0.9974616,0.9963316,0.99701613,0.9893387,0.9979999,0.9958261,0.9944837,0.99619466,0.9958652,0.9950477,0.99567187,0.9977404,0.9982965,0.99749666,0.99844444,0.99728113,0.99734324,0.9967876,0.9983111,0.9983462,0.9979278,0.99606824,0.99999964,0.99839675,0.99469256,0.99851835,0.99635255,0.98981035,0.9958804,0.9978269,0.99667346,0.998027,0.99732447,0.9984998,0.9961828,0.99852645,0.9976879,0.99889743,0.9980906,0.99585605,0.9956364,0.99785167,0.99694645,0.99870974,0.99785596,0.9939423,0.99367744,0.99428964,0.99897,0.9958709,0.9947199,0.99354625,0.9968553,0.99853474,0.9974829,0.9975526,0.99789834,0.9937592,0.99808985,0.99606836,0.9977751,0.99853015,0.9989485,0.995621,0.9969119,0.9966689,0.9984544,0.9967476,0.9980877,0.9984215,0.99837184,0.9969487,0.9983447,0.996951,0.99799216,0.9979935,0.9981897,0.9964679,0.99679047,0.997938,0.99634063,0.9967555,0.99869704,0.99094504,0.99600184,0.99462336,0.99837,0.9980945,0.997431,0.99781,0.99896336,0.9989396,0.99890083,0.99788886,0.99653894,0.99774504,0.99788374,0.99468035,0.9982162,0.99798536,0.9947403,0.9978308,0.9985068,0.997572,0.99516,0.994315,0.9985995,0.997479,0.997399,0.99715006,0.9947122,0.9986606,0.99485445,0.9986995,0.9975875,0.9961984,0.99885595,0.98927736,0.9984499,0.99725056,0.9978554,0.99654335,0.99917346,0.99586314,0.99845827,0.99799436,0.9979637,0.9983607,0.99824667,0.99774253,0.99684495,0.9975448,0.99560565,0.9964503,0.99670935,0.9965232,0.99330735,0.9966154,0.99819696,0.99827594,0.99827194,0.9958353,0.9983246,0.9983422,0.99834025,0.9979816,0.99858445,0.998814,0.9982227,0.9989839,0.9959887,0.9964228,0.99764746,0.99871105,0.9956477,0.9983411,0.99788713,0.9972258,0.99852806,0.99221516,0.9960613,0.995003,0.99719346,0.99709576,0.9980337,0.9972067,0.99533105,0.99524397,0.9975589,0.9884713,0.99716586,0.9978907,0.99866724,0.996829,0.99749184,0.99669343,0.9951146,0.9984834,0.9986493,0.9976688,0.9906291,0.9962489,0.99749297,0.99772197,0.9981178,0.9981787,0.9982719,0.99561286,0.99777555,0.99705744,0.99805874,0.99624145,0.997487,0.996623,0.99838835,0.9962675,0.9971056,0.99794817,0.9961951,0.9991448,0.99229014,0.99702525,0.9983514,0.99837565,0.9949684,0.9982338,0.9962767,0.9971907,0.99725556,0.9979544,0.9956549,0.9979432,0.99834144,0.99481326,0.99671215,0.9939608,0.99549055,0.9983084,0.997036,0.99724776,0.99714714,0.99345744,0.99920726,0.9960858,0.9974886,0.99858284,0.99762696,0.99734634,0.99708974,0.99807686,0.99616295,0.99778116,0.9969619,0.99843556,0.9970481,0.99687237,0.99763775,0.9929243,0.99015415,0.9956137
ipip40,0.9974761,0.9966131,0.99702245,0.99637794,0.9975682,0.99656236,0.9976939,0.99689645,0.99792093,0.99633414,0.99696636,0.9977726,0.9971899,0.9965736,0.9965501,0.9974649,0.9975417,0.9967305,0.9977687,0.9974089,0.9979603,0.99713194,0.9987018,0.9978023,0.99710435,0.99746066,0.99625313,0.9978986,0.997043,0.9973857,0.99732584,0.9976918,0.99689394,0.99766636,0.99751145,0.9982102,0.9976627,0.9977464,0.9974987,0.9975205,0.9966349,0.9977978,0.99710745,0.9966142,0.9961714,0.99773926,0.9973048,0.99658126,0.9977021,0.996911,0.99707687,0.99205065,0.9977544,0.99650514,0.99578476,0.99753743,0.9958033,0.9967586,0.99678665,0.997824,0.9977133,0.99750316,0.99806285,0.9971133,0.99738085,0.9974066,0.99756724,0.99777305,0.99772096,0.996517,0.99839675,0.9999997,0.9955831,0.99801105,0.99705577,0.99282855,0.99726695,0.99793524,0.99776095,0.9980867,0.99773246,0.99779904,0.9967532,0.9975452,0.99756247,0.9977903,0.99729496,0.9967961,0.99614066,0.9974211,0.9970152,0.99785817,0.99734324,0.9949407,0.994812,0.9955962,0.9976323,0.99692184,0.99549097,0.99543834,0.99763364,0.997955,0.9975289,0.9977166,0.99790144,0.9957226,0.9977571,0.9968117,0.997936,0.9974371,0.99802756,0.9954939,0.99724424,0.9969155,0.99778396,0.99800587,0.9974827,0.99790204,0.9975028,0.9976121,0.99795514,0.9974849,0.9979395,0.9978014,0.99788576,0.9968983,0.9976155,0.99791366,0.9970879,0.9968973,0.9983791,0.99340373,0.9971956,0.99611586,0.9978785,0.9985041,0.9977978,0.99816436,0.99806356,0.99781275,0.99774605,0.99821615,0.9970767,0.9978242,0.99765366,0.9957501,0.99768156,0.99766606,0.9966095,0.9976836,0.998096,0.9977435,0.996799,0.99552554,0.9974054,0.99852747,0.9985459,0.99796295,0.995137,0.99729896,0.9966236,0.99858063,0.99737054,0.9968444,0.9976217,0.99146086,0.99818283,0.9976409,0.99763155,0.99688953,0.9981429,0.9965278,0.9973171,0.99796075,0.9976772,0.99807453,0.9979225,0.997488,0.9972564,0.9979008,0.99671143,0.99717027,0.99741966,0.9971171,0.9947526,0.9971831,0.997783,0.99785566,0.99794054,0.9968299,0.99791354,0.9980199,0.99797,0.99765277,0.99789983,0.9980127,0.99804896,0.99806374,0.99687797,0.997236,0.99768436,0.99769855,0.99666774,0.99796665,0.9977416,0.99757785,0.99803925,0.9942767,0.9971352,0.9965314,0.99746436,0.9967486,0.99763304,0.9974827,0.9965005,0.99634033,0.99807036,0.99133104,0.99729705,0.9979188,0.99880624,0.99730927,0.99740386,0.9974877,0.99604553,0.9980279,0.9978274,0.99782246,0.9934087,0.9966092,0.997682,0.9972875,0.99768424,0.9979811,0.99773604,0.99642104,0.9977005,0.9975633,0.9985207,0.99793774,0.99791855,0.9976788,0.9979886,0.9969356,0.9975663,0.9979045,0.99693304,0.99843943,0.9938707,0.9978792,0.998305,0.99824935,0.99664724,0.998206,0.9974046,0.9972443,0.9971126,0.9980379,0.9970791,0.9982537,0.9979829,0.9960842,0.9972581,0.9953235,0.9967453,0.99817884,0.99840814,0.99772626,0.9983115,0.9954909,0.9982097,0.99708676,0.99770993,0.9982341,0.9978797,0.99828553,0.99822897,0.99779856,0.99663496,0.9982049,0.99721295,0.99801725,0.9973591,0.9971603,0.9978447,0.9939901,0.9927663,0.99622077
ipip70,0.99401414,0.9951042,0.9945715,0.99506706,0.99501,0.99638164,0.99418086,0.994679,0.99517745,0.99511623,0.9946843,0.9951676,0.9951235,0.99476993,0.99519914,0.99473536,0.9949517,0.99465346,0.99479395,0.9944005,0.99542576,0.994739,0.9953292,0.99521923,0.99546844,0.9943498,0.9947872,0.9953524,0.99449784,0.9949471,0.99482405,0.9949477,0.9942691,0.99476904,0.9939392,0.9952813,0.99413663,0.9941813,0.9946122,0.9946411,0.99466074,0.9947833,0.9950704,0.9938604,0.99522924,0.99486065,0.9953081,0.99485886,0.9948727,0.99504673,0.9943869,0.99166465,0.99496526,0.9939661,0.99470234,0.995057,0.9942159,0.9948137,0.99534684,0.9953314,0.9945617,0.9949215,0.9950514,0.995283,0.9949709,0.9958922,0.99446744,0.9953434,0.9951924,0.9954382,0.99469256,0.9955831,0.99999905,0.99539554,0.9954163,0.99180937,0.9945076,0.99491125,0.99542093,0.9955516,0.99545115,0.99462444,0.99385583,0.99444664,0.99451166,0.9942449,0.99399596,0.9946778,0.9950296,0.99476254,0.9949991,0.99419177,0.99473786,0.9934906,0.9940248,0.99415255,0.9948394,0.9951695,0.994173,0.99402034,0.99525785,0.9951448,0.99492294,0.99531806,0.99512684,0.994433,0.9942714,0.99553305,0.9950898,0.9937926,0.99455553,0.993439,0.9949927,0.9945063,0.9943489,0.99523646,0.9942253,0.99479896,0.9943006,0.99490017,0.994536,0.99457055,0.99513113,0.99496347,0.99436814,0.9949532,0.994886,0.9948124,0.9952699,0.9946044,0.99499506,0.9916986,0.9950152,0.9944283,0.9944468,0.9958657,0.99651426,0.99531883,0.99432296,0.9947152,0.9943225,0.995255,0.99500674,0.99556077,0.9952084,0.9944801,0.99490964,0.99513984,0.9944686,0.9946576,0.99508566,0.9953273,0.9944216,0.99443907,0.99389315,0.99574494,0.9955157,0.9951992,0.99454683,0.9937774,0.994699,0.99534976,0.99466676,0.99537444,0.9945353,0.9900372,0.99476695,0.99529994,0.9949903,0.9942345,0.9946423,0.9947053,0.99367803,0.9946844,0.99510825,0.9946111,0.99485606,0.9950817,0.99479175,0.99476033,0.99429286,0.9954757,0.9954266,0.9952817,0.99397933,0.99454325,0.99436903,0.99449456,0.99453527,0.9945942,0.99444515,0.9946238,0.9945543,0.9949521,0.99476796,0.9943389,0.9947874,0.99441683,0.99457675,0.9951141,0.99469346,0.9944803,0.99522775,0.994709,0.9953401,0.99535966,0.9949257,0.9941159,0.9950991,0.99474233,0.99535227,0.993652,0.99495006,0.9952,0.994906,0.99457055,0.9949666,0.9910863,0.9948639,0.994651,0.9951259,0.9942116,0.99440795,0.9954254,0.9941723,0.994658,0.9940409,0.9951577,0.9931908,0.99450654,0.9946801,0.9945656,0.9949304,0.9951786,0.99446255,0.9945221,0.99486995,0.99488735,0.99487984,0.99503314,0.9946269,0.99495196,0.9942762,0.9950034,0.994636,0.9955589,0.9951168,0.9946704,0.99295247,0.99506354,0.99525267,0.9951225,0.994244,0.995067,0.99470264,0.99447894,0.9943792,0.9951801,0.99447817,0.9955475,0.9946268,0.9946563,0.99468,0.99383825,0.9949667,0.9954371,0.995124,0.99548596,0.9955103,0.99493057,0.99466854,0.99540585,0.99522984,0.9948853,0.99550647,0.9952211,0.99527746,0.99497867,0.99474245,0.9951073,0.99548227,0.9947494,0.9951696,0.995385,0.9950395,0.9944669,0.99250275,0.99520993
ipip100,0.9968596,0.99588275,0.99644977,0.995697,0.99708796,0.9960718,0.9970143,0.9963016,0.99703586,0.99563026,0.9959413,0.9972831,0.99627066,0.9958707,0.9957648,0.9964861,0.99687827,0.9956069,0.9968513,0.99672604,0.9971115,0.99649024,0.99755234,0.99683046,0.99629706,0.99659586,0.9955117,0.9970404,0.99608463,0.9966094,0.99665207,0.99692917,0.9960069,0.99678564,0.99682516,0.99755794,0.99661374,0.99685,0.99656576,0.99676716,0.9959523,0.99678946,0.9963119,0.9954804,0.99529374,0.99692994,0.9965257,0.9957401,0.9968146,0.99605244,0.9962848,0.9910627,0.99750286,0.9957007,0.99494076,0.9965528,0.995523,0.9954881,0.99573904,0.9971107,0.9968426,0.99673015,0.99728686,0.996524,0.9964885,0.9964313,0.9968105,0.9970129,0.9967502,0.99589705,0.99851835,0.99801105,0.99539554,0.9999975,0.99680775,0.99173105,0.99587715,0.99675345,0.99677294,0.9976521,0.99691224,0.9970384,0.9957542,0.9967515,0.9966216,0.9971585,0.9965913,0.99565405,0.995477,0.9966678,0.9963207,0.9969294,0.99687403,0.9942404,0.99416864,0.9951257,0.9973234,0.99608415,0.9945351,0.9945042,0.99657804,0.9971826,0.9966071,0.9966736,0.9970058,0.99461854,0.99674016,0.9959024,0.9970502,0.9966514,0.9973165,0.994789,0.996691,0.9960675,0.99696845,0.9968207,0.996655,0.99705625,0.9968041,0.9967536,0.9970377,0.9964451,0.9971682,0.9971111,0.9968003,0.99596167,0.9967277,0.9971359,0.996155,0.9962261,0.99769545,0.9919832,0.9964259,0.99503696,0.99724954,0.9975312,0.99689394,0.9974285,0.9973507,0.9973335,0.9969374,0.99707663,0.9959828,0.99696183,0.99682504,0.99499595,0.99690175,0.9967328,0.99541813,0.99678826,0.9972756,0.9969612,0.9954296,0.99477184,0.9967158,0.9971847,0.9972008,0.99732053,0.99481964,0.9966734,0.99585557,0.99782467,0.99671763,0.9957743,0.99712634,0.9904243,0.9974296,0.9966817,0.99710613,0.9959887,0.99755114,0.99573785,0.99648166,0.99679387,0.9969066,0.99701864,0.9968761,0.99678725,0.99637794,0.9968445,0.9956374,0.9963375,0.9966789,0.9965388,0.9938698,0.9966002,0.9968698,0.99697804,0.9969402,0.9958494,0.99696857,0.9971479,0.99699026,0.9968727,0.99706864,0.9971009,0.99708384,0.99721175,0.9958093,0.99643415,0.99704087,0.9969875,0.9961458,0.99705833,0.99704224,0.99656755,0.99723583,0.9931616,0.9961671,0.9954246,0.99671733,0.99586326,0.9968452,0.9968811,0.9957913,0.9953071,0.9969295,0.9902453,0.99636793,0.99687487,0.9976746,0.99638057,0.99676406,0.9965949,0.9951471,0.9970847,0.99699175,0.99714,0.99220955,0.99560374,0.99690247,0.99690926,0.99704176,0.9969887,0.99700356,0.99597734,0.996875,0.9969919,0.9973791,0.99652964,0.99675196,0.99646467,0.99699897,0.99608517,0.9966255,0.99710584,0.9964526,0.99754757,0.99347794,0.9973355,0.99739075,0.9973858,0.9955665,0.9972659,0.9963738,0.9965096,0.9962966,0.9971935,0.99626595,0.99715316,0.9971243,0.9953971,0.9965585,0.9949284,0.99586624,0.9983651,0.9970772,0.99667436,0.9971258,0.99479866,0.99776495,0.9965044,0.99744076,0.99754333,0.9974907,0.99717325,0.99722147,0.99705696,0.9959242,0.99707896,0.99655044,0.9972762,0.99681103,0.9963963,0.99710447,0.9938507,0.9919702,0.9958723
ipip130,0.9959762,0.9964215,0.9963111,0.99618715,0.9965388,0.996037,0.99609447,0.9963131,0.9966519,0.9961098,0.9961103,0.9973978,0.9967754,0.996819,0.9964485,0.9964497,0.99672467,0.9960054,0.9967425,0.99678725,0.99682254,0.9963764,0.99667597,0.9966027,0.9965161,0.9962833,0.99601495,0.9967881,0.99626946,0.9967564,0.9961454,0.9963852,0.9952554,0.99635345,0.9961477,0.99638313,0.9961568,0.9960991,0.9963328,0.99650776,0.9958279,0.9963477,0.99646854,0.9953858,0.9961616,0.9965604,0.9969483,0.9963308,0.99663514,0.996327,0.99588037,0.9924148,0.99675316,0.99591476,0.99539775,0.9965814,0.99556667,0.9962816,0.9963805,0.9965717,0.9968897,0.99707663,0.9972027,0.9965553,0.99684906,0.9973335,0.9963353,0.99669296,0.99648017,0.9965256,0.99635255,0.99705577,0.9954163,0.99680775,0.9999993,0.99269855,0.99606353,0.9966189,0.9966382,0.9968345,0.9974838,0.9965926,0.9960784,0.9963315,0.99679136,0.99647486,0.9962004,0.9966368,0.9969733,0.99633014,0.99663615,0.99638814,0.9972382,0.99548906,0.9959603,0.99603,0.9960073,0.9963945,0.99566966,0.99553275,0.99723744,0.9966596,0.9970541,0.99662507,0.9978068,0.99535966,0.9963544,0.9961432,0.99691623,0.9960224,0.99646854,0.9950955,0.9975274,0.9967639,0.99661726,0.9974075,0.996286,0.99712795,0.99683815,0.99693656,0.99660236,0.99640054,0.99680257,0.997014,0.99603575,0.9960146,0.9964984,0.9966968,0.9961406,0.9963163,0.99651587,0.9935899,0.99649626,0.9965007,0.9959385,0.99706155,0.9965226,0.99681026,0.9962565,0.9960095,0.99622655,0.9971684,0.99686754,0.99672204,0.99696535,0.9960277,0.99646735,0.9964658,0.9957858,0.99665743,0.9967096,0.99683535,0.99673957,0.99592805,0.9959799,0.99691784,0.99696326,0.9965444,0.9962087,0.99572504,0.99600273,0.9969267,0.9965928,0.995952,0.9960576,0.9909349,0.99634486,0.9966273,0.9963957,0.9961666,0.99618757,0.9959648,0.995563,0.996267,0.99638516,0.99643654,0.99657446,0.99634343,0.9962225,0.9965508,0.99632335,0.9964861,0.99675673,0.9965318,0.99521387,0.9967594,0.9963186,0.9962504,0.9963731,0.99617445,0.9964273,0.99629205,0.9962754,0.99634993,0.99637866,0.9962245,0.99657696,0.9961898,0.99591094,0.99679124,0.9965156,0.996089,0.9965712,0.9964599,0.9965807,0.9964739,0.9965654,0.9951221,0.9964907,0.9958868,0.99633133,0.9954899,0.99634635,0.9966635,0.9961498,0.9958861,0.99670327,0.9929206,0.99750495,0.9966884,0.9965466,0.99589884,0.99627393,0.9968916,0.9958046,0.99636704,0.9961226,0.99702847,0.9941763,0.9958443,0.99651766,0.9964695,0.9967369,0.99682224,0.99656624,0.9959969,0.9966821,0.99618745,0.99648637,0.99626434,0.9966852,0.9970024,0.99630105,0.9965325,0.99639165,0.9968966,0.9962857,0.9962851,0.993728,0.99615484,0.996938,0.9968668,0.99588275,0.9968758,0.99650455,0.99649435,0.9961624,0.99676794,0.9962406,0.9971408,0.9963557,0.9960448,0.996489,0.9952458,0.99614376,0.9970829,0.99664485,0.99633944,0.9969691,0.99579734,0.9965022,0.99637234,0.99721164,0.99661905,0.9972782,0.996772,0.99655205,0.99659574,0.9961733,0.9967428,0.99633306,0.99648684,0.9966354,0.9961874,0.9966737,0.9945558,0.99319464,0.9961239
ipip160,0.9892334,0.9919081,0.99035645,0.9915286,0.99055004,0.9910833,0.98968977,0.99166507,0.99148583,0.99171484,0.9919582,0.9910184,0.99250203,0.9921161,0.99208695,0.9909883,0.9918989,0.9917108,0.99114144,0.99151814,0.99167854,0.99058026,0.9916623,0.99138,0.9912785,0.990926,0.9920413,0.9916834,0.9916762,0.9919977,0.9901348,0.9917856,0.9903025,0.9906356,0.9896466,0.9908407,0.9906649,0.9898675,0.9912017,0.9907502,0.99206424,0.991244,0.99129117,0.9909954,0.9923964,0.990645,0.99202925,0.9910956,0.9912964,0.9916172,0.99062794,0.99073774,0.9909042,0.9916593,0.99207765,0.99300855,0.99018174,0.9932005,0.99246097,0.99198484,0.9906398,0.9911407,0.9910352,0.9911735,0.99099624,0.99249107,0.9908767,0.9910029,0.9911232,0.99239767,0.98981035,0.99282855,0.99180937,0.99173105,0.99269855,0.99999833,0.993787,0.99279165,0.99293727,0.9922064,0.9918817,0.99083364,0.9918147,0.98979664,0.9907677,0.9899433,0.9905362,0.99280506,0.9919272,0.991216,0.9914668,0.9896826,0.99092853,0.9909105,0.9914584,0.99192876,0.989223,0.99243295,0.9907782,0.99342775,0.99291617,0.990601,0.991666,0.991427,0.99157673,0.99302506,0.99085426,0.9918408,0.99238044,0.98976505,0.99022144,0.98963845,0.9920116,0.9918024,0.9904546,0.9922798,0.99035573,0.9906148,0.99025524,0.99268895,0.9907561,0.99159193,0.9914342,0.991194,0.9902318,0.9915501,0.9929418,0.99181557,0.9920149,0.99179566,0.9908419,0.9907278,0.99224025,0.99233943,0.9900732,0.9920234,0.9919373,0.9922703,0.99004316,0.9896061,0.9894466,0.99175245,0.9920331,0.99125993,0.99103814,0.99194133,0.99096656,0.9909294,0.993079,0.9913227,0.9909703,0.9916669,0.99232113,0.991768,0.98917615,0.99227107,0.99255985,0.99146587,0.9914798,0.98891014,0.99241275,0.9912157,0.99055725,0.99106985,0.98926795,0.98847646,0.99108905,0.9916589,0.99100107,0.9909239,0.98959476,0.9910416,0.989004,0.99068695,0.9909456,0.99090815,0.99092495,0.9908709,0.99167067,0.99173576,0.992336,0.9925447,0.99202126,0.9922536,0.99204296,0.99192953,0.99073106,0.9907354,0.99086,0.9923893,0.99137396,0.99121785,0.9910652,0.99092096,0.9905665,0.9903168,0.9914456,0.9899809,0.9919947,0.9922426,0.9914438,0.98970556,0.9927151,0.9911242,0.991073,0.991184,0.9908254,0.9925145,0.99290717,0.99279565,0.9915807,0.99046504,0.9906941,0.99162513,0.99256164,0.9919575,0.99260116,0.9912345,0.9919997,0.9914023,0.99120563,0.991825,0.99137455,0.992483,0.9924515,0.9909096,0.98992,0.99204224,0.99253786,0.9914957,0.99175364,0.990669,0.9907131,0.9910778,0.99070925,0.9917142,0.9907912,0.99135745,0.9913961,0.9929713,0.99112403,0.992471,0.9907511,0.9923001,0.9926109,0.99201703,0.99181527,0.989979,0.99131435,0.9916361,0.9916534,0.99136806,0.9930096,0.99155504,0.9924488,0.99111515,0.9910454,0.99108845,0.99204004,0.9917264,0.9911473,0.99247867,0.99277997,0.9918379,0.9928366,0.99148923,0.9927366,0.99112034,0.99250185,0.9924709,0.99021786,0.99256694,0.99149543,0.9911861,0.9920063,0.9919729,0.9921734,0.99067295,0.9913011,0.9915073,0.9913555,0.9907503,0.9921354,0.9911685,0.9919554,0.99095595,0.99157804,0.9916418
ipip190,0.995411,0.9955947,0.99553716,0.99535066,0.9958583,0.9953187,0.9956683,0.99610543,0.9963605,0.9954438,0.99620706,0.9961955,0.99625695,0.99597836,0.9956229,0.9960551,0.9964846,0.99574685,0.9963062,0.9964446,0.9964653,0.9957005,0.99628806,0.9963813,0.9960795,0.9960747,0.99555045,0.996529,0.9965381,0.99642956,0.9955301,0.9961791,0.99514997,0.9963563,0.9957,0.9960709,0.9961936,0.9959828,0.99620306,0.9963884,0.9956257,0.9960281,0.9959574,0.9951557,0.9955809,0.9959409,0.99651897,0.99531335,0.996275,0.996096,0.99562806,0.9922119,0.99591285,0.9957622,0.99509877,0.99615663,0.9946977,0.9957948,0.99562997,0.99636966,0.9961424,0.9962111,0.99642164,0.99594426,0.99589485,0.9961259,0.9961125,0.99604094,0.99633974,0.99587363,0.9958804,0.99726695,0.9945076,0.99587715,0.99606353,0.993787,0.9999987,0.9984546,0.99709934,0.99684215,0.99618465,0.9962768,0.99598527,0.9958928,0.99613863,0.9961201,0.9962224,0.99630696,0.9955089,0.9962545,0.9961136,0.995934,0.99590725,0.9946588,0.99447733,0.9952195,0.99550384,0.9958747,0.9947023,0.9957169,0.99666804,0.99599767,0.9963617,0.99650794,0.99665064,0.99508804,0.9964195,0.99568135,0.9967479,0.9957079,0.99617326,0.99434435,0.9963039,0.9959872,0.99621034,0.9960936,0.99617,0.9961611,0.99581426,0.9965708,0.9962651,0.99601585,0.99627364,0.99620813,0.99590844,0.99569976,0.99635726,0.9965808,0.99573976,0.9960618,0.996374,0.99329096,0.9959818,0.9957043,0.99584955,0.99654084,0.99659675,0.99667907,0.9960709,0.99578625,0.99577564,0.99657416,0.995906,0.9962609,0.9962218,0.9954201,0.9963269,0.99625015,0.9954019,0.99654925,0.9963423,0.99632466,0.9961271,0.99497116,0.9953622,0.9962944,0.99659365,0.99609244,0.99488366,0.9952755,0.9957014,0.9965509,0.99603504,0.9952175,0.9956432,0.9908373,0.99639505,0.9964218,0.996284,0.9957576,0.99577844,0.9954239,0.9952863,0.9962415,0.9958555,0.99605346,0.9961464,0.99617726,0.99587554,0.9963945,0.9961147,0.995847,0.9962489,0.99593294,0.9941374,0.99571586,0.9960471,0.9960547,0.9961362,0.9962276,0.9966444,0.9960953,0.99605095,0.99587065,0.9962444,0.995929,0.9962593,0.9960089,0.99586093,0.996585,0.9964348,0.9958487,0.9961753,0.99607277,0.9960652,0.99598336,0.99622995,0.9946341,0.9960917,0.99578375,0.9959202,0.99555707,0.9959576,0.99616194,0.9957569,0.9953669,0.99665517,0.99151134,0.9962042,0.9965406,0.9963525,0.99580514,0.99590945,0.99645936,0.99535245,0.99618703,0.995752,0.9966921,0.99344206,0.9955151,0.9963882,0.9958322,0.9959749,0.9960958,0.9960658,0.9955404,0.9963376,0.99584866,0.9962045,0.9960231,0.9963269,0.9963477,0.9959929,0.9960063,0.9963466,0.99645823,0.99556834,0.9959867,0.99322313,0.9958888,0.9965468,0.9963384,0.99578565,0.9964566,0.9961389,0.9960458,0.99590033,0.99613434,0.9957348,0.99639463,0.99610376,0.9954117,0.9963001,0.9946185,0.99581814,0.9961912,0.9963285,0.99571997,0.99620044,0.9942292,0.9960391,0.9959128,0.9962984,0.99633646,0.99646956,0.99608886,0.9961579,0.99636066,0.99547935,0.99575686,0.9956683,0.99614143,0.99602306,0.9955951,0.99646276,0.9936072,0.9929108,0.9950768
ipip220,0.99764174,0.9964012,0.9971777,0.9961501,0.9974124,0.9964242,0.9977349,0.9968904,0.99765646,0.99608606,0.9967812,0.9977263,0.996739,0.99676496,0.9962547,0.99733335,0.99787986,0.9963827,0.9977835,0.9976996,0.9977689,0.99721485,0.9975599,0.9976757,0.9969809,0.9975565,0.99583316,0.99773186,0.99762595,0.9974375,0.9972269,0.9971978,0.9965534,0.99776435,0.99772584,0.9972704,0.99778473,0.997893,0.997711,0.99764335,0.9961479,0.99738735,0.9967931,0.99632794,0.9958003,0.9974647,0.99694186,0.9963003,0.9974615,0.99681044,0.9968149,0.9914032,0.99720657,0.9964283,0.9952482,0.9966079,0.99564534,0.9959901,0.9963785,0.99753445,0.9977552,0.9972876,0.9979347,0.99723953,0.9971783,0.9969838,0.9977485,0.9976516,0.9978475,0.99647915,0.9978269,0.99793524,0.99491125,0.99675345,0.9966189,0.99279165,0.9984546,1.0000005,0.9971858,0.99756646,0.99715906,0.9981339,0.9968029,0.9978157,0.99750304,0.9980553,0.9978414,0.9968396,0.9961111,0.9976375,0.9971204,0.9978897,0.99746865,0.995053,0.99474174,0.99525326,0.9975839,0.99624133,0.9953254,0.99525267,0.99733216,0.9978862,0.9975841,0.99766535,0.9980381,0.99493337,0.9979304,0.99621177,0.9977597,0.99778736,0.9980808,0.99569225,0.9972503,0.99707824,0.99788606,0.99675286,0.99780905,0.9978363,0.9977829,0.99734783,0.9978637,0.99700403,0.9976995,0.9976448,0.997551,0.9966975,0.9971329,0.9979213,0.99649143,0.99711525,0.9978542,0.9927413,0.9961796,0.9959065,0.9973978,0.9977516,0.99760383,0.9975453,0.9980398,0.997726,0.9979052,0.9977473,0.9968829,0.99746346,0.9976471,0.9957748,0.9979855,0.9977957,0.9954414,0.997941,0.99802953,0.99764717,0.9961882,0.9952925,0.997539,0.997284,0.9974739,0.99681926,0.9956924,0.99751675,0.99542797,0.99804115,0.9973817,0.9962208,0.9977247,0.9907431,0.99775183,0.99741584,0.99749076,0.9966962,0.99783367,0.9960411,0.9974462,0.99769896,0.9973807,0.99780416,0.9977913,0.9974309,0.99685526,0.9974098,0.9964184,0.9966784,0.99699897,0.99666333,0.9943237,0.9966202,0.9976491,0.99767935,0.9977262,0.99641305,0.9981866,0.9976971,0.9976998,0.99741334,0.99808514,0.99791193,0.9978016,0.99795514,0.99645597,0.99693316,0.9975605,0.9977811,0.99628276,0.9977668,0.997443,0.9970249,0.9978772,0.9940245,0.99659437,0.9959598,0.99707043,0.99707896,0.99749833,0.9971058,0.9958993,0.9959647,0.99768853,0.9904842,0.9973468,0.9978273,0.9978308,0.99689674,0.99722064,0.9971018,0.9960155,0.9978916,0.9976864,0.99766105,0.99259365,0.99647903,0.9973675,0.99722284,0.9974661,0.99758327,0.9977736,0.9957826,0.99756026,0.99675924,0.9975013,0.99646074,0.99754053,0.99713624,0.99773955,0.99664354,0.9972403,0.9977778,0.9961809,0.997877,0.9930988,0.9965949,0.9978015,0.9976783,0.9957093,0.99772245,0.9965348,0.9972492,0.9972315,0.99745595,0.99610966,0.9976361,0.9977492,0.99562913,0.9971283,0.99478316,0.9960583,0.99735403,0.9970368,0.9968742,0.9970629,0.9943112,0.99797577,0.9961389,0.99723285,0.9978207,0.99761635,0.9968947,0.99682856,0.9977132,0.99630564,0.997212,0.9966889,0.9977643,0.9969322,0.9966198,0.99750745,0.9936616,0.9921061,0.99580336
ipip250,0.9963705,0.99689,0.9965513,0.9969435,0.9969224,0.99637604,0.9968735,0.99695647,0.9981254,0.99702644,0.9969288,0.99686885,0.9968977,0.9966459,0.9967059,0.996644,0.99716675,0.9968693,0.9970149,0.9970439,0.9972635,0.99659586,0.9973653,0.997897,0.99683744,0.99678993,0.9976442,0.9975931,0.9966876,0.9974874,0.9971006,0.9977236,0.9969062,0.99691886,0.99651295,0.9970373,0.9968319,0.99674034,0.996845,0.99686414,0.9969345,0.9973026,0.9972843,0.99611384,0.99707365,0.9969731,0.9972772,0.99641335,0.9969628,0.9963551,0.99699867,0.9941002,0.99716073,0.9969532,0.9978577,0.9978235,0.99551284,0.99722344,0.9969136,0.9981239,0.9965027,0.9966234,0.997012,0.9971564,0.99667996,0.9970729,0.99671465,0.9973426,0.99720055,0.9972011,0.99667346,0.99776095,0.99542093,0.99677294,0.9966382,0.99293727,0.99709934,0.9971858,0.99999946,0.9993331,0.99696624,0.99667466,0.9958271,0.9964443,0.99664605,0.99661934,0.9964174,0.99674565,0.9962193,0.9967563,0.9963726,0.996497,0.9963468,0.9948069,0.9951773,0.9955474,0.99636006,0.9981133,0.9953566,0.99597037,0.996847,0.9973294,0.9965701,0.9969922,0.9969697,0.9963032,0.9967804,0.99646795,0.99747956,0.9962493,0.9969811,0.9947818,0.9966806,0.9964463,0.9967647,0.9969261,0.99646,0.9969991,0.99657,0.9968596,0.996953,0.9968656,0.9978675,0.99729836,0.99658704,0.9973075,0.99779576,0.99750364,0.9984256,0.9967127,0.9972229,0.99393797,0.99692494,0.9963752,0.9966072,0.99776906,0.9974835,0.99819964,0.99704814,0.99659675,0.9963764,0.9971703,0.99689394,0.9972303,0.9967615,0.99598914,0.99682766,0.9971039,0.99716747,0.99705106,0.99762785,0.9974456,0.9961144,0.9957278,0.9961337,0.99721974,0.9973584,0.9970263,0.9953159,0.9961233,0.9967599,0.9976714,0.99679667,0.99678445,0.9965385,0.9920134,0.99760795,0.99710035,0.9970029,0.9962447,0.99665385,0.9961566,0.9959748,0.9973398,0.9981323,0.9971714,0.99720323,0.99709934,0.9975608,0.9974544,0.9968819,0.99890023,0.9974937,0.998672,0.9958635,0.99677527,0.9970792,0.997258,0.99726504,0.99728805,0.9970501,0.9974837,0.9973381,0.99825716,0.9968478,0.9970074,0.99722624,0.99704206,0.9970456,0.9974489,0.99715537,0.9968809,0.99689204,0.9973351,0.9974831,0.9976376,0.9977392,0.9957267,0.9975158,0.9972984,0.9974874,0.9962417,0.99825317,0.9978404,0.99882525,0.99650973,0.9971724,0.99274886,0.99669796,0.99695,0.9972589,0.99667066,0.99687153,0.9974829,0.99610406,0.9970366,0.99676085,0.9977814,0.9951702,0.9966039,0.9975191,0.99700934,0.99728054,0.99721724,0.9969213,0.9970606,0.9969602,0.9967604,0.9970102,0.9968993,0.9968782,0.9968795,0.99688405,0.99751973,0.9973883,0.99758357,0.9966023,0.9968564,0.99456334,0.99692804,0.99797666,0.99787825,0.99706155,0.99794,0.9976347,0.99673927,0.99686223,0.9975201,0.9964545,0.9972648,0.99740005,0.9980018,0.9973249,0.99605554,0.9976381,0.9972554,0.9971049,0.99734014,0.997036,0.9953792,0.9971769,0.9976296,0.9975864,0.9974819,0.997808,0.9971875,0.9972343,0.9970305,0.9967328,0.99696696,0.9980655,0.9972493,0.99733365,0.9980228,0.99752975,0.9951336,0.9938905,0.9961402
ipip280,0.99730605,0.99679404,0.99702877,0.9967913,0.9975356,0.9968332,0.99758846,0.99697787,0.99842346,0.99676824,0.99696517,0.99754745,0.99679166,0.99658823,0.99675846,0.99711293,0.99755836,0.99686676,0.997531,0.997399,0.99758744,0.99717474,0.99771285,0.9982875,0.99707496,0.99730945,0.99730355,0.9978322,0.9969911,0.9976735,0.9977164,0.99794245,0.99718237,0.99746454,0.99741274,0.9975204,0.99727535,0.99744636,0.99737763,0.99748695,0.9968395,0.9975717,0.9973116,0.9964008,0.996793,0.99755585,0.9973012,0.99666256,0.9973525,0.9965694,0.9973678,0.9930186,0.99769133,0.9968395,0.9972258,0.9972781,0.99593544,0.99685353,0.9966726,0.9981251,0.9972791,0.99715054,0.9976606,0.9976723,0.99715334,0.9972358,0.9974431,0.99806756,0.99776953,0.9973393,0.998027,0.9980867,0.9955516,0.9976521,0.9968345,0.9922064,0.99684215,0.99756646,0.9993331,0.9999991,0.99738026,0.99744374,0.9960585,0.99730784,0.99719536,0.9975748,0.9971554,0.9965819,0.996487,0.997382,0.99677366,0.99737513,0.9970412,0.9948018,0.9950262,0.99532306,0.9974199,0.9980338,0.9955418,0.9954711,0.99706316,0.99811774,0.9970797,0.99742925,0.99752265,0.995996,0.9974006,0.9966471,0.9979177,0.99725163,0.9978472,0.99524176,0.99696773,0.9966938,0.99742734,0.9970544,0.9971056,0.99763155,0.9973763,0.9969847,0.99744976,0.9970165,0.99804467,0.99769855,0.99718004,0.99741375,0.99765867,0.9977729,0.99839,0.9968958,0.99769646,0.9929114,0.9968112,0.99607164,0.9972185,0.99809337,0.9977984,0.9982291,0.9978085,0.99761045,0.9974442,0.99758375,0.9969225,0.997669,0.99737847,0.99574834,0.99758387,0.99770176,0.99668634,0.9975416,0.9982649,0.9978661,0.9960598,0.99548405,0.9971107,0.99743265,0.9974744,0.99717116,0.99541634,0.99718857,0.99624246,0.99820083,0.9971718,0.99699485,0.9975968,0.99138397,0.99791646,0.9974166,0.9975395,0.9965399,0.99762416,0.99639964,0.9969975,0.99782443,0.99866945,0.9977985,0.9978552,0.9976841,0.99765986,0.9977938,0.99681795,0.99888605,0.99764216,0.99875057,0.9955503,0.9969358,0.9976483,0.9978423,0.99786025,0.997214,0.9976857,0.9980956,0.99797857,0.9987772,0.99763644,0.99786335,0.9978299,0.99787873,0.9971729,0.9974353,0.9975312,0.9977735,0.99687725,0.9980162,0.9979673,0.99801713,0.99836445,0.9951438,0.99739265,0.9969357,0.9976775,0.9968401,0.9987745,0.9980545,0.9983761,0.9965258,0.9974085,0.99172765,0.99713427,0.99749225,0.9977846,0.9970905,0.99735636,0.9976453,0.99607635,0.99777645,0.9975968,0.9981461,0.9943413,0.9969378,0.99786437,0.99759823,0.9978034,0.9978474,0.99770933,0.99696004,0.9974614,0.99698406,0.99749935,0.9969102,0.9973611,0.9970743,0.9976463,0.99763215,0.9976819,0.9980232,0.9968133,0.9976716,0.99418706,0.9971661,0.9984737,0.99842215,0.9966925,0.99835914,0.9974851,0.9971107,0.99711424,0.9980068,0.99636775,0.99776995,0.997993,0.997641,0.99740285,0.99571764,0.99716675,0.9978654,0.99705327,0.9976437,0.99716,0.9950095,0.9980911,0.9976285,0.99794245,0.9979343,0.9980882,0.9973617,0.9972515,0.99759734,0.99684227,0.99742764,0.99834114,0.9978016,0.99758005,0.9983075,0.99766254,0.994981,0.99289984,0.99623644
ipip15,0.997169,0.99685174,0.9971472,0.99655527,0.99738693,0.99658704,0.99718267,0.99666786,0.99757755,0.996372,0.9967914,0.9988253,0.997049,0.9967039,0.99764633,0.99718773,0.997262,0.9966269,0.9976192,0.99715286,0.9973916,0.99711984,0.99782056,0.99746275,0.9970366,0.9969424,0.9962405,0.9973348,0.9968072,0.9972474,0.997117,0.997236,0.99664277,0.9971731,0.9971759,0.99734944,0.9970523,0.9971279,0.99721843,0.9971995,0.9961286,0.997169,0.99698144,0.9961327,0.99629205,0.9972933,0.9970639,0.9970495,0.9971621,0.996691,0.99693376,0.9920554,0.9973549,0.9961606,0.99588275,0.9968816,0.99585736,0.9969976,0.9965844,0.99744433,0.9974182,0.99720186,0.9975571,0.99718755,0.9973605,0.99750316,0.99713135,0.99766517,0.99742794,0.9969941,0.99732447,0.99773246,0.99545115,0.99691224,0.9974838,0.9918817,0.99618465,0.99715906,0.99696624,0.99738026,1.0000007,0.9976237,0.99643725,0.9974519,0.9975614,0.99781203,0.99718934,0.9966455,0.99702775,0.99736696,0.9970448,0.9973938,0.99710697,0.99499077,0.9952489,0.9957487,0.9971591,0.996696,0.9955746,0.99551606,0.9970827,0.99754065,0.9972082,0.99736094,0.99792856,0.99576664,0.997144,0.99673617,0.99755347,0.996906,0.9976492,0.9955711,0.997735,0.9966911,0.997262,0.9974511,0.99696517,0.99743015,0.9971982,0.99703646,0.9973419,0.996728,0.99737257,0.99725646,0.996948,0.9968576,0.9968608,0.99752045,0.99693906,0.9966692,0.99738824,0.99345475,0.9968356,0.9960714,0.9968263,0.99776876,0.9974091,0.99749655,0.99751884,0.9971824,0.9973043,0.99847245,0.99692464,0.99767977,0.997455,0.9961376,0.9974911,0.9972841,0.99606603,0.99736565,0.99756986,0.9975473,0.9963485,0.9955931,0.9969088,0.99763256,0.9976675,0.99679285,0.99543333,0.99680144,0.9960914,0.99772906,0.99693465,0.99695706,0.9971608,0.9907124,0.99714875,0.99723905,0.99694926,0.9963888,0.9973156,0.9965007,0.9965667,0.99724007,0.9972972,0.99745166,0.99736965,0.99722975,0.99670523,0.99716944,0.9964883,0.9969479,0.997049,0.9969568,0.9947777,0.99683434,0.99715006,0.9972178,0.9972759,0.9964714,0.9973172,0.9974238,0.9973803,0.9973219,0.9974858,0.9974892,0.99730325,0.9972322,0.9962708,0.9969832,0.997095,0.9971124,0.9963163,0.9973213,0.9972812,0.997144,0.9974787,0.99479526,0.9972191,0.9961397,0.9971307,0.996451,0.99729526,0.99697995,0.9964326,0.99626803,0.9973075,0.9919139,0.99706334,0.9974751,0.9976773,0.99680424,0.99708384,0.9975184,0.9958999,0.9974451,0.99700147,0.99731123,0.9936862,0.9965138,0.9970555,0.99691415,0.99750125,0.9978618,0.997338,0.99591887,0.9970582,0.9966957,0.99728245,0.9967285,0.9973626,0.99714535,0.99717695,0.9967971,0.99700963,0.9975391,0.9969867,0.9974055,0.99326825,0.99686766,0.99767876,0.99766326,0.9961583,0.99764234,0.99681616,0.9967752,0.99667776,0.9975414,0.99624246,0.99851227,0.9973869,0.9961528,0.9969152,0.99507254,0.9965505,0.99740374,0.9973255,0.9972219,0.99742085,0.9954949,0.9974793,0.9968921,0.9973188,0.9974688,0.99757683,0.9974409,0.9973154,0.99740666,0.99656636,0.9972648,0.9971551,0.9975914,0.9972424,0.9972164,0.99749315,0.994729,0.99288404,0.9967123
ipip45,0.9985224,0.9964244,0.9978605,0.9960734,0.99790025,0.9966417,0.9984542,0.99688846,0.9979129,0.9958835,0.9968471,0.99848086,0.99654204,0.9965473,0.99600846,0.9976144,0.99797153,0.99621034,0.9979887,0.99780905,0.9980164,0.99766904,0.9979122,0.9978487,0.997112,0.99757326,0.9953817,0.9978892,0.99730146,0.99737394,0.99779123,0.997449,0.99691534,0.99810016,0.9984684,0.99768335,0.99806494,0.9984453,0.997998,0.99809253,0.99575144,0.9975007,0.9966679,0.9965428,0.99537283,0.997839,0.9967862,0.99652725,0.99765736,0.9966217,0.99703944,0.99022114,0.99767107,0.99622893,0.99484605,0.9963901,0.99599725,0.99551386,0.9961096,0.9977362,0.9983647,0.997549,0.9983514,0.9976216,0.9974497,0.9970158,0.998267,0.9980812,0.99796337,0.9963657,0.9984998,0.99779904,0.99462444,0.9970384,0.9965926,0.99083364,0.9962768,0.9981339,0.99667466,0.99744374,0.9976237,0.9999986,0.99689096,0.99865,0.9979299,0.9987104,0.99888486,0.9964663,0.9960008,0.99802804,0.9971674,0.9984469,0.9979829,0.99461156,0.99435544,0.99504906,0.99850833,0.99609977,0.9950498,0.9943503,0.9972944,0.99862003,0.9976529,0.9976475,0.99839497,0.99416816,0.9981758,0.9963306,0.9978589,0.9984683,0.9988269,0.9960384,0.99766797,0.99687946,0.99849886,0.99678487,0.9980054,0.99828964,0.9982272,0.9973179,0.9982987,0.9970555,0.997807,0.997831,0.9979631,0.99666977,0.9968831,0.997939,0.9964193,0.99755085,0.99820024,0.9917957,0.99589413,0.99528337,0.997961,0.99785477,0.99739534,0.9974804,0.99861133,0.99834585,0.9986185,0.99791855,0.9968248,0.9976516,0.9979054,0.9951918,0.998679,0.9980183,0.99482155,0.99824315,0.998512,0.99779725,0.995661,0.9948208,0.99828935,0.99729955,0.9974535,0.99657804,0.9951438,0.9982147,0.9947847,0.9983515,0.9975051,0.9964384,0.9983817,0.9898502,0.99789965,0.9974524,0.99765795,0.99669033,0.99853307,0.99588764,0.9980304,0.9980315,0.99780935,0.9982475,0.9981426,0.99767494,0.9968757,0.99752396,0.9961931,0.9965574,0.99683225,0.9966008,0.99387044,0.9966371,0.9981196,0.99812764,0.99817115,0.9962306,0.99847317,0.9982521,0.99829245,0.99787056,0.99923587,0.9986792,0.9981474,0.9985307,0.996281,0.9966761,0.99778116,0.9984104,0.9957903,0.9982125,0.9977254,0.99733686,0.99835944,0.99323106,0.9962629,0.99537206,0.9972255,0.99730307,0.99797183,0.99714136,0.99552566,0.9957759,0.9976865,0.98964435,0.9975169,0.9979751,0.9981938,0.99705243,0.9976455,0.9971825,0.99580675,0.99843305,0.99831283,0.9976253,0.9916095,0.99663144,0.9974749,0.99778295,0.99798757,0.99810696,0.9983083,0.9957531,0.9978351,0.9967502,0.99775213,0.9961084,0.99766463,0.9969981,0.99821514,0.99648696,0.9972444,0.9978966,0.9961989,0.99843556,0.99226606,0.9964291,0.9979391,0.99801224,0.9950294,0.9979719,0.99624354,0.9974522,0.9973355,0.99788034,0.9957642,0.99796027,0.9982702,0.99531966,0.9971539,0.99444586,0.99577266,0.99759144,0.9968773,0.9970328,0.9970416,0.99399734,0.99863887,0.9959462,0.99739856,0.9981573,0.99764866,0.9970922,0.9968506,0.9980464,0.9963342,0.99740267,0.9968318,0.99821776,0.9969617,0.9968404,0.99756056,0.9933376,0.9909349,0.99589795
ipip75,0.9961339,0.99521726,0.99596894,0.99511987,0.9959804,0.99519306,0.9961986,0.9956015,0.99630994,0.9949789,0.99657017,0.9966015,0.995987,0.99570704,0.99530786,0.9963003,0.9964431,0.9953299,0.99656683,0.99627286,0.9965463,0.9960633,0.9962924,0.9962726,0.9957404,0.9961269,0.99485373,0.996428,0.99617314,0.99631727,0.99585766,0.9960777,0.9952323,0.9963074,0.9961411,0.99589676,0.9965142,0.9963976,0.9964758,0.9964264,0.99493814,0.9960791,0.9958085,0.99527735,0.9949016,0.9962097,0.9960402,0.99538684,0.9963808,0.99562305,0.9955959,0.9909286,0.99606436,0.9953431,0.994246,0.99556315,0.99459547,0.99520284,0.99552786,0.99626386,0.9969207,0.99642956,0.9969903,0.9959242,0.99589837,0.9961364,0.99627155,0.99618644,0.9962619,0.9952776,0.9961828,0.9967532,0.99385583,0.9957542,0.9960784,0.9918147,0.99598527,0.9968029,0.9958271,0.9960585,0.99643725,0.99689096,0.99999905,0.9965204,0.9964733,0.9966226,0.9966422,0.99616456,0.9952541,0.9961986,0.9959612,0.99665457,0.99638975,0.9942951,0.9944207,0.99479264,0.996145,0.9955467,0.99527067,0.99454325,0.997213,0.9965062,0.99672574,0.996649,0.99709564,0.9943088,0.9966495,0.9952826,0.99666005,0.9963384,0.9965449,0.9946386,0.9962069,0.9957876,0.99660176,0.9961035,0.9962437,0.9964256,0.9963283,0.99638826,0.99665487,0.99598193,0.9962457,0.9963706,0.9962087,0.99545425,0.99577075,0.99655783,0.99529475,0.99569017,0.9964728,0.99251366,0.99521774,0.9947513,0.9960301,0.9965035,0.99600565,0.99633646,0.9964559,0.9960469,0.9963985,0.9966071,0.99585694,0.9962182,0.9964151,0.99476594,0.99619925,0.9962469,0.994634,0.99664575,0.99670315,0.99657345,0.9956181,0.9947523,0.99598974,0.996176,0.9963756,0.9955778,0.9944951,0.99585176,0.9946219,0.9966287,0.9960913,0.99533665,0.9960714,0.99026346,0.99634063,0.99611515,0.9961724,0.99568087,0.9962518,0.9949379,0.99580455,0.9963397,0.99601483,0.9963342,0.9963208,0.9960413,0.9956438,0.99637806,0.99556726,0.99542654,0.99607706,0.9954291,0.99348867,0.99567825,0.99643433,0.9963582,0.99641186,0.9954167,0.9967324,0.996409,0.99644995,0.9960527,0.9964574,0.9965011,0.99646133,0.9963493,0.99531275,0.9959393,0.9964533,0.99619347,0.99537486,0.9964379,0.99613184,0.9959461,0.9963928,0.9932424,0.9955687,0.9950199,0.9957908,0.99541867,0.9961437,0.99584866,0.99505687,0.99524045,0.9966698,0.99012786,0.9962632,0.99675554,0.99653137,0.99584603,0.9959519,0.99650574,0.9961024,0.99666476,0.99618423,0.9964338,0.9922836,0.99536055,0.99628794,0.99599767,0.9963045,0.99639124,0.99648535,0.9950482,0.99606884,0.9954975,0.996094,0.9954348,0.99630046,0.99622273,0.9962573,0.99552506,0.9960478,0.99628985,0.99513125,0.99642444,0.99193287,0.99541515,0.996512,0.9964341,0.9951311,0.9965667,0.99571943,0.9963048,0.99583477,0.99630594,0.9951732,0.9965439,0.99641967,0.99479383,0.99605215,0.99415594,0.9951195,0.9961678,0.9960819,0.9956026,0.9960473,0.993624,0.99639857,0.99509716,0.99616563,0.99648625,0.99635667,0.9960236,0.9960209,0.9963945,0.9953098,0.9958723,0.99541515,0.99634624,0.99574596,0.9954235,0.9963929,0.9927618,0.9923451,0.9954225
ipip105,0.9987201,0.9963065,0.99819773,0.99602914,0.9980434,0.99669164,0.99863493,0.9968726,0.9977784,0.995837,0.99682784,0.99830025,0.9964632,0.9962578,0.99592733,0.9977266,0.99787444,0.9963032,0.9979716,0.9977378,0.99789137,0.99762374,0.9978223,0.9976969,0.9970606,0.99774724,0.9954614,0.9978241,0.99730134,0.997319,0.9978485,0.99737495,0.9970724,0.99806225,0.99874705,0.99756557,0.99840796,0.99868244,0.99801123,0.9978323,0.9957231,0.99772215,0.99654084,0.9966413,0.9951755,0.99795467,0.9965372,0.9967305,0.99765253,0.9965316,0.9972126,0.98993766,0.9975524,0.99600524,0.99461037,0.9960797,0.99605036,0.99532014,0.99592555,0.9976299,0.9983235,0.99754614,0.99821454,0.99750334,0.9975602,0.9968817,0.9983307,0.9982592,0.99793667,0.99627453,0.99852645,0.9975452,0.99444664,0.9967515,0.9963315,0.98979664,0.9958928,0.9978157,0.9964443,0.99730784,0.9974519,0.99865,0.9965204,1.0000004,0.997983,0.9987847,0.9983642,0.99622405,0.99620694,0.9984832,0.99719805,0.99852663,0.99775684,0.9942966,0.9942151,0.9946151,0.9985845,0.99588674,0.99495566,0.9937686,0.99699587,0.9983646,0.9975233,0.99765337,0.9979993,0.9938513,0.99803716,0.99601674,0.9975431,0.99839234,0.99871,0.9959649,0.9970808,0.99680954,0.99838537,0.9965548,0.99801433,0.9984002,0.9983995,0.9967909,0.9982116,0.99701804,0.997785,0.9979056,0.99814427,0.996714,0.9965427,0.9978446,0.99622667,0.9968311,0.9981071,0.9919596,0.995542,0.99509853,0.99787575,0.99765736,0.99722755,0.99734217,0.99854857,0.9984627,0.99875015,0.99788195,0.99698424,0.9976618,0.9979323,0.9951777,0.99818146,0.99814576,0.99467605,0.9980404,0.99827445,0.99756664,0.9952561,0.9944865,0.9984271,0.9970765,0.9970388,0.99633276,0.9950314,0.99841505,0.994457,0.998224,0.99774,0.99637526,0.99851394,0.9895076,0.99793994,0.9970464,0.99782664,0.9967806,0.9986146,0.9960768,0.998415,0.9979718,0.997866,0.9983813,0.99810475,0.997785,0.9966973,0.99748755,0.99584985,0.99636716,0.9967375,0.99641913,0.9937474,0.99650407,0.9981053,0.99813575,0.9981897,0.99585116,0.9982816,0.99810886,0.99819076,0.99785197,0.9984395,0.99868375,0.99798894,0.9986212,0.99605095,0.996421,0.99744016,0.9984583,0.99544704,0.99816763,0.99767685,0.9972169,0.9983471,0.9929809,0.9961142,0.9952585,0.9969944,0.9973652,0.9980252,0.9970367,0.99535424,0.9957333,0.9973918,0.9892521,0.9974575,0.99786925,0.99809384,0.99681455,0.99741083,0.9966942,0.9953829,0.9983111,0.9984005,0.99742115,0.990992,0.9965202,0.9972381,0.9976241,0.99797094,0.9981268,0.9982006,0.9955994,0.9977584,0.9966764,0.99768484,0.99584305,0.99752724,0.9967563,0.99826247,0.99633664,0.997086,0.99776804,0.99608076,0.99847496,0.9921756,0.99631655,0.9979848,0.9980479,0.9948143,0.9979019,0.9961147,0.9972353,0.9973195,0.9976142,0.9954545,0.9979555,0.99817514,0.9949445,0.996745,0.9940742,0.995595,0.9974091,0.996523,0.99684453,0.99669427,0.99328977,0.99859935,0.99574137,0.99717623,0.9981321,0.9973867,0.99686503,0.9966782,0.9979156,0.996151,0.9973585,0.99674964,0.99822867,0.9968119,0.9967958,0.99748987,0.99335146,0.9904873,0.99562204
ipip135,0.997924,0.996467,0.9976917,0.9962964,0.9977053,0.99634767,0.99787134,0.9968461,0.99762356,0.99614453,0.9966491,0.99784124,0.9967349,0.9967443,0.9960594,0.9971685,0.99748,0.9965481,0.99774724,0.99744004,0.9976738,0.99731416,0.997648,0.997575,0.9968997,0.99757147,0.9960606,0.9976902,0.99728197,0.997308,0.9972387,0.9972689,0.996404,0.9976277,0.99782735,0.9972835,0.9977457,0.9978063,0.9975383,0.99754316,0.9960142,0.997513,0.99679625,0.99665904,0.9957219,0.9975974,0.9970008,0.9964798,0.99750423,0.996759,0.9970426,0.9914514,0.9973919,0.9965472,0.99523264,0.9966667,0.99614066,0.9962322,0.9963051,0.9974277,0.9975028,0.9972465,0.9977039,0.9972621,0.99715495,0.99679714,0.9976018,0.99764466,0.99746823,0.9964904,0.9976879,0.99756247,0.99451166,0.9966216,0.99679136,0.9907677,0.99613863,0.99750304,0.99664605,0.99719536,0.9975614,0.9979299,0.9964733,0.997983,1.0000008,0.9978048,0.99750465,0.99654055,0.9962128,0.997385,0.99693316,0.99775845,0.9973167,0.9948032,0.9945909,0.9949725,0.99760145,0.9961835,0.9950895,0.9946042,0.9969106,0.9976524,0.99715865,0.9974532,0.99798954,0.9946974,0.99771035,0.9960908,0.9973451,0.9974568,0.9978737,0.9958607,0.99745476,0.99677676,0.9977927,0.99726534,0.99727994,0.997731,0.99788475,0.99685067,0.99766666,0.9969466,0.9975979,0.9976906,0.9975861,0.996588,0.99693006,0.997681,0.99647987,0.99663574,0.9976132,0.9933605,0.9962462,0.9957862,0.99720997,0.9976647,0.99712414,0.9973052,0.99780077,0.9977586,0.9978268,0.9978058,0.99694556,0.99759716,0.9975775,0.99569434,0.99771875,0.9975083,0.9954665,0.9978861,0.99767905,0.99732673,0.99604905,0.9947785,0.99754256,0.99732715,0.9974763,0.9967476,0.99530023,0.9974817,0.99562544,0.99793714,0.9973026,0.9962863,0.99768806,0.9904111,0.9979465,0.9971012,0.99745077,0.99697363,0.99784607,0.9963628,0.9974612,0.99777496,0.99742466,0.9977351,0.9976696,0.9974112,0.99660945,0.9973976,0.99654853,0.9964808,0.9968719,0.9966181,0.9942156,0.996546,0.99766,0.99769306,0.99773115,0.9962806,0.9979366,0.9976667,0.99768424,0.997412,0.99789274,0.99786025,0.9977527,0.99794394,0.9962781,0.9969866,0.9975086,0.99773484,0.99630195,0.9977758,0.9975971,0.9969989,0.99779993,0.9935923,0.99646646,0.9957931,0.99708545,0.9968775,0.9974373,0.9969144,0.9957777,0.9959925,0.9975656,0.9906216,0.9972359,0.99769104,0.9979342,0.99671054,0.9972845,0.9973303,0.99558836,0.9976651,0.9976529,0.9974629,0.9925055,0.996414,0.997401,0.99721086,0.9974227,0.9976867,0.997594,0.99588096,0.9977025,0.99685466,0.997551,0.99668074,0.9978638,0.99730295,0.9977215,0.99670994,0.9972521,0.99758136,0.9964852,0.99812585,0.9930587,0.99671394,0.99775344,0.99775624,0.9956828,0.9978592,0.9968403,0.9976374,0.997446,0.9975818,0.9965294,0.9980429,0.99776053,0.9958613,0.9974916,0.9951027,0.99617016,0.9972561,0.9969442,0.9968818,0.9968373,0.99422723,0.9977427,0.99599135,0.99714816,0.997662,0.9974167,0.9970448,0.99716425,0.9976217,0.9962479,0.9974664,0.9967126,0.99776614,0.9968995,0.9967476,0.99744505,0.99383575,0.99192435,0.9958337
ipip165,0.9987475,0.99613744,0.997809,0.9959312,0.99799365,0.9964231,0.9988739,0.9969571,0.9979261,0.99576396,0.9967603,0.9986425,0.99653405,0.996378,0.99620783,0.9980705,0.9981706,0.9960131,0.9982451,0.99821866,0.99806464,0.99756515,0.9978927,0.9978125,0.9968061,0.99793744,0.9952513,0.99811155,0.99743205,0.99745744,0.9978264,0.9974812,0.99709135,0.9980824,0.9989916,0.9977868,0.9985562,0.9990006,0.9982224,0.99805355,0.99583673,0.99778575,0.9965461,0.9966127,0.9950601,0.9979176,0.9964578,0.996419,0.99772686,0.996541,0.9970534,0.9897013,0.9978738,0.99614465,0.9944958,0.99627596,0.99583244,0.99529153,0.9959271,0.99782014,0.9985875,0.997546,0.9985465,0.9972709,0.9975844,0.996821,0.998629,0.9983283,0.99799967,0.9962561,0.99889743,0.9977903,0.9942449,0.9971585,0.99647486,0.9899433,0.9961201,0.9980553,0.99661934,0.9975748,0.99781203,0.9987104,0.9966226,0.9987847,0.9978048,0.99999905,0.9992214,0.9963766,0.9960471,0.9983449,0.99723005,0.9988203,0.9981418,0.9943135,0.9941992,0.99472314,0.9987967,0.9959783,0.9950764,0.9938372,0.99719936,0.9984704,0.9977481,0.99768466,0.9981774,0.9938839,0.9984274,0.9961185,0.9979362,0.99877447,0.99913454,0.9956858,0.9971833,0.99713135,0.99882287,0.9966921,0.99838024,0.99870276,0.9986766,0.9971719,0.9984603,0.9971246,0.99785364,0.99799377,0.9983706,0.99663115,0.99678314,0.99811333,0.996191,0.9969732,0.99846405,0.99136204,0.9958132,0.99497527,0.9981865,0.9978308,0.9972851,0.99766934,0.9990008,0.9987169,0.99896705,0.99802446,0.9968283,0.9977812,0.9980291,0.99519205,0.9983248,0.9980508,0.9947026,0.9981458,0.99849266,0.99754274,0.9952575,0.99437827,0.9987181,0.99723303,0.9971627,0.9966417,0.9950184,0.9987081,0.9947244,0.9987427,0.9980129,0.9963179,0.99885774,0.98969537,0.998329,0.99713093,0.9979274,0.99687326,0.9988673,0.9958749,0.9985795,0.9980168,0.99792045,0.99855125,0.998333,0.99782336,0.99682957,0.99773127,0.9960613,0.99644524,0.99670047,0.99652916,0.99365276,0.9967769,0.99841326,0.9984286,0.9984568,0.99600244,0.99865466,0.9984488,0.998486,0.99792695,0.9985405,0.99897563,0.9983277,0.99893355,0.9961437,0.99645174,0.99779725,0.9987476,0.99563164,0.9984614,0.9976862,0.9971016,0.9985369,0.9928245,0.99616116,0.9953281,0.9970321,0.9974284,0.99806714,0.99711245,0.9955026,0.9955333,0.99774307,0.98890483,0.997665,0.99825424,0.99833095,0.9972035,0.9977934,0.9968365,0.9955053,0.9987477,0.99872226,0.99783796,0.9909576,0.9963871,0.9975977,0.99774104,0.99816644,0.9981268,0.9986082,0.99559397,0.9976819,0.99693674,0.99787056,0.9960817,0.99779046,0.99685746,0.99855113,0.9962547,0.9973455,0.99792826,0.9960191,0.9988056,0.99220407,0.9965146,0.998169,0.9981488,0.9949715,0.9981117,0.99621534,0.9973632,0.99746615,0.99778754,0.99555653,0.9979632,0.99842745,0.9949125,0.9969438,0.99423075,0.995666,0.9978322,0.99679124,0.9968453,0.9969694,0.99311656,0.99906576,0.9958369,0.9972714,0.9985497,0.9976247,0.9971597,0.99690145,0.99800795,0.9960967,0.9974727,0.9967313,0.9985176,0.99704,0.99675375,0.997869,0.9930883,0.9906261,0.9961318
ipip195,0.9981287,0.9959623,0.99747914,0.9956478,0.9974835,0.996103,0.9982741,0.99675417,0.9975826,0.9955141,0.9967609,0.99792004,0.99638337,0.9962223,0.9956914,0.99754417,0.99782485,0.9959234,0.99784005,0.9978663,0.9976593,0.9972339,0.9974117,0.99745244,0.9965812,0.99745196,0.99518776,0.99769795,0.997405,0.9971433,0.9974207,0.99724036,0.99664074,0.99780625,0.9984154,0.99729675,0.99807763,0.9984061,0.9978051,0.99781215,0.9956538,0.9973058,0.9962559,0.99629897,0.99502724,0.9974436,0.9963672,0.99604696,0.99749273,0.99632585,0.9967602,0.99008083,0.99731934,0.99616086,0.99441963,0.9961817,0.9956257,0.9953003,0.9956939,0.99755424,0.99810785,0.9971807,0.9979896,0.99703366,0.99719095,0.99647313,0.9982617,0.9977459,0.9975356,0.99601936,0.9980906,0.99729496,0.99399596,0.9965913,0.9962004,0.9905362,0.9962224,0.9978414,0.9964174,0.9971554,0.99718934,0.99888486,0.9966422,0.9983642,0.99750465,0.9992214,1.0000013,0.9962227,0.9957128,0.9980403,0.9968686,0.9981009,0.9977753,0.99435854,0.9940913,0.9948104,0.9981121,0.9958582,0.99464417,0.993977,0.99689335,0.99794376,0.9973263,0.99725544,0.99788845,0.993946,0.99802095,0.99599415,0.99764943,0.9983452,0.99852884,0.9955669,0.9970714,0.99680084,0.99842,0.99637556,0.99786717,0.9980026,0.9980206,0.99703485,0.9980448,0.996883,0.99738324,0.9974886,0.99773705,0.99643064,0.9965606,0.99772346,0.995949,0.9967527,0.9978968,0.9915695,0.9955749,0.9949068,0.99770755,0.997403,0.9970103,0.9972532,0.9982945,0.99801916,0.99825823,0.99757797,0.9965368,0.99731714,0.9975082,0.9949893,0.9978099,0.9975986,0.9945754,0.99790436,0.9980406,0.9972324,0.9951123,0.9943058,0.99802184,0.9968343,0.9968815,0.9962337,0.99483263,0.9979664,0.99452496,0.9980931,0.99735445,0.9959702,0.99811774,0.9898866,0.9977414,0.99683756,0.9974745,0.9965637,0.99811465,0.99555606,0.9978849,0.9976198,0.9974778,0.9979418,0.9978488,0.9974339,0.9966014,0.997429,0.99614644,0.99622416,0.9963919,0.9963009,0.9936854,0.9964477,0.99797577,0.9979548,0.99802965,0.99598616,0.99847406,0.9979223,0.9979525,0.99750596,0.9981149,0.9983474,0.99789387,0.99833643,0.99606454,0.9964106,0.997512,0.99816865,0.9956169,0.99791646,0.9972368,0.9968392,0.9981093,0.99318135,0.99605227,0.9952682,0.9966882,0.997357,0.9976503,0.9967289,0.995402,0.9955083,0.99742055,0.98924845,0.99730086,0.9979647,0.9977419,0.9968643,0.99754715,0.9967541,0.9954611,0.99825424,0.99814427,0.9976384,0.99140507,0.99637675,0.9973745,0.9973006,0.9976135,0.99757344,0.9981356,0.99544007,0.9973941,0.9964731,0.99743813,0.99587065,0.99745446,0.99662334,0.99799216,0.99613076,0.99707216,0.9975574,0.99572617,0.9980614,0.9920373,0.99609977,0.99764776,0.9976672,0.9948531,0.9976666,0.99599254,0.9971771,0.9970957,0.99739033,0.9954036,0.99755234,0.9979199,0.9949955,0.9968562,0.9942187,0.99557745,0.9972417,0.9964443,0.99646246,0.99667776,0.99308825,0.9984185,0.99569696,0.9969459,0.99798113,0.9972552,0.99674195,0.9964484,0.99756736,0.9958167,0.99693394,0.9963779,0.99793166,0.9967056,0.99637765,0.997374,0.9930041,0.990726,0.9955973
ipip225,0.99609935,0.9966214,0.99623495,0.9959437,0.9961854,0.9956246,0.9962095,0.996606,0.9970117,0.99594325,0.9965544,0.99649316,0.99717194,0.9976435,0.9964948,0.997032,0.9970585,0.99632573,0.997259,0.9971086,0.99714744,0.99649733,0.9970191,0.9969154,0.9963201,0.99652505,0.99610406,0.9972715,0.9966,0.9969795,0.99626,0.99661416,0.99571234,0.99626464,0.9963228,0.9961555,0.9966416,0.9964634,0.9973237,0.9963754,0.99600047,0.9966098,0.9959832,0.9958451,0.99610907,0.99631464,0.99650824,0.99600554,0.9966317,0.9965076,0.99595016,0.9931486,0.996423,0.9968126,0.9961555,0.996649,0.9949651,0.99631673,0.9965194,0.9970211,0.9969343,0.9967171,0.99705255,0.9962164,0.99648815,0.99727976,0.99636847,0.9964462,0.99651074,0.99620813,0.99585605,0.9967961,0.9946778,0.99565405,0.9966368,0.99280506,0.99630696,0.9968396,0.99674565,0.9965819,0.9966455,0.9964663,0.99616456,0.99622405,0.99654055,0.9963766,0.9962227,0.99999887,0.9966554,0.9964036,0.9962753,0.9964877,0.9964994,0.994933,0.9960725,0.995451,0.99595267,0.99632895,0.9960479,0.99580395,0.997708,0.9963086,0.99691796,0.99711275,0.9972897,0.9958308,0.9966249,0.9963776,0.9971787,0.99614406,0.99649507,0.99447775,0.99639314,0.99622226,0.99651504,0.9965923,0.99623364,0.99692374,0.9963887,0.99677074,0.9967278,0.99649805,0.996731,0.9968715,0.9964745,0.99649686,0.99684596,0.9970228,0.9964441,0.9967996,0.9963973,0.9939292,0.99613297,0.9969465,0.9959887,0.99675995,0.9966529,0.9967771,0.996358,0.99596906,0.9961801,0.9974057,0.99801934,0.99705946,0.9966686,0.9966155,0.9963618,0.9963882,0.9958079,0.9966969,0.99671346,0.996576,0.99661213,0.99565315,0.9958081,0.9966365,0.99677277,0.9960532,0.99526054,0.9956207,0.99555206,0.99674803,0.99629366,0.99611807,0.9961085,0.9913053,0.99640524,0.99663985,0.99636006,0.9959587,0.99596244,0.99535614,0.99553835,0.99675786,0.99643147,0.9964985,0.99639183,0.9962082,0.9961672,0.9968759,0.9966923,0.9964769,0.9962694,0.9963686,0.99453235,0.99637187,0.99666065,0.996713,0.99677557,0.9961479,0.99669755,0.99668306,0.99663496,0.99635035,0.9963204,0.9962715,0.9966171,0.9963095,0.9959438,0.9965134,0.9965533,0.9961541,0.9961187,0.9964865,0.99631274,0.9961989,0.9967295,0.99500346,0.9968128,0.9961928,0.9964164,0.9956323,0.99633497,0.99638814,0.9962539,0.9959809,0.99690706,0.99273676,0.99707913,0.9967674,0.9965676,0.99596965,0.99637246,0.9969011,0.9955582,0.9963768,0.99602723,0.9969721,0.9940821,0.99581814,0.99680316,0.995921,0.99656147,0.99662715,0.99649304,0.9955026,0.9962213,0.99599326,0.99636513,0.9963312,0.99660814,0.9963989,0.99630594,0.9962463,0.99665475,0.9968368,0.9956101,0.996172,0.9936508,0.99576515,0.996911,0.99677837,0.99600923,0.99690205,0.9965997,0.99639094,0.99707466,0.9964778,0.9958521,0.9968875,0.99673635,0.995896,0.99658716,0.9950989,0.9966221,0.9963993,0.99650496,0.9961365,0.9965536,0.99445003,0.9963637,0.996009,0.9962604,0.9966711,0.9967209,0.99652374,0.99640745,0.99629295,0.9961137,0.9961968,0.9961118,0.9964707,0.99646336,0.9961281,0.99686015,0.9937892,0.9934719,0.99551105
ipip255,0.99553496,0.9961179,0.99632484,0.9956841,0.99609447,0.9957849,0.99572414,0.9960309,0.99641365,0.995799,0.99609935,0.9966477,0.99630684,0.9963191,0.99648124,0.99612,0.99634147,0.99600214,0.99646616,0.9963136,0.99630505,0.9961565,0.9962491,0.99634445,0.99617374,0.9959997,0.9959613,0.9964477,0.9962409,0.9963729,0.99581605,0.99616325,0.995372,0.9959593,0.9961372,0.9959024,0.99601996,0.9959337,0.99629754,0.99597806,0.9955935,0.9961717,0.9958621,0.9952224,0.9959595,0.99619955,0.99624884,0.9963591,0.9960574,0.9960654,0.99581814,0.9924142,0.9960455,0.9955048,0.99555564,0.9960288,0.9952271,0.99599785,0.99577796,0.99639213,0.99625003,0.9967237,0.99620205,0.9962887,0.996249,0.9968355,0.9960093,0.99655044,0.9963665,0.9965785,0.9956364,0.99614066,0.9950296,0.995477,0.9969733,0.9919272,0.9955089,0.9961111,0.9962193,0.996487,0.99702775,0.9960008,0.9952541,0.99620694,0.9962128,0.9960471,0.9957128,0.9966554,0.99999905,0.99647444,0.996306,0.9958741,0.9960406,0.9945625,0.9971306,0.9947582,0.9956265,0.9959519,0.9957727,0.995071,0.99634856,0.99607915,0.99630684,0.99636835,0.99695355,0.9949994,0.99600387,0.9956923,0.99638474,0.99555844,0.9961173,0.99448943,0.996356,0.9959762,0.99603015,0.9965324,0.99574095,0.99695104,0.9962612,0.9960506,0.9959078,0.995715,0.99609774,0.99623686,0.9957519,0.9958442,0.99591064,0.996335,0.99620324,0.9957443,0.99580413,0.9928702,0.99554724,0.996303,0.9954781,0.99641716,0.9962587,0.9964273,0.99587095,0.9956106,0.9958762,0.9966112,0.99669015,0.9963489,0.9963495,0.9956332,0.99622184,0.9962912,0.9953929,0.9963197,0.99615204,0.9963032,0.99642956,0.99496347,0.9955909,0.9961935,0.9962728,0.9955433,0.9950758,0.99540895,0.9950324,0.99640787,0.9960995,0.9959779,0.99578094,0.99103725,0.9959973,0.9961716,0.9960358,0.9955321,0.9956817,0.99578726,0.99533415,0.99599725,0.99619937,0.9960914,0.9960601,0.99626267,0.9958571,0.995972,0.9956964,0.99613833,0.9960254,0.996124,0.9949168,0.99565274,0.99586153,0.99584436,0.9959489,0.99567175,0.9960766,0.9959907,0.9959947,0.99608666,0.9959534,0.9959173,0.99602413,0.99598336,0.9954844,0.9962849,0.99586695,0.99575675,0.99556214,0.9960662,0.99599475,0.9960793,0.9961585,0.99560887,0.99614984,0.9954892,0.9959581,0.99528027,0.9961265,0.99601334,0.9958943,0.9954823,0.9963315,0.99327743,0.99719846,0.9963189,0.9961283,0.9956446,0.99583274,0.99638337,0.9957439,0.9960813,0.99556667,0.9962762,0.993504,0.99553204,0.995953,0.99565345,0.9962048,0.9966536,0.996035,0.99515796,0.9958376,0.99551255,0.9958456,0.99557555,0.9961404,0.99609977,0.99584615,0.99625844,0.99594504,0.996369,0.9957508,0.9957968,0.9934477,0.9955351,0.99693894,0.99689966,0.99575967,0.9968191,0.9964334,0.9959067,0.9958206,0.9961522,0.9951962,0.9966147,0.99605966,0.99563897,0.9960016,0.9945785,0.99602103,0.9961496,0.9958445,0.9959342,0.99613506,0.99480605,0.9961216,0.9963315,0.9960378,0.996281,0.9965043,0.9960543,0.99599266,0.9960246,0.9956536,0.9958681,0.99634236,0.9961954,0.9961238,0.9963468,0.99638665,0.9945782,0.9929776,0.99528396
ipip285,0.9979754,0.99665064,0.99777365,0.99626553,0.9977083,0.99643004,0.9981658,0.99747276,0.99777377,0.99619985,0.9970397,0.99790734,0.996808,0.9966721,0.99630785,0.9976984,0.99780756,0.9967792,0.99795395,0.9979622,0.99759656,0.9975303,0.9975259,0.99771327,0.9968858,0.99758697,0.9960288,0.9977494,0.997238,0.9972512,0.9974055,0.9973791,0.99689025,0.99769914,0.9984785,0.99728507,0.9978442,0.998348,0.99763596,0.99764913,0.9959827,0.99761796,0.99673593,0.99648166,0.9957801,0.99772495,0.99686885,0.9967692,0.9976647,0.9966495,0.9971756,0.99116415,0.99748456,0.9963033,0.9952286,0.9964231,0.9958952,0.99575436,0.99621034,0.9975527,0.997899,0.9972521,0.99788,0.9974777,0.99730504,0.99683815,0.9989425,0.9980557,0.99777627,0.9967557,0.99785167,0.9974211,0.99476254,0.9966678,0.99633014,0.991216,0.9962545,0.9976375,0.9967563,0.997382,0.99736696,0.99802804,0.9961986,0.9984832,0.997385,0.9983449,0.9980403,0.9964036,0.99647444,0.9999968,0.9969438,0.99784845,0.99745494,0.99429065,0.99451214,0.99509656,0.9979784,0.99636525,0.9948938,0.9946068,0.99679124,0.9978419,0.9972385,0.9973052,0.99781513,0.9944634,0.9978106,0.9961951,0.99761575,0.9980493,0.9983695,0.9958393,0.99693924,0.9967233,0.99805075,0.99669415,0.9976322,0.9978519,0.99795306,0.9969912,0.9977121,0.99681807,0.9974608,0.9976137,0.9976631,0.9966966,0.99677247,0.997731,0.9965209,0.9967436,0.99772567,0.99208754,0.9958619,0.9955242,0.9974703,0.99749875,0.9971223,0.9974368,0.99805915,0.99788153,0.99806905,0.99764395,0.99678564,0.9977421,0.9976115,0.9955492,0.99781156,0.9977548,0.9952506,0.99795693,0.9978166,0.997209,0.99533486,0.9947275,0.9978079,0.9969404,0.9969867,0.9964372,0.99517715,0.99778354,0.9949338,0.99803007,0.9974643,0.99621445,0.99799997,0.99007803,0.9977061,0.99703836,0.9977526,0.9965299,0.9979433,0.9961307,0.9976915,0.997672,0.9976204,0.99803513,0.9978227,0.99777853,0.9967344,0.9973346,0.99612796,0.996534,0.99661595,0.9967584,0.99435586,0.99670845,0.9976529,0.99776363,0.9977951,0.996038,0.99807614,0.9978108,0.997776,0.9975483,0.99785376,0.9981497,0.9977512,0.9982198,0.99623466,0.99694073,0.9974168,0.9980382,0.9961052,0.9978061,0.9974425,0.99709886,0.9980223,0.994158,0.9964699,0.9958473,0.9969238,0.99733603,0.99774,0.99706143,0.9959825,0.99577206,0.9973694,0.9901919,0.9973229,0.9975633,0.9976976,0.99716026,0.99742556,0.9968835,0.99571276,0.9980695,0.9979305,0.99765503,0.99219406,0.9966223,0.9973103,0.9972617,0.9977215,0.9978179,0.99795705,0.9957596,0.9975753,0.9968783,0.99747056,0.99610656,0.9974608,0.99691135,0.99791557,0.9966573,0.9971204,0.99793553,0.99636155,0.99796385,0.99289274,0.9964915,0.9978292,0.9978036,0.99529773,0.9977321,0.9964202,0.9971364,0.9972604,0.9975209,0.99589586,0.99778014,0.99783677,0.9955497,0.99697006,0.99458027,0.9960878,0.99735034,0.99662226,0.9968402,0.9966764,0.9938141,0.99819994,0.9962454,0.9970458,0.99793583,0.9974644,0.9969112,0.9968602,0.99771374,0.9962531,0.9971774,0.9970577,0.99799824,0.99735945,0.99706846,0.99766845,0.9942313,0.99190617,0.9959523
ipip20,0.996758,0.9960447,0.9965833,0.9959184,0.9969348,0.99614084,0.9969226,0.9963433,0.99704695,0.99584454,0.996345,0.9975894,0.99679095,0.99648476,0.99628025,0.99729544,0.9972974,0.99603623,0.997339,0.99703926,0.99717164,0.9967504,0.9970184,0.9968678,0.9966074,0.9969079,0.99562,0.99703354,0.9969173,0.99717486,0.99685323,0.99681574,0.9960299,0.99708706,0.99691963,0.9970996,0.99703896,0.99706274,0.99727386,0.99697274,0.99594325,0.9967215,0.9963233,0.9959549,0.9955842,0.996908,0.99654156,0.99594444,0.9969639,0.9965888,0.99644995,0.9914765,0.9970258,0.9957899,0.99498886,0.9964352,0.9958689,0.99596167,0.9962527,0.9970409,0.997283,0.9969732,0.9974148,0.99699765,0.9969348,0.996913,0.99691045,0.996935,0.99698055,0.9961721,0.99694645,0.9970152,0.9949991,0.9963207,0.99663615,0.9914668,0.9961136,0.9971204,0.9963726,0.99677366,0.9970448,0.9971674,0.9959612,0.99719805,0.99693316,0.99723005,0.9968686,0.9962753,0.996306,0.9969438,0.9999974,0.99723655,0.9971186,0.9960414,0.9948424,0.9952323,0.9970702,0.9962984,0.9953665,0.9949268,0.9971243,0.99719244,0.99758905,0.9975435,0.99753326,0.99517435,0.99698573,0.9963682,0.9971663,0.99683493,0.9973611,0.99506927,0.9974004,0.9972386,0.9971187,0.9967796,0.9975788,0.99722564,0.9972313,0.9967214,0.9971142,0.9969183,0.99708784,0.9971738,0.99687725,0.99648076,0.9964321,0.99726176,0.9961982,0.996423,0.99720794,0.9925738,0.9961096,0.99551594,0.99667764,0.9973557,0.9969971,0.9969762,0.9972897,0.99711895,0.9974856,0.9973383,0.99650896,0.9970936,0.99744755,0.99600714,0.9972109,0.9969957,0.99530303,0.9973068,0.9972333,0.99738765,0.99570817,0.99482894,0.9970245,0.99721456,0.9970807,0.99648374,0.9954747,0.9967239,0.99549484,0.9975323,0.9970353,0.9961933,0.99727917,0.991441,0.9969503,0.9966938,0.9970465,0.9965653,0.9971126,0.99635226,0.9966799,0.99684644,0.99687475,0.9971699,0.9968628,0.99703896,0.996165,0.99690074,0.99632734,0.99619484,0.99652416,0.9962409,0.9940069,0.9963601,0.99702215,0.99699974,0.99707276,0.99597114,0.9971706,0.99701697,0.99707913,0.99678403,0.9972325,0.9970514,0.9970957,0.99701977,0.9961756,0.9963965,0.99684745,0.99706876,0.99596435,0.99710554,0.9969306,0.996575,0.997233,0.9940526,0.99642444,0.99573445,0.996662,0.99634486,0.9968699,0.99668837,0.99572426,0.9959663,0.9971562,0.9905372,0.99678344,0.9978152,0.9972979,0.9964146,0.99679285,0.99673593,0.9956417,0.9973153,0.9968723,0.9970817,0.9926138,0.99586296,0.996773,0.99689126,0.9970412,0.997164,0.9975094,0.9956532,0.9967997,0.99675566,0.9969737,0.99638224,0.9971045,0.9965473,0.9970246,0.9961588,0.9968417,0.99695086,0.99606705,0.99709696,0.99277973,0.99633956,0.99720055,0.9970663,0.9958389,0.9971795,0.9962437,0.9966114,0.9964307,0.9970015,0.9955973,0.99723506,0.99712056,0.9954421,0.996402,0.9947485,0.9958938,0.9970465,0.99666834,0.99635464,0.9967231,0.9946035,0.99709153,0.99596655,0.99668145,0.997166,0.99712306,0.9966406,0.9965617,0.996906,0.99599147,0.9965947,0.99646914,0.9971843,0.99638873,0.99636614,0.9970094,0.99405074,0.99252266,0.9956114
ipip50,0.99864024,0.9961436,0.9976319,0.99585295,0.9979382,0.9964297,0.99864435,0.9966506,0.99789184,0.99571246,0.99658537,0.99811286,0.99653214,0.99635476,0.9957149,0.9978352,0.99799013,0.99614143,0.9980742,0.9977162,0.9979877,0.9974512,0.99808556,0.99793935,0.9970064,0.9977793,0.9951771,0.9979314,0.9971309,0.9973904,0.9978736,0.9973312,0.9970359,0.9980951,0.99854654,0.99778223,0.99833053,0.9987122,0.9980027,0.99791723,0.9956844,0.99761003,0.9968479,0.9964161,0.9952318,0.998111,0.99669623,0.99633956,0.9975822,0.9964879,0.9970945,0.9899879,0.9978642,0.99607134,0.9945208,0.9961793,0.9956045,0.9952634,0.99603164,0.9977405,0.9986506,0.9979798,0.9986525,0.99741787,0.9974748,0.9970504,0.9982421,0.9982198,0.99803,0.99598205,0.99870974,0.99785817,0.99419177,0.9969294,0.99638814,0.9896826,0.995934,0.9978897,0.996497,0.99737513,0.9973938,0.9984469,0.99665457,0.99852663,0.99775845,0.9988203,0.9981009,0.9964877,0.9958741,0.99784845,0.99723655,1.000002,0.9978669,0.9946652,0.99466,0.99478257,0.99873763,0.99636096,0.99573845,0.9946075,0.99732476,0.9985781,0.99793124,0.99823624,0.9982056,0.9942792,0.9983609,0.9962779,0.99798125,0.9984012,0.9988345,0.99575263,0.9970417,0.99688476,0.99849427,0.99659145,0.99824935,0.9985988,0.9985474,0.9970107,0.9984728,0.99714315,0.9978991,0.9981083,0.99821436,0.99686646,0.99679035,0.99789226,0.99634963,0.9968279,0.998429,0.99175525,0.9959049,0.9951626,0.9980117,0.99781704,0.99731505,0.9975663,0.998777,0.99864304,0.99895513,0.99816984,0.9968084,0.9977923,0.9979596,0.99504495,0.99821657,0.99803805,0.9946355,0.9978981,0.9987983,0.99790096,0.9958877,0.9946594,0.9986022,0.9973245,0.99728703,0.9967754,0.99477017,0.9985869,0.99481565,0.99850637,0.99790984,0.99643767,0.99869436,0.98950046,0.99819964,0.99742013,0.9977037,0.99678046,0.99885327,0.99571514,0.9984013,0.99804837,0.9979289,0.99844795,0.99829,0.99780226,0.99677545,0.99783623,0.99595416,0.9964057,0.9970062,0.996466,0.9934974,0.99668384,0.99835545,0.9983934,0.9983974,0.9960844,0.998413,0.99834883,0.9983873,0.9979779,0.9985069,0.99881005,0.9982709,0.9987713,0.99618065,0.99653566,0.9976915,0.99875563,0.99578416,0.9983245,0.99778557,0.99742746,0.9985455,0.9927657,0.9962433,0.995233,0.9970244,0.9971328,0.9980784,0.99709016,0.9954247,0.9956149,0.9977812,0.98896164,0.9974799,0.9980348,0.99842924,0.9970984,0.9974618,0.99680465,0.9955812,0.99851274,0.99861723,0.9976903,0.99118066,0.99635416,0.9974752,0.9977015,0.9981547,0.9981976,0.99839133,0.9956434,0.9978257,0.99676913,0.99786717,0.9959922,0.99762464,0.99701875,0.99839735,0.99639505,0.997141,0.99791205,0.99609345,0.9987859,0.9919521,0.99651676,0.9981609,0.9980832,0.9950376,0.9981092,0.9963028,0.9974142,0.9973569,0.99800557,0.99564373,0.99804264,0.99834263,0.9949798,0.99676114,0.994161,0.9955735,0.9976228,0.99683416,0.9971047,0.99690044,0.99311656,0.9987418,0.99562424,0.997368,0.9982759,0.9975244,0.9971587,0.9970431,0.9981298,0.99625057,0.9975583,0.9967855,0.99826944,0.99694115,0.99680847,0.9976843,0.9928758,0.9906639,0.99566424
ipip80,0.99763614,0.9961615,0.99711967,0.9958297,0.9973535,0.99638134,0.997687,0.9967116,0.9972914,0.99569005,0.9962684,0.99772924,0.99651027,0.99649143,0.99596095,0.99727577,0.99772,0.99596614,0.9975677,0.99768996,0.99774075,0.9972922,0.9973855,0.99730045,0.99668306,0.99727595,0.99531406,0.9976371,0.99762625,0.9970805,0.99710554,0.99716526,0.99646,0.99739486,0.99773747,0.99719936,0.9974737,0.9978485,0.9975321,0.99732447,0.9958278,0.997203,0.9964135,0.9961714,0.9952064,0.9972968,0.9964034,0.9962232,0.99718463,0.99668056,0.9964284,0.9903296,0.9974521,0.995892,0.9947775,0.99610645,0.9956101,0.99546164,0.99601847,0.99732494,0.998126,0.9973835,0.99823684,0.9969722,0.997498,0.99708474,0.99777424,0.99764603,0.99741775,0.99640924,0.99785596,0.99734324,0.99473786,0.99687403,0.9972382,0.99092853,0.99590725,0.99746865,0.9963468,0.9970412,0.99710697,0.9979829,0.99638975,0.99775684,0.9973167,0.9981418,0.9977753,0.9964994,0.9960406,0.99745494,0.9971186,0.9978669,1.000001,0.9951791,0.9945456,0.9951976,0.9978782,0.99621904,0.99515885,0.9947177,0.99738777,0.997848,0.9979929,0.9975673,0.9983798,0.99457353,0.99759555,0.9967849,0.997896,0.9980315,0.99806774,0.9955139,0.9971538,0.9971808,0.9980884,0.99695987,0.9977073,0.9979246,0.9980656,0.9974236,0.99779034,0.99691623,0.99733883,0.99760723,0.9976348,0.9963495,0.99650466,0.99758965,0.9961007,0.996613,0.9978182,0.992059,0.9959051,0.9957041,0.9975745,0.9973766,0.99710226,0.997328,0.9979749,0.9977685,0.9981522,0.997762,0.9970451,0.99758184,0.99782664,0.99552166,0.99760735,0.9974759,0.9949351,0.9976174,0.99782324,0.99728924,0.9956195,0.99493533,0.997789,0.996968,0.9969508,0.99646294,0.99539834,0.9976595,0.99499524,0.9978488,0.9973739,0.9962556,0.99785805,0.9902657,0.99745554,0.996923,0.99742347,0.9966563,0.99791735,0.99601126,0.99747187,0.99737877,0.9972577,0.9976189,0.9975877,0.9971827,0.99642146,0.99720097,0.996074,0.99624723,0.99654585,0.99641085,0.99415463,0.9967952,0.9975441,0.9975243,0.9975822,0.9958902,0.99771756,0.99756855,0.99759036,0.99724895,0.99773234,0.99781454,0.9975502,0.99781823,0.9960022,0.9963785,0.99733806,0.9977596,0.9961097,0.9976354,0.9971975,0.9968432,0.9977609,0.9933456,0.99627477,0.9955168,0.99673235,0.9967236,0.9973159,0.99693507,0.9955766,0.9957916,0.9971088,0.9899942,0.9974486,0.9977007,0.9975856,0.99659157,0.9972487,0.9969618,0.99556905,0.9978035,0.9977395,0.9976962,0.99201596,0.9964211,0.9971966,0.9973006,0.9976447,0.997554,0.99803907,0.9958413,0.99737304,0.99684656,0.99738824,0.9961723,0.9973555,0.99700105,0.9977233,0.9962344,0.9970241,0.9976123,0.9959316,0.997845,0.99262565,0.9962174,0.99754345,0.99750906,0.9952051,0.9976121,0.9962842,0.9970111,0.9969365,0.99756104,0.99582934,0.9976021,0.9976079,0.99516916,0.9968208,0.9945444,0.9956931,0.99744135,0.99665815,0.9966992,0.99702936,0.9938112,0.9980967,0.99599946,0.99707687,0.99769855,0.9973136,0.99695826,0.99667364,0.9973821,0.99601746,0.99721766,0.99671954,0.9977941,0.99690485,0.9966039,0.99734807,0.99332297,0.99137187,0.9959104
ipip110,0.9940215,0.9946079,0.99423224,0.99418473,0.9946772,0.9944369,0.99418193,0.9948089,0.9949992,0.9942453,0.994471,0.9949605,0.99510187,0.99502033,0.9943398,0.9947591,0.9950291,0.9945007,0.9950832,0.994813,0.9949881,0.99470806,0.99498665,0.9947296,0.99451244,0.9947094,0.9945714,0.9948302,0.99505883,0.99526167,0.9942356,0.9948122,0.99380094,0.9947678,0.99398756,0.9947555,0.9944275,0.99417704,0.9948144,0.9947226,0.9941241,0.9944485,0.9945681,0.99379885,0.99434865,0.9947198,0.9949949,0.9942297,0.99511015,0.99467295,0.9944392,0.99137455,0.99483967,0.9945576,0.9937783,0.9949787,0.9937519,0.99462235,0.9947767,0.99483114,0.99525833,0.995381,0.9955126,0.9948781,0.9948087,0.9952451,0.9944769,0.99448955,0.994725,0.9944323,0.9939423,0.9949407,0.9934906,0.9942404,0.99548906,0.9909105,0.9946588,0.995053,0.9948069,0.9948018,0.99499077,0.99461156,0.9942951,0.9942966,0.9948032,0.9943135,0.99435854,0.994933,0.9945625,0.99429065,0.9960414,0.9946652,0.9951791,1.0000014,0.99401635,0.99422824,0.9942022,0.995192,0.9939358,0.99509186,0.9956617,0.99471474,0.99613583,0.99539304,0.9957139,0.9945152,0.9948746,0.9950531,0.9955663,0.9941795,0.9945442,0.99368083,0.9955934,0.9967864,0.9946859,0.9953474,0.9957724,0.99483293,0.9949246,0.99494344,0.9946451,0.99539053,0.994987,0.9952698,0.9943144,0.99449867,0.9948236,0.9950478,0.9945399,0.99456805,0.99482286,0.99181646,0.9946932,0.9951297,0.9942229,0.99506104,0.9946865,0.9948475,0.99434227,0.9941734,0.99463284,0.9953147,0.99492776,0.99510515,0.9953332,0.9945739,0.9946937,0.9945604,0.9939428,0.99517345,0.99489933,0.9951579,0.9949089,0.9942747,0.99418855,0.99509203,0.99528986,0.994731,0.9944083,0.9937986,0.9944871,0.99527353,0.9948749,0.99460256,0.9943455,0.99029773,0.994455,0.99494195,0.9950932,0.99516106,0.994491,0.9946573,0.9939165,0.9946559,0.99456817,0.9946286,0.9945154,0.99482346,0.9944028,0.9948729,0.9954013,0.9946407,0.9952171,0.9947459,0.99309015,0.99515575,0.9945596,0.994525,0.99461734,0.99456733,0.9948364,0.99449456,0.9944779,0.99451584,0.99463433,0.9941986,0.9947954,0.9942425,0.994695,0.99485964,0.9948038,0.9944396,0.99499184,0.99469125,0.99497646,0.9947391,0.99479395,0.9931325,0.99514985,0.99444073,0.99472076,0.9942707,0.9945784,0.9950979,0.9945616,0.9943935,0.9950419,0.99072075,0.9950785,0.99525654,0.994839,0.99457276,0.9947755,0.99512225,0.9941408,0.9947827,0.99424845,0.9955572,0.9927779,0.9940582,0.9950932,0.9949377,0.9949507,0.994768,0.9954059,0.9945947,0.99472106,0.99498,0.99483454,0.99504745,0.99547154,0.9953467,0.9944379,0.9943396,0.99506176,0.99487567,0.9944605,0.9942941,0.99189293,0.99445075,0.99476665,0.99462223,0.99410725,0.99474776,0.99460167,0.99519986,0.99462813,0.9951904,0.99484247,0.9952852,0.9946538,0.99451864,0.9948427,0.9939356,0.9944715,0.99486566,0.9948351,0.9947955,0.995534,0.9935934,0.99430406,0.99427307,0.9948553,0.99471235,0.99522114,0.9950084,0.9950775,0.99467415,0.99464446,0.994721,0.99450034,0.99470556,0.9946001,0.9944406,0.9950375,0.9925654,0.9918195,0.99385446
ipip140,0.9937977,0.99505234,0.99480087,0.99458677,0.9945673,0.9945955,0.99393106,0.9948199,0.99487585,0.9946404,0.99500406,0.99486184,0.99538773,0.9954139,0.9950835,0.99484235,0.9949151,0.9946348,0.99507105,0.9948276,0.9950663,0.9948897,0.9950327,0.9948913,0.99486333,0.9945812,0.9949636,0.9951105,0.99473906,0.9953276,0.9942907,0.994659,0.9937182,0.99427456,0.994005,0.99434584,0.9944095,0.99404633,0.99473184,0.99447554,0.9944375,0.9946053,0.99503493,0.99406475,0.9954977,0.99498415,0.99548674,0.99491584,0.9949815,0.9947305,0.99423087,0.9926889,0.99484724,0.9944967,0.99466926,0.99500936,0.9937152,0.99523383,0.99507535,0.995093,0.99498534,0.996203,0.9950314,0.9947665,0.9947267,0.99591476,0.99433273,0.9947786,0.9951261,0.99513733,0.99367744,0.994812,0.9940248,0.99416864,0.9959603,0.9914584,0.99447733,0.99474174,0.9951773,0.9950262,0.9952489,0.99435544,0.9944207,0.9942151,0.9945909,0.9941992,0.9940913,0.9960725,0.9971306,0.99451214,0.9948424,0.99466,0.9945456,0.99401635,1.0,0.994904,0.99385417,0.99536765,0.99622816,0.99510294,0.9956285,0.9944265,0.99501157,0.99514693,0.99556106,0.99429566,0.994529,0.99447894,0.99501574,0.9936451,0.9942418,0.9930311,0.99505186,0.994786,0.99439996,0.9951351,0.99412787,0.99544585,0.9946426,0.9948067,0.99459726,0.9945886,0.9949815,0.99515754,0.9941119,0.9946505,0.9949067,0.9949281,0.9950726,0.9946228,0.9942883,0.9927829,0.99475604,0.9957629,0.99373513,0.9950411,0.99480337,0.9950772,0.9940171,0.99371547,0.9940409,0.99545956,0.9955572,0.99491477,0.99492145,0.9947791,0.99448055,0.9949566,0.99475354,0.9948137,0.9947333,0.99497914,0.9962589,0.99504894,0.9936065,0.9950188,0.9951427,0.99448806,0.9940351,0.993315,0.9943828,0.99494976,0.9947204,0.99473864,0.9939022,0.9901087,0.9943825,0.9951407,0.9945202,0.99427843,0.9939057,0.9942008,0.9932964,0.9945128,0.99461186,0.9945279,0.9945878,0.99470055,0.9945787,0.9947922,0.99478555,0.9950665,0.99528927,0.99494165,0.9945044,0.9947831,0.99429715,0.9942695,0.99438983,0.99448067,0.99443793,0.9944318,0.99440897,0.9945217,0.9942378,0.9942001,0.9945501,0.99412584,0.9942959,0.99538416,0.9945056,0.9940018,0.9949354,0.99456906,0.9948389,0.99484754,0.99456245,0.9946146,0.99507874,0.9946807,0.9948369,0.9936896,0.9946295,0.9949834,0.9950085,0.9946551,0.9954122,0.99311817,0.99601257,0.9947493,0.99462265,0.99475586,0.9943864,0.9952349,0.9957108,0.994404,0.99380064,0.995153,0.9935658,0.9940703,0.9947936,0.99433964,0.99495375,0.9950932,0.99458504,0.99432325,0.9944096,0.9942117,0.9944894,0.99461967,0.99486995,0.9951138,0.99428195,0.99510455,0.9948218,0.99494594,0.99455684,0.99404407,0.99313635,0.9943531,0.9953646,0.9951766,0.9948704,0.99518967,0.9953337,0.99469686,0.9945006,0.9948226,0.9944135,0.99512696,0.99457335,0.9948446,0.9949227,0.9940653,0.99488527,0.99491984,0.99478483,0.9947983,0.9950304,0.9942181,0.9941782,0.9949813,0.99468446,0.9947049,0.99520785,0.99485016,0.99508005,0.9945589,0.99529773,0.9946141,0.99481034,0.9944164,0.99469197,0.9947801,0.99511707,0.9933992,0.9930756,0.99421644
ipip170,0.9944508,0.9958138,0.9948778,0.9950462,0.99507433,0.9945189,0.9944936,0.9957063,0.995543,0.99507606,0.99519813,0.99535394,0.99598676,0.9957794,0.99509764,0.9952264,0.9957327,0.99514174,0.9953418,0.99538755,0.9954443,0.99538285,0.99545294,0.99552506,0.99533457,0.9953195,0.9953844,0.9954401,0.99525034,0.9956226,0.99489397,0.9949821,0.9939154,0.99511933,0.9945623,0.9947252,0.9949304,0.99460536,0.9949265,0.9951049,0.9948152,0.99502647,0.9954857,0.9945123,0.9958145,0.99593765,0.9969653,0.994955,0.9959689,0.9956121,0.9946358,0.99277234,0.9956307,0.99511117,0.994731,0.99580806,0.99401826,0.9952161,0.99568576,0.9955983,0.9950762,0.9957369,0.9953247,0.995234,0.9952573,0.9956781,0.9950563,0.9947555,0.99508196,0.99497354,0.99428964,0.9955962,0.99415255,0.9951257,0.99603,0.99192876,0.9952195,0.99525326,0.9955474,0.99532306,0.9957487,0.99504906,0.99479264,0.9946151,0.9949725,0.99472314,0.9948104,0.995451,0.9947582,0.99509656,0.9952323,0.99478257,0.9951976,0.99422824,0.994904,0.9999991,0.99479795,0.9959557,0.99405444,0.99538505,0.9956639,0.99484545,0.9955512,0.99513817,0.9955938,0.99449986,0.9947231,0.99511266,0.9957429,0.994325,0.9947263,0.9937578,0.99571455,0.99497855,0.9949619,0.9954026,0.994533,0.99500465,0.9945523,0.9955916,0.99515694,0.9952424,0.9952837,0.99532574,0.99460757,0.9950774,0.9955056,0.9952563,0.99517095,0.9953624,0.9950012,0.99288386,0.9950655,0.9953966,0.9943182,0.99558634,0.99532413,0.99537927,0.9944813,0.99427086,0.99446607,0.99609834,0.99524736,0.9957847,0.9953651,0.9952637,0.994702,0.9949775,0.9950744,0.99546087,0.9951309,0.995312,0.99504256,0.99478084,0.9939565,0.9955242,0.9957508,0.9950633,0.9942368,0.99377817,0.99480796,0.99531275,0.99491084,0.9946254,0.99430066,0.99010867,0.9949017,0.9952627,0.99507046,0.9945408,0.9943099,0.99467146,0.99368834,0.99499077,0.99497783,0.9949266,0.9949258,0.99508923,0.99497354,0.99540955,0.99502635,0.99522007,0.9954304,0.9951531,0.99374425,0.99533564,0.994886,0.99488825,0.99501085,0.99491596,0.9949161,0.9948561,0.99479306,0.9949267,0.9947344,0.99459946,0.9949665,0.99469614,0.99476933,0.99661034,0.99523884,0.9942915,0.9954777,0.9947605,0.99530137,0.9955275,0.99518836,0.9939634,0.99553293,0.9953838,0.9949911,0.9939752,0.99502623,0.99527824,0.9952623,0.9954517,0.9954213,0.99171656,0.995228,0.9950677,0.99495476,0.995045,0.9950351,0.9957569,0.99476105,0.99492556,0.9943854,0.9955327,0.9932517,0.99453497,0.99523515,0.99489033,0.995169,0.9950519,0.9952013,0.9948663,0.99525714,0.99503076,0.9950085,0.99509907,0.99530506,0.99566585,0.99461514,0.9951355,0.9950939,0.99547267,0.9951307,0.9944986,0.9929032,0.99488366,0.99517006,0.9950132,0.9945582,0.9950997,0.99505067,0.9951479,0.99491435,0.99555236,0.995619,0.99584585,0.99488544,0.9950404,0.9952165,0.99468124,0.99516016,0.995465,0.9953933,0.9951571,0.9956517,0.9941952,0.99461687,0.99503064,0.99538463,0.99505734,0.99579304,0.99553126,0.99564344,0.99531716,0.99486655,0.9950164,0.9950528,0.9948594,0.9954004,0.99491966,0.9953794,0.9938361,0.99307936,0.9954245
ipip200,0.9987175,0.9961047,0.99772334,0.9957823,0.9980961,0.9965195,0.9987606,0.9967893,0.99780774,0.99562496,0.99639404,0.99809295,0.99622524,0.99607414,0.99549466,0.9976354,0.99786013,0.99595386,0.99787855,0.9976734,0.9979682,0.9977274,0.9978605,0.9978542,0.9968962,0.9976142,0.9950558,0.9978499,0.99686795,0.9971896,0.9979125,0.99732304,0.9971017,0.99802345,0.9986455,0.99788076,0.9981884,0.9987679,0.9978562,0.99779344,0.9955914,0.99758315,0.99656105,0.9962777,0.9949941,0.9980332,0.99652416,0.99636674,0.9976582,0.99638385,0.99706763,0.98937905,0.9980022,0.99582356,0.99443966,0.9959502,0.9958649,0.99488056,0.9958533,0.9977116,0.9984199,0.9974995,0.9983557,0.99740356,0.99742985,0.99666834,0.99830043,0.99826247,0.9979359,0.99609715,0.99897,0.9976323,0.9948394,0.9973234,0.9960073,0.989223,0.99550384,0.9975839,0.99636006,0.9974199,0.9971591,0.99850833,0.996145,0.9985845,0.99760145,0.9987967,0.9981121,0.99595267,0.9956265,0.9979784,0.9970702,0.99873763,0.9978782,0.9942022,0.99385417,0.99479795,1.0000001,0.9959758,0.99472225,0.9936142,0.9968378,0.9985974,0.99748427,0.9975501,0.9978821,0.9936504,0.9981098,0.9963877,0.9977108,0.9985542,0.99896735,0.9957769,0.9968687,0.99666363,0.9984404,0.99629223,0.99809307,0.99840474,0.99837106,0.99681854,0.99816924,0.9968047,0.99765825,0.9977245,0.9982001,0.9965144,0.9964646,0.9977997,0.9962068,0.99672043,0.99843156,0.99073243,0.9955424,0.99461097,0.99817795,0.99784416,0.9974847,0.9974915,0.9988539,0.9990959,0.99894446,0.9977535,0.9965176,0.99791116,0.9978271,0.99485147,0.99812555,0.99795365,0.9943021,0.9977904,0.9984512,0.99748766,0.9949687,0.99414194,0.9986535,0.99704146,0.9970015,0.9966926,0.99458814,0.99863523,0.99445075,0.9984593,0.99759233,0.99636227,0.99906653,0.9892282,0.99821526,0.9970974,0.9978281,0.99648553,0.99893266,0.9956748,0.998431,0.99789166,0.99794495,0.99829227,0.9981968,0.9979368,0.9966187,0.99742764,0.9954789,0.9962536,0.9965352,0.9963243,0.9932106,0.99639624,0.99816215,0.99826247,0.99819684,0.9957601,0.998307,0.99832225,0.9983094,0.9979066,0.9984514,0.99885774,0.998103,0.9988511,0.99588585,0.99632996,0.9976494,0.9988421,0.9955871,0.99826026,0.99769,0.9972949,0.9984622,0.9923544,0.9959301,0.9949735,0.9969789,0.9970213,0.9979863,0.9969128,0.99516714,0.99532235,0.99741125,0.98828185,0.99715227,0.9977961,0.9983123,0.9968693,0.9974781,0.9966445,0.99518365,0.9985074,0.9985738,0.9975037,0.99057394,0.9962858,0.99734294,0.9976808,0.99811137,0.9980356,0.9983205,0.9954583,0.9977757,0.9968907,0.99771714,0.9956911,0.9975202,0.99655855,0.9983184,0.9962799,0.99695385,0.9978983,0.99618113,0.99881357,0.99199796,0.9966068,0.9980245,0.99806875,0.9945982,0.99794453,0.996025,0.99723816,0.99723566,0.9979446,0.99543345,0.99787116,0.998316,0.9947232,0.99670565,0.99402744,0.9954013,0.9979988,0.9965472,0.9970642,0.99666077,0.99308753,0.9989225,0.9956254,0.99721247,0.9983233,0.99751884,0.9969611,0.99693745,0.9980896,0.9960359,0.9973844,0.9969327,0.9984384,0.9969215,0.9969682,0.99768555,0.99309707,0.9902756,0.9957141
ipip230,0.9958803,0.9966642,0.99601376,0.99663264,0.9965476,0.9959873,0.9962783,0.99669266,0.9975767,0.99671155,0.99682695,0.9962929,0.99694407,0.99630314,0.9962835,0.9966226,0.9965741,0.99652654,0.99649477,0.99633545,0.99679315,0.99617475,0.99706334,0.9973223,0.9964526,0.9963042,0.99733967,0.99689305,0.99621767,0.99703926,0.9967411,0.99713314,0.9961468,0.99644834,0.99589014,0.99643344,0.9961314,0.9961272,0.99630475,0.99655133,0.9965214,0.9966804,0.99718904,0.9957535,0.9972207,0.9970027,0.997465,0.9960935,0.9966788,0.9960264,0.9964788,0.99401224,0.9969799,0.99618465,0.9972799,0.9971207,0.995055,0.9967921,0.9966782,0.9974901,0.9964272,0.996819,0.9965502,0.99694794,0.99640876,0.9969268,0.9962847,0.99699235,0.99701667,0.99689615,0.9958709,0.99692184,0.9951695,0.99608415,0.9963945,0.99243295,0.9958747,0.99624133,0.9981133,0.9980338,0.996696,0.99609977,0.9955467,0.99588674,0.9961835,0.9959783,0.9958582,0.99632895,0.9959519,0.99636525,0.9962984,0.99636096,0.99621904,0.995192,0.99536765,0.9959557,0.9959758,0.9999997,0.9957375,0.996349,0.9966768,0.9969962,0.99659103,0.996803,0.99668133,0.9966346,0.9963667,0.99706507,0.99766266,0.9958562,0.9963609,0.9944391,0.99643695,0.996252,0.9963372,0.99675256,0.99606687,0.99631536,0.9962769,0.99657816,0.99655586,0.99655515,0.99708736,0.9968078,0.9961496,0.997182,0.9972279,0.99692667,0.998572,0.9961447,0.9966085,0.9934542,0.99663407,0.9962069,0.99593294,0.99731356,0.9972814,0.9975254,0.99628025,0.9960849,0.9960293,0.99718344,0.9965216,0.9973177,0.9964331,0.9959387,0.9961512,0.99685717,0.9968776,0.9966149,0.9972956,0.9972845,0.9961,0.99538,0.99578345,0.9969639,0.9970282,0.99668264,0.99481636,0.9957708,0.9962428,0.9971733,0.9962986,0.9967503,0.99608713,0.99201804,0.99678725,0.99676245,0.9966462,0.99592185,0.9962156,0.99566,0.995415,0.99677455,0.9979207,0.99674904,0.9964187,0.99669015,0.99701965,0.9971051,0.9963905,0.9979405,0.9974651,0.9979321,0.99514794,0.9964616,0.99664295,0.9967184,0.9967025,0.9971354,0.9965706,0.9970664,0.99690753,0.99786514,0.9962076,0.9965064,0.99698615,0.99657524,0.9969964,0.9976794,0.9968882,0.9965798,0.9973508,0.9970415,0.99709284,0.99756086,0.9974594,0.99583083,0.99734414,0.9971622,0.99706185,0.99556065,0.99774,0.9972687,0.9978827,0.99661833,0.99691457,0.9929394,0.996348,0.99652034,0.99681634,0.9968028,0.9967625,0.9974979,0.9960617,0.996732,0.99622476,0.9973059,0.9954998,0.9964776,0.99701726,0.9965575,0.9966517,0.99686617,0.9966763,0.9966278,0.996743,0.99641824,0.99670345,0.9965486,0.99655247,0.9966627,0.99654865,0.9977327,0.99704105,0.99725205,0.9964625,0.9963709,0.9936385,0.99638,0.997578,0.99743336,0.9969545,0.99746484,0.9973618,0.99668205,0.99629104,0.99748415,0.9962353,0.9971687,0.99707425,0.99785113,0.9970302,0.99627024,0.99722815,0.9967877,0.9966859,0.99718535,0.9968384,0.99493784,0.99641854,0.99726295,0.9972216,0.9968682,0.9974293,0.99684054,0.99700254,0.99679154,0.9960653,0.9964034,0.9979341,0.9966997,0.99708664,0.9979157,0.9970039,0.9949891,0.9939315,0.99609864
ipip260,0.99457055,0.9945911,0.9947056,0.994375,0.99498826,0.9948614,0.9947215,0.9944971,0.99529475,0.9943514,0.9951882,0.99556035,0.99576044,0.9953201,0.99536765,0.99593234,0.9952623,0.99455607,0.995566,0.9949655,0.99541456,0.99488163,0.9953999,0.99519014,0.99514127,0.99501026,0.9946883,0.99548465,0.99502444,0.99558574,0.99507475,0.9952703,0.9944644,0.9950231,0.994576,0.99490106,0.9948503,0.99477506,0.99546355,0.99512213,0.99432343,0.9949381,0.99541473,0.9945094,0.9946809,0.9952441,0.9952658,0.9947016,0.9950561,0.99485475,0.99469805,0.991484,0.9951055,0.99442756,0.9941033,0.9950323,0.9938254,0.99492484,0.9950525,0.9957616,0.99572724,0.9961285,0.9956711,0.99521446,0.9951811,0.9962209,0.9948958,0.99536633,0.9956823,0.99479085,0.9947199,0.99549097,0.994173,0.9945351,0.99566966,0.9907782,0.9947023,0.9953254,0.9953566,0.9955418,0.9955746,0.9950498,0.99527067,0.99495566,0.9950895,0.9950764,0.99464417,0.9960479,0.9957727,0.9948938,0.9953665,0.99573845,0.99515885,0.9939358,0.99622816,0.99405444,0.99472225,0.9957375,0.99999887,0.99519444,0.9961937,0.99529785,0.9957338,0.9960147,0.99594134,0.99468297,0.99539405,0.9950816,0.9957603,0.99472,0.9951368,0.99341017,0.9952954,0.9952024,0.9951786,0.9953166,0.99510276,0.99596596,0.9952498,0.99540955,0.9953924,0.99499905,0.9954082,0.9954631,0.99474895,0.99507207,0.9950178,0.99529094,0.9951524,0.99489564,0.99499243,0.99191844,0.99460113,0.9946191,0.9944199,0.9955858,0.9953339,0.99537706,0.9949704,0.99469316,0.99499345,0.99567145,0.99558246,0.99514973,0.99531746,0.99451554,0.99530655,0.99564934,0.99444884,0.9953054,0.99567974,0.9957195,0.9958784,0.99458426,0.9945761,0.99580383,0.9955679,0.9951714,0.9942551,0.99446005,0.9940182,0.9956616,0.9952146,0.9950357,0.9947983,0.98992866,0.99491036,0.99539775,0.994905,0.99492025,0.99494,0.9943473,0.99418604,0.99507755,0.99526775,0.99530673,0.99508345,0.9950573,0.99469066,0.9954564,0.99517393,0.995269,0.99561197,0.99505883,0.9935531,0.9950486,0.9951705,0.995202,0.9952934,0.9947757,0.9951236,0.9953318,0.9953349,0.9952499,0.9951623,0.9951005,0.99535525,0.99506825,0.99480593,0.99537313,0.9951288,0.9950642,0.9949762,0.9953781,0.9955043,0.9952624,0.9953305,0.9938355,0.9950368,0.99446607,0.9953619,0.99444914,0.9952839,0.9952606,0.994859,0.9948501,0.99575734,0.9916478,0.99615747,0.99552524,0.99532926,0.99518716,0.9950019,0.99556583,0.9954075,0.99535537,0.99477226,0.9954951,0.9928077,0.99468035,0.995231,0.9948548,0.9954489,0.99594975,0.9952785,0.9943088,0.99496305,0.9946297,0.995186,0.9949853,0.9952801,0.9952015,0.9952081,0.99543935,0.99534273,0.9953539,0.99442405,0.9949086,0.9919062,0.9944078,0.99591094,0.99569875,0.99473,0.9957714,0.9952693,0.99492335,0.9945904,0.99520814,0.99440485,0.99566394,0.9953584,0.9944799,0.99498045,0.9939646,0.9947102,0.99530685,0.9950159,0.9949704,0.9952922,0.9936948,0.99498725,0.9947239,0.9950849,0.99521434,0.9955267,0.99510723,0.9951004,0.99513173,0.9950548,0.9950005,0.99504846,0.9949781,0.9949142,0.9949867,0.9953347,0.9925603,0.9919883,0.9941214
ipip290,0.993351,0.9953518,0.9941203,0.9948755,0.99440295,0.99438876,0.99365336,0.99501115,0.99516404,0.99500906,0.9953265,0.99478424,0.9959254,0.9957047,0.9953633,0.9948616,0.9956868,0.99498445,0.9949963,0.9946683,0.9950075,0.9943746,0.99520195,0.9951485,0.99533945,0.9944762,0.9954801,0.9950576,0.9951228,0.9962369,0.99422616,0.9949463,0.9939374,0.9946128,0.9933438,0.99466234,0.994109,0.9938247,0.99454767,0.9946397,0.99483085,0.9946855,0.9953556,0.9941622,0.9956124,0.9947681,0.9959774,0.9947028,0.99500656,0.99528414,0.99443084,0.99313784,0.9948833,0.99472696,0.99541354,0.995751,0.9938036,0.99600166,0.99521154,0.9954934,0.9945403,0.995378,0.9948047,0.99502194,0.9949086,0.9957795,0.9941651,0.99449706,0.99567354,0.9953101,0.99354625,0.99543834,0.99402034,0.9945042,0.99553275,0.99342775,0.9957169,0.99525267,0.99597037,0.9954711,0.99551606,0.9943503,0.99454325,0.9937686,0.9946042,0.9938372,0.993977,0.99580395,0.995071,0.9946068,0.9949268,0.9946075,0.9947177,0.99509186,0.99510294,0.99538505,0.9936142,0.996349,0.99519444,0.99999857,0.995626,0.99429125,0.9952615,0.9954415,0.9955288,0.99586487,0.99512964,0.99556684,0.9957773,0.9935681,0.99411184,0.9936834,0.9954291,0.99520254,0.9943143,0.9956138,0.9941389,0.99442995,0.9941674,0.9955839,0.99461037,0.9949487,0.9950239,0.99481034,0.9939154,0.9949778,0.9953155,0.9951716,0.9957997,0.9947167,0.99460226,0.99335575,0.9954105,0.99577546,0.9938305,0.99523425,0.995277,0.9954051,0.9938835,0.993681,0.9936899,0.9955264,0.99516463,0.9951934,0.99484116,0.99482316,0.994536,0.99541306,0.9955883,0.995096,0.9947421,0.99508804,0.99609536,0.9946906,0.9932826,0.99580705,0.99624354,0.9953874,0.9942532,0.99311405,0.9952213,0.99500793,0.99441314,0.994883,0.99358535,0.9908736,0.99455154,0.995787,0.9949081,0.9946629,0.99381727,0.9947156,0.9929974,0.9947058,0.9947477,0.99462295,0.99444735,0.99460226,0.9946897,0.9949763,0.9954055,0.99558175,0.99560684,0.99544185,0.99418694,0.9949396,0.99423975,0.99426067,0.9943443,0.9951212,0.9946054,0.9945842,0.99449754,0.99465215,0.99437755,0.99400675,0.9946347,0.9938923,0.99486,0.9961861,0.994929,0.99377203,0.99601156,0.99461603,0.99487823,0.9952053,0.99459386,0.99496204,0.99594295,0.9956845,0.99506104,0.993767,0.9946405,0.99508256,0.9958529,0.99497235,0.99548244,0.9928317,0.99504244,0.99495393,0.99486005,0.99499387,0.9946142,0.9959244,0.9952943,0.9946177,0.9936178,0.9952485,0.99465185,0.99466944,0.9948486,0.994283,0.9946531,0.99488914,0.9944377,0.99466556,0.99481595,0.9948888,0.994913,0.9954648,0.9951401,0.9961947,0.99443144,0.995801,0.99534553,0.9953856,0.9952734,0.994041,0.9930376,0.99504644,0.99535835,0.99505335,0.99552524,0.99511975,0.9956341,0.9948031,0.99436474,0.9951309,0.9954311,0.99550307,0.99470276,0.9956153,0.9955761,0.9950369,0.99549246,0.9949501,0.9954397,0.9950893,0.9955779,0.9945719,0.9940245,0.9956536,0.99500453,0.9947176,0.99547195,0.9953059,0.99551594,0.9949258,0.99492264,0.9948833,0.9953216,0.99449384,0.99537474,0.99525607,0.99542487,0.9940074,0.9945281,0.99449915
ipip25,0.9966856,0.99626255,0.9965839,0.9959539,0.99668694,0.9960494,0.99678284,0.9964432,0.99701107,0.99588,0.99656886,0.9971978,0.997032,0.9965172,0.9963624,0.9972934,0.9971396,0.99594814,0.99725,0.9970148,0.997389,0.9967809,0.99714905,0.99694955,0.9965146,0.9968391,0.99566966,0.99730384,0.99659646,0.9971707,0.9966951,0.9970231,0.9960404,0.99679303,0.9968558,0.99675226,0.9971044,0.9970009,0.99746335,0.99680644,0.99589443,0.996799,0.99626166,0.9959471,0.99578595,0.9968379,0.99657536,0.99627274,0.99705666,0.9965077,0.996268,0.99200994,0.99696285,0.9961587,0.9951287,0.9965808,0.99512,0.99610114,0.9964651,0.99712497,0.99816245,0.997259,0.99815524,0.9966329,0.99702686,0.9977815,0.99702364,0.99707985,0.99694717,0.9963337,0.9968553,0.99763364,0.99525785,0.99657804,0.99723744,0.99291617,0.99666804,0.99733216,0.996847,0.99706316,0.9970827,0.9972944,0.997213,0.99699587,0.9969106,0.99719936,0.99689335,0.997708,0.99634856,0.99679124,0.9971243,0.99732476,0.99738777,0.9956617,0.9956285,0.9956639,0.9968378,0.9966768,0.9961937,0.995626,1.0000011,0.99723023,0.99857205,0.9977603,0.9976633,0.996067,0.997239,0.996762,0.99793285,0.99699754,0.997337,0.9950771,0.9968376,0.99680084,0.99735343,0.99685377,0.9971183,0.9974571,0.9970875,0.9971268,0.9975296,0.9971617,0.99721885,0.99729985,0.99709904,0.99652797,0.99685735,0.9972323,0.99619585,0.9965617,0.99711645,0.9930327,0.99600726,0.9960008,0.99668956,0.9972111,0.99701625,0.997156,0.9971501,0.99679786,0.997135,0.99744946,0.9971616,0.99697524,0.9973094,0.9958526,0.9969701,0.9969583,0.99553084,0.9970746,0.9974811,0.99721676,0.9963613,0.996001,0.99695677,0.9970705,0.99702036,0.99650854,0.9955447,0.9967077,0.99547,0.99737394,0.9969374,0.9962953,0.9968416,0.9910764,0.9970648,0.9968798,0.9969696,0.9966532,0.9969107,0.9958733,0.99662066,0.99693894,0.99695355,0.99728054,0.99709356,0.99676275,0.99637824,0.99773264,0.9967924,0.99661237,0.9970739,0.9965917,0.9946187,0.9968937,0.99757916,0.9975529,0.99761844,0.9963944,0.9973136,0.997416,0.99740106,0.99699575,0.9970785,0.9971838,0.9973567,0.99704957,0.99641865,0.9965597,0.9971855,0.9969787,0.9963013,0.9972878,0.99703026,0.99680257,0.9973286,0.9944967,0.996727,0.9959889,0.9966643,0.9961897,0.9970143,0.9968155,0.9961893,0.9961478,0.9973584,0.99180275,0.9975019,0.99734277,0.9971366,0.9965113,0.99708474,0.9971301,0.9959102,0.99719995,0.9970619,0.9976204,0.99368584,0.9961077,0.99750185,0.9969229,0.9972106,0.99726397,0.997611,0.9961784,0.996743,0.9964547,0.996893,0.99654454,0.9968807,0.9969702,0.9970849,0.9962689,0.9972049,0.99719894,0.9958361,0.9970059,0.9933079,0.99622786,0.9972368,0.9971291,0.9958427,0.9972872,0.99657923,0.99697113,0.99677664,0.99698323,0.9959351,0.9973754,0.9973668,0.99575555,0.9968907,0.9954379,0.99634916,0.99706066,0.9967559,0.9964552,0.9970756,0.9944924,0.9971964,0.99611384,0.99681455,0.9973004,0.9970671,0.9969304,0.99681157,0.9968443,0.9963418,0.9966949,0.99631476,0.9971327,0.9968028,0.99627054,0.9973104,0.9939451,0.99265605,0.99610937
ipip55,0.99838173,0.99645394,0.99755454,0.99628127,0.9979062,0.996986,0.9984272,0.99684423,0.99842054,0.99617845,0.99678,0.9981307,0.9965511,0.996357,0.99618864,0.99765366,0.99788946,0.99657094,0.99798846,0.99761146,0.9981002,0.9978777,0.998142,0.9983827,0.9973199,0.99762493,0.99586535,0.99801487,0.99708104,0.997443,0.99833447,0.9975325,0.9973081,0.99817294,0.9983016,0.99789715,0.99794614,0.99837124,0.9979445,0.9978501,0.996097,0.9975753,0.9971985,0.9964754,0.99590605,0.99795324,0.99693966,0.99674374,0.997504,0.9967015,0.99723566,0.9907867,0.9977142,0.9960525,0.9954779,0.99642116,0.99585944,0.99560875,0.9963454,0.9978937,0.9982499,0.99760973,0.9983543,0.99804306,0.99762195,0.99719757,0.99815774,0.9982857,0.9981525,0.99646187,0.99853474,0.997955,0.9951448,0.9971826,0.9966596,0.990601,0.99599767,0.9978862,0.9973294,0.99811774,0.99754065,0.99862003,0.9965062,0.9983646,0.9976524,0.9984704,0.99794376,0.9963086,0.99607915,0.9978419,0.99719244,0.9985781,0.997848,0.99471474,0.9944265,0.99484545,0.9985974,0.9969962,0.99529785,0.99429125,0.99723023,0.9999992,0.9977426,0.9979601,0.99816257,0.99454445,0.9980407,0.9967613,0.9980015,0.99826884,0.99869436,0.99588627,0.99713814,0.9970331,0.9982925,0.996876,0.99808586,0.99832815,0.9982728,0.99749583,0.9982491,0.9972567,0.99802464,0.9979235,0.99804354,0.9972853,0.9972234,0.99786544,0.99726576,0.9971345,0.99831915,0.991892,0.99629,0.9954365,0.99805075,0.99817926,0.9978675,0.9976562,0.9985799,0.99849,0.99874485,0.99805194,0.996873,0.9979251,0.9979793,0.99543,0.99843055,0.998152,0.99508,0.9978456,0.9992924,0.99871194,0.9958517,0.9949731,0.9984039,0.9975088,0.997531,0.99684626,0.99507,0.99835324,0.99519503,0.9985923,0.9976263,0.9971875,0.9985397,0.9901882,0.9979738,0.9976356,0.99771994,0.9966842,0.9986546,0.9961135,0.99807423,0.9983177,0.9986024,0.99832886,0.9982441,0.9979384,0.99736303,0.99781364,0.996254,0.99735737,0.99758077,0.99738806,0.9940701,0.99694103,0.99825376,0.9983671,0.9983341,0.99703205,0.9982445,0.9984946,0.9984302,0.99863464,0.99871,0.9987241,0.9984238,0.99854946,0.9970037,0.9967997,0.9978107,0.9987168,0.9960999,0.99839926,0.9980519,0.99808747,0.9989308,0.9938186,0.9966021,0.9959617,0.9974195,0.9971424,0.99866366,0.9978223,0.9963005,0.99631405,0.9978084,0.9896439,0.99736416,0.9979107,0.9983699,0.997123,0.99757093,0.9974368,0.9958429,0.9984982,0.99848664,0.99790275,0.99216044,0.9967347,0.99764216,0.9979883,0.99818903,0.99832946,0.9983545,0.9964314,0.99797666,0.996925,0.99786896,0.9964125,0.9975457,0.99705017,0.9982416,0.99682844,0.99746674,0.9980848,0.9963608,0.9985382,0.99241555,0.99668354,0.9981565,0.99816626,0.99521655,0.9981149,0.9963642,0.99732065,0.99729556,0.99834645,0.9959306,0.99814934,0.99841857,0.9960357,0.9970672,0.99449664,0.9960344,0.99774915,0.9970268,0.9977658,0.9972244,0.9938676,0.998586,0.9961302,0.99802995,0.9981905,0.9980575,0.997308,0.997171,0.9982368,0.99649334,0.997633,0.99755895,0.99825615,0.9971431,0.9976088,0.99766004,0.99358636,0.9910604,0.99580914
ipip85,0.9973867,0.9962419,0.9969988,0.99594605,0.9971201,0.9962066,0.9974299,0.9965439,0.9973952,0.9958457,0.9964177,0.99754673,0.99669844,0.99652123,0.9960159,0.9973249,0.9974425,0.9960699,0.9975779,0.9973766,0.99747854,0.9971568,0.99746794,0.99732697,0.99664026,0.9971978,0.99546516,0.99735266,0.99699855,0.99732655,0.9970876,0.99711424,0.996387,0.9972503,0.9974518,0.99711394,0.997443,0.9976087,0.99753267,0.9970764,0.9958263,0.9971283,0.99650496,0.9960626,0.9956183,0.99729884,0.9965712,0.9963368,0.9971876,0.99656737,0.9964127,0.99109644,0.99723005,0.99594194,0.9949905,0.99639153,0.9953659,0.9958495,0.9963217,0.99726033,0.9985437,0.9974908,0.99845004,0.9969874,0.9972734,0.9973789,0.9975381,0.99739486,0.9973179,0.9962079,0.9974829,0.9975289,0.99492294,0.9966071,0.9970541,0.991666,0.9963617,0.9975841,0.9965701,0.9970797,0.9972082,0.9976529,0.99672574,0.9975233,0.99715865,0.9977481,0.9973263,0.99691796,0.99630684,0.9972385,0.99758905,0.99793124,0.9979929,0.99613583,0.99501157,0.9955512,0.99748427,0.99659103,0.9957338,0.9952615,0.99857205,0.9977426,1.0000006,0.9979721,0.9980352,0.9953159,0.99760497,0.9970408,0.99853677,0.9977085,0.99785614,0.99540704,0.99706846,0.997532,0.99780494,0.9969608,0.9979475,0.9977656,0.99776125,0.9972203,0.9977927,0.9974011,0.9974078,0.9975815,0.997372,0.99645853,0.99670947,0.9975149,0.9963744,0.9966309,0.9975656,0.9925254,0.996073,0.99602747,0.9971321,0.9974743,0.9971583,0.9972059,0.99770623,0.9974279,0.9979437,0.9978273,0.99703735,0.9973725,0.9978068,0.9958964,0.99747396,0.99734104,0.9951939,0.99747556,0.997987,0.997543,0.9961375,0.9957161,0.99770975,0.99719113,0.99719286,0.9965759,0.9956457,0.9974768,0.9952757,0.9977803,0.9972421,0.99659216,0.99755716,0.99059975,0.9973214,0.99698055,0.9972358,0.9967337,0.99760115,0.9960342,0.99728465,0.99728954,0.99727964,0.9976436,0.99746203,0.99711025,0.99653834,0.99744874,0.99643713,0.99652284,0.9970698,0.99660015,0.9943104,0.9969707,0.9975614,0.99758124,0.9976165,0.9961442,0.9975314,0.9975304,0.99753064,0.99729306,0.99753195,0.997676,0.9975063,0.99759984,0.99619895,0.99647456,0.99719334,0.9975301,0.99608827,0.9975085,0.99725777,0.9969999,0.9977519,0.9939237,0.9966205,0.9958166,0.99676466,0.99655426,0.9973668,0.9970526,0.99586034,0.99612015,0.9973839,0.9906311,0.9975603,0.9975851,0.9975243,0.99665755,0.9972311,0.99696463,0.9957875,0.99764615,0.99754417,0.99767137,0.9926875,0.9961262,0.99720776,0.99716955,0.99756974,0.9974731,0.99806446,0.9959862,0.997064,0.996658,0.99725765,0.9963226,0.99719024,0.99709904,0.99754256,0.99615127,0.9970261,0.9974514,0.9958681,0.99757993,0.992748,0.9961972,0.9974713,0.9973719,0.99544734,0.99746805,0.99638975,0.99701554,0.9968604,0.99748427,0.995973,0.9976085,0.9975104,0.995441,0.9967722,0.99473435,0.9957925,0.9973294,0.99682593,0.9968436,0.9979645,0.9942702,0.9977138,0.9959541,0.9969802,0.99763966,0.9972816,0.99706405,0.9969151,0.9972198,0.99634266,0.9970941,0.99668735,0.99757385,0.9968299,0.9966592,0.9974484,0.9936515,0.99193263,0.9959101
ipip115,0.99738455,0.9964244,0.9970562,0.9962605,0.9973959,0.9968169,0.99748474,0.9966745,0.9977112,0.99622756,0.9967806,0.9977193,0.99692464,0.996664,0.99680334,0.99752676,0.9976262,0.9966101,0.9977923,0.99721235,0.99778956,0.99728346,0.99778575,0.9977481,0.9974608,0.99736935,0.9959042,0.9976935,0.9972031,0.997468,0.99745893,0.9973777,0.9967976,0.99762225,0.99737555,0.99748814,0.9975054,0.9975287,0.9981309,0.9974591,0.99613327,0.99722886,0.99689716,0.9962043,0.9961373,0.9975756,0.9971301,0.9966762,0.9972451,0.9969147,0.9969603,0.99188036,0.99717575,0.99615234,0.99554163,0.9965283,0.9958432,0.9961172,0.99646527,0.99766904,0.99784535,0.9976861,0.9979195,0.9975502,0.9975743,0.9975632,0.9974367,0.997777,0.99779755,0.9966569,0.9975526,0.9977166,0.99531806,0.9966736,0.99662507,0.991427,0.99650794,0.99766535,0.9969922,0.99742925,0.99736094,0.9976475,0.996649,0.99765337,0.9974532,0.99768466,0.99725544,0.99711275,0.99636835,0.9973052,0.9975435,0.99823624,0.9975673,0.99539304,0.99514693,0.99513817,0.9975501,0.996803,0.9960147,0.9954415,0.9977603,0.9979601,0.9979721,0.99999905,0.9980536,0.99618447,0.99758685,0.9971616,0.9979132,0.99738014,0.9977387,0.9954233,0.99715143,0.9970271,0.9975612,0.997202,0.99763453,0.9977389,0.9975845,0.9973031,0.9977446,0.9972732,0.99772364,0.9977315,0.9974633,0.99733704,0.9970398,0.99764216,0.99687105,0.99683774,0.99781996,0.99345237,0.9966828,0.9960151,0.99738526,0.99775064,0.9977921,0.9975381,0.99773777,0.99760014,0.9980633,0.9979124,0.9970984,0.997643,0.9979848,0.9959649,0.9978321,0.99778193,0.99554795,0.99751437,0.99814504,0.9979864,0.9964921,0.99564815,0.99744,0.9975438,0.99755514,0.9968949,0.99563104,0.9974031,0.9958537,0.99789226,0.9973023,0.99703,0.9976039,0.9911411,0.9974167,0.9976974,0.99745214,0.9967194,0.99783003,0.99644506,0.997241,0.9977048,0.9976237,0.9976729,0.9975953,0.9975749,0.99685526,0.9977873,0.9968514,0.9969038,0.9973147,0.99697167,0.9944071,0.9968082,0.9978276,0.99789435,0.9979344,0.9967976,0.9977931,0.99785244,0.9978506,0.997627,0.9978024,0.99765676,0.9977116,0.99770224,0.9967544,0.99700844,0.9974581,0.99769,0.99641603,0.99770004,0.9976232,0.99761564,0.9978895,0.99457806,0.9969518,0.9961112,0.9972832,0.9967492,0.99763775,0.99727684,0.9962525,0.9965175,0.9975654,0.99103343,0.99720424,0.9979408,0.9979804,0.99672735,0.99696743,0.99736995,0.99590474,0.9977343,0.99749017,0.997745,0.99334896,0.9967753,0.9975024,0.99717593,0.99764735,0.9978667,0.99773455,0.99609417,0.99746686,0.99684995,0.9975638,0.99685335,0.99747527,0.9972064,0.9975601,0.9968231,0.9974045,0.9977437,0.9964532,0.9977947,0.9929853,0.99667925,0.9978748,0.9977222,0.9962132,0.99791276,0.99682283,0.99709505,0.996925,0.99764746,0.9960825,0.99788713,0.99782723,0.99587524,0.99685556,0.995044,0.99647033,0.99723077,0.9973018,0.99728423,0.9974561,0.99445385,0.9977113,0.9965124,0.9973266,0.99764246,0.99764305,0.9971995,0.9970562,0.99764395,0.99662393,0.99728477,0.9970697,0.99752736,0.9970205,0.9971072,0.9972413,0.99412936,0.99255466,0.9958866
ipip145,0.99774414,0.99677914,0.997389,0.9965036,0.9976593,0.99684006,0.99781317,0.9970172,0.99781394,0.99638116,0.9968735,0.998202,0.9971307,0.9974009,0.996755,0.9975707,0.99794066,0.9967446,0.9981248,0.9979699,0.99798644,0.9976384,0.9977891,0.9978516,0.99734396,0.99750686,0.9960042,0.9979623,0.9974484,0.99766636,0.99753755,0.9974479,0.9966065,0.9978358,0.9978569,0.99754554,0.9977274,0.99792606,0.9979097,0.99805903,0.99612063,0.9974477,0.99711233,0.9964781,0.99608606,0.99775285,0.99733007,0.9969302,0.9977231,0.99714607,0.9970144,0.99157196,0.99758387,0.9966337,0.99556535,0.9966849,0.9960284,0.9962823,0.99671906,0.9976048,0.99841815,0.99784034,0.9986406,0.99767715,0.99786156,0.9976213,0.9978219,0.99792105,0.9979056,0.99689543,0.99789834,0.99790144,0.99512684,0.9970058,0.9978068,0.99157673,0.99665064,0.9980381,0.9969697,0.99752265,0.99792856,0.99839497,0.99709564,0.9979993,0.99798954,0.9981774,0.99788845,0.9972897,0.99695355,0.99781513,0.99753326,0.9982056,0.9983798,0.9957139,0.99556106,0.9955938,0.9978821,0.99668133,0.99594134,0.9955288,0.9976633,0.99816257,0.9980352,0.9980536,0.9999993,0.9954207,0.99799603,0.996813,0.9980942,0.99793476,0.99816716,0.99614817,0.99795663,0.9972121,0.99815357,0.9975098,0.9977964,0.9982836,0.99814445,0.9977953,0.99800867,0.99720347,0.9977398,0.997987,0.99771184,0.99689835,0.9970541,0.9979428,0.99676293,0.99701536,0.99794954,0.9932179,0.99663204,0.99656856,0.997522,0.99791783,0.99751043,0.9975972,0.998057,0.997856,0.99833244,0.9983393,0.99730396,0.9979103,0.99823636,0.99605066,0.998075,0.99786425,0.99552804,0.9982884,0.9982062,0.99785125,0.9971145,0.99584657,0.99779475,0.9976182,0.9978297,0.996977,0.9959645,0.997666,0.9957987,0.9981841,0.99768263,0.9966938,0.99789906,0.99083364,0.99765205,0.997751,0.9976975,0.9971341,0.9979905,0.9963481,0.99751884,0.9979072,0.99760425,0.99788725,0.99789286,0.9976231,0.99686366,0.9975781,0.9969234,0.99682724,0.997194,0.9969878,0.9945427,0.99708295,0.99775726,0.99777687,0.997826,0.99661374,0.998089,0.99785924,0.99783367,0.997577,0.998276,0.9980273,0.9978756,0.99798054,0.9965571,0.9972022,0.99772114,0.99789983,0.99664783,0.99787,0.9977029,0.99741685,0.99797297,0.9945597,0.99699974,0.9960381,0.99728495,0.9970337,0.9976366,0.99736536,0.9962309,0.996452,0.9977394,0.99120647,0.9978825,0.9980797,0.99802107,0.99690855,0.99732196,0.9977614,0.9962082,0.99796987,0.99777895,0.9979162,0.99333847,0.9968861,0.9975005,0.99747884,0.99810255,0.9981146,0.99815845,0.9960998,0.99784726,0.9971291,0.9976928,0.99666876,0.99815124,0.9974989,0.9978561,0.9970293,0.9973331,0.9980032,0.9966586,0.99800897,0.9929656,0.99677485,0.99801224,0.99796456,0.9960102,0.9980423,0.9970314,0.9976381,0.997306,0.9978964,0.9965776,0.9982155,0.9978702,0.9960081,0.9972847,0.99523586,0.99630696,0.9976229,0.9972541,0.9972306,0.99749696,0.99474007,0.9980934,0.99647546,0.99755234,0.9978452,0.99784726,0.99750084,0.99725765,0.9979585,0.99706227,0.9975747,0.99710274,0.9979225,0.9973338,0.9970955,0.99766374,0.99414897,0.9924649,0.9963186
ipip175,0.993464,0.9952563,0.994102,0.99509746,0.9945971,0.9946961,0.99400955,0.9949843,0.99569553,0.99527746,0.99513304,0.99486923,0.9959489,0.9951069,0.99605113,0.9948847,0.9950491,0.9950113,0.9950302,0.9947189,0.99516493,0.9943737,0.9953825,0.99548215,0.99522024,0.9949964,0.9955344,0.9954666,0.99489933,0.9956897,0.9948408,0.9959535,0.99444115,0.99463904,0.99365675,0.9950414,0.9941986,0.99386716,0.9951809,0.9948347,0.9952916,0.99507403,0.99532,0.99413484,0.9958371,0.9948514,0.9958267,0.9947748,0.9947738,0.99501294,0.9948791,0.9934684,0.99481344,0.9950243,0.9954109,0.99627393,0.99367106,0.99622416,0.9954449,0.9961754,0.9943816,0.99501836,0.9948906,0.9951708,0.9951673,0.99639255,0.99431705,0.9953169,0.99524957,0.99581045,0.9937592,0.9957226,0.994433,0.99461854,0.99535966,0.99302506,0.99508804,0.99493337,0.9963032,0.995996,0.99576664,0.99416816,0.9943088,0.9938513,0.9946974,0.9938839,0.993946,0.9958308,0.9949994,0.9944634,0.99517435,0.9942792,0.99457353,0.9945152,0.99429566,0.99449986,0.9936504,0.9966346,0.99468297,0.99586487,0.996067,0.99454445,0.9953159,0.99618447,0.9954207,1.0000001,0.9946804,0.99642164,0.99695057,0.99373096,0.99418867,0.9929303,0.99529046,0.995015,0.99433136,0.99579847,0.9941791,0.9945517,0.994085,0.9955512,0.99482584,0.99549174,0.99555904,0.995114,0.994104,0.9966477,0.9963682,0.9954213,0.9961307,0.99495786,0.99476033,0.99342024,0.995522,0.9952862,0.993928,0.9958143,0.9959008,0.9959449,0.9942075,0.99409574,0.9939292,0.9957725,0.9955032,0.9955376,0.9949547,0.9948882,0.9946914,0.9951152,0.99593025,0.99500513,0.99503696,0.99554414,0.9953591,0.9949135,0.9935819,0.99615467,0.9961283,0.9953577,0.9939557,0.9935599,0.9954444,0.995139,0.9943768,0.99506783,0.9938959,0.9912474,0.9949744,0.9956478,0.9948719,0.9947508,0.99403524,0.9949572,0.9933977,0.99481994,0.9954874,0.9948173,0.99483,0.9951303,0.9952119,0.99602985,0.99627775,0.99634737,0.9958394,0.9963496,0.9942391,0.995382,0.99508494,0.99523616,0.99530077,0.9959967,0.9950436,0.9954098,0.9952259,0.9953888,0.99446356,0.9942255,0.9954001,0.9943673,0.99623615,0.9962224,0.9952467,0.9943608,0.9963559,0.9952189,0.9954479,0.9955181,0.9951959,0.9952868,0.9984471,0.9960073,0.9957821,0.9944398,0.9951517,0.9955273,0.9965328,0.9957839,0.9956565,0.99331594,0.99498713,0.9952849,0.99516976,0.9950659,0.9952553,0.99630606,0.9949475,0.9946317,0.9940932,0.99606514,0.9964275,0.9959984,0.9959173,0.9947073,0.9951006,0.9953472,0.9948302,0.9950983,0.9948563,0.9951147,0.9951488,0.9962528,0.9951195,0.99583787,0.99460983,0.996168,0.9961501,0.9963446,0.99537915,0.9942477,0.9932526,0.9953792,0.99575037,0.9955336,0.99629766,0.99572664,0.99612767,0.99498886,0.99467593,0.9951614,0.99528176,0.99604154,0.9953457,0.99620205,0.9957729,0.99547035,0.99652624,0.9951075,0.99575627,0.99524075,0.99593437,0.99490935,0.99442565,0.99636376,0.9952032,0.99513394,0.9957098,0.99564826,0.9958311,0.99477565,0.99529105,0.9951072,0.9956659,0.99480474,0.9964512,0.9956153,0.9957469,0.9943812,0.99363685,0.9946067
ipip205,0.99804556,0.9960344,0.997378,0.99592113,0.99744046,0.9962433,0.9982473,0.99684525,0.99776953,0.9959182,0.9966907,0.99779636,0.9967039,0.99661964,0.9958805,0.9977478,0.99778855,0.99618787,0.998103,0.99783987,0.99780065,0.9972406,0.9977762,0.99768335,0.9967009,0.9976388,0.99556303,0.99791574,0.9971873,0.99772793,0.9975361,0.9973627,0.9969552,0.99772674,0.99818695,0.99741566,0.9981255,0.9984046,0.997844,0.9976339,0.9960207,0.9976209,0.9967854,0.99662995,0.99543595,0.9976508,0.99663293,0.9962355,0.997576,0.9966969,0.9969072,0.99077535,0.9974815,0.9965057,0.9950647,0.9966048,0.9955269,0.9959526,0.996088,0.9977507,0.99807537,0.99744946,0.9981862,0.9971168,0.99721485,0.9968231,0.99815226,0.99793637,0.9978201,0.9962985,0.99808985,0.9977571,0.9942714,0.99674016,0.9963544,0.99085426,0.9964195,0.9979304,0.9967804,0.9974006,0.997144,0.9981758,0.9966495,0.99803716,0.99771035,0.9984274,0.99802095,0.9966249,0.99600387,0.9978106,0.99698573,0.9983609,0.99759555,0.9948746,0.994529,0.9947231,0.9981098,0.9963667,0.99539405,0.99512964,0.997239,0.9980407,0.99760497,0.99758685,0.99799603,0.9946804,1.0000014,0.9961613,0.99790454,0.99815434,0.9985247,0.99574214,0.99700403,0.9970205,0.9983041,0.99682915,0.9979136,0.9982817,0.99812216,0.9971849,0.9980913,0.9970348,0.9976891,0.9976905,0.99788326,0.9965552,0.99711305,0.99791706,0.99648017,0.99688715,0.9979523,0.992179,0.99589074,0.9955619,0.9976206,0.9977881,0.9972428,0.9975628,0.9983938,0.9980809,0.9982389,0.9977337,0.99685055,0.99758387,0.9976135,0.9953125,0.99793243,0.9978065,0.9952752,0.9978885,0.9983622,0.99758285,0.9964343,0.99494034,0.99801856,0.99746037,0.99760073,0.9969322,0.9950671,0.9980119,0.9950186,0.9983459,0.9975979,0.99629384,0.9981784,0.9901519,0.99795115,0.99738115,0.9976558,0.9971995,0.99826854,0.99593455,0.9979263,0.99807197,0.9977298,0.99826676,0.99816924,0.9977542,0.99688864,0.9979843,0.9967997,0.99659467,0.997179,0.9965951,0.9942474,0.99662673,0.9981472,0.9982113,0.9981973,0.9963886,0.9986075,0.99821043,0.99817246,0.9977059,0.9981527,0.99844235,0.99819726,0.9984514,0.996564,0.99674654,0.9977147,0.99827856,0.9962967,0.998182,0.9975732,0.99711514,0.99825644,0.99362767,0.99643165,0.99571735,0.9970591,0.9973068,0.99771875,0.9970468,0.9957719,0.9955947,0.99811316,0.9902529,0.9976572,0.99811184,0.998183,0.9973302,0.9976073,0.9970745,0.9963495,0.9984045,0.99829036,0.99785125,0.9922137,0.9965664,0.9976954,0.9973435,0.99771434,0.9978069,0.9980364,0.9957325,0.9975421,0.99690527,0.9979653,0.99675584,0.9979974,0.9976966,0.9983664,0.9965381,0.9977073,0.9977928,0.99596345,0.9982551,0.99266195,0.9966467,0.9979497,0.99790454,0.9955231,0.99788857,0.99660856,0.99743587,0.9972963,0.99756795,0.9961437,0.99784565,0.9981234,0.99542695,0.9971592,0.99478674,0.99605006,0.99758303,0.9969304,0.9969385,0.9970179,0.99363947,0.9983447,0.9959957,0.99722403,0.9980911,0.9974404,0.9971157,0.9970136,0.9977769,0.99623376,0.99749076,0.99677235,0.9981027,0.9969378,0.99679697,0.9977471,0.9932947,0.9919058,0.9954608
ipip235,0.995784,0.99605024,0.9958113,0.9956388,0.9962944,0.99595666,0.99605966,0.996166,0.9968933,0.9956666,0.9962012,0.9964916,0.9967402,0.99613136,0.9963521,0.996651,0.9966828,0.99600685,0.9964373,0.9961288,0.9965875,0.9961329,0.99697405,0.9969518,0.99684435,0.9959954,0.995538,0.9965783,0.996081,0.9962783,0.99620706,0.9966171,0.99632955,0.9966033,0.9958057,0.99673957,0.9960771,0.9961539,0.9965138,0.9964257,0.99546075,0.9962344,0.99616605,0.99532545,0.9958368,0.99634403,0.9966793,0.9959627,0.99637395,0.9958314,0.9959977,0.9920261,0.99628764,0.9952168,0.99546635,0.9960828,0.994996,0.9958684,0.99624455,0.9968747,0.9964459,0.9964265,0.9965763,0.9965783,0.9967088,0.9971441,0.99611735,0.99675035,0.9969104,0.9962897,0.99606836,0.9968117,0.99553305,0.9959024,0.9961432,0.9918408,0.99568135,0.99621177,0.99646795,0.9966471,0.99673617,0.9963306,0.9952826,0.99601674,0.9960908,0.9961185,0.99599415,0.9963776,0.9956923,0.9961951,0.9963682,0.9962779,0.9967849,0.9950531,0.99447894,0.99511266,0.9963877,0.99706507,0.9950816,0.99556684,0.996762,0.9967613,0.9970408,0.9971616,0.996813,0.99642164,0.9961613,0.999999,0.9978778,0.9960855,0.9963297,0.9943984,0.9964424,0.9963648,0.9963909,0.9966673,0.99640745,0.9964122,0.99614275,0.996581,0.99636453,0.99611694,0.9964725,0.9962088,0.99638474,0.9966164,0.99622315,0.99648345,0.99655247,0.995921,0.9965895,0.9927872,0.99620086,0.9956245,0.9961917,0.99687046,0.9975695,0.99668926,0.9962522,0.9964797,0.996414,0.99718165,0.99666834,0.99741,0.9965883,0.9958222,0.99641573,0.9967415,0.9953528,0.99629486,0.9968304,0.99686676,0.9958617,0.9950232,0.99588966,0.99671173,0.99680287,0.9963095,0.9946958,0.99573344,0.99552816,0.99681675,0.9958533,0.9968019,0.9964418,0.9912807,0.9961892,0.9968371,0.99629486,0.9956456,0.9962575,0.99551946,0.99560624,0.9964291,0.9966485,0.99633926,0.99641377,0.9965944,0.9962332,0.99662954,0.99605227,0.9963573,0.99630123,0.9963481,0.99401134,0.99593574,0.9963624,0.99646986,0.9964504,0.9960421,0.9964176,0.9965942,0.9965028,0.9965832,0.9963643,0.996213,0.99646616,0.9962304,0.9959603,0.9966644,0.99645704,0.9965155,0.9965146,0.9963796,0.9965023,0.9969742,0.9968312,0.99497396,0.99692315,0.99624497,0.9963487,0.99569535,0.99661946,0.9963448,0.9960267,0.9961037,0.9963833,0.9917879,0.9961007,0.9966892,0.9967103,0.9959142,0.9963056,0.9968878,0.99505186,0.9965924,0.9961148,0.996724,0.9940263,0.9964563,0.9964815,0.9960186,0.99654514,0.99688166,0.99656457,0.99539083,0.9966326,0.99625355,0.9965307,0.9964295,0.99634033,0.9964682,0.996191,0.9965417,0.9964434,0.99711156,0.9960771,0.9963994,0.9925667,0.99596095,0.9966677,0.99666953,0.99546,0.99665815,0.9960413,0.995832,0.9957332,0.99704343,0.99562573,0.997155,0.99654675,0.99566764,0.9961618,0.99458337,0.99626905,0.9964853,0.99651796,0.9968709,0.99710655,0.9945116,0.99639535,0.99639887,0.99655384,0.9965701,0.9968486,0.99657464,0.9967237,0.99668735,0.99577355,0.9963903,0.9966778,0.99652994,0.996777,0.99676466,0.9965566,0.9940834,0.9927408,0.9956532
ipip265,0.99756235,0.99678826,0.9971143,0.9963919,0.9974508,0.9964875,0.99791336,0.99719393,0.99820656,0.99641585,0.99697804,0.9976566,0.99717516,0.99678606,0.9966059,0.9974998,0.99774957,0.9965618,0.9977257,0.9977681,0.997784,0.9972989,0.997974,0.9980793,0.99740845,0.9974252,0.9963401,0.99791175,0.99718744,0.9975905,0.99761623,0.99802834,0.9969411,0.9979722,0.99769694,0.99763316,0.99765986,0.9978694,0.99765635,0.9977381,0.9966056,0.9977262,0.9970754,0.99638176,0.9963889,0.9976127,0.9974648,0.99674815,0.9975014,0.9967745,0.9969855,0.99211216,0.99760276,0.9967945,0.99594086,0.9971975,0.9955823,0.9964942,0.9966251,0.9981295,0.998292,0.99758506,0.99846417,0.99735296,0.99752325,0.9976502,0.9979771,0.9981826,0.9981293,0.99698615,0.9977751,0.997936,0.9950898,0.9970502,0.99691623,0.99238044,0.9967479,0.9977597,0.99747956,0.9979177,0.99755347,0.9978589,0.99666005,0.9975431,0.9973451,0.9979362,0.99764943,0.9971787,0.99638474,0.99761575,0.9971663,0.99798125,0.997896,0.9955663,0.99501574,0.9957429,0.9977108,0.99766266,0.9957603,0.9957773,0.99793285,0.9980015,0.99853677,0.9979132,0.9980942,0.99695057,0.99790454,0.9978778,0.99999833,0.9979797,0.9981465,0.99544656,0.9972165,0.99738353,0.9980961,0.9971557,0.9977985,0.9979387,0.9977706,0.9977,0.99815714,0.9975323,0.9979198,0.9977865,0.9975419,0.9975524,0.99783343,0.9980838,0.9973002,0.99721706,0.9980938,0.99313146,0.9967677,0.99621665,0.9975931,0.9978724,0.99767506,0.9980618,0.99807346,0.997802,0.99794894,0.9982132,0.9974292,0.9979841,0.99778867,0.9959549,0.99773335,0.9980906,0.9960486,0.99777377,0.9983646,0.9978344,0.99645305,0.9959076,0.997626,0.9975901,0.9977206,0.997144,0.9953668,0.9976871,0.9959863,0.9981866,0.9972306,0.99698627,0.9978305,0.9911547,0.9979791,0.99795467,0.99762946,0.99677837,0.99790764,0.9960777,0.99736744,0.9977628,0.99796814,0.99794084,0.99804807,0.9976989,0.9974799,0.9981269,0.9970115,0.9974136,0.9973882,0.9974669,0.9948492,0.997308,0.99808943,0.9981659,0.9981605,0.9971085,0.99815106,0.99821365,0.9980953,0.9979585,0.9978184,0.9980274,0.99818903,0.9981389,0.9970077,0.9976437,0.99814993,0.9980488,0.99723834,0.9980723,0.9977655,0.9975678,0.9984464,0.9949877,0.9981223,0.9967658,0.9975174,0.9972802,0.9979543,0.9976997,0.99717045,0.9966568,0.9979455,0.9917343,0.99753475,0.9978965,0.9980423,0.99721825,0.9979449,0.9978043,0.99609554,0.99800843,0.9979665,0.9983395,0.9944665,0.99736685,0.99808216,0.9974083,0.9981241,0.9979182,0.99817544,0.99653476,0.9979265,0.9972557,0.9977661,0.9969399,0.99755675,0.9974959,0.99795306,0.9974594,0.997783,0.9989008,0.9965759,0.99800164,0.99329317,0.9969625,0.99820364,0.99809307,0.9965774,0.998225,0.9973394,0.99752647,0.9973025,0.9980449,0.99654156,0.9981831,0.99813354,0.99642414,0.9974822,0.99579763,0.9968656,0.997776,0.99738073,0.99754673,0.9980183,0.9945791,0.9982204,0.99703515,0.9975495,0.9982363,0.9978756,0.99777454,0.9976235,0.9980094,0.99686724,0.99764735,0.99745214,0.9981225,0.99840695,0.99750775,0.9981923,0.99428135,0.9926064,0.99616486
ipip295,0.99852127,0.99578977,0.99749964,0.9954863,0.99760765,0.9960673,0.99868053,0.9967466,0.9978158,0.9953332,0.9962392,0.9978722,0.9960879,0.9960309,0.995329,0.9975826,0.99790907,0.9958907,0.9978546,0.9980101,0.9976116,0.99752355,0.99745345,0.9976481,0.99640435,0.9976222,0.9950781,0.9976662,0.99706465,0.9971521,0.9975771,0.99753475,0.99702245,0.9976856,0.9987161,0.9973691,0.99808764,0.9986509,0.9978884,0.9977402,0.99557537,0.9975997,0.9962238,0.99629647,0.99464214,0.99770063,0.99611586,0.99615014,0.9973707,0.9961262,0.9968202,0.98933303,0.99762946,0.9959177,0.9942784,0.9960069,0.99535507,0.9951276,0.9956987,0.997523,0.99838144,0.99723303,0.9983267,0.9970405,0.99721354,0.9963996,0.9986029,0.99810493,0.99768,0.9960735,0.99853015,0.9974371,0.9937926,0.9966514,0.9960224,0.98976505,0.9957079,0.99778736,0.9962493,0.99725163,0.996906,0.9984683,0.9963384,0.99839234,0.9974568,0.99877447,0.9983452,0.99614406,0.99555844,0.9980493,0.99683493,0.9984012,0.9980315,0.9941795,0.9936451,0.994325,0.9985542,0.9958562,0.99472,0.9935681,0.99699754,0.99826884,0.9977085,0.99738014,0.99793476,0.99373096,0.99815434,0.9960855,0.9979797,0.99999964,0.99896574,0.99576485,0.9968364,0.99703,0.9987871,0.9963667,0.99828994,0.9982114,0.9984692,0.99718887,0.99810964,0.9967813,0.99751115,0.9976409,0.9980052,0.9963555,0.99651337,0.9979884,0.99597275,0.9968475,0.9981295,0.99090374,0.9952938,0.9946909,0.99797684,0.99758387,0.99694496,0.9974357,0.99884623,0.9985039,0.9987047,0.99767077,0.9966065,0.99759275,0.99773335,0.99524415,0.99805194,0.99773836,0.99443066,0.99818957,0.9982821,0.9973027,0.99482346,0.9941436,0.99853796,0.99681133,0.9968514,0.9963362,0.9950313,0.9986177,0.9940976,0.99826515,0.9973875,0.9959919,0.99860525,0.9892464,0.9979709,0.9967518,0.9976041,0.9965148,0.9985207,0.99548036,0.9983008,0.9976915,0.99771816,0.9982956,0.99824345,0.9977025,0.99663496,0.997511,0.99579597,0.9962236,0.996414,0.9963436,0.99345684,0.9965627,0.9980986,0.9981732,0.99821204,0.9956738,0.9983062,0.9981918,0.99819666,0.99777424,0.99827254,0.99872494,0.99805415,0.9987284,0.9959697,0.99617434,0.9975323,0.99860704,0.99547577,0.99818933,0.99742156,0.99692655,0.9984297,0.992467,0.99600667,0.9951129,0.9967593,0.99733895,0.9978904,0.99689525,0.9953084,0.9951568,0.9973608,0.9885394,0.99748546,0.9979052,0.9979131,0.9969638,0.9976568,0.99650604,0.99515694,0.9984579,0.99864125,0.99774235,0.99093837,0.9966791,0.9974851,0.99759185,0.9979403,0.9978103,0.99852353,0.9954296,0.9974066,0.99657315,0.9975591,0.9956809,0.9974051,0.9967977,0.9983308,0.9960198,0.99710655,0.99781716,0.99554074,0.99841154,0.9915515,0.9959488,0.99780023,0.99788916,0.9946109,0.99788266,0.9959908,0.9971988,0.9972327,0.99754953,0.9952823,0.9976722,0.99824536,0.994715,0.99669564,0.9940032,0.99539864,0.9975921,0.9963564,0.9966222,0.9966589,0.99290955,0.9988978,0.99563867,0.99689287,0.99829227,0.997353,0.9968153,0.9964147,0.99761844,0.9958586,0.9973184,0.9965655,0.9984975,0.99681664,0.99669266,0.997684,0.99261403,0.9901096,0.9953465
ipip30,0.9988701,0.99635243,0.9979128,0.99609804,0.9981531,0.99657303,0.9990518,0.99720794,0.9983573,0.9960155,0.99692184,0.99848765,0.99673957,0.99651366,0.9961046,0.99809426,0.9981166,0.99624157,0.9983172,0.99816877,0.9981542,0.99782515,0.9981842,0.9980614,0.9968833,0.99796647,0.9956383,0.99818724,0.99739486,0.99768543,0.9980089,0.997994,0.9974363,0.9981088,0.99899757,0.99800444,0.99845594,0.99898165,0.9982048,0.99803025,0.99624753,0.99814445,0.99680376,0.9967355,0.99533147,0.99807334,0.99662125,0.9965664,0.9978504,0.996615,0.99724454,0.9901185,0.9982375,0.99649763,0.9950244,0.99668646,0.9960031,0.9959387,0.9961929,0.9981229,0.99867177,0.9977409,0.9986953,0.99744725,0.9975032,0.99698645,0.9987954,0.9984315,0.9981,0.9964951,0.9989485,0.99802756,0.99455553,0.9973165,0.99646854,0.99022144,0.99617326,0.9980808,0.9969811,0.9978472,0.9976492,0.9988269,0.9965449,0.99871,0.9978737,0.99913454,0.99852884,0.99649507,0.9961173,0.9983695,0.9973611,0.9988345,0.99806774,0.9945442,0.9942418,0.9947263,0.99896735,0.9963609,0.9951368,0.99411184,0.997337,0.99869436,0.99785614,0.9977387,0.99816716,0.99418867,0.9985247,0.9963297,0.9981465,0.99896574,0.99999905,0.99613225,0.9973683,0.9972106,0.9988396,0.9967804,0.9984458,0.9986474,0.99870926,0.997275,0.9985546,0.99726444,0.99816227,0.9981575,0.99834603,0.9967885,0.99724436,0.9986887,0.9965853,0.9972622,0.99857724,0.9914606,0.9959124,0.99526507,0.99835175,0.99817896,0.9974818,0.99803144,0.99949706,0.99887514,0.9989645,0.99810153,0.9969339,0.9979876,0.9980248,0.99537975,0.9983913,0.9981187,0.9953576,0.9982849,0.9986594,0.99769974,0.99543995,0.99461865,0.99870765,0.99742377,0.9973777,0.9968735,0.9950424,0.99871755,0.9948785,0.9987982,0.99784446,0.9965467,0.99903226,0.9899229,0.99861294,0.9972719,0.997962,0.99696475,0.99897337,0.995943,0.99857825,0.99811405,0.9981337,0.99878275,0.9986052,0.998108,0.9973625,0.997971,0.9961883,0.9968334,0.99689025,0.9969267,0.9941291,0.9970266,0.9985047,0.99859905,0.9985922,0.99623615,0.9986632,0.9987453,0.9987252,0.9982425,0.9987102,0.99918973,0.9984041,0.9991595,0.99629664,0.99668676,0.9979828,0.9988593,0.9958395,0.9986323,0.99797314,0.99728364,0.99883145,0.9933165,0.996538,0.99591494,0.9974094,0.99766886,0.99839574,0.99750745,0.9959264,0.9956225,0.9979405,0.98917717,0.9977464,0.9981701,0.99854773,0.9974551,0.99808574,0.99702096,0.9957636,0.9988258,0.9989519,0.998025,0.9914233,0.9965573,0.9978331,0.9980046,0.998329,0.9983195,0.9987765,0.99598944,0.9978119,0.9971361,0.997993,0.99625206,0.9978192,0.9970024,0.99867725,0.9965472,0.9976185,0.9981822,0.99634093,0.9989279,0.9924929,0.99677646,0.9984331,0.9984355,0.9953868,0.9983991,0.996641,0.9975593,0.99758446,0.9980351,0.9958988,0.9981867,0.99868995,0.99541634,0.9972865,0.9947046,0.99592334,0.9981976,0.99703336,0.9971606,0.9971219,0.9937265,0.99931175,0.9963171,0.9974757,0.99879915,0.99783117,0.9973736,0.9971167,0.9981073,0.99638,0.9977225,0.99714416,0.9990199,0.99729884,0.99711776,0.998383,0.99343115,0.99097025,0.99593574
ipip60,0.9956914,0.9947877,0.99566823,0.9941462,0.99552184,0.99465066,0.9956814,0.99519914,0.99586856,0.9940793,0.9948613,0.99593896,0.99505377,0.9951018,0.9943422,0.99522877,0.99555236,0.99486184,0.99581355,0.9953894,0.99561507,0.9956184,0.99560964,0.9957183,0.9955151,0.9953413,0.9942749,0.99561995,0.9952581,0.9956631,0.9953379,0.9952217,0.9947708,0.9962641,0.99574757,0.99543065,0.9956473,0.99582505,0.9955215,0.9955051,0.99395317,0.9954118,0.9949112,0.9945388,0.9938892,0.99576277,0.9950718,0.99481964,0.9956262,0.994887,0.9949399,0.9898554,0.99555874,0.9945853,0.9934834,0.9946757,0.9941621,0.99436396,0.9944446,0.99546784,0.99568,0.9955294,0.9958953,0.995705,0.9954613,0.99507654,0.9959517,0.9956648,0.99566215,0.9947512,0.995621,0.9954939,0.993439,0.994789,0.9950955,0.98963845,0.99434435,0.99569225,0.9947818,0.99524176,0.9955711,0.9960384,0.9946386,0.9959649,0.9958607,0.9956858,0.9955669,0.99447775,0.99448943,0.9958393,0.99506927,0.99575263,0.9955139,0.99368083,0.9930311,0.9937578,0.9957769,0.9944391,0.99341017,0.9936834,0.9950771,0.99588627,0.99540704,0.9954233,0.99614817,0.9929303,0.99574214,0.9943984,0.99544656,0.99576485,0.99613225,0.9999997,0.995972,0.9955657,0.9959726,0.99526966,0.99557877,0.9957897,0.99619144,0.99512136,0.99576294,0.9951215,0.99558645,0.995879,0.9954231,0.99480164,0.99483395,0.9957395,0.99461156,0.99494606,0.9955066,0.9910153,0.99415714,0.9940128,0.99512994,0.9957748,0.99528027,0.9952078,0.9957814,0.995706,0.99593383,0.9957426,0.9950675,0.99579394,0.9959093,0.9941376,0.99556935,0.99594486,0.9936064,0.9962009,0.9956835,0.9953893,0.99416023,0.99327415,0.9956838,0.995524,0.9957639,0.99488556,0.9938886,0.99560505,0.993316,0.9958873,0.99543524,0.99463576,0.9957267,0.9885443,0.9954162,0.99514353,0.99570054,0.99502265,0.99576485,0.9944188,0.99537325,0.99560875,0.9955516,0.9959478,0.99578166,0.9956003,0.9947781,0.9953152,0.9945713,0.99486357,0.994962,0.9948734,0.99265945,0.99476194,0.9956345,0.9956417,0.9957089,0.9943613,0.99594116,0.9956564,0.99569756,0.9955515,0.9960068,0.9958344,0.9955191,0.9957376,0.99416465,0.9949537,0.9953697,0.9956031,0.99439144,0.99568003,0.99569803,0.99535775,0.9957888,0.9924717,0.9947749,0.9941756,0.9952605,0.99634343,0.9956787,0.99517107,0.9941836,0.99425167,0.9954955,0.9892973,0.9955688,0.9954674,0.9957874,0.99498206,0.99518996,0.99544764,0.9943812,0.99578637,0.99556917,0.9953677,0.9907645,0.99502784,0.99527335,0.995406,0.9957064,0.9957926,0.99557173,0.99422026,0.9955597,0.9948197,0.99538666,0.99457055,0.99554956,0.9955683,0.99562335,0.9947286,0.99534214,0.99567914,0.9945636,0.9957439,0.99154437,0.99470174,0.995592,0.99566114,0.9933453,0.99544406,0.9944008,0.99552274,0.99530536,0.99574,0.99453276,0.9959718,0.9957933,0.9942617,0.995375,0.9931806,0.99429977,0.99561614,0.9949725,0.9950922,0.99509317,0.99298716,0.9956901,0.9942249,0.9954099,0.99569464,0.99558747,0.9951208,0.99520093,0.9962221,0.9944499,0.9955768,0.9950207,0.9958538,0.99506235,0.9949138,0.9956925,0.99221456,0.99010897,0.9941634
ipip90,0.9969018,0.99635625,0.9968651,0.99609864,0.99710447,0.99624866,0.9968805,0.99655515,0.99715716,0.9959874,0.9966918,0.9987462,0.9966952,0.9968346,0.996351,0.9969582,0.99718934,0.9960642,0.9972948,0.99721456,0.99710476,0.99676555,0.99710697,0.9969491,0.99672633,0.9968695,0.9959268,0.9970886,0.9971627,0.99709797,0.9968303,0.9968727,0.9960513,0.99709964,0.9969724,0.9970029,0.99677014,0.996808,0.9969947,0.99721706,0.9960394,0.99686456,0.9966791,0.99615496,0.99604434,0.99702585,0.99693835,0.99623615,0.99717313,0.9966178,0.9965665,0.9920614,0.99711776,0.9961988,0.9954638,0.9968502,0.9959295,0.9961666,0.9965665,0.9972087,0.99714583,0.9973158,0.99741083,0.9974867,0.99696606,0.9968613,0.9969161,0.99693596,0.997032,0.99632066,0.9969119,0.99724424,0.9949927,0.996691,0.9975274,0.9920116,0.9963039,0.9972503,0.9966806,0.99696773,0.997735,0.99766797,0.9962069,0.9970808,0.99745476,0.9971833,0.9970714,0.99639314,0.996356,0.99693924,0.9974004,0.9970417,0.9971538,0.9955934,0.99505186,0.99571455,0.9968687,0.99643695,0.9952954,0.9954291,0.9968376,0.99713814,0.99706846,0.99715143,0.99795663,0.99529046,0.99700403,0.9964424,0.9972165,0.9968364,0.9973683,0.995972,1.0000011,0.9967753,0.9970885,0.99718994,0.9968616,0.9971528,0.9970447,0.9968183,0.99700546,0.99669033,0.99717665,0.99726546,0.99667364,0.9964921,0.9966377,0.99737865,0.99640787,0.996705,0.997062,0.9929827,0.9964933,0.99604815,0.9965075,0.9976411,0.99702424,0.997051,0.9972075,0.99696016,0.99718016,0.9975116,0.9965347,0.997234,0.997357,0.9961687,0.9972786,0.99701446,0.9956806,0.9976052,0.99716634,0.9971712,0.99609506,0.9951799,0.996577,0.9972415,0.9973836,0.9967451,0.9958649,0.9964459,0.9958455,0.997486,0.99685806,0.9962597,0.996999,0.9907975,0.9969243,0.99687225,0.99689215,0.9966011,0.99703944,0.99624854,0.996324,0.9969379,0.9968651,0.9970534,0.9968655,0.99690396,0.996386,0.9967918,0.9966433,0.9964448,0.9967036,0.99650913,0.99435794,0.99692166,0.996806,0.9968537,0.9968983,0.99621356,0.99722147,0.9969801,0.99698544,0.9968551,0.99751735,0.99700433,0.9970355,0.9970536,0.99613285,0.99679816,0.99696356,0.9968306,0.9965794,0.9970526,0.99728656,0.9968207,0.99710804,0.9944682,0.9965771,0.99595195,0.997001,0.9964807,0.9969041,0.9970841,0.9960944,0.99643916,0.99706066,0.99136114,0.99691916,0.9972861,0.99724704,0.9963981,0.99695957,0.9971943,0.99586356,0.9971828,0.9967068,0.9969885,0.9931984,0.99636996,0.9966683,0.99706286,0.99706846,0.9972755,0.9972835,0.9959899,0.9969517,0.9966526,0.99693877,0.99652934,0.9973721,0.99687874,0.99687785,0.99638784,0.9968939,0.9970453,0.9965754,0.99702656,0.9931102,0.9964335,0.9972118,0.99714637,0.995627,0.99714494,0.99638593,0.9967508,0.99651515,0.997325,0.9962484,0.99748105,0.9970011,0.99596196,0.996756,0.9950098,0.9959646,0.9974122,0.99696267,0.9966888,0.9970981,0.9963048,0.99724966,0.99641556,0.9972952,0.9973694,0.9979228,0.99681526,0.99680036,0.9971082,0.99618477,0.9967172,0.9965723,0.99719125,0.996625,0.99651897,0.9972411,0.9944542,0.99271506,0.99609274
ipip120,0.99677205,0.99599963,0.99655443,0.99563414,0.9967792,0.99591136,0.99695736,0.99656355,0.9971719,0.9956746,0.9961625,0.99704826,0.99650866,0.99624026,0.9958981,0.99694717,0.9971844,0.99599266,0.9971444,0.9970047,0.996922,0.9966626,0.99692106,0.9968582,0.99616826,0.9969596,0.9957629,0.99702406,0.9967901,0.99704856,0.99646765,0.99673575,0.9961637,0.996924,0.9968826,0.9967236,0.99709946,0.9969866,0.9970166,0.99665165,0.99577296,0.996899,0.99616426,0.9959766,0.9954295,0.9969495,0.99635196,0.9957792,0.996708,0.99608755,0.9960294,0.9912821,0.9967649,0.99586886,0.99505126,0.99643487,0.9953364,0.9962453,0.99613243,0.99692136,0.9969865,0.9968129,0.9972505,0.99658704,0.99674463,0.9966828,0.9972936,0.99702185,0.9968789,0.99635136,0.9966689,0.9969155,0.9945063,0.9960675,0.9967639,0.9918024,0.9959872,0.99707824,0.9964463,0.9966938,0.9966911,0.99687946,0.9957876,0.99680954,0.99677676,0.99713135,0.99680084,0.99622226,0.9959762,0.9967233,0.9972386,0.99688476,0.9971808,0.9967864,0.994786,0.99497855,0.99666363,0.996252,0.9952024,0.99520254,0.99680084,0.9970331,0.997532,0.9970271,0.9972121,0.995015,0.9970205,0.9963648,0.99738353,0.99703,0.9972106,0.9955657,0.9967753,1.0000006,0.997642,0.99715245,0.99841815,0.9973934,0.9982003,0.9969326,0.9970984,0.99706924,0.9970675,0.99717,0.9967738,0.9963018,0.9966398,0.9972165,0.9962501,0.9964276,0.9970046,0.9927185,0.99590594,0.9958935,0.9966239,0.9969852,0.9965724,0.99692136,0.99707705,0.99677706,0.9971071,0.9971477,0.9969232,0.9969229,0.9972632,0.99605197,0.99697834,0.9969065,0.9955316,0.99722785,0.9971152,0.9969851,0.9956022,0.9950413,0.99723876,0.9968921,0.9969469,0.99617594,0.9956806,0.9968165,0.99533224,0.9976008,0.99717194,0.99629736,0.9969785,0.99201167,0.99686986,0.99645495,0.9969802,0.99670684,0.9969733,0.9961259,0.9966633,0.9966229,0.9968352,0.99729913,0.9971855,0.9968245,0.996378,0.99698085,0.9966545,0.9965167,0.9964328,0.9964814,0.99479276,0.9968261,0.99715394,0.9970657,0.9971515,0.9960816,0.99724233,0.9970772,0.99711585,0.99684626,0.9969753,0.9970956,0.9970343,0.99695224,0.9960758,0.9963182,0.996879,0.9969435,0.99602014,0.9971292,0.9969015,0.996376,0.9972227,0.9941045,0.9964695,0.9959388,0.9965078,0.996672,0.9969293,0.9969524,0.9959105,0.99580574,0.99710333,0.9913088,0.9972702,0.9973165,0.99703956,0.99661076,0.9968497,0.99646926,0.99582994,0.99729246,0.997098,0.99732184,0.99301606,0.99606586,0.9969663,0.9968759,0.9969682,0.99691355,0.9973487,0.9960355,0.99671936,0.99672216,0.9970319,0.9966649,0.9970502,0.99713206,0.9971974,0.9961658,0.997229,0.9972568,0.9957559,0.9968635,0.9931959,0.99594533,0.9969543,0.99688745,0.9953669,0.9969423,0.996164,0.99678355,0.99657905,0.9968501,0.99602956,0.9972058,0.99720716,0.99575084,0.9967483,0.9949733,0.99610716,0.99680585,0.9965579,0.9964962,0.9970991,0.9944476,0.9970982,0.99599546,0.996652,0.9972133,0.9970318,0.9966168,0.99652976,0.9966845,0.9958602,0.99724936,0.99645436,0.99726224,0.9966334,0.99640715,0.9970525,0.9935664,0.99211144,0.99526614
ipip150,0.9984206,0.99627215,0.9976751,0.99604774,0.99772334,0.9963365,0.99857664,0.9970644,0.99802125,0.99591774,0.99665743,0.99799556,0.99677247,0.996511,0.9958453,0.9977987,0.9980023,0.99613553,0.99804324,0.9979687,0.99814016,0.9974191,0.99783546,0.9977826,0.9968194,0.9976841,0.99559516,0.99824363,0.99716675,0.99739933,0.9977732,0.9976093,0.99707925,0.9981834,0.9985686,0.9976609,0.99839497,0.99865574,0.9980085,0.9979051,0.9959754,0.9977122,0.99671286,0.9966181,0.99529177,0.99789345,0.9968004,0.9964568,0.9976435,0.99687386,0.99690735,0.99027675,0.99769217,0.9964815,0.9947423,0.9967567,0.9957267,0.9956423,0.99606276,0.99786985,0.99835426,0.9975613,0.9984166,0.9972823,0.99764323,0.9969052,0.9986459,0.9981342,0.9979105,0.9963792,0.9984544,0.99778396,0.9943489,0.99696845,0.99661726,0.9904546,0.99621034,0.99788606,0.9967647,0.99742734,0.997262,0.99849886,0.99660176,0.99838537,0.9977927,0.99882287,0.99842,0.99651504,0.99603015,0.99805075,0.9971187,0.99849427,0.9980884,0.9946859,0.99439996,0.9949619,0.9984404,0.9963372,0.9951786,0.9943143,0.99735343,0.9982925,0.99780494,0.9975612,0.99815357,0.99433136,0.9983041,0.9963909,0.9980961,0.9987871,0.9988396,0.9959726,0.9970885,0.997642,0.9999987,0.9972715,0.99865955,0.9987298,0.9988326,0.9979047,0.99865323,0.99732876,0.99782425,0.9979747,0.9980704,0.99682623,0.99711674,0.9980472,0.99635774,0.9970198,0.99830306,0.99205285,0.9958427,0.99529254,0.99798566,0.9978095,0.9972482,0.997718,0.99865675,0.99834216,0.9985996,0.99797344,0.997029,0.9977994,0.99785453,0.9953455,0.9980179,0.9980062,0.99513096,0.99808943,0.9984034,0.99763745,0.99574196,0.9948233,0.99884623,0.9972874,0.9973441,0.99677944,0.9952244,0.9985942,0.9949379,0.9986921,0.9981278,0.99639183,0.9985252,0.9903467,0.99821067,0.99721676,0.99783933,0.9968218,0.9984646,0.9958645,0.9982212,0.99786127,0.9979367,0.99841166,0.9982553,0.9977528,0.9969969,0.997996,0.99628407,0.9966802,0.9968729,0.9967494,0.99400645,0.9969872,0.9986143,0.99855214,0.99858284,0.9965555,0.9986568,0.9984881,0.9985076,0.99802405,0.99837774,0.99871206,0.9983448,0.99863845,0.99645627,0.9968457,0.9982007,0.99859184,0.99608064,0.9983814,0.9976372,0.997205,0.998572,0.99361825,0.99649286,0.99567753,0.9971185,0.9974252,0.99805784,0.99727225,0.99581313,0.9957196,0.9979999,0.99017775,0.99800414,0.99827874,0.9981992,0.9973686,0.99793196,0.99709064,0.995778,0.99851596,0.99874544,0.9979732,0.9918212,0.99702865,0.9978844,0.9977468,0.99810636,0.9979987,0.99846345,0.99607736,0.9978774,0.99714273,0.9978798,0.99628437,0.9977243,0.9970633,0.9984789,0.9965609,0.99750936,0.99802536,0.9959567,0.9984775,0.99240035,0.9964575,0.9980768,0.99806124,0.99530137,0.99808383,0.99651664,0.9977121,0.9975153,0.9978352,0.99580634,0.9979174,0.9984961,0.9956328,0.99736416,0.99494344,0.99617356,0.9977437,0.9969062,0.9969712,0.9970882,0.9934933,0.99872947,0.996053,0.9974593,0.9984122,0.99760437,0.99731576,0.9969965,0.99798375,0.99625635,0.9975052,0.99683225,0.9983726,0.9972219,0.99683636,0.99782443,0.9932592,0.9911312,0.99579895
ipip180,0.9963113,0.9966397,0.99643654,0.996356,0.9969664,0.99618447,0.99650764,0.99670076,0.9973268,0.99634516,0.9966085,0.99724245,0.9970775,0.9967394,0.9965026,0.99680716,0.99676806,0.99670196,0.99732476,0.9967352,0.997107,0.99657434,0.99790484,0.9970271,0.9968515,0.9966454,0.9965167,0.9971738,0.9965601,0.9969787,0.99661493,0.9970721,0.9962453,0.9969571,0.9964791,0.997546,0.99668413,0.99655086,0.99688435,0.9969045,0.99640584,0.99702126,0.99678284,0.9960488,0.9962872,0.9970341,0.9971767,0.9963662,0.9969865,0.9966447,0.9965399,0.9927775,0.9970236,0.99620074,0.99583286,0.9972939,0.9959286,0.9967803,0.99668616,0.9971992,0.99666524,0.99696493,0.99700886,0.9967724,0.99703306,0.9970079,0.99666625,0.9968232,0.9968719,0.99642366,0.9967476,0.99800587,0.99523646,0.9968207,0.9974075,0.9922798,0.9960936,0.99675286,0.9969261,0.9970544,0.9974511,0.99678487,0.9961035,0.9965548,0.99726534,0.9966921,0.99637556,0.9965923,0.9965324,0.99669415,0.9967796,0.99659145,0.99695987,0.9953474,0.9951351,0.9954026,0.99629223,0.99675256,0.9953166,0.9956138,0.99685377,0.996876,0.9969608,0.997202,0.9975098,0.99579847,0.99682915,0.9966673,0.9971557,0.9963667,0.9967804,0.99526966,0.99718994,0.99715245,0.9972715,0.9999991,0.99678504,0.99731314,0.99759245,0.9976099,0.9969792,0.996919,0.9972663,0.9976229,0.9966015,0.99654067,0.99719363,0.99718875,0.99681354,0.9963775,0.9972648,0.9941588,0.9972319,0.9963934,0.9967741,0.9978254,0.99724567,0.9972882,0.99674445,0.996443,0.99659836,0.99760836,0.9970055,0.9973489,0.9969798,0.99607015,0.99688655,0.9968799,0.9965922,0.99707973,0.99705225,0.99739075,0.99690837,0.99558014,0.9967899,0.9981305,0.99822176,0.9975882,0.99576855,0.9963783,0.99682736,0.99801713,0.99773556,0.99696964,0.9965516,0.99200875,0.9969409,0.9972295,0.99709487,0.9966249,0.9969378,0.99642247,0.9961995,0.997213,0.9970084,0.99722016,0.99686193,0.9967806,0.99670345,0.99707943,0.99662304,0.99687344,0.9969728,0.99688524,0.99486345,0.9969835,0.99693143,0.99687296,0.9969975,0.9968058,0.99701023,0.9970332,0.9970195,0.9968816,0.99681175,0.996751,0.99719256,0.99673545,0.9964669,0.9970202,0.9971095,0.9966011,0.9966348,0.9970805,0.99707526,0.9969896,0.99710226,0.99502736,0.9970742,0.99655324,0.99700534,0.9960708,0.9968244,0.9970745,0.99644256,0.9963556,0.997417,0.99281543,0.9971988,0.9974958,0.9978248,0.9967646,0.9968611,0.9973704,0.99591154,0.9970344,0.99666005,0.9972289,0.9942611,0.99631804,0.9970807,0.9965772,0.99699765,0.9971494,0.9969062,0.9961361,0.99725425,0.9975578,0.9978122,0.9978287,0.99769753,0.9974081,0.9970647,0.9967347,0.99713737,0.9972009,0.9968816,0.9971624,0.9937825,0.99724215,0.9974678,0.9973954,0.996453,0.9973771,0.9970808,0.9970246,0.99660563,0.9974745,0.9967796,0.9975938,0.9971718,0.99656373,0.99712396,0.99567693,0.9967893,0.99740994,0.9979928,0.99735314,0.9980187,0.9958866,0.99690485,0.9969159,0.9973686,0.99725056,0.9973898,0.99780834,0.99775314,0.9970008,0.99647915,0.99759257,0.99697065,0.9970646,0.99691045,0.99685496,0.9970483,0.9944737,0.9932809,0.9959967
ipip210,0.9981553,0.99584174,0.9973304,0.995518,0.99740654,0.99613976,0.9982706,0.99674815,0.9978337,0.9954858,0.9963302,0.9977296,0.9965363,0.9961888,0.99563086,0.99761975,0.997803,0.996135,0.9977835,0.99768144,0.9975617,0.99729353,0.99755925,0.9975193,0.99644953,0.99757963,0.9953042,0.9975858,0.99709016,0.997137,0.9974132,0.99729997,0.9970369,0.9977432,0.99821556,0.9973976,0.9981653,0.9982909,0.99779814,0.9974157,0.9957366,0.99739796,0.9963857,0.9963498,0.9949515,0.99764323,0.99636406,0.99596155,0.9973,0.9962869,0.9966578,0.9900065,0.9973682,0.99600315,0.99448884,0.996245,0.995327,0.99531484,0.9958936,0.9973821,0.99802667,0.997362,0.99813277,0.9970456,0.9972141,0.99668825,0.99825203,0.9978129,0.99756414,0.996009,0.9980877,0.9974827,0.9942253,0.996655,0.996286,0.99035573,0.99617,0.99780905,0.99646,0.9971056,0.99696517,0.9980054,0.9962437,0.99801433,0.99727994,0.99838024,0.99786717,0.99623364,0.99574095,0.9976322,0.9975788,0.99824935,0.9977073,0.9957724,0.99412787,0.994533,0.99809307,0.99606687,0.99510276,0.9941389,0.9971183,0.99808586,0.9979475,0.99763453,0.9977964,0.9941791,0.9979136,0.99640745,0.9977985,0.99828994,0.9984458,0.99557877,0.9968616,0.99841815,0.99865955,0.99678504,0.9999992,0.9982598,0.99844265,0.99724525,0.9980586,0.99737686,0.9976544,0.9976894,0.99779,0.9966424,0.99682343,0.99780124,0.99612606,0.99676335,0.9979957,0.9918892,0.99567235,0.9953423,0.9977234,0.9975082,0.9970215,0.99742335,0.9984506,0.9981004,0.9984133,0.9976648,0.99682033,0.9975013,0.9977897,0.99564976,0.99786496,0.997587,0.9948163,0.9977422,0.9982718,0.9976668,0.99534935,0.9946927,0.9985795,0.99706924,0.99711305,0.9965588,0.99558586,0.99826956,0.99485636,0.9983479,0.99778885,0.9963505,0.99832124,0.99032134,0.99780667,0.9968931,0.99753684,0.996943,0.9982713,0.99585736,0.99797547,0.9975133,0.99757487,0.998132,0.99799585,0.997589,0.99674743,0.99761516,0.9962743,0.99642485,0.9966685,0.99644876,0.99372506,0.9968832,0.99810755,0.99811214,0.99813044,0.9961786,0.99817204,0.9980014,0.9980171,0.9976464,0.99802005,0.998321,0.99789065,0.99823886,0.99622715,0.9962771,0.99753374,0.9983012,0.9957164,0.997929,0.9974058,0.9969559,0.99829006,0.9931634,0.9963362,0.9955878,0.9967762,0.99746704,0.99773926,0.9971638,0.9955088,0.99546146,0.9975312,0.9895557,0.9974372,0.99802035,0.99785745,0.9969039,0.99741733,0.99647135,0.99539596,0.99817884,0.99839777,0.9978153,0.9915333,0.99619895,0.9974732,0.997516,0.9976559,0.9976379,0.99830544,0.9958837,0.99735683,0.99686986,0.99751407,0.99616086,0.9973899,0.9968649,0.9980184,0.99594223,0.99721646,0.99768674,0.995602,0.9980992,0.9922335,0.99615353,0.99758273,0.9975769,0.99501425,0.99762005,0.9960042,0.99724627,0.99712193,0.9975258,0.9955499,0.99757165,0.9980226,0.9951095,0.9967534,0.9942935,0.99568653,0.9974671,0.9966871,0.9968513,0.9970665,0.9933853,0.9982957,0.9956099,0.9971059,0.9980157,0.9974364,0.9967734,0.996649,0.9975367,0.9959816,0.9972237,0.9964821,0.9980382,0.99669105,0.99651504,0.99750274,0.9926986,0.99067,0.9952225
ipip240,0.9982679,0.99647534,0.9976671,0.9962157,0.99788517,0.99670154,0.9984404,0.9969675,0.9979404,0.9961855,0.9967817,0.9980728,0.99668217,0.9967088,0.99611086,0.9977717,0.99801135,0.99633497,0.99806863,0.99781764,0.9979987,0.9973636,0.99801964,0.99787086,0.9971658,0.99774325,0.9956601,0.99819887,0.9971667,0.9974979,0.9978795,0.9975754,0.99712276,0.9980423,0.99848044,0.99786174,0.9983478,0.99855745,0.99803054,0.99784267,0.9959413,0.99773943,0.99692917,0.99667656,0.9955515,0.9979985,0.99685323,0.996691,0.9977031,0.99668056,0.99698526,0.99069315,0.99757284,0.9964202,0.99512285,0.99669623,0.99584174,0.9957888,0.99618405,0.9979141,0.9984034,0.99781376,0.99838966,0.99737346,0.997769,0.99733436,0.99825406,0.99839526,0.9979906,0.9966535,0.9984215,0.99790204,0.99479896,0.99705625,0.99712795,0.9906148,0.9961611,0.9978363,0.9969991,0.99763155,0.99743015,0.99828964,0.9964256,0.9984002,0.997731,0.99870276,0.9980026,0.99692374,0.99695104,0.9978519,0.99722564,0.9985988,0.9979246,0.99483293,0.99544585,0.99500465,0.99840474,0.99631536,0.99596596,0.99442995,0.9974571,0.99832815,0.9977656,0.9977389,0.9982836,0.9945517,0.9982817,0.9964122,0.9979387,0.9982114,0.9986474,0.9957897,0.9971528,0.9973934,0.9987298,0.99731314,0.9982598,0.9999987,0.99851984,0.9974867,0.9983604,0.9971795,0.99797803,0.99805415,0.9981081,0.99695724,0.9971728,0.99792796,0.99664384,0.9969796,0.9983692,0.9925317,0.99604577,0.99576014,0.9980518,0.99786794,0.9973823,0.9978144,0.99854976,0.99832404,0.99853426,0.9980114,0.9975367,0.9977012,0.9979566,0.995272,0.99811083,0.9981088,0.9951883,0.9978385,0.99851334,0.9978081,0.99682117,0.99521446,0.99845594,0.99756205,0.9974612,0.9969396,0.9952043,0.9983454,0.9952185,0.99876887,0.9986498,0.9970163,0.99856675,0.99094266,0.99815905,0.997659,0.99791896,0.9969901,0.9985892,0.996167,0.9981796,0.9981198,0.9980067,0.9984557,0.99835956,0.9978485,0.9972157,0.9979806,0.9964114,0.9969301,0.99712527,0.9968967,0.9944228,0.99698585,0.9983786,0.9983683,0.9984262,0.99657375,0.998404,0.9983709,0.99843055,0.998012,0.99839586,0.9986189,0.99831814,0.99857277,0.9965634,0.9967608,0.9979418,0.9985875,0.99598813,0.99840444,0.9977622,0.9974661,0.9984707,0.99407816,0.9965909,0.9956304,0.9972321,0.9972635,0.9981331,0.9974851,0.9960903,0.99580365,0.99799275,0.99147844,0.9985363,0.99834675,0.99839205,0.99725497,0.9976172,0.9970723,0.99582654,0.9984296,0.99857455,0.99786925,0.99202335,0.99661046,0.9977024,0.99759316,0.998299,0.99815875,0.99825734,0.9961499,0.99792445,0.99743885,0.9980608,0.99650717,0.99797904,0.99724305,0.99844784,0.9968876,0.9974459,0.99807936,0.996159,0.99851006,0.992938,0.99667776,0.9983707,0.99836767,0.99564844,0.99837506,0.9968876,0.99765235,0.9974486,0.9979987,0.9959642,0.998073,0.99838334,0.9955678,0.9972059,0.99506783,0.99637794,0.99781084,0.9972055,0.99744976,0.99746627,0.99394834,0.9986323,0.9961809,0.9975935,0.99841046,0.997766,0.99754083,0.9973338,0.99801284,0.99666214,0.9978097,0.99705726,0.9982828,0.9972324,0.99700695,0.9978398,0.99347484,0.99129164,0.99567384
ipip270,0.99846125,0.9963031,0.997738,0.9960286,0.997869,0.9964257,0.9985117,0.9969738,0.99784064,0.9958943,0.9964909,0.9979909,0.996558,0.9966107,0.99574196,0.99773455,0.99781483,0.99640304,0.9979873,0.99783975,0.99782354,0.9975997,0.9976982,0.9977443,0.9966599,0.9977812,0.99564606,0.99790746,0.9971982,0.9975528,0.9976354,0.99729663,0.99695235,0.9979044,0.9985437,0.99741894,0.9982504,0.99854296,0.9979784,0.9976645,0.9959864,0.9977979,0.996629,0.9965847,0.99522716,0.9979785,0.9965141,0.99626726,0.997479,0.9965376,0.99690306,0.9901406,0.9976962,0.99621916,0.9947092,0.9963635,0.9959105,0.9959035,0.9960899,0.99763066,0.9982631,0.9975525,0.99836934,0.9972486,0.9973548,0.99679524,0.998411,0.99811137,0.9978577,0.9964719,0.99837184,0.9975028,0.9943006,0.9968041,0.99683815,0.99025524,0.99581426,0.9977829,0.99657,0.9973763,0.9971982,0.9982272,0.9963283,0.9983995,0.99788475,0.9986766,0.9980206,0.9963887,0.9962612,0.99795306,0.9972313,0.9985474,0.9980656,0.9949246,0.9946426,0.9945523,0.99837106,0.9962769,0.9952498,0.9941674,0.9970875,0.9982728,0.99776125,0.9975845,0.99814445,0.994085,0.99812216,0.99614275,0.9977706,0.9984692,0.99870926,0.99619144,0.9970447,0.9982003,0.9988326,0.99759245,0.99844265,0.99851984,1.0000026,0.99710995,0.9981547,0.99715114,0.99783564,0.9984877,0.99796695,0.99663085,0.9969295,0.99800164,0.99639803,0.9968425,0.9980091,0.99174577,0.99576473,0.9953541,0.9976987,0.9976962,0.9971532,0.99741846,0.9985327,0.99839664,0.99867874,0.997889,0.99706364,0.997756,0.9979606,0.99564165,0.99809414,0.99798673,0.9950695,0.99806494,0.99828386,0.99757004,0.9954801,0.9946257,0.9989338,0.997098,0.9970749,0.99641204,0.99545854,0.9987135,0.9947626,0.9985123,0.9985244,0.9962582,0.9984794,0.9898788,0.9979625,0.99691427,0.9978972,0.9969391,0.99845314,0.99596506,0.9983368,0.99774057,0.99783814,0.9984086,0.9982043,0.9977075,0.99671793,0.9975819,0.9961595,0.9965987,0.9967641,0.99664617,0.9941823,0.99678516,0.9982601,0.99818283,0.9982434,0.9960764,0.9983713,0.9982849,0.99835515,0.99785465,0.99828917,0.9986384,0.99815583,0.9985792,0.9960681,0.99648064,0.997616,0.9985051,0.9959236,0.9983828,0.9977402,0.99701065,0.99835277,0.99324507,0.9962568,0.9955935,0.9970656,0.99732596,0.99796015,0.99713105,0.99560285,0.99575186,0.997764,0.9898742,0.9979248,0.997931,0.9980627,0.99723154,0.99757075,0.9968505,0.99579275,0.99842143,0.99850565,0.9977385,0.9916501,0.99646145,0.99752736,0.99768853,0.9979105,0.99793994,0.9982701,0.99583906,0.99765843,0.9969143,0.99775463,0.996183,0.99767697,0.9971337,0.9984739,0.9965282,0.99749976,0.9979169,0.9960256,0.9983779,0.9924402,0.9962674,0.998037,0.99797076,0.9950646,0.99790335,0.99640894,0.9975905,0.9975612,0.99762285,0.99585426,0.9979434,0.99841845,0.9955831,0.9973735,0.9946216,0.9958817,0.99751234,0.99654484,0.9967578,0.9967447,0.9934094,0.9985533,0.9958073,0.9973379,0.9981442,0.99748194,0.99690276,0.9966852,0.9977247,0.99602854,0.99773765,0.9968567,0.9982988,0.99700034,0.99683064,0.9976217,0.993292,0.9908727,0.9956908
ipip300,0.99657017,0.99634707,0.9963826,0.9960456,0.9967576,0.9961064,0.99686337,0.9968638,0.99736863,0.99599326,0.99652725,0.99707705,0.9969503,0.996633,0.9962271,0.9969301,0.99722457,0.9962712,0.9972941,0.9973592,0.99751997,0.9967729,0.99744195,0.9972233,0.99668276,0.99680316,0.99581623,0.997553,0.9966194,0.9970828,0.99672705,0.9971638,0.9962559,0.99712193,0.9968224,0.9971692,0.9970114,0.9970506,0.99709094,0.99704665,0.9961676,0.99691176,0.99667454,0.99615633,0.9956971,0.99693584,0.99688786,0.9963034,0.99695307,0.9969575,0.99639255,0.9920568,0.9968967,0.9962165,0.9955019,0.99709654,0.9951476,0.9963322,0.99631315,0.9973408,0.99706197,0.9967284,0.9973508,0.99676114,0.9971108,0.99685854,0.997174,0.997095,0.9971716,0.99627966,0.9969487,0.9976121,0.99490017,0.9967536,0.99693656,0.99268895,0.9965708,0.99734783,0.9968596,0.9969847,0.99703646,0.9973179,0.99638826,0.9967909,0.99685067,0.9971719,0.99703485,0.99677074,0.9960506,0.9969912,0.9967214,0.9970107,0.9974236,0.99494344,0.9948067,0.9955916,0.99681854,0.99657816,0.99540955,0.9955839,0.9971268,0.99749583,0.9972203,0.9973031,0.9977953,0.9955512,0.9971849,0.996581,0.9977,0.99718887,0.997275,0.99512136,0.9968183,0.9969326,0.9979047,0.9976099,0.99724525,0.9974867,0.99710995,0.9999978,0.99766266,0.9968515,0.9970578,0.9970374,0.99687576,0.9965402,0.99739486,0.99742264,0.9965021,0.9967036,0.99770516,0.99368465,0.9964762,0.9959284,0.9973487,0.9975033,0.9971351,0.99759275,0.99729794,0.9969049,0.9969622,0.99753284,0.99679023,0.9972169,0.9969226,0.99579376,0.99723065,0.9971941,0.995915,0.9972593,0.9977068,0.9976258,0.9966816,0.99539447,0.9969852,0.9974797,0.9976646,0.9970307,0.9952754,0.99668384,0.99596083,0.9977026,0.9970186,0.9964951,0.9968564,0.9915065,0.9972603,0.99724627,0.9970354,0.9963863,0.9970283,0.9957398,0.9965578,0.9971962,0.997117,0.99751234,0.9971368,0.99700415,0.99665475,0.99739426,0.9965113,0.9966909,0.99702615,0.99676144,0.9946394,0.9969136,0.9973341,0.9973024,0.9973703,0.9970795,0.9973582,0.9975642,0.99754435,0.9970752,0.99722034,0.9973547,0.99773085,0.99702114,0.99681216,0.99693644,0.997705,0.9971419,0.996457,0.9974478,0.99678296,0.9968749,0.99745953,0.9946342,0.9969059,0.99620485,0.9968465,0.9963294,0.9970318,0.99688345,0.99635243,0.995865,0.997877,0.9919552,0.9973821,0.9976905,0.99752766,0.99708474,0.99702775,0.99710304,0.9960326,0.99747765,0.99718946,0.9974802,0.9934062,0.9967961,0.9972199,0.9968124,0.9971694,0.9971349,0.99731493,0.9961618,0.9971873,0.9972621,0.9975326,0.9970167,0.9971988,0.9971699,0.99755245,0.99659556,0.997425,0.9974359,0.9961088,0.99721056,0.9932627,0.9965167,0.99737906,0.9973489,0.99620736,0.9975394,0.99679697,0.99689394,0.9966508,0.99727386,0.9961487,0.9973943,0.9975832,0.99596834,0.9971339,0.9955295,0.9966296,0.99729276,0.997476,0.99687177,0.99745786,0.9947761,0.99726725,0.9964461,0.9971063,0.99742997,0.9973592,0.99736845,0.99723357,0.99715316,0.99613595,0.9970873,0.99669135,0.9974047,0.99703056,0.9966975,0.99741507,0.9938862,0.992828,0.9958368
ipip2,0.99837464,0.9965108,0.9976405,0.99622124,0.9978512,0.99640936,0.99852407,0.9969965,0.9980778,0.99617773,0.9967044,0.997821,0.9972074,0.99661505,0.99615985,0.9977644,0.99794257,0.99644876,0.9980857,0.9977355,0.99850035,0.99742174,0.9981562,0.9978064,0.99707454,0.99759924,0.9959231,0.9984183,0.9972189,0.9975203,0.99812114,0.9976598,0.9968866,0.99795264,0.9982696,0.9977311,0.9981124,0.9985049,0.9978768,0.9978124,0.99628836,0.9977821,0.99699813,0.9964999,0.9956659,0.99793446,0.99696654,0.99649745,0.9976624,0.9971532,0.9971061,0.99091953,0.9978224,0.99651575,0.9951693,0.99692327,0.9956274,0.99576235,0.9963351,0.9978597,0.99828446,0.9977226,0.99854356,0.997239,0.9976081,0.9972171,0.99821323,0.99800855,0.9979,0.9962367,0.9983447,0.99795514,0.994536,0.9970377,0.99660236,0.9907561,0.9962651,0.9978637,0.996953,0.99744976,0.9973419,0.9982987,0.99665487,0.9982116,0.99766666,0.9984603,0.9980448,0.9967278,0.9959078,0.9977121,0.9971142,0.9984728,0.99779034,0.9946451,0.99459726,0.99515694,0.99816924,0.99655586,0.9953924,0.99461037,0.9975296,0.9982491,0.9977927,0.9977446,0.99800867,0.99482584,0.9980913,0.99636453,0.99815714,0.99810964,0.9985546,0.99576294,0.99700546,0.9970984,0.99865323,0.9969792,0.9980586,0.9983604,0.9981547,0.99766266,0.9999991,0.9981024,0.99850315,0.9985866,0.9982013,0.9973294,0.9975734,0.99831223,0.99673575,0.9972537,0.9984654,0.99325067,0.99651784,0.99565357,0.99797523,0.9979432,0.99740326,0.9978362,0.99856925,0.99819833,0.9983974,0.9981861,0.997359,0.9979515,0.9978417,0.99545354,0.99789494,0.9979305,0.9954909,0.99789214,0.99836606,0.9976488,0.9960893,0.9952805,0.99830747,0.9975719,0.9975365,0.99704736,0.9951362,0.998232,0.9956167,0.99847144,0.99777293,0.99662155,0.99829066,0.9904556,0.9981439,0.9974651,0.9978539,0.99709886,0.9984707,0.99598515,0.9980156,0.9982381,0.9980973,0.9984221,0.99801946,0.9975804,0.99711883,0.9980893,0.9962092,0.996997,0.9972376,0.9970483,0.9939643,0.9977038,0.99850965,0.99845654,0.9985146,0.9965035,0.99833417,0.99839216,0.9984218,0.9981636,0.998226,0.9985346,0.99822456,0.9984805,0.99639994,0.9969109,0.997939,0.9982643,0.99618423,0.9982901,0.9979207,0.9972841,0.9987064,0.99343556,0.997145,0.9960252,0.99770105,0.9970884,0.9981648,0.9976415,0.99633807,0.996129,0.9979089,0.99000496,0.99748296,0.99794847,0.9983499,0.9970812,0.9979456,0.9972078,0.995857,0.99825203,0.998477,0.99788654,0.9922499,0.99672633,0.9977611,0.997722,0.99809605,0.9981153,0.99839735,0.9963418,0.9978468,0.99708843,0.9979076,0.9965627,0.9975866,0.9970908,0.9982772,0.9967299,0.99757636,0.99814296,0.996238,0.9985663,0.9930103,0.99688846,0.9981347,0.99806845,0.995703,0.9981028,0.9967293,0.99770886,0.99758583,0.9979169,0.9960538,0.9980967,0.998467,0.99597746,0.99721944,0.9951778,0.9963247,0.9977263,0.9973978,0.9973305,0.9974325,0.9938219,0.9984878,0.9960899,0.9974772,0.9983826,0.99761146,0.9974778,0.9973359,0.9979849,0.9965053,0.9975957,0.9968778,0.9982828,0.99736995,0.99688905,0.99790645,0.9932923,0.99147767,0.99591154
ipip32,0.9971503,0.99637765,0.9967909,0.9958931,0.9969753,0.9960038,0.9972301,0.99656844,0.9976558,0.9958554,0.9962588,0.99705595,0.99697024,0.99641263,0.9960153,0.99708295,0.9972357,0.99643725,0.99731666,0.9970913,0.99766576,0.99691397,0.9974624,0.997158,0.99660546,0.997029,0.9963452,0.997561,0.997026,0.99717176,0.99728477,0.99706507,0.9960287,0.9970967,0.9970544,0.99697924,0.997199,0.99716514,0.9973045,0.9967865,0.9961332,0.99707246,0.996277,0.99609774,0.9957751,0.99709904,0.99668485,0.99603134,0.99696124,0.9965126,0.9966116,0.9920192,0.9971121,0.99645025,0.9954236,0.9970154,0.99515146,0.9958695,0.99613434,0.99724066,0.99720687,0.9970113,0.99756956,0.9966706,0.9969302,0.99675965,0.99721986,0.99697447,0.9970321,0.99591535,0.996951,0.9974849,0.99457055,0.9964451,0.99640054,0.99159193,0.99601585,0.99700403,0.9968656,0.9970165,0.996728,0.9970555,0.99598193,0.99701804,0.9969466,0.9971246,0.996883,0.99649805,0.995715,0.99681807,0.9969183,0.99714315,0.99691623,0.99539053,0.9945886,0.9952424,0.9968047,0.99655515,0.99499905,0.9949487,0.9971617,0.9972567,0.9974011,0.9972732,0.99720347,0.99549174,0.9970348,0.99611694,0.9975323,0.9967813,0.99726444,0.9951215,0.99669033,0.99706924,0.99732876,0.996919,0.99737686,0.9971795,0.99715114,0.9968515,0.9981024,0.9999999,0.9980445,0.9980862,0.99737006,0.99719024,0.9974389,0.9975804,0.9965843,0.99679786,0.99738693,0.99354625,0.9962692,0.9958326,0.9968186,0.9973527,0.9968067,0.9971913,0.9973432,0.9969961,0.9971181,0.997412,0.99706936,0.99723923,0.99715966,0.9959005,0.9970072,0.9970243,0.9956807,0.99730885,0.9972842,0.9969856,0.9957642,0.9952813,0.9975197,0.99710655,0.9971512,0.9966397,0.9953221,0.99734837,0.99587554,0.997529,0.9970696,0.9962442,0.996922,0.99074614,0.99729586,0.9967439,0.9972022,0.9968027,0.9971152,0.9960214,0.9967895,0.9973136,0.9973416,0.99744403,0.9970361,0.996864,0.99651897,0.99760216,0.9962981,0.99684125,0.99732625,0.99696076,0.9941369,0.9979352,0.9976494,0.9976149,0.9977126,0.99628514,0.9974965,0.9975088,0.99742824,0.9973453,0.99738204,0.99725544,0.9973538,0.99716973,0.9963174,0.9966438,0.9971019,0.9970092,0.99588627,0.9974242,0.9974574,0.99664074,0.99769783,0.99373966,0.9971268,0.99611896,0.99716824,0.99642134,0.9973453,0.99747103,0.9964052,0.9962951,0.99719554,0.9907698,0.9967384,0.9971566,0.9973205,0.9966551,0.99741524,0.9969255,0.9955624,0.9971919,0.9973564,0.997506,0.9931156,0.9960263,0.9973581,0.99741447,0.99728936,0.997277,0.9977259,0.99659395,0.99704367,0.9967571,0.9971333,0.9965854,0.9970167,0.9967881,0.99717265,0.9962685,0.9971894,0.99735755,0.9958763,0.9972114,0.9931562,0.99648035,0.9971919,0.9971037,0.9955971,0.99718535,0.9964564,0.9971835,0.99714833,0.99712354,0.99605227,0.9973954,0.9975856,0.9963226,0.99699813,0.9955311,0.99630606,0.99716645,0.9968837,0.9966837,0.99721384,0.99444455,0.9972989,0.9960215,0.99672025,0.9974522,0.9972565,0.99698013,0.9969212,0.9970475,0.996335,0.9968826,0.9964217,0.9972158,0.9968427,0.9964145,0.9972571,0.9933684,0.99221796,0.9954734
ipip62,0.99816763,0.9970671,0.9978489,0.99691564,0.99799114,0.99679595,0.9984428,0.99716055,0.9985119,0.99687564,0.99675655,0.9977948,0.99709016,0.99673223,0.9966861,0.9973398,0.99802965,0.99687433,0.99785507,0.99753445,0.9985024,0.99745494,0.99818736,0.9981368,0.99725854,0.9976925,0.99703115,0.9987201,0.9972109,0.99764264,0.9978848,0.9980558,0.99719876,0.99767214,0.9978045,0.99777526,0.99787134,0.9980204,0.997678,0.99754107,0.99707454,0.9980612,0.99743086,0.9964031,0.9966305,0.99801487,0.9973369,0.9967098,0.9974662,0.9968134,0.997392,0.9927876,0.9978636,0.9969216,0.9963088,0.99747795,0.99590725,0.9964601,0.9968822,0.9981884,0.9977479,0.9975743,0.99811727,0.9976726,0.99736977,0.9974,0.9978606,0.99803984,0.99782366,0.99676436,0.99799216,0.9979395,0.99513113,0.9971682,0.99680257,0.9914342,0.99627364,0.9976995,0.9978675,0.99804467,0.99737257,0.997807,0.9962457,0.997785,0.9975979,0.99785364,0.99738324,0.996731,0.99609774,0.9974608,0.99708784,0.9978991,0.99733883,0.994987,0.9949815,0.9952837,0.99765825,0.99708736,0.9954082,0.9950239,0.99721885,0.99802464,0.9974078,0.99772364,0.9977398,0.99555904,0.9976891,0.9964725,0.9979198,0.99751115,0.99816227,0.99558645,0.99717665,0.9970675,0.99782425,0.9972663,0.9976544,0.99797803,0.99783564,0.9970578,0.99850315,0.9980445,0.9999998,0.9991086,0.99783504,0.997375,0.9988823,0.9984722,0.997489,0.9973476,0.9982644,0.9938569,0.9971737,0.99617213,0.9975972,0.99835306,0.99764985,0.9982341,0.99839365,0.9978159,0.9979167,0.9979286,0.9975361,0.997767,0.9977866,0.99587196,0.9977664,0.99780893,0.9963437,0.9977721,0.99815655,0.9977224,0.9960285,0.99564517,0.9977142,0.9976868,0.99775016,0.9972352,0.99546367,0.9976949,0.9965754,0.99848145,0.997649,0.99689806,0.99782246,0.99093455,0.9981463,0.997538,0.99775153,0.9969787,0.9981886,0.996456,0.99752563,0.9979511,0.99807274,0.99812365,0.99803454,0.99775505,0.99768525,0.9980285,0.99674505,0.9976041,0.9978087,0.99761504,0.99476475,0.99758357,0.9980996,0.99818456,0.9982601,0.99699134,0.99791753,0.9981468,0.99808675,0.99813527,0.99800175,0.9981289,0.9983807,0.9982984,0.9969534,0.9973526,0.9977807,0.99832,0.9969618,0.9983866,0.9992188,0.9976708,0.99851036,0.9944088,0.9976602,0.996845,0.9988397,0.9970576,0.99833757,0.9987799,0.9973388,0.9967182,0.9977431,0.9911861,0.9973418,0.9976527,0.99824893,0.99698967,0.9975961,0.9974744,0.99597794,0.9978531,0.9980617,0.9981603,0.99398154,0.99655074,0.9981028,0.9979436,0.99818295,0.9981748,0.9979863,0.9970253,0.99761933,0.9971392,0.9977831,0.99699557,0.99755096,0.9973687,0.9978425,0.9969809,0.99763745,0.99817705,0.99677473,0.99819314,0.9937923,0.99727404,0.9981683,0.9981178,0.99629456,0.9981965,0.997201,0.9976694,0.99812174,0.9980055,0.9965231,0.9980153,0.99825937,0.99672246,0.9975272,0.99578387,0.99704486,0.9978242,0.99754286,0.9975355,0.9974025,0.9950804,0.99829227,0.99698263,0.9976221,0.9983057,0.99794847,0.99751675,0.9974736,0.9977494,0.9970824,0.9977963,0.99740523,0.9981116,0.9976003,0.9973418,0.9979095,0.99419355,0.99240816,0.996027
ipip92,0.99816257,0.9968194,0.99764085,0.9964861,0.99773425,0.99656546,0.99817604,0.9970808,0.99811226,0.9964015,0.99663657,0.99780744,0.9971603,0.9969603,0.99631363,0.9975066,0.99787456,0.99693006,0.9979901,0.9977143,0.9983462,0.99751395,0.99800074,0.9977979,0.99699455,0.99767643,0.9965483,0.9984632,0.99728614,0.9976368,0.9977548,0.9977442,0.9967338,0.99766403,0.99808115,0.99748904,0.9978688,0.9980472,0.997731,0.9975362,0.996801,0.9978476,0.9971559,0.9964157,0.9962372,0.9978897,0.9971157,0.9964545,0.99759036,0.996968,0.9971684,0.9919679,0.9979271,0.9968528,0.9956351,0.99714595,0.99572057,0.99611765,0.99661887,0.9977835,0.9980795,0.9978345,0.99857074,0.9973601,0.9973239,0.997238,0.9979407,0.9977758,0.9976594,0.9964574,0.9979935,0.9978014,0.99496347,0.9971111,0.997014,0.991194,0.99620813,0.9976448,0.99729836,0.99769855,0.99725646,0.997831,0.9963706,0.9979056,0.9976906,0.99799377,0.9974886,0.9968715,0.99623686,0.9976137,0.9971738,0.9981083,0.99760723,0.9952698,0.99515754,0.99532574,0.9977245,0.9968078,0.9954631,0.99481034,0.99729985,0.9979235,0.9975815,0.9977315,0.997987,0.995114,0.9976905,0.9962088,0.9977865,0.9976409,0.9981575,0.995879,0.99726546,0.99717,0.9979747,0.9976229,0.9976894,0.99805415,0.9984877,0.9970374,0.9985866,0.9980862,0.9991086,0.9999995,0.9978462,0.9971121,0.99822587,0.99840283,0.9969473,0.99727917,0.9980877,0.99370396,0.9970141,0.9962748,0.9974266,0.9981737,0.9973757,0.9978403,0.99825513,0.9978661,0.99811304,0.99818635,0.99759847,0.9979006,0.9979399,0.9960984,0.99777156,0.9976647,0.9958891,0.9978817,0.9979773,0.997527,0.99614763,0.9958222,0.9980622,0.9975296,0.99748194,0.99707174,0.99564916,0.99796444,0.9962967,0.9983659,0.9982782,0.9966035,0.9978663,0.9907418,0.99794483,0.99726194,0.99787265,0.99707294,0.9980146,0.996277,0.9976594,0.9978993,0.9978734,0.99817926,0.9977753,0.99749196,0.9970595,0.99780136,0.99636614,0.99715894,0.9976308,0.9972845,0.9944104,0.9978099,0.9979768,0.998021,0.9980771,0.9966009,0.9979107,0.99800044,0.9979365,0.997884,0.99798757,0.9981195,0.99798673,0.99814034,0.9964641,0.9970163,0.99755865,0.9979613,0.99640805,0.99806577,0.9986176,0.99721235,0.99836075,0.9939386,0.99727803,0.9963608,0.99827194,0.9970734,0.99803174,0.9984732,0.9968798,0.99671257,0.99773484,0.99065423,0.99747807,0.99764514,0.9980206,0.9970303,0.99761903,0.99730396,0.99593663,0.9978802,0.998052,0.99792594,0.99326533,0.99629813,0.9976811,0.99798405,0.9981385,0.998069,0.9981169,0.9968319,0.9975108,0.99704456,0.9976548,0.99664,0.9976409,0.9972464,0.99789935,0.99670637,0.9974148,0.9979413,0.99647534,0.9980795,0.9933947,0.99694693,0.9980076,0.9979148,0.99594665,0.9979694,0.9970384,0.997649,0.99779,0.9977387,0.99638593,0.99796623,0.9981037,0.9963545,0.99734265,0.995348,0.9964255,0.9977143,0.99717784,0.99711674,0.99718547,0.99481714,0.9981575,0.9963715,0.99748796,0.9980377,0.9977806,0.99737865,0.9972595,0.99769235,0.9969269,0.99754316,0.99696594,0.99798673,0.99730307,0.9969406,0.9978005,0.99382895,0.99206257,0.9960021
ipip122,0.9981278,0.996213,0.9974956,0.9959687,0.99779916,0.9962959,0.99833053,0.99671936,0.997643,0.99587893,0.9965808,0.9976304,0.9967518,0.9962092,0.9955865,0.99768466,0.99802256,0.9965538,0.9977827,0.99783295,0.9983251,0.99734426,0.9980657,0.9977605,0.99686754,0.997667,0.9955599,0.99828124,0.9970594,0.9971012,0.9975181,0.9972576,0.99671793,0.99758625,0.9983615,0.9975375,0.9984796,0.9987886,0.9978291,0.99750626,0.995911,0.9976097,0.99643075,0.9966494,0.99514556,0.99761945,0.99646133,0.99606395,0.9976946,0.9966367,0.9971283,0.9908681,0.99760747,0.99633396,0.99480236,0.99634486,0.99555236,0.9953892,0.9962432,0.9975833,0.9979398,0.9972318,0.99809235,0.9969189,0.9972188,0.9965942,0.9979582,0.99785966,0.9975623,0.9960217,0.9981897,0.99788576,0.99436814,0.9968003,0.99603575,0.9902318,0.99590844,0.997551,0.99658704,0.99718004,0.996948,0.9979631,0.9962087,0.99814427,0.9975861,0.9983706,0.99773705,0.9964745,0.9957519,0.9976631,0.99687725,0.99821436,0.9976348,0.9943144,0.9941119,0.99460757,0.9982001,0.9961496,0.99474895,0.9939154,0.99709904,0.99804354,0.997372,0.9974633,0.99771184,0.994104,0.99788326,0.99638474,0.9975419,0.9980052,0.99834603,0.9954231,0.99667364,0.9967738,0.9980704,0.9966015,0.99779,0.9981081,0.99796695,0.99687576,0.9982013,0.99737006,0.99783504,0.9978462,1.0000006,0.9965581,0.99687415,0.99787056,0.9961951,0.996838,0.998193,0.99229157,0.99599105,0.99532807,0.99813634,0.99758613,0.9971561,0.9975018,0.9984268,0.99822754,0.99832916,0.99797827,0.99717414,0.9978793,0.9976575,0.9953002,0.9977009,0.99760485,0.9949975,0.99769706,0.9980137,0.99726194,0.99533397,0.9943992,0.9981019,0.99713975,0.9970175,0.9967324,0.9946976,0.9980358,0.9952734,0.99825174,0.99758273,0.99622047,0.9982476,0.9904757,0.99807125,0.99695045,0.9980598,0.99732333,0.99841255,0.99605894,0.9982778,0.99829584,0.9978118,0.99833906,0.9979842,0.9976309,0.9966807,0.99768656,0.99588764,0.996379,0.9968418,0.99645764,0.99359983,0.99650705,0.9980976,0.9981465,0.99817634,0.9962959,0.9981392,0.9981079,0.9981107,0.9976853,0.9980705,0.99843323,0.9981645,0.99838394,0.9965054,0.99643683,0.99767196,0.998283,0.99571705,0.9982595,0.99748826,0.9971292,0.998178,0.9928163,0.9962275,0.9956574,0.99694455,0.99691004,0.9976984,0.9969033,0.9955042,0.9958267,0.9974156,0.98914886,0.9970633,0.9977235,0.9980924,0.9967257,0.99738234,0.99679947,0.9952323,0.9981578,0.99833316,0.99752074,0.9913957,0.9961811,0.9974178,0.99757016,0.99758786,0.9977646,0.99810296,0.995969,0.997408,0.996955,0.99779385,0.9962225,0.99750125,0.9968816,0.99815917,0.99611485,0.9971087,0.9976826,0.995956,0.99843544,0.99263024,0.99666715,0.9977749,0.9977995,0.99516517,0.99782574,0.9965082,0.9972569,0.997504,0.9977311,0.99582815,0.997768,0.99814016,0.9951699,0.99690443,0.99465746,0.9960944,0.99750376,0.9968718,0.9967808,0.99687773,0.9932227,0.9983099,0.99562913,0.9969519,0.99802846,0.99724287,0.9970111,0.9969805,0.9975507,0.995827,0.99742883,0.99653536,0.99817806,0.99678445,0.9965752,0.99757,0.9928747,0.99104846,0.9955975
ipip152,0.9965308,0.99620914,0.99644244,0.9960174,0.9966644,0.9960487,0.99690175,0.9965053,0.99780446,0.99603367,0.99632007,0.9968839,0.99670357,0.9961628,0.99654937,0.99677277,0.997049,0.99656034,0.9968937,0.99668926,0.9971054,0.99641097,0.9971069,0.9974395,0.9968087,0.99663883,0.996353,0.9973252,0.9965419,0.9970192,0.99828947,0.99723285,0.99663854,0.99696106,0.99666995,0.99667567,0.99670976,0.9966937,0.99704856,0.9967804,0.9962981,0.9969275,0.99665904,0.9959673,0.9962662,0.9969504,0.9968593,0.99618816,0.99648374,0.9963357,0.99642956,0.9925232,0.99650943,0.995966,0.9961451,0.9968912,0.9953192,0.9961188,0.99607533,0.9974579,0.9965021,0.9966726,0.9968135,0.99712193,0.9966698,0.99714047,0.9969012,0.9972849,0.997259,0.99634415,0.9964679,0.9968983,0.9949532,0.99596167,0.9960146,0.9915501,0.99569976,0.9966975,0.9973075,0.99741375,0.9968576,0.99666977,0.99545425,0.996714,0.996588,0.99663115,0.99643064,0.99649686,0.9958442,0.9966966,0.99648076,0.99686646,0.9963495,0.99449867,0.9946505,0.9950774,0.9965144,0.997182,0.99507207,0.9949778,0.99652797,0.9972853,0.99645853,0.99733704,0.99689835,0.9966477,0.9965552,0.9966164,0.9975524,0.9963555,0.9967885,0.99480164,0.9964921,0.9963018,0.99682623,0.99654067,0.9966424,0.99695724,0.99663085,0.9965402,0.9973294,0.99719024,0.997375,0.9971121,0.9965581,0.9999974,0.9970994,0.9972412,0.9973674,0.99682707,0.9968926,0.99365044,0.9962218,0.9957723,0.9963754,0.99730384,0.9973639,0.99716204,0.99687517,0.99672997,0.9967376,0.9972719,0.99688387,0.9972078,0.99686044,0.9954349,0.9969708,0.99734163,0.99596584,0.99693257,0.9975007,0.9974907,0.99571276,0.99523896,0.99649876,0.9969586,0.99692744,0.9961791,0.9948403,0.9965473,0.9956824,0.99719834,0.99671155,0.99662733,0.99666744,0.9910098,0.9968483,0.99696416,0.99665767,0.9960031,0.9966401,0.99569046,0.9961116,0.9972299,0.9980747,0.99703485,0.99684936,0.9969147,0.99676067,0.9972812,0.9963339,0.9976295,0.9970634,0.9976476,0.9942555,0.9966795,0.9972522,0.9973661,0.9974305,0.9969144,0.9970935,0.99743265,0.9973428,0.99801445,0.9969015,0.99691904,0.99705106,0.9969266,0.9968028,0.9968936,0.9968141,0.99687696,0.99618393,0.99714506,0.99706817,0.99720824,0.9978767,0.99475336,0.9976819,0.99660623,0.99696743,0.99620837,0.9977265,0.9972319,0.99708474,0.9964344,0.9968226,0.9916209,0.9964161,0.9968953,0.99700177,0.9964185,0.9968395,0.99713284,0.99548143,0.9968815,0.9967771,0.9971767,0.9942598,0.9969733,0.9970276,0.99658614,0.9970869,0.9972561,0.99686307,0.9961568,0.9968402,0.99614674,0.99669576,0.9964802,0.9964497,0.99639255,0.9967737,0.99685323,0.99724585,0.9976288,0.995828,0.9967134,0.9932722,0.99599504,0.99729025,0.9971788,0.9958945,0.99723166,0.99640477,0.9965156,0.99652946,0.9971269,0.99577385,0.99765444,0.9974623,0.9969908,0.9966992,0.9951192,0.9966839,0.99659646,0.99666506,0.9970446,0.996667,0.99442893,0.99686605,0.9963197,0.99715245,0.99710816,0.99742997,0.9966919,0.996704,0.9969754,0.996379,0.9965076,0.9971449,0.9968626,0.997278,0.9971292,0.99716544,0.9940769,0.9922993,0.995453
ipip182,0.99680746,0.9968902,0.9966517,0.9966292,0.99700195,0.9961045,0.9974316,0.9973597,0.998403,0.9968385,0.99661565,0.99681056,0.99720466,0.996743,0.99635553,0.9967368,0.9973941,0.9968419,0.9972683,0.9972816,0.99784315,0.9967116,0.997647,0.99787253,0.9965312,0.997292,0.9973178,0.9984363,0.99695045,0.99727416,0.99685997,0.99787503,0.99662364,0.9969643,0.9969641,0.99708974,0.997203,0.9970776,0.99710786,0.99701405,0.99740547,0.9975962,0.99708176,0.99621135,0.9968447,0.9972003,0.99716157,0.9961102,0.9970144,0.99654037,0.9968014,0.99390316,0.99730986,0.9974344,0.9965638,0.99799657,0.99522173,0.9970595,0.9967497,0.99784106,0.99669135,0.99676645,0.9971706,0.99690163,0.9965754,0.99677634,0.99718934,0.9973075,0.99702114,0.9965954,0.99679047,0.9976155,0.994886,0.9967277,0.9964984,0.9929418,0.99635726,0.9971329,0.99779576,0.99765867,0.9968608,0.9968831,0.99577075,0.9965427,0.99693006,0.99678314,0.9965606,0.99684596,0.99591064,0.99677247,0.9964321,0.99679035,0.99650466,0.9948236,0.9949067,0.9955056,0.9964646,0.9972279,0.9950178,0.9953155,0.99685735,0.9972234,0.99670947,0.9970398,0.9970541,0.9963682,0.99711305,0.99622315,0.99783343,0.99651337,0.99724436,0.99483395,0.9966377,0.9966398,0.99711674,0.99719363,0.99682343,0.9971728,0.9969295,0.99739486,0.9975734,0.9974389,0.9988823,0.99822587,0.99687415,0.9970994,1.000001,0.998276,0.99744236,0.9974476,0.99751633,0.9944409,0.99705416,0.9963668,0.99680316,0.99800575,0.99730396,0.9981632,0.9975371,0.9968107,0.9966206,0.997511,0.9969646,0.99739444,0.9967906,0.99601114,0.9969856,0.9969703,0.9969946,0.9973096,0.9976459,0.9974798,0.9962394,0.99536777,0.99658674,0.99739105,0.997576,0.996873,0.9949183,0.9965482,0.9968159,0.9978357,0.9970557,0.9963508,0.9967362,0.9915762,0.99776167,0.9970837,0.9972477,0.9965645,0.9969662,0.99594545,0.9964665,0.99731743,0.9975126,0.9975683,0.99752116,0.9973417,0.99771315,0.9981597,0.99697465,0.99752456,0.99760437,0.9975443,0.9950828,0.9970877,0.9978272,0.9979008,0.99799466,0.9977199,0.99746984,0.9978897,0.9977034,0.99753535,0.9970802,0.99732786,0.99849164,0.99747366,0.9974903,0.99747586,0.9978221,0.9974934,0.9974526,0.9980177,0.9981956,0.99713486,0.99808925,0.99530077,0.9981688,0.9974481,0.99828964,0.9967116,0.9976031,0.9981066,0.9977426,0.99646163,0.99803483,0.99268353,0.9970119,0.9972401,0.9975472,0.9970125,0.99730873,0.9973161,0.99595785,0.99712497,0.9974267,0.9982749,0.99536705,0.99620575,0.9983412,0.99724245,0.997161,0.99722344,0.9971541,0.9971229,0.99700314,0.99694806,0.99737936,0.9972782,0.99710417,0.9973211,0.9973425,0.996797,0.99776006,0.99785,0.9965587,0.99715585,0.9942333,0.99706995,0.9976982,0.99757993,0.9969708,0.9977898,0.99745864,0.9976046,0.9980067,0.9973912,0.99670476,0.9975697,0.99790114,0.99712676,0.9978874,0.9966735,0.9976017,0.9973051,0.9974398,0.99703735,0.9971984,0.995178,0.9973663,0.99717915,0.9972061,0.99767786,0.9975652,0.99734515,0.9973614,0.99691993,0.99640363,0.9973229,0.9969917,0.99757427,0.99760544,0.996931,0.99774927,0.99447304,0.9935085,0.99587584
ipip212,0.99800825,0.99676526,0.9974993,0.99645793,0.997692,0.9964921,0.9984424,0.9975093,0.99853635,0.9965698,0.99706656,0.9979439,0.9973179,0.9970766,0.99656445,0.9975949,0.9980233,0.9967831,0.99807537,0.99805874,0.99800164,0.99751633,0.9980524,0.998077,0.9969097,0.99776745,0.9968541,0.99814564,0.9977027,0.9979322,0.99739414,0.9982607,0.99698883,0.9976698,0.9981857,0.9976764,0.9980819,0.9982161,0.99788314,0.99768347,0.99705666,0.9981906,0.99702805,0.99661726,0.99618554,0.9976922,0.9970751,0.9965636,0.99756753,0.99694127,0.997309,0.9921614,0.99800915,0.9970409,0.99624413,0.99746734,0.996047,0.9969702,0.99675965,0.9980429,0.99779415,0.99735457,0.99810195,0.99719363,0.9971519,0.99705887,0.9980253,0.99793553,0.99781877,0.9968062,0.997938,0.99791366,0.9948124,0.9971359,0.9966968,0.99181557,0.9965808,0.9979213,0.99750364,0.9977729,0.99752045,0.997939,0.99655783,0.9978446,0.997681,0.99811333,0.99772346,0.9970228,0.996335,0.997731,0.99726176,0.99789226,0.99758965,0.9950478,0.9949281,0.9952563,0.9977997,0.99692667,0.99529094,0.9951716,0.9972323,0.99786544,0.9975149,0.99764216,0.9979428,0.9954213,0.99791706,0.99648345,0.9980838,0.9979884,0.9986887,0.9957395,0.99737865,0.9972165,0.9980472,0.99718875,0.99780124,0.99792796,0.99800164,0.99742264,0.99831223,0.9975804,0.9984722,0.99840283,0.99787056,0.9972412,0.998276,1.0000004,0.9973188,0.99765205,0.99826884,0.9938739,0.9968314,0.996323,0.9977676,0.9982823,0.997607,0.9984658,0.99896425,0.9980543,0.9979504,0.998034,0.99728644,0.99797106,0.9977382,0.9960743,0.9978099,0.99778295,0.9966096,0.99817073,0.9980722,0.9976596,0.9960995,0.9952239,0.99775386,0.9975676,0.9975715,0.99706805,0.995345,0.9977228,0.9961832,0.9983115,0.9976279,0.99662715,0.9980417,0.9914984,0.9984297,0.99725467,0.9977387,0.99693334,0.9980673,0.996232,0.99754053,0.9978451,0.9978121,0.99825585,0.9980667,0.9977805,0.99754643,0.99793285,0.9966487,0.99721456,0.9971895,0.9973196,0.99472564,0.99728745,0.99806935,0.99814963,0.998164,0.9968161,0.99813986,0.99824077,0.99814886,0.997818,0.99796474,0.99826765,0.9981572,0.9983962,0.9967867,0.9972902,0.99796903,0.99801195,0.9966275,0.9982033,0.99790436,0.9971111,0.99833643,0.9943203,0.997564,0.99700314,0.9978921,0.99708605,0.9978568,0.9977318,0.9970106,0.9962627,0.9979882,0.99081683,0.99736595,0.9979471,0.9981569,0.9973193,0.9977906,0.99742305,0.99611276,0.9981047,0.9980907,0.99818087,0.9934524,0.99650943,0.9980157,0.99766773,0.9978615,0.99792826,0.9980434,0.99653536,0.99748033,0.99731195,0.99777716,0.99692667,0.99771875,0.9974004,0.99805725,0.996867,0.9977248,0.99807984,0.99661875,0.9981741,0.9934722,0.997025,0.9982907,0.9981919,0.99666274,0.9983682,0.9974208,0.99764127,0.99775773,0.9978588,0.9964702,0.99802256,0.9982782,0.99646086,0.99763376,0.9957713,0.9968605,0.99795777,0.99754953,0.9972433,0.99737567,0.99470276,0.9984842,0.99699867,0.9974612,0.99852043,0.9979856,0.9974112,0.99746853,0.99763244,0.9966262,0.9975711,0.9973201,0.9987059,0.9975038,0.9973002,0.9985527,0.9940186,0.9928,0.996143
ipip242,0.9963183,0.99693704,0.99632114,0.99678683,0.9968288,0.99628556,0.9966567,0.9965767,0.9981524,0.9968531,0.99668455,0.9966584,0.9964673,0.9966506,0.9966765,0.9962794,0.9967593,0.9968697,0.9968758,0.99658626,0.9969008,0.99653906,0.9974611,0.99799716,0.99680847,0.99664617,0.9976627,0.9970983,0.9965462,0.9974414,0.9969045,0.9973657,0.99655193,0.9966603,0.9962344,0.9968801,0.99627393,0.9964144,0.9966267,0.996584,0.99671715,0.99737406,0.9972269,0.995859,0.997224,0.9970235,0.99724126,0.9965918,0.9965531,0.9962062,0.9966441,0.9937393,0.9968535,0.99638814,0.99892455,0.99707097,0.9954368,0.9970901,0.99658304,0.9977279,0.99622816,0.99664736,0.9964154,0.9972677,0.99652904,0.9970185,0.9964039,0.99761415,0.9972853,0.99720174,0.99634063,0.9970879,0.9952699,0.996155,0.9961406,0.9920149,0.99573976,0.99649143,0.9984256,0.99839,0.99693906,0.9964193,0.99529475,0.99622667,0.99647987,0.996191,0.995949,0.9964441,0.99620324,0.9965209,0.9961982,0.99634963,0.9961007,0.9945399,0.9950726,0.99517095,0.9962068,0.998572,0.9951524,0.9957997,0.99619585,0.99726576,0.9963744,0.99687105,0.99676293,0.9961307,0.99648017,0.99655247,0.9973002,0.99597275,0.9965853,0.99461156,0.99640787,0.9962501,0.99635774,0.99681354,0.99612606,0.99664384,0.99639803,0.9965021,0.99673575,0.9965843,0.997489,0.9969473,0.9961951,0.9973674,0.99744236,0.9973188,0.99999857,0.99647474,0.9969529,0.99372625,0.99684286,0.99638826,0.9962785,0.9976128,0.9976207,0.9979133,0.99667674,0.9963906,0.99624413,0.99716395,0.9968826,0.9973429,0.99652255,0.99576485,0.99672246,0.9971591,0.99728316,0.99680895,0.9975319,0.99748904,0.996193,0.9952425,0.9959784,0.9970984,0.99727863,0.99661803,0.9946108,0.9959763,0.99623454,0.99728954,0.9961936,0.9969754,0.9963657,0.99173313,0.99699277,0.9972091,0.99658316,0.995722,0.9966139,0.9959272,0.9957194,0.99721855,0.99829197,0.99699354,0.9968418,0.99688023,0.9972362,0.99687296,0.9964765,0.99836934,0.9972514,0.9982299,0.99556166,0.99617094,0.9966076,0.9967486,0.9967931,0.9970877,0.99660337,0.9972593,0.99712276,0.998183,0.99660206,0.9968493,0.9969817,0.99689233,0.9968778,0.99740815,0.9966896,0.9966751,0.9967119,0.9971744,0.99727046,0.9977298,0.9974723,0.9956101,0.9974149,0.9970396,0.99757385,0.9956879,0.99810165,0.9974496,0.9980572,0.99641186,0.9969248,0.9929293,0.9965022,0.99667674,0.9972639,0.99666184,0.9964603,0.99734944,0.99611735,0.9969567,0.9962469,0.99713665,0.99501854,0.9966949,0.99689066,0.9963528,0.9969016,0.99716264,0.99638927,0.99620026,0.99679244,0.9963717,0.9968781,0.9967302,0.99678856,0.99679697,0.99666893,0.99792844,0.9971473,0.9974691,0.9966937,0.99689054,0.9939286,0.9966699,0.9981643,0.99805766,0.9971621,0.9980073,0.9976351,0.99642336,0.9967097,0.997717,0.996297,0.9973707,0.99728715,0.997815,0.9970193,0.9955731,0.9974785,0.9968597,0.99700165,0.9981072,0.99702734,0.99525404,0.9968174,0.9977475,0.99721813,0.997172,0.99751914,0.9969686,0.9970845,0.99694866,0.996392,0.996969,0.9990231,0.99706334,0.9972192,0.99902165,0.99710095,0.99511665,0.99353504,0.99570566
ipip272,0.9968948,0.99636,0.9965359,0.99589413,0.99669313,0.9958236,0.99723697,0.9968408,0.9977615,0.99598116,0.9962173,0.9971045,0.996693,0.99678063,0.9957369,0.99681294,0.9975259,0.99610907,0.9972471,0.9974425,0.9974027,0.99672014,0.99703014,0.99728173,0.9963214,0.9971247,0.99612033,0.9976135,0.99699014,0.99708956,0.99665856,0.99703205,0.99616927,0.9968772,0.99709386,0.99657536,0.9971227,0.99707055,0.9972394,0.9970911,0.9962968,0.99679184,0.9961246,0.99582404,0.9958504,0.996871,0.99657905,0.9957207,0.9967199,0.996451,0.9962691,0.99205583,0.99690944,0.99654114,0.99564743,0.996742,0.9951239,0.9958442,0.9962616,0.9972121,0.99675024,0.9965694,0.9969691,0.99653256,0.9963298,0.99633616,0.9971036,0.9969298,0.996853,0.9960331,0.9967555,0.9968973,0.9946044,0.9962261,0.9963163,0.99179566,0.9960618,0.99711525,0.9967127,0.9968958,0.9966692,0.99755085,0.99569017,0.9968311,0.99663574,0.9969732,0.9967527,0.9967996,0.9957443,0.9967436,0.996423,0.9968279,0.996613,0.99456805,0.9946228,0.9953624,0.99672043,0.9961447,0.99489564,0.9947167,0.9965617,0.9971345,0.9966309,0.99683774,0.99701536,0.99495786,0.99688715,0.995921,0.99721706,0.9968475,0.9972622,0.99494606,0.996705,0.9964276,0.9970198,0.9963775,0.99676335,0.9969796,0.9968425,0.9967036,0.9972537,0.99679786,0.9973476,0.99727917,0.996838,0.99682707,0.9974476,0.99765205,0.99647474,1.0000008,0.99701536,0.99315464,0.99599177,0.9958361,0.99647826,0.9972527,0.9970027,0.9971302,0.99732196,0.9968411,0.99688834,0.99733233,0.9967955,0.997197,0.99691945,0.9959262,0.99765986,0.9968948,0.9954992,0.99739146,0.9973366,0.99721,0.99552536,0.99521464,0.9965654,0.9966753,0.99676967,0.9961619,0.99553084,0.9965287,0.9953837,0.9972364,0.99662197,0.9958203,0.99690557,0.99060136,0.9969791,0.9966127,0.99672294,0.99613583,0.99678075,0.9955412,0.9964022,0.9969836,0.996962,0.9971214,0.9969777,0.99686503,0.99661416,0.99701715,0.9961148,0.99644816,0.996668,0.99653786,0.9941288,0.99628603,0.9970659,0.9971273,0.99715143,0.99654174,0.99715674,0.9971558,0.997086,0.9969309,0.9975432,0.9970088,0.99734324,0.99712276,0.99646914,0.99664116,0.99707896,0.99696493,0.9961059,0.997151,0.99687535,0.9965213,0.9974556,0.9940548,0.9968123,0.9960557,0.99680173,0.99623156,0.99698037,0.99679196,0.9961865,0.99585533,0.99707925,0.9910058,0.99676836,0.9969424,0.99689865,0.99629545,0.9968579,0.99669,0.99550307,0.9969884,0.9968786,0.9971323,0.99316186,0.9958791,0.99697304,0.9969293,0.9967876,0.99684346,0.99702567,0.9959043,0.99664617,0.99615484,0.9966892,0.9960208,0.9965764,0.9965269,0.9969221,0.9961224,0.9968241,0.9971225,0.99571884,0.9968032,0.9932043,0.9959238,0.997055,0.9969555,0.9953991,0.9970619,0.99615544,0.9966408,0.9971028,0.99679464,0.9956369,0.9970841,0.99721706,0.99579597,0.9966693,0.99509996,0.9961806,0.9968358,0.9964932,0.9964096,0.99649596,0.99422616,0.9971028,0.9959001,0.9967594,0.99713725,0.9971548,0.99638593,0.9963313,0.9967911,0.99587214,0.9964299,0.99633807,0.9970766,0.9966407,0.9962956,0.9970585,0.9935173,0.992125,0.9954781
ipip7,0.99826163,0.9965578,0.99755746,0.9964111,0.99805695,0.9967263,0.9985031,0.99710804,0.99812156,0.9963782,0.9967833,0.9979296,0.99685705,0.9965184,0.9961889,0.9974972,0.99795574,0.99639153,0.99790853,0.99769413,0.99819654,0.99742776,0.9986141,0.9980009,0.9972626,0.99762607,0.99596155,0.99806976,0.99712265,0.9974132,0.99768144,0.9978987,0.9971407,0.99806666,0.9981927,0.9986972,0.99809396,0.9984525,0.9977343,0.99785805,0.99655956,0.99803406,0.99704075,0.9964884,0.995754,0.99806535,0.997217,0.9967375,0.99777734,0.99677956,0.9972734,0.9909558,0.99803627,0.9964022,0.99550587,0.9970088,0.995897,0.995797,0.99635917,0.9980815,0.9980617,0.9974932,0.99827325,0.9973514,0.99753416,0.9970835,0.9981206,0.99819636,0.9979924,0.9964881,0.99869704,0.9983791,0.99499506,0.99769545,0.99651587,0.9908419,0.996374,0.9978542,0.9972229,0.99769646,0.99738824,0.99820024,0.9964728,0.9981071,0.9976132,0.99846405,0.9978968,0.9963973,0.99580413,0.99772567,0.99720794,0.998429,0.9978182,0.99482286,0.9942883,0.9950012,0.99843156,0.9966085,0.99499243,0.99460226,0.99711645,0.99831915,0.9975656,0.99781996,0.99794954,0.99476033,0.9979523,0.9965895,0.9980938,0.9981295,0.99857724,0.9955066,0.997062,0.9970046,0.99830306,0.9972648,0.9979957,0.9983692,0.9980091,0.99770516,0.9984654,0.99738693,0.9982644,0.9980877,0.998193,0.9968926,0.99751633,0.99826884,0.9969529,0.99701536,0.9999994,0.993286,0.99717337,0.9955563,0.9991068,0.99819976,0.99769163,0.9986179,0.99880606,0.998406,0.9983722,0.998061,0.9970223,0.99795103,0.99769247,0.99538934,0.997988,0.9980026,0.9956455,0.9978141,0.9985083,0.9978423,0.9959912,0.9951144,0.9981127,0.9978549,0.9978924,0.997711,0.9949767,0.9981214,0.99659467,0.99879575,0.99778336,0.99668914,0.99841607,0.99084723,0.9986997,0.9978274,0.9979823,0.99693197,0.9990006,0.99627125,0.99814326,0.99819005,0.9980043,0.99833184,0.99814856,0.9978298,0.99731183,0.99774885,0.9963394,0.99684334,0.99711215,0.9969714,0.9941196,0.9970725,0.99811906,0.9981357,0.9981541,0.99660575,0.99820775,0.99827784,0.9982634,0.9979028,0.99817526,0.99852103,0.9983072,0.9986432,0.99658746,0.9971077,0.9980188,0.9984128,0.99637693,0.9983049,0.99782044,0.99753916,0.9984394,0.9934163,0.9968717,0.99590105,0.9974732,0.99695784,0.9979579,0.9975088,0.9964319,0.9957795,0.9980131,0.9899258,0.9972878,0.9981361,0.9989864,0.9972616,0.99756604,0.9971614,0.99569166,0.99839455,0.9983457,0.9980279,0.9921,0.9964738,0.99777806,0.9976267,0.99825025,0.9980589,0.9981522,0.9962352,0.9980064,0.99785507,0.99846137,0.9970424,0.9978322,0.99719024,0.9982924,0.9967411,0.99750566,0.99812233,0.9968318,0.99902064,0.99298656,0.99765474,0.9984338,0.9984192,0.9963062,0.99867374,0.99730337,0.9974964,0.9974628,0.9983708,0.9963791,0.99801826,0.99832785,0.995669,0.9972516,0.9951092,0.9964175,0.9981818,0.9979723,0.9977094,0.997777,0.99414396,0.9987883,0.9966686,0.997569,0.99866736,0.9978484,0.9980453,0.9980295,0.99824077,0.99663246,0.99805033,0.9973001,0.9985972,0.9974971,0.9973245,0.9981,0.9937147,0.99205136,0.9961192
ipip37,0.99109834,0.99341995,0.9924243,0.9933963,0.9923405,0.99214464,0.99169356,0.9930829,0.99346375,0.9934895,0.99299484,0.9923573,0.99432206,0.993571,0.9936292,0.99233085,0.9930039,0.993998,0.9930198,0.992536,0.99329877,0.9922569,0.99370074,0.9931937,0.9935897,0.9925348,0.9939498,0.99338156,0.99298173,0.9933143,0.9919782,0.9934432,0.9916701,0.992509,0.99149674,0.9928445,0.99289197,0.9919163,0.99261314,0.9924453,0.9930918,0.9935497,0.99365914,0.9921141,0.99371475,0.99267125,0.99421227,0.9935694,0.9929656,0.9930235,0.99275625,0.99209905,0.9924448,0.99296665,0.9939996,0.99418116,0.9914576,0.99430484,0.99328595,0.9932496,0.9917818,0.9927772,0.99257475,0.9926409,0.992999,0.9936412,0.99191046,0.99231446,0.99261814,0.99310195,0.99094504,0.99340373,0.9916986,0.9919832,0.9935899,0.9907278,0.99329096,0.9927413,0.99393797,0.9929114,0.99345475,0.9917957,0.99251366,0.9919596,0.9933605,0.99136204,0.9915695,0.9939292,0.9928702,0.99208754,0.9925738,0.99175525,0.992059,0.99181646,0.9927829,0.99288386,0.99073243,0.9934542,0.99191844,0.99335575,0.9930327,0.991892,0.9925254,0.99345237,0.9932179,0.99342024,0.992179,0.9927872,0.99313146,0.99090374,0.9914606,0.9910153,0.9929827,0.9927185,0.99205285,0.9941588,0.9918892,0.9925317,0.99174577,0.99368465,0.99325067,0.99354625,0.9938569,0.99370396,0.99229157,0.99365044,0.9944409,0.9938739,0.99372625,0.99315464,0.993286,0.9999992,0.9944888,0.99440616,0.992001,0.99309134,0.99291205,0.9939287,0.9917889,0.9910681,0.99112016,0.9938601,0.99457425,0.9933314,0.9927002,0.99313873,0.9920496,0.99266225,0.99381536,0.99268866,0.9926753,0.9936208,0.9947042,0.9937716,0.99094194,0.9935942,0.994063,0.9930821,0.9918354,0.99057215,0.99481833,0.9925985,0.99276286,0.992872,0.9910242,0.9892629,0.9924676,0.99414295,0.99255526,0.9928388,0.9913912,0.9931581,0.9907082,0.9932646,0.9926317,0.99268794,0.9924669,0.9922954,0.9934261,0.9932491,0.99364704,0.9935573,0.99384975,0.9936241,0.99229556,0.993553,0.99233174,0.99231756,0.9924253,0.9940313,0.9923403,0.9923642,0.99226296,0.99249303,0.99184245,0.99168336,0.9925273,0.9913462,0.99315083,0.9941196,0.99306566,0.99123096,0.9934881,0.99215204,0.99258554,0.9928439,0.9925682,0.9929901,0.99473816,0.9938981,0.99324614,0.99186474,0.9924243,0.9935213,0.994536,0.9933202,0.99378955,0.99187016,0.99273956,0.99304116,0.9930572,0.99221426,0.99212986,0.993784,0.99256736,0.9916636,0.99148786,0.9933775,0.99299675,0.992253,0.9931022,0.9919924,0.9925574,0.9926469,0.99179465,0.9931777,0.9928537,0.9930471,0.99310875,0.99405736,0.9930036,0.99428666,0.99212486,0.9932503,0.99332833,0.9931877,0.99315625,0.9919662,0.9917698,0.9931872,0.9929818,0.9928219,0.99431425,0.99325144,0.99414086,0.99284184,0.99266106,0.99328876,0.9936347,0.9934963,0.99245393,0.99379677,0.9934376,0.9933077,0.9941888,0.9925965,0.99491024,0.99402237,0.9939286,0.99266076,0.99147564,0.9935048,0.9933642,0.99263537,0.99343204,0.993908,0.99424326,0.99287313,0.99378574,0.9934305,0.9931777,0.99271345,0.99341524,0.99340194,0.9934316,0.991734,0.9926215,0.99222755
ipip67,0.9954924,0.9962474,0.995631,0.9961961,0.9963874,0.99564856,0.99579394,0.9961166,0.9968606,0.9962285,0.99601585,0.99640614,0.99657667,0.9963693,0.99627525,0.9959453,0.9963772,0.996382,0.9965947,0.9960403,0.99686706,0.9959156,0.9974741,0.9967604,0.9964271,0.9959113,0.996304,0.9967632,0.99597406,0.9964624,0.9959404,0.99657,0.9953425,0.9960986,0.99549574,0.997176,0.9957793,0.99579585,0.9959431,0.9962871,0.9967361,0.99646235,0.9968239,0.9949124,0.99644774,0.996323,0.99688333,0.99585396,0.99647176,0.996252,0.99612147,0.9933025,0.9968562,0.9958871,0.9960529,0.99674577,0.99509454,0.99616873,0.99625313,0.9967027,0.9959082,0.9963538,0.9963755,0.9962626,0.9962606,0.9965822,0.9957109,0.99622065,0.9963461,0.996025,0.99600184,0.9971956,0.9950152,0.9964259,0.99649626,0.99224025,0.9959818,0.9961796,0.99692494,0.9968112,0.9968356,0.99589413,0.99521774,0.995542,0.9962462,0.9958132,0.9955749,0.99613297,0.99554724,0.9958619,0.9961096,0.9959049,0.9959051,0.9946932,0.99475604,0.9950655,0.9955424,0.99663407,0.99460113,0.9954105,0.99600726,0.99629,0.996073,0.9966828,0.99663204,0.995522,0.99589074,0.99620086,0.9967677,0.9952938,0.9959124,0.99415714,0.9964933,0.99590594,0.9958427,0.9972319,0.99567235,0.99604577,0.99576473,0.9964762,0.99651784,0.9962692,0.9971737,0.9970141,0.99599105,0.9962218,0.99705416,0.9968314,0.99684286,0.99599177,0.99717337,0.9944888,0.9999988,0.99678934,0.9963088,0.9975294,0.9970441,0.9972648,0.9961835,0.99586695,0.99581146,0.9973202,0.9964523,0.996928,0.99640673,0.9958153,0.99623376,0.9960775,0.99607736,0.9962886,0.9966371,0.99690837,0.996539,0.99547964,0.9952266,0.9972054,0.9974667,0.99710643,0.9946019,0.99507344,0.9992319,0.9974521,0.99592614,0.99619216,0.995752,0.9916528,0.99644524,0.99688816,0.9963087,0.9957371,0.9962206,0.99569434,0.99517125,0.9966545,0.9965077,0.9961824,0.99607074,0.99617773,0.9963569,0.9962825,0.9962476,0.99657243,0.9967639,0.9967079,0.99430764,0.99644315,0.9958909,0.99593234,0.9960276,0.99660665,0.99597526,0.9961605,0.9960631,0.9963739,0.99594855,0.99584687,0.9963917,0.9960125,0.9960917,0.99679965,0.9962796,0.99581105,0.996492,0.9962155,0.99662983,0.99659467,0.99653995,0.99476236,0.9967869,0.99621785,0.99690765,0.99493885,0.9963153,0.99688786,0.99663883,0.99599504,0.99662703,0.99207073,0.9959287,0.99657774,0.99717474,0.9957313,0.99584955,0.9969083,0.9951524,0.99603593,0.9955798,0.99685043,0.9943438,0.9954685,0.99636245,0.99601644,0.99639344,0.99648786,0.99595785,0.9959316,0.99637806,0.9966609,0.9968956,0.9972155,0.9967902,0.99680907,0.99595994,0.9963304,0.9964924,0.9966713,0.99686235,0.9965195,0.99369264,0.99732715,0.9968986,0.9967256,0.9967461,0.9968766,0.9970445,0.99604815,0.9960156,0.99725854,0.9965515,0.9968997,0.9962635,0.99626565,0.9963358,0.9951233,0.9964183,0.99683267,0.99750704,0.9969751,0.99735224,0.9953949,0.9961741,0.996689,0.9969458,0.99652624,0.99700826,0.9971816,0.9973383,0.9964253,0.9961181,0.9969654,0.9966235,0.9964443,0.9965657,0.9966101,0.9966255,0.99446535,0.99376285,0.9956115
ipip97,0.99492997,0.9961542,0.9957998,0.9955608,0.9954893,0.9950746,0.99498034,0.9961557,0.9963314,0.99572235,0.9956521,0.99554837,0.99640906,0.99696285,0.995776,0.99564624,0.99609864,0.9960975,0.9962699,0.99625874,0.99623185,0.9957821,0.9964861,0.99637395,0.9957153,0.9956037,0.99611133,0.99626195,0.995909,0.9963395,0.99532115,0.99578685,0.9945309,0.99522,0.99515283,0.9953843,0.99540037,0.99523157,0.99574447,0.995398,0.9955093,0.995872,0.99574965,0.9947948,0.996095,0.9956283,0.9962449,0.9954227,0.99602646,0.9959795,0.9953416,0.99354416,0.99593437,0.9959466,0.99616337,0.9959273,0.99443305,0.99617696,0.9960595,0.9958498,0.9955388,0.9967737,0.99591756,0.9957486,0.99580103,0.99641246,0.99523574,0.9954938,0.99579525,0.9958582,0.99462336,0.99611586,0.9944283,0.99503696,0.9965007,0.99233943,0.9957043,0.9959065,0.9963752,0.99607164,0.9960714,0.99528337,0.9947513,0.99509853,0.9957862,0.99497527,0.9949068,0.9969465,0.996303,0.9955242,0.99551594,0.9951626,0.9957041,0.9951297,0.9957629,0.9953966,0.99461097,0.9962069,0.9946191,0.99577546,0.9960008,0.9954365,0.99602747,0.9960151,0.99656856,0.9952862,0.9955619,0.9956245,0.99621665,0.9946909,0.99526507,0.9940128,0.99604815,0.9958935,0.99529254,0.9963934,0.9953423,0.99576014,0.9953541,0.9959284,0.99565357,0.9958326,0.99617213,0.9962748,0.99532807,0.9957723,0.9963668,0.996323,0.99638826,0.9958361,0.9955563,0.99440616,0.99678934,0.9999988,0.9949658,0.99624807,0.9961249,0.9961077,0.99515074,0.9947791,0.994997,0.9967955,0.99680865,0.99663335,0.99608475,0.9961119,0.99552923,0.9955731,0.99557,0.9959357,0.99584043,0.99601924,0.9966923,0.99549186,0.9945414,0.99609745,0.99650925,0.9955785,0.99493015,0.9943105,0.9963022,0.99609303,0.9954156,0.995627,0.9949468,0.9911813,0.9953752,0.99604905,0.99571776,0.9954568,0.9949395,0.99513566,0.9943515,0.99608135,0.99563134,0.9955406,0.9955644,0.9954405,0.9956442,0.99574715,0.9963033,0.99605185,0.9960663,0.9961515,0.9947107,0.9958207,0.9951827,0.99526256,0.9953504,0.9958075,0.99535656,0.99537504,0.99524045,0.99550194,0.9951957,0.99504834,0.99550146,0.9950553,0.9954696,0.9961574,0.9954731,0.994885,0.99594176,0.9953629,0.99575335,0.9958337,0.9957077,0.99514544,0.9965117,0.99601746,0.99591,0.9947086,0.9955431,0.9962704,0.9961547,0.9957419,0.9960237,0.9931766,0.9963083,0.9957775,0.9958447,0.9955124,0.99534386,0.9964471,0.99542814,0.9952561,0.99477065,0.9963551,0.99452734,0.9950331,0.9958118,0.9951999,0.9957333,0.99588716,0.9953787,0.99544305,0.9955114,0.9955,0.9956688,0.9961384,0.99642056,0.9965647,0.9951651,0.9955839,0.9959155,0.99610126,0.99582094,0.99520445,0.99375635,0.99563724,0.996005,0.9957561,0.9956648,0.9959093,0.9961413,0.9957351,0.99585104,0.9963138,0.9961247,0.996383,0.99546164,0.9959306,0.99592435,0.9948841,0.9959697,0.995729,0.9962388,0.99622995,0.9965226,0.9951402,0.99505484,0.9956788,0.99584395,0.9956097,0.9963867,0.9961138,0.9961976,0.99549186,0.99563724,0.995939,0.9959032,0.9955853,0.9959081,0.9958865,0.996096,0.99401426,0.99372864,0.9949734
ipip127,0.998012,0.9960436,0.99727273,0.9957085,0.9976737,0.99623334,0.9982072,0.9969314,0.99764633,0.9956841,0.9964522,0.9974969,0.9964121,0.99596494,0.99555814,0.99725723,0.9975995,0.996166,0.9975105,0.99742675,0.99776244,0.9971463,0.9981537,0.9976425,0.9967917,0.9971971,0.99538356,0.9976356,0.9967673,0.99685895,0.9973809,0.9975084,0.9969383,0.9976045,0.9980144,0.9982684,0.9977896,0.99827784,0.99752146,0.99747014,0.9959907,0.9976168,0.9963785,0.99620837,0.99497265,0.99754214,0.99641085,0.9962648,0.9973137,0.99626124,0.9968937,0.9902367,0.99761873,0.99599767,0.9947743,0.99633014,0.99563295,0.99512655,0.99581933,0.9975417,0.9978016,0.9970293,0.9978183,0.9969029,0.9972535,0.996493,0.9978743,0.99779046,0.9975024,0.99598366,0.99837,0.9978785,0.9944468,0.99724954,0.9959385,0.9900732,0.99584955,0.9973978,0.9966072,0.9972185,0.9968263,0.997961,0.9960301,0.99787575,0.99720997,0.9981865,0.99770755,0.9959887,0.9954781,0.9974703,0.99667764,0.9980117,0.9975745,0.9942229,0.99373513,0.9943182,0.99817795,0.99593294,0.9944199,0.9938305,0.99668956,0.99805075,0.9971321,0.99738526,0.997522,0.993928,0.9976206,0.9961917,0.9975931,0.99797684,0.99835175,0.99512994,0.9965075,0.9966239,0.99798566,0.9967741,0.9977234,0.9980518,0.9976987,0.9973487,0.99797523,0.9968186,0.9975972,0.9974266,0.99813634,0.9963754,0.99680316,0.9977676,0.9962785,0.99647826,0.9991068,0.992001,0.9963088,0.9949658,1.0000002,0.99765337,0.99722964,0.99790275,0.9984457,0.9981368,0.9980721,0.9975252,0.9965551,0.9975003,0.9972422,0.99485195,0.9976125,0.9975596,0.99495745,0.99742985,0.9980353,0.9972267,0.99523866,0.99417,0.9978467,0.99725175,0.9971988,0.99705696,0.994429,0.99784136,0.99547726,0.9983668,0.9973404,0.9963078,0.99819434,0.9904685,0.9982079,0.9971848,0.99772346,0.9966027,0.9987186,0.9956696,0.9979356,0.9980112,0.9976757,0.9980236,0.99784696,0.9974862,0.9967943,0.99740857,0.995759,0.9963339,0.9964479,0.99650776,0.9935824,0.9965569,0.99782383,0.9978635,0.9979105,0.99586874,0.9978886,0.99796015,0.9979538,0.9975524,0.9978275,0.99826086,0.9978783,0.998378,0.99596417,0.996353,0.997607,0.99816334,0.9957192,0.99794984,0.9973148,0.9972099,0.9980895,0.99271727,0.996141,0.99539006,0.996906,0.99672943,0.9976239,0.9969325,0.9956732,0.9951611,0.9973314,0.9891789,0.99690443,0.99774885,0.9984508,0.99675524,0.99730647,0.9965406,0.9949982,0.99816394,0.99813884,0.9975919,0.9911283,0.99605757,0.9973797,0.9972505,0.9976398,0.99763197,0.9978911,0.99562055,0.99751604,0.9973696,0.9980453,0.9964234,0.9973977,0.9965834,0.9980409,0.9960799,0.9970624,0.99764323,0.9961988,0.99861073,0.99245584,0.9970301,0.9979192,0.9980002,0.99544245,0.9981194,0.9966465,0.99705935,0.9970573,0.9978997,0.99575394,0.9975672,0.99802876,0.99501294,0.996772,0.9944446,0.99587345,0.9978447,0.9973261,0.9970665,0.9972026,0.993346,0.9985845,0.99611026,0.9970087,0.99827653,0.9973111,0.99735725,0.9973321,0.997644,0.9957993,0.99748015,0.99671346,0.99822015,0.9969296,0.9967599,0.99757147,0.9930337,0.9911094,0.9955762
ipip157,0.99769753,0.9968605,0.99726635,0.9967937,0.9977798,0.99679375,0.9979204,0.9970439,0.9982603,0.99681246,0.99701244,0.9979828,0.99726915,0.9969627,0.99655885,0.9975169,0.99774337,0.99689454,0.9978512,0.9975227,0.9980137,0.99737406,0.99836457,0.9979593,0.9969764,0.9974592,0.99680007,0.9980768,0.9972831,0.99768776,0.9977175,0.9978755,0.99704117,0.9975776,0.997695,0.99796927,0.99760634,0.99777836,0.99757665,0.99757797,0.99729806,0.99788237,0.99756724,0.9966652,0.99684936,0.99789,0.9973832,0.99656063,0.9976385,0.9970586,0.9972341,0.9925372,0.9980953,0.9966416,0.99630225,0.997651,0.9961256,0.99673223,0.9974175,0.9980752,0.99767387,0.9975071,0.99791926,0.997454,0.99730283,0.9973462,0.9976401,0.9978519,0.99777645,0.9967095,0.9980945,0.9985041,0.9958657,0.9975312,0.99706155,0.9920234,0.99654084,0.9977516,0.99776906,0.99809337,0.99776876,0.99785477,0.9965035,0.99765736,0.9976647,0.9978308,0.997403,0.99675995,0.99641716,0.99749875,0.9973557,0.99781704,0.9973766,0.99506104,0.9950411,0.99558634,0.99784416,0.99731356,0.9955858,0.99523425,0.9972111,0.99817926,0.9974743,0.99775064,0.99791783,0.9958143,0.9977881,0.99687046,0.9978724,0.99758387,0.99817896,0.9957748,0.9976411,0.9969852,0.9978095,0.9978254,0.9975082,0.99786794,0.9976962,0.9975033,0.9979432,0.9973527,0.99835306,0.9981737,0.99758613,0.99730384,0.99800575,0.9982823,0.9976128,0.9972527,0.99819976,0.99309134,0.9975294,0.99624807,0.99765337,0.9999988,0.998763,0.9983327,0.9983798,0.9981945,0.99785626,0.9981967,0.99709857,0.99801844,0.99773175,0.99610037,0.99785036,0.99777484,0.99679965,0.9978701,0.9982959,0.9980311,0.9965492,0.99557203,0.9975335,0.99847865,0.9984415,0.99792653,0.99568087,0.9975233,0.9969123,0.9988173,0.9974442,0.99711823,0.9979021,0.9915368,0.9982917,0.9974553,0.99765927,0.996928,0.9980883,0.99637705,0.9973919,0.99783546,0.99812865,0.99811083,0.99775887,0.9976969,0.997418,0.99777824,0.9967148,0.9974813,0.99777967,0.997553,0.99471647,0.99724466,0.9978846,0.9979416,0.997979,0.9971055,0.99795145,0.9981746,0.99811506,0.99808383,0.9979789,0.998156,0.9982487,0.9982362,0.9970981,0.9973208,0.9976481,0.99793255,0.9967804,0.99822587,0.9982493,0.9977398,0.9983394,0.9946123,0.9973877,0.9967789,0.9981718,0.9967463,0.9980672,0.9979802,0.99687946,0.9966413,0.99802464,0.991366,0.99737835,0.9978863,0.99849004,0.997332,0.9975322,0.99759424,0.9963611,0.9980673,0.99786866,0.9978922,0.9937371,0.996637,0.9977154,0.9977588,0.997909,0.99801576,0.99780667,0.99669206,0.9976125,0.99738765,0.9981911,0.9978333,0.99792176,0.9975817,0.9979943,0.99712354,0.9978106,0.99797523,0.9970728,0.998237,0.9937476,0.99764353,0.99833965,0.99833846,0.9966344,0.99834454,0.9973769,0.99744004,0.9973177,0.9980351,0.9968603,0.9982942,0.9982103,0.99665344,0.997454,0.99560034,0.99685895,0.9985957,0.99798644,0.9976149,0.99801016,0.9962765,0.99825186,0.99723756,0.997884,0.9982414,0.9980995,0.9979566,0.99785197,0.99772507,0.9967871,0.997879,0.99765354,0.9981801,0.9973924,0.99754953,0.9979749,0.99453557,0.9928057,0.996459
ipip187,0.9971152,0.9968264,0.9968422,0.9966734,0.9974556,0.9969062,0.99726653,0.9968245,0.9979033,0.99668366,0.9969344,0.9973852,0.9970327,0.99671465,0.99671966,0.9972174,0.99751604,0.99681175,0.9973849,0.9971592,0.99772525,0.99709135,0.9979421,0.99796784,0.9971683,0.99701303,0.9965175,0.9977241,0.9971051,0.9972681,0.99740237,0.99749523,0.99686044,0.99742156,0.99709857,0.99759144,0.9971352,0.99727494,0.99738514,0.99724793,0.99672943,0.99725586,0.99707246,0.99613017,0.99681085,0.9974225,0.99723065,0.99646384,0.9971392,0.9969161,0.99691135,0.9925682,0.9973288,0.9962215,0.99647295,0.9968222,0.99595356,0.9963753,0.9972121,0.99774647,0.9971544,0.9970695,0.99736595,0.9974307,0.99712443,0.9974229,0.9971392,0.9976331,0.99762714,0.99672395,0.997431,0.9977978,0.99651426,0.99689394,0.9965226,0.9919373,0.99659675,0.99760383,0.9974835,0.9977984,0.9974091,0.99739534,0.99600565,0.99722755,0.99712414,0.9972851,0.9970103,0.9966529,0.9962587,0.9971223,0.9969971,0.99731505,0.99710226,0.9946865,0.99480337,0.99532413,0.9974847,0.9972814,0.9953339,0.995277,0.99701625,0.9978675,0.9971583,0.9977921,0.99751043,0.9959008,0.9972428,0.9975695,0.99767506,0.99694496,0.9974818,0.99528027,0.99702424,0.9965724,0.9972482,0.99724567,0.9970215,0.9973823,0.9971532,0.9971351,0.99740326,0.9968067,0.99764985,0.9973757,0.9971561,0.9973639,0.99730396,0.997607,0.9976207,0.9970027,0.99769163,0.99291205,0.9970441,0.9961249,0.99722964,0.998763,1.0000002,0.9977384,0.9975598,0.99793977,0.9974265,0.9978583,0.99705464,0.9981895,0.9974143,0.9959472,0.99754083,0.9975968,0.9962052,0.99734527,0.997982,0.99777246,0.9961778,0.9954083,0.99693197,0.9978003,0.9977845,0.9972564,0.9954478,0.9969139,0.99637693,0.9980919,0.9969588,0.9972203,0.99758595,0.99164265,0.99749666,0.997421,0.99725664,0.996333,0.9975271,0.9961187,0.9968111,0.99750704,0.99780554,0.99738604,0.9973897,0.99748325,0.997057,0.9973461,0.9964406,0.9972509,0.99735945,0.9973067,0.99463236,0.99655825,0.9973613,0.99742836,0.9974483,0.99687415,0.99747497,0.99759746,0.99754095,0.99778634,0.9975282,0.9974324,0.99767,0.99756676,0.9968291,0.9971635,0.997317,0.9975974,0.9967893,0.9975707,0.99766344,0.9977068,0.99791497,0.9952567,0.99714065,0.9967579,0.9974118,0.9963218,0.9977259,0.99730927,0.9967296,0.99682117,0.9973321,0.9915236,0.99697083,0.99749714,0.9978866,0.9966703,0.99700564,0.9975491,0.99586815,0.9975146,0.99717313,0.9975297,0.9940061,0.99681324,0.9972486,0.99721855,0.99742794,0.99775636,0.99725956,0.99633056,0.99743503,0.9969261,0.99762213,0.9973258,0.9972532,0.9970993,0.99730885,0.99708235,0.99728614,0.99772996,0.99682087,0.9975831,0.9933349,0.9969523,0.99781656,0.99774855,0.9961517,0.9977708,0.99680734,0.99682206,0.99696267,0.99782497,0.99629766,0.99800116,0.9975783,0.9964537,0.9969158,0.9951299,0.99674404,0.99747425,0.9973539,0.9976973,0.99744344,0.9951762,0.99754465,0.9969476,0.99747556,0.99751425,0.9977227,0.9973333,0.99731565,0.99748015,0.99641025,0.997302,0.9976681,0.99750644,0.9971762,0.9976104,0.9972474,0.9948296,0.99284357,0.9964281
ipip217,0.9974032,0.9968519,0.9971487,0.9965891,0.99760145,0.99672633,0.9979142,0.9972573,0.9982175,0.99675596,0.99712884,0.99761266,0.9970992,0.99667627,0.99676245,0.99720424,0.9976795,0.99661285,0.9976014,0.99763674,0.9978147,0.9971388,0.9980435,0.9979177,0.99707514,0.99738955,0.99686396,0.99802274,0.9970758,0.99764514,0.9971584,0.99849075,0.9971755,0.99746066,0.9975261,0.9979206,0.9975837,0.99770766,0.997367,0.9975033,0.9974274,0.99813205,0.9971681,0.9965703,0.99648756,0.99760973,0.997361,0.99680424,0.9973809,0.9967608,0.99723476,0.9926649,0.9979071,0.9967731,0.9968955,0.9977886,0.995823,0.99698573,0.9968127,0.9984244,0.9974548,0.9973226,0.99771285,0.997208,0.99722683,0.99721175,0.9976914,0.99841845,0.99771005,0.99756056,0.99781,0.99816436,0.99531883,0.9974285,0.99681026,0.9922703,0.99667907,0.9975453,0.99819964,0.9982291,0.99749655,0.9974804,0.99633646,0.99734217,0.9973052,0.99766934,0.9972532,0.9967771,0.9964273,0.9974368,0.9969762,0.9975663,0.997328,0.9948475,0.9950772,0.99537927,0.9974915,0.9975254,0.99537706,0.9954051,0.997156,0.9976562,0.9972059,0.9975381,0.9975972,0.9959449,0.9975628,0.99668926,0.9980618,0.9974357,0.99803144,0.9952078,0.997051,0.99692136,0.997718,0.9972882,0.99742335,0.9978144,0.99741846,0.99759275,0.9978362,0.9971913,0.9982341,0.9978403,0.9975018,0.99716204,0.9981632,0.9984658,0.9979133,0.9971302,0.9986179,0.9939287,0.9972648,0.9961077,0.99790275,0.9983327,0.9977384,0.9999984,0.998635,0.9977363,0.9974465,0.9978102,0.99711907,0.99766546,0.9973191,0.9959611,0.99763924,0.9976719,0.9976216,0.9975992,0.9980713,0.99778706,0.9964076,0.9956239,0.9971814,0.99776906,0.99779063,0.9976142,0.9951525,0.9971884,0.9971454,0.99823874,0.9972725,0.99679667,0.99763125,0.99227196,0.9986949,0.9975623,0.9975089,0.9966254,0.99791366,0.9963615,0.9970829,0.9976359,0.9980891,0.9980141,0.9977963,0.9977422,0.9976766,0.9979136,0.9967246,0.9977088,0.99743354,0.9979356,0.995712,0.9971894,0.99775976,0.9978805,0.9979124,0.9971078,0.9977737,0.9981579,0.99805355,0.9980646,0.997565,0.99802196,0.9980194,0.99813235,0.9970007,0.99756825,0.99784034,0.99778503,0.99705315,0.9981181,0.9977778,0.9974004,0.9981484,0.99493927,0.99755687,0.9970369,0.99785006,0.99671704,0.9980473,0.9978834,0.99774045,0.99625266,0.99791527,0.9923375,0.99723405,0.99778914,0.9982259,0.9973877,0.99745756,0.99747944,0.9963623,0.99799246,0.9977515,0.9982687,0.99408185,0.99689394,0.99795765,0.9974214,0.99784374,0.9977966,0.9976901,0.9968761,0.9975105,0.9974521,0.997869,0.9972564,0.9973717,0.9972606,0.99788713,0.9976663,0.99786,0.99807274,0.9969075,0.9981576,0.9940754,0.9975225,0.9988146,0.9987397,0.9978452,0.9992029,0.9983417,0.9973329,0.9973629,0.99791265,0.99651885,0.9978299,0.99816334,0.9968689,0.99763334,0.9960104,0.9976561,0.99815005,0.99801433,0.9975066,0.9976811,0.9952668,0.99834466,0.99821556,0.9975448,0.9985403,0.997941,0.9978298,0.9978424,0.99767774,0.99679595,0.9975629,0.9979153,0.99834067,0.9977875,0.9978961,0.9983482,0.99474573,0.99333906,0.9963653
ipip247,0.99880713,0.99619114,0.9977492,0.99595493,0.99805295,0.9964883,0.9990807,0.99709845,0.99843395,0.9959122,0.996701,0.9983695,0.99661976,0.9963925,0.9959646,0.99784046,0.99812865,0.9961596,0.9982122,0.99811625,0.99811244,0.9977293,0.99814,0.9980703,0.9967756,0.9979372,0.9956285,0.9982033,0.9973969,0.99760747,0.9979098,0.9981074,0.997406,0.9980152,0.9988781,0.9980409,0.99844843,0.9988995,0.99809587,0.99796176,0.99648046,0.9981555,0.99681145,0.9966819,0.9951395,0.99796844,0.99653435,0.9963459,0.99762684,0.99659956,0.9972559,0.9900604,0.9982056,0.99643064,0.9950479,0.99671346,0.9958239,0.9957884,0.996136,0.99807024,0.9984076,0.9975153,0.99853814,0.99729794,0.99732256,0.9967291,0.9985931,0.9983626,0.9980294,0.99631923,0.99896336,0.99806356,0.99432296,0.9973507,0.9962565,0.99004316,0.9960709,0.9980398,0.99704814,0.9978085,0.99751884,0.99861133,0.9964559,0.99854857,0.99780077,0.9990008,0.9982945,0.996358,0.99587095,0.99805915,0.9972897,0.998777,0.9979749,0.99434227,0.9940171,0.9944813,0.9988539,0.99628025,0.9949704,0.9938835,0.9971501,0.9985799,0.99770623,0.99773777,0.998057,0.9942075,0.9983938,0.9962522,0.99807346,0.99884623,0.99949706,0.9957814,0.9972075,0.99707705,0.99865675,0.99674445,0.9984506,0.99854976,0.9985327,0.99729794,0.99856925,0.9973432,0.99839365,0.99825513,0.9984268,0.99687517,0.9975371,0.99896425,0.99667674,0.99732196,0.99880606,0.9917889,0.9961835,0.99515074,0.9984457,0.9983798,0.9975598,0.998635,0.99999905,0.9990208,0.99889195,0.9980498,0.9968416,0.99791116,0.9979054,0.99527735,0.99837154,0.99806684,0.9955102,0.9981953,0.99868965,0.99781173,0.99539447,0.9944843,0.99865,0.9974637,0.9973919,0.99700785,0.9948663,0.9987073,0.99544454,0.99874955,0.99783176,0.9964781,0.9990119,0.99025005,0.9988511,0.99729776,0.9978838,0.9968534,0.9989493,0.9959044,0.99851096,0.9981343,0.9981555,0.99869883,0.99849087,0.99804723,0.9974107,0.9980057,0.99609,0.9967908,0.9969358,0.99693817,0.993747,0.9970022,0.99848956,0.99859196,0.99859434,0.99631095,0.9985431,0.99869287,0.99865943,0.99822515,0.9986324,0.99910975,0.99846715,0.9990919,0.9964376,0.996636,0.9980033,0.99883896,0.99582726,0.99862045,0.99795806,0.9971599,0.99886453,0.99283916,0.99661654,0.9959717,0.99754095,0.99740076,0.99828625,0.9975991,0.99606717,0.9955634,0.9979514,0.9888833,0.99738777,0.9982421,0.99857163,0.9973828,0.9979238,0.99696463,0.99562573,0.99876595,0.9989689,0.998122,0.99129266,0.9963945,0.9979466,0.9979977,0.99824965,0.9982079,0.9986185,0.9960738,0.9977911,0.9972159,0.99805266,0.99639195,0.99775016,0.9969694,0.99865544,0.9964723,0.99761343,0.99813807,0.9961929,0.9989398,0.9924048,0.9968836,0.9984344,0.99842143,0.9956655,0.9985687,0.9967195,0.9975302,0.9976004,0.99801844,0.9957308,0.9980691,0.9986761,0.99536544,0.9971898,0.9946704,0.9959618,0.9983176,0.99723303,0.99715495,0.9971429,0.9936513,0.999252,0.9962916,0.9975634,0.9988475,0.9978552,0.99732727,0.9971566,0.99802804,0.99634784,0.99765456,0.99711686,0.9990429,0.9972465,0.99708587,0.9984241,0.99303395,0.9908287,0.9957236
ipip277,0.99864,0.99615264,0.997593,0.99582547,0.9979901,0.99654865,0.9986949,0.99690884,0.9979807,0.9957133,0.9963207,0.99801284,0.9962361,0.996192,0.9955377,0.9975545,0.9978721,0.9961248,0.99788034,0.99774367,0.99793154,0.99759084,0.9978836,0.997975,0.99685097,0.9976688,0.9952706,0.99787915,0.9970709,0.9973065,0.9978918,0.99739546,0.99701756,0.9980493,0.99860704,0.99786,0.9981288,0.99865067,0.99783283,0.9978157,0.99581856,0.99758214,0.9966715,0.9963335,0.9949795,0.9978984,0.9964047,0.9962918,0.9974854,0.99637,0.99720144,0.98983485,0.99792343,0.99608713,0.9946418,0.9961495,0.99577665,0.9951954,0.996003,0.9976849,0.99824536,0.99731195,0.99834263,0.99736345,0.9972835,0.9965834,0.99825805,0.99817723,0.99805,0.9960594,0.9989396,0.99781275,0.9947152,0.9973335,0.9960095,0.9896061,0.99578625,0.997726,0.99659675,0.99761045,0.9971824,0.99834585,0.9960469,0.9984627,0.9977586,0.9987169,0.99801916,0.99596906,0.9956106,0.99788153,0.99711895,0.99864304,0.9977685,0.9941734,0.99371547,0.99427086,0.9990959,0.9960849,0.99469316,0.993681,0.99679786,0.99849,0.9974279,0.99760014,0.997856,0.99409574,0.9980809,0.9964797,0.997802,0.9985039,0.99887514,0.995706,0.99696016,0.99677706,0.99834216,0.996443,0.9981004,0.99832404,0.99839664,0.9969049,0.99819833,0.9969961,0.9978159,0.9978661,0.99822754,0.99672997,0.9968107,0.9980543,0.9963906,0.9968411,0.998406,0.9910681,0.99586695,0.9947791,0.9981368,0.9981945,0.99793977,0.9977363,0.9990208,0.9999992,0.9988427,0.99786615,0.9965468,0.9983209,0.9977835,0.99510294,0.99824065,0.99816734,0.99459034,0.99793327,0.9984938,0.9975545,0.99518925,0.99413115,0.99857,0.9973211,0.9971578,0.9970243,0.9947733,0.9986067,0.9949845,0.9985522,0.9975872,0.9963672,0.99939597,0.9894564,0.9985449,0.99715424,0.99795395,0.9965941,0.99884355,0.9958038,0.99845093,0.99794906,0.9980148,0.99835056,0.9981978,0.9979897,0.996761,0.9975986,0.99574715,0.99640685,0.9968934,0.9966441,0.9932527,0.9965334,0.99817735,0.99825776,0.9982494,0.9960225,0.9983044,0.99836,0.9983702,0.9980013,0.99852866,0.99878365,0.9982773,0.9987865,0.99616176,0.996371,0.9977447,0.9988609,0.99581796,0.9984299,0.99780494,0.9972412,0.99855846,0.99251884,0.9962578,0.9953477,0.99709857,0.9971352,0.99803567,0.9971825,0.995477,0.99545115,0.9974701,0.9883802,0.9971405,0.99790096,0.99828714,0.9968181,0.99759954,0.99670005,0.99511755,0.9984233,0.998619,0.99766743,0.9909123,0.9962549,0.99746597,0.9978855,0.9979972,0.99801815,0.99839705,0.9960462,0.9978201,0.9970581,0.99786097,0.9963054,0.9975737,0.9969398,0.9984468,0.99632174,0.9973891,0.99792767,0.9961274,0.9988105,0.9923025,0.9968415,0.99803567,0.9980605,0.99486196,0.9980242,0.99613,0.9972792,0.9973814,0.99789464,0.99564767,0.99801594,0.9984125,0.9949586,0.99688643,0.9943364,0.99550414,0.99793446,0.9967914,0.9971372,0.99679136,0.9931805,0.9988472,0.99565053,0.9973216,0.9982925,0.99753124,0.9970154,0.9969282,0.998009,0.9959314,0.9975465,0.996995,0.99853224,0.9969842,0.99700886,0.9977391,0.9932121,0.99038005,0.9956204
ipip12,0.99882096,0.9960088,0.9977487,0.99571776,0.9979548,0.99665385,0.99878144,0.9967217,0.99796176,0.9955502,0.9964146,0.9982815,0.9963572,0.9962501,0.9957623,0.9978347,0.99809825,0.99622005,0.9984946,0.99780124,0.99805695,0.9977273,0.997868,0.99794406,0.99695504,0.9978381,0.9951046,0.99796855,0.9972769,0.9979063,0.9979803,0.9974423,0.99711394,0.9982029,0.9987297,0.99777657,0.99832064,0.99876356,0.9981456,0.99808353,0.9958635,0.99765164,0.9966451,0.9964676,0.9950225,0.99806273,0.9965569,0.9963314,0.9975876,0.9967238,0.99704653,0.9894445,0.99777937,0.9958808,0.99436796,0.9959766,0.9957785,0.9950516,0.9960616,0.9977125,0.9985848,0.997652,0.9987201,0.99756455,0.9975415,0.9969103,0.99847424,0.998334,0.9981439,0.9961477,0.99890083,0.99774605,0.9943225,0.9969374,0.99622655,0.9894466,0.99577564,0.9979052,0.9963764,0.9974442,0.9973043,0.9986185,0.9963985,0.99875015,0.9978268,0.99896705,0.99825823,0.9961801,0.9958762,0.99806905,0.9974856,0.99895513,0.9981522,0.99463284,0.9940409,0.99446607,0.99894446,0.9960293,0.99499345,0.9936899,0.997135,0.99874485,0.9979437,0.9980633,0.99833244,0.9939292,0.9982389,0.996414,0.99794894,0.9987047,0.9989645,0.99593383,0.99718016,0.9971071,0.9985996,0.99659836,0.9984133,0.99853426,0.99867874,0.9969622,0.9983974,0.9971181,0.9979167,0.99811304,0.99832916,0.9967376,0.9966206,0.9979504,0.99624413,0.99688834,0.9983722,0.99112016,0.99581146,0.994997,0.9980721,0.99785626,0.9974265,0.9974465,0.99889195,0.9988427,1.0000002,0.99821526,0.9967806,0.99791175,0.9991533,0.9953198,0.99840146,0.9981755,0.994511,0.9981195,0.9986157,0.9977918,0.99536264,0.9945913,0.99877703,0.99756813,0.9974943,0.99659485,0.99509555,0.998757,0.9946118,0.9985701,0.99786806,0.9964492,0.9989292,0.98951864,0.9980779,0.9973204,0.9978577,0.996731,0.99892265,0.9959733,0.9985949,0.9980594,0.9979994,0.9984363,0.9982661,0.99793655,0.9967207,0.99763364,0.9959148,0.99636155,0.9967401,0.9964486,0.99330324,0.9966878,0.99832535,0.99840015,0.99836415,0.99591064,0.9985091,0.9984071,0.99844277,0.99802935,0.99872243,0.9988823,0.99821335,0.99887013,0.99613506,0.99640906,0.99765134,0.99886525,0.9956373,0.9983721,0.9979066,0.9973857,0.9985952,0.99262065,0.99615103,0.9952416,0.9970686,0.9972923,0.9981501,0.9972854,0.9953063,0.99577594,0.9975685,0.9884008,0.99735874,0.9981499,0.9983205,0.9969479,0.9975239,0.99689627,0.9953679,0.99860966,0.9986949,0.9977803,0.9909331,0.9965204,0.997477,0.9978942,0.9983111,0.9982982,0.99860346,0.9956692,0.9978262,0.99681824,0.9977617,0.9959447,0.99766356,0.99676806,0.998392,0.9962974,0.99720305,0.9979375,0.99593437,0.9987796,0.99166185,0.99631536,0.9980901,0.9980827,0.9947069,0.9980512,0.9961002,0.9972749,0.9973263,0.99796885,0.9954877,0.9980208,0.9983931,0.99487084,0.9966982,0.99392956,0.9953883,0.9976684,0.99658173,0.9970498,0.99691117,0.9930373,0.99891764,0.9956532,0.99732137,0.9982798,0.99759585,0.9969758,0.99674433,0.9981249,0.99638456,0.99745536,0.99680763,0.99835813,0.9968768,0.9968448,0.9975758,0.9929351,0.9902285,0.99550706
ipip42,0.9978862,0.99717635,0.99749136,0.9967385,0.99773806,0.9966974,0.9978582,0.9971994,0.99808365,0.99664825,0.99699885,0.99793124,0.9976168,0.9972334,0.9967563,0.9977177,0.9979941,0.9971659,0.99817514,0.997886,0.99816954,0.9976443,0.99852604,0.9980811,0.9972433,0.997769,0.996419,0.9980976,0.99741113,0.9976719,0.99754685,0.9975996,0.99690306,0.9976493,0.9979192,0.99764574,0.9979272,0.99801093,0.99786633,0.99768746,0.9965651,0.9975402,0.9973052,0.99660355,0.9965748,0.997794,0.99732393,0.9967798,0.9977531,0.9971448,0.9970592,0.9922154,0.9978857,0.996766,0.99594134,0.99727964,0.99587345,0.99689,0.9970462,0.99790925,0.99798393,0.9978107,0.9982906,0.99737096,0.9976538,0.99761426,0.99781406,0.99786115,0.997864,0.9967865,0.99788886,0.99821615,0.995255,0.99707663,0.9971684,0.99175245,0.99657416,0.9977473,0.9971703,0.99758375,0.99847245,0.99791855,0.9966071,0.99788195,0.9978058,0.99802446,0.99757797,0.9974057,0.9966112,0.99764395,0.9973383,0.99816984,0.997762,0.9953147,0.99545956,0.99609834,0.9977535,0.99718344,0.99567145,0.9955264,0.99744946,0.99805194,0.9978273,0.9979124,0.9983393,0.9957725,0.9977337,0.99718165,0.9982132,0.99767077,0.99810153,0.9957426,0.9975116,0.9971477,0.99797344,0.99760836,0.9976648,0.9980114,0.997889,0.99753284,0.9981861,0.997412,0.9979286,0.99818635,0.99797827,0.9972719,0.997511,0.998034,0.99716395,0.99733233,0.998061,0.9938601,0.9973202,0.9967955,0.9975252,0.9981967,0.9978583,0.9978102,0.9980498,0.99786615,0.99821526,0.9999977,0.99769413,0.99874926,0.9981836,0.9970164,0.9978401,0.9977641,0.99614596,0.9978656,0.9981978,0.9978621,0.99680036,0.9959169,0.99759,0.9979345,0.9979875,0.9972598,0.9955954,0.99747384,0.99645305,0.9983244,0.9975605,0.9971092,0.9978985,0.99112046,0.99773735,0.9975439,0.997681,0.99693835,0.9979448,0.99644417,0.9973416,0.9979752,0.9977558,0.99798375,0.9978547,0.9975937,0.99708414,0.9977616,0.9966071,0.99705154,0.99735314,0.9971123,0.9946135,0.99727803,0.997832,0.9978666,0.99789464,0.99680394,0.9979623,0.99799603,0.997942,0.9977712,0.9979425,0.9980358,0.99797624,0.99788487,0.9966437,0.9972474,0.9976326,0.9978292,0.99685127,0.99790496,0.9976075,0.99739623,0.99821573,0.9946085,0.9976219,0.99660224,0.9974617,0.9968191,0.99776596,0.99742293,0.9965617,0.99675316,0.9978516,0.99150646,0.997549,0.9979291,0.9982173,0.9971769,0.99759287,0.9977654,0.9960776,0.99795383,0.9977787,0.997866,0.9937239,0.9967039,0.9975875,0.99743277,0.9979112,0.99806005,0.99797106,0.9963426,0.99763703,0.99720186,0.9979119,0.997114,0.9977427,0.9975855,0.9978906,0.9970038,0.9974586,0.99811083,0.9969186,0.9980549,0.99344563,0.9970573,0.9981061,0.99801326,0.9963092,0.99805486,0.99716747,0.9974195,0.99753374,0.9981179,0.9967564,0.998809,0.99799967,0.99620765,0.9973013,0.99538803,0.99672973,0.99772745,0.997717,0.997549,0.9979621,0.9950036,0.99795973,0.99667877,0.9975905,0.99794614,0.9977845,0.997825,0.9976995,0.99779963,0.9967903,0.9977237,0.9972496,0.9979717,0.99754244,0.9972254,0.99785197,0.9942931,0.9927515,0.9964244
ipip72,0.99676985,0.99691343,0.99703634,0.9963707,0.99689806,0.99625003,0.9968332,0.9966814,0.99738675,0.9962786,0.9966505,0.9969206,0.9971063,0.99700034,0.99678504,0.99694926,0.99739105,0.99664974,0.99739635,0.99718493,0.99751556,0.9967846,0.9974879,0.9972704,0.9967892,0.9968908,0.9962807,0.9976068,0.99670666,0.99709135,0.99695534,0.9974457,0.99639803,0.9968382,0.99694425,0.9968387,0.99717224,0.9971048,0.9971512,0.9965649,0.9960699,0.99752396,0.9963664,0.9961322,0.9962653,0.99701226,0.9967736,0.9967316,0.99699694,0.99640846,0.9963449,0.9926026,0.9967892,0.9964123,0.996278,0.9966625,0.9954968,0.99630743,0.9966026,0.99756956,0.99707663,0.9970568,0.9972709,0.99670357,0.9969648,0.9976652,0.99684507,0.9971517,0.9969859,0.9965278,0.99653894,0.9970767,0.99500674,0.9959828,0.99686754,0.9920331,0.995906,0.9968829,0.99689394,0.9969225,0.99692464,0.9968248,0.99585694,0.99698424,0.99694556,0.9968283,0.9965368,0.99801934,0.99669015,0.99678564,0.99650896,0.9968084,0.9970451,0.99492776,0.9955572,0.99524736,0.9965176,0.9965216,0.99558246,0.99516463,0.9971616,0.996873,0.99703735,0.9970984,0.99730396,0.9955032,0.99685055,0.99666834,0.9974292,0.9966065,0.9969339,0.9950675,0.9965347,0.9969232,0.997029,0.9970055,0.99682033,0.9975367,0.99706364,0.99679023,0.997359,0.99706936,0.9975361,0.99759847,0.99717414,0.99688387,0.9969646,0.99728644,0.9968826,0.9967955,0.9970223,0.99457425,0.9964523,0.99680865,0.9965551,0.99709857,0.99705464,0.99711907,0.9968416,0.9965468,0.9967806,0.99769413,1.0000012,0.9977188,0.99716496,0.996315,0.99680024,0.9970362,0.99582404,0.99691683,0.99703443,0.99690145,0.9963051,0.99625,0.9965556,0.996956,0.9970128,0.99624664,0.9953781,0.9963415,0.99584484,0.9972973,0.9969,0.9971712,0.9966823,0.99174476,0.9968326,0.99682295,0.9968283,0.9964845,0.99677145,0.995988,0.9963308,0.9970986,0.99700433,0.9970994,0.99705845,0.9966796,0.9966765,0.9969029,0.99635875,0.996894,0.996716,0.9968031,0.9949621,0.9968081,0.9968822,0.99692136,0.99698955,0.99618906,0.996938,0.9969758,0.9969442,0.99700844,0.9968232,0.9969378,0.9968479,0.9968486,0.99607253,0.9966323,0.99662435,0.9967054,0.9959636,0.996866,0.9970492,0.9967375,0.99724644,0.9950069,0.9970933,0.9963057,0.9969562,0.9961431,0.9970429,0.9971431,0.9965285,0.996753,0.99706703,0.9927141,0.9974418,0.99703604,0.9972166,0.9963102,0.9969753,0.99729896,0.9957883,0.99689317,0.99665755,0.9969957,0.99391747,0.99668235,0.99666727,0.9965541,0.9975154,0.9974243,0.9969316,0.99604017,0.99674284,0.996496,0.996956,0.99646074,0.9969363,0.9968587,0.99683505,0.9964688,0.9968103,0.99748915,0.9961105,0.9969169,0.99391484,0.9961623,0.9972656,0.99722064,0.9959255,0.99731326,0.9968034,0.9965125,0.99707365,0.997158,0.99606854,0.99735695,0.99700516,0.9960173,0.9966406,0.99486357,0.9966911,0.9966771,0.99682397,0.997039,0.9969903,0.9947265,0.9969178,0.9963997,0.99665403,0.99716324,0.9970679,0.9969014,0.9968578,0.9968316,0.99691147,0.9971663,0.99682367,0.9971745,0.9968942,0.9969718,0.9970638,0.9941133,0.9928996,0.99564904
ipip102,0.99785954,0.9973457,0.99752915,0.9968806,0.9978664,0.99680424,0.9979214,0.9977223,0.99828213,0.99690354,0.99700147,0.9976257,0.9975606,0.9972888,0.9966046,0.9975997,0.9979622,0.99731433,0.9980462,0.9979079,0.99802125,0.9978571,0.9983561,0.998434,0.99721223,0.99763983,0.99682564,0.99804103,0.99719906,0.9974805,0.99764127,0.99751073,0.99688655,0.9977222,0.99797547,0.9976015,0.99769694,0.99807346,0.99767053,0.9976335,0.996403,0.99751616,0.9972698,0.99638313,0.99671006,0.9978893,0.9974383,0.9967586,0.99781793,0.99686,0.99731225,0.9926324,0.9979355,0.9970584,0.9963141,0.99706227,0.9960759,0.9964617,0.9971296,0.9977942,0.9976684,0.99750996,0.9979478,0.9974557,0.9973899,0.9973313,0.9977937,0.9978103,0.99788034,0.99694574,0.99774504,0.9978242,0.99556077,0.99696183,0.99672204,0.99125993,0.9962609,0.99746346,0.9972303,0.997669,0.99767977,0.9976516,0.9962182,0.9976618,0.99759716,0.9977812,0.99731714,0.99705946,0.9963489,0.9977421,0.9970936,0.9977923,0.99758184,0.99510515,0.99491477,0.9957847,0.99791116,0.9973177,0.99514973,0.9951934,0.99697524,0.9979251,0.9973725,0.997643,0.9979103,0.9955376,0.99758387,0.99741,0.9979841,0.99759275,0.9979876,0.99579394,0.997234,0.9969229,0.9977994,0.9973489,0.9975013,0.9977012,0.997756,0.9972169,0.9979515,0.99723923,0.997767,0.9979006,0.9978793,0.9972078,0.99739444,0.99797106,0.9973429,0.997197,0.99795103,0.9933314,0.996928,0.99663335,0.9975003,0.99801844,0.9981895,0.99766546,0.99791116,0.9983209,0.99791175,0.99874926,0.9977188,1.0000008,0.9978479,0.9965955,0.997638,0.9977581,0.99591756,0.99779814,0.9979972,0.99758786,0.99616826,0.9953271,0.9975185,0.9974936,0.997551,0.9971329,0.9953202,0.99740523,0.9961747,0.99822044,0.9973196,0.99707574,0.99838936,0.9910494,0.99776685,0.9973357,0.9977467,0.9966489,0.997889,0.9962557,0.9972569,0.9979993,0.99787474,0.99781984,0.99793005,0.99790627,0.99719745,0.99755377,0.9963263,0.9971229,0.9971089,0.9972858,0.9946125,0.99709934,0.9976632,0.9977519,0.9977516,0.9966899,0.9977647,0.9978489,0.99777555,0.9977792,0.99766934,0.9978581,0.99784553,0.9979083,0.9965348,0.9973405,0.9977078,0.9979201,0.99691653,0.9978374,0.9975921,0.9975298,0.9982038,0.99483,0.9975102,0.99676055,0.9973292,0.9967416,0.9977574,0.9973698,0.99664074,0.9965746,0.99753237,0.9909828,0.99725455,0.99755853,0.99806327,0.9969662,0.99762523,0.9977313,0.99582475,0.9978104,0.99764985,0.9978415,0.99361163,0.9966539,0.9974796,0.99737525,0.99773437,0.9978784,0.9979504,0.9963542,0.99768704,0.99722487,0.99767816,0.99688774,0.99769306,0.9974301,0.9976658,0.99687403,0.9972897,0.99810356,0.99710876,0.9980462,0.9936332,0.9971337,0.99786633,0.9978178,0.99598336,0.99780166,0.996917,0.9974317,0.99767226,0.99832684,0.99673873,0.9984034,0.9979092,0.9965184,0.99725306,0.99544936,0.9967626,0.9976532,0.99748546,0.997871,0.997505,0.9947528,0.99796057,0.9966503,0.9975996,0.99788076,0.9978359,0.9976018,0.9975945,0.9978322,0.99645424,0.99767715,0.99752116,0.99801683,0.9975992,0.99754363,0.99771124,0.99473286,0.992997,0.9966231
ipip132,0.99788755,0.9964433,0.99751467,0.9961628,0.99752975,0.9967996,0.99782914,0.9968794,0.9977029,0.99609953,0.99650586,0.9979518,0.99678123,0.996746,0.996489,0.99752194,0.997876,0.9967322,0.9982944,0.99761057,0.9978634,0.9975286,0.9976327,0.9977552,0.9970417,0.9974726,0.99587286,0.9978025,0.9973125,0.9980552,0.99745613,0.99725837,0.99652046,0.99764717,0.9977896,0.99736494,0.9976502,0.9978024,0.9977657,0.99765205,0.9963061,0.9973245,0.9967622,0.9961197,0.9959106,0.9976641,0.99698967,0.9965658,0.9973749,0.9971685,0.9968155,0.9912299,0.9974861,0.9961801,0.9952331,0.99640256,0.99576646,0.9958307,0.99667805,0.99749124,0.9979836,0.9975081,0.9984285,0.99747986,0.99740434,0.997467,0.9978349,0.9979261,0.99778277,0.9967225,0.99788374,0.99765366,0.9952084,0.99682504,0.99696535,0.99103814,0.9962218,0.9976471,0.9967615,0.99737847,0.997455,0.9979054,0.9964151,0.9979323,0.9975775,0.9980291,0.9975082,0.9966686,0.9963495,0.9976115,0.99744755,0.9979596,0.99782664,0.9953332,0.99492145,0.9953651,0.9978271,0.9964331,0.99531746,0.99484116,0.9973094,0.9979793,0.9978068,0.9979848,0.99823636,0.9949547,0.9976135,0.9965883,0.99778867,0.99773335,0.9980248,0.9959093,0.997357,0.9972632,0.99785453,0.9969798,0.9977897,0.9979566,0.9979606,0.9969226,0.9978417,0.99715966,0.9977866,0.9979399,0.9976575,0.99686044,0.9967906,0.9977382,0.99652255,0.99691945,0.99769247,0.9927002,0.99640673,0.99608475,0.9972422,0.99773175,0.9974143,0.9973191,0.9979054,0.9977835,0.9991533,0.9981836,0.99716496,0.9978479,0.99999905,0.9962355,0.9978302,0.99771947,0.99535996,0.99789566,0.99791837,0.9975761,0.9959603,0.9957599,0.99772596,0.9977641,0.99775785,0.9966234,0.9959649,0.99762744,0.9955255,0.9980118,0.9975316,0.99655855,0.99787426,0.99035084,0.9974504,0.9973935,0.9974552,0.99674946,0.9979289,0.99641204,0.9974262,0.9976331,0.9974948,0.9976844,0.9978835,0.9975909,0.9967939,0.99745935,0.9964695,0.9967572,0.99700624,0.9968143,0.9944396,0.99696314,0.99768174,0.9977386,0.9977469,0.99616426,0.9979439,0.9976836,0.99768114,0.99749655,0.9980834,0.9978106,0.9975694,0.9978717,0.9962643,0.99684244,0.997304,0.9978235,0.9962839,0.9976437,0.9977319,0.997241,0.9978974,0.99404836,0.9966208,0.99597895,0.9971169,0.996811,0.99757946,0.99742675,0.9960405,0.996408,0.99737614,0.99043196,0.99737346,0.9977118,0.99775314,0.99665713,0.99725676,0.99761635,0.9957191,0.997746,0.9977639,0.9978389,0.9930072,0.9965283,0.9973883,0.997542,0.9980353,0.9979614,0.99797636,0.99613476,0.99740934,0.99682486,0.9973153,0.9964135,0.99746853,0.9972366,0.9974859,0.9964938,0.9971083,0.9978487,0.9962832,0.99784845,0.99278027,0.99649566,0.99768174,0.9975798,0.99534535,0.99762374,0.9964164,0.9971189,0.99710745,0.9976783,0.9961353,0.997959,0.99768215,0.99572605,0.99681836,0.9946887,0.9959695,0.99740505,0.99683654,0.99710566,0.9971924,0.9944986,0.9980028,0.99622303,0.99732995,0.99769264,0.99765545,0.9971319,0.99687374,0.99762726,0.9969189,0.99741614,0.9968285,0.9976707,0.9969958,0.9968275,0.9973586,0.99388003,0.9920073,0.99586654
ipip162,0.995112,0.9962289,0.99556696,0.99540716,0.9955602,0.99531037,0.99513245,0.99605936,0.9962854,0.99552304,0.9954793,0.9958643,0.9961872,0.99648386,0.9957467,0.9958801,0.99591595,0.9959403,0.99614316,0.99626434,0.9961017,0.99627393,0.99603176,0.9960033,0.995362,0.99592227,0.9959067,0.99597776,0.99601525,0.99632436,0.99513286,0.99565166,0.9947608,0.99511796,0.99518496,0.99535197,0.99542713,0.995064,0.9958398,0.9953471,0.9957072,0.9956079,0.9953081,0.99487484,0.9957499,0.9954648,0.9957728,0.99517167,0.9957445,0.99576706,0.99534416,0.9932317,0.9959029,0.9958004,0.995567,0.996028,0.9945468,0.99596685,0.9962195,0.9961091,0.99521923,0.99555767,0.99565965,0.9955466,0.9955224,0.9959201,0.9954274,0.9954045,0.9954698,0.9957419,0.99468035,0.9957501,0.9944801,0.99499595,0.9960277,0.99194133,0.9954201,0.9957748,0.99598914,0.99574834,0.9961376,0.9951918,0.99476594,0.9951777,0.99569434,0.99519205,0.9949893,0.9966155,0.9956332,0.9955492,0.99600714,0.99504495,0.99552166,0.9945739,0.9947791,0.9952637,0.99485147,0.9959387,0.99451554,0.99482316,0.9958526,0.99543,0.9958964,0.9959649,0.99605066,0.9948882,0.9953125,0.9958222,0.9959549,0.99524415,0.99537975,0.9941376,0.9961687,0.99605197,0.9953455,0.99607015,0.99564976,0.995272,0.99564165,0.99579376,0.99545354,0.9959005,0.99587196,0.9960984,0.9953002,0.9954349,0.99601114,0.9960743,0.99576485,0.9959262,0.99538934,0.99313873,0.9958153,0.9961119,0.99485195,0.99610037,0.9959472,0.9959611,0.99527735,0.99510294,0.9953198,0.9970164,0.996315,0.9965955,0.9962355,1.0000004,0.9955223,0.9953613,0.9954138,0.99617285,0.9954956,0.9957942,0.99496686,0.99471354,0.99480593,0.99589485,0.99606633,0.9954302,0.9956699,0.99461967,0.9955232,0.99578613,0.9954713,0.9952726,0.99528325,0.99073,0.99529,0.9952819,0.9955398,0.9954534,0.9949023,0.995512,0.9944694,0.9954294,0.9954495,0.99551445,0.99543166,0.9959458,0.995387,0.99550694,0.99549174,0.9956235,0.9956411,0.9957772,0.9945383,0.9957241,0.9951816,0.99519026,0.99526983,0.9951271,0.99541795,0.9953261,0.9953084,0.995336,0.9952366,0.99509066,0.99539196,0.99498403,0.9950438,0.99576426,0.99527836,0.99498135,0.9958296,0.9953881,0.99548835,0.99540734,0.99562126,0.99475646,0.9962101,0.9959627,0.9955969,0.9948276,0.99547577,0.9957418,0.995713,0.99555045,0.9955581,0.9918089,0.99570507,0.99550515,0.9954449,0.9951267,0.9954811,0.995924,0.994911,0.9953331,0.99490815,0.99608684,0.9936293,0.994991,0.9955409,0.9954863,0.9953717,0.9956331,0.99568206,0.9951936,0.99513304,0.995409,0.99544424,0.9956586,0.995482,0.9959211,0.99519944,0.99539983,0.99589986,0.9957333,0.99536747,0.99493647,0.99351126,0.9952277,0.9956751,0.99551255,0.9951163,0.99563557,0.9956916,0.99521786,0.9957962,0.9956206,0.9952938,0.99599785,0.99541587,0.9953635,0.99569315,0.99453634,0.995746,0.99573666,0.9957759,0.99517626,0.9959476,0.99451697,0.99518365,0.99565274,0.9954963,0.99555844,0.9961347,0.995403,0.9955647,0.99513805,0.99496704,0.9952883,0.9954068,0.9955094,0.99543,0.99547136,0.9958788,0.9940433,0.99320054,0.9950898
ipip192,0.9980311,0.99639475,0.997357,0.9960714,0.9977605,0.9967623,0.99811035,0.9970585,0.99791944,0.99596316,0.9964456,0.99825335,0.99647236,0.99651814,0.99628145,0.9974311,0.9979075,0.99630356,0.99785984,0.997645,0.9977409,0.9975147,0.9977123,0.9978994,0.9972089,0.9975972,0.99560297,0.997744,0.9972501,0.99730605,0.9977155,0.9974225,0.9970231,0.99791557,0.9981022,0.9975894,0.9977288,0.99806905,0.9979922,0.9978547,0.9962278,0.99741966,0.9967247,0.9964296,0.995545,0.9977455,0.99674916,0.99657464,0.99724585,0.9968877,0.99708277,0.9905635,0.9974046,0.9960696,0.99517286,0.9964586,0.9960251,0.995774,0.9960586,0.9977241,0.99794847,0.9974993,0.9980649,0.99758184,0.9974595,0.99700624,0.9979912,0.9981748,0.99805737,0.99666846,0.9982162,0.99768156,0.99490964,0.99690175,0.99646735,0.99096656,0.9963269,0.9979855,0.99682766,0.99758387,0.9974911,0.998679,0.99619925,0.99818146,0.99771875,0.9983248,0.9978099,0.9963618,0.99622184,0.99781156,0.9972109,0.99821657,0.99760735,0.9946937,0.99448055,0.994702,0.99812555,0.9961512,0.99530655,0.994536,0.9969701,0.99843055,0.99747396,0.9978321,0.998075,0.9946914,0.99793243,0.99641573,0.99773335,0.99805194,0.9983913,0.99556935,0.9972786,0.99697834,0.9980179,0.99688655,0.99786496,0.99811083,0.99809414,0.99723065,0.99789494,0.9970072,0.9977664,0.99777156,0.9977009,0.9969708,0.9969856,0.9978099,0.99672246,0.99765986,0.997988,0.9920496,0.99623376,0.99552923,0.9976125,0.99785036,0.99754083,0.99763924,0.99837154,0.99824065,0.99840146,0.9978401,0.99680024,0.997638,0.9978302,0.9955223,1.0000002,0.99806374,0.99532264,0.99807096,0.9984629,0.9980905,0.99614453,0.99525005,0.9980721,0.99737424,0.9973557,0.9967388,0.9953889,0.99807835,0.99526906,0.99818873,0.99744636,0.9964224,0.9981546,0.99016273,0.9978396,0.99754506,0.9975469,0.9965332,0.9982377,0.99628514,0.9978325,0.9978319,0.9977895,0.99801713,0.9980185,0.9977639,0.9968349,0.9974382,0.9964481,0.99678797,0.99707836,0.9968497,0.9941266,0.9965735,0.99783784,0.9979503,0.99796134,0.9966401,0.9980561,0.9980462,0.9980438,0.99781716,0.9988263,0.9983169,0.998069,0.998243,0.99678093,0.996728,0.9975996,0.9981964,0.9958678,0.9980627,0.9976297,0.99734557,0.99823135,0.9936789,0.99648476,0.99566495,0.99723077,0.99713856,0.99790883,0.99732643,0.99581605,0.99585074,0.99754953,0.99024296,0.99737585,0.9979879,0.99803126,0.99692756,0.9972536,0.9970978,0.99564004,0.998157,0.99802196,0.9976558,0.992074,0.9967275,0.99737144,0.99760216,0.99785817,0.99802494,0.998053,0.99583066,0.99771833,0.9968656,0.9977023,0.9964381,0.9975878,0.99706024,0.99808925,0.99668473,0.9974291,0.9978859,0.9963306,0.9982402,0.9926328,0.9966039,0.9979848,0.99795717,0.9952585,0.9979987,0.9964214,0.997088,0.9971082,0.9976935,0.99580383,0.9978997,0.9980465,0.99540615,0.9970167,0.9945317,0.9959097,0.99748164,0.9968043,0.9971944,0.99704504,0.99416184,0.99836004,0.99627435,0.9973508,0.99796355,0.99770296,0.99699104,0.996822,0.997918,0.99648315,0.99744713,0.9970788,0.9979473,0.9970395,0.9970915,0.9974411,0.99363714,0.9913005,0.99551594
ipip222,0.9978825,0.99669737,0.9975926,0.9962131,0.9976777,0.9968996,0.99803877,0.99694836,0.9979714,0.9961471,0.99665713,0.9978706,0.9966135,0.99645656,0.99629843,0.9973138,0.997731,0.996458,0.9976594,0.99737936,0.99770427,0.9973648,0.9978038,0.99795353,0.9980125,0.99744767,0.99613374,0.9977212,0.9971032,0.99764824,0.99782705,0.99746615,0.99705875,0.9984158,0.9979181,0.9975972,0.99776274,0.9980146,0.9976994,0.9978776,0.9960469,0.9977611,0.997093,0.9968266,0.9958622,0.997881,0.99744266,0.9970056,0.9974894,0.9966094,0.997088,0.99138206,0.9973176,0.99627346,0.9956014,0.9965864,0.99591357,0.99601924,0.9962815,0.9978632,0.99775606,0.99748456,0.9979147,0.9976285,0.9976004,0.997256,0.9978512,0.99821305,0.99961287,0.9967281,0.99798536,0.99766606,0.99513984,0.9967328,0.9964658,0.9909294,0.99625015,0.9977957,0.9971039,0.99770176,0.9972841,0.9980183,0.9962469,0.99814576,0.9975083,0.9980508,0.9975986,0.9963882,0.9962912,0.9977548,0.9969957,0.99803805,0.9974759,0.9945604,0.9949566,0.9949775,0.99795365,0.99685717,0.99564934,0.99541306,0.9969583,0.998152,0.99734104,0.99778193,0.99786425,0.9951152,0.9978065,0.9967415,0.9980906,0.99773836,0.9981187,0.99594486,0.99701446,0.9969065,0.9980062,0.9968799,0.997587,0.9981088,0.99798673,0.9971941,0.9979305,0.9970243,0.99780893,0.9976647,0.99760485,0.99734163,0.9969703,0.99778295,0.9971591,0.9968948,0.9980026,0.99266225,0.9960775,0.9955731,0.9975596,0.99777484,0.9975968,0.9976719,0.99806684,0.99816734,0.9981755,0.9977641,0.9970362,0.9977581,0.99771947,0.9953613,0.99806374,0.99999666,0.9956269,0.99802125,0.998235,0.99771875,0.99626416,0.99522924,0.9978689,0.99741703,0.9973847,0.9968215,0.9951181,0.9978991,0.995195,0.9980392,0.9974259,0.99680203,0.9979808,0.99035245,0.9978329,0.99822646,0.9977885,0.9965912,0.99815196,0.9961206,0.9977091,0.9978289,0.99801326,0.9982051,0.9979917,0.9977849,0.9971111,0.99746317,0.99619275,0.99709636,0.9971637,0.99701595,0.99455446,0.99654615,0.99786407,0.99790627,0.9979472,0.996504,0.9980084,0.99819475,0.9982551,0.9979793,0.99811345,0.9984466,0.9980115,0.9981739,0.9966228,0.9975234,0.99785984,0.99818224,0.9964038,0.99828684,0.9977135,0.9976173,0.9981703,0.9941272,0.99677765,0.99603945,0.99728835,0.99730575,0.9980375,0.9972679,0.99626315,0.99621034,0.9977292,0.99078596,0.99739945,0.997718,0.9980919,0.9971283,0.99724734,0.99727166,0.9961642,0.99819505,0.9979008,0.9975185,0.99275744,0.9969713,0.9973606,0.99728787,0.99788475,0.9980614,0.99783045,0.9959429,0.9981535,0.9968677,0.9977191,0.9963891,0.9974232,0.99712974,0.9981856,0.9974808,0.9975122,0.9982396,0.9962498,0.9981428,0.9930212,0.9965464,0.99818176,0.9981757,0.9956338,0.99803764,0.9966631,0.99722224,0.99713105,0.9977818,0.99596864,0.9979191,0.9982645,0.9958911,0.99722826,0.9954158,0.99622774,0.997497,0.9969282,0.99746805,0.99706525,0.9941663,0.9981682,0.99636716,0.9973992,0.99802285,0.9976807,0.99708825,0.9970675,0.9984354,0.9967873,0.99749357,0.9973487,0.99801177,0.99742985,0.9973938,0.9975801,0.99408305,0.9918755,0.99566984
ipip252,0.99442303,0.99569416,0.99487084,0.9953144,0.9953536,0.99489707,0.99498874,0.9957163,0.99637985,0.99560446,0.9960121,0.99554914,0.9964936,0.9956052,0.9960056,0.9954146,0.99566656,0.99574333,0.9956981,0.99551797,0.99589187,0.99502176,0.99638206,0.99593455,0.99542373,0.9955407,0.99651223,0.9961816,0.99571544,0.996482,0.99496514,0.9968102,0.9958221,0.99522,0.9946666,0.9956916,0.99519676,0.9949218,0.9953211,0.99528694,0.997707,0.99708885,0.9959329,0.9959129,0.9961858,0.995809,0.9965771,0.9952142,0.99596786,0.996355,0.9952946,0.9935757,0.9958558,0.99558926,0.99693704,0.9971433,0.9945416,0.997476,0.9960594,0.9967555,0.9946428,0.99548507,0.9951274,0.9953566,0.9952255,0.99605453,0.99505186,0.9960586,0.9957141,0.99656993,0.9947403,0.9966095,0.9944686,0.99541813,0.9957858,0.993079,0.9954019,0.9954414,0.99716747,0.99668634,0.99606603,0.99482155,0.994634,0.99467605,0.9954665,0.9947026,0.9945754,0.9958079,0.9953929,0.9952506,0.99530303,0.9946355,0.9949351,0.9939428,0.99475354,0.9950744,0.9943021,0.9968776,0.99444884,0.9955883,0.99553084,0.99508,0.9951939,0.99554795,0.99552804,0.99593025,0.9952752,0.9953528,0.9960486,0.99443066,0.9953576,0.9936064,0.9956806,0.9955316,0.99513096,0.9965922,0.9948163,0.9951883,0.9950695,0.995915,0.9954909,0.9956807,0.9963437,0.9958891,0.9949975,0.99596584,0.9969946,0.9966096,0.99728316,0.9954992,0.9956455,0.99381536,0.99607736,0.99557,0.99495745,0.99679965,0.9962052,0.9976216,0.9955102,0.99459034,0.994511,0.99614596,0.99582404,0.99591756,0.99535996,0.9954138,0.99532264,0.9956269,0.9999978,0.9958535,0.9954038,0.9957897,0.9955019,0.9946603,0.9941733,0.996679,0.99681085,0.99597096,0.99412537,0.99406075,0.9962053,0.9960424,0.99523944,0.99535334,0.99457765,0.99203205,0.996241,0.99575305,0.9954859,0.9951679,0.99486667,0.99536675,0.9941088,0.9954419,0.99614584,0.99601036,0.9953964,0.99551463,0.99590445,0.9959948,0.99578625,0.99694955,0.99605846,0.99694407,0.99563825,0.9957214,0.99536175,0.99541533,0.99555665,0.9958062,0.99541515,0.99594194,0.9958557,0.99613816,0.99502647,0.9955148,0.9957239,0.99545044,0.99569637,0.99676925,0.99560356,0.9947484,0.9961677,0.9959036,0.99599355,0.99583566,0.99570185,0.99513096,0.99678606,0.99837816,0.9962797,0.9946832,0.99617606,0.99609977,0.996968,0.995755,0.99625075,0.99351865,0.99539614,0.9954284,0.9960377,0.99598676,0.9954783,0.99625975,0.99579555,0.99568623,0.994831,0.9960363,0.9949327,0.9955863,0.9959124,0.9952758,0.99536747,0.995701,0.99504596,0.9954727,0.9954206,0.99563867,0.9960126,0.9966266,0.9956026,0.995984,0.99557084,0.9968618,0.9965261,0.99615043,0.9959034,0.99527025,0.99410546,0.9960116,0.99707735,0.99689394,0.99729496,0.9969945,0.9973769,0.99542296,0.99534357,0.99572957,0.995873,0.99621636,0.9960124,0.9967967,0.9965215,0.9954095,0.9971171,0.9961999,0.9965439,0.99576145,0.9964666,0.99554056,0.9954499,0.9977218,0.9958026,0.99616325,0.99621296,0.99628484,0.99638116,0.99541616,0.99536604,0.9958246,0.9966589,0.9959657,0.9961023,0.996569,0.9964239,0.99451965,0.9940393,0.9950115
ipip282,0.9978948,0.9968138,0.99752927,0.99637467,0.9977002,0.996495,0.9980407,0.9973845,0.99804765,0.99632925,0.9968542,0.9979796,0.99700415,0.99693054,0.9962757,0.99749786,0.9978456,0.99678886,0.99795336,0.99804133,0.9978253,0.99749315,0.997622,0.9978283,0.99709845,0.9977903,0.99648875,0.99787456,0.9977816,0.99771476,0.99743253,0.99752855,0.9967821,0.99800193,0.99814224,0.9973701,0.9979105,0.99808425,0.9978911,0.9984169,0.9964062,0.99766785,0.9970219,0.99682,0.9960648,0.9979046,0.997421,0.99669653,0.99785125,0.9969323,0.9971282,0.9916566,0.9976747,0.9968243,0.99563,0.99698657,0.99607384,0.9963353,0.9966326,0.9977334,0.9976912,0.99735254,0.9979953,0.99754894,0.99743843,0.9969329,0.9979751,0.9977226,0.99794537,0.9965007,0.9978308,0.9976836,0.9946576,0.99678826,0.99665743,0.9913227,0.99654925,0.997941,0.99705106,0.9975416,0.99736565,0.99824315,0.99664575,0.9980404,0.9978861,0.9981458,0.99790436,0.9966969,0.9963197,0.99795693,0.9973068,0.9978981,0.9976174,0.99517345,0.9948137,0.99546087,0.9977904,0.9966149,0.9953054,0.995096,0.9970746,0.9978456,0.99747556,0.99751437,0.9982884,0.99500513,0.9978885,0.99629486,0.99777377,0.99818957,0.9982849,0.9962009,0.9976052,0.99722785,0.99808943,0.99707973,0.9977422,0.9978385,0.99806494,0.9972593,0.99789214,0.99730885,0.9977721,0.9978817,0.99769706,0.99693257,0.9973096,0.99817073,0.99680895,0.99739146,0.9978141,0.99268866,0.9962886,0.9959357,0.99742985,0.9978701,0.99734527,0.9975992,0.9981953,0.99793327,0.9981195,0.9978656,0.99691683,0.99779814,0.99789566,0.99617285,0.99807096,0.99802125,0.9958535,0.99999756,0.99790233,0.9974017,0.9959835,0.9950243,0.99787575,0.99733263,0.99749947,0.9967442,0.9956034,0.9978082,0.99553126,0.9980962,0.9975507,0.99632174,0.99787384,0.9907267,0.9978395,0.99732465,0.99786854,0.9970228,0.9978542,0.99622077,0.99770314,0.997737,0.9976955,0.99806595,0.99786645,0.9976885,0.9969887,0.99757034,0.9967796,0.9968584,0.9969987,0.9969924,0.9943993,0.9967214,0.9979293,0.9978951,0.99799466,0.9965167,0.99830294,0.9979736,0.9980085,0.9977043,0.9982976,0.99821776,0.99795824,0.99816185,0.9965894,0.9974508,0.9977428,0.9979407,0.9964775,0.9980162,0.99765676,0.9972137,0.998106,0.99411774,0.99686056,0.9964729,0.9972714,0.99746275,0.99787587,0.9972305,0.99629545,0.99643695,0.9976743,0.99047446,0.99743205,0.99783695,0.99782646,0.9971176,0.99761426,0.9975316,0.99593824,0.99803346,0.9979155,0.9978541,0.9929405,0.996817,0.99771994,0.9976693,0.99771816,0.9978512,0.99810046,0.9962236,0.9977424,0.9969741,0.9975585,0.99658024,0.9978698,0.99726844,0.99794644,0.9968715,0.99745387,0.99782884,0.9964202,0.99791896,0.9929545,0.9965416,0.99794704,0.9978914,0.9957519,0.99787754,0.99678826,0.9977324,0.99760497,0.99765545,0.99628943,0.9978439,0.99812347,0.9962759,0.99756473,0.9954482,0.99637115,0.99751216,0.9968349,0.9969122,0.99699503,0.9944195,0.9980921,0.9963006,0.99728,0.9979946,0.99783844,0.9970238,0.99694127,0.99784076,0.99663275,0.99735945,0.997028,0.9981659,0.9972225,0.9970415,0.9977862,0.9941917,0.9922561,0.9961119
ipip17,0.998292,0.99660385,0.99751246,0.9965623,0.99797636,0.9968581,0.9984811,0.9970261,0.9985913,0.99650633,0.99691206,0.99805725,0.99681044,0.9966112,0.99626637,0.9976805,0.99801725,0.9966603,0.99803567,0.99777794,0.9981058,0.99763244,0.99832815,0.99851614,0.99733377,0.99773806,0.9961037,0.9981083,0.99721766,0.99764633,0.99825335,0.9977733,0.9974201,0.99820805,0.9982809,0.99792963,0.99810565,0.9984303,0.9979693,0.99795914,0.9964353,0.9977542,0.9974228,0.9965843,0.9961823,0.998041,0.9971848,0.9967606,0.9976475,0.9967851,0.9973119,0.99130774,0.9978086,0.9964166,0.99586195,0.9967932,0.99578065,0.9959568,0.99643254,0.9980938,0.9983536,0.99777734,0.9984734,0.99794185,0.9976169,0.9973227,0.9982097,0.99837196,0.9981942,0.99653316,0.9985068,0.998096,0.99508566,0.9972756,0.9967096,0.9909703,0.9963423,0.99802953,0.99762785,0.9982649,0.99756986,0.998512,0.99670315,0.99827445,0.99767905,0.99849266,0.9980406,0.99671346,0.99615204,0.9978166,0.9972333,0.9987983,0.99782324,0.99489933,0.9947333,0.9951309,0.9984512,0.9972956,0.99567974,0.9947421,0.9974811,0.9992924,0.997987,0.99814504,0.9982062,0.99503696,0.9983622,0.9968304,0.9983646,0.9982821,0.9986594,0.9956835,0.99716634,0.9971152,0.9984034,0.99705225,0.9982718,0.99851334,0.99828386,0.9977068,0.99836606,0.9972842,0.99815655,0.9979773,0.9980137,0.9975007,0.9976459,0.9980722,0.9975319,0.9973366,0.9985083,0.9926753,0.9966371,0.99584043,0.9980353,0.9982959,0.997982,0.9980713,0.99868965,0.9984938,0.9986157,0.9981978,0.99703443,0.9979972,0.99791837,0.9954956,0.9984629,0.998235,0.9954038,0.99790233,0.9999984,0.999256,0.9964221,0.99548864,0.9983472,0.99767023,0.99774194,0.9971586,0.99515927,0.998301,0.9957449,0.99873924,0.9978411,0.99714017,0.99848795,0.99062777,0.99825734,0.99792737,0.9978389,0.9968172,0.99867743,0.99617493,0.998057,0.99846697,0.99869996,0.9984434,0.9983724,0.99794555,0.9976286,0.99826896,0.9968443,0.99755824,0.99780864,0.9976007,0.9942928,0.99699885,0.99849313,0.99857,0.99854916,0.9975153,0.9984174,0.99861926,0.9985737,0.9987086,0.9985848,0.9987228,0.9987282,0.998617,0.9974522,0.99710894,0.9981501,0.99880093,0.9965534,0.9985649,0.99804753,0.9981939,0.99909574,0.9941578,0.9969209,0.99623924,0.99755514,0.9973021,0.9986736,0.9978427,0.9966199,0.9963225,0.99816656,0.9902215,0.9975657,0.99818987,0.99853253,0.99728715,0.9976831,0.99758404,0.9960075,0.9984766,0.9985578,0.9983779,0.99272454,0.9968888,0.9980885,0.99787503,0.9982336,0.9982301,0.99830025,0.9966015,0.9981345,0.9971748,0.99810004,0.9967337,0.9977114,0.99736094,0.9984079,0.9970313,0.997763,0.9982678,0.9965031,0.99864894,0.99281514,0.9969542,0.9983415,0.99832976,0.9957595,0.99835724,0.99679565,0.9976212,0.9974974,0.9985558,0.9961882,0.99823064,0.9985601,0.9962848,0.99730647,0.9950215,0.99642354,0.99793303,0.99737763,0.99801177,0.99750155,0.99406856,0.99864936,0.99639624,0.9981929,0.9983413,0.9982027,0.9975534,0.9974532,0.9983138,0.9967278,0.9977833,0.9977583,0.99834734,0.9974663,0.9977534,0.99785215,0.99377364,0.9916474,0.995963
ipip47,0.99728346,0.99642557,0.99689215,0.9964367,0.9974016,0.9966409,0.99753135,0.99667716,0.99815476,0.9964232,0.9967482,0.9977804,0.9968413,0.9966389,0.996587,0.99717546,0.9975438,0.99655765,0.9975639,0.9971498,0.9976121,0.9971863,0.9979309,0.99803007,0.9972333,0.9972247,0.99628085,0.99758023,0.9970188,0.99739486,0.99765503,0.99746865,0.9968558,0.99775046,0.99728495,0.9975685,0.99739087,0.99745566,0.9974893,0.99750143,0.9964985,0.99724585,0.9972814,0.99634445,0.9962917,0.99748385,0.9972247,0.99654996,0.997127,0.99672717,0.9970023,0.99204314,0.9972616,0.9962626,0.99605614,0.9967485,0.99569815,0.9962052,0.9964713,0.99771225,0.9974945,0.99738276,0.9977363,0.99773973,0.99730265,0.99728984,0.9974163,0.9978384,0.99765724,0.9966135,0.997572,0.9977435,0.9953273,0.9969612,0.99683535,0.9916669,0.99632466,0.99764717,0.9974456,0.9978661,0.9975473,0.99779725,0.99657345,0.99756664,0.99732673,0.99754274,0.9972324,0.996576,0.9963032,0.997209,0.99738765,0.99790096,0.99728924,0.9951579,0.99497914,0.995312,0.99748766,0.9972845,0.9957195,0.99508804,0.99721676,0.99871194,0.997543,0.9979864,0.99785125,0.99554414,0.99758285,0.99686676,0.9978344,0.9973027,0.99769974,0.9953893,0.9971712,0.9969851,0.99763745,0.99739075,0.9976668,0.9978081,0.99757004,0.9976258,0.9976488,0.9969856,0.9977224,0.997527,0.99726194,0.9974907,0.9974798,0.9976596,0.99748904,0.99721,0.9978423,0.9936208,0.99690837,0.99601924,0.9972267,0.9980311,0.99777246,0.99778706,0.99781173,0.9975545,0.9977918,0.9978621,0.99690145,0.99758786,0.9975761,0.9957942,0.9980905,0.99771875,0.9957897,0.9974017,0.999256,1.0000005,0.99672604,0.99584424,0.99744713,0.997648,0.9977567,0.99707633,0.995321,0.9973179,0.9962012,0.9981407,0.99734133,0.9971391,0.9975697,0.99132043,0.9975242,0.9977191,0.9972584,0.9965469,0.99779403,0.99630797,0.9970605,0.99783295,0.9981783,0.9977768,0.9976121,0.99749887,0.99728584,0.99778026,0.9968849,0.99747723,0.9977886,0.9974845,0.9946029,0.99688816,0.99776256,0.997841,0.9978263,0.9978005,0.99773693,0.9979116,0.99787647,0.9981746,0.9979419,0.9977957,0.9980854,0.99762374,0.9975831,0.9970958,0.9977632,0.9978351,0.99656624,0.99785477,0.9975417,0.9978812,0.9983659,0.9947633,0.99695736,0.9963016,0.9972812,0.996758,0.99805194,0.997616,0.99667805,0.9966045,0.997861,0.99128133,0.99715704,0.99805146,0.9980319,0.9969459,0.9970706,0.9976288,0.9960337,0.9977522,0.9975915,0.9978595,0.99349105,0.99678844,0.9975947,0.99732035,0.99763083,0.9977444,0.99760425,0.996499,0.99770176,0.9970273,0.997732,0.99699295,0.99735206,0.997296,0.9976859,0.997051,0.9975792,0.99775714,0.99654007,0.99781185,0.99302274,0.9968219,0.9978646,0.99783194,0.9961641,0.99793637,0.9968007,0.99717724,0.996972,0.99813676,0.9961974,0.99785495,0.9978977,0.996592,0.99708545,0.9951563,0.9966016,0.9974831,0.99748224,0.9978006,0.9974149,0.9947385,0.99771357,0.99662995,0.9981076,0.99766725,0.9979889,0.9973293,0.99731374,0.99780107,0.99667907,0.99741155,0.9975954,0.99758625,0.9971564,0.99756616,0.9973187,0.9942062,0.9922778,0.9957597
ipip77,0.9947791,0.99565995,0.99509424,0.9953561,0.9955587,0.9952876,0.9950033,0.9956025,0.996127,0.9953722,0.9958196,0.9958022,0.9961792,0.996511,0.99581873,0.99561596,0.9957685,0.99571776,0.99629545,0.9956041,0.9961578,0.9953445,0.9967307,0.99616843,0.99631923,0.9955058,0.9955047,0.9961736,0.99572164,0.9964958,0.99543375,0.99582005,0.9948359,0.9959722,0.9948974,0.99601555,0.9954236,0.9951903,0.99579734,0.996042,0.99507827,0.99568325,0.99630064,0.99520254,0.99568504,0.995935,0.9967065,0.99583083,0.99606687,0.9958655,0.99542964,0.9926556,0.9956005,0.99551433,0.995432,0.9961349,0.99439377,0.99605805,0.9957743,0.99606085,0.995885,0.9968664,0.9962072,0.9959446,0.99605346,0.9965727,0.99526614,0.9958772,0.9963598,0.99566,0.99516,0.996799,0.9944216,0.9954296,0.99673957,0.99232113,0.9961271,0.9961882,0.9961144,0.9960598,0.9963485,0.995661,0.9956181,0.9952561,0.99604905,0.9952575,0.9951123,0.99661213,0.99642956,0.99533486,0.99570817,0.9958877,0.9956195,0.9949089,0.9962589,0.99504256,0.9949687,0.9961,0.9958784,0.99609536,0.9963613,0.9958517,0.9961375,0.9964921,0.9971145,0.9953591,0.9964343,0.9958617,0.99645305,0.99482346,0.99543995,0.99416023,0.99609506,0.9956022,0.99574196,0.99690837,0.99534935,0.99682117,0.9954801,0.9966816,0.9960893,0.9957642,0.9960285,0.99614763,0.99533397,0.99571276,0.9962394,0.9960995,0.996193,0.99552536,0.9959912,0.9947042,0.996539,0.9966923,0.99523866,0.9965492,0.9961778,0.9964076,0.99539447,0.99518925,0.99536264,0.99680036,0.9963051,0.99616826,0.9959603,0.99496686,0.99614453,0.99626416,0.9955019,0.9959835,0.9964221,0.99672604,0.99999875,0.9959182,0.9948841,0.9968697,0.99724394,0.99663186,0.9944893,0.9946976,0.9960742,0.9963879,0.9957538,0.9959943,0.99512786,0.99148184,0.9956649,0.997257,0.9957139,0.9955512,0.99547124,0.9953025,0.99458534,0.9963478,0.9958503,0.9959735,0.99582,0.99569416,0.99596316,0.9961942,0.9961415,0.9959722,0.996859,0.9959087,0.9944528,0.9958099,0.99564415,0.9956599,0.99573255,0.9964802,0.99588215,0.99594015,0.99591106,0.99577016,0.99575156,0.99556744,0.9961063,0.9953613,0.99604285,0.99658823,0.99622107,0.9953025,0.99608976,0.99595773,0.99581254,0.99623686,0.9958614,0.99512136,0.9962272,0.9955014,0.99583215,0.9948693,0.9957849,0.99620104,0.9958444,0.9954948,0.99679714,0.99362564,0.9968762,0.9964856,0.9965351,0.9958404,0.99537843,0.9966688,0.995713,0.9957735,0.995194,0.99614435,0.9939485,0.995451,0.99587595,0.99522674,0.9959975,0.99621624,0.9955445,0.9953818,0.99628276,0.9959468,0.99650896,0.9965511,0.99683684,0.9969557,0.99595,0.9965569,0.996333,0.9962036,0.9958023,0.9958492,0.9931686,0.9961087,0.99677193,0.9965689,0.9963769,0.9966755,0.99672765,0.99596196,0.99533975,0.9966993,0.9961547,0.99661034,0.995975,0.99564224,0.9961543,0.99514306,0.9958362,0.9960569,0.99682885,0.9968175,0.9969444,0.99484295,0.9953609,0.99581647,0.9963977,0.9958316,0.99634564,0.9967063,0.996772,0.9963256,0.99625915,0.9963391,0.9960128,0.9957229,0.99593115,0.99597824,0.99610907,0.9936788,0.9935271,0.994775
ipip107,0.9941998,0.99508625,0.9946507,0.9946734,0.9945752,0.9949119,0.99422777,0.99481213,0.99529123,0.9946378,0.9948627,0.9951312,0.9952364,0.99535644,0.9958072,0.99482375,0.9951013,0.99468464,0.9952571,0.9949798,0.9953029,0.9950252,0.99543947,0.995223,0.99531806,0.9945846,0.9948801,0.99526066,0.99480027,0.9954956,0.99492955,0.9957137,0.9941104,0.9950017,0.9941635,0.9949999,0.99454784,0.9942055,0.9948946,0.9949469,0.9945883,0.99486893,0.99526507,0.9939465,0.99515355,0.9950311,0.9957275,0.9955119,0.99502456,0.99497044,0.9945564,0.9918827,0.9949727,0.9946232,0.9948138,0.99510473,0.9934814,0.9950443,0.995285,0.9958403,0.9954447,0.99580944,0.99632204,0.99513614,0.99513966,0.99668646,0.9948296,0.9953236,0.99529755,0.99530417,0.994315,0.99552554,0.99443907,0.99477184,0.99592805,0.991768,0.99497116,0.9952925,0.9957278,0.99548405,0.9955931,0.9948208,0.9947523,0.9944865,0.9947785,0.99437827,0.9943058,0.99565315,0.99496347,0.9947275,0.99482894,0.9946594,0.99493533,0.9942747,0.99504894,0.99478084,0.99414194,0.99538,0.99458426,0.9946906,0.996001,0.9949731,0.9957161,0.99564815,0.99584657,0.9949135,0.99494034,0.9950232,0.9959076,0.9941436,0.99461865,0.99327415,0.9951799,0.9950413,0.9948233,0.99558014,0.9946927,0.99521446,0.9946257,0.99539447,0.9952805,0.9952813,0.99564517,0.9958222,0.9943992,0.99523896,0.99536777,0.9952239,0.9952425,0.99521464,0.9951144,0.9937716,0.99547964,0.99549186,0.99417,0.99557203,0.9954083,0.9956239,0.9944843,0.99413115,0.9945913,0.9959169,0.99625,0.9953271,0.9957599,0.99471354,0.99525005,0.99522924,0.9946603,0.9950243,0.99548864,0.99584424,0.9959182,0.99999946,0.9941233,0.9954981,0.99574447,0.99503845,0.9946671,0.99388456,0.99516696,0.9952729,0.9948386,0.9952507,0.99417263,0.9901758,0.9947158,0.9959542,0.9947969,0.99459434,0.9944244,0.9946753,0.99368197,0.99500126,0.9950493,0.9948053,0.99497324,0.9948554,0.9951995,0.99534094,0.99502724,0.9956113,0.9961813,0.9956376,0.994115,0.9958912,0.994783,0.9947941,0.99482334,0.99510354,0.9948551,0.99484044,0.9947972,0.99511546,0.9949099,0.9944718,0.9948134,0.99435407,0.9946741,0.99547166,0.99513185,0.99429977,0.99505824,0.9947171,0.9953422,0.9953267,0.995066,0.99416006,0.99577904,0.99471736,0.99527997,0.9940366,0.9951385,0.99590325,0.9956593,0.9958612,0.9953882,0.9922617,0.99540156,0.9949616,0.9950764,0.9945385,0.9949725,0.9966604,0.9947689,0.99464613,0.99435914,0.9958504,0.99458367,0.9953145,0.99535614,0.9951239,0.9966981,0.9959097,0.99501276,0.9952595,0.995148,0.9947743,0.99500495,0.9951282,0.9950284,0.9955837,0.99456763,0.99526685,0.9952559,0.99587816,0.9946402,0.994619,0.99272776,0.99488026,0.9952797,0.9951499,0.99473053,0.9953315,0.9952702,0.99499017,0.9947571,0.99523765,0.9950561,0.9957341,0.99485624,0.9951852,0.99519914,0.99434006,0.99500924,0.99521464,0.9955032,0.995905,0.9958365,0.9944187,0.99456686,0.99520946,0.99527633,0.99493456,0.9956016,0.99589044,0.9955175,0.99529284,0.99762964,0.99532974,0.99518216,0.99476165,0.9956172,0.99511987,0.99533594,0.99325615,0.9923171,0.99413604
ipip137,0.9985673,0.9957186,0.99755704,0.9955051,0.997604,0.9961186,0.9986013,0.9965236,0.9977501,0.9953253,0.9959938,0.9978739,0.99602234,0.9958441,0.99529845,0.9975181,0.9977414,0.9957913,0.9977945,0.99763757,0.997697,0.99740726,0.99754846,0.99759346,0.9964761,0.99760854,0.9949504,0.9977357,0.9968883,0.9970378,0.9978357,0.9971798,0.99687004,0.9980798,0.99866915,0.99748784,0.9983079,0.99865246,0.9980872,0.99759597,0.9953567,0.9974175,0.99624544,0.99617267,0.99458414,0.9978628,0.9961329,0.99612594,0.99717754,0.9960527,0.99680966,0.98913366,0.9974827,0.9957999,0.9940209,0.9959276,0.9954339,0.99482226,0.9954419,0.9974524,0.9983522,0.9972943,0.9983423,0.99704987,0.9973186,0.99647397,0.99837726,0.99802905,0.99780625,0.99583876,0.9985995,0.9974054,0.99389315,0.9967158,0.9959799,0.98917615,0.9953622,0.997539,0.9961337,0.9971107,0.9969088,0.99828935,0.99598974,0.9984271,0.99754256,0.9987181,0.99802184,0.9958081,0.9955909,0.9978079,0.9970245,0.9986022,0.997789,0.99418855,0.9936065,0.9939565,0.9986535,0.99578345,0.9945761,0.9932826,0.99695677,0.9984039,0.99770975,0.99744,0.99779475,0.9935819,0.99801856,0.99588966,0.997626,0.99853796,0.99870765,0.9956838,0.996577,0.99723876,0.99884623,0.9967899,0.9985795,0.99845594,0.9989338,0.9969852,0.99830747,0.9975197,0.9977142,0.9980622,0.9981019,0.99649876,0.99658674,0.99775386,0.9959784,0.9965654,0.9981127,0.99094194,0.9952266,0.9945414,0.9978467,0.9975335,0.99693197,0.9971814,0.99865,0.99857,0.99877703,0.99759,0.9965556,0.9975185,0.99772596,0.99480593,0.9980721,0.9978689,0.9941733,0.99787575,0.9983472,0.99744713,0.9948841,0.9941233,1.0000007,0.9968811,0.99684805,0.9962576,0.99486506,0.9996247,0.99416494,0.9983909,0.9981026,0.9960487,0.9985862,0.98908085,0.9979937,0.9968463,0.9977629,0.9966368,0.9985876,0.9956123,0.99856704,0.9977363,0.9979213,0.99833685,0.9981016,0.9976001,0.99651444,0.9977441,0.99567115,0.99635917,0.9965812,0.9964266,0.9931324,0.9968659,0.9986525,0.9986218,0.99861735,0.99584264,0.99850243,0.9984913,0.9984638,0.9980174,0.99846065,0.99880856,0.9981713,0.9986356,0.99592996,0.9960504,0.9976507,0.9987014,0.9951212,0.99829406,0.9975583,0.99696314,0.998543,0.99235934,0.99593526,0.9949087,0.9968825,0.9972166,0.99799055,0.99689656,0.99505347,0.9952674,0.9974966,0.98845625,0.99742866,0.99786943,0.99801266,0.9969294,0.9976812,0.9965103,0.99507344,0.998394,0.9988898,0.9976376,0.9907082,0.9961442,0.99754083,0.9977535,0.9979591,0.9979672,0.99854535,0.99556565,0.99761456,0.99668413,0.9974985,0.99558336,0.9973697,0.9966201,0.99828017,0.99592435,0.9969996,0.99774396,0.99542886,0.9985124,0.9916397,0.9960409,0.99775916,0.99778825,0.9942924,0.99773246,0.9957762,0.99755585,0.9973928,0.99753845,0.9951482,0.9976779,0.99843985,0.99505955,0.99708307,0.9941251,0.99548346,0.99743956,0.99627334,0.99670845,0.9965353,0.99270946,0.99872804,0.9952481,0.9970211,0.9981258,0.9972849,0.99676085,0.99644923,0.9977794,0.99590087,0.99724257,0.99649584,0.99814093,0.99669635,0.99652183,0.99738127,0.99239576,0.9897489,0.9952116
ipip167,0.9968971,0.9965393,0.99671173,0.99628985,0.99719083,0.99660397,0.9970713,0.99649876,0.99759775,0.9962819,0.9966866,0.997565,0.9971171,0.99654067,0.9966088,0.9971825,0.9973377,0.9964884,0.9978485,0.9968596,0.9976249,0.99676883,0.9982931,0.99743056,0.9969822,0.9970683,0.99639624,0.9976223,0.9968389,0.9979363,0.9973623,0.9973863,0.99659747,0.99722725,0.99685043,0.99800754,0.99708927,0.9971142,0.9972745,0.9971858,0.99649745,0.99740595,0.9971157,0.9964456,0.9962875,0.99742216,0.9972036,0.9963603,0.9971776,0.9968285,0.9967679,0.9923974,0.99733406,0.99620247,0.9958728,0.9975585,0.99579716,0.996746,0.996793,0.9977275,0.9971162,0.99716747,0.99753934,0.99700594,0.9970941,0.9973797,0.99703753,0.99740106,0.99737966,0.99645966,0.997479,0.99852747,0.99574494,0.9971847,0.99691784,0.99227107,0.9962944,0.997284,0.99721974,0.99743265,0.99763256,0.99729955,0.996176,0.9970765,0.99732715,0.99723303,0.9968343,0.9966365,0.9961935,0.9969404,0.99721456,0.9973245,0.996968,0.99509203,0.9950188,0.9955242,0.99704146,0.9969639,0.99580383,0.99580705,0.9970705,0.9975088,0.99719113,0.9975438,0.9976182,0.99615467,0.99746037,0.99671173,0.9975901,0.99681133,0.99742377,0.995524,0.9972415,0.9968921,0.9972874,0.9981305,0.99706924,0.99756205,0.997098,0.9974797,0.9975719,0.99710655,0.9976868,0.9975296,0.99713975,0.9969586,0.99739105,0.9975676,0.9970984,0.9966753,0.9978549,0.9935942,0.9972054,0.99609745,0.99725175,0.99847865,0.9978003,0.99776906,0.9974637,0.9973211,0.99756813,0.9979345,0.996956,0.9974936,0.9977641,0.99589485,0.99737424,0.99741703,0.996679,0.99733263,0.99767023,0.997648,0.9968697,0.9954981,0.9968811,1.0000007,0.99932253,0.9985833,0.99607486,0.9968798,0.99667996,0.9983739,0.99719775,0.99697286,0.9971965,0.99176246,0.99761707,0.99758905,0.9971841,0.9969311,0.99769866,0.99653584,0.99675995,0.9975924,0.9975207,0.9977389,0.9973547,0.9971615,0.9969197,0.9975984,0.9966891,0.9972233,0.99762523,0.99712074,0.9948284,0.9969905,0.99741024,0.99748814,0.997526,0.9968186,0.9974164,0.99766105,0.99761856,0.997468,0.99758995,0.9974639,0.9977066,0.9974523,0.99685663,0.9971613,0.9972642,0.99717116,0.9966387,0.9976338,0.9976066,0.9973838,0.997645,0.9945602,0.9973167,0.9964411,0.99737096,0.9963435,0.9973934,0.9973761,0.9965545,0.99635684,0.99786305,0.99177694,0.9971288,0.9977273,0.99844974,0.99709827,0.9970795,0.99727356,0.996149,0.99754995,0.99722415,0.9973489,0.9938979,0.99642766,0.99721265,0.9971504,0.997422,0.9976425,0.99728507,0.996471,0.99729794,0.9974707,0.9982833,0.9981054,0.9977687,0.9975551,0.99757206,0.99685967,0.9974842,0.9976191,0.9968312,0.9978652,0.9938067,0.9977005,0.9979154,0.9978408,0.9966447,0.99785674,0.99723196,0.9970022,0.99673367,0.9976712,0.9968111,0.9979599,0.99764353,0.9963284,0.9971148,0.99546754,0.99668187,0.99787676,0.99824905,0.9975753,0.9982276,0.99596995,0.9975509,0.996995,0.9973579,0.9977295,0.9975721,0.9980618,0.99805504,0.997345,0.9966914,0.99796385,0.9971687,0.9975512,0.99706906,0.99707544,0.99759275,0.99432343,0.9930959,0.9960507
ipip197,0.9968476,0.99668103,0.9966914,0.9964173,0.99716336,0.9965171,0.99702257,0.99666613,0.9977093,0.9963787,0.996895,0.9974633,0.99717945,0.99685234,0.99672425,0.9971088,0.997351,0.99666077,0.9978288,0.9970229,0.99765474,0.99684894,0.9984295,0.9975588,0.9971058,0.99706477,0.99647695,0.997667,0.99698544,0.9981364,0.997108,0.9973903,0.99652535,0.9973915,0.99677676,0.997998,0.99710935,0.9970251,0.9971891,0.99728304,0.99659497,0.99744445,0.99729323,0.9963907,0.9965404,0.9974438,0.9974973,0.99651146,0.9973158,0.9969639,0.99677587,0.99268734,0.9973086,0.99638754,0.99617577,0.9974712,0.9957442,0.99688935,0.99681616,0.9976773,0.9970913,0.9972521,0.9974729,0.99719477,0.9970925,0.99740255,0.9970569,0.9973668,0.9974082,0.9965537,0.997399,0.9985459,0.9955157,0.9972008,0.99696326,0.99255985,0.99659365,0.9974739,0.9973584,0.9974744,0.9976675,0.9974535,0.9963756,0.9970388,0.9974763,0.9971627,0.9968815,0.99677277,0.9962728,0.9969867,0.9970807,0.99728703,0.9969508,0.99528986,0.9951427,0.9957508,0.9970015,0.9970282,0.9955679,0.99624354,0.99702036,0.997531,0.99719286,0.99755514,0.9978297,0.9961283,0.99760073,0.99680287,0.9977206,0.9968514,0.9973777,0.9957639,0.9973836,0.9969469,0.9973441,0.99822176,0.99711305,0.9974612,0.9970749,0.9976646,0.9975365,0.9971512,0.99775016,0.99748194,0.9970175,0.99692744,0.997576,0.9975715,0.99727863,0.99676967,0.9978924,0.994063,0.9974667,0.99650925,0.9971988,0.9984415,0.9977845,0.99779063,0.9973919,0.9971578,0.9974943,0.9979875,0.9970128,0.997551,0.99775785,0.99606633,0.9973557,0.9973847,0.99681085,0.99749947,0.99774194,0.9977567,0.99724394,0.99574447,0.99684805,0.99932253,0.9999998,0.99826646,0.99599504,0.99688387,0.9969438,0.99833184,0.9969946,0.99705726,0.9970472,0.9918042,0.9975642,0.9978608,0.99724907,0.9969078,0.9976038,0.9964938,0.99664295,0.99777186,0.99749434,0.99759376,0.9973275,0.99717325,0.99708,0.9975249,0.9969623,0.99722815,0.9975386,0.99719846,0.99489045,0.9969631,0.9973327,0.99737185,0.9974401,0.99696195,0.99756724,0.99762154,0.9975878,0.99743855,0.99766403,0.9973678,0.9976819,0.99737746,0.9968403,0.9973778,0.99740636,0.9971012,0.99687696,0.9975469,0.997557,0.9975009,0.99763227,0.9949105,0.9973677,0.99665654,0.9974827,0.99651897,0.9973874,0.99743557,0.9966838,0.99650705,0.9979404,0.99214584,0.99708277,0.99773246,0.99854,0.99708194,0.9969849,0.99763405,0.9963032,0.99748945,0.99711823,0.9974414,0.99410605,0.99664646,0.9973231,0.9970585,0.99747825,0.9976164,0.99718887,0.99643415,0.99750894,0.9975117,0.99833167,0.998283,0.99787843,0.9978492,0.99749666,0.99710387,0.9976069,0.9977191,0.9970237,0.9978409,0.99391127,0.99783677,0.99794006,0.99786925,0.99679637,0.9978652,0.9973728,0.9971641,0.99680746,0.9978441,0.99722964,0.9980193,0.99765253,0.9965766,0.9973494,0.99559337,0.996895,0.997771,0.99838567,0.9977388,0.9982711,0.9959829,0.9974673,0.99708074,0.9975124,0.9977071,0.9976745,0.9982349,0.998185,0.9975789,0.99682343,0.9980733,0.9972638,0.99748915,0.99722624,0.99720806,0.9975188,0.9944863,0.99336463,0.99596524
ipip227,0.99634975,0.9961772,0.99609447,0.9959473,0.99686193,0.99604756,0.9966331,0.99633414,0.997134,0.9959311,0.99619013,0.996901,0.9965925,0.99609596,0.99592173,0.99642,0.9966353,0.99607086,0.9968943,0.99654186,0.99710405,0.9964153,0.9977084,0.9969582,0.9966958,0.9965557,0.99624556,0.9970113,0.9961436,0.99682266,0.996631,0.99700993,0.99602413,0.996934,0.9963373,0.99788666,0.9964307,0.9966295,0.9964474,0.99685955,0.9961743,0.9968916,0.99696845,0.9956902,0.995882,0.99696124,0.99709,0.99591243,0.9969717,0.9962353,0.996626,0.99223846,0.99724543,0.99593043,0.9955349,0.997187,0.99540156,0.9959534,0.9963537,0.9972271,0.9965916,0.9967893,0.99710506,0.9964017,0.99655473,0.99652493,0.99655455,0.9967955,0.9968568,0.99598455,0.99715006,0.99796295,0.9951992,0.99732053,0.9965444,0.99146587,0.99609244,0.99681926,0.9970263,0.99717116,0.99679285,0.99657804,0.9955778,0.99633276,0.9967476,0.9966417,0.9962337,0.9960532,0.9955433,0.9964372,0.99648374,0.9967754,0.99646294,0.994731,0.99448806,0.9950633,0.9966926,0.99668264,0.9951714,0.9953874,0.99650854,0.99684626,0.9965759,0.9968949,0.996977,0.9953577,0.9969322,0.9963095,0.997144,0.9963362,0.9968735,0.99488556,0.9967451,0.99617594,0.99677944,0.9975882,0.9965588,0.9969396,0.99641204,0.9970307,0.99704736,0.9966397,0.9972352,0.99707174,0.9967324,0.9961791,0.996873,0.99706805,0.99661803,0.9961619,0.997711,0.9930821,0.99710643,0.9955785,0.99705696,0.99792653,0.9972564,0.9976142,0.99700785,0.9970243,0.99659485,0.9972598,0.99624664,0.9971329,0.9966234,0.9954302,0.9967388,0.9968215,0.99597096,0.9967442,0.9971586,0.99707633,0.99663186,0.99503845,0.9962576,0.9985833,0.99826646,0.99999917,0.99572253,0.99637645,0.9967303,0.99809796,0.99665403,0.99635684,0.9967921,0.991678,0.9974384,0.9972338,0.9970728,0.99655783,0.99744755,0.9960574,0.99626845,0.99717665,0.9970565,0.99718094,0.99669796,0.99678326,0.9964701,0.9968586,0.9959522,0.996618,0.99739146,0.99666023,0.9941391,0.99665904,0.99665177,0.996795,0.9967441,0.9964337,0.99682164,0.9970069,0.9969004,0.9969189,0.99684006,0.9968361,0.99709874,0.9970304,0.9962479,0.9970428,0.9970852,0.99672043,0.9967255,0.99711,0.99712616,0.9969345,0.99709296,0.9939978,0.9966195,0.99586713,0.9968519,0.9958251,0.9968561,0.9971109,0.9963815,0.995686,0.9971075,0.99113125,0.99646676,0.99710053,0.9978806,0.9965884,0.99665767,0.9968771,0.99551743,0.99703985,0.9966315,0.9969585,0.9932946,0.9956983,0.9967096,0.99672025,0.99690336,0.99695426,0.99695677,0.99630797,0.9972231,0.9975494,0.9978342,0.9974582,0.99739337,0.9969975,0.99713385,0.99651355,0.9969321,0.99706995,0.99649304,0.9975231,0.9935915,0.99774915,0.9974939,0.997425,0.9963781,0.9975086,0.9970232,0.99653596,0.9962769,0.9974128,0.9966531,0.99716675,0.99704355,0.99582124,0.9966958,0.99536234,0.99613893,0.99784696,0.99781525,0.9972157,0.99760866,0.9951657,0.9971902,0.9967137,0.9972572,0.9974462,0.9973921,0.9975231,0.99777,0.9972432,0.9961314,0.99734503,0.9968337,0.997324,0.9967875,0.99681234,0.997283,0.99395764,0.9927838,0.99582213
ipip257,0.99485666,0.9950714,0.9951715,0.99474996,0.99522585,0.99529374,0.99484843,0.9949874,0.9953845,0.9947103,0.99473184,0.9956538,0.9951554,0.9954479,0.99491656,0.9952926,0.9956532,0.99466693,0.99552107,0.9956559,0.99543923,0.99520177,0.99505705,0.9951713,0.994877,0.99505806,0.9947739,0.9954294,0.99525744,0.99555355,0.9950863,0.9950837,0.99440354,0.99500287,0.9948024,0.99478716,0.99490404,0.9947267,0.995329,0.99502575,0.99442166,0.9948761,0.99474096,0.99451995,0.9946302,0.9951178,0.9950998,0.994451,0.99503297,0.99500275,0.9946364,0.9911104,0.9952555,0.9947667,0.9940752,0.9952169,0.99419343,0.9947156,0.99560136,0.9953888,0.99520373,0.9952521,0.99569964,0.9951832,0.9950439,0.9956411,0.9952305,0.9952456,0.99513113,0.99507844,0.9947122,0.995137,0.99454683,0.99481964,0.9962087,0.9914798,0.99488366,0.9956924,0.9953159,0.99541634,0.99543333,0.9951438,0.9944951,0.9950314,0.99530023,0.9950184,0.99483263,0.99526054,0.9950758,0.99517715,0.9954747,0.99477017,0.99539834,0.9944083,0.9940351,0.9942368,0.99458814,0.99481636,0.9942551,0.9942532,0.9955447,0.99507,0.9956457,0.99563104,0.9959645,0.9939557,0.9950671,0.9946958,0.9953668,0.9950313,0.9950424,0.9938886,0.9958649,0.9956806,0.9952244,0.99576855,0.99558586,0.9952043,0.99545854,0.9952754,0.9951362,0.9953221,0.99546367,0.99564916,0.9946976,0.9948403,0.9949183,0.995345,0.9946108,0.99553084,0.9949767,0.9918354,0.9946019,0.99493015,0.994429,0.99568087,0.9954478,0.9951525,0.9948663,0.9947733,0.99509555,0.9955954,0.9953781,0.9953202,0.9959649,0.9956699,0.9953889,0.9951181,0.99412537,0.9956034,0.99515927,0.995321,0.9944893,0.9946671,0.99486506,0.99607486,0.99599504,0.99572253,0.99999875,0.99494797,0.9942214,0.99560815,0.9953571,0.9948469,0.9947635,0.98961544,0.9948166,0.9949732,0.99514836,0.9950702,0.99486494,0.9947059,0.99433285,0.99495226,0.9951019,0.9951583,0.9951366,0.9951865,0.9945886,0.99498576,0.9949252,0.9953156,0.9953966,0.99529654,0.9940966,0.99531263,0.99483585,0.99493605,0.99496275,0.99445266,0.9951918,0.9950027,0.99496955,0.995089,0.9952585,0.9948637,0.99499506,0.99480355,0.9944883,0.99504244,0.9949993,0.9947345,0.99504703,0.99507046,0.9954436,0.9950357,0.9951922,0.9933453,0.99509645,0.9945608,0.99509823,0.9945232,0.9950741,0.9954538,0.9948255,0.99470156,0.9951496,0.99068844,0.99557453,0.99524724,0.9949097,0.9946433,0.9950869,0.9954342,0.99450475,0.9950837,0.99472314,0.9955631,0.992828,0.99451053,0.9949218,0.9952325,0.9953418,0.99542683,0.99552727,0.99464744,0.9949415,0.9949256,0.9948784,0.99487436,0.9953866,0.995475,0.99487734,0.99453425,0.9951162,0.99539304,0.99458575,0.994642,0.992445,0.9945309,0.99510443,0.9950247,0.99385136,0.9950647,0.99461085,0.99506646,0.9950253,0.99502313,0.9946627,0.99548775,0.99504983,0.99458104,0.9951594,0.9937543,0.9945143,0.9953833,0.9947997,0.99471974,0.9952352,0.99424726,0.9950676,0.9947313,0.995212,0.9951534,0.99568,0.99491864,0.99474156,0.99499774,0.99475515,0.9950778,0.9947009,0.9950217,0.99486285,0.9946589,0.9952307,0.9931026,0.99170953,0.9945881
ipip287,0.99858534,0.99552476,0.9974768,0.99534917,0.99754864,0.9960829,0.9986765,0.996433,0.99776584,0.9951585,0.9958905,0.9978423,0.9957101,0.9956256,0.9951368,0.99737155,0.997654,0.99562824,0.99762833,0.99759805,0.99761564,0.9972757,0.9974343,0.99758804,0.9963468,0.9975581,0.99487054,0.9976759,0.9968192,0.9969806,0.9978205,0.9970992,0.9968423,0.9979289,0.9986331,0.99740505,0.9981456,0.9986149,0.9979333,0.997579,0.9952741,0.99738693,0.9961708,0.9961475,0.99446094,0.9977943,0.9959799,0.9959577,0.9970392,0.9959122,0.996741,0.9889538,0.9973678,0.99578446,0.9939439,0.9957707,0.9952502,0.99459594,0.99526703,0.9974135,0.99827296,0.9971731,0.9982661,0.9969612,0.99715996,0.99628586,0.9983664,0.9981558,0.9978126,0.9958116,0.9986606,0.99729896,0.9937774,0.9966734,0.99572504,0.98891014,0.9952755,0.99751675,0.9961233,0.99718857,0.99680144,0.9982147,0.99585176,0.99841505,0.9974817,0.9987081,0.9979664,0.9956207,0.99540895,0.99778354,0.9967239,0.9985869,0.9976595,0.9937986,0.993315,0.99377817,0.99863523,0.9957708,0.99446005,0.99311405,0.9967077,0.99835324,0.9974768,0.9974031,0.997666,0.9935599,0.9980119,0.99573344,0.9976871,0.9986177,0.99871755,0.99560505,0.9964459,0.9968165,0.9985942,0.9963783,0.99826956,0.9983454,0.9987135,0.99668384,0.998232,0.99734837,0.9976949,0.99796444,0.9980358,0.9965473,0.9965482,0.9977228,0.9959763,0.9965287,0.9981214,0.99057215,0.99507344,0.9943105,0.99784136,0.9975233,0.9969139,0.9971884,0.9987073,0.9986067,0.998757,0.99747384,0.9963415,0.99740523,0.99762744,0.99461967,0.99807835,0.9978991,0.99406075,0.9978082,0.998301,0.9973179,0.9946976,0.99388456,0.9996247,0.9968798,0.99688387,0.99637645,0.99494797,1.0000001,0.9939454,0.99825275,0.99785024,0.9959057,0.99857974,0.9888008,0.9980311,0.99674535,0.99768794,0.99644995,0.9986279,0.9954086,0.99854046,0.9976978,0.9979402,0.9983283,0.9981077,0.99758863,0.99648255,0.99766445,0.9954225,0.99631006,0.9965569,0.996388,0.99294424,0.99666584,0.9984725,0.9985228,0.99851716,0.9956475,0.9983911,0.99846643,0.9984267,0.9980108,0.998424,0.99883175,0.9981707,0.9987062,0.99589944,0.9960254,0.99756354,0.9987112,0.9950966,0.9983662,0.99755025,0.9968806,0.9985331,0.9920824,0.99586016,0.9947777,0.99688643,0.99727434,0.99802315,0.9968293,0.99502116,0.99504584,0.9973707,0.9881167,0.9972355,0.99774295,0.997982,0.99686307,0.9975542,0.9963534,0.9949046,0.9984077,0.99885714,0.9975396,0.9905296,0.9960813,0.99744093,0.99766856,0.99790907,0.99790543,0.9983967,0.9953966,0.9975342,0.99645215,0.99745977,0.9954452,0.99725366,0.9965129,0.99832517,0.9959514,0.9970278,0.99781233,0.9953119,0.9985332,0.99145573,0.99595034,0.9978144,0.9978423,0.99426556,0.99778515,0.99576336,0.9974458,0.9973292,0.9974378,0.9949997,0.9976411,0.9984493,0.9948787,0.9969648,0.99402416,0.9952824,0.997396,0.9960804,0.99662036,0.9963668,0.9924874,0.9988,0.9952151,0.9968999,0.99818695,0.9972474,0.99666053,0.9963348,0.9977362,0.99576694,0.9972072,0.9964939,0.99812603,0.99674,0.9965269,0.9973483,0.99223304,0.9894111,0.99504834
ipip112,0.99424636,0.9956929,0.9947019,0.99567705,0.99551326,0.9949563,0.99470437,0.99558735,0.9960915,0.99583906,0.9954593,0.9954672,0.99624974,0.99578285,0.9958036,0.99512935,0.9956446,0.9958821,0.995745,0.9953408,0.99614567,0.9950409,0.99665934,0.9958689,0.995656,0.9951527,0.9960478,0.99613804,0.99535143,0.9958116,0.99504924,0.9961283,0.99452937,0.9953549,0.99448377,0.9965738,0.9951638,0.994793,0.995055,0.9953391,0.9966676,0.9958297,0.99623305,0.9945267,0.99609965,0.99545443,0.9964762,0.9951315,0.9959208,0.99589914,0.9954326,0.9935884,0.99608296,0.9956319,0.9957689,0.99667984,0.9944796,0.99599695,0.99587744,0.99612486,0.9948564,0.99552935,0.99545383,0.9953888,0.99544865,0.99589866,0.99473757,0.99521583,0.99544483,0.9954949,0.99485445,0.9966236,0.994699,0.99585557,0.99600273,0.99241275,0.9957014,0.99542797,0.9967599,0.99624246,0.9960914,0.9947847,0.9946219,0.994457,0.99562544,0.9947244,0.99452496,0.99555206,0.9950324,0.9949338,0.99549484,0.99481565,0.99499524,0.9944871,0.9943828,0.99480796,0.99445075,0.9962428,0.9940182,0.9952213,0.99547,0.99519503,0.9952757,0.9958537,0.9957987,0.9954444,0.9950186,0.99552816,0.9959863,0.9940976,0.9948785,0.993316,0.9958455,0.99533224,0.9949379,0.99682736,0.99485636,0.9952185,0.9947626,0.99596083,0.9956167,0.99587554,0.9965754,0.9962967,0.9952734,0.9956824,0.9968159,0.9961832,0.99623454,0.9953837,0.99659467,0.99481833,0.9992319,0.9963022,0.99547726,0.9969123,0.99637693,0.9971454,0.99544454,0.9949845,0.9946118,0.99645305,0.99584484,0.9961747,0.9955255,0.9955232,0.99526906,0.995195,0.9962053,0.99553126,0.9957449,0.9962012,0.9960742,0.99516696,0.99416494,0.99667996,0.9969438,0.9967303,0.9942214,0.9939454,0.9999996,0.9967619,0.99554986,0.9954884,0.99475634,0.99185294,0.99634874,0.9962061,0.9957356,0.9953845,0.9951418,0.9953856,0.99431074,0.9958012,0.99572676,0.99538827,0.99509573,0.9953811,0.9958254,0.99578375,0.9960185,0.99611473,0.9962983,0.99640566,0.99409133,0.9960257,0.99513096,0.99514073,0.9952406,0.99636865,0.9951809,0.99532,0.99522406,0.9955684,0.99495995,0.994837,0.995616,0.9949097,0.9957083,0.9963691,0.99575305,0.9947376,0.99622196,0.99539185,0.99582887,0.9957667,0.99568295,0.99464494,0.99642694,0.99622923,0.9962139,0.9941705,0.995475,0.99642634,0.99654806,0.9956544,0.9961048,0.9922041,0.9951239,0.9957588,0.9963538,0.99523264,0.9952386,0.99642986,0.9947288,0.99507457,0.9946663,0.99641985,0.9944587,0.9947319,0.9959022,0.9955014,0.9955763,0.99555796,0.99514365,0.99602145,0.9957275,0.996384,0.9961897,0.9970554,0.99613667,0.9962258,0.9950712,0.99577343,0.9960704,0.9958845,0.9963366,0.99552375,0.99380517,0.9969618,0.9960921,0.99589217,0.99668086,0.99631256,0.9968358,0.9955621,0.995378,0.9964015,0.9961575,0.99608475,0.995429,0.99616665,0.9959762,0.9953397,0.9962748,0.9963045,0.9971379,0.99617594,0.99677277,0.99526715,0.9951221,0.9963447,0.9962717,0.99576724,0.9963883,0.9966826,0.9969541,0.9956513,0.9957138,0.996169,0.9959276,0.9956331,0.9960257,0.9958679,0.99612784,0.99424434,0.994099,0.9952725
ipip142,0.9983427,0.9967904,0.9976369,0.99668705,0.9981873,0.9968395,0.9985942,0.99730766,0.9984554,0.9967215,0.99709153,0.9982234,0.99734676,0.9968816,0.9965343,0.9979784,0.9981152,0.99693245,0.9983428,0.9979328,0.9983235,0.99762464,0.9987036,0.99821603,0.9971793,0.997855,0.9965733,0.998425,0.9974043,0.9977265,0.99804455,0.99805164,0.99743265,0.9981818,0.9984209,0.99851686,0.998303,0.99860954,0.9980826,0.9980152,0.9970226,0.99814045,0.9975068,0.996795,0.99623406,0.99820864,0.9973134,0.996651,0.9981252,0.9970204,0.9974808,0.991735,0.99830943,0.99675924,0.9957149,0.99745506,0.9961685,0.99638826,0.9968717,0.9982382,0.99826354,0.9978908,0.9984508,0.9975855,0.99760115,0.9973499,0.99828726,0.9982132,0.9980869,0.9966992,0.9986995,0.99858063,0.99534976,0.99782467,0.9969267,0.9912157,0.9965509,0.99804115,0.9976714,0.99820083,0.99772906,0.9983515,0.9966287,0.998224,0.99793714,0.9987427,0.9980931,0.99674803,0.99640787,0.99803007,0.9975323,0.99850637,0.9978488,0.99527353,0.99494976,0.99531275,0.9984593,0.9971733,0.9956616,0.99500793,0.99737394,0.9985923,0.9977803,0.99789226,0.9981841,0.995139,0.9983459,0.99681675,0.9981866,0.99826515,0.9987982,0.9958873,0.997486,0.9976008,0.9986921,0.99801713,0.9983479,0.99876887,0.9985123,0.9977026,0.99847144,0.997529,0.99848145,0.9983659,0.99825174,0.99719834,0.9978357,0.9983115,0.99728954,0.9972364,0.99879575,0.9925985,0.9974521,0.99609303,0.9983668,0.9988173,0.9980919,0.99823874,0.99874955,0.9985522,0.9985701,0.9983244,0.9972973,0.99822044,0.9980118,0.99578613,0.99818873,0.9980392,0.9960424,0.9980962,0.99873924,0.9981407,0.9963879,0.9952729,0.9983909,0.9983739,0.99833184,0.99809796,0.99560815,0.99825275,0.9967619,0.99999654,0.9984511,0.9973264,0.9987461,0.9916186,0.9985904,0.9977696,0.9983525,0.99732554,0.9989251,0.99641883,0.9982249,0.9983844,0.99838334,0.9986643,0.9983187,0.998075,0.99760073,0.99809986,0.9967487,0.99740547,0.99765325,0.99742794,0.9944706,0.99735814,0.99843514,0.9984716,0.99846524,0.99699265,0.99848145,0.99860954,0.99856836,0.9983805,0.9984297,0.998714,0.99857897,0.9988183,0.99697065,0.99724084,0.9981206,0.9986885,0.9967473,0.9986231,0.99832404,0.9978969,0.9987923,0.99414426,0.99711937,0.9964963,0.9978163,0.997218,0.9984239,0.99805075,0.996665,0.9963858,0.99821943,0.9907114,0.99784964,0.99836534,0.9989654,0.9977329,0.99800867,0.9975932,0.99617296,0.99865746,0.998568,0.99825513,0.99287236,0.9966341,0.9980415,0.9980405,0.99826187,0.99830467,0.99857473,0.9967288,0.99810386,0.9980319,0.99864185,0.9976064,0.99840516,0.997667,0.99856406,0.99696183,0.99790555,0.9982464,0.99695206,0.9988703,0.99345785,0.99788386,0.99847513,0.9984634,0.99625236,0.9984581,0.997298,0.99785686,0.99767786,0.99846417,0.99687636,0.9983008,0.99864185,0.99631554,0.99762654,0.9954921,0.996758,0.9984807,0.99798673,0.99783164,0.998059,0.9947795,0.998862,0.9968786,0.9980069,0.9987365,0.9982165,0.99801546,0.9980679,0.9981782,0.9967229,0.9983055,0.9975234,0.99861366,0.997535,0.99753773,0.9981466,0.99404216,0.9921513,0.996388
ipip172,0.9975323,0.99614006,0.9971022,0.9960364,0.99734586,0.9963102,0.99775016,0.9968672,0.99756163,0.9960515,0.9965216,0.9975621,0.9966814,0.99634284,0.9958018,0.9973936,0.99747056,0.9965599,0.99756205,0.997426,0.99756336,0.99688286,0.99736625,0.9972343,0.9965028,0.99728906,0.99570775,0.9977419,0.9969456,0.9970902,0.9973318,0.997106,0.99678135,0.99756604,0.9978737,0.99723536,0.99792844,0.99791604,0.9975285,0.9972953,0.9961329,0.9972236,0.9966422,0.9963956,0.99550766,0.9975037,0.9965616,0.9960051,0.99740654,0.9966129,0.9966547,0.9910652,0.9972091,0.99614,0.99476767,0.99668604,0.995573,0.9956624,0.99608445,0.99738663,0.997651,0.9972293,0.9978706,0.9968957,0.9970649,0.9966272,0.9976378,0.99746084,0.9972998,0.9960941,0.9975875,0.99737054,0.99466676,0.99671763,0.9965928,0.99055725,0.99603504,0.9973817,0.99679667,0.9971718,0.99693465,0.9975051,0.9960913,0.99774,0.9973026,0.9980129,0.99735445,0.99629366,0.9960995,0.9974643,0.9970353,0.99790984,0.9973739,0.9948749,0.9947204,0.99491084,0.99759233,0.9962986,0.9952146,0.99441314,0.9969374,0.9976263,0.9972421,0.9973023,0.99768263,0.9943768,0.9975979,0.9958533,0.9972306,0.9973875,0.99784446,0.99543524,0.99685806,0.99717194,0.9981278,0.99773556,0.99778885,0.9986498,0.9985244,0.9970186,0.99777293,0.9970696,0.997649,0.9982782,0.99758273,0.99671155,0.9970557,0.9976279,0.9961936,0.99662197,0.99778336,0.99276286,0.99592614,0.9954156,0.9973404,0.9974442,0.9969588,0.9972725,0.99783176,0.9975872,0.99786806,0.9975605,0.9969,0.9973196,0.9975316,0.9954713,0.99744636,0.9974259,0.99523944,0.9975507,0.9978411,0.99734133,0.9957538,0.9948386,0.9981026,0.99719775,0.9969946,0.99665403,0.9953571,0.99785024,0.99554986,0.9984511,1.0000014,0.99633396,0.9977483,0.9910285,0.99770355,0.9969516,0.9978894,0.99698967,0.9977465,0.9960975,0.9976099,0.99760747,0.997492,0.99804,0.99750894,0.99729335,0.9965579,0.99759203,0.99612063,0.99650204,0.9969822,0.9966403,0.9939967,0.996772,0.9979637,0.9978464,0.9979138,0.9963144,0.9978912,0.9977731,0.9978445,0.9974809,0.9977587,0.9978734,0.9978119,0.9977245,0.9963086,0.996417,0.99757457,0.9978844,0.9959685,0.9978498,0.9973668,0.99685574,0.99791574,0.99371177,0.99633455,0.9958891,0.9968747,0.9967724,0.99758893,0.99710226,0.99596024,0.99588,0.9975242,0.99066466,0.99744743,0.9976859,0.9976506,0.9970307,0.99724895,0.996818,0.9955726,0.9978345,0.99792826,0.99752396,0.99227756,0.9960133,0.99731296,0.9974254,0.9975309,0.99748814,0.99767727,0.99630976,0.99741644,0.99749386,0.9974731,0.9962117,0.99754673,0.9967222,0.9978129,0.996161,0.9970617,0.997375,0.99587065,0.9976909,0.9928054,0.9963424,0.99751055,0.99741626,0.99515307,0.99747986,0.9964203,0.9974283,0.99711514,0.9973412,0.9957536,0.9974808,0.9978407,0.99571055,0.9969896,0.99510413,0.99620354,0.99736625,0.9967028,0.9966535,0.9967371,0.99366987,0.9977748,0.9957192,0.9972741,0.99769264,0.99740756,0.99689734,0.9968171,0.9973684,0.9960559,0.9969866,0.9965074,0.9976316,0.99673295,0.99641657,0.9973235,0.9934903,0.99162483,0.9956801
ipip202,0.99623245,0.9961984,0.996209,0.9958351,0.996639,0.99620956,0.9963415,0.9960387,0.9973632,0.9958468,0.996567,0.99662113,0.99629796,0.9960128,0.9961954,0.9964636,0.99640465,0.9962141,0.9967491,0.9960035,0.99669826,0.99624974,0.9972695,0.997083,0.99667114,0.99603766,0.99591047,0.9966509,0.9960533,0.99649334,0.9968293,0.99679387,0.9962394,0.9965535,0.99606216,0.9968633,0.99615806,0.9962061,0.9963323,0.9963651,0.99543697,0.996421,0.9965559,0.995441,0.9960132,0.99665636,0.9965567,0.99606025,0.9963177,0.99573237,0.9962633,0.9922233,0.9965166,0.9953293,0.9958485,0.99608046,0.99531513,0.99584043,0.99625856,0.9969148,0.99643713,0.99643487,0.99655604,0.9968359,0.99653405,0.99680704,0.996221,0.99682075,0.9968859,0.99599737,0.9961984,0.9968444,0.99537444,0.9957743,0.995952,0.99106985,0.9952175,0.9962208,0.99678445,0.99699485,0.99695706,0.9964384,0.99533665,0.99637526,0.9962863,0.9963179,0.9959702,0.99611807,0.9959779,0.99621445,0.9961933,0.99643767,0.9962556,0.99460256,0.99473864,0.9946254,0.99636227,0.9967503,0.9950357,0.994883,0.9962953,0.9971875,0.99659216,0.99703,0.9966938,0.99506783,0.99629384,0.9968019,0.99698627,0.9959919,0.9965467,0.99463576,0.9962597,0.99629736,0.99639183,0.99696964,0.9963505,0.9970163,0.9962582,0.9964951,0.99662155,0.9962442,0.99689806,0.9966035,0.99622047,0.99662733,0.9963508,0.99662715,0.9969754,0.9958203,0.99668914,0.992872,0.99619216,0.995627,0.9963078,0.99711823,0.9972203,0.99679667,0.9964781,0.9963672,0.9964492,0.9971092,0.9971712,0.99707574,0.99655855,0.9952726,0.9964224,0.99680203,0.99535334,0.99632174,0.99714017,0.9971391,0.9959943,0.9952507,0.9960487,0.99697286,0.99705726,0.99635684,0.9948469,0.9959057,0.9954884,0.9973264,0.99633396,0.9999982,0.9965383,0.9922383,0.9963481,0.9967946,0.9962791,0.9957591,0.99656296,0.9954482,0.9958542,0.9967984,0.9971766,0.9966622,0.99655855,0.9966294,0.9967425,0.9964831,0.9955484,0.9969771,0.99666876,0.9967878,0.99418354,0.9965163,0.9964183,0.99652326,0.9965289,0.9960975,0.9963933,0.9966882,0.99662757,0.9971652,0.9964729,0.99658525,0.99652547,0.996389,0.9959014,0.99642134,0.9964002,0.9966096,0.9957826,0.99651164,0.9968314,0.99721575,0.99713826,0.994998,0.9965825,0.9961847,0.9967493,0.9955188,0.9972564,0.9971524,0.9963218,0.9961915,0.9966217,0.9917439,0.9964709,0.9966447,0.99717253,0.9960621,0.9964971,0.99703634,0.9955834,0.9967808,0.99627787,0.9964741,0.9935523,0.99609554,0.99617016,0.9962004,0.99694717,0.99704367,0.9967378,0.9957696,0.99665046,0.99647164,0.99671,0.9962597,0.99669576,0.99637055,0.9963577,0.99620765,0.99626577,0.9971028,0.99615055,0.99669355,0.9930037,0.996048,0.9969353,0.99691284,0.99548876,0.99691564,0.9961927,0.9960375,0.9958647,0.99733335,0.9956058,0.9972638,0.9966467,0.9959116,0.9960686,0.9944004,0.9960273,0.9967526,0.99699205,0.99767756,0.99724656,0.9948122,0.99653566,0.9963976,0.99687326,0.99709785,0.997109,0.9967227,0.99696434,0.9967381,0.9963262,0.9967206,0.9970696,0.9966703,0.9965025,0.997177,0.9966411,0.9939809,0.9923524,0.9954816
ipip232,0.9986847,0.996167,0.9976642,0.99584854,0.9980595,0.99650735,0.99879986,0.9970526,0.99807745,0.99582446,0.9964536,0.9980406,0.9963645,0.9963379,0.99556994,0.9977399,0.998044,0.996229,0.99807525,0.9978057,0.99795336,0.9977459,0.9979497,0.9980371,0.99678934,0.99775475,0.99529284,0.9979681,0.9970897,0.99733824,0.99789774,0.99751145,0.9970884,0.998024,0.99872607,0.9980251,0.9981708,0.99879444,0.99797046,0.997887,0.9957594,0.99761087,0.9965906,0.996268,0.9950274,0.99791485,0.99635893,0.9962853,0.9975877,0.99639106,0.99715585,0.98992825,0.9979755,0.99623865,0.99472433,0.9960783,0.9958976,0.9951886,0.99604356,0.9977138,0.99834824,0.99743295,0.99838585,0.9973692,0.99734867,0.99662167,0.99842775,0.99820995,0.9979497,0.9962644,0.99885595,0.9976217,0.9945353,0.99712634,0.9960576,0.98926795,0.9956432,0.9977247,0.9965385,0.9975968,0.9971608,0.9983817,0.9960714,0.99851394,0.99768806,0.99885774,0.99811774,0.9961085,0.99578094,0.99799997,0.99727917,0.99869436,0.99785805,0.9943455,0.9939022,0.99430066,0.99906653,0.99608713,0.9947983,0.99358535,0.9968416,0.9985397,0.99755716,0.9976039,0.99789906,0.9938959,0.9981784,0.9964418,0.9978305,0.99860525,0.99903226,0.9957267,0.996999,0.9969785,0.9985252,0.9965516,0.99832124,0.99856675,0.9984794,0.9968564,0.99829066,0.996922,0.99782246,0.9978663,0.9982476,0.99666744,0.9967362,0.9980417,0.9963657,0.99690557,0.99841607,0.9910242,0.995752,0.9949468,0.99819434,0.9979021,0.99758595,0.99763125,0.9990119,0.99939597,0.9989292,0.9978985,0.9966823,0.99838936,0.99787426,0.99528325,0.9981546,0.9979808,0.99457765,0.99787384,0.99848795,0.9975697,0.99512786,0.99417263,0.9985862,0.9971965,0.9970472,0.9967921,0.9947635,0.99857974,0.99475634,0.9987461,0.9977483,0.9965383,1.0000024,0.9899171,0.99827105,0.9971488,0.9979412,0.9966624,0.9989451,0.99588364,0.9984001,0.9980134,0.99799603,0.99837196,0.99835837,0.9982022,0.99700254,0.997631,0.99580014,0.9964431,0.9965889,0.99660426,0.9934011,0.996644,0.9982785,0.9983058,0.998289,0.9959934,0.99836874,0.9983333,0.9983901,0.99799144,0.9983945,0.9987824,0.99821323,0.99885476,0.9960848,0.99630773,0.9977016,0.9989433,0.9958574,0.99839354,0.9977026,0.9971742,0.998581,0.9926996,0.9962505,0.99542737,0.99704903,0.99716324,0.9980942,0.99725276,0.9955629,0.9954015,0.99746954,0.98850995,0.9973383,0.99792635,0.99833184,0.9968317,0.99774414,0.99669975,0.9952322,0.99846065,0.9986971,0.9976985,0.9909084,0.99620765,0.9974754,0.9977977,0.99813735,0.9980155,0.9985318,0.99579096,0.99772274,0.9970834,0.99779797,0.9960613,0.99769247,0.99670327,0.9983851,0.9962366,0.99720883,0.997937,0.99612975,0.99882984,0.9924122,0.9967518,0.99805105,0.99808156,0.9947674,0.99801767,0.9961477,0.99739105,0.99745274,0.9979837,0.99559474,0.99795735,0.99837446,0.9949711,0.99678516,0.9943225,0.9955115,0.9980188,0.9968394,0.9972434,0.9969359,0.99314636,0.9989201,0.9957614,0.9973326,0.9984056,0.9975298,0.9971433,0.99703324,0.9979471,0.99606055,0.99749273,0.9969687,0.9985307,0.9969336,0.997005,0.9978347,0.9931901,0.990456,0.99559647
ipip262,0.9890685,0.99103177,0.9897946,0.9910223,0.9904725,0.99065125,0.98960954,0.9908753,0.99131835,0.99114907,0.99285686,0.9903092,0.9920186,0.9908181,0.9912025,0.9907548,0.991075,0.9909197,0.99077773,0.9904413,0.990926,0.98984957,0.9911546,0.990751,0.99077326,0.99048716,0.9912388,0.9910762,0.99080175,0.99126744,0.9899191,0.991751,0.9903519,0.99046504,0.98932683,0.991009,0.9905556,0.9899072,0.99047256,0.9908901,0.9911539,0.9907515,0.9907567,0.9907747,0.9914509,0.9904119,0.9913212,0.99013823,0.99088895,0.9905513,0.99056643,0.9893029,0.99080616,0.99071765,0.99132633,0.9919328,0.9902962,0.99171436,0.9920437,0.99154526,0.98976475,0.9905837,0.9901409,0.99058443,0.99055535,0.9913044,0.9899006,0.9903756,0.99042404,0.9911409,0.98927736,0.99146086,0.9900372,0.9904243,0.9909349,0.98847646,0.9908373,0.9907431,0.9920134,0.99138397,0.9907124,0.9898502,0.99026346,0.9895076,0.9904111,0.98969537,0.9898866,0.9913053,0.99103725,0.99007803,0.991441,0.98950046,0.9902657,0.99029773,0.9901087,0.99010867,0.9892282,0.99201804,0.98992866,0.9908736,0.9910764,0.9901882,0.99059975,0.9911411,0.99083364,0.9912474,0.9901519,0.9912807,0.9911547,0.9892464,0.9899229,0.9885443,0.9907975,0.99201167,0.9903467,0.99200875,0.99032134,0.99094266,0.9898788,0.9915065,0.9904556,0.99074614,0.99093455,0.9907418,0.9904757,0.9910098,0.9915762,0.9914984,0.99173313,0.99060136,0.99084723,0.9892629,0.9916528,0.9911813,0.9904685,0.9915368,0.99164265,0.99227196,0.99025005,0.9894564,0.98951864,0.99112046,0.99174476,0.9910494,0.99035084,0.99073,0.99016273,0.99035245,0.99203205,0.9907267,0.99062777,0.99132043,0.99148184,0.9901758,0.98908085,0.99176246,0.9918042,0.991678,0.98961544,0.9888008,0.99185294,0.9916186,0.9910285,0.9922383,0.9899171,0.99999714,0.9910183,0.9910752,0.9908758,0.99071336,0.98977643,0.99065864,0.98914504,0.99069995,0.9909448,0.9909142,0.9901571,0.99069357,0.99149126,0.9909614,0.99080473,0.99159724,0.9912258,0.991596,0.9903547,0.9908892,0.99038905,0.99019593,0.9902688,0.99130243,0.9904107,0.99072325,0.9907756,0.9908597,0.9898813,0.98997355,0.99071467,0.9897097,0.9912005,0.9914592,0.99135566,0.98975414,0.99133265,0.9907877,0.99047726,0.9908169,0.99075997,0.9913606,0.99174243,0.99210066,0.99132335,0.98972905,0.99091727,0.99138093,0.99208707,0.99151844,0.99133366,0.9891499,0.99094516,0.99207914,0.99112195,0.99144,0.99078846,0.9917557,0.99135965,0.991337,0.98989624,0.9910633,0.98999745,0.9905757,0.9906463,0.9904916,0.99033266,0.99076873,0.99042654,0.9912455,0.99053,0.9921286,0.99163026,0.99187255,0.99111193,0.991019,0.99088615,0.9914652,0.99157363,0.9909693,0.9908996,0.990165,0.9894861,0.9912513,0.9916438,0.99147695,0.99296695,0.9919346,0.99288553,0.9904744,0.9901849,0.9910202,0.9908688,0.9908789,0.99079144,0.99169636,0.991211,0.9909724,0.99242425,0.9910396,0.9920829,0.9909245,0.9918389,0.9902677,0.9899028,0.9921803,0.99102557,0.9910516,0.99157286,0.99133337,0.99169344,0.9902951,0.9903693,0.9905284,0.9914445,0.9909037,0.990954,0.99134034,0.99130183,0.9901367,0.99010766,0.9909742
ipip292,0.998096,0.99643,0.9974889,0.9962011,0.9977776,0.99636567,0.9985162,0.99719626,0.9981564,0.9962512,0.99681336,0.99774396,0.9968488,0.9963618,0.9959591,0.99744326,0.99787444,0.9962384,0.99771583,0.9977952,0.99786156,0.99714726,0.99801385,0.9978547,0.99682254,0.9976614,0.9962513,0.9980792,0.99718875,0.99748915,0.99748796,0.99800533,0.9971966,0.99789375,0.9982563,0.99798584,0.99835813,0.9984468,0.9976177,0.9976823,0.99686444,0.9982421,0.9968743,0.9968345,0.9957299,0.9978707,0.9969984,0.9963908,0.99769956,0.9965082,0.9971946,0.99122024,0.9980214,0.9966903,0.99565744,0.9974481,0.99572885,0.99610865,0.99626124,0.9982233,0.99783355,0.99734473,0.9980752,0.9970997,0.99712116,0.99677664,0.9980872,0.9981045,0.9977636,0.9965019,0.9984499,0.99818283,0.99476695,0.9974296,0.99634486,0.99108905,0.99639505,0.99775183,0.99760795,0.99791646,0.99714875,0.99789965,0.99634063,0.99793994,0.9979465,0.998329,0.9977414,0.99640524,0.9959973,0.9977061,0.9969503,0.99819964,0.99745554,0.994455,0.9943825,0.9949017,0.99821526,0.99678725,0.99491036,0.99455154,0.9970648,0.9979738,0.9973214,0.9974167,0.99765205,0.9949744,0.99795115,0.9961892,0.9979791,0.9979709,0.99861294,0.9954162,0.9969243,0.99686986,0.99821067,0.9969409,0.99780667,0.99815905,0.9979625,0.9972603,0.9981439,0.99729586,0.9981463,0.99794483,0.99807125,0.9968483,0.99776167,0.9984297,0.99699277,0.9969791,0.9986997,0.9924676,0.99644524,0.9953752,0.9982079,0.9982917,0.99749666,0.9986949,0.9988511,0.9985449,0.9980779,0.99773735,0.9968326,0.99776685,0.9974504,0.99529,0.9978396,0.9978329,0.996241,0.9978395,0.99825734,0.9975242,0.9956649,0.9947158,0.9979937,0.99761707,0.9975642,0.9974384,0.9948166,0.9980311,0.99634874,0.9985904,0.99770355,0.9963481,0.99827105,0.9910183,1.0000008,0.9972466,0.9979098,0.99688727,0.9985246,0.99598837,0.99813044,0.9978811,0.99808174,0.99839664,0.9980531,0.9977863,0.9974565,0.99797636,0.99624497,0.9970775,0.99706894,0.9972722,0.99421006,0.996988,0.9982718,0.9983514,0.99834186,0.9966578,0.9982866,0.9984067,0.99837065,0.9980409,0.99802256,0.9985614,0.99830556,0.9987623,0.99660856,0.99713117,0.9980185,0.9982848,0.9963767,0.998377,0.9977783,0.9972146,0.9984786,0.9935846,0.99690163,0.99636006,0.99743676,0.9969818,0.99804157,0.9974782,0.9966049,0.99574065,0.99804205,0.99009067,0.9972139,0.9977669,0.9984866,0.9972693,0.99771756,0.99705964,0.9957318,0.99824107,0.9983833,0.9980515,0.9923737,0.9964093,0.9979629,0.9976884,0.99788934,0.9978087,0.9980052,0.99645,0.9977328,0.9974352,0.9979834,0.9967708,0.9975903,0.9969739,0.9982607,0.9968797,0.9976229,0.99808675,0.99658936,0.9990821,0.9932425,0.9974011,0.99867713,0.9986452,0.99653685,0.9988635,0.99760324,0.9976167,0.9975808,0.9978734,0.9961122,0.99779516,0.9984063,0.99603754,0.9974649,0.99546385,0.99666,0.9981995,0.99742216,0.9971709,0.9972884,0.9940613,0.9988689,0.99692446,0.9973684,0.9988727,0.99774224,0.997523,0.99761236,0.9978848,0.9964186,0.99763745,0.9972977,0.9986303,0.9975111,0.99726826,0.99841017,0.993782,0.9921917,0.99609214
ipip57,0.99686396,0.9968607,0.99660116,0.9963648,0.9971481,0.9966991,0.99701285,0.9966379,0.9976868,0.99632925,0.996517,0.99729097,0.9966724,0.9966287,0.99669063,0.9968531,0.99731666,0.99644697,0.9974873,0.99687845,0.99741703,0.99687856,0.9978211,0.9977668,0.99828154,0.996844,0.99607813,0.99748254,0.996733,0.99728554,0.9972083,0.99717546,0.99639595,0.9982312,0.9968562,0.99773556,0.9968834,0.99708676,0.9972138,0.99764067,0.99587697,0.9970056,0.99706775,0.99583954,0.99631536,0.99741334,0.9980321,0.99702287,0.997128,0.996601,0.9967019,0.992224,0.99685305,0.9962151,0.9960818,0.99667627,0.99552417,0.9961317,0.9962113,0.9974945,0.99719197,0.9971805,0.99748296,0.9975307,0.9974508,0.9974122,0.99701256,0.9976078,0.9982736,0.99671006,0.99725056,0.9976409,0.99529994,0.9966817,0.9966273,0.9916589,0.9964218,0.99741584,0.99710035,0.9974166,0.99723905,0.9974524,0.99611515,0.9970464,0.9971012,0.99713093,0.99683756,0.99663985,0.9961716,0.99703836,0.9966938,0.99742013,0.996923,0.99494195,0.9951407,0.9952627,0.9970974,0.99676245,0.99539775,0.995787,0.9968798,0.9976356,0.99698055,0.9976974,0.997751,0.9956478,0.99738115,0.9968371,0.99795467,0.9967518,0.9972719,0.99514353,0.99687225,0.99645495,0.99721676,0.9972295,0.9968931,0.997659,0.99691427,0.99724627,0.9974651,0.9967439,0.997538,0.99726194,0.99695045,0.99696416,0.9970837,0.99725467,0.9972091,0.9966127,0.9978274,0.99414295,0.99688816,0.99604905,0.9971848,0.9974553,0.997421,0.9975623,0.99729776,0.99715424,0.9973204,0.9975439,0.99682295,0.9973357,0.9973935,0.9952819,0.99754506,0.99822646,0.99575305,0.99732465,0.99792737,0.9977191,0.997257,0.9959542,0.9968463,0.99758905,0.9978608,0.9972338,0.9949732,0.99674535,0.9962061,0.9977696,0.9969516,0.9967946,0.9971488,0.9910752,0.9972466,1.0000002,0.99725103,0.99648523,0.9975481,0.996279,0.9967387,0.9979488,0.9975175,0.9973462,0.997427,0.9972757,0.99714166,0.99730664,0.9966987,0.9969458,0.9973977,0.99687797,0.99468356,0.996503,0.99721456,0.99730957,0.9973453,0.99693805,0.99741465,0.99739873,0.9973544,0.99738884,0.99768287,0.99723953,0.9974882,0.9972815,0.996649,0.9978373,0.99774265,0.9973375,0.9966698,0.9973181,0.99742633,0.99767864,0.99759626,0.99484676,0.9969438,0.9960772,0.99718815,0.9963139,0.997431,0.9972624,0.9965469,0.99621934,0.99764824,0.9919718,0.9969398,0.9974805,0.9979613,0.9966321,0.99672294,0.9975111,0.99587584,0.9973642,0.99698573,0.99744457,0.99368715,0.9966354,0.997259,0.99662673,0.9975314,0.9976341,0.99714994,0.9959437,0.9983133,0.99706125,0.99754745,0.9968876,0.9974781,0.99725574,0.9971413,0.9975224,0.99703074,0.99805546,0.9965733,0.99763536,0.9932097,0.99702185,0.99780905,0.9977269,0.9961456,0.99779075,0.9968771,0.9969504,0.9967004,0.9977675,0.9963521,0.99761534,0.9974005,0.9960227,0.99687934,0.9954795,0.9964714,0.9972461,0.9973619,0.9978904,0.997408,0.9947431,0.99735963,0.99676764,0.99743456,0.99746346,0.9976049,0.99743205,0.997416,0.9984765,0.9974028,0.9974162,0.9972598,0.9972576,0.99746597,0.99726516,0.99719197,0.9945374,0.9930047,0.99550295
ipip87,0.99764735,0.99660313,0.9971976,0.9964445,0.99792737,0.99648464,0.997901,0.9971847,0.9977339,0.99649006,0.9966523,0.9974227,0.9968796,0.99645704,0.9958881,0.9972276,0.9977003,0.99688727,0.99762964,0.9975647,0.9979612,0.9972817,0.99774885,0.9977538,0.99696594,0.9975226,0.9963333,0.9979578,0.9970157,0.9973567,0.9974283,0.9972805,0.9967094,0.9976335,0.9978906,0.997489,0.9979193,0.9980968,0.99757653,0.99764925,0.9961755,0.9974743,0.9969486,0.9963832,0.9958561,0.9976938,0.9970154,0.99622566,0.9978243,0.99670446,0.9972369,0.99181354,0.9976469,0.9966939,0.9952697,0.99683326,0.99582833,0.99594593,0.996397,0.9975463,0.9976503,0.997227,0.99786764,0.9971602,0.997279,0.9967487,0.9978168,0.9977136,0.99775416,0.99649686,0.9978554,0.99763155,0.9949903,0.99710613,0.9963957,0.99100107,0.996284,0.99749076,0.9970029,0.9975395,0.99694926,0.99765795,0.9961724,0.99782664,0.99745077,0.9979274,0.9974745,0.99636006,0.9960358,0.9977526,0.9970465,0.9977037,0.99742347,0.9950932,0.9945202,0.99507046,0.9978281,0.9966462,0.994905,0.9949081,0.9969696,0.99771994,0.9972358,0.99745214,0.9976975,0.9948719,0.9976558,0.99629486,0.99762946,0.9976041,0.997962,0.99570054,0.99689215,0.9969802,0.99783933,0.99709487,0.99753684,0.99791896,0.9978972,0.9970354,0.9978539,0.9972022,0.99775153,0.99787265,0.9980598,0.99665767,0.9972477,0.9977387,0.99658316,0.99672294,0.9979823,0.99255526,0.9963087,0.99571776,0.99772346,0.99765927,0.99725664,0.9975089,0.9978838,0.99795395,0.9978577,0.997681,0.9968283,0.9977467,0.9974552,0.9955398,0.9975469,0.9977885,0.9954859,0.99786854,0.9978389,0.9972584,0.9957139,0.9947969,0.9977629,0.9971841,0.99724907,0.9970728,0.99514836,0.99768794,0.9957356,0.9983525,0.9978894,0.9962791,0.9979412,0.9908758,0.9979098,0.99725103,0.9999984,0.9972595,0.9981596,0.99640757,0.99798906,0.9979479,0.9977398,0.99796784,0.99773455,0.997638,0.9968812,0.99774367,0.99637985,0.9967303,0.9971301,0.9968837,0.99412274,0.99677473,0.9979512,0.99796826,0.99800444,0.9964677,0.99800754,0.9979418,0.997891,0.997666,0.99775374,0.99797046,0.9980386,0.99806315,0.99648136,0.99698687,0.9977836,0.9980866,0.99657845,0.9980777,0.9976633,0.9973867,0.998083,0.9938765,0.99676573,0.99620146,0.99722916,0.99692327,0.9977581,0.9972237,0.9962059,0.9961103,0.9974932,0.9904273,0.9971738,0.9976322,0.9979529,0.9970227,0.9974762,0.9971732,0.9956499,0.997893,0.9979549,0.99783033,0.9927442,0.99629086,0.9977437,0.99749273,0.9976491,0.9976585,0.9978909,0.99639463,0.99777347,0.9975508,0.99789643,0.99667233,0.9977751,0.99718595,0.99803036,0.99659616,0.99733615,0.9978848,0.9965812,0.9980677,0.99347943,0.99718195,0.9978558,0.9977908,0.9957247,0.9977303,0.9968126,0.99774444,0.9975899,0.9977421,0.99637985,0.9978262,0.99806774,0.99602854,0.99744636,0.9957655,0.99666286,0.9975881,0.9969877,0.9969572,0.99702513,0.99392945,0.99797875,0.9962091,0.997333,0.99794394,0.9975981,0.99718606,0.99718714,0.99775404,0.9961319,0.99743885,0.99699086,0.9979943,0.9973397,0.99689734,0.997597,0.99401754,0.99219984,0.99588597
ipip117,0.9964944,0.9956424,0.99627984,0.9955428,0.9967361,0.99584544,0.99673355,0.996108,0.9967775,0.99558824,0.9960937,0.99664605,0.99671835,0.99615294,0.9956625,0.9968915,0.9967513,0.995794,0.99690443,0.9966553,0.9970175,0.9961741,0.9968635,0.9964929,0.99607784,0.9970072,0.9955978,0.99707574,0.9966321,0.99672246,0.99643624,0.9965835,0.99555343,0.9966159,0.99665517,0.9967047,0.9971135,0.9970343,0.99683625,0.99654955,0.9955186,0.99670076,0.99604917,0.9960804,0.9953003,0.9967752,0.9962635,0.995511,0.9969317,0.99616814,0.996158,0.9916613,0.99672085,0.9960766,0.9947053,0.99626595,0.9952445,0.99573284,0.9959114,0.9967271,0.9967996,0.9966654,0.9971357,0.99627423,0.9963443,0.99627453,0.9967914,0.9966945,0.9964578,0.99568,0.99654335,0.99688953,0.9942345,0.9959887,0.9961666,0.9909239,0.9957576,0.9966962,0.9962447,0.9965399,0.9963888,0.99669033,0.99568087,0.9967806,0.99697363,0.99687326,0.9965637,0.9959587,0.9955321,0.9965299,0.9965653,0.99678046,0.9966563,0.99516106,0.99427843,0.9945408,0.99648553,0.99592185,0.99492025,0.9946629,0.9966532,0.9966842,0.9967337,0.9967194,0.9971341,0.9947508,0.9971995,0.9956456,0.99677837,0.9965148,0.99696475,0.99502265,0.9966011,0.99670684,0.9968218,0.9966249,0.996943,0.9969901,0.9969391,0.9963863,0.99709886,0.9968027,0.9969787,0.99707294,0.99732333,0.9960031,0.9965645,0.99693334,0.995722,0.99613583,0.99693197,0.9928388,0.9957371,0.9954568,0.9966027,0.996928,0.996333,0.9966254,0.9968534,0.9965941,0.996731,0.99693835,0.9964845,0.9966489,0.99674946,0.9954534,0.9965332,0.9965912,0.9951679,0.9970228,0.9968172,0.9965469,0.9955512,0.99459434,0.9966368,0.9969311,0.9969078,0.99655783,0.9950702,0.99644995,0.9953845,0.99732554,0.99698967,0.9957591,0.9966624,0.99071336,0.99688727,0.99648523,0.9972595,1.0000006,0.99727523,0.9965618,0.9979294,0.997353,0.99709904,0.9976198,0.9967727,0.99670106,0.9961359,0.99720424,0.9962739,0.99615514,0.9969257,0.9962156,0.9940959,0.99628764,0.9971495,0.99707615,0.99719596,0.9960247,0.99719274,0.9969695,0.996988,0.99671274,0.99691814,0.9969234,0.9971701,0.9969222,0.9961125,0.99629396,0.9968212,0.9967793,0.99608994,0.99713767,0.99685633,0.9964533,0.9970034,0.9934642,0.996273,0.9956704,0.99630725,0.9964902,0.9968779,0.996487,0.99577594,0.99569833,0.9969154,0.99071777,0.99665916,0.9969328,0.9971294,0.99608785,0.99661326,0.996504,0.99534786,0.996896,0.99696404,0.9970961,0.9929651,0.99570316,0.99698275,0.99690694,0.99663895,0.99683195,0.9971607,0.9961852,0.9965621,0.9966283,0.9970528,0.9964478,0.99714065,0.9968711,0.9969775,0.9958302,0.9968414,0.99687475,0.9957733,0.9969252,0.99329597,0.9963508,0.9968622,0.99678963,0.9953162,0.9967922,0.99627584,0.99698836,0.99666303,0.9965949,0.9962237,0.99714744,0.9971009,0.99568546,0.9967384,0.9952629,0.99603623,0.9967376,0.9964388,0.9960013,0.9965308,0.99381185,0.9967619,0.99550027,0.9962583,0.9968236,0.9966331,0.99647576,0.9965706,0.9964819,0.99556124,0.9967145,0.9958464,0.99695665,0.9962454,0.9958446,0.99689037,0.9933654,0.991894,0.99519336
ipip147,0.9988692,0.9962967,0.9978523,0.996119,0.99842757,0.99688977,0.9989435,0.99681246,0.9980705,0.99604416,0.9965487,0.9981629,0.9963199,0.9961542,0.9957889,0.99756247,0.9979226,0.99607176,0.99799484,0.99768466,0.9981408,0.9975777,0.9986047,0.99803436,0.9971043,0.9978651,0.99557537,0.99799913,0.9970843,0.9973601,0.99791086,0.9976201,0.9972651,0.99809605,0.99864674,0.9985161,0.9982416,0.9988159,0.99792254,0.9979536,0.99591494,0.9980401,0.99678564,0.9964067,0.99526006,0.9982752,0.99675244,0.99654615,0.9976698,0.9963873,0.9973728,0.9900083,0.99800324,0.996113,0.9948314,0.9963305,0.99592996,0.99526554,0.99603045,0.99793,0.998376,0.9976991,0.9984259,0.9974976,0.9974829,0.99690914,0.9984317,0.99855405,0.9980762,0.9962736,0.99917346,0.9981429,0.9946423,0.99755114,0.99618757,0.98959476,0.99577844,0.99783367,0.99665385,0.99762416,0.9973156,0.99853307,0.9962518,0.9986146,0.99784607,0.9988673,0.99811465,0.99596244,0.9956817,0.9979433,0.9971126,0.99885327,0.99791735,0.994491,0.9939057,0.9943099,0.99893266,0.9962156,0.99494,0.99381727,0.9969107,0.9986546,0.99760115,0.99783003,0.9979905,0.99403524,0.99826854,0.9962575,0.99790764,0.9985207,0.99897337,0.99576485,0.99703944,0.9969733,0.9984646,0.9969378,0.9982713,0.9985892,0.99845314,0.9970283,0.9984707,0.9971152,0.9981886,0.9980146,0.99841255,0.9966401,0.9969662,0.9980673,0.9966139,0.99678075,0.9990006,0.9913912,0.9962206,0.9949395,0.9987186,0.9980883,0.9975271,0.99791366,0.9989493,0.99884355,0.99892265,0.9979448,0.99677145,0.997889,0.9979289,0.9949023,0.9982377,0.99815196,0.99486667,0.9978542,0.99867743,0.99779403,0.99547124,0.9944244,0.9985876,0.99769866,0.9976038,0.99744755,0.99486494,0.9986279,0.9951418,0.9989251,0.9977465,0.99656296,0.9989451,0.98977643,0.9985246,0.9975481,0.9981596,0.99727523,1.0000014,0.99640083,0.9986567,0.99821347,0.99807817,0.99848056,0.99841225,0.9980342,0.9971337,0.99773055,0.99599075,0.9965453,0.9970176,0.9965897,0.99369085,0.9967419,0.99830264,0.9983856,0.9983715,0.99612653,0.9984306,0.9984605,0.9984885,0.9980668,0.9986033,0.99892217,0.99847025,0.99923295,0.9963106,0.9967001,0.9978484,0.9989367,0.9961962,0.99859995,0.99817234,0.99765223,0.99856365,0.99263287,0.9963174,0.99528277,0.9973071,0.9971505,0.9981605,0.99733055,0.99555945,0.99550307,0.9977144,0.98897487,0.99740016,0.9980074,0.9990803,0.9969487,0.9975365,0.9968601,0.9953123,0.9985958,0.99868494,0.99787563,0.99119115,0.99643403,0.99769694,0.9977752,0.9982098,0.9983114,0.9984346,0.9958129,0.99799365,0.9973702,0.9984516,0.99655086,0.99778837,0.99706554,0.9985287,0.9964478,0.99736834,0.9981035,0.99658674,0.9993623,0.9926531,0.99750924,0.9985151,0.9985072,0.9953136,0.9984323,0.9966052,0.99754,0.99758214,0.99833167,0.99625665,0.9981447,0.998501,0.99507374,0.9970193,0.99438906,0.99583685,0.9980553,0.9973631,0.99757046,0.9974077,0.9933808,0.999151,0.9962267,0.9974391,0.9987166,0.99767137,0.9974969,0.99749863,0.99817824,0.99622566,0.9980722,0.99711555,0.9986276,0.9971575,0.9970884,0.997779,0.9931863,0.9905975,0.99564993
ipip177,0.99554586,0.9960614,0.99577445,0.9956796,0.99664813,0.99623436,0.9957351,0.9959267,0.9963917,0.9957555,0.9954798,0.9964295,0.9959486,0.9956513,0.99597937,0.99591386,0.9961877,0.9955776,0.9963627,0.9958993,0.996258,0.9961599,0.99637014,0.9962892,0.99625874,0.9971453,0.99571013,0.9961583,0.99636483,0.9962307,0.99581516,0.9960156,0.9953457,0.9961868,0.99561286,0.9962321,0.99587476,0.99577487,0.99613374,0.9959982,0.99553895,0.99621356,0.99591094,0.99528086,0.9955603,0.9964294,0.99641126,0.9957237,0.99639577,0.9960665,0.9959818,0.9922352,0.996061,0.99543965,0.9952774,0.9960324,0.9955756,0.9962098,0.9955769,0.9963969,0.99581516,0.9960651,0.9961403,0.9961684,0.99633205,0.9962004,0.99606556,0.9963801,0.99606496,0.9966448,0.99586314,0.9965278,0.9947053,0.99573785,0.9959648,0.9910416,0.9954239,0.9960411,0.9961566,0.99639964,0.9965007,0.99588764,0.9949379,0.9960768,0.9963628,0.9958749,0.99555606,0.99535614,0.99578726,0.9961307,0.99635226,0.99571514,0.99601126,0.9946573,0.9942008,0.99467146,0.9956748,0.99566,0.9943473,0.9947156,0.9958733,0.9961135,0.9960342,0.99644506,0.9963481,0.9949572,0.99593455,0.99551946,0.9960777,0.99548036,0.995943,0.9944188,0.99624854,0.9961259,0.9958645,0.99642247,0.99585736,0.996167,0.99596506,0.9957398,0.99598515,0.9960214,0.996456,0.996277,0.99605894,0.99569046,0.99594545,0.996232,0.9959272,0.9955412,0.99627125,0.9931581,0.99569434,0.99513566,0.9956696,0.99637705,0.9961187,0.9963615,0.9959044,0.9958038,0.9959733,0.99644417,0.995988,0.9962557,0.99641204,0.995512,0.99628514,0.9961206,0.99536675,0.99622077,0.99617493,0.99630797,0.9953025,0.9946753,0.9956123,0.99653584,0.9964938,0.9960574,0.9947059,0.9954086,0.9953856,0.99641883,0.9960975,0.9954482,0.99588364,0.99065864,0.99598837,0.996279,0.99640757,0.9965618,0.99640083,1.0000004,0.99552244,0.99613154,0.99623203,0.99610627,0.9962403,0.9964468,0.995879,0.9961346,0.9959495,0.99610656,0.99626285,0.9961347,0.9946439,0.9958506,0.99598926,0.996031,0.99609774,0.99586177,0.99603456,0.99602556,0.99600494,0.99612904,0.99619323,0.99591047,0.9963589,0.9959492,0.9959658,0.9963998,0.99601245,0.9958268,0.9958609,0.99636817,0.99628687,0.9962414,0.9961317,0.9939342,0.99626225,0.9955077,0.9959666,0.99533254,0.99614775,0.9961216,0.9957419,0.9954363,0.9959981,0.99136114,0.9959411,0.9962946,0.9963671,0.9953821,0.99568146,0.99612725,0.9947824,0.99596554,0.9956839,0.9965009,0.99313813,0.99533683,0.99612385,0.9960227,0.9961646,0.9963536,0.9962108,0.995543,0.9962348,0.99606186,0.9963211,0.9961024,0.99624056,0.9967357,0.9959247,0.9958345,0.99609953,0.9964233,0.9961783,0.99603504,0.99454534,0.9966159,0.9964924,0.9963397,0.99523777,0.99630857,0.9959338,0.99589294,0.9957931,0.99627024,0.9962242,0.99676114,0.99602264,0.9954948,0.9960333,0.9948917,0.995823,0.99616826,0.99629194,0.99619347,0.9963912,0.9942519,0.99600935,0.9961737,0.9960365,0.9961746,0.996466,0.9962635,0.9961809,0.9961927,0.9955273,0.99652284,0.9962724,0.99620736,0.99611473,0.99606764,0.9962444,0.9944192,0.9924752,0.9949987
ipip207,0.998424,0.99551994,0.9973901,0.9952971,0.99762166,0.9959911,0.9985133,0.9963668,0.99753696,0.99520254,0.995954,0.997536,0.9958958,0.9956604,0.99495554,0.9973494,0.99749833,0.9957143,0.99760884,0.9974211,0.99754125,0.99706346,0.9974597,0.99744934,0.9963676,0.9977636,0.99479085,0.99761766,0.99678874,0.9968783,0.9974341,0.9970175,0.996663,0.9977289,0.9985574,0.99742645,0.99845374,0.9987451,0.99771553,0.9974409,0.99529016,0.99737793,0.9960389,0.99635327,0.99443537,0.9977165,0.9959554,0.9957588,0.9972992,0.99599487,0.9967534,0.9891306,0.9973316,0.99569607,0.99384135,0.9956559,0.9952835,0.994677,0.99528223,0.99725306,0.99804264,0.9969944,0.9979833,0.99682796,0.99695086,0.9961,0.9981312,0.99794596,0.99753976,0.9955658,0.99845827,0.9973171,0.99367803,0.99648166,0.995563,0.989004,0.9952863,0.9974462,0.9959748,0.9969975,0.9965667,0.9980304,0.99580455,0.998415,0.9974612,0.9985795,0.9978849,0.99553835,0.99533415,0.9976915,0.9966799,0.9984013,0.99747187,0.9939165,0.9932964,0.99368834,0.998431,0.995415,0.99418604,0.9929974,0.99662066,0.99807423,0.99728465,0.997241,0.99751884,0.9933977,0.9979263,0.99560624,0.99736744,0.9983008,0.99857825,0.99537325,0.996324,0.9966633,0.9982212,0.9961995,0.99797547,0.9981796,0.9983368,0.9965578,0.9980156,0.9967895,0.99752563,0.9976594,0.9982778,0.9961116,0.9964665,0.99754053,0.9957194,0.9964022,0.99814326,0.9907082,0.99517125,0.9943515,0.9979356,0.9973919,0.9968111,0.9970829,0.99851096,0.99845093,0.9985949,0.9973416,0.9963308,0.9972569,0.9974262,0.9944694,0.9978325,0.9977091,0.9941088,0.99770314,0.998057,0.9970605,0.99458534,0.99368197,0.99856704,0.99675995,0.99664295,0.99626845,0.99433285,0.99854046,0.99431074,0.9982249,0.9976099,0.9958542,0.9984001,0.98914504,0.99813044,0.9967387,0.99798906,0.9979294,0.9986567,0.99552244,0.9999991,0.9979796,0.99794585,0.9986504,0.99794686,0.9975257,0.9963562,0.99752307,0.9954975,0.9959043,0.9964593,0.99602616,0.99294716,0.99602437,0.99827474,0.9982807,0.9983189,0.99561644,0.99826777,0.9982046,0.99827117,0.9976838,0.99813306,0.9986609,0.9981033,0.99864304,0.9958743,0.9959112,0.9974369,0.99857944,0.99496907,0.9982461,0.99743974,0.996997,0.9982315,0.9919898,0.9956957,0.99487823,0.9966093,0.99725807,0.99785525,0.99658257,0.9948098,0.99512744,0.9973316,0.9881752,0.9970528,0.9977192,0.9980592,0.9967071,0.99722326,0.9962204,0.9948513,0.99826473,0.9986283,0.9973957,0.9902998,0.99597996,0.9973475,0.9974011,0.99754965,0.99765843,0.9981353,0.9952904,0.9974387,0.9966386,0.9976516,0.9957122,0.9974154,0.99646777,0.998337,0.9957525,0.99703115,0.99754864,0.9954294,0.9985312,0.99166214,0.99608314,0.9977019,0.9977402,0.99431694,0.997677,0.9958432,0.9972178,0.9972377,0.99730957,0.99514484,0.99754107,0.9982752,0.99449515,0.9966492,0.9939903,0.9953376,0.9971957,0.99616915,0.9964116,0.9963207,0.99230677,0.9985409,0.99509007,0.9966595,0.9979867,0.99697566,0.9964571,0.9963728,0.99753976,0.9954362,0.9972027,0.9962814,0.9981009,0.9964944,0.9963309,0.9972418,0.9922786,0.98955804,0.9949605
ipip237,0.9978634,0.99649894,0.9972956,0.9962767,0.9975714,0.99648875,0.99800676,0.9969648,0.9981634,0.9962279,0.99676174,0.9976677,0.99688756,0.9967654,0.9961471,0.99741346,0.99782,0.9969565,0.998004,0.9976864,0.9980686,0.9974876,0.99819946,0.9982311,0.9973332,0.9976403,0.99625874,0.9981959,0.9971704,0.9974119,0.9980783,0.9974242,0.9968813,0.99789935,0.9980448,0.9977566,0.99786735,0.998341,0.99787176,0.9976748,0.99615145,0.99745923,0.9970689,0.99649763,0.9959526,0.99775285,0.99707407,0.9965592,0.9976205,0.9968967,0.9972346,0.99165916,0.99736947,0.9964998,0.99578756,0.99661696,0.9956896,0.9958072,0.9963481,0.99766606,0.9977616,0.9974311,0.99798244,0.99761033,0.99739975,0.99689066,0.9978188,0.9978938,0.9978406,0.9963601,0.99799436,0.99796075,0.9946844,0.99679387,0.996267,0.99068695,0.9962415,0.99769896,0.9973398,0.99782443,0.99724007,0.9980315,0.9963397,0.9979718,0.99777496,0.9980168,0.9976198,0.99675786,0.99599725,0.997672,0.99684644,0.99804837,0.99737877,0.9946559,0.9945128,0.99499077,0.99789166,0.99677455,0.99507755,0.9947058,0.99693894,0.9983177,0.99728954,0.9977048,0.9979072,0.99481994,0.99807197,0.9964291,0.9977628,0.9976915,0.99811405,0.99560875,0.9969379,0.9966229,0.99786127,0.997213,0.9975133,0.9981198,0.99774057,0.9971962,0.9982381,0.9973136,0.9979511,0.9978993,0.99829584,0.9972299,0.99731743,0.9978451,0.99721855,0.9969836,0.99819005,0.9932646,0.9966545,0.99608135,0.9980112,0.99783546,0.99750704,0.9976359,0.9981343,0.99794906,0.9980594,0.9979752,0.9970986,0.9979993,0.9976331,0.9954294,0.9978319,0.9978289,0.9954419,0.997737,0.99846697,0.99783295,0.9963478,0.99500126,0.9977363,0.9975924,0.99777186,0.99717665,0.99495226,0.9976978,0.9958012,0.9983844,0.99760747,0.9967984,0.9980134,0.99069995,0.9978811,0.9979488,0.9979479,0.997353,0.99821347,0.99613154,0.9979796,0.9999986,0.99856985,0.9983292,0.99792284,0.9976569,0.99724203,0.99774635,0.9964506,0.99719507,0.99742156,0.9972448,0.99397576,0.9966791,0.9979259,0.9981032,0.99805325,0.996828,0.99807495,0.9980707,0.99799716,0.9982016,0.9981473,0.99807686,0.9980331,0.9981927,0.9968094,0.9969706,0.99767846,0.9980677,0.9961912,0.99798685,0.99770653,0.99794436,0.998499,0.9939013,0.9968319,0.9962919,0.9974687,0.996983,0.9981745,0.99756384,0.99651796,0.9961778,0.9975751,0.99038637,0.9971963,0.99784726,0.99829954,0.9969968,0.9974733,0.99750614,0.9955997,0.99797726,0.9979354,0.9977438,0.99247026,0.9966219,0.99753445,0.9973548,0.99771565,0.99782395,0.9977937,0.9962786,0.9978889,0.99721646,0.9979882,0.99680483,0.9980925,0.9971931,0.9979979,0.996801,0.9972558,0.9979386,0.99626344,0.9983586,0.9930817,0.99712306,0.99801797,0.99798054,0.9958136,0.9980081,0.9969093,0.9973783,0.99734205,0.9981351,0.9964373,0.9980003,0.99803096,0.99609643,0.9970988,0.9948915,0.9963642,0.9975099,0.9974003,0.99773794,0.9973179,0.99396193,0.9980868,0.9961028,0.9976895,0.9979913,0.9977508,0.99749815,0.9973967,0.9979531,0.99635273,0.997675,0.99732935,0.9979741,0.9971278,0.9973849,0.99754703,0.9935186,0.991699,0.99562615
ipip267,0.9978505,0.99656916,0.9973375,0.99664384,0.9977504,0.99675286,0.99819756,0.99694353,0.9985645,0.99660766,0.99686396,0.9976406,0.9967811,0.99652624,0.9963097,0.99734753,0.9977212,0.99678147,0.997756,0.9974002,0.99780405,0.9973133,0.99790746,0.9982744,0.9972,0.99754834,0.99673927,0.9980457,0.9970098,0.99766296,0.99875486,0.997857,0.9974429,0.9979203,0.99788916,0.99771214,0.9977651,0.9980947,0.99769974,0.9976385,0.99664634,0.9976967,0.99737245,0.9967465,0.996317,0.99780643,0.9971336,0.9966176,0.9973101,0.99664664,0.99723786,0.9919661,0.9975615,0.9964693,0.9966469,0.9970481,0.99594367,0.99622643,0.99635595,0.99815285,0.9976842,0.9973114,0.99787587,0.9977405,0.99736315,0.9970901,0.99788594,0.99837697,0.9979597,0.9969219,0.9979637,0.9976772,0.99510825,0.9969066,0.99638516,0.9909456,0.9958555,0.9973807,0.9981323,0.99866945,0.9972972,0.99780935,0.99601483,0.997866,0.99742466,0.99792045,0.9974778,0.99643147,0.99619937,0.9976204,0.99687475,0.9979289,0.9972577,0.99456817,0.99461186,0.99497783,0.99794495,0.9979207,0.99526775,0.9947477,0.99695355,0.9986024,0.99727964,0.9976237,0.99760425,0.9954874,0.9977298,0.9966485,0.99796814,0.99771816,0.9981337,0.9955516,0.9968651,0.9968352,0.9979367,0.9970084,0.99757487,0.9980067,0.99783814,0.997117,0.9980973,0.9973416,0.99807274,0.9978734,0.9978118,0.9980747,0.9975126,0.9978121,0.99829197,0.996962,0.9980043,0.9926317,0.9965077,0.99563134,0.9976757,0.99812865,0.99780554,0.9980891,0.9981555,0.9980148,0.9979994,0.9977558,0.99700433,0.99787474,0.9974948,0.9954495,0.9977895,0.99801326,0.99614584,0.9976955,0.99869996,0.9981783,0.9958503,0.9950493,0.9979213,0.9975207,0.99749434,0.9970565,0.9951019,0.9979402,0.99572676,0.99838334,0.997492,0.9971766,0.99799603,0.9909448,0.99808174,0.9975175,0.9977398,0.99709904,0.99807817,0.99623203,0.99794585,0.99856985,0.99999833,0.9985714,0.99791867,0.99772847,0.9975762,0.99808884,0.99641746,0.99881625,0.9976342,0.9987961,0.9946845,0.99708813,0.99839336,0.9985739,0.9985842,0.9973628,0.99811167,0.99867916,0.9985855,0.9996255,0.9980424,0.9984874,0.99823105,0.99825406,0.9973293,0.99722344,0.9977297,0.998221,0.9963151,0.99848646,0.9979,0.9981788,0.99912274,0.9943321,0.9972237,0.9965165,0.9976195,0.99696076,0.9992743,0.99790937,0.99748456,0.99638075,0.9976223,0.9908137,0.9971536,0.9976696,0.99809915,0.9972965,0.9978096,0.997456,0.9959943,0.9982196,0.99825406,0.99798894,0.9933128,0.99708647,0.9978432,0.9977599,0.9979676,0.99793434,0.9980218,0.9967608,0.99782974,0.99692744,0.9976725,0.99661976,0.997482,0.99693364,0.9980885,0.99758554,0.9977613,0.99816215,0.9963911,0.9981682,0.99336123,0.9968524,0.99847806,0.998483,0.99626535,0.99841464,0.9972535,0.9974001,0.99732006,0.99814934,0.99605435,0.9979487,0.99864954,0.9977013,0.99739796,0.99543715,0.9970619,0.9976344,0.9970173,0.9977646,0.9971447,0.9942601,0.9982886,0.9968484,0.99798876,0.9981675,0.99801385,0.9973288,0.99730766,0.99791294,0.99664706,0.9974634,0.998266,0.9980967,0.9975289,0.99827194,0.99783385,0.99421,0.99181694,0.9959815
ipip297,0.99833757,0.99640876,0.99771905,0.9960927,0.9978333,0.99641556,0.99861014,0.997103,0.9981775,0.9960331,0.9970118,0.9980688,0.99702114,0.99647963,0.99613804,0.9978498,0.9978886,0.99658686,0.9981052,0.99782366,0.9978937,0.99735653,0.9980123,0.99787444,0.99702245,0.99787056,0.9959808,0.9980352,0.9972117,0.99778414,0.99775285,0.99790406,0.99745667,0.99803203,0.99855304,0.9978299,0.9985256,0.9988359,0.998045,0.99777704,0.9963895,0.9982258,0.9969666,0.9974925,0.99542713,0.9979976,0.99677706,0.99653536,0.99783474,0.99656343,0.99717444,0.9909408,0.99790144,0.9964834,0.99542063,0.9971076,0.9956748,0.9962707,0.99640596,0.99796426,0.99807537,0.99750906,0.9982762,0.99725556,0.9974609,0.9969221,0.99839467,0.99830323,0.9980585,0.99661434,0.9983607,0.99807453,0.9946111,0.99701864,0.99643654,0.99090815,0.99605346,0.99780416,0.9971714,0.9977985,0.99745166,0.9982475,0.9963342,0.9983813,0.9977351,0.99855125,0.9979418,0.9964985,0.9960914,0.99803513,0.9971699,0.99844795,0.9976189,0.9946286,0.9945279,0.9949266,0.99829227,0.99674904,0.99530673,0.99462295,0.99728054,0.99832886,0.9976436,0.9976729,0.99788725,0.9948173,0.99826676,0.99633926,0.99794084,0.9982956,0.99878275,0.9959478,0.9970534,0.99729913,0.99841166,0.99722016,0.998132,0.9984557,0.9984086,0.99751234,0.9984221,0.99744403,0.99812365,0.99817926,0.99833906,0.99703485,0.9975683,0.99825585,0.99699354,0.9971214,0.99833184,0.99268794,0.9961824,0.9955406,0.9980236,0.99811083,0.99738604,0.9980141,0.99869883,0.99835056,0.9984363,0.99798375,0.9970994,0.99781984,0.9976844,0.99551445,0.99801713,0.9982051,0.99601036,0.99806595,0.9984434,0.9977768,0.9959735,0.9948053,0.99833685,0.9977389,0.99759376,0.99718094,0.9951583,0.9983283,0.99538827,0.9986643,0.99804,0.9966622,0.99837196,0.9909142,0.99839664,0.9973462,0.99796784,0.9976198,0.99848056,0.99610627,0.9986504,0.9983292,0.9985714,0.9999995,0.99829215,0.99782884,0.99705774,0.9980744,0.99630666,0.99726987,0.99735576,0.99726903,0.9944786,0.99698853,0.99843544,0.9985098,0.99852955,0.99674195,0.99838716,0.9990287,0.99911314,0.9983714,0.9983214,0.9992742,0.99850345,0.998647,0.9969245,0.99687856,0.9979703,0.9984316,0.9959738,0.9989886,0.9978321,0.99733543,0.9985677,0.99332684,0.99684095,0.9961785,0.9975121,0.99749434,0.9984051,0.99746567,0.9963961,0.99588984,0.9980665,0.99025613,0.9975424,0.998086,0.9983602,0.9979148,0.99776924,0.9968962,0.9962932,0.99884427,0.99859667,0.9978148,0.99211293,0.996613,0.9977303,0.997787,0.9979519,0.9980872,0.9983674,0.996323,0.9976998,0.99723786,0.99815595,0.9966872,0.9978702,0.9972833,0.9990633,0.9969029,0.99824065,0.9980402,0.99619526,0.99854517,0.9929267,0.9967139,0.99831814,0.99841,0.99586976,0.9983227,0.99701005,0.9975227,0.9974431,0.9977931,0.996054,0.9980504,0.99908495,0.99598014,0.9976607,0.9954109,0.99659956,0.997899,0.9971804,0.99716765,0.99726635,0.99407953,0.99863166,0.9963779,0.99734396,0.998425,0.99766564,0.9973802,0.99735034,0.99790204,0.99634725,0.997767,0.9972678,0.99871767,0.99726814,0.9973721,0.99811417,0.99352616,0.99133366,0.99594986
ipip1,0.9983258,0.9966644,0.99773985,0.9964187,0.9980054,0.9968936,0.99858195,0.9973866,0.9986266,0.9963958,0.99662167,0.997832,0.9965541,0.9964191,0.9961486,0.99748695,0.9979226,0.9972404,0.99787295,0.9977478,0.9978148,0.9978372,0.99800533,0.9990955,0.99708295,0.99774766,0.99613756,0.9980101,0.99704206,0.9973408,0.997661,0.99765867,0.9972512,0.99779356,0.9982832,0.99774975,0.99816346,0.9984156,0.99784136,0.99786353,0.99612546,0.9979484,0.9969333,0.9964055,0.9958549,0.9980941,0.996941,0.9968306,0.9976886,0.9963686,0.9972611,0.9914562,0.99769056,0.99700505,0.99550396,0.99676216,0.9959142,0.99660504,0.99638504,0.99781406,0.997981,0.9974456,0.99821705,0.99749106,0.99742466,0.9971828,0.9982908,0.9984799,0.9979748,0.9969269,0.99824667,0.9979225,0.99485606,0.9968761,0.99657446,0.99092495,0.9961464,0.9977913,0.99720323,0.9978552,0.99736965,0.9981426,0.9963208,0.99810475,0.9976696,0.998333,0.9978488,0.99639183,0.9960601,0.9978227,0.9968628,0.99829,0.9975877,0.9945154,0.9945878,0.9949258,0.9981968,0.9964187,0.99508345,0.99444735,0.99709356,0.9982441,0.99746203,0.9975953,0.99789286,0.99483,0.99816924,0.99641377,0.99804807,0.99824345,0.9986052,0.99578166,0.9968655,0.9971855,0.9982553,0.99686193,0.99799585,0.99835956,0.9982043,0.9971368,0.99801946,0.9970361,0.99803454,0.9977753,0.9979842,0.99684936,0.99752116,0.9980667,0.9968418,0.9969777,0.99814856,0.9924669,0.99607074,0.9955644,0.99784696,0.99775887,0.9973897,0.9977963,0.99849087,0.9981978,0.9982661,0.9978547,0.99705845,0.99793005,0.9978835,0.99543166,0.9980185,0.9979917,0.9953964,0.99786645,0.9983724,0.9976121,0.99582,0.99497324,0.9981016,0.9973547,0.9973275,0.99669796,0.9951366,0.9981077,0.99509573,0.9983187,0.99750894,0.99655855,0.99835837,0.9901571,0.9980531,0.997427,0.99773455,0.9967727,0.99841225,0.9962403,0.99794686,0.99792284,0.99791867,0.99829215,1.000001,0.9988567,0.99820274,0.9983744,0.9967113,0.9974516,0.9970354,0.99718004,0.9957217,0.99665207,0.99839944,0.9984884,0.9985811,0.99661124,0.998352,0.9983589,0.99829876,0.9979878,0.9981514,0.9986206,0.9984518,0.9985988,0.99674606,0.997049,0.99790263,0.99858636,0.996339,0.9983812,0.9979129,0.99752283,0.99858314,0.99448013,0.996861,0.9963537,0.9973607,0.9972824,0.99808943,0.9973353,0.99641156,0.9956446,0.99786,0.9905212,0.99775296,0.9979381,0.99825877,0.9969531,0.9976183,0.99707484,0.995631,0.9981857,0.9988313,0.9982762,0.9930872,0.9967003,0.9980959,0.99752766,0.99803567,0.99816054,0.99810314,0.99611,0.99772185,0.99703044,0.9979991,0.9966035,0.9976917,0.9977101,0.99828756,0.9966407,0.9975112,0.9984549,0.9966025,0.998398,0.9931827,0.99673855,0.9980803,0.99805164,0.9955602,0.9980765,0.99664533,0.9976978,0.9977547,0.9981598,0.9961614,0.9980945,0.9982979,0.99591786,0.99738604,0.9952093,0.9964496,0.9975571,0.99707144,0.99764305,0.9971691,0.9941693,0.99863774,0.99660534,0.9973702,0.9983421,0.99771684,0.9974143,0.9972449,0.99780136,0.9965458,0.99836063,0.9972056,0.9983887,0.99752384,0.9972572,0.99783885,0.99380416,0.9918566,0.9958329
ipip31,0.9978654,0.9969931,0.99744916,0.99659336,0.998025,0.9973389,0.99819946,0.9975739,0.99850225,0.99677753,0.99679244,0.99764895,0.99663126,0.9966332,0.9962968,0.997325,0.99766594,0.9973975,0.99761724,0.99751043,0.99763167,0.9978721,0.9977388,0.9987711,0.9972502,0.99755156,0.9965658,0.99780405,0.99708563,0.99732524,0.9973579,0.9974956,0.99709004,0.997618,0.9977804,0.9976278,0.997649,0.9979466,0.997566,0.9977406,0.9962501,0.99753624,0.99701256,0.9962792,0.99645376,0.9980542,0.99724764,0.99675626,0.9975749,0.9964303,0.9976361,0.99277693,0.9976136,0.9969578,0.99570566,0.99674654,0.99625266,0.9964915,0.99678594,0.9977357,0.99746585,0.9972078,0.9976649,0.9977205,0.9972542,0.9969125,0.9979131,0.9981091,0.99778396,0.99705887,0.99774253,0.997488,0.9950817,0.99678725,0.99634343,0.9908709,0.99617726,0.9974309,0.99709934,0.9976841,0.99722975,0.99767494,0.9960413,0.997785,0.9974112,0.99782336,0.9974339,0.9962082,0.99626267,0.99777853,0.99703896,0.99780226,0.9971827,0.99482346,0.99470055,0.99508923,0.9979368,0.99669015,0.9950573,0.99460226,0.99676275,0.9979384,0.99711025,0.9975749,0.9976231,0.9951303,0.9977542,0.9965944,0.9976989,0.9977025,0.998108,0.9956003,0.99690396,0.9968245,0.9977528,0.9967806,0.997589,0.9978485,0.9977075,0.99700415,0.9975804,0.996864,0.99775505,0.99749196,0.9976309,0.9969147,0.9973417,0.9977805,0.99688023,0.99686503,0.9978298,0.9922954,0.99617773,0.9954405,0.9974862,0.9976969,0.99748325,0.9977422,0.99804723,0.9979897,0.99793655,0.9975937,0.9966796,0.99790627,0.9975909,0.9959458,0.9977639,0.9977849,0.99551463,0.9976885,0.99794555,0.99749887,0.99569416,0.9948554,0.9976001,0.9971615,0.99717325,0.99678326,0.9951865,0.99758863,0.9953811,0.998075,0.99729335,0.9966294,0.9982022,0.99069357,0.9977863,0.9972757,0.997638,0.99670106,0.9980342,0.9964468,0.9975257,0.9976569,0.99772847,0.99782884,0.9988567,1.0000013,0.9980583,0.997879,0.9964522,0.9970016,0.9970971,0.99709654,0.99517995,0.9965421,0.99789906,0.99798095,0.99805593,0.9967132,0.9980155,0.99792916,0.9978995,0.99768037,0.99779135,0.9980273,0.9981184,0.99824584,0.9968309,0.9973742,0.99767554,0.9984261,0.99679434,0.99807096,0.99779093,0.9977041,0.9982202,0.9953512,0.99689186,0.9966686,0.9972432,0.9969397,0.9978803,0.9972654,0.99643433,0.99592537,0.99744046,0.9908211,0.9972294,0.9975691,0.99789816,0.9967659,0.9972446,0.9970731,0.99566835,0.99783987,0.9982526,0.99797714,0.99339145,0.9967025,0.9977063,0.9974255,0.99763983,0.997902,0.9978452,0.9962771,0.9976175,0.9971142,0.9976271,0.9965027,0.9975052,0.99715936,0.9977655,0.9968068,0.997308,0.9980491,0.9968743,0.99793506,0.9932371,0.9968989,0.9979117,0.9978633,0.9957211,0.99788857,0.9966812,0.99734664,0.997534,0.99784917,0.99606985,0.99784505,0.9979025,0.99600595,0.997106,0.99537593,0.9965763,0.99742615,0.9968985,0.99724895,0.9969109,0.9941749,0.99818105,0.99687666,0.99726915,0.9979934,0.9976444,0.9970183,0.99704623,0.9976679,0.996285,0.9974527,0.99713254,0.9979872,0.99725646,0.9972468,0.9975808,0.9946502,0.9924879,0.99604774
ipip61,0.9968414,0.99651194,0.99658906,0.9964622,0.9971354,0.9963818,0.99733204,0.99696225,0.9984204,0.9966196,0.9965044,0.99677134,0.9964736,0.99620485,0.99614096,0.9966161,0.9971064,0.99673957,0.9969887,0.9968172,0.9970391,0.9967597,0.997448,0.998109,0.9966886,0.9967955,0.9967029,0.9974079,0.996462,0.996753,0.9968995,0.99746495,0.9965889,0.9969926,0.9967222,0.9971632,0.9969762,0.9969611,0.9967635,0.99707764,0.996367,0.99718213,0.99681526,0.99566686,0.9964901,0.9972204,0.9969978,0.9966571,0.99687105,0.9959125,0.9965402,0.99282295,0.99687845,0.99674743,0.9962132,0.9969558,0.99554014,0.99651,0.99626356,0.9975583,0.99664646,0.9967542,0.9969127,0.9972147,0.9966057,0.9967588,0.9969937,0.9973471,0.9971035,0.99647975,0.99684495,0.9972564,0.99479175,0.99637794,0.9962225,0.99167067,0.99587554,0.99685526,0.9975608,0.99765986,0.99670523,0.9968757,0.9956438,0.9966973,0.99660945,0.99682957,0.9966014,0.9961672,0.9958571,0.9967344,0.996165,0.99677545,0.99642146,0.9944028,0.9945787,0.99497354,0.9966187,0.99701965,0.99469066,0.9946897,0.99637824,0.99736303,0.99653834,0.99685526,0.99686366,0.9952119,0.99688864,0.9962332,0.9974799,0.99663496,0.9973625,0.9947781,0.996386,0.996378,0.9969969,0.99670345,0.99674743,0.9972157,0.99671793,0.99665475,0.99711883,0.99651897,0.99768525,0.9970595,0.9966807,0.99676067,0.99771315,0.99754643,0.9972362,0.99661416,0.99731183,0.9934261,0.9963569,0.9956442,0.9967943,0.997418,0.997057,0.9976766,0.9974107,0.996761,0.9967207,0.99708414,0.9966765,0.99719745,0.9967939,0.995387,0.9968349,0.9971111,0.99590445,0.9969887,0.9976286,0.99728584,0.99596316,0.9951995,0.99651444,0.9969197,0.99708,0.9964701,0.9945886,0.99648255,0.9958254,0.99760073,0.9965579,0.9967425,0.99700254,0.99149126,0.9974565,0.99714166,0.9968812,0.9961359,0.9971337,0.995879,0.9963562,0.99724203,0.9975762,0.99705774,0.99820274,0.9980583,0.9999998,0.9976377,0.99623287,0.99758554,0.9970505,0.9974428,0.99537075,0.99649763,0.99742234,0.9974084,0.9975286,0.9968402,0.9972414,0.99735695,0.9973158,0.99761444,0.99688846,0.9971422,0.9974902,0.99742216,0.9966401,0.99719536,0.9972652,0.9972736,0.99651074,0.99734163,0.9973242,0.99735034,0.9982521,0.99596125,0.99705446,0.9974348,0.9970784,0.9963633,0.9978384,0.9975918,0.9971903,0.9960248,0.99728376,0.99189675,0.99679905,0.9969434,0.99757093,0.99630696,0.99692875,0.997156,0.99543,0.9968913,0.9976732,0.9976746,0.99421763,0.9962484,0.9975505,0.99683505,0.9971294,0.997271,0.99698526,0.9964984,0.9970926,0.99665827,0.99719185,0.99649286,0.9969085,0.9967662,0.99694926,0.9967347,0.9969134,0.9977598,0.99644035,0.99725455,0.99367946,0.99670583,0.9976934,0.9975705,0.9962313,0.9976667,0.9968865,0.99703145,0.9969681,0.9977252,0.99599063,0.99723524,0.9973392,0.99675167,0.9969527,0.995668,0.9966453,0.9969423,0.99711305,0.9977327,0.99708146,0.99453664,0.99744487,0.9969602,0.9973825,0.997748,0.99754757,0.99703544,0.9970931,0.99707586,0.9963973,0.99720806,0.997268,0.9973555,0.9971963,0.9971821,0.99733233,0.994382,0.9928273,0.9956543
ipip91,0.9974856,0.99638665,0.99705356,0.9962612,0.9973099,0.9963456,0.99786115,0.99709773,0.9980995,0.99635845,0.9967242,0.99738806,0.9971313,0.99646246,0.996236,0.997502,0.9978984,0.9966611,0.99762523,0.99753386,0.99773514,0.9970565,0.9977476,0.9979799,0.9966911,0.9974357,0.99637216,0.99809736,0.997044,0.99732333,0.99766207,0.99783486,0.99692786,0.9974968,0.99768305,0.9974552,0.9980564,0.99786204,0.9979799,0.9976014,0.9964938,0.9974908,0.9969065,0.996392,0.99608326,0.9975569,0.9969876,0.99625665,0.9973646,0.99664944,0.99702144,0.9923653,0.9974342,0.9972185,0.99560523,0.9973143,0.99534786,0.9965816,0.99638486,0.99782354,0.9976619,0.99729174,0.99794924,0.9970566,0.99724066,0.99709153,0.9978377,0.9978761,0.99742764,0.99654835,0.9975448,0.9979008,0.99476033,0.9968445,0.9965508,0.99173576,0.9963945,0.9974098,0.9974544,0.9977938,0.99716944,0.99752396,0.99637806,0.99748755,0.9973976,0.99773127,0.997429,0.9968759,0.995972,0.9973346,0.99690074,0.99783623,0.99720097,0.9948729,0.9947922,0.99540955,0.99742764,0.9971051,0.9954564,0.9949763,0.99773264,0.99781364,0.99744874,0.9977873,0.9975781,0.99602985,0.9979843,0.99662954,0.9981269,0.997511,0.997971,0.9953152,0.9967918,0.99698085,0.997996,0.99707943,0.99761516,0.9979806,0.9975819,0.99739426,0.9980893,0.99760216,0.9980285,0.99780136,0.99768656,0.9972812,0.9981597,0.99793285,0.99687296,0.99701715,0.99774885,0.9932491,0.9962825,0.99574715,0.99740857,0.99777824,0.9973461,0.9979136,0.9980057,0.9975986,0.99763364,0.9977616,0.9969029,0.99755377,0.99745935,0.99550694,0.9974382,0.99746317,0.9959948,0.99757034,0.99826896,0.99778026,0.9961942,0.99534094,0.9977441,0.9975984,0.9975249,0.9968586,0.99498576,0.99766445,0.99578375,0.99809986,0.99759203,0.9964831,0.997631,0.9909614,0.99797636,0.99730664,0.99774367,0.99720424,0.99773055,0.9961346,0.99752307,0.99774635,0.99808884,0.9980744,0.9983744,0.997879,0.9976377,1.0000002,0.99761903,0.997623,0.9978314,0.9976445,0.9950063,0.9973544,0.9992438,0.9993209,0.9994037,0.9974809,0.998628,0.9987344,0.99854004,0.99829245,0.9978237,0.99805486,0.9986333,0.9980287,0.99754226,0.99717057,0.99833864,0.9982281,0.9968074,0.998378,0.9978577,0.9974502,0.998757,0.9945805,0.9973786,0.9966112,0.9974146,0.9973033,0.99819285,0.997507,0.9970187,0.9962262,0.9980845,0.99147004,0.99733835,0.99801373,0.99791116,0.99720734,0.9979136,0.9974282,0.99588066,0.99782574,0.9989132,0.99884355,0.99417394,0.9966709,0.99913985,0.9979501,0.9977822,0.99784863,0.99799085,0.9972534,0.99756885,0.9970435,0.99780643,0.9973131,0.99760395,0.99748474,0.9980025,0.9967803,0.9980947,0.99801606,0.9962484,0.9978055,0.9933469,0.9968406,0.99784344,0.9977901,0.9961398,0.9978857,0.9969091,0.9982539,0.997732,0.9976493,0.9962679,0.99795765,0.998562,0.9969517,0.9977555,0.99646646,0.9973893,0.9974646,0.99716496,0.9971554,0.99717325,0.9942419,0.99794334,0.99652654,0.9973457,0.99793565,0.9976113,0.9974632,0.9973528,0.99744886,0.99667096,0.9974825,0.9970128,0.9978862,0.9975622,0.9970084,0.9977945,0.9938032,0.9924886,0.9958593
ipip121,0.99550205,0.9958557,0.99562323,0.99561846,0.99604493,0.9955929,0.9958488,0.99642646,0.9968241,0.9957981,0.99603486,0.99643934,0.9964757,0.99636334,0.9963281,0.99643177,0.9965795,0.99610317,0.99667966,0.99653286,0.99641365,0.99595135,0.99660605,0.9967661,0.99606276,0.9962992,0.9959637,0.996711,0.9964417,0.99669677,0.99597394,0.99669635,0.995538,0.9962063,0.99585,0.9963783,0.99621177,0.99595207,0.99693334,0.9964855,0.9960614,0.99651545,0.99606496,0.9954361,0.9959009,0.9962833,0.9965841,0.99577713,0.99643993,0.9962171,0.9960339,0.9930624,0.99611044,0.996652,0.9959758,0.9965834,0.9949,0.9968282,0.99593663,0.99673057,0.99616075,0.99637043,0.99636537,0.996412,0.9966081,0.99661046,0.99639297,0.9964464,0.9962889,0.99627465,0.99560565,0.99671143,0.99429286,0.9956374,0.99632335,0.992336,0.9961147,0.9964184,0.9968819,0.99681795,0.9964883,0.9961931,0.99556726,0.99584985,0.99654853,0.9960613,0.99614644,0.9966923,0.9956964,0.99612796,0.99632734,0.99595416,0.996074,0.9954013,0.99478555,0.99502635,0.9954789,0.9963905,0.99517393,0.9954055,0.9967924,0.996254,0.99643713,0.9968514,0.9969234,0.99627775,0.9967997,0.99605227,0.9970115,0.99579597,0.9961883,0.9945713,0.9966433,0.9966545,0.99628407,0.99662304,0.9962743,0.9964114,0.9961595,0.9965113,0.9962092,0.9962981,0.99674505,0.99636614,0.99588764,0.9963339,0.99697465,0.9966487,0.9964765,0.9961148,0.9963394,0.99364704,0.9962476,0.9963033,0.995759,0.9967148,0.9964406,0.9967246,0.99609,0.99574715,0.9959148,0.9966071,0.99635875,0.9963263,0.9964695,0.99549174,0.9964481,0.99619275,0.99578625,0.9967796,0.9968443,0.9968849,0.9961415,0.99502724,0.99567115,0.9966891,0.9969623,0.9959522,0.9949252,0.9954225,0.9960185,0.9967487,0.99612063,0.9955484,0.99580014,0.99080473,0.99624497,0.9966987,0.99637985,0.9962739,0.99599075,0.9959495,0.9954975,0.9964506,0.99641746,0.99630666,0.9967113,0.9964522,0.99623287,0.99761903,1.0000006,0.99671316,0.99657184,0.99675655,0.99514204,0.99625164,0.9969399,0.9969963,0.9971416,0.99708015,0.9969928,0.9966542,0.99658084,0.9963932,0.9962905,0.9960462,0.996926,0.9962079,0.9970533,0.9966332,0.99678415,0.99631625,0.99646604,0.99654514,0.99671835,0.9964578,0.9966961,0.99494123,0.99675524,0.99607795,0.9964378,0.9963864,0.9963597,0.9967318,0.9965627,0.99577516,0.9970374,0.9924682,0.9965047,0.9970278,0.9965756,0.9961296,0.9964436,0.9969729,0.9954382,0.99619657,0.9962776,0.99788445,0.99478483,0.9961581,0.9977169,0.99612516,0.99660486,0.9965802,0.9964985,0.99602383,0.9965569,0.99646354,0.9968904,0.9978741,0.99733293,0.99728096,0.99643224,0.9961802,0.997821,0.9968426,0.99582005,0.99606097,0.99355125,0.9961921,0.99655855,0.9964891,0.995802,0.9966009,0.9963506,0.9968363,0.9964216,0.99662256,0.99645925,0.996938,0.99666256,0.99649596,0.99693197,0.9957105,0.996727,0.9962083,0.9964827,0.9962945,0.9965474,0.9946892,0.9961219,0.99611485,0.99645126,0.99638826,0.99701124,0.9968498,0.9966018,0.9962568,0.9960487,0.99680924,0.99639654,0.99644464,0.99669427,0.99631846,0.996636,0.9939305,0.9932943,0.99500537
ipip151,0.99628896,0.99653226,0.9964476,0.996635,0.9967637,0.99643165,0.9967029,0.9964941,0.9980178,0.9966179,0.9965137,0.9967583,0.9966105,0.99633396,0.9966102,0.99645483,0.9969272,0.9967163,0.9969161,0.99661833,0.9969535,0.99651426,0.9971865,0.9977826,0.996712,0.99659646,0.99742705,0.99730575,0.9964267,0.9973207,0.9976846,0.99753606,0.99691194,0.9967772,0.996339,0.99692047,0.9966135,0.9965298,0.9968377,0.9967165,0.9967053,0.99710757,0.99705917,0.99615836,0.99672294,0.9968885,0.9969662,0.99637914,0.9966517,0.99614316,0.9965951,0.9935866,0.9967737,0.9967376,0.9974478,0.9973184,0.9954582,0.9970817,0.9964128,0.9977529,0.9964611,0.99661344,0.9969397,0.99707586,0.9966604,0.9971383,0.9966906,0.99748266,0.9971515,0.99722433,0.9964503,0.99717027,0.9954757,0.9963375,0.9964861,0.9925447,0.995847,0.9966784,0.99890023,0.99888605,0.9969479,0.9965574,0.99542654,0.99636716,0.9964808,0.99644524,0.99622416,0.9964769,0.99613833,0.996534,0.99619484,0.9964057,0.99624723,0.9946407,0.9950665,0.99522007,0.9962536,0.9979405,0.995269,0.99558175,0.99661237,0.99735737,0.99652284,0.9969038,0.99682724,0.99634737,0.99659467,0.9963573,0.9974136,0.9962236,0.9968334,0.99486357,0.9964448,0.9965167,0.9966802,0.99687344,0.99642485,0.9969301,0.9965987,0.9966909,0.996997,0.99684125,0.9976041,0.99715894,0.996379,0.9976295,0.99752456,0.99721456,0.99836934,0.99644816,0.99684334,0.9935573,0.99657243,0.99605185,0.9963339,0.9974813,0.9972509,0.9977088,0.9967908,0.99640685,0.99636155,0.99705154,0.996894,0.9971229,0.9967572,0.9956235,0.99678797,0.99709636,0.99694955,0.9968584,0.99755824,0.99747723,0.9959722,0.9956113,0.99635917,0.9972233,0.99722815,0.996618,0.9953156,0.99631006,0.99611473,0.99740547,0.99650204,0.9969771,0.9964431,0.99159724,0.9970775,0.9969458,0.9967303,0.99615514,0.9965453,0.99610656,0.9959043,0.99719507,0.99881625,0.99726987,0.9974516,0.9970016,0.99758554,0.997623,0.99671316,0.99999905,0.99731064,0.9994889,0.9963143,0.9970208,0.9973802,0.99759877,0.99767745,0.997266,0.99703646,0.99781996,0.9976469,0.99898016,0.9968722,0.9971872,0.9972364,0.99681306,0.99709165,0.9971103,0.9969626,0.99672836,0.9964543,0.99750185,0.99729085,0.9975519,0.9980833,0.9954751,0.9975017,0.9969741,0.99732435,0.9961552,0.99859214,0.9976756,0.99861395,0.99641436,0.99706453,0.99261194,0.9967794,0.99681336,0.9971034,0.9966893,0.9971924,0.9973186,0.9959987,0.9969883,0.996939,0.997731,0.9953122,0.99665064,0.99747795,0.99708706,0.9972695,0.9971812,0.9970449,0.9969734,0.99675834,0.9963908,0.9968269,0.9967011,0.9966585,0.99689656,0.9968911,0.99740136,0.9974456,0.9976954,0.9963506,0.99668646,0.9944476,0.9965811,0.99777585,0.99767804,0.9966605,0.9976967,0.99724054,0.99677694,0.99673736,0.9974395,0.99610394,0.9971978,0.99771076,0.99876714,0.99736154,0.9960826,0.9974627,0.9968929,0.9968132,0.9974007,0.99698484,0.9953712,0.99707234,0.99732417,0.99742764,0.9972406,0.9975474,0.9970506,0.9969737,0.99684924,0.99686915,0.9971596,0.9980071,0.99705875,0.9972536,0.9979705,0.99727196,0.9948819,0.9931814,0.9958881
ipip181,0.99664205,0.996474,0.996506,0.99652356,0.99680626,0.9965419,0.99675274,0.9964324,0.9976266,0.99642813,0.99636406,0.9969816,0.9966396,0.99629647,0.99627703,0.9965617,0.99696,0.9965898,0.99696684,0.996733,0.997314,0.9966711,0.9972931,0.9974834,0.99678427,0.9967357,0.99676114,0.9974321,0.9965939,0.9971009,0.9972302,0.9970489,0.9960957,0.9968886,0.9965462,0.99679714,0.9967347,0.99670726,0.9968435,0.996805,0.9962023,0.99685186,0.9972322,0.99594855,0.9965788,0.9971773,0.9971618,0.9964432,0.99696755,0.99643826,0.9966698,0.9930515,0.9968646,0.99618703,0.9961133,0.99701595,0.9950761,0.9964134,0.99653023,0.9972426,0.996993,0.9971681,0.9973056,0.9972641,0.9967471,0.9969682,0.9967702,0.9972005,0.9971228,0.996415,0.99670935,0.99741966,0.9954266,0.9966789,0.99675673,0.99202126,0.9962489,0.99699897,0.9974937,0.99764216,0.997049,0.99683225,0.99607706,0.9967375,0.9968719,0.99670047,0.9963919,0.9962694,0.9960254,0.99661595,0.99652416,0.9970062,0.99654585,0.9952171,0.99528927,0.9954304,0.9965352,0.9974651,0.99561197,0.99560684,0.9970739,0.99758077,0.9970698,0.9973147,0.997194,0.9958394,0.997179,0.99630123,0.9973882,0.996414,0.99689025,0.994962,0.9967036,0.9964328,0.9968729,0.9969728,0.9966685,0.99712527,0.9967641,0.99702615,0.9972376,0.99732625,0.9978087,0.9976308,0.9968418,0.9970634,0.99760437,0.9971895,0.9972514,0.996668,0.99711215,0.99384975,0.9967639,0.9960663,0.9964479,0.99777967,0.99735945,0.99743354,0.9969358,0.9968934,0.9967401,0.99735314,0.996716,0.9971089,0.99700624,0.9956411,0.99707836,0.9971637,0.99605846,0.9969987,0.99780864,0.9977886,0.996859,0.9961813,0.9965812,0.99762523,0.9975386,0.99739146,0.9953966,0.9965569,0.9962983,0.99765325,0.9969822,0.99666876,0.9965889,0.9912258,0.99706894,0.9973977,0.9971301,0.9969257,0.9970176,0.99626285,0.9964593,0.99742156,0.9976342,0.99735576,0.9970354,0.9970971,0.9970505,0.9978314,0.99657184,0.99731064,1.0000019,0.99748546,0.9949873,0.9969656,0.99733996,0.9974282,0.99742496,0.99742603,0.99718666,0.99759656,0.9974329,0.9977581,0.9972401,0.9971672,0.9976876,0.9969929,0.9973853,0.9971138,0.99732715,0.9970742,0.9967646,0.9976116,0.9978446,0.99763244,0.99766964,0.994888,0.9970206,0.9964953,0.9972282,0.99616134,0.99775237,0.9977972,0.99706936,0.9966509,0.9973723,0.99245995,0.99684995,0.99705696,0.9972686,0.9968164,0.9969466,0.9975365,0.99595284,0.997025,0.9970796,0.9975088,0.9943231,0.9962254,0.99735093,0.997518,0.99716496,0.9973419,0.9970936,0.99762136,0.9971468,0.99670225,0.9973235,0.99700296,0.99711555,0.99749863,0.99725467,0.9967716,0.99750537,0.99734366,0.9961873,0.996987,0.99350554,0.99679387,0.99731845,0.9972403,0.9961081,0.99730957,0.99675715,0.99717575,0.99684554,0.9973772,0.99652165,0.9975373,0.9975012,0.9969455,0.9973121,0.99617237,0.9966975,0.997192,0.99702185,0.9972684,0.99706644,0.9949934,0.99688625,0.9964292,0.9973786,0.99705654,0.99753344,0.9970302,0.9970732,0.9972055,0.99657124,0.997039,0.99713284,0.9971359,0.99691063,0.9971436,0.99710286,0.99437934,0.99289584,0.9958047
ipip211,0.996329,0.9965334,0.9964576,0.9966154,0.9968468,0.9963991,0.99672556,0.99661666,0.9979484,0.99670845,0.9965441,0.9967878,0.9965919,0.9963427,0.99650955,0.9964498,0.99699044,0.99669915,0.99691373,0.9968372,0.99701846,0.99662924,0.99717367,0.9976999,0.9966418,0.9965611,0.99734735,0.9973599,0.99648553,0.9973051,0.99768007,0.99754566,0.9967516,0.9967775,0.99646133,0.99692816,0.9965772,0.99655366,0.99676454,0.99668115,0.99678606,0.99712986,0.9970399,0.9960338,0.99664503,0.99681854,0.9969273,0.99634993,0.99665385,0.99626464,0.9966569,0.9935517,0.9969096,0.99670655,0.99730366,0.99719447,0.99552006,0.9969653,0.99636847,0.99761987,0.9966056,0.99665165,0.9970809,0.9971556,0.9966865,0.9969626,0.996803,0.99736524,0.9970699,0.997183,0.9965232,0.9971171,0.9952817,0.9965388,0.9965318,0.9922536,0.99593294,0.99666333,0.998672,0.99875057,0.9969568,0.9966008,0.9954291,0.99641913,0.9966181,0.99652916,0.9963009,0.9963686,0.996124,0.9967584,0.9962409,0.996466,0.99641085,0.9947459,0.99494165,0.9951531,0.9963243,0.9979321,0.99505883,0.99544185,0.9965917,0.99738806,0.99660015,0.99697167,0.9969878,0.9963496,0.9965951,0.9963481,0.9974669,0.9963436,0.9969267,0.9948734,0.99650913,0.9964814,0.9967494,0.99688524,0.99644876,0.9968967,0.99664617,0.99676144,0.9970483,0.99696076,0.99761504,0.9972845,0.99645764,0.9976476,0.9975443,0.9973196,0.9982299,0.99653786,0.9969714,0.9936241,0.9967079,0.9961515,0.99650776,0.997553,0.9973067,0.9979356,0.99693817,0.9966441,0.9964486,0.9971123,0.9968031,0.9972858,0.9968143,0.9957772,0.9968497,0.99701595,0.99694407,0.9969924,0.9976007,0.9974845,0.9959087,0.9956376,0.9964266,0.99712074,0.99719846,0.99666023,0.99529654,0.996388,0.99640566,0.99742794,0.9966403,0.9967878,0.99660426,0.991596,0.9972722,0.99687797,0.9968837,0.9962156,0.9965897,0.9961347,0.99602616,0.9972448,0.9987961,0.99726903,0.99718004,0.99709654,0.9974428,0.9976445,0.99675655,0.9994889,0.99748546,0.99999946,0.99601907,0.99729633,0.9973467,0.9975264,0.9976741,0.9972089,0.99706227,0.9977998,0.997606,0.9988909,0.9969676,0.99714553,0.99722916,0.9967847,0.9970635,0.99702466,0.9970492,0.996789,0.99656034,0.9975156,0.99731255,0.9974626,0.998093,0.9954159,0.9974997,0.99704975,0.997338,0.9962083,0.99858195,0.9978438,0.998514,0.9964683,0.9970343,0.9922923,0.9966535,0.9967683,0.99709797,0.9967512,0.9973098,0.99742925,0.99598575,0.9970207,0.99703205,0.9980759,0.9951225,0.9965556,0.99760014,0.99745274,0.99736995,0.99714005,0.99718934,0.9974588,0.9968873,0.99663174,0.99687356,0.9967623,0.9967769,0.99695706,0.99699116,0.99736077,0.9976191,0.99764395,0.9964443,0.99674207,0.99414796,0.9967374,0.99772614,0.9976212,0.9967008,0.9977662,0.9974191,0.9969988,0.9967851,0.99741817,0.9962663,0.99723786,0.99778414,0.99886554,0.99745584,0.9962755,0.9973602,0.99706185,0.9968914,0.997252,0.9969059,0.9951158,0.99716204,0.99731255,0.99750566,0.99723154,0.9975968,0.9970838,0.9970258,0.9968927,0.99687093,0.9970139,0.9980114,0.9971793,0.9973441,0.99797666,0.9973844,0.99497145,0.9931963,0.9960076
ipip241,0.9934418,0.99511915,0.99449664,0.9947046,0.9945056,0.99494267,0.9937738,0.9946217,0.9950555,0.99484164,0.9947804,0.9942766,0.994732,0.99447453,0.9948726,0.99423087,0.9944099,0.9948077,0.99440503,0.99448574,0.9944183,0.9944862,0.9946705,0.9953114,0.99453557,0.9943416,0.99540174,0.994664,0.9943811,0.99504626,0.99385446,0.9950936,0.99391305,0.99395865,0.993515,0.99416226,0.99400604,0.993671,0.99422795,0.9943036,0.99448806,0.99508065,0.9944657,0.99372774,0.995113,0.994454,0.9950053,0.994816,0.9945594,0.993975,0.9941537,0.9930206,0.99438137,0.9949659,0.99567103,0.995174,0.9937117,0.99630654,0.99484533,0.9952339,0.9939472,0.99457747,0.9942177,0.9944803,0.99431866,0.9954113,0.9942359,0.9953361,0.99458516,0.9962344,0.99330735,0.9947526,0.99397933,0.9938698,0.99521387,0.99204296,0.9941374,0.9943237,0.9958635,0.9955503,0.9947777,0.99387044,0.99348867,0.9937474,0.9942156,0.99365276,0.9936854,0.99453235,0.9949168,0.99435586,0.9940069,0.9934974,0.99415463,0.99309015,0.9945044,0.99374425,0.9932106,0.99514794,0.9935531,0.99418694,0.9946187,0.9940701,0.9943104,0.9944071,0.9945427,0.9942391,0.9942474,0.99401134,0.9948492,0.99345684,0.9941291,0.99265945,0.99435794,0.99479276,0.99400645,0.99486345,0.99372506,0.9944228,0.9941823,0.9946394,0.9939643,0.9941369,0.99476475,0.9944104,0.99359983,0.9942555,0.9950828,0.99472564,0.99556166,0.9941288,0.9941196,0.99229556,0.99430764,0.9947107,0.9935824,0.99471647,0.99463236,0.995712,0.993747,0.9932527,0.99330324,0.9946135,0.9949621,0.9946125,0.9944396,0.9945383,0.9941266,0.99455446,0.99563825,0.9943993,0.9942928,0.9946029,0.9944528,0.994115,0.9931324,0.9948284,0.99489045,0.9941391,0.9940966,0.99294424,0.99409133,0.9944706,0.9939967,0.99418354,0.9934011,0.9903547,0.99421006,0.99468356,0.99412274,0.9940959,0.99369085,0.9946439,0.99294716,0.99397576,0.9946845,0.9944786,0.9957217,0.99517995,0.99537075,0.9950063,0.99514204,0.9963143,0.9949873,0.99601907,1.0000012,0.99443716,0.9942323,0.9942578,0.9944658,0.99457955,0.99424195,0.9946026,0.9945564,0.99478054,0.99389434,0.9941728,0.9945127,0.9939077,0.9944287,0.99514663,0.9945903,0.99373007,0.99490863,0.9946546,0.99462783,0.9945537,0.99440926,0.99486995,0.9950565,0.9950679,0.9947907,0.99351895,0.99490553,0.9948436,0.9959353,0.994118,0.9948193,0.99334633,0.9955567,0.9943365,0.994337,0.99440837,0.9944029,0.99502677,0.9948614,0.99435407,0.9940039,0.99541456,0.99430144,0.9944579,0.9948174,0.9942042,0.99460524,0.99478096,0.9942884,0.9946679,0.99421996,0.9942263,0.9946355,0.99486595,0.99433017,0.9956064,0.9943605,0.99532896,0.995185,0.99526924,0.9947305,0.9937149,0.9938513,0.99432176,0.9951809,0.9950735,0.99495775,0.99520224,0.9953791,0.9943619,0.9945132,0.9946164,0.9945151,0.9948576,0.9945851,0.99569935,0.9953512,0.99437743,0.99595106,0.994335,0.9947282,0.9946574,0.9948277,0.9948472,0.9941072,0.9959413,0.99439526,0.9945714,0.99486953,0.99487114,0.9947566,0.99420536,0.99444765,0.99526256,0.9953882,0.9945426,0.99507445,0.99537855,0.99490815,0.99426025,0.99290466,0.994168
ipip271,0.99657255,0.9961401,0.99641216,0.99577636,0.99662924,0.99580234,0.9967855,0.9966036,0.9971616,0.9957828,0.9960109,0.99702275,0.9967782,0.9963623,0.9961078,0.99676055,0.99687827,0.99604297,0.9971465,0.99685633,0.99709517,0.9967645,0.9971241,0.9966758,0.99610513,0.9964481,0.996116,0.9970679,0.99641174,0.9967952,0.9970768,0.9970403,0.9957841,0.9966212,0.9966915,0.9966676,0.996563,0.9965863,0.9967267,0.9964525,0.99608153,0.99677914,0.9963911,0.9955981,0.99569064,0.9966458,0.9964754,0.99585396,0.99674195,0.99611145,0.99634165,0.9921902,0.9970612,0.996275,0.99527836,0.996817,0.9949359,0.99591064,0.9962298,0.9969471,0.99705565,0.99705034,0.9976057,0.99635506,0.9968337,0.99671876,0.997087,0.9967772,0.99662465,0.9960332,0.9966154,0.9971831,0.99454325,0.9966002,0.9967594,0.99192953,0.99571586,0.9966202,0.99677527,0.9969358,0.99683434,0.9966371,0.99567825,0.99650407,0.996546,0.9967769,0.9964477,0.99637187,0.99565274,0.99670845,0.9963601,0.99668384,0.9967952,0.99515575,0.9947831,0.99533564,0.99639624,0.9964616,0.9950486,0.9949396,0.9968937,0.99694103,0.9969707,0.9968082,0.99708295,0.995382,0.99662673,0.99593574,0.997308,0.9965627,0.9970266,0.99476194,0.99692166,0.9968261,0.9969872,0.9969835,0.9968832,0.99698585,0.99678516,0.9969136,0.9977038,0.9979352,0.99758357,0.9978099,0.99650705,0.9966795,0.9970877,0.99728745,0.99617094,0.99628603,0.9970725,0.993553,0.99644315,0.9958207,0.9965569,0.99724466,0.99655825,0.9971894,0.9970022,0.9965334,0.9966878,0.99727803,0.9968081,0.99709934,0.99696314,0.9957241,0.9965735,0.99654615,0.9957214,0.9967214,0.99699885,0.99688816,0.9958099,0.9958912,0.9968659,0.9969905,0.9969631,0.99665904,0.99531263,0.99666584,0.9960257,0.99735814,0.996772,0.9965163,0.996644,0.9908892,0.996988,0.996503,0.99677473,0.99628764,0.9967419,0.9958506,0.99602437,0.9966791,0.99708813,0.99698853,0.99665207,0.9965421,0.99649763,0.9973544,0.99625164,0.9970208,0.9969656,0.99729633,0.99443716,0.99999803,0.99716115,0.9972335,0.9973194,0.99625087,0.9970126,0.99711275,0.996977,0.99719065,0.9967496,0.9968827,0.9969153,0.9967246,0.9959298,0.9964613,0.9970452,0.99662405,0.9961214,0.996927,0.997129,0.9962943,0.9974431,0.99392205,0.99692976,0.9959573,0.996759,0.99598163,0.99713826,0.99793947,0.9968499,0.9960917,0.996911,0.99109024,0.996576,0.9968379,0.9969964,0.9963743,0.99746156,0.99696255,0.99534905,0.9967813,0.99702966,0.9975435,0.99374235,0.99578416,0.9971592,0.9973667,0.9975038,0.99715775,0.99774563,0.99694633,0.99678534,0.99661636,0.99683535,0.9965129,0.9968042,0.9967024,0.99680966,0.996135,0.99699306,0.9972915,0.9959194,0.99681515,0.99331474,0.9964904,0.9969318,0.9968342,0.99568105,0.99697,0.9963146,0.9969346,0.9966635,0.9968996,0.99620295,0.9972567,0.9971416,0.9966568,0.9968637,0.99548733,0.99618834,0.99744415,0.9973146,0.9966252,0.99740523,0.9948633,0.99730504,0.9964982,0.9968837,0.9976225,0.9973901,0.9971676,0.99701893,0.99674946,0.9967682,0.99676263,0.9963969,0.9969582,0.99718386,0.99624705,0.99736,0.99370897,0.99244946,0.9957144
ipip6,0.99819756,0.99631786,0.99743676,0.99614084,0.99772835,0.9963012,0.9984946,0.9971053,0.998196,0.99618524,0.99661213,0.99768454,0.99691814,0.99634844,0.99587286,0.9977313,0.99794906,0.99638575,0.99786866,0.99770784,0.99794215,0.9973716,0.99780303,0.99796766,0.9967866,0.9977541,0.9960648,0.99822676,0.9972151,0.99738485,0.9980443,0.99780333,0.9970783,0.998056,0.9983614,0.9976998,0.9987259,0.9985369,0.9983858,0.99807507,0.9962072,0.99767375,0.9967746,0.9965534,0.99562764,0.9978494,0.99681807,0.99629563,0.99755305,0.9964995,0.99711704,0.9911403,0.99761677,0.996892,0.99502283,0.99698323,0.9957117,0.9959317,0.99609226,0.9979138,0.9980432,0.9973449,0.9981758,0.9972159,0.99734825,0.99691385,0.9982743,0.99812853,0.9977689,0.9963068,0.99819696,0.997783,0.99436903,0.9968698,0.9963186,0.99073106,0.9960471,0.9976491,0.9970792,0.9976483,0.99715006,0.9981196,0.99643433,0.9981053,0.99766,0.99841326,0.99797577,0.99666065,0.99586153,0.9976529,0.99702215,0.99835545,0.9975441,0.9945596,0.99429715,0.994886,0.99816215,0.99664295,0.9951705,0.99423975,0.99757916,0.99825376,0.9975614,0.9978276,0.99775726,0.99508494,0.9981472,0.9963624,0.99808943,0.9980986,0.9985047,0.9956345,0.996806,0.99715394,0.9986143,0.99693143,0.99810755,0.9983786,0.9982601,0.9973341,0.99850965,0.9976494,0.9980996,0.9979768,0.9980976,0.9972522,0.9978272,0.99806935,0.9966076,0.9970659,0.99811906,0.99233174,0.9958909,0.9951827,0.99782383,0.9978846,0.9973613,0.99775976,0.99848956,0.99817735,0.99832535,0.997832,0.9968822,0.9976632,0.99768174,0.9951816,0.99783784,0.99786407,0.99536175,0.9979293,0.99849313,0.99776256,0.99564415,0.994783,0.9986525,0.99741024,0.9973327,0.99665177,0.99483585,0.9984725,0.99513096,0.99843514,0.9979637,0.9964183,0.9982785,0.99038905,0.9982718,0.99721456,0.9979512,0.9971495,0.99830264,0.99598926,0.99827474,0.9979259,0.99839336,0.99843544,0.99839944,0.99789906,0.99742234,0.9992438,0.9969399,0.9973802,0.99733996,0.9973467,0.9942323,0.99716115,1.0000026,0.999779,0.9997625,0.9972827,0.99922955,0.9992508,0.99925184,0.99870306,0.998339,0.99870366,0.9989024,0.9986302,0.99714285,0.996925,0.9985508,0.9986842,0.99627817,0.9987815,0.99789995,0.9974322,0.9989655,0.99363744,0.9969199,0.9960049,0.9973432,0.99742824,0.9984688,0.9973264,0.9963187,0.9960035,0.9981183,0.9902237,0.99748194,0.9982057,0.99816906,0.99721974,0.99810255,0.9972751,0.99567,0.9982465,0.99918485,0.99847513,0.9927479,0.99654037,0.99888337,0.99804395,0.9979765,0.99799335,0.99831194,0.99677825,0.997856,0.9970454,0.997883,0.99675435,0.9976421,0.9970857,0.9984224,0.9966695,0.99796075,0.9981316,0.9960733,0.99833775,0.99270403,0.9966097,0.9980582,0.9980278,0.99553263,0.99803394,0.99657905,0.99842775,0.9980345,0.9978149,0.99587053,0.99801165,0.9990357,0.99650365,0.99783564,0.99595565,0.99704355,0.9975417,0.9969215,0.99707925,0.9969609,0.9934377,0.9985118,0.996102,0.99732834,0.99824077,0.9975177,0.9972154,0.9970478,0.99776006,0.9964079,0.99748516,0.99691236,0.99825454,0.997412,0.99688387,0.99779856,0.9933256,0.9913342,0.99571157
ipip36,0.9982404,0.9963032,0.9974747,0.9961247,0.99772173,0.996391,0.99858934,0.9971693,0.9983316,0.99614733,0.9966158,0.99779105,0.99689174,0.9963307,0.9959698,0.997723,0.99803805,0.99649096,0.9979622,0.9978127,0.997983,0.99746203,0.9978605,0.9980958,0.99683243,0.9978195,0.99611986,0.9983106,0.9972141,0.9974527,0.9982566,0.9979364,0.99732083,0.99804586,0.9984652,0.9977001,0.9986652,0.99859905,0.99839026,0.99804914,0.99626064,0.9977558,0.9967942,0.9965964,0.99563795,0.9978975,0.9968585,0.9962978,0.99755186,0.99651897,0.9972135,0.99114865,0.9976867,0.99690676,0.99516857,0.99702173,0.9956016,0.99596024,0.9960714,0.9980347,0.9980714,0.99737775,0.99824846,0.99730885,0.99737674,0.9969614,0.9983506,0.99823886,0.99785835,0.9963758,0.99827594,0.99785566,0.99449456,0.99697804,0.9962504,0.9907354,0.9960547,0.99767935,0.997258,0.9978423,0.9972178,0.99812764,0.9963582,0.99813575,0.99769306,0.9984286,0.9979548,0.996713,0.99584436,0.99776363,0.99699974,0.9983934,0.9975243,0.994525,0.9942695,0.99488825,0.99826247,0.9967184,0.995202,0.99426067,0.9975529,0.9983671,0.99758124,0.99789435,0.99777687,0.99523616,0.9982113,0.99646986,0.9981659,0.9981732,0.99859905,0.9956417,0.9968537,0.9970657,0.99855214,0.99687296,0.99811214,0.9983683,0.99818283,0.9973024,0.99845654,0.9976149,0.99818456,0.998021,0.9981465,0.9973661,0.9979008,0.99814963,0.9967486,0.9971273,0.9981357,0.99231756,0.99593234,0.99526256,0.9978635,0.9979416,0.99742836,0.9978805,0.99859196,0.99825776,0.99840015,0.9978666,0.99692136,0.9977519,0.9977386,0.99519026,0.9979503,0.99790627,0.99541533,0.9978951,0.99857,0.997841,0.9956599,0.9947941,0.9986218,0.99748814,0.99737185,0.996795,0.99493605,0.9985228,0.99514073,0.9984716,0.9978464,0.99652326,0.9983058,0.99019593,0.9983514,0.99730957,0.99796826,0.99707615,0.9983856,0.996031,0.9982807,0.9981032,0.9985739,0.9985098,0.9984884,0.99798095,0.9974084,0.9993209,0.9969963,0.99759877,0.9974282,0.9975264,0.9942578,0.9972335,0.999779,1.0000006,0.9997544,0.99728644,0.9991222,0.99942225,0.9991768,0.9988862,0.99842113,0.9987817,0.9988493,0.99870926,0.9971958,0.9969771,0.99844664,0.998778,0.99631125,0.99875265,0.9980231,0.9975892,0.9991256,0.993603,0.997025,0.9960284,0.9974464,0.9975005,0.9985664,0.9974981,0.99649197,0.99596035,0.99806964,0.99014705,0.9974646,0.9981375,0.9982101,0.99726534,0.9981765,0.9972538,0.9956363,0.9982993,0.9991901,0.99857014,0.99279135,0.99664795,0.998871,0.9980854,0.99802774,0.9980664,0.9984054,0.9967713,0.99788254,0.9970063,0.9978744,0.9967567,0.99767584,0.9971376,0.99841785,0.99667835,0.9979696,0.9981977,0.99606043,0.998389,0.9927803,0.9966546,0.9981213,0.9981003,0.99558794,0.9981257,0.9966219,0.99820167,0.9979626,0.9978527,0.9959305,0.99802464,0.9989936,0.9964732,0.99774706,0.99575347,0.99695045,0.99765706,0.9969329,0.9971984,0.99700373,0.9935695,0.9986304,0.9962137,0.9974046,0.99831945,0.9976604,0.99725187,0.9971159,0.9978153,0.9965097,0.99752516,0.9970543,0.998323,0.997471,0.99706316,0.9979156,0.9933509,0.9912534,0.9956721
ipip66,0.998245,0.99634117,0.9975328,0.9961885,0.99776614,0.9964725,0.99855775,0.99714,0.99833876,0.99619204,0.99660856,0.997807,0.99694747,0.9964608,0.9960272,0.9977558,0.9980465,0.9965932,0.99799013,0.99779737,0.99801683,0.9974638,0.9979295,0.9981659,0.99686396,0.9978516,0.996224,0.9983605,0.9972922,0.997477,0.9982497,0.99796665,0.9973306,0.9980247,0.99843436,0.99775714,0.9985965,0.9985729,0.9984133,0.9979881,0.9963814,0.99784905,0.99687076,0.99667925,0.99569553,0.997927,0.9968875,0.99636656,0.9975392,0.99661,0.99725205,0.99136287,0.9976704,0.99710745,0.99525344,0.9971481,0.9957115,0.99611807,0.9961675,0.9980462,0.998095,0.9974494,0.9982332,0.99733347,0.9974727,0.99702674,0.99836546,0.99828637,0.9978807,0.9964711,0.99827194,0.99794054,0.99453527,0.9969402,0.9963731,0.99086,0.9961362,0.9977262,0.99726504,0.99786025,0.9972759,0.99817115,0.99641186,0.9981897,0.99773115,0.9984568,0.99802965,0.99677557,0.9959489,0.9977951,0.99707276,0.9983974,0.9975822,0.99461734,0.99438983,0.99501085,0.99819684,0.9967025,0.9952934,0.9943443,0.99761844,0.9983341,0.9976165,0.9979344,0.997826,0.99530077,0.9981973,0.9964504,0.9981605,0.99821204,0.9985922,0.9957089,0.9968983,0.9971515,0.99858284,0.9969975,0.99813044,0.9984262,0.9982434,0.9973703,0.9985146,0.9977126,0.9982601,0.9980771,0.99817634,0.9974305,0.99799466,0.998164,0.9967931,0.99715143,0.9981541,0.9924253,0.9960276,0.9953504,0.9979105,0.997979,0.9974483,0.9979124,0.99859434,0.9982494,0.99836415,0.99789464,0.99698955,0.9977516,0.9977469,0.99526983,0.99796134,0.9979472,0.99555665,0.99799466,0.99854916,0.9978263,0.99573255,0.99482334,0.99861735,0.997526,0.9974401,0.9967441,0.99496275,0.99851716,0.9952406,0.99846524,0.9979138,0.9965289,0.998289,0.9902688,0.99834186,0.9973453,0.99800444,0.99719596,0.9983715,0.99609774,0.9983189,0.99805325,0.9985842,0.99852955,0.9985811,0.99805593,0.9975286,0.9994037,0.9971416,0.99767745,0.99742496,0.9976741,0.9944658,0.9973194,0.9997625,0.9997544,1.000001,0.997287,0.9990782,0.9992335,0.9991739,0.9987926,0.9983898,0.9987907,0.9989649,0.99871576,0.9973921,0.99702454,0.9985094,0.9987931,0.9963308,0.9988828,0.99806297,0.99758136,0.99912673,0.9937749,0.9970922,0.99618256,0.9975183,0.99758685,0.9986534,0.99752414,0.9965435,0.9961241,0.9981678,0.9903711,0.9975535,0.9982523,0.99827147,0.99732476,0.9981086,0.99725837,0.9957355,0.9983294,0.99929035,0.99869454,0.99298155,0.9967398,0.9990675,0.9980445,0.99809426,0.99812764,0.9984689,0.9967768,0.99788445,0.99707025,0.9979598,0.99689966,0.99769044,0.99721664,0.9984695,0.99674004,0.9980782,0.9982357,0.99615175,0.99839777,0.99285203,0.99669206,0.9981562,0.99815434,0.9956472,0.99815625,0.9967065,0.9984684,0.9981455,0.99789107,0.99597,0.9981184,0.99916947,0.99672365,0.9978422,0.99603266,0.99720806,0.99763465,0.9970432,0.99719614,0.9970951,0.99369687,0.9986475,0.99626756,0.997419,0.99836975,0.9976816,0.9973374,0.9971605,0.99781233,0.9965853,0.9976084,0.9970648,0.99833024,0.9975356,0.9970634,0.9979299,0.9934413,0.9914003,0.9957355
ipip96,0.995599,0.996149,0.99564904,0.99611396,0.9963093,0.99571073,0.9961178,0.9962879,0.99744314,0.996256,0.9961223,0.99626374,0.9964531,0.9961594,0.9959255,0.99599934,0.99663234,0.99614257,0.99643713,0.99626887,0.9967095,0.9959203,0.9968033,0.9971641,0.9966696,0.9963453,0.9965012,0.9970522,0.99609953,0.9965128,0.996523,0.9968991,0.9958668,0.99673265,0.9958971,0.99658674,0.9964579,0.9962022,0.9965327,0.9967823,0.9963171,0.9964368,0.99661356,0.99553454,0.9964066,0.99643195,0.9970192,0.99580026,0.9962878,0.9959934,0.99622595,0.9935233,0.996174,0.99655616,0.9961938,0.9970225,0.99488133,0.99630946,0.99581325,0.9970219,0.99594307,0.9963592,0.9963494,0.99666953,0.99637663,0.9963495,0.9963892,0.9966093,0.99647725,0.99604756,0.9958353,0.9968299,0.9945942,0.9958494,0.99617445,0.9923893,0.9962276,0.99641305,0.99728805,0.997214,0.9964714,0.9962306,0.9954167,0.99585116,0.9962806,0.99600244,0.99598616,0.9961479,0.99567175,0.996038,0.99597114,0.9960844,0.9958902,0.99456733,0.99448067,0.99491596,0.9957601,0.9971354,0.9947757,0.9951212,0.9963944,0.99703205,0.9961442,0.9967976,0.99661374,0.9959967,0.9963886,0.9960421,0.9971085,0.9956738,0.99623615,0.9943613,0.99621356,0.9960816,0.9965555,0.9968058,0.9961786,0.99657375,0.9960764,0.9970795,0.9965035,0.99628514,0.99699134,0.9966009,0.9962959,0.9969144,0.9977199,0.9968161,0.9970877,0.99654174,0.99660575,0.9940313,0.99660665,0.9958075,0.99586874,0.9971055,0.99687415,0.9971078,0.99631095,0.9960225,0.99591064,0.99680394,0.99618906,0.9966899,0.99616426,0.9951271,0.9966401,0.996504,0.9958062,0.9965167,0.9975153,0.9978005,0.9964802,0.99510354,0.99584264,0.9968186,0.99696195,0.9964337,0.99445266,0.9956475,0.99636865,0.99699265,0.9963144,0.9960975,0.9959934,0.99130243,0.9966578,0.99693805,0.9964677,0.9960247,0.99612653,0.99586177,0.99561644,0.996828,0.9973628,0.99674195,0.99661124,0.9967132,0.9968402,0.9974809,0.99708015,0.997266,0.99742603,0.9972089,0.99457955,0.99625087,0.9972827,0.99728644,0.997287,0.99999887,0.99702984,0.9972552,0.99719393,0.99739635,0.9964411,0.9964872,0.997943,0.9964922,0.9985016,0.9973056,0.99776924,0.9966906,0.99672145,0.9973984,0.9968002,0.99715805,0.9973452,0.9953362,0.9969547,0.9963169,0.9967159,0.9957221,0.997033,0.99726003,0.9970844,0.99608964,0.9972806,0.9925684,0.9964351,0.9970737,0.9967357,0.99617535,0.99639076,0.99718195,0.99536073,0.9963144,0.9964326,0.99737006,0.99489725,0.9960767,0.9973917,0.9964567,0.9964531,0.99656796,0.99634945,0.99694353,0.99678475,0.9963312,0.9967188,0.9968856,0.99660575,0.9968496,0.9965913,0.9967851,0.9972997,0.9969487,0.9959235,0.99630344,0.9932726,0.99625015,0.9969517,0.9969131,0.9963411,0.99701655,0.99664366,0.9969897,0.9966988,0.99700433,0.99606365,0.996931,0.9971537,0.9971441,0.99717784,0.996313,0.9968842,0.99629384,0.99675435,0.99684936,0.99667394,0.99451697,0.9963069,0.99638695,0.99718404,0.9966554,0.99713856,0.99672693,0.99668866,0.9966854,0.9959978,0.99649626,0.9968613,0.996652,0.99673754,0.9968906,0.9967929,0.9940761,0.99285656,0.9952356
ipip126,0.9982833,0.9963492,0.9974909,0.99613494,0.99775314,0.99646604,0.99850196,0.99716496,0.99808276,0.9961174,0.9969854,0.99792206,0.99692464,0.996664,0.9960324,0.9978225,0.9980777,0.9964113,0.9980402,0.99805224,0.99798274,0.9974897,0.9978803,0.9979292,0.9969213,0.99786806,0.9959581,0.9981687,0.9976128,0.99755687,0.9978018,0.99777627,0.9970817,0.9982667,0.9984735,0.9977905,0.9987647,0.9986319,0.9982493,0.9981881,0.9963103,0.9977663,0.99684894,0.9967755,0.99571085,0.9978541,0.9969693,0.99642134,0.997779,0.9967491,0.9972077,0.9910528,0.99764526,0.9969371,0.995094,0.9968882,0.99584454,0.9959831,0.9962252,0.9979804,0.9981173,0.99745405,0.9982275,0.9974421,0.99743724,0.9969513,0.998564,0.9981999,0.99798167,0.9965278,0.9983246,0.99791354,0.99444515,0.99696857,0.9964273,0.99137396,0.9966444,0.9981866,0.9970501,0.9976857,0.9973172,0.99847317,0.9967324,0.9982816,0.9979366,0.99865466,0.99847406,0.99669755,0.9960766,0.99807614,0.9971706,0.998413,0.99771756,0.9948364,0.99443793,0.9949161,0.998307,0.9965706,0.9951236,0.9946054,0.9973136,0.9982445,0.9975314,0.9977931,0.998089,0.9950436,0.9986075,0.9964176,0.99815106,0.9983062,0.9986632,0.99594116,0.99722147,0.99724233,0.9986568,0.99701023,0.99817204,0.998404,0.9983713,0.9973582,0.99833417,0.9974965,0.99791753,0.9979107,0.9981392,0.9970935,0.99746984,0.99813986,0.99660337,0.99715674,0.99820775,0.9923403,0.99597526,0.99535656,0.9978886,0.99795145,0.99747497,0.9977737,0.9985431,0.9983044,0.9985091,0.9979623,0.996938,0.9977647,0.9979439,0.99541795,0.9980561,0.9980084,0.99541515,0.99830294,0.9984174,0.99773693,0.99588215,0.9948551,0.99850243,0.9974164,0.99756724,0.99682164,0.9951918,0.9983911,0.9951809,0.99848145,0.9978912,0.9963933,0.99836874,0.9904107,0.9982866,0.99741465,0.99800754,0.99719274,0.9984306,0.99603456,0.99826777,0.99807495,0.99811167,0.99838716,0.998352,0.9980155,0.9972414,0.998628,0.9969928,0.99703646,0.99718666,0.99706227,0.99424195,0.9970126,0.99922955,0.9991222,0.9990782,0.99702984,1.0000008,0.9989277,0.99892807,0.99833745,0.9986547,0.9986955,0.9986331,0.9987141,0.99696916,0.9970852,0.9983975,0.99862915,0.9965373,0.9986427,0.9978086,0.9973173,0.99867916,0.9938932,0.9968657,0.99594855,0.9972795,0.9978775,0.99818546,0.9972702,0.99612564,0.9960705,0.9981224,0.99029416,0.99763954,0.9983632,0.9982684,0.9974041,0.9980787,0.997516,0.9960047,0.9984956,0.99888456,0.9983169,0.9926574,0.9968881,0.99841857,0.9979906,0.99796915,0.99808365,0.9983555,0.99646086,0.9979588,0.99714243,0.99796844,0.99685216,0.99796367,0.9972199,0.99847525,0.9969674,0.9980393,0.9981823,0.9961487,0.9984094,0.99262506,0.99671364,0.9981552,0.9981424,0.9956617,0.99814713,0.99667895,0.998209,0.9978776,0.99779713,0.9960772,0.9980612,0.9987438,0.99619055,0.99781966,0.99557716,0.99668676,0.9976189,0.99703884,0.9969793,0.9970489,0.99367,0.9986262,0.9962597,0.9974091,0.9983361,0.9976462,0.9972208,0.99704903,0.9979976,0.9964445,0.9974561,0.9968873,0.9982905,0.9973516,0.9969147,0.99778426,0.9935599,0.9914771,0.99570215
ipip156,0.99827427,0.99645025,0.99753624,0.9962885,0.9978156,0.99652046,0.99858284,0.9970425,0.99835986,0.9962203,0.99698204,0.99791795,0.9969195,0.9963517,0.99612427,0.9976996,0.9979527,0.9964969,0.9979705,0.99780613,0.99800277,0.9974662,0.9980534,0.9980673,0.9969533,0.9977789,0.99623597,0.9982144,0.99721575,0.99772155,0.99811125,0.99804544,0.99745035,0.9979776,0.9984079,0.9978145,0.998519,0.9985226,0.99826694,0.99796385,0.99639535,0.9979801,0.9970249,0.9971784,0.9957175,0.99792784,0.996873,0.99647784,0.9975767,0.99649,0.9972368,0.991216,0.9978074,0.99669075,0.995585,0.9971455,0.9956415,0.9963096,0.9962634,0.99818677,0.99804235,0.99741465,0.9982072,0.9973637,0.997378,0.99706876,0.99830216,0.99836576,0.9981417,0.99669033,0.9983422,0.9980199,0.9946238,0.9971479,0.99629205,0.99121785,0.9960953,0.9976971,0.9974837,0.9980956,0.9974238,0.9982521,0.996409,0.99810886,0.9976667,0.9984488,0.9979223,0.99668306,0.9959907,0.9978108,0.99701697,0.99834883,0.99756855,0.99449456,0.9944318,0.9948561,0.99832225,0.9970664,0.9953318,0.9945842,0.997416,0.9984946,0.9975304,0.99785244,0.99785924,0.9954098,0.99821043,0.9965942,0.99821365,0.9981918,0.9987453,0.9956564,0.9969801,0.9970772,0.9984881,0.9970332,0.9980014,0.9983709,0.9982849,0.9975642,0.99839216,0.9975088,0.9981468,0.99800044,0.9981079,0.99743265,0.9978897,0.99824077,0.9972593,0.9971558,0.99827784,0.9923642,0.9961605,0.99537504,0.99796015,0.9981746,0.99759746,0.9981579,0.99869287,0.99836,0.9984071,0.99799603,0.9969758,0.9978489,0.9976836,0.9953261,0.9980462,0.99819475,0.99594194,0.9979736,0.99861926,0.9979116,0.99594015,0.99484044,0.9984913,0.99766105,0.99762154,0.9970069,0.9950027,0.99846643,0.99532,0.99860954,0.9977731,0.9966882,0.9983333,0.99072325,0.9984067,0.99739873,0.9979418,0.9969695,0.9984605,0.99602556,0.9982046,0.9980707,0.99867916,0.9990287,0.9983589,0.99792916,0.99735695,0.9987344,0.9966542,0.99781996,0.99759656,0.9977998,0.9946026,0.99711275,0.9992508,0.99942225,0.9992335,0.9972552,0.9989277,0.9999988,0.99979436,0.9990229,0.99853045,0.99933374,0.99882954,0.99870515,0.99721104,0.99700797,0.9983391,0.9986527,0.99631447,0.9992825,0.9979295,0.99763745,0.99892086,0.9936656,0.9971473,0.9961702,0.99764794,0.9973606,0.99868864,0.9975518,0.99670684,0.99597067,0.99819076,0.9905073,0.9975421,0.99813974,0.99838156,0.99800915,0.99816924,0.99736273,0.9963338,0.99879235,0.9988852,0.99822855,0.9927673,0.99683714,0.99841267,0.9981235,0.99802905,0.9981235,0.9984349,0.9967409,0.9978344,0.99709827,0.9980124,0.9968506,0.9976999,0.9971786,0.9989193,0.99717724,0.998636,0.99823713,0.99627167,0.9984808,0.99288833,0.9967712,0.99843305,0.99841,0.9960512,0.9984306,0.99700737,0.99796534,0.9977093,0.99791443,0.9960573,0.9980957,0.9996046,0.9967284,0.998227,0.99606156,0.9970727,0.9978372,0.9971599,0.9972752,0.99717313,0.9939782,0.99870926,0.99655,0.9974356,0.9984371,0.99770385,0.99737173,0.99730176,0.9979365,0.9964802,0.9976192,0.9973785,0.99849397,0.9974364,0.99742717,0.99807554,0.9936919,0.99143463,0.9958467
ipip186,0.9982991,0.9963985,0.9975803,0.99622244,0.99785715,0.99651164,0.99858,0.9969564,0.9982616,0.9961542,0.99696386,0.99794275,0.996824,0.99633,0.99604535,0.9977378,0.99786025,0.9963888,0.99791855,0.9977126,0.99799436,0.9974076,0.99801266,0.9979568,0.9969587,0.9977747,0.9961074,0.9981436,0.9972198,0.99771035,0.9980013,0.99795884,0.9974271,0.9980019,0.9983845,0.9978594,0.99859005,0.99853134,0.9983025,0.9979977,0.9963257,0.9979888,0.99697506,0.99728805,0.99556935,0.9979284,0.9967954,0.99646056,0.9975521,0.99649185,0.9972114,0.99111915,0.9977026,0.9966309,0.99543923,0.9970883,0.99568415,0.99623376,0.9962583,0.99812484,0.99803305,0.997405,0.9981458,0.9973488,0.99742067,0.9970359,0.9982972,0.99837834,0.9981241,0.9966793,0.99834025,0.99797,0.9945543,0.99699026,0.9962754,0.9910652,0.99605095,0.9976998,0.9973381,0.99797857,0.9973803,0.99829245,0.99644995,0.99819076,0.99768424,0.998486,0.9979525,0.99663496,0.9959947,0.997776,0.99707913,0.9983873,0.99759036,0.9944779,0.99440897,0.99479306,0.9983094,0.99690753,0.9953349,0.99449754,0.99740106,0.9984302,0.99753064,0.9978506,0.99783367,0.9952259,0.99817246,0.9965028,0.9980953,0.99819666,0.9987252,0.99569756,0.99698544,0.99711585,0.9985076,0.9970195,0.9980171,0.99843055,0.99835515,0.99754435,0.9984218,0.99742824,0.99808675,0.9979365,0.9981107,0.9973428,0.9977034,0.99814886,0.99712276,0.997086,0.9982634,0.99226296,0.9960631,0.99524045,0.9979538,0.99811506,0.99754095,0.99805355,0.99865943,0.9983702,0.99844277,0.997942,0.9969442,0.99777555,0.99768114,0.9953084,0.9980438,0.9982551,0.9958557,0.9980085,0.9985737,0.99787647,0.99591106,0.9947972,0.9984638,0.99761856,0.9975878,0.9969004,0.99496955,0.9984267,0.99522406,0.99856836,0.9978445,0.99662757,0.9983901,0.9907756,0.99837065,0.9973544,0.997891,0.996988,0.9984885,0.99600494,0.99827117,0.99799716,0.9985855,0.99911314,0.99829876,0.9978995,0.9973158,0.99854004,0.99658084,0.9976469,0.9974329,0.997606,0.9945564,0.996977,0.99925184,0.9991768,0.9991739,0.99719393,0.99892807,0.99979436,1.0000011,0.99886364,0.99850184,0.99932665,0.99880785,0.9987139,0.99715924,0.99691874,0.9983038,0.9986232,0.9961542,0.9993749,0.9978639,0.9975956,0.99875957,0.9935584,0.99695385,0.9960694,0.9975735,0.9973683,0.9986294,0.9974129,0.99650383,0.99598354,0.9981651,0.99040127,0.99753934,0.99818194,0.9983807,0.99793994,0.9979646,0.9972303,0.99637175,0.9988308,0.9988195,0.9980554,0.99250895,0.99682343,0.9982701,0.99800444,0.9979761,0.9980757,0.9983777,0.9965956,0.99777865,0.9970793,0.9980318,0.99681264,0.99766135,0.9971124,0.99902666,0.9971093,0.99869144,0.99813324,0.99615765,0.9985123,0.9928183,0.99667287,0.998407,0.99840647,0.99594647,0.998407,0.9969287,0.99794024,0.99768573,0.99787766,0.9959383,0.9980665,0.99967504,0.99655586,0.9981051,0.99596053,0.9970162,0.99769527,0.99710697,0.9971827,0.99713504,0.9939041,0.9986816,0.99644095,0.99736905,0.9984131,0.9975896,0.9973045,0.99720776,0.9978822,0.9963641,0.99760336,0.9972637,0.998441,0.99729925,0.9973081,0.9979584,0.99358267,0.9913054,0.99581546
ipip216,0.9979028,0.99653935,0.9973018,0.9965805,0.99773526,0.9966995,0.998174,0.99685526,0.99853814,0.99652785,0.9968688,0.9976549,0.9966732,0.9963555,0.99622405,0.99729824,0.9977164,0.99677,0.9977182,0.9974141,0.9977727,0.9973402,0.99788284,0.9982572,0.997099,0.99750346,0.9967212,0.9979816,0.99698603,0.9975958,0.99876356,0.9980048,0.99760133,0.99789006,0.99792856,0.997593,0.9979291,0.9980472,0.997731,0.99774873,0.99654347,0.9976576,0.9973836,0.9967802,0.99626046,0.9978108,0.9970915,0.9965301,0.99730617,0.99649066,0.99720687,0.9918464,0.9975509,0.9965075,0.9965429,0.99702656,0.99586725,0.9962286,0.9962278,0.9982039,0.9976918,0.9973411,0.9979257,0.9977276,0.99727637,0.99706924,0.9979089,0.99829566,0.9979324,0.9968372,0.9979816,0.99765277,0.9949521,0.9968727,0.99634993,0.99092096,0.99587065,0.99741334,0.99825716,0.9987772,0.9973219,0.99787056,0.9960527,0.99785197,0.997412,0.99792695,0.99750596,0.99635035,0.99608666,0.9975483,0.99678403,0.9979779,0.99724895,0.99451584,0.9945217,0.9949267,0.9979066,0.99786514,0.9952499,0.99465215,0.99699575,0.99863464,0.99729306,0.997627,0.997577,0.9953888,0.9977059,0.9965832,0.9979585,0.99777424,0.9982425,0.9955515,0.9968551,0.99684626,0.99802405,0.9968816,0.9976464,0.998012,0.99785465,0.9970752,0.9981636,0.9973453,0.99813527,0.997884,0.9976853,0.99801445,0.99753535,0.997818,0.998183,0.9969309,0.9979028,0.99249303,0.9963739,0.99550194,0.9975524,0.99808383,0.99778634,0.9980646,0.99822515,0.9980013,0.99802935,0.9977712,0.99700844,0.9977792,0.99749655,0.995336,0.99781716,0.9979793,0.99613816,0.9977043,0.9987086,0.9981746,0.99577016,0.99511546,0.9980174,0.997468,0.99743855,0.9969189,0.995089,0.9980108,0.9955684,0.9983805,0.9974809,0.9971652,0.99799144,0.9908597,0.9980409,0.99738884,0.997666,0.99671274,0.9980668,0.99612904,0.9976838,0.9982016,0.9996255,0.9983714,0.9979878,0.99768037,0.99761444,0.99829245,0.9963932,0.99898016,0.9977581,0.9988909,0.99478054,0.99719065,0.99870306,0.9988862,0.9987926,0.99739635,0.99833745,0.9990229,0.99886364,1.0000005,0.9982075,0.9986596,0.9982423,0.9982746,0.9972949,0.9971502,0.99779296,0.99826354,0.99624443,0.99856,0.99794084,0.99814415,0.9991977,0.99426866,0.9971702,0.9964816,0.99757415,0.9969839,0.9994569,0.99794894,0.99756664,0.9964048,0.9975919,0.99073356,0.9971702,0.99767405,0.9980339,0.9973369,0.9979193,0.99749917,0.99598986,0.9982201,0.9984405,0.99800247,0.993297,0.997041,0.9979282,0.99804336,0.9980108,0.99801826,0.9981295,0.9970428,0.9977717,0.9967666,0.99763435,0.99652034,0.99733186,0.99685764,0.998149,0.997528,0.9978295,0.99811536,0.99628484,0.99808073,0.99308825,0.9966616,0.99840474,0.99840397,0.9960574,0.9983606,0.9970324,0.99749595,0.9973661,0.998105,0.9959245,0.99790245,0.9987618,0.9978218,0.99751705,0.99549675,0.9970044,0.9975279,0.99688464,0.9976783,0.9970381,0.9941293,0.9983021,0.99675304,0.9979478,0.99810433,0.99795485,0.99720496,0.9970519,0.99787503,0.9967013,0.99737376,0.99816155,0.9980468,0.9974173,0.9981533,0.99770224,0.9941156,0.9915095,0.99586886
ipip246,0.9983573,0.9963603,0.9975479,0.9960479,0.99787956,0.99689233,0.9983693,0.99678224,0.9979722,0.9958991,0.99665886,0.9983348,0.99647576,0.9964688,0.9960747,0.9976198,0.9979689,0.99628234,0.99789363,0.99769294,0.9979734,0.9975337,0.99791664,0.99793273,0.9972046,0.99767643,0.995602,0.9979669,0.9973495,0.9974063,0.9979435,0.99748313,0.99707395,0.99822897,0.99831414,0.9977797,0.9980687,0.99834836,0.99805564,0.9980039,0.99594295,0.9975961,0.996821,0.99661356,0.99547213,0.9979082,0.996884,0.99648,0.99752957,0.99674034,0.9969929,0.99029666,0.997614,0.9961306,0.9949845,0.99646515,0.99593747,0.9956033,0.9960733,0.99786305,0.99813616,0.9975263,0.9984022,0.99776363,0.9974359,0.9970559,0.99820775,0.99815536,0.9980428,0.99634403,0.99858445,0.99789983,0.99476796,0.99706864,0.99637866,0.9905665,0.9962444,0.99808514,0.9968478,0.99763644,0.9974858,0.99923587,0.9964574,0.9984395,0.99789274,0.9985405,0.9981149,0.9963204,0.9959534,0.99785376,0.9972325,0.9985069,0.99773234,0.99463433,0.9942378,0.9947344,0.9984514,0.9962076,0.9951623,0.99437755,0.9970785,0.99871,0.99753195,0.9978024,0.998276,0.99446356,0.9981527,0.9963643,0.9978184,0.99827254,0.9987102,0.9960068,0.99751735,0.9969753,0.99837774,0.99681175,0.99802005,0.99839586,0.99828917,0.99722034,0.998226,0.99738204,0.99800175,0.99798757,0.9980705,0.9969015,0.9970802,0.99796474,0.99660206,0.9975432,0.99817526,0.99184245,0.99594855,0.9951957,0.9978275,0.9979789,0.9975282,0.997565,0.9986324,0.99852866,0.99872243,0.9979425,0.9968232,0.99766934,0.9980834,0.9952366,0.9988263,0.99811345,0.99502647,0.9982976,0.9985848,0.9979419,0.99575156,0.9949099,0.99846065,0.99758995,0.99766403,0.99684006,0.9952585,0.998424,0.99495995,0.9984297,0.9977587,0.9964729,0.9983945,0.9898813,0.99802256,0.99768287,0.99775374,0.99691814,0.9986033,0.99619323,0.99813306,0.9981473,0.9980424,0.9983214,0.9981514,0.99779135,0.99688846,0.9978237,0.9962905,0.9968722,0.9972401,0.9969676,0.99389434,0.9967496,0.998339,0.99842113,0.9983898,0.9964411,0.9986547,0.99853045,0.99850184,0.9982075,0.99999994,0.9986792,0.9983081,0.99853677,0.99656695,0.996773,0.997838,0.9984773,0.99589515,0.99840987,0.9979733,0.997451,0.99847686,0.9932922,0.9964482,0.9955072,0.9973395,0.9973665,0.99820524,0.9974055,0.9957898,0.99593985,0.9977143,0.9896338,0.9973835,0.9979434,0.99827814,0.99705493,0.99765116,0.99735063,0.9956503,0.9984113,0.99849635,0.9976792,0.9918437,0.9967622,0.99759364,0.99846286,0.9981138,0.9983364,0.99833685,0.99657637,0.99790555,0.9968568,0.9977918,0.9962899,0.99766207,0.99699044,0.99823505,0.99666715,0.99739766,0.9979639,0.99614197,0.99848574,0.9922883,0.99657947,0.9980257,0.9980404,0.99504334,0.99802357,0.99629,0.99749404,0.9974014,0.9978336,0.9958373,0.9980262,0.9984672,0.995759,0.99727017,0.99464655,0.995945,0.9976256,0.99688125,0.99717593,0.9970245,0.9940087,0.9985852,0.99601614,0.9974258,0.9981746,0.9976722,0.99714047,0.9968961,0.998139,0.99653,0.99750483,0.9969609,0.99816215,0.9969969,0.9969537,0.9975806,0.9933826,0.9907771,0.9955323
ipip276,0.9988306,0.9962746,0.99791825,0.99599665,0.9980762,0.99656063,0.99900496,0.99693686,0.9982813,0.995903,0.9968898,0.99823487,0.9966186,0.9962487,0.995805,0.99779874,0.9980059,0.9963922,0.9981225,0.9979422,0.99802005,0.9976351,0.9981479,0.9981154,0.996936,0.997929,0.9956001,0.9981001,0.99720347,0.9976214,0.9981179,0.99792105,0.9977101,0.9981157,0.9989403,0.9978969,0.998707,0.998996,0.998147,0.99805254,0.9961701,0.9983129,0.9969389,0.9974475,0.99522984,0.99819505,0.9966688,0.9965196,0.99784803,0.9964291,0.9973075,0.9901391,0.9979876,0.99638855,0.9951256,0.99670416,0.9957291,0.9959255,0.99612564,0.9980703,0.9984589,0.9976178,0.99845785,0.9973792,0.99747396,0.99684805,0.99856764,0.9985158,0.9983538,0.996473,0.998814,0.9980127,0.9943389,0.9971009,0.9962245,0.9903168,0.995929,0.99791193,0.9970074,0.99786335,0.9974892,0.9986792,0.9965011,0.99868375,0.99786025,0.99897563,0.9983474,0.9962715,0.9959173,0.9981497,0.9970514,0.99881005,0.99781454,0.9941986,0.9942001,0.99459946,0.99885774,0.9965064,0.9951005,0.99400675,0.9971838,0.9987241,0.997676,0.99765676,0.9980273,0.9942255,0.99844235,0.996213,0.9980274,0.99872494,0.99918973,0.9958344,0.99700433,0.9970956,0.99871206,0.996751,0.998321,0.9986189,0.9986384,0.9973547,0.9985346,0.99725544,0.9981289,0.9981195,0.99843323,0.99691904,0.99732786,0.99826765,0.9968493,0.9970088,0.99852103,0.99168336,0.99584687,0.99504834,0.99826086,0.998156,0.9974324,0.99802196,0.99910975,0.99878365,0.9988823,0.9980358,0.9969378,0.9978581,0.9978106,0.99509066,0.9983169,0.9984466,0.9955148,0.99821776,0.9987228,0.9977957,0.99556744,0.9944718,0.99880856,0.9974639,0.9973678,0.9968361,0.9948637,0.99883175,0.994837,0.998714,0.9978734,0.99658525,0.9987824,0.98997355,0.9985614,0.99723953,0.99797046,0.9969234,0.99892217,0.99591047,0.9986609,0.99807686,0.9984874,0.9992742,0.9986206,0.9980273,0.9971422,0.99805486,0.9960462,0.9971872,0.9971672,0.99714553,0.9941728,0.9968827,0.99870366,0.9987817,0.9987907,0.9964872,0.9986955,0.99933374,0.99932665,0.9986596,0.9986792,0.99999964,0.99868643,0.9991042,0.9966744,0.9967439,0.99800605,0.9988961,0.995779,0.9991568,0.997953,0.9974829,0.9988344,0.99286634,0.9965469,0.99580485,0.99743485,0.99745756,0.9986307,0.9974097,0.995956,0.9956338,0.9980581,0.98935807,0.99760413,0.9981322,0.9985418,0.9978633,0.99789417,0.99690115,0.9960752,0.9990963,0.9990197,0.9978652,0.99142677,0.9966457,0.99777824,0.99799776,0.99823403,0.99830556,0.99863154,0.9960007,0.9978244,0.99697506,0.99811023,0.99624544,0.9977505,0.9970613,0.9991303,0.9967778,0.99804693,0.9981434,0.9960969,0.99886364,0.9923511,0.99656695,0.9984578,0.9985356,0.99541366,0.9984745,0.99666154,0.9976126,0.9975557,0.9979799,0.9958132,0.9980847,0.9992325,0.9956474,0.99762976,0.99499327,0.996172,0.9979653,0.99695575,0.997164,0.9970671,0.9934996,0.9991317,0.99617296,0.9974149,0.9986465,0.9976274,0.9972859,0.9971384,0.9981196,0.9962821,0.9977011,0.9971722,0.99878854,0.9971354,0.9972873,0.9980872,0.9931853,0.99064,0.99575704
ipip11,0.99803203,0.9966226,0.99736637,0.9965598,0.99792933,0.99673766,0.99839586,0.99722654,0.99831367,0.9965977,0.99675834,0.997752,0.9969447,0.9965763,0.9960127,0.99750364,0.99796724,0.99660164,0.99786085,0.9977447,0.99830496,0.9973884,0.99805534,0.9982009,0.99698037,0.9979402,0.99647427,0.9984622,0.99723345,0.9974965,0.9977034,0.9977201,0.9972181,0.99797314,0.99820715,0.99776506,0.9981984,0.9984183,0.99796015,0.9980038,0.9965632,0.99778503,0.99718004,0.9968282,0.99616253,0.99798286,0.9970479,0.99651486,0.9976464,0.99663526,0.9973253,0.9920292,0.99769217,0.99712235,0.99542326,0.99731463,0.99576503,0.9963383,0.99647325,0.99801,0.9979446,0.99739033,0.998103,0.99746364,0.9973752,0.9969396,0.998208,0.9982435,0.9979438,0.99661064,0.9982227,0.99804896,0.9947874,0.99708384,0.99657696,0.9914456,0.9962593,0.9978016,0.99722624,0.9978299,0.99730325,0.9981474,0.99646133,0.99798894,0.9977527,0.9983277,0.99789387,0.9966171,0.99602413,0.9977512,0.9970957,0.9982709,0.9975502,0.9947954,0.9945501,0.9949665,0.998103,0.99698615,0.99535525,0.9946347,0.9973567,0.9984238,0.9975063,0.9977116,0.9978756,0.9954001,0.99819726,0.99646616,0.99818903,0.99805415,0.9984041,0.9955191,0.9970355,0.9970343,0.9983448,0.99719256,0.99789065,0.99831814,0.99815583,0.99773085,0.99822456,0.9973538,0.9983807,0.99798673,0.9981645,0.99705106,0.99849164,0.9981572,0.9969817,0.99734324,0.9983072,0.9925273,0.9963917,0.99550146,0.9978783,0.9982487,0.99767,0.9980194,0.99846715,0.9982773,0.99821335,0.99797624,0.9968479,0.99784553,0.9975694,0.99539196,0.998069,0.9980115,0.9957239,0.99795824,0.9987282,0.9980854,0.9961063,0.9948134,0.9981713,0.9977066,0.9976819,0.99709874,0.99499506,0.9981707,0.995616,0.99857897,0.9978119,0.99652547,0.99821323,0.99071467,0.99830556,0.9974882,0.9980386,0.9971701,0.99847025,0.9963589,0.9981033,0.9980331,0.99823105,0.99850345,0.9984518,0.9981184,0.9974902,0.9986333,0.996926,0.9972364,0.9976876,0.99722916,0.9945127,0.9969153,0.9989024,0.9988493,0.9989649,0.997943,0.9986331,0.99882954,0.99880785,0.9982423,0.9983081,0.99868643,0.99999964,0.9987284,0.9982295,0.9972993,0.9988333,0.99903727,0.9972315,0.999541,0.9982997,0.9976846,0.9987386,0.99410766,0.99716794,0.9962469,0.9977844,0.9973278,0.99821526,0.99743515,0.9964589,0.9959276,0.9984533,0.9910066,0.99770623,0.9983156,0.99838746,0.9974108,0.9978579,0.99738145,0.99596006,0.9983687,0.99868315,0.9984758,0.993499,0.9966478,0.9986457,0.99782187,0.99791217,0.998041,0.9982389,0.9966335,0.99790335,0.9973899,0.9981967,0.9971244,0.99780726,0.99755806,0.9986113,0.99687713,0.99808234,0.9982187,0.9965062,0.9984713,0.9932565,0.9971226,0.9982649,0.99827427,0.9960432,0.9982585,0.99697006,0.99834955,0.99841005,0.9979672,0.9963812,0.99817854,0.9988862,0.9964293,0.99803036,0.9963834,0.9969838,0.9977989,0.99733067,0.99734277,0.997358,0.9941189,0.99852073,0.99652445,0.99755615,0.99833035,0.99779224,0.99749106,0.9974205,0.99785525,0.996387,0.9978676,0.99720377,0.9983924,0.9975756,0.99715984,0.9979045,0.9938679,0.99192876,0.99594814
ipip41,0.9989634,0.99643254,0.9979465,0.9961415,0.99826795,0.99661416,0.99924165,0.99721307,0.9984117,0.9962301,0.99669963,0.9981432,0.9965845,0.9964935,0.99579656,0.99772155,0.9980496,0.99634445,0.99812186,0.99797535,0.99817336,0.9976484,0.99823076,0.9982459,0.9970074,0.9982666,0.9960295,0.9982817,0.9973651,0.9975851,0.9979661,0.9979658,0.9975243,0.9981549,0.9989909,0.99807954,0.9985452,0.99914443,0.9981376,0.99819016,0.99647284,0.9985315,0.99700326,0.9968093,0.99569494,0.99865085,0.9971778,0.9964684,0.9978782,0.9966772,0.9975534,0.9906752,0.99808097,0.9966351,0.9951641,0.9968764,0.99592173,0.9957375,0.99619913,0.99829084,0.9983808,0.9976821,0.99840605,0.9975061,0.9974267,0.99683404,0.9986863,0.9986466,0.998119,0.9964609,0.9989839,0.99806374,0.99441683,0.99721175,0.9961898,0.9899809,0.9960089,0.99795514,0.99704206,0.99787873,0.9972322,0.9985307,0.9963493,0.9986212,0.99794394,0.99893355,0.99833643,0.9963095,0.99598336,0.9982198,0.99701977,0.9987713,0.99781823,0.9942425,0.99412584,0.99469614,0.9988511,0.99657524,0.99506825,0.9938923,0.99704957,0.99854946,0.99759984,0.99770224,0.99798054,0.9943673,0.9984514,0.9962304,0.9981389,0.9987284,0.9991595,0.9957376,0.9970536,0.99695224,0.99863845,0.99673545,0.99823886,0.99857277,0.9985792,0.99702114,0.9984805,0.99716973,0.9982984,0.99814034,0.99838394,0.9969266,0.99747366,0.9983962,0.99689233,0.99712276,0.9986432,0.9913462,0.9960125,0.9950553,0.998378,0.9982362,0.99756676,0.99813235,0.9990919,0.9987865,0.99887013,0.99788487,0.9968486,0.9979083,0.9978717,0.99498403,0.998243,0.9981739,0.99545044,0.99816185,0.998617,0.99762374,0.9953613,0.99435407,0.9986356,0.9974523,0.99737746,0.9970304,0.99480355,0.9987062,0.9949097,0.9988183,0.9977245,0.996389,0.99885476,0.9897097,0.9987623,0.9972815,0.99806315,0.9969222,0.99923295,0.9959492,0.99864304,0.9981927,0.99825406,0.998647,0.9985988,0.99824584,0.99742216,0.9980287,0.9962079,0.99681306,0.9969929,0.9967847,0.9939077,0.9967246,0.9986302,0.99870926,0.99871576,0.9964922,0.9987141,0.99870515,0.9987139,0.9982746,0.99853677,0.9991042,0.9987284,0.9999994,0.9967425,0.99748564,0.9980493,0.9991013,0.99626917,0.9988105,0.99854505,0.9978002,0.99883324,0.993199,0.9966119,0.99583197,0.99749786,0.9974576,0.99841243,0.99747515,0.9959427,0.995746,0.99793494,0.9894652,0.9976884,0.9981016,0.99869365,0.99720144,0.99781555,0.99698985,0.99553925,0.99866694,0.99892247,0.9980521,0.9917832,0.99667215,0.99801636,0.9977927,0.9981712,0.99831676,0.9984898,0.99586886,0.99790275,0.9970329,0.9981282,0.99639434,0.9978443,0.9970382,0.9986626,0.99678785,0.99752885,0.9982731,0.9962734,0.9991101,0.99257994,0.9969772,0.9987114,0.9987365,0.9956144,0.9986543,0.9968048,0.99774444,0.9978652,0.99804366,0.99639666,0.9983828,0.998687,0.99546826,0.99734896,0.9947072,0.9961061,0.9979867,0.9970326,0.99725956,0.9971629,0.99343467,0.9993479,0.9965585,0.9973732,0.99895746,0.99772924,0.9972849,0.99716204,0.99810034,0.9961936,0.9978489,0.9971891,0.9987659,0.9973798,0.9971952,0.9980411,0.9932627,0.9908017,0.9957073
ipip71,0.99580467,0.99576056,0.9957291,0.9957615,0.9963325,0.9957472,0.9963199,0.9961936,0.9973685,0.9959466,0.9959524,0.99639356,0.9962483,0.9959662,0.9957158,0.99612147,0.99669236,0.99606156,0.9964316,0.99631906,0.9966791,0.99597543,0.99671865,0.9971492,0.99622345,0.9969728,0.9963382,0.9969168,0.99622506,0.99651474,0.9965444,0.9967336,0.99608904,0.9965633,0.9960745,0.9964038,0.996405,0.99631286,0.99661595,0.9966083,0.9962189,0.99647343,0.99639034,0.9959626,0.9960324,0.9965435,0.9966805,0.9955773,0.99630976,0.9959893,0.99639326,0.9931917,0.99617445,0.9964159,0.9958068,0.9968496,0.99490255,0.9961608,0.99582547,0.9969936,0.9960668,0.99625826,0.9963415,0.9967174,0.996339,0.99620515,0.9964415,0.9966917,0.9966023,0.9959533,0.9959887,0.99687797,0.99457675,0.9958093,0.99591094,0.9919947,0.99586093,0.99645597,0.9970456,0.9971729,0.9962708,0.996281,0.99531275,0.99605095,0.9962781,0.9961437,0.99606454,0.9959438,0.9954844,0.99623466,0.9961756,0.99618065,0.9960022,0.994695,0.9942959,0.99476933,0.99588585,0.9969964,0.99480593,0.99486,0.99641865,0.9970037,0.99619895,0.9967544,0.9965571,0.99623615,0.996564,0.9959603,0.9970077,0.9959697,0.99629664,0.99416465,0.99613285,0.9960758,0.99645627,0.9964669,0.99622715,0.9965634,0.9960681,0.99681216,0.99639994,0.9963174,0.9969534,0.9964641,0.9965054,0.9968028,0.9974903,0.9967867,0.9968778,0.99646914,0.99658746,0.99315083,0.9960917,0.9954696,0.99596417,0.9970981,0.9968291,0.9970007,0.9964376,0.99616176,0.99613506,0.9966437,0.99607253,0.9965348,0.9962643,0.9950438,0.99678093,0.9966228,0.99569637,0.9965894,0.9974522,0.9975831,0.99604285,0.9946741,0.99592996,0.99685663,0.9968403,0.9962479,0.9944883,0.99589944,0.9957083,0.99697065,0.9963086,0.9959014,0.9960848,0.9912005,0.99660856,0.996649,0.99648136,0.9961125,0.9963106,0.9959658,0.9958743,0.9968094,0.9973293,0.9969245,0.99674606,0.9968309,0.9966401,0.99754226,0.9970533,0.99709165,0.9973853,0.9970635,0.9944287,0.9959298,0.99714285,0.9971958,0.9973921,0.9985016,0.99696916,0.99721104,0.99715924,0.9972949,0.99656695,0.9966744,0.9982295,0.9967425,0.99999833,0.9971423,0.9974945,0.9969667,0.9964999,0.99770415,0.996866,0.9971491,0.99740416,0.99479765,0.9966378,0.9962274,0.9966165,0.99597985,0.99710184,0.996937,0.99660695,0.9958871,0.99713826,0.99190027,0.9963964,0.99707735,0.9967377,0.996368,0.99635655,0.99684495,0.9952741,0.99650496,0.9966069,0.997408,0.9942196,0.9960725,0.99741226,0.9964756,0.9963937,0.9965164,0.9965986,0.99652535,0.99655575,0.99637824,0.99685436,0.9968782,0.996624,0.9968782,0.99681073,0.9963424,0.9973823,0.99685913,0.99575686,0.99634814,0.9930453,0.99608785,0.99688303,0.9968577,0.9959122,0.9969452,0.9963401,0.99679106,0.99651724,0.99685556,0.99589825,0.99683577,0.99719304,0.9966733,0.99683183,0.99602705,0.99657243,0.9962818,0.9964686,0.99667424,0.99647623,0.99428684,0.99647385,0.9960928,0.9969102,0.99664646,0.9971972,0.99648005,0.99646866,0.9964799,0.9956791,0.99652284,0.99669963,0.99665606,0.9964861,0.99673426,0.9966178,0.9937879,0.9923545,0.99502987
ipip101,0.99650425,0.9973587,0.99670076,0.99687636,0.99725777,0.99644643,0.9969663,0.99726444,0.9978843,0.99713343,0.9968253,0.9967647,0.99716735,0.99692,0.99675065,0.99652565,0.9970424,0.99680763,0.9970495,0.9967656,0.9971306,0.9966605,0.9972901,0.99763775,0.9978073,0.99740475,0.9973914,0.99726593,0.9968613,0.9972628,0.99660647,0.9971495,0.9961023,0.99761325,0.996457,0.99705285,0.9966512,0.9968286,0.99671954,0.99757636,0.996637,0.997346,0.9976415,0.9961469,0.99756444,0.99819154,0.99946743,0.9967741,0.9974468,0.99680954,0.9969502,0.99420685,0.9971101,0.99678946,0.99662095,0.9976141,0.99590385,0.99685866,0.99682,0.99771047,0.996358,0.9969723,0.99675155,0.99729663,0.9969624,0.9971225,0.99690366,0.9972206,0.99762976,0.99685633,0.9964228,0.997236,0.9951141,0.99643415,0.99679124,0.9922426,0.996585,0.99693316,0.9974489,0.9974353,0.9969832,0.9966761,0.9959393,0.996421,0.9969866,0.99645174,0.9964106,0.9965134,0.9962849,0.99694073,0.9963965,0.99653566,0.9963785,0.99485964,0.99538416,0.99661034,0.99632996,0.9976794,0.99537313,0.9961861,0.9965597,0.9967997,0.99647456,0.99700844,0.9972022,0.9962224,0.99674654,0.9966644,0.9976437,0.99617434,0.99668676,0.9949537,0.99679816,0.9963182,0.9968457,0.9970202,0.9962771,0.9967608,0.99648064,0.99693644,0.9969109,0.9966438,0.9973526,0.9970163,0.99643683,0.9968936,0.99747586,0.9972902,0.99740815,0.99664116,0.9971077,0.9941196,0.99679965,0.9961574,0.996353,0.9973208,0.9971635,0.99756825,0.996636,0.996371,0.99640906,0.9972474,0.9966323,0.9973405,0.99684244,0.99576426,0.996728,0.9975234,0.99676925,0.9974508,0.99710894,0.9970958,0.99658823,0.99547166,0.9960504,0.9971613,0.9973778,0.9970428,0.99504244,0.9960254,0.9963691,0.99724084,0.996417,0.99642134,0.99630773,0.9914592,0.99713117,0.9978373,0.99698687,0.99629396,0.9967001,0.9963998,0.9959112,0.9969706,0.99722344,0.99687856,0.997049,0.9973742,0.99719536,0.99717057,0.9966332,0.9971103,0.9971138,0.99702466,0.99514663,0.9964613,0.996925,0.9969771,0.99702454,0.9973056,0.9970852,0.99700797,0.99691874,0.9971502,0.996773,0.9967439,0.9972993,0.99748564,0.9971423,1.000001,0.9975548,0.9967937,0.9975484,0.9970972,0.9975129,0.9976008,0.99732494,0.9958357,0.9973815,0.99703664,0.9970121,0.9960208,0.9972363,0.9970907,0.9970714,0.9965983,0.99728996,0.9928911,0.9967387,0.99694055,0.9972302,0.9965425,0.9966398,0.99757767,0.9958856,0.99679476,0.99650663,0.9973379,0.99505854,0.99659085,0.9972098,0.9964649,0.9969259,0.99720967,0.9966743,0.9962939,0.9977347,0.99666685,0.9969567,0.99671346,0.99705607,0.9971125,0.9966578,0.99781823,0.9969057,0.99774885,0.9970471,0.9968653,0.99404985,0.9968411,0.9977186,0.9976047,0.9967688,0.99756724,0.9972256,0.9969831,0.9968168,0.99742,0.9970334,0.9976414,0.997015,0.99695903,0.9972489,0.9962848,0.99708885,0.99691653,0.99700296,0.9971887,0.99700433,0.99510914,0.9968637,0.99733037,0.99724746,0.9973016,0.9975571,0.9970861,0.99717504,0.9978224,0.9964953,0.9969421,0.997256,0.9970672,0.9976299,0.9972206,0.9972081,0.995515,0.9942188,0.9962022
ipip131,0.99740434,0.996552,0.9969047,0.9963873,0.9974886,0.99632293,0.99781597,0.99733657,0.9979451,0.9963214,0.99680775,0.99745595,0.9970024,0.99650216,0.99607664,0.9972432,0.99764633,0.99643457,0.9975415,0.9975297,0.9977282,0.9972024,0.9976256,0.9978382,0.9971864,0.997327,0.9964536,0.9978908,0.9969994,0.99723864,0.9972812,0.9976212,0.9966814,0.99814546,0.99768764,0.99748814,0.99785686,0.99787,0.9975374,0.9978532,0.99628705,0.9974007,0.99697846,0.9964373,0.9960392,0.9975401,0.9974473,0.9963778,0.9975299,0.9965631,0.9970853,0.99210006,0.99743736,0.99721813,0.9954536,0.9971542,0.9956759,0.9961692,0.9963086,0.9976841,0.9975325,0.9971169,0.99787116,0.9971756,0.99720377,0.99677426,0.99784726,0.99772906,0.9978217,0.9964748,0.99764746,0.99768436,0.99469346,0.99704087,0.9965156,0.9914438,0.9964348,0.9975605,0.99715537,0.9975312,0.997095,0.99778116,0.9964533,0.99744016,0.9975086,0.99779725,0.997512,0.9965533,0.99586695,0.9974168,0.99684745,0.9976915,0.99733806,0.9948038,0.9945056,0.99523884,0.9976494,0.9968882,0.9951288,0.994929,0.9971855,0.9978107,0.99719334,0.9974581,0.99772114,0.9952467,0.9977147,0.99645704,0.99814993,0.9975323,0.9979828,0.9953697,0.99696356,0.996879,0.9982007,0.9971095,0.99753374,0.9979418,0.997616,0.997705,0.997939,0.9971019,0.9977807,0.99755865,0.99767196,0.9968141,0.9978221,0.99796903,0.9966896,0.99707896,0.9980188,0.99306566,0.9962796,0.9954731,0.997607,0.9976481,0.997317,0.99784034,0.9980033,0.9977447,0.99765134,0.9976326,0.99662435,0.9977078,0.997304,0.99527836,0.9975996,0.99785984,0.99560356,0.9977428,0.9981501,0.9977632,0.99622107,0.99513185,0.9976507,0.9972642,0.99740636,0.9970852,0.9949993,0.99756354,0.99575305,0.9981206,0.99757457,0.9964002,0.9977016,0.99135566,0.9980185,0.99774265,0.9977836,0.9968212,0.9978484,0.99601245,0.9974369,0.99767846,0.9977297,0.9979703,0.99790263,0.99767554,0.9972652,0.99833864,0.99678415,0.9969626,0.99732715,0.9970492,0.9945903,0.9970452,0.9985508,0.99844664,0.9985094,0.99776924,0.9983975,0.9983391,0.9983038,0.99779296,0.997838,0.99800605,0.9988333,0.9980493,0.9974945,0.9975548,0.9999994,0.9981862,0.99703854,0.9985691,0.99763566,0.99731714,0.9982445,0.9942249,0.9969319,0.9962228,0.99722576,0.996971,0.9977393,0.9972666,0.9966249,0.99601483,0.9980129,0.99117696,0.9972441,0.9981913,0.9979077,0.99710613,0.99769527,0.997721,0.9957906,0.9978777,0.9982044,0.99821323,0.99355376,0.9965709,0.99846214,0.9974058,0.99767095,0.997685,0.99793494,0.9966891,0.9982,0.99749374,0.99783206,0.99679786,0.9976256,0.99724054,0.99814904,0.99699664,0.9977184,0.9981053,0.9963408,0.99797124,0.9930977,0.9968554,0.99785376,0.99784696,0.9961107,0.99795663,0.99697995,0.99844086,0.99786824,0.99778086,0.9963051,0.9978071,0.9984295,0.9966507,0.99806654,0.99696547,0.99700254,0.99768066,0.99714416,0.9971711,0.9970802,0.9940561,0.99802154,0.9964389,0.99754876,0.99794614,0.99767834,0.9973067,0.9972609,0.998012,0.9964151,0.99732596,0.99699473,0.99801964,0.99764466,0.9969966,0.9976588,0.9940435,0.9923221,0.9959673
ipip161,0.9986567,0.99626184,0.99764663,0.9961627,0.9981163,0.9966724,0.99890554,0.9970687,0.9982786,0.9961572,0.9965868,0.9979449,0.99642044,0.99621934,0.99567705,0.9977101,0.99809074,0.9964866,0.99800664,0.9977505,0.9982393,0.9976382,0.9980126,0.9983402,0.99691474,0.99790645,0.9958311,0.99833584,0.9970775,0.99730897,0.9979702,0.99766415,0.9975582,0.9981131,0.9986387,0.9978232,0.9983328,0.9987953,0.9980375,0.9980578,0.995976,0.99777246,0.99694526,0.9963916,0.9955226,0.9981276,0.99666536,0.9963939,0.99756676,0.99635684,0.99759334,0.99094355,0.9978233,0.9965424,0.99487644,0.9964027,0.9956811,0.9955369,0.9961444,0.9979802,0.9982926,0.9974265,0.9983254,0.99760646,0.99741066,0.9967554,0.9984719,0.9985076,0.9981403,0.9963939,0.99871105,0.99769855,0.9944803,0.9969875,0.996089,0.98970556,0.9958487,0.9977811,0.9968809,0.9977735,0.9971124,0.9984104,0.99619347,0.9984583,0.99773484,0.9987476,0.99816865,0.9961541,0.99575675,0.9980382,0.99706876,0.99875563,0.9977596,0.9944396,0.9940018,0.9942915,0.9988421,0.9965798,0.9950642,0.99377203,0.9969787,0.9987168,0.9975301,0.99769,0.99789983,0.9943608,0.99827856,0.9965155,0.9980488,0.99860704,0.9988593,0.9956031,0.9968306,0.9969435,0.99859184,0.9966011,0.9983012,0.9985875,0.9985051,0.9971419,0.9982643,0.9970092,0.99832,0.9979613,0.998283,0.99687696,0.9974934,0.99801195,0.9966751,0.99696493,0.9984128,0.99123096,0.99581105,0.994885,0.99816334,0.99793255,0.9975974,0.99778503,0.99883896,0.9988609,0.99886525,0.9978292,0.9967054,0.9979201,0.9978235,0.99498135,0.9981964,0.99818224,0.9947484,0.9979407,0.99880093,0.9978351,0.9953025,0.99429977,0.9987014,0.99717116,0.9971012,0.99672043,0.9947345,0.9987112,0.9947376,0.9986885,0.9978844,0.9966096,0.9989433,0.98975414,0.9982848,0.9973375,0.9980866,0.9967793,0.9989367,0.9958268,0.99857944,0.9980677,0.998221,0.9984316,0.99858636,0.9984261,0.9972736,0.9982281,0.99631625,0.99672836,0.9970742,0.996789,0.99373007,0.99662405,0.9986842,0.998778,0.9987931,0.9966906,0.99862915,0.9986527,0.9986232,0.99826354,0.9984773,0.9988961,0.99903727,0.9991013,0.9969667,0.9967937,0.9981862,0.99999964,0.99660665,0.998922,0.9983801,0.9977635,0.99886924,0.9932998,0.9965271,0.99567485,0.9975523,0.99739677,0.99840295,0.99738055,0.99584633,0.9955903,0.9977503,0.98922604,0.9974627,0.9981172,0.99836606,0.9970148,0.9977898,0.9969916,0.99537975,0.9985863,0.9990134,0.998239,0.99220264,0.99665594,0.9982191,0.99793047,0.9981663,0.99825764,0.99851334,0.99611026,0.99795705,0.99701864,0.9979159,0.9961474,0.9976925,0.9969239,0.9984942,0.99656546,0.99740255,0.9981811,0.99620354,0.9987544,0.9921737,0.99658865,0.998203,0.9982565,0.9950496,0.99817514,0.996333,0.99788624,0.9981551,0.9981457,0.99571645,0.99805605,0.99867886,0.9954895,0.9972478,0.99489564,0.9961263,0.997744,0.99668926,0.99723643,0.99681306,0.9931168,0.9989282,0.99598837,0.99745506,0.99843603,0.99776226,0.99709296,0.9969454,0.99807036,0.9961741,0.9975608,0.9971019,0.9985136,0.9972428,0.9971508,0.99772877,0.99325365,0.9906502,0.9956014
ipip191,0.9953841,0.99675006,0.9956092,0.9967328,0.99650806,0.99631226,0.99587125,0.9966856,0.9968654,0.99690723,0.996372,0.99594706,0.99660325,0.99631816,0.99608326,0.99593276,0.99637216,0.9961152,0.9962307,0.9963377,0.9968288,0.99597114,0.99660224,0.9968783,0.9963646,0.99612993,0.9968043,0.99696183,0.99619555,0.99650913,0.9956968,0.9965022,0.99545217,0.99623513,0.9954823,0.996265,0.9957686,0.9957035,0.99597234,0.9964492,0.9962491,0.9963523,0.9968379,0.9951244,0.997248,0.99659604,0.9972253,0.99591255,0.9965216,0.99608195,0.99616736,0.99421895,0.9964671,0.9963472,0.99592924,0.9969407,0.9950357,0.9963597,0.9967075,0.9968964,0.9957494,0.99638224,0.9962644,0.99665534,0.9960173,0.99651045,0.99613196,0.99653536,0.99649805,0.9966014,0.9956477,0.99666774,0.99522775,0.9961458,0.9965712,0.9927151,0.9961753,0.99628276,0.99689204,0.99687725,0.9963163,0.9957903,0.99537486,0.99544704,0.99630195,0.99563164,0.9956169,0.9961187,0.99556214,0.9961052,0.99596435,0.99578416,0.9961097,0.99499184,0.9949354,0.9954777,0.9955871,0.9973508,0.9949762,0.99601156,0.9963013,0.9960999,0.99608827,0.99641603,0.99664783,0.9963559,0.9962967,0.9965146,0.99723834,0.99547577,0.9958395,0.99439144,0.9965794,0.99602014,0.99608064,0.9966348,0.9957164,0.99598813,0.9959236,0.996457,0.99618423,0.99588627,0.9969618,0.99640805,0.99571705,0.99618393,0.9974526,0.9966275,0.9967119,0.9961059,0.99637693,0.9934881,0.996492,0.99594176,0.9957192,0.9967804,0.9967893,0.99705315,0.99582726,0.99581796,0.9956373,0.99685127,0.9959636,0.99691653,0.9962839,0.9958296,0.9958678,0.9964038,0.9961677,0.9964775,0.9965534,0.99656624,0.99608976,0.99505824,0.9951212,0.9966387,0.99687696,0.9967255,0.99504703,0.9950966,0.99622196,0.9967473,0.9959685,0.9957826,0.9958574,0.99133265,0.9963767,0.9966698,0.99657845,0.99608994,0.9961962,0.9958609,0.99496907,0.9961912,0.9963151,0.9959738,0.996339,0.99679434,0.99651074,0.9968074,0.99646604,0.9964543,0.9967646,0.99656034,0.99490863,0.9961214,0.99627817,0.99631125,0.9963308,0.99672145,0.9965373,0.99631447,0.9961542,0.99624443,0.99589515,0.995779,0.9972315,0.99626917,0.9964999,0.9975484,0.99703854,0.99660665,0.999998,0.9967842,0.9971438,0.9967187,0.9965093,0.9959246,0.99721056,0.99659985,0.9967293,0.99539876,0.9962503,0.9964913,0.99667716,0.9958983,0.99676305,0.99287814,0.9962505,0.9961934,0.9964504,0.9957741,0.99615645,0.9971244,0.99538773,0.99602395,0.9957648,0.99730814,0.9963712,0.9961008,0.9970481,0.9960426,0.99613106,0.9963824,0.996083,0.99612314,0.9966315,0.99634564,0.99640954,0.99658084,0.9963546,0.9968972,0.99603,0.9968992,0.99666804,0.99708164,0.9967842,0.9960552,0.9940486,0.9965432,0.9968913,0.9966647,0.9964115,0.99675786,0.9967216,0.9968082,0.9968906,0.99680454,0.99688625,0.9970042,0.9963615,0.99656844,0.99709696,0.9965197,0.9968259,0.9967957,0.99666196,0.9964394,0.9966727,0.99489105,0.99609286,0.9969285,0.9966028,0.99653494,0.9968373,0.9965268,0.99672943,0.9964966,0.99573326,0.9963272,0.99654627,0.99638575,0.99705154,0.99645144,0.9966188,0.9955913,0.994489,0.9960669
ipip221,0.9982452,0.9965337,0.9975803,0.99642223,0.99803126,0.9967906,0.9985596,0.9970404,0.9982476,0.9963837,0.99685866,0.9979175,0.996748,0.9964592,0.9959419,0.9975447,0.99792004,0.99649805,0.99786896,0.9977463,0.9982665,0.99748635,0.99799985,0.9980394,0.99698573,0.99788636,0.99644136,0.99836844,0.9972266,0.9977341,0.9978668,0.99778354,0.99738526,0.997935,0.9983167,0.9977642,0.9982793,0.99848914,0.997975,0.9978832,0.99649787,0.998015,0.9971142,0.9973393,0.9958799,0.9980372,0.9968716,0.99647295,0.99764484,0.9965458,0.99731797,0.9916391,0.9977644,0.99691045,0.9955304,0.9971548,0.9957959,0.9963909,0.99645686,0.99807614,0.99802923,0.99744254,0.99816453,0.997432,0.9973673,0.99689084,0.99828833,0.99840254,0.9981595,0.9968669,0.9983411,0.99796665,0.994709,0.99705833,0.9964599,0.9911242,0.99607277,0.9977668,0.9973351,0.9980162,0.9973213,0.9982125,0.9964379,0.99816763,0.9977758,0.9984614,0.99791646,0.9964865,0.9960662,0.9978061,0.99710554,0.9983245,0.9976354,0.99469125,0.99456906,0.9947605,0.99826026,0.9970415,0.9953781,0.99461603,0.9972878,0.99839926,0.9975085,0.99770004,0.99787,0.9952189,0.998182,0.9963796,0.9980723,0.99818933,0.9986323,0.99568003,0.9970526,0.9971292,0.9983814,0.9970805,0.997929,0.99840444,0.9983828,0.9974478,0.9982901,0.9974242,0.9983866,0.99806577,0.9982595,0.99714506,0.9980177,0.9982033,0.9971744,0.997151,0.9983049,0.99215204,0.9962155,0.9953629,0.99794984,0.99822587,0.9975707,0.9981181,0.99862045,0.9984299,0.9983721,0.99790496,0.996866,0.9978374,0.9976437,0.9953881,0.9980627,0.99828684,0.9959036,0.9980162,0.9985649,0.99785477,0.99595773,0.9947171,0.99829406,0.9976338,0.9975469,0.99711,0.99507046,0.9983662,0.99539185,0.9986231,0.9978498,0.99651164,0.99839354,0.9907877,0.998377,0.9973181,0.9980777,0.99713767,0.99859995,0.99636817,0.9982461,0.99798685,0.99848646,0.9989886,0.9983812,0.99807096,0.99734163,0.998378,0.99654514,0.99750185,0.9976116,0.9975156,0.9946546,0.996927,0.9987815,0.99875265,0.9988828,0.9973984,0.9986427,0.9992825,0.9993749,0.99856,0.99840987,0.9991568,0.999541,0.9988105,0.99770415,0.9970972,0.9985691,0.998922,0.9967842,0.99999994,0.9982624,0.99760455,0.9986558,0.99367446,0.9970092,0.99612725,0.99784905,0.9973583,0.99852335,0.9975051,0.9965305,0.99584246,0.99816465,0.99066615,0.99765515,0.9982125,0.99837655,0.99781215,0.9978903,0.997253,0.99636257,0.9987847,0.9987172,0.9981864,0.99297714,0.9966864,0.99832684,0.9979514,0.99794585,0.99806815,0.9983797,0.99655414,0.99782974,0.99726915,0.9980903,0.99683744,0.99776256,0.9973232,0.9990125,0.9971296,0.99854016,0.9981923,0.99639046,0.99854034,0.9931372,0.99695945,0.99843514,0.9984671,0.9960406,0.998429,0.99704504,0.99823445,0.9981981,0.9978653,0.9961868,0.9981028,0.9994228,0.9965967,0.99821365,0.9965142,0.99690515,0.99784917,0.99716926,0.9971873,0.9972223,0.99404573,0.9986791,0.99655783,0.99743557,0.99845076,0.997677,0.9972901,0.9972541,0.9978825,0.9963056,0.9977564,0.99732655,0.9985043,0.9974008,0.99731344,0.997971,0.993829,0.9915517,0.9959471
ipip251,0.9980511,0.99680185,0.99758995,0.9966005,0.9978665,0.9969336,0.99804306,0.99689424,0.9982438,0.99655414,0.99658555,0.99776906,0.9967034,0.9965082,0.99645656,0.99710643,0.9975565,0.996586,0.9976121,0.9971851,0.9982097,0.9973017,0.99784696,0.99802405,0.99718094,0.997485,0.996768,0.9984199,0.9969254,0.9974042,0.9977931,0.99765337,0.9970571,0.99757904,0.99766314,0.9975494,0.9974548,0.9977438,0.9974629,0.9975277,0.9965764,0.99787205,0.9973197,0.9963293,0.9966741,0.9982109,0.99749905,0.996648,0.9975089,0.99674684,0.99735653,0.99250156,0.99763834,0.99653184,0.995896,0.9969686,0.99588066,0.9961749,0.99679756,0.99792665,0.99770314,0.997575,0.9979889,0.99794143,0.9972785,0.99726266,0.997693,0.9980058,0.99772155,0.99667174,0.99788713,0.9977416,0.9953401,0.99704224,0.9965807,0.991073,0.9960652,0.997443,0.9974831,0.9979673,0.9972812,0.9977254,0.99613184,0.99767685,0.9975971,0.9976862,0.9972368,0.99631274,0.99599475,0.9974425,0.9969306,0.99778557,0.9971975,0.99497646,0.9948389,0.99530137,0.99769,0.99709284,0.9955043,0.99487823,0.99703026,0.9980519,0.99725777,0.9976232,0.9977029,0.9954479,0.9975732,0.9965023,0.9977655,0.99742156,0.99797314,0.99569803,0.99728656,0.9969015,0.9976372,0.99707526,0.9974058,0.9977622,0.9977402,0.99678296,0.9979207,0.9974574,0.9992188,0.9986176,0.99748826,0.99706817,0.9981956,0.99790436,0.99727046,0.99687535,0.99782044,0.99258554,0.99662983,0.99575335,0.9973148,0.9982493,0.99766344,0.9977778,0.99795806,0.99780494,0.9979066,0.9976075,0.9970492,0.9975921,0.9977319,0.99548835,0.9976297,0.9977135,0.99599355,0.99765676,0.99804753,0.9975417,0.99581254,0.9953422,0.9975583,0.9976066,0.997557,0.99712616,0.9954436,0.99755025,0.99582887,0.99832404,0.9973668,0.9968314,0.9977026,0.99047726,0.9977783,0.99742633,0.9976633,0.99685633,0.99817234,0.99628687,0.99743974,0.99770653,0.9979,0.9978321,0.9979129,0.99779093,0.9973242,0.9978577,0.99671835,0.99729085,0.9978446,0.99731255,0.99462783,0.997129,0.99789995,0.9980231,0.99806297,0.9968002,0.9978086,0.9979295,0.9978639,0.99794084,0.9979733,0.997953,0.9982997,0.99854505,0.996866,0.9975129,0.99763566,0.9983801,0.9971438,0.9982624,0.9999969,0.9980982,0.99823534,0.99443233,0.9971788,0.9965353,0.9986824,0.9969782,0.9982652,0.99864244,0.9968757,0.99684906,0.9974541,0.99101514,0.9972192,0.9974726,0.9979842,0.9967835,0.9974161,0.9974757,0.9958329,0.9977828,0.99786574,0.9979628,0.9940359,0.99662715,0.99791247,0.99775946,0.9980646,0.99824005,0.9978785,0.99679595,0.9975823,0.9969388,0.99760634,0.9968702,0.9975315,0.99731016,0.9976759,0.996943,0.9974649,0.9980238,0.9967492,0.99799883,0.993348,0.9970874,0.99801594,0.9979991,0.9958692,0.99795914,0.9968011,0.9975589,0.99781895,0.9978275,0.996819,0.9982672,0.9980126,0.9964144,0.9973544,0.9954424,0.9965866,0.99762005,0.99703944,0.9973596,0.99718434,0.9950304,0.9981468,0.99693465,0.99739695,0.9980505,0.99778795,0.9972537,0.997195,0.9977389,0.9968512,0.9976204,0.99735034,0.99789506,0.99746525,0.9972893,0.9975343,0.9942376,0.99208957,0.9959301
ipip281,0.9971333,0.9966786,0.99686503,0.9965024,0.99736565,0.9968474,0.99727553,0.9966137,0.9981494,0.9964906,0.9966903,0.99723977,0.9966033,0.99637794,0.9963464,0.99682766,0.9972025,0.99696374,0.99732155,0.9968328,0.99745303,0.99699974,0.9978434,0.99828917,0.9975465,0.99713194,0.99657667,0.99746615,0.9966594,0.9970658,0.9977034,0.9973001,0.9970984,0.9974476,0.99700683,0.99743557,0.9970278,0.9971887,0.99719894,0.9974016,0.9961141,0.99722475,0.9973855,0.99637157,0.99693424,0.9981708,0.9978679,0.9967189,0.99758804,0.99660224,0.9973533,0.99296606,0.99713564,0.99609095,0.9963283,0.9967111,0.99556535,0.9960521,0.99654114,0.99769646,0.9973116,0.9973684,0.9972491,0.9979818,0.9973801,0.9971634,0.99708086,0.99771327,0.99764,0.99661726,0.9972258,0.99757785,0.99535966,0.99656755,0.9964739,0.991184,0.99598336,0.9970249,0.9976376,0.99801713,0.997144,0.99733686,0.9959461,0.9972169,0.9969989,0.9971016,0.9968392,0.9961989,0.9960793,0.99709886,0.996575,0.99742746,0.9968432,0.9947391,0.99484754,0.9955275,0.9972949,0.99756086,0.9952624,0.9952053,0.99680257,0.99808747,0.9969999,0.99761564,0.99741685,0.9955181,0.99711514,0.9969742,0.9975678,0.99692655,0.99728364,0.99535775,0.9968207,0.996376,0.997205,0.9969896,0.9969559,0.9974661,0.99701065,0.9968749,0.9972841,0.99664074,0.9976708,0.99721235,0.9971292,0.99720824,0.99713486,0.9971111,0.9977298,0.9965213,0.99753916,0.9928439,0.99659467,0.9958337,0.9972099,0.9977398,0.9977068,0.9974004,0.9971599,0.9972412,0.9973857,0.99739623,0.9967375,0.9975298,0.997241,0.99540734,0.99734557,0.9976173,0.99583566,0.9972137,0.9981939,0.9978812,0.99623686,0.9953267,0.99696314,0.9973838,0.9975009,0.9969345,0.9950357,0.9968806,0.9957667,0.9978969,0.99685574,0.99721575,0.9971742,0.9908169,0.9972146,0.99767864,0.9973867,0.9964533,0.99765223,0.9962414,0.996997,0.99794436,0.9981788,0.99733543,0.99752283,0.9977041,0.99735034,0.9974502,0.9964578,0.9975519,0.99763244,0.9974626,0.9945537,0.9962943,0.9974322,0.9975892,0.99758136,0.99715805,0.9973173,0.99763745,0.9975956,0.99814415,0.997451,0.9974829,0.9976846,0.9978002,0.9971491,0.9976008,0.99731714,0.9977635,0.9967187,0.99760455,0.9980982,0.9999972,0.99809664,0.9953353,0.99693805,0.99668294,0.9973034,0.99644274,0.99822,0.9975911,0.9969148,0.9967183,0.9971935,0.9915278,0.9969838,0.9972121,0.99778056,0.9966652,0.9968635,0.9975415,0.99567324,0.9974722,0.9972299,0.99754125,0.99401146,0.9968753,0.99726576,0.9970521,0.99743026,0.99769056,0.9973116,0.9964452,0.997543,0.9967428,0.9974248,0.9966691,0.9972285,0.99708647,0.9971974,0.997045,0.99701595,0.99766284,0.99657047,0.9975694,0.99314183,0.9968591,0.99785066,0.9978297,0.99592537,0.99775743,0.9967459,0.99683833,0.99675244,0.9980644,0.99653023,0.99779814,0.9975647,0.99658537,0.9968434,0.99529517,0.9966088,0.9971233,0.99703735,0.9978827,0.99719983,0.99477565,0.9975013,0.9968062,0.99762565,0.9974502,0.9978271,0.9971403,0.99712086,0.9977249,0.9964052,0.99728096,0.9976543,0.9972658,0.9970692,0.9977607,0.9969755,0.99442333,0.9924532,0.99576545
ipip16,0.9984771,0.99664754,0.9976809,0.9966285,0.9980339,0.99670225,0.998791,0.99735653,0.99892235,0.99660677,0.99692744,0.9979857,0.9971808,0.99664783,0.9962135,0.99784666,0.9982698,0.99689883,0.99816775,0.9979943,0.99826086,0.99768764,0.9981938,0.9985699,0.9971966,0.99798214,0.99649143,0.9984959,0.99736047,0.9975865,0.99881005,0.9981644,0.99764323,0.9982787,0.9985718,0.9979412,0.9983962,0.99871993,0.9980928,0.998058,0.9967933,0.99790883,0.99743056,0.99680674,0.9962129,0.99818534,0.99724036,0.9965931,0.99774694,0.9968521,0.9974232,0.9915166,0.99802023,0.9968764,0.99577427,0.9972199,0.9959899,0.99609923,0.99638206,0.9983007,0.9982538,0.9977008,0.9984302,0.9978543,0.9975587,0.9971576,0.9985058,0.99838775,0.9981675,0.99660355,0.99852806,0.99803925,0.9949257,0.99723583,0.9965654,0.9908254,0.99622995,0.9978772,0.9977392,0.99836445,0.9974787,0.99835944,0.9963928,0.9983471,0.99779993,0.9985369,0.9981093,0.9967295,0.9961585,0.9980223,0.997233,0.9985455,0.9977609,0.99479395,0.99456245,0.99518836,0.9984622,0.9974594,0.9953305,0.99459386,0.9973286,0.9989308,0.9977519,0.9978895,0.99797297,0.9951959,0.99825644,0.9968312,0.9984464,0.9984297,0.99883145,0.9957888,0.99710804,0.9972227,0.998572,0.99710226,0.99829006,0.9984707,0.99835277,0.99745953,0.9987064,0.99769783,0.99851036,0.99836075,0.998178,0.9978767,0.99808925,0.99833643,0.9974723,0.9974556,0.9984394,0.9925682,0.99653995,0.9957077,0.9980895,0.9983394,0.99791497,0.9981484,0.99886453,0.99855846,0.9985952,0.99821573,0.99724644,0.9982038,0.9978974,0.99562126,0.99823135,0.9981703,0.99570185,0.998106,0.99909574,0.9983659,0.9958614,0.995066,0.998543,0.997645,0.99763227,0.99709296,0.9951922,0.9985331,0.99568295,0.9987923,0.99791574,0.99713826,0.998581,0.99075997,0.9984786,0.99759626,0.998083,0.9970034,0.99856365,0.9961317,0.9982315,0.998499,0.99912274,0.9985677,0.99858314,0.9982202,0.9982521,0.998757,0.9966961,0.9980833,0.99766964,0.998093,0.99440926,0.9974431,0.9989655,0.9991256,0.99912673,0.9973452,0.99867916,0.99892086,0.99875957,0.9991977,0.99847686,0.9988344,0.9987386,0.99883324,0.99740416,0.99732494,0.9982445,0.99886924,0.9965093,0.9986558,0.99823534,0.99809664,0.99999934,0.99436915,0.99735373,0.996828,0.99778205,0.997645,0.9991288,0.99818265,0.9970933,0.9964957,0.99811447,0.99021024,0.9975549,0.99815875,0.9984559,0.99747515,0.99834764,0.99761623,0.99577993,0.99846923,0.99915874,0.99861115,0.99294174,0.99691045,0.9985216,0.99814343,0.9983023,0.9982614,0.99864125,0.99696845,0.99816656,0.99719125,0.9980852,0.99673504,0.9978121,0.99719155,0.9984933,0.9970072,0.9978392,0.9985037,0.99644226,0.9985882,0.9929754,0.99692714,0.9983676,0.99833584,0.9958148,0.9983759,0.9968323,0.9979808,0.99787444,0.9983841,0.9961659,0.9982256,0.99882764,0.9969508,0.99756855,0.9954384,0.99674994,0.99791014,0.99719185,0.9978032,0.9973586,0.9939659,0.9987949,0.99649686,0.9981352,0.99856824,0.9982295,0.9975174,0.9973989,0.99818003,0.9966976,0.997723,0.9976842,0.99849266,0.9977036,0.9976919,0.9981179,0.99377906,0.9915419,0.9960379
ipip46,0.99235755,0.99551237,0.9934473,0.9953908,0.9940209,0.99492496,0.99285465,0.9948151,0.9954785,0.9957112,0.99530137,0.9937896,0.99492,0.99476165,0.9954105,0.9939393,0.99427736,0.99509615,0.9941004,0.9939763,0.9942605,0.99405855,0.99441487,0.9954576,0.99485886,0.9935762,0.9954551,0.9946203,0.99422896,0.99448705,0.9936629,0.9945834,0.9936862,0.99393773,0.99261564,0.99383485,0.99320805,0.99284875,0.9938032,0.9939921,0.99456346,0.99390227,0.99491435,0.9930393,0.9967519,0.9941997,0.9955734,0.9947862,0.9940888,0.9942392,0.99395555,0.99433917,0.9936359,0.9945935,0.995506,0.99538594,0.9934378,0.9958357,0.99517304,0.99490434,0.99333733,0.9943739,0.99360573,0.9952136,0.99430126,0.9954246,0.9936206,0.99428463,0.99425983,0.99550533,0.99221516,0.9942767,0.9941159,0.9931616,0.9951221,0.9925145,0.9946341,0.9940245,0.9957267,0.9951438,0.99479526,0.99323106,0.9932424,0.9929809,0.9935923,0.9928245,0.99318135,0.99500346,0.99560887,0.994158,0.9940526,0.9927657,0.9933456,0.9931325,0.9946146,0.9939634,0.9923544,0.99583083,0.9938355,0.99496204,0.9944967,0.9938186,0.9939237,0.99457806,0.9945597,0.9952868,0.99362767,0.99497396,0.9949877,0.992467,0.9933165,0.9924717,0.9944682,0.9941045,0.99361825,0.99502736,0.9931634,0.99407816,0.99324507,0.9946342,0.99343556,0.99373966,0.9944088,0.9939386,0.9928163,0.99475336,0.99530077,0.9943203,0.9956101,0.9940548,0.9934163,0.9929901,0.99476236,0.99514544,0.99271727,0.9946123,0.9952567,0.99493927,0.99283916,0.99251884,0.99262065,0.9946085,0.9950069,0.99483,0.99404836,0.99475646,0.9936789,0.9941272,0.99513096,0.99411774,0.9941578,0.9947633,0.99512136,0.99416006,0.99235934,0.9945602,0.9949105,0.9939978,0.9933453,0.9920824,0.99464494,0.99414426,0.99371177,0.994998,0.9926996,0.9913606,0.9935846,0.99484676,0.9938765,0.9934642,0.99263287,0.9939342,0.9919898,0.9939013,0.9943321,0.99332684,0.99448013,0.9953512,0.99596125,0.9945805,0.99494123,0.9954751,0.994888,0.9954159,0.99486995,0.99392205,0.99363744,0.993603,0.9937749,0.9953362,0.9938932,0.9936656,0.9935584,0.99426866,0.9932922,0.99286634,0.99410766,0.993199,0.99479765,0.9958357,0.9942249,0.9932998,0.9959246,0.99367446,0.99443233,0.9953353,0.99436915,0.9999979,0.9957469,0.9965352,0.9946649,0.99336195,0.9944607,0.9948518,0.9959312,0.9950588,0.9948013,0.9949017,0.99517584,0.9940384,0.993937,0.99387765,0.9939074,0.99581385,0.99424547,0.9933861,0.99298394,0.9949856,0.99632096,0.9946295,0.9945088,0.9934115,0.9939168,0.99439496,0.9934172,0.99440277,0.9939687,0.9938818,0.99382627,0.9945905,0.9940409,0.9947071,0.9930409,0.99540395,0.9943589,0.99494845,0.99491435,0.99285984,0.9927153,0.99415946,0.99487096,0.99460906,0.9953718,0.99475425,0.9953489,0.993988,0.993944,0.99456626,0.9943068,0.994793,0.9935925,0.9957043,0.99469423,0.9943126,0.9957012,0.9936974,0.9946456,0.99482584,0.9947788,0.9944186,0.9931216,0.99606043,0.99476624,0.9939831,0.9952158,0.9945375,0.99462056,0.99401873,0.9943155,0.99393016,0.9951602,0.9934907,0.9949925,0.995157,0.9943742,0.99531054,0.99447256,0.99427134
ipip76,0.9960874,0.99695045,0.9962235,0.99659145,0.996613,0.99612886,0.9965568,0.9968004,0.99780077,0.99671584,0.9964887,0.9965431,0.99718964,0.9966148,0.9968128,0.99641985,0.9968464,0.9966791,0.9970821,0.9968478,0.99705595,0.996432,0.99734867,0.99745595,0.99664676,0.99681365,0.99692583,0.9973542,0.99659634,0.99716866,0.9967343,0.9976807,0.99635506,0.99654114,0.99621856,0.9968203,0.9964989,0.9963948,0.9967523,0.9966424,0.99658287,0.9971023,0.9969603,0.9957471,0.9969447,0.9968823,0.9971484,0.9962729,0.9966467,0.99630654,0.996634,0.99386483,0.9968015,0.99665886,0.9966368,0.99755996,0.9951851,0.99713653,0.99673444,0.9976699,0.99629146,0.9966223,0.99683434,0.996614,0.99674594,0.9971771,0.9966264,0.99714804,0.9969059,0.9969214,0.9960613,0.9971352,0.9950991,0.9961671,0.9964907,0.99290717,0.9960917,0.99659437,0.9975158,0.99739265,0.9972191,0.9962629,0.9955687,0.9961142,0.99646646,0.99616116,0.99605227,0.9968128,0.99614984,0.9964699,0.99642444,0.9962433,0.99627477,0.99514985,0.99507874,0.99553293,0.9959301,0.99734414,0.9950368,0.99594295,0.996727,0.9966021,0.9966205,0.9969518,0.99699974,0.9984471,0.99643165,0.99692315,0.9981223,0.99600667,0.996538,0.9947749,0.9965771,0.9964695,0.99649286,0.9970742,0.9963362,0.9965909,0.9962568,0.9969059,0.997145,0.9971268,0.9976602,0.99727803,0.9962275,0.9976819,0.9981688,0.997564,0.9974149,0.9968123,0.9968717,0.99473816,0.9967869,0.9965117,0.996141,0.9973877,0.99714065,0.99755687,0.99661654,0.9962578,0.99615103,0.9976219,0.9970933,0.9975102,0.9966208,0.9962101,0.99648476,0.99677765,0.99678606,0.99686056,0.9969209,0.99695736,0.9962272,0.99577904,0.99593526,0.9973167,0.9973677,0.9966195,0.99509645,0.99586016,0.99642694,0.99711937,0.99633455,0.9965825,0.9962505,0.99174243,0.99690163,0.9969438,0.99676573,0.996273,0.9963174,0.99626225,0.9956957,0.9968319,0.9972237,0.99684095,0.996861,0.99689186,0.99705446,0.9973786,0.99675524,0.9975017,0.9970206,0.9974997,0.9950565,0.99692976,0.9969199,0.997025,0.9970922,0.9969547,0.9968657,0.9971473,0.99695385,0.9971702,0.9964482,0.9965469,0.99716794,0.9966119,0.9966378,0.9973815,0.9969319,0.9965271,0.99721056,0.9970092,0.9971788,0.99693805,0.99735373,0.9957469,0.99999934,0.9972848,0.99739194,0.99629825,0.9971156,0.99735135,0.9977658,0.9968433,0.99714506,0.9931597,0.99661595,0.9968216,0.99704397,0.9964963,0.9969668,0.9974416,0.99595004,0.9965771,0.9964188,0.9975777,0.99625486,0.9968754,0.9974135,0.99652153,0.9970627,0.9971576,0.9968297,0.9964913,0.9966344,0.99657756,0.9968068,0.99691886,0.9967469,0.99708766,0.99654865,0.9971141,0.997197,0.99801284,0.9967382,0.9965,0.99434507,0.9968185,0.9974011,0.997275,0.9970147,0.99737936,0.99729323,0.9968306,0.99683696,0.9971234,0.99653774,0.99768835,0.9971544,0.99709153,0.9971806,0.99629045,0.9974904,0.99686956,0.9973028,0.99697125,0.9973013,0.99540186,0.99664223,0.9973069,0.99679905,0.99712574,0.99728274,0.99725735,0.9972728,0.99663144,0.9966059,0.9969222,0.99708277,0.99703115,0.9979313,0.9970566,0.9974994,0.99516135,0.9938312,0.99601823
ipip106,0.9950985,0.9960755,0.9953765,0.9957947,0.9958477,0.99541163,0.995632,0.9965066,0.99748844,0.9961193,0.9963527,0.99578077,0.996913,0.9959175,0.9960768,0.99598306,0.9963448,0.99674416,0.9961777,0.9961352,0.9964016,0.9958289,0.99650604,0.99710613,0.99578744,0.996032,0.9967745,0.996755,0.9962469,0.9964587,0.9957388,0.9968606,0.99621457,0.9958581,0.9953424,0.99579847,0.99586785,0.9956317,0.99588716,0.9958374,0.9975024,0.9969016,0.9963168,0.9959238,0.996679,0.9962981,0.99688196,0.9954793,0.99647707,0.9966691,0.99579656,0.9939864,0.99615437,0.99604034,0.9964956,0.99689996,0.9949312,0.9971644,0.9964893,0.99668396,0.9952556,0.99579763,0.99576205,0.99627084,0.99564683,0.9962106,0.9956464,0.9958731,0.9961175,0.99615574,0.995003,0.9965314,0.99474233,0.9954246,0.9958868,0.99279565,0.99578375,0.9959598,0.9972984,0.9969357,0.9961397,0.99537206,0.9950199,0.9952585,0.9957931,0.9953281,0.9952682,0.9961928,0.9954892,0.9958473,0.99573445,0.995233,0.9955168,0.99444073,0.9946807,0.9953838,0.9949735,0.9971622,0.99446607,0.9956845,0.9959889,0.9959617,0.9958166,0.9961112,0.9960381,0.9960073,0.99571735,0.99624497,0.9967658,0.9951129,0.99591494,0.9941756,0.99595195,0.9959388,0.99567753,0.99655324,0.9955878,0.9956304,0.9955935,0.99620485,0.9960252,0.99611896,0.996845,0.9963608,0.9956574,0.99660623,0.9974481,0.99700314,0.9970396,0.9960557,0.99590105,0.9938981,0.99621785,0.99601746,0.99539006,0.9967789,0.9967579,0.9970369,0.9959717,0.9953477,0.9952416,0.99660224,0.9963057,0.99676055,0.99597895,0.9959627,0.99566495,0.99603945,0.99837816,0.9964729,0.99623924,0.9963016,0.9955014,0.99471736,0.9949087,0.9964411,0.99665654,0.99586713,0.9945608,0.9947777,0.99622923,0.9964963,0.9958891,0.9961847,0.99542737,0.99210066,0.99636006,0.9960772,0.99620146,0.9956704,0.99528277,0.9955077,0.99487823,0.9962919,0.9965165,0.9961785,0.9963537,0.9966686,0.9974348,0.9966112,0.99607795,0.9969741,0.9964953,0.99704975,0.9950679,0.9959573,0.9960049,0.9960284,0.99618256,0.9963169,0.99594855,0.9961702,0.9960694,0.9964816,0.9955072,0.99580485,0.9962469,0.99583197,0.9962274,0.99703664,0.9962228,0.99567485,0.99659985,0.99612725,0.9965353,0.99668294,0.996828,0.9965352,0.9972848,1.0000023,0.99652755,0.99540746,0.99685615,0.99683803,0.99721,0.99667364,0.9964207,0.99255437,0.9957519,0.9958233,0.99615884,0.9958864,0.9960299,0.9968749,0.99552923,0.9958362,0.9957351,0.99675757,0.9952271,0.99577016,0.9965144,0.9959107,0.9957279,0.9960885,0.99576473,0.99622446,0.99601614,0.9959665,0.9961614,0.9964548,0.9960252,0.9963471,0.9958102,0.9963117,0.9965218,0.99675435,0.9961262,0.9955205,0.99399114,0.9960114,0.9966627,0.9964105,0.9964901,0.9965529,0.99674237,0.9960581,0.99598795,0.99653345,0.99606544,0.99663216,0.99621713,0.99679506,0.99665666,0.9955279,0.99672043,0.9961378,0.99640906,0.99631125,0.99638957,0.9948297,0.9957114,0.9967821,0.99641997,0.9963263,0.996899,0.99619114,0.996419,0.9958454,0.9953927,0.9959688,0.9966215,0.99625367,0.996541,0.9965699,0.99667275,0.99453956,0.9941356,0.9955352
ipip136,0.99726546,0.99666065,0.9971113,0.9964798,0.9972577,0.99645865,0.99741954,0.9966654,0.9980204,0.9964385,0.99665517,0.99740165,0.99666065,0.996456,0.9964345,0.9967458,0.9972469,0.9964206,0.99728405,0.99686813,0.9978064,0.9967241,0.99756604,0.9976944,0.99687046,0.9969478,0.99667853,0.99803317,0.99665856,0.9972191,0.99726015,0.99754196,0.99659264,0.99699444,0.99695,0.99722546,0.9969219,0.9971093,0.9970743,0.9970699,0.9965206,0.99740803,0.99690646,0.9959389,0.99654865,0.99729407,0.99692667,0.9962383,0.996931,0.99626577,0.9968093,0.99271584,0.99729997,0.99640614,0.99642783,0.9971838,0.99560505,0.99647737,0.9965662,0.99779695,0.9970126,0.9969268,0.9973442,0.997249,0.9968667,0.99696153,0.9970596,0.99758744,0.9973686,0.9967934,0.99719346,0.99746436,0.99535227,0.99671733,0.99633133,0.9915807,0.9959202,0.99707043,0.9974874,0.9976775,0.9971307,0.9972255,0.9957908,0.9969944,0.99708545,0.9970321,0.9966882,0.9964164,0.9959581,0.9969238,0.996662,0.9970244,0.99673235,0.99472076,0.9948369,0.9949911,0.9969789,0.99706185,0.9953619,0.99506104,0.9966643,0.9974195,0.99676466,0.9972832,0.99728495,0.9957821,0.9970591,0.9963487,0.9975174,0.9967593,0.9974094,0.9952605,0.997001,0.9965078,0.9971185,0.99700534,0.9967762,0.9972321,0.9970656,0.9968465,0.99770105,0.99716824,0.9988397,0.99827194,0.99694455,0.99696743,0.99828964,0.9978921,0.99757385,0.99680173,0.9974732,0.99324614,0.99690765,0.99591,0.996906,0.9981718,0.9974118,0.99785006,0.99754095,0.99709857,0.9970686,0.9974617,0.9969562,0.9973292,0.9971169,0.9955969,0.99723077,0.99728835,0.9962797,0.9972714,0.99755514,0.9972812,0.99583215,0.99527997,0.9968825,0.99737096,0.9974827,0.9968519,0.99509823,0.99688643,0.9962139,0.9978163,0.9968747,0.9967493,0.99704903,0.99132335,0.99743676,0.99718815,0.99722916,0.99630725,0.9973071,0.9959666,0.9966093,0.9974687,0.9976195,0.9975121,0.9973607,0.9972432,0.9970784,0.9974146,0.9964378,0.99732435,0.9972282,0.997338,0.9947907,0.996759,0.9973432,0.9974464,0.9975183,0.9967159,0.9972795,0.99764794,0.9975735,0.99757415,0.9973395,0.99743485,0.9977844,0.99749786,0.9966165,0.9970121,0.99722576,0.9975523,0.9967293,0.99784905,0.9986824,0.9973034,0.99778205,0.9946649,0.99739194,0.99652755,0.99999934,0.9963957,0.9977148,0.9981605,0.9970412,0.9963594,0.9972717,0.9916902,0.99687237,0.9971997,0.99759275,0.99666256,0.99707544,0.9972671,0.99626726,0.99743205,0.9971712,0.9975622,0.99439085,0.99633044,0.9974921,0.9970435,0.99747604,0.99761313,0.99722075,0.9963433,0.9969556,0.9967789,0.9972445,0.9967323,0.99716365,0.99693924,0.9972516,0.9969643,0.9972556,0.9977555,0.9966157,0.99740463,0.9935623,0.9968075,0.99783987,0.99778944,0.9963735,0.99785435,0.9970614,0.9970689,0.9973399,0.99746734,0.99616873,0.99759305,0.9977386,0.99653685,0.99722975,0.9956831,0.9969481,0.9973734,0.99710417,0.997132,0.99711317,0.9958632,0.9975622,0.99718094,0.9971668,0.997672,0.9975804,0.9971548,0.99711144,0.99711126,0.99656457,0.99716675,0.9973889,0.99752456,0.9972758,0.99735135,0.9974803,0.9943041,0.99266714,0.9958276
ipip166,0.99701446,0.9953793,0.9965908,0.9950084,0.99660903,0.99561125,0.99726856,0.996283,0.99721026,0.99493206,0.9958177,0.99716294,0.99604964,0.995706,0.9954053,0.996748,0.9969387,0.9956412,0.9970021,0.99718773,0.9968191,0.9965145,0.99676025,0.99690026,0.99627006,0.997019,0.99503165,0.9971187,0.9966827,0.99644816,0.99667376,0.9969558,0.9964271,0.9974914,0.99753076,0.9966726,0.99744546,0.99750024,0.9971028,0.996849,0.9953355,0.99699444,0.99583,0.9962046,0.9947193,0.99689245,0.99593556,0.9956487,0.99688745,0.9958099,0.9962145,0.9903477,0.9965144,0.99601054,0.9943068,0.9959174,0.9949475,0.99521244,0.9953249,0.99700737,0.9970295,0.996603,0.9972187,0.9967338,0.9967525,0.9959514,0.9976465,0.99733245,0.99699736,0.99574745,0.99709576,0.9967486,0.993652,0.99586326,0.9954899,0.99046504,0.99555707,0.99707896,0.9962417,0.9968401,0.996451,0.99730307,0.99541867,0.9973652,0.9968775,0.9974284,0.997357,0.9956323,0.99528027,0.99733603,0.99634486,0.9971328,0.9967236,0.9942707,0.9936896,0.9939752,0.9970213,0.99556065,0.99444914,0.993767,0.9961897,0.9971424,0.99655426,0.9967492,0.9970337,0.9944398,0.9973068,0.99569535,0.9972802,0.99733895,0.99766886,0.99634343,0.9964807,0.996672,0.9974252,0.9960708,0.99746704,0.9972635,0.99732596,0.9963294,0.9970884,0.99642134,0.9970576,0.9970734,0.99691004,0.99620837,0.9967116,0.99708605,0.9956879,0.99623156,0.99695784,0.99186474,0.99493885,0.9947086,0.99672943,0.9967463,0.9963218,0.99671704,0.99740076,0.9971352,0.9972923,0.9968191,0.9961431,0.9967416,0.996811,0.9948276,0.99713856,0.99730575,0.9946832,0.99746275,0.9973021,0.996758,0.9948693,0.9940366,0.9972166,0.9963435,0.99651897,0.9958251,0.9945232,0.99727434,0.9941705,0.997218,0.9967724,0.9955188,0.99716324,0.98972905,0.9969818,0.9963139,0.99692327,0.9964902,0.9971505,0.99533254,0.99725807,0.996983,0.99696076,0.99749434,0.9972824,0.9969397,0.9963633,0.9973033,0.9963864,0.9961552,0.99616134,0.9962083,0.99351895,0.99598163,0.99742824,0.9975005,0.99758685,0.9957221,0.9978775,0.9973606,0.9973683,0.9969839,0.9973665,0.99745756,0.9973278,0.9974576,0.99597985,0.9960208,0.996971,0.99739677,0.99539876,0.9973583,0.9969782,0.99644274,0.997645,0.99336195,0.99629825,0.99540746,0.9963957,1.0000008,0.99727124,0.9966486,0.99565226,0.9954507,0.99687815,0.9899007,0.9966116,0.99727607,0.9970495,0.9965127,0.99684,0.99631524,0.99492383,0.997343,0.99757713,0.99742407,0.99196845,0.99627346,0.99733514,0.9967845,0.997045,0.9970729,0.9975,0.99540234,0.9968796,0.9962318,0.9969084,0.9959269,0.99696505,0.99639976,0.9974344,0.9958856,0.9971655,0.99732745,0.9951158,0.9971333,0.99224055,0.9956401,0.99700296,0.9971159,0.99465173,0.9969714,0.9956955,0.9967399,0.99654347,0.9967091,0.9952443,0.9970712,0.9974131,0.99505144,0.99657995,0.99433523,0.9955031,0.9965364,0.99598163,0.99610984,0.9960605,0.99310416,0.9973516,0.995222,0.99639016,0.99718857,0.99681675,0.99623257,0.9961702,0.9972524,0.9955397,0.99657905,0.99604696,0.99721026,0.99666697,0.99604356,0.99691373,0.9926464,0.99045986,0.99463415
ipip196,0.9980669,0.99660164,0.9974876,0.9965749,0.9978081,0.996767,0.9982612,0.9969558,0.99858886,0.9965036,0.99700963,0.9977244,0.9967536,0.99642164,0.9962432,0.9974377,0.9977355,0.9968456,0.99775505,0.99749583,0.997834,0.99738294,0.9978677,0.99834186,0.9971577,0.99763167,0.9968067,0.99810314,0.9971168,0.99764556,0.99845517,0.9979837,0.9977086,0.9979748,0.99804276,0.9976202,0.9978385,0.998181,0.9977619,0.9978099,0.99654096,0.9978109,0.99738353,0.9968738,0.99634224,0.99798495,0.99720937,0.99663574,0.99758625,0.9965244,0.9973034,0.9918249,0.9976533,0.9964721,0.9965444,0.99690664,0.9959165,0.9961989,0.99640656,0.99822235,0.99780595,0.99747384,0.99796003,0.9978706,0.9973238,0.99705887,0.99796903,0.99833995,0.99800193,0.996909,0.9980337,0.99763304,0.99495006,0.9968452,0.99634635,0.9906941,0.9959576,0.99749833,0.99825317,0.9987745,0.99729526,0.99797183,0.9961437,0.9980252,0.9974373,0.99806714,0.9976503,0.99633497,0.9961265,0.99774,0.9968699,0.9980784,0.9973159,0.9945784,0.9946295,0.99502623,0.9979863,0.99774,0.9952839,0.9946405,0.9970143,0.99866366,0.9973668,0.99763775,0.9976366,0.9951517,0.99771875,0.99661946,0.9979543,0.9978904,0.99839574,0.9956787,0.9969041,0.9969293,0.99805784,0.9968244,0.99773926,0.9981331,0.99796015,0.9970318,0.9981648,0.9973453,0.99833757,0.99803174,0.9976984,0.9977265,0.9976031,0.9978568,0.99810165,0.99698037,0.9979579,0.9924243,0.9963153,0.9955431,0.9976239,0.9980672,0.9977259,0.9980473,0.99828625,0.99803567,0.9981501,0.99776596,0.9970429,0.9977574,0.99757946,0.99547577,0.99790883,0.9980375,0.99617606,0.99787587,0.9986736,0.99805194,0.9957849,0.9951385,0.99799055,0.9973934,0.9973874,0.9968561,0.9950741,0.99802315,0.995475,0.9984239,0.99758893,0.9972564,0.9980942,0.99091727,0.99804157,0.997431,0.9977581,0.9968779,0.9981605,0.99614775,0.99785525,0.9981745,0.9992743,0.9984051,0.99808943,0.9978803,0.9978384,0.99819285,0.9963597,0.99859214,0.99775237,0.99858195,0.99490553,0.99713826,0.9984688,0.9985664,0.9986534,0.997033,0.99818546,0.99868864,0.9986294,0.9994569,0.99820524,0.9986307,0.99821526,0.99841243,0.99710184,0.9972363,0.9977393,0.99840295,0.9962503,0.99852335,0.9982652,0.99822,0.9991288,0.9944607,0.9971156,0.99685615,0.9977148,0.99727124,0.9999999,0.99821335,0.99763685,0.9965551,0.9975568,0.9907401,0.99734867,0.99771565,0.9980756,0.9972911,0.99779737,0.99743384,0.9959949,0.9982909,0.9984891,0.9979662,0.9930868,0.9970055,0.9979198,0.9980301,0.9981262,0.9981109,0.9982223,0.9969684,0.99784386,0.9968072,0.9976619,0.996464,0.9974951,0.9968956,0.9981524,0.9974964,0.99774736,0.99816173,0.9964108,0.99814403,0.99309325,0.9966404,0.9984113,0.99843657,0.99592656,0.9983472,0.9969861,0.99752885,0.99741244,0.9981122,0.99597657,0.9979489,0.99869734,0.99746954,0.9974067,0.9954086,0.9969204,0.99753124,0.99684066,0.9977029,0.9970249,0.99407697,0.9983339,0.9967604,0.99790555,0.9981548,0.9979977,0.9971627,0.99708444,0.99800617,0.99671113,0.9973766,0.99816823,0.9981336,0.99745476,0.9981636,0.99770856,0.99424195,0.9915241,0.99589735
ipip226,0.9972105,0.9965303,0.9969135,0.9962849,0.9971939,0.996443,0.9973709,0.99679774,0.9981766,0.99624753,0.9963961,0.9973129,0.99674904,0.99650717,0.99655074,0.99677473,0.997323,0.99655735,0.9973187,0.99702585,0.9976612,0.99699014,0.99753916,0.9977293,0.99687123,0.9968575,0.99685895,0.9980243,0.99666315,0.99712604,0.9976516,0.99781233,0.996547,0.99720836,0.997074,0.9972344,0.9969061,0.9970731,0.9969727,0.99699366,0.9967974,0.9973803,0.99717134,0.99596643,0.9964495,0.997272,0.99713445,0.9964999,0.99705744,0.9965271,0.9969254,0.992692,0.9973373,0.99642336,0.9963772,0.9969966,0.99547476,0.9961171,0.996541,0.9976488,0.9973062,0.9974951,0.9977573,0.9976047,0.9970671,0.9971756,0.99744135,0.9974748,0.9973019,0.996476,0.9972067,0.9974827,0.9952,0.9968811,0.9966635,0.99162513,0.99616194,0.9971058,0.9978404,0.9980545,0.99697995,0.99714136,0.99584866,0.9970367,0.9969144,0.99711245,0.9967289,0.99638814,0.99601334,0.99706143,0.99668837,0.99709016,0.99693507,0.9950979,0.9949834,0.99527824,0.9969128,0.9972687,0.9952606,0.99508256,0.9968155,0.9978223,0.9970526,0.99727684,0.99736536,0.9955273,0.9970468,0.9963448,0.9976997,0.99689525,0.99750745,0.99517107,0.9970841,0.9969524,0.99727225,0.9970745,0.9971638,0.9974851,0.99713105,0.99688345,0.9976415,0.99747103,0.9987799,0.9984732,0.9969033,0.9972319,0.9981066,0.9977318,0.9974496,0.99679196,0.9975088,0.9935213,0.99688786,0.9962704,0.9969325,0.9979802,0.99730927,0.9978834,0.9975991,0.9971825,0.9972854,0.99742293,0.9971431,0.9973698,0.99742675,0.9957418,0.99732643,0.9972679,0.99609977,0.9972305,0.9978427,0.997616,0.99620104,0.99590325,0.99689656,0.9973761,0.99743557,0.9971109,0.9954538,0.9968293,0.99642634,0.99805075,0.99710226,0.9971524,0.99725276,0.99138093,0.9974782,0.9972624,0.9972237,0.996487,0.99733055,0.9961216,0.99658257,0.99756384,0.99790937,0.99746567,0.9973353,0.9972654,0.9975918,0.997507,0.9967318,0.9976756,0.9977972,0.9978438,0.9948436,0.99793947,0.9973264,0.9974981,0.99752414,0.99726003,0.9972702,0.9975518,0.9974129,0.99794894,0.9974055,0.9974097,0.99743515,0.99747515,0.996937,0.9970907,0.9972666,0.99738055,0.9964913,0.9975051,0.99864244,0.9975911,0.99818265,0.9948518,0.99735135,0.99683803,0.9981605,0.9966486,0.99821335,1.0000005,0.9979632,0.9969323,0.99709386,0.99136573,0.99688405,0.9971599,0.9974935,0.9966417,0.9972697,0.99746317,0.99577105,0.99719673,0.9973453,0.9978417,0.99416775,0.9963746,0.99751025,0.9977606,0.9980521,0.9978163,0.9976757,0.99780923,0.9973081,0.9969906,0.9972464,0.99698925,0.9972675,0.9970237,0.9972121,0.9968184,0.99753886,0.9978375,0.99636424,0.9973348,0.9935412,0.99691206,0.9976338,0.99759334,0.99620575,0.99770474,0.9969161,0.9970177,0.9969097,0.997745,0.9964277,0.997562,0.997584,0.99684715,0.99703836,0.9954441,0.9964758,0.9975357,0.9973736,0.9974817,0.9973581,0.99539477,0.99767095,0.99694777,0.9976717,0.99790287,0.9979975,0.997448,0.9972798,0.9974434,0.9970305,0.9972227,0.997485,0.9975597,0.9974821,0.9974685,0.99767226,0.9941799,0.9922736,0.9957333
ipip256,0.9952224,0.99640745,0.995624,0.99642944,0.99604577,0.99575716,0.99577874,0.9964333,0.9975012,0.996463,0.9963062,0.99602276,0.9966416,0.9960958,0.9965183,0.9957716,0.9964218,0.9965196,0.9962338,0.9962202,0.99646187,0.9958637,0.9964947,0.9971964,0.9962562,0.99588716,0.9974847,0.99699306,0.9960101,0.9968273,0.99645656,0.9975522,0.9960288,0.99610084,0.9954945,0.99628353,0.9957522,0.9956317,0.9959616,0.9960733,0.99668515,0.99670506,0.9966363,0.99530554,0.99679774,0.99614245,0.9968674,0.9960543,0.9962494,0.9958276,0.9963024,0.9943972,0.9964602,0.99661434,0.99764633,0.9973698,0.9947007,0.99705017,0.99633765,0.9973192,0.99570924,0.9960676,0.99633557,0.9965348,0.9961719,0.9966034,0.99613696,0.9966302,0.9963639,0.996839,0.99533105,0.9965005,0.994906,0.9957913,0.9961498,0.99256164,0.9957569,0.9958993,0.99882525,0.9983761,0.9964326,0.99552566,0.99505687,0.99535424,0.9957777,0.9955026,0.995402,0.9962539,0.9958943,0.9959825,0.99572426,0.9954247,0.9955766,0.9945616,0.9950085,0.9952623,0.99516714,0.9978827,0.994859,0.9958529,0.9961893,0.9963005,0.99586034,0.9962525,0.9962309,0.9965328,0.9957719,0.9960267,0.99717045,0.9953084,0.9959264,0.9941836,0.9960944,0.9959105,0.99581313,0.99644256,0.9955088,0.9960903,0.99560285,0.99635243,0.99633807,0.9964052,0.9973388,0.9968798,0.9955042,0.99708474,0.9977426,0.9970106,0.9980572,0.9961865,0.9964319,0.994536,0.99663883,0.9961547,0.9956732,0.99687946,0.9967296,0.99774045,0.99606717,0.995477,0.9953063,0.9965617,0.9965285,0.99664074,0.9960405,0.995713,0.99581605,0.99626315,0.996968,0.99629545,0.9966199,0.99667805,0.9958444,0.9956593,0.99505347,0.9965545,0.9966838,0.9963815,0.9948255,0.99502116,0.99654806,0.996665,0.99596024,0.9963218,0.9955629,0.99208707,0.9966049,0.9965469,0.9962059,0.99577594,0.99555945,0.9957419,0.9948098,0.99651796,0.99748456,0.9963961,0.99641156,0.99643433,0.9971903,0.9970187,0.9965627,0.99861395,0.99706936,0.998514,0.9959353,0.9968499,0.9963187,0.99649197,0.9965435,0.9970844,0.99612564,0.99670684,0.99650383,0.99756664,0.9957898,0.995956,0.9964589,0.9959427,0.99660695,0.9970714,0.9966249,0.99584633,0.99667716,0.9965305,0.9968757,0.9969148,0.9970933,0.9959312,0.9977658,0.99721,0.9970412,0.99565226,0.99763685,0.9979632,0.99999875,0.9964961,0.9964202,0.99325097,0.9960818,0.99617404,0.9962334,0.996027,0.99646366,0.99713975,0.99562055,0.9960105,0.9958271,0.99741083,0.9959684,0.99606425,0.9971184,0.99655235,0.9969335,0.99657875,0.9963319,0.99738675,0.99615955,0.99625856,0.9961408,0.9964519,0.99610054,0.9964988,0.99597996,0.9971209,0.9969039,0.9971432,0.9961204,0.99574876,0.99414814,0.9963612,0.9972198,0.99710196,0.9970915,0.9972694,0.99745536,0.99627477,0.99624044,0.9968454,0.99608433,0.9966733,0.9967152,0.9981474,0.9970295,0.9963129,0.9973549,0.9964309,0.9965831,0.9967479,0.99655324,0.99514467,0.9961077,0.99738085,0.9967118,0.9966791,0.99716413,0.99704796,0.9969244,0.99625486,0.99649197,0.9963475,0.99765545,0.9966928,0.99729276,0.9976803,0.9974178,0.99514955,0.99393433,0.9957574
ipip286,0.9953769,0.99591565,0.99562836,0.9957034,0.9959889,0.9955668,0.99540365,0.9956103,0.9966723,0.9956531,0.9959285,0.9961689,0.996429,0.99603343,0.9962692,0.9959159,0.99617493,0.9960238,0.99632144,0.9960142,0.9964106,0.99590206,0.99645406,0.99652684,0.99617076,0.9959697,0.99599904,0.99645567,0.9962333,0.99631506,0.996108,0.99677193,0.9952692,0.99619,0.9955406,0.995953,0.99594116,0.995598,0.9961778,0.9959228,0.9956496,0.99607575,0.99622226,0.99529296,0.9963361,0.9962358,0.9967719,0.9955425,0.99625057,0.996051,0.99589646,0.9930103,0.99597216,0.99558246,0.9955892,0.9960857,0.9949544,0.99573946,0.99669456,0.99693865,0.99584,0.9962031,0.99622226,0.996703,0.996128,0.9967198,0.99563724,0.9960164,0.99618185,0.99580574,0.99524397,0.99634033,0.99457055,0.9953071,0.9958861,0.9919575,0.9953669,0.9959647,0.99650973,0.9965258,0.99626803,0.9957759,0.99524045,0.9957333,0.9959925,0.9955333,0.9955083,0.9959809,0.9954823,0.99577206,0.9959663,0.9956149,0.9957916,0.9943935,0.9946551,0.9954517,0.99532235,0.99661833,0.9948501,0.99497235,0.9961478,0.99631405,0.99612015,0.9965175,0.996452,0.9957839,0.9955947,0.9961037,0.9966568,0.9951568,0.9956225,0.99425167,0.99643916,0.99580574,0.9957196,0.9963556,0.99546146,0.99580365,0.99575186,0.995865,0.996129,0.9962951,0.9967182,0.99671257,0.9958267,0.9964344,0.99646163,0.9962627,0.99641186,0.99585533,0.9957795,0.9933202,0.99599504,0.9957419,0.9951611,0.9966413,0.99682117,0.99625266,0.9955634,0.99545115,0.99577594,0.99675316,0.996753,0.9965746,0.996408,0.99555045,0.99585074,0.99621034,0.995755,0.99643695,0.9963225,0.9966045,0.9954948,0.9958612,0.9952674,0.99635684,0.99650705,0.995686,0.99470156,0.99504584,0.9956544,0.9963858,0.99588,0.9961915,0.9954015,0.99151844,0.99574065,0.99621934,0.9961103,0.99569833,0.99550307,0.9954363,0.99512744,0.9961778,0.99638075,0.99588984,0.9956446,0.99592537,0.9960248,0.9962262,0.99577516,0.99641436,0.9966509,0.9964683,0.994118,0.9960917,0.9960035,0.99596035,0.9961241,0.99608964,0.9960705,0.99597067,0.99598354,0.9964048,0.99593985,0.9956338,0.9959276,0.995746,0.9958871,0.9965983,0.99601483,0.9955903,0.9958983,0.99584246,0.99684906,0.9967183,0.9964957,0.9950588,0.9968433,0.99667364,0.9963594,0.9954507,0.9965551,0.9969323,0.9964961,1.000001,0.9960031,0.9919649,0.99578464,0.9960192,0.99609315,0.99562263,0.99604166,0.9975969,0.9952411,0.9958485,0.995425,0.99634266,0.9949297,0.99607337,0.9960571,0.9962692,0.9965778,0.9967529,0.9962838,0.9961377,0.9960327,0.9956455,0.99601907,0.9960094,0.99601805,0.99613756,0.995626,0.99604976,0.9960706,0.99646974,0.9958532,0.9955723,0.9928104,0.9956394,0.99629945,0.9961788,0.9954673,0.9962842,0.99605584,0.9958195,0.9957654,0.99662644,0.99575,0.9968683,0.99600285,0.9961162,0.9960883,0.99473363,0.99610734,0.99570996,0.9960521,0.9960825,0.9961043,0.9946085,0.99551636,0.9958424,0.9962739,0.99585855,0.99656975,0.99609125,0.99604774,0.99610937,0.99621254,0.9957582,0.99623734,0.99574494,0.9962388,0.9962023,0.9959558,0.99428225,0.9926723,0.99539304
ipip21,0.9973311,0.9965605,0.9970486,0.99648476,0.9973225,0.99643624,0.9976747,0.9970029,0.9979058,0.9965705,0.9969417,0.99747354,0.9971559,0.9968366,0.9963457,0.99751604,0.9976269,0.9963516,0.99784696,0.9974306,0.9977626,0.99700654,0.9979469,0.9976938,0.9968521,0.99746245,0.996164,0.99791193,0.9970966,0.9976007,0.99720794,0.9974642,0.99669725,0.9976146,0.99752957,0.9975728,0.9978346,0.99776083,0.997598,0.9974573,0.9964972,0.9976241,0.9971028,0.99681246,0.9963057,0.9977154,0.99722487,0.99656856,0.9973767,0.9967988,0.9967744,0.99219185,0.99735993,0.9969528,0.9956386,0.99750954,0.995639,0.99686784,0.9965785,0.9978006,0.997541,0.997321,0.9977329,0.99704707,0.9970868,0.99715173,0.9976668,0.99766946,0.9977189,0.99654526,0.9975589,0.99807036,0.9949666,0.9969295,0.99670327,0.99260116,0.99665517,0.99768853,0.9971724,0.9974085,0.9973075,0.9976865,0.9966698,0.9973918,0.9975656,0.99774307,0.99742055,0.99690706,0.9963315,0.9973694,0.9971562,0.9977812,0.9971088,0.9950419,0.9954122,0.9954213,0.99741125,0.99691457,0.99575734,0.99548244,0.9973584,0.9978084,0.9973839,0.9975654,0.9977394,0.9956565,0.99811316,0.9963833,0.9979455,0.9973608,0.9979405,0.9954955,0.99706066,0.99710333,0.9979999,0.997417,0.9975312,0.99799275,0.997764,0.997877,0.9979089,0.99719554,0.9977431,0.99773484,0.9974156,0.9968226,0.99803483,0.9979882,0.9969248,0.99707925,0.9980131,0.99378955,0.99662703,0.9960237,0.9973314,0.99802464,0.9973321,0.99791527,0.9979514,0.9974701,0.9975685,0.9978516,0.99706703,0.99753237,0.99737614,0.9955581,0.99754953,0.9977292,0.99625075,0.9976743,0.99816656,0.997861,0.99679714,0.9953882,0.9974966,0.99786305,0.9979404,0.9971075,0.9951496,0.9973707,0.9961048,0.99821943,0.9975242,0.9966217,0.99746954,0.99133366,0.99804205,0.99764824,0.9974932,0.9969154,0.9977144,0.9959981,0.9973316,0.9975751,0.9976223,0.9980665,0.99786,0.99744046,0.99728376,0.9980845,0.9970374,0.99706453,0.9973723,0.9970343,0.9948193,0.996911,0.9981183,0.99806964,0.9981678,0.9972806,0.9981224,0.99819076,0.9981651,0.9975919,0.9977143,0.9980581,0.9984533,0.99793494,0.99713826,0.99728996,0.9980129,0.9977503,0.99676305,0.99816465,0.9974541,0.9971935,0.99811447,0.9948013,0.99714506,0.9964207,0.9972717,0.99687815,0.9975568,0.99709386,0.9964202,0.9960031,0.9999984,0.99208194,0.99763054,0.9981778,0.99875784,0.99817055,0.9976781,0.9975756,0.9969084,0.9980665,0.9978898,0.99806833,0.99376345,0.99651134,0.998002,0.99707687,0.9975218,0.9976659,0.9977055,0.99614066,0.9974469,0.99720234,0.99797374,0.9972349,0.9978947,0.99753374,0.9980921,0.99691343,0.99782217,0.99785584,0.99651396,0.99798447,0.99344367,0.9970354,0.9980516,0.9979572,0.9965582,0.9980527,0.9972897,0.99771124,0.9974565,0.99756926,0.9965222,0.9978946,0.99821055,0.99641484,0.9977262,0.9959954,0.99690586,0.9976185,0.9975955,0.99724656,0.9974475,0.994803,0.9978701,0.9966669,0.9974026,0.99821717,0.99758106,0.99760514,0.99771905,0.99766314,0.9968699,0.99767596,0.99690056,0.9978481,0.9972646,0.99688977,0.99793535,0.99414515,0.99370193,0.9959479
ipip51,0.9884315,0.99251544,0.9904649,0.9921236,0.9903165,0.9912222,0.9889806,0.9917194,0.99143696,0.99241924,0.99183464,0.9903019,0.99219835,0.99214023,0.9927,0.9903114,0.9905861,0.99152416,0.99068075,0.9905038,0.99079704,0.990167,0.9912816,0.99120516,0.9917574,0.99041295,0.99285954,0.9912733,0.99087214,0.9915673,0.98979264,0.99160796,0.9903581,0.9902261,0.9888132,0.9905389,0.9898297,0.9889988,0.990402,0.99034667,0.9914287,0.9909497,0.9915612,0.99050623,0.993434,0.99075556,0.9926074,0.99247754,0.9908092,0.99107826,0.9905808,0.99213064,0.99008745,0.9917309,0.99326646,0.99304116,0.9900315,0.99376404,0.9920971,0.9920125,0.98976386,0.99171364,0.989908,0.9913305,0.99125266,0.9929746,0.9898742,0.9917621,0.990833,0.99360996,0.9884713,0.99133104,0.9910863,0.9902453,0.9929206,0.9912345,0.99151134,0.9904842,0.99274886,0.99172765,0.9919139,0.98964435,0.99012786,0.9892521,0.9906216,0.98890483,0.98924845,0.99273676,0.99327743,0.9901919,0.9905372,0.98896164,0.9899942,0.99072075,0.99311817,0.99171656,0.98828185,0.9929394,0.9916478,0.9928317,0.99180275,0.9896439,0.9906311,0.99103343,0.99120647,0.99331594,0.9902529,0.9917879,0.9917343,0.9885394,0.98917717,0.9892973,0.99136114,0.9913088,0.99017775,0.99281543,0.9895557,0.99147844,0.9898742,0.9919552,0.99000496,0.9907698,0.9911861,0.99065423,0.98914886,0.9916209,0.99268353,0.99081683,0.9929293,0.9910058,0.9899258,0.99187016,0.99207073,0.9931766,0.9891789,0.991366,0.9915236,0.9923375,0.9888833,0.9883802,0.9884008,0.99150646,0.9927141,0.9909828,0.99043196,0.9918089,0.99024296,0.99078596,0.99351865,0.99047446,0.9902215,0.99128133,0.99362564,0.9922617,0.98845625,0.99177694,0.99214584,0.99113125,0.99068844,0.9881167,0.9922041,0.9907114,0.99066466,0.9917439,0.98850995,0.9891499,0.99009067,0.9919718,0.9904273,0.99071777,0.98897487,0.99136114,0.9881752,0.99038637,0.9908137,0.99025613,0.9905212,0.9908211,0.99189675,0.99147004,0.9924682,0.99261194,0.99245995,0.9922923,0.99334633,0.99109024,0.9902237,0.99014705,0.9903711,0.9925684,0.99029416,0.9905073,0.99040127,0.99073356,0.9896338,0.98935807,0.9910066,0.9894652,0.99190027,0.9928911,0.99117696,0.98922604,0.99287814,0.99066615,0.99101514,0.9915278,0.99021024,0.9949017,0.9931597,0.99255437,0.9916902,0.9899007,0.9907401,0.99136573,0.99325097,0.9919649,0.99208194,0.9999986,0.99319965,0.99123824,0.9907098,0.9913137,0.99077106,0.99272174,0.9920135,0.99005866,0.9890291,0.9915434,0.9942553,0.99173987,0.9913852,0.9896205,0.9905424,0.9912358,0.98971224,0.991324,0.9905972,0.9909422,0.9908662,0.99221313,0.99119,0.9924071,0.9900453,0.992975,0.9917878,0.9916208,0.99170846,0.98927075,0.99162376,0.9912963,0.9919915,0.9917699,0.99346364,0.99197406,0.99329,0.9911023,0.9909551,0.99088085,0.9923869,0.9920146,0.9905787,0.9931828,0.99277884,0.9926337,0.9944565,0.9905724,0.9921524,0.99182075,0.9923222,0.9929162,0.9893122,0.99371785,0.99135506,0.99065393,0.99176145,0.9919049,0.99198323,0.99044454,0.99172115,0.99125975,0.99205315,0.99004817,0.9921347,0.9920129,0.99124235,0.99196595,0.9919355,0.99086195
ipip81,0.99721795,0.99655,0.9971873,0.99619484,0.99711055,0.99637806,0.99736387,0.99670786,0.9973853,0.99614114,0.9966432,0.99732715,0.99669886,0.9968388,0.9960415,0.99725014,0.9973641,0.9962339,0.997552,0.9973634,0.9974045,0.997009,0.9973243,0.997343,0.9966276,0.9973002,0.9958913,0.9975713,0.99692005,0.99721295,0.9969595,0.9970802,0.9963912,0.99711674,0.997475,0.99690783,0.99739367,0.99751455,0.997568,0.9972872,0.99585694,0.99718,0.99653053,0.9962901,0.99598265,0.9974026,0.996686,0.9965127,0.9972798,0.99641955,0.99654704,0.99193925,0.9970719,0.99649215,0.99537915,0.9967382,0.9955517,0.9962442,0.99627143,0.9973611,0.99780756,0.99763995,0.99770427,0.99690837,0.9971729,0.99724054,0.99760747,0.9976295,0.9973577,0.99676853,0.99716586,0.99729705,0.9948639,0.99636793,0.99750495,0.9919997,0.9962042,0.9973468,0.99669796,0.99713427,0.99706334,0.9975169,0.9962632,0.9974575,0.9972359,0.997665,0.99730086,0.99707913,0.99719846,0.9973229,0.99678344,0.9974799,0.9974486,0.9950785,0.99601257,0.995228,0.99715227,0.996348,0.99615747,0.99504244,0.9975019,0.99736416,0.9975603,0.99720424,0.9978825,0.99498713,0.9976572,0.9961007,0.99753475,0.99748546,0.9977464,0.9955688,0.99691916,0.9972702,0.99800414,0.9971988,0.9974372,0.9985363,0.9979248,0.9973821,0.99748296,0.9967384,0.9973418,0.99747807,0.9970633,0.9964161,0.9970119,0.99736595,0.9965022,0.99676836,0.9972878,0.99273956,0.9959287,0.9963083,0.99690443,0.99737835,0.99697083,0.99723405,0.99738777,0.9971405,0.99735874,0.997549,0.9974418,0.99725455,0.99737346,0.99570507,0.99737585,0.99739945,0.99539614,0.99743205,0.9975657,0.99715704,0.9968762,0.99540156,0.99742866,0.9971288,0.99708277,0.99646676,0.99557453,0.9972355,0.9951239,0.99784964,0.99744743,0.9964709,0.9973383,0.99094516,0.9972139,0.9969398,0.9971738,0.99665916,0.99740016,0.9959411,0.9970528,0.9971963,0.9971536,0.9975424,0.99775296,0.9972294,0.99679905,0.99733835,0.9965047,0.9967794,0.99684995,0.9966535,0.9955567,0.996576,0.99748194,0.9974646,0.9975535,0.9964351,0.99763954,0.9975421,0.99753934,0.9971702,0.9973835,0.99760413,0.99770623,0.9976884,0.9963964,0.9967387,0.9972441,0.9974627,0.9962505,0.99765515,0.9972192,0.9969838,0.9975549,0.99517584,0.99661595,0.9957519,0.99687237,0.9966116,0.99734867,0.99688405,0.9960818,0.99578464,0.99763054,0.99319965,0.9999993,0.9976668,0.9974496,0.9969678,0.9972298,0.9969283,0.9963095,0.9976419,0.9974104,0.9974816,0.99328136,0.9963492,0.99720484,0.9968728,0.9973683,0.9974433,0.9975879,0.99578047,0.99698514,0.9965321,0.9972708,0.9963128,0.9974594,0.9974801,0.9975924,0.9965673,0.9970728,0.9974914,0.99595165,0.9973472,0.9938326,0.99619293,0.997783,0.99771804,0.99582624,0.9977301,0.99677235,0.99722624,0.9971254,0.99722725,0.9962549,0.99760205,0.9975495,0.99577826,0.9971145,0.9952403,0.9964431,0.9970987,0.9967128,0.9968014,0.99713665,0.9948363,0.9975962,0.99616283,0.99693877,0.997553,0.99719167,0.9969578,0.996732,0.99702924,0.9962206,0.9973189,0.99664646,0.99744785,0.9967963,0.9966471,0.997257,0.9938921,0.9921255,0.9957587
ipip111,0.9976586,0.9963492,0.9971254,0.9961613,0.9974866,0.99644744,0.99785966,0.99691486,0.99783224,0.99605083,0.9967924,0.9978927,0.9970274,0.9966979,0.9963278,0.99765426,0.99789256,0.9964412,0.99804205,0.9976121,0.99773407,0.997199,0.99780023,0.99767244,0.99699914,0.9976827,0.9958047,0.99776995,0.9973395,0.99752474,0.9974369,0.9976365,0.99685425,0.99781793,0.9978952,0.9977483,0.9980381,0.99809253,0.9980633,0.9978982,0.9961599,0.9974407,0.9967924,0.99655604,0.9957186,0.9975554,0.9968607,0.99645066,0.997544,0.9967273,0.99694544,0.9913048,0.99730974,0.9966554,0.99523723,0.9968509,0.9958468,0.9962453,0.9962964,0.99767035,0.99791837,0.9973906,0.9978958,0.99718505,0.99760634,0.9970636,0.9978981,0.99784,0.99769986,0.99649435,0.9978907,0.9979188,0.994651,0.99687487,0.9966884,0.9914023,0.9965406,0.9978273,0.99695,0.99749225,0.9974751,0.9979751,0.99675554,0.99786925,0.99769104,0.99825424,0.9979647,0.9967674,0.9963189,0.9975633,0.9978152,0.9980348,0.9977007,0.99525654,0.9947493,0.9950677,0.9977961,0.99652034,0.99552524,0.99495393,0.99734277,0.9979107,0.9975851,0.9979408,0.9980797,0.9952849,0.99811184,0.9966892,0.9978965,0.9979052,0.9981701,0.9954674,0.9972861,0.9973165,0.99827874,0.9974958,0.99802035,0.99834675,0.997931,0.9976905,0.99794847,0.9971566,0.9976527,0.99764514,0.9977235,0.9968953,0.9972401,0.9979471,0.99667674,0.9969424,0.9981361,0.99304116,0.99657774,0.9957775,0.99774885,0.9978863,0.99749714,0.99778914,0.9982421,0.99790096,0.9981499,0.9979291,0.99703604,0.99755853,0.9977118,0.99550515,0.9979879,0.997718,0.9954284,0.99783695,0.99818987,0.99805146,0.9964856,0.9949616,0.99786943,0.9977273,0.99773246,0.99710053,0.99524724,0.99774295,0.9957588,0.99836534,0.9976859,0.9966447,0.99792635,0.99207914,0.9977669,0.9974805,0.9976322,0.9969328,0.9980074,0.9962946,0.9977192,0.99784726,0.9976696,0.998086,0.9979381,0.9975691,0.9969434,0.99801373,0.9970278,0.99681336,0.99705696,0.9967683,0.9943365,0.9968379,0.9982057,0.9981375,0.9982523,0.9970737,0.9983632,0.99813974,0.99818194,0.99767405,0.9979434,0.9981322,0.9983156,0.9981016,0.99707735,0.99694055,0.9981913,0.9981172,0.9961934,0.9982125,0.9974726,0.9972121,0.99815875,0.9940384,0.9968216,0.9958233,0.9971997,0.99727607,0.99771565,0.9971599,0.99617404,0.9960192,0.9981778,0.99123824,0.9976668,1.0000017,0.9982689,0.99761784,0.9976509,0.99748707,0.9960325,0.9983572,0.99819106,0.99804455,0.9927517,0.99660593,0.997891,0.9972955,0.9976858,0.9978934,0.9980641,0.99602735,0.99762094,0.9974682,0.9980635,0.9971842,0.998174,0.99750674,0.99827224,0.9967059,0.99776906,0.99771905,0.99623585,0.99807644,0.9928118,0.9968144,0.9979838,0.99794376,0.996374,0.99814177,0.9969248,0.9975653,0.9972487,0.9977199,0.9961219,0.9979378,0.9981724,0.99580455,0.9972388,0.9954177,0.9965349,0.997483,0.9974637,0.997081,0.99746764,0.9941663,0.9981259,0.9963193,0.99744713,0.9980412,0.99763894,0.997311,0.9972124,0.99772274,0.9963597,0.9974706,0.9969189,0.99802643,0.9969986,0.99695027,0.9976116,0.9936682,0.99209887,0.99572104
ipip141,0.9981553,0.99667567,0.9975528,0.99654967,0.99810624,0.996808,0.99835974,0.9969919,0.99820316,0.99655986,0.9969986,0.9980041,0.99698067,0.99669915,0.9965288,0.9976208,0.9978143,0.99662054,0.998067,0.9975093,0.99819934,0.9974334,0.99913496,0.9981457,0.99736065,0.99769646,0.99623877,0.9981093,0.99715763,0.9975942,0.9978185,0.99787647,0.9972285,0.99807906,0.9980631,0.9988113,0.99808824,0.99835503,0.9978179,0.9978534,0.99646276,0.9981467,0.9972904,0.9966577,0.9960687,0.99814826,0.9973043,0.9968559,0.99774384,0.9968719,0.99733573,0.9913919,0.9979228,0.99656826,0.99572474,0.99713516,0.9960782,0.99631745,0.9965661,0.99814594,0.99796945,0.99775344,0.99815756,0.9975124,0.9975214,0.99744624,0.99794817,0.9982768,0.998055,0.99657965,0.99866724,0.99880624,0.9951259,0.9976746,0.9965466,0.99120563,0.9963525,0.9978308,0.9972589,0.9977846,0.9976773,0.9981938,0.99653137,0.99809384,0.9979342,0.99833095,0.9977419,0.9965676,0.9961283,0.9976976,0.9972979,0.99842924,0.9975856,0.994839,0.99462265,0.99495476,0.9983123,0.99681634,0.99532926,0.99486005,0.9971366,0.9983699,0.9975243,0.9979804,0.99802107,0.99516976,0.998183,0.9967103,0.9980423,0.9979131,0.99854773,0.9957874,0.99724704,0.99703956,0.9981992,0.9978248,0.99785745,0.99839205,0.9980627,0.99752766,0.9983499,0.9973205,0.99824893,0.9980206,0.9980924,0.99700177,0.9975472,0.9981569,0.9972639,0.99689865,0.9989864,0.9930572,0.99717474,0.9958447,0.9984508,0.99849004,0.9978866,0.9982259,0.99857163,0.99828714,0.9983205,0.9982173,0.9972166,0.99806327,0.99775314,0.9954449,0.99803126,0.9980919,0.9960377,0.99782646,0.99853253,0.9980319,0.9965351,0.9950764,0.99801266,0.99844974,0.99854,0.9978806,0.9949097,0.997982,0.9963538,0.9989654,0.9976506,0.99717253,0.99833184,0.99112195,0.9984866,0.9979613,0.9979529,0.9971294,0.9990803,0.9963671,0.9980592,0.99829954,0.99809915,0.9983602,0.99825877,0.99789816,0.99757093,0.99791116,0.9965756,0.9971034,0.9972686,0.99709797,0.994337,0.9969964,0.99816906,0.9982101,0.99827147,0.9967357,0.9982684,0.99838156,0.9983807,0.9980339,0.99827814,0.9985418,0.99838746,0.99869365,0.9967377,0.9972302,0.9979077,0.99836606,0.9964504,0.99837655,0.9979842,0.99778056,0.9984559,0.993937,0.99704397,0.99615884,0.99759275,0.9970495,0.9980756,0.9974935,0.9962334,0.99609315,0.99875784,0.9907098,0.9974496,0.9982689,0.9999989,0.99753827,0.9976426,0.99759513,0.99608576,0.998427,0.9982692,0.99789554,0.9926397,0.9967202,0.99783057,0.9974565,0.9980893,0.9983264,0.9980405,0.996071,0.9980214,0.99780047,0.9989381,0.9976552,0.9982637,0.99749416,0.9983736,0.99703956,0.9976702,0.9981896,0.99714845,0.99918693,0.99329907,0.99805766,0.99868274,0.9986457,0.9965122,0.9986047,0.99751025,0.997638,0.99749017,0.99855846,0.9967798,0.998342,0.9984351,0.99603695,0.9973991,0.99512553,0.9966739,0.9981176,0.9984033,0.9981231,0.9981341,0.9946783,0.99867576,0.99689263,0.99779785,0.99884444,0.9978781,0.9982709,0.99853,0.9982259,0.99676585,0.9984662,0.9974781,0.9984144,0.9974424,0.99747175,0.9980227,0.9939107,0.99229884,0.9960118
ipip171,0.9968313,0.99592406,0.9964134,0.9955399,0.99676967,0.9957608,0.99703175,0.99640775,0.99724907,0.99557024,0.9966592,0.99697274,0.99660313,0.9960199,0.99569786,0.9970611,0.9969117,0.9957899,0.99729,0.9970421,0.99687797,0.99648273,0.99718857,0.99685663,0.9960711,0.99693584,0.99569076,0.99699944,0.9965378,0.9970684,0.996778,0.99707186,0.996445,0.9968928,0.9970305,0.99676293,0.9970996,0.9971376,0.99700725,0.99691194,0.9959101,0.99696624,0.9964543,0.99679077,0.99548477,0.9971193,0.99649656,0.9956656,0.9968789,0.9960689,0.9963908,0.9915609,0.9969778,0.9960972,0.99525833,0.9968563,0.9951465,0.9963359,0.99613595,0.99719584,0.9968955,0.9968438,0.9969392,0.9964256,0.99638534,0.99633384,0.99737823,0.9971047,0.9972035,0.996169,0.996829,0.99730927,0.9942116,0.99638057,0.99589884,0.991825,0.99580514,0.99689674,0.99667066,0.9970905,0.99680424,0.99705243,0.99584603,0.99681455,0.99671054,0.9972035,0.9968643,0.99596965,0.9956446,0.99716026,0.9964146,0.9970984,0.99659157,0.99457276,0.99475586,0.995045,0.9968693,0.9968028,0.99518716,0.99499387,0.9965113,0.997123,0.99665755,0.99672735,0.99690855,0.9950659,0.9973302,0.9959142,0.99721825,0.9969638,0.9974551,0.99498206,0.9963981,0.99661076,0.9973686,0.9967646,0.9969039,0.99725497,0.99723154,0.99708474,0.9970812,0.9966551,0.99698967,0.9970303,0.9967257,0.9964185,0.9970125,0.9973193,0.99666184,0.99629545,0.9972616,0.99221426,0.9957313,0.9955124,0.99675524,0.997332,0.9966703,0.9973877,0.9973828,0.9968181,0.9969479,0.9971769,0.9963102,0.9969662,0.99665713,0.9951267,0.99692756,0.9971283,0.99598676,0.9971176,0.99728715,0.9969459,0.9958404,0.9945385,0.9969294,0.99709827,0.99708194,0.9965884,0.9946433,0.99686307,0.99523264,0.9977329,0.9970307,0.9960621,0.9968317,0.99144,0.9972693,0.9966321,0.9970227,0.99608785,0.9969487,0.9953821,0.9967071,0.9969968,0.9972965,0.9979148,0.9969531,0.9967659,0.99630696,0.99720734,0.9961296,0.9966893,0.9968164,0.9967512,0.99440837,0.9963743,0.99721974,0.99726534,0.99732476,0.99617535,0.9974041,0.99800915,0.99793994,0.9973369,0.99705493,0.9978633,0.9974108,0.99720144,0.996368,0.9965425,0.99710613,0.9970148,0.9957741,0.99781215,0.9967835,0.9966652,0.99747515,0.99387765,0.9964963,0.9958864,0.99666256,0.9965127,0.9972911,0.9966417,0.996027,0.99562263,0.99817055,0.9913137,0.9969678,0.99761784,0.99753827,1.0000004,0.99751747,0.9970158,0.99669826,0.99829906,0.9972482,0.9972427,0.9928231,0.9960816,0.9970946,0.9967304,0.99687904,0.99711615,0.9974506,0.9955859,0.9967769,0.99662614,0.9973142,0.996421,0.99777967,0.99670863,0.9979229,0.99655384,0.9976932,0.9971183,0.995828,0.99706656,0.9927183,0.9961109,0.99742377,0.99733955,0.99579823,0.99742824,0.99661285,0.99678224,0.99637073,0.9968028,0.9957004,0.9971772,0.99793774,0.9960388,0.9972372,0.995453,0.99626654,0.99705034,0.99662465,0.99634856,0.9966523,0.9940164,0.99723446,0.99612015,0.9966717,0.9974453,0.9969478,0.99661267,0.9967841,0.9970304,0.9958854,0.99664485,0.99657625,0.99732107,0.9965254,0.9965753,0.9973035,0.9936201,0.9925135,0.9954986
ipip201,0.99751854,0.99644196,0.99707896,0.9961879,0.9973149,0.9960742,0.9977648,0.99714947,0.99772954,0.99617076,0.99657434,0.9974007,0.99686354,0.996286,0.9959637,0.997387,0.9975541,0.99615574,0.9975844,0.9976366,0.9974875,0.9971314,0.9974291,0.9973435,0.9963532,0.9971739,0.99604183,0.99756837,0.9969507,0.99712104,0.99773246,0.9976929,0.9966533,0.9973484,0.9977572,0.9972421,0.99753064,0.99773735,0.9973741,0.99730426,0.99620426,0.9971684,0.99645424,0.9963372,0.9957279,0.9973346,0.99653107,0.99611413,0.99737626,0.99636763,0.9967895,0.99166197,0.9975069,0.996698,0.99516815,0.9970771,0.9954589,0.9961985,0.996337,0.9977463,0.9976115,0.9970829,0.9978021,0.9968199,0.99694467,0.99667305,0.99774575,0.9974271,0.9972952,0.99630773,0.99749184,0.99740386,0.99440795,0.99676406,0.99627393,0.99137455,0.99590945,0.99722064,0.99687153,0.99735636,0.99708384,0.9976455,0.9959519,0.99741083,0.9972845,0.9977934,0.99754715,0.99637246,0.99583274,0.99742556,0.99679285,0.9974618,0.9972487,0.9947755,0.9943864,0.9950351,0.9974781,0.9967625,0.9950019,0.9946142,0.99708474,0.99757093,0.9972311,0.99696743,0.99732196,0.9952553,0.9976073,0.9963056,0.9979449,0.9976568,0.99808574,0.99518996,0.99695957,0.9968497,0.99793196,0.9968611,0.99741733,0.9976172,0.99757075,0.99702775,0.9979456,0.99741524,0.9975961,0.99761903,0.99738234,0.9968395,0.99730873,0.9977906,0.9964603,0.9968579,0.99756604,0.99212986,0.99584955,0.99534386,0.99730647,0.9975322,0.99700564,0.99745756,0.9979238,0.99759954,0.9975239,0.99759287,0.9969753,0.99762523,0.99725676,0.9954811,0.9972536,0.99724734,0.9954783,0.99761426,0.9976831,0.9970706,0.99537843,0.9949725,0.9976812,0.9970795,0.9969849,0.99665767,0.9950869,0.9975542,0.9952386,0.99800867,0.99724895,0.9964971,0.99774414,0.99078846,0.99771756,0.99672294,0.9974762,0.99661326,0.9975365,0.99568146,0.99722326,0.9974733,0.9978096,0.99776924,0.9976183,0.9972446,0.99692875,0.9979136,0.9964436,0.9971924,0.9969466,0.9973098,0.9944029,0.99746156,0.99810255,0.9981765,0.9981086,0.99639076,0.9980787,0.99816924,0.9979646,0.9979193,0.99765116,0.99789417,0.9978579,0.99781555,0.99635655,0.9966398,0.99769527,0.9977898,0.99615645,0.9978903,0.9974161,0.9968635,0.99834764,0.9939074,0.9969668,0.9960299,0.99707544,0.99684,0.99779737,0.9972697,0.99646366,0.99604166,0.9976781,0.99077106,0.9972298,0.9976509,0.9976426,0.99751747,1.0000007,0.9977353,0.9957993,0.997949,0.9980074,0.9978307,0.9932364,0.9963272,0.9977634,0.9977766,0.99766237,0.9976222,0.9983374,0.99664986,0.9972752,0.99689513,0.9973978,0.9963922,0.9975996,0.9968306,0.99782175,0.99635774,0.997417,0.9978066,0.9960969,0.99762607,0.9932125,0.9965868,0.99753463,0.99747956,0.9954805,0.9975643,0.99651855,0.9974956,0.9972941,0.99738294,0.99592316,0.9976622,0.99804425,0.99654746,0.9974607,0.9956246,0.99638945,0.9975189,0.99672264,0.99671966,0.996898,0.99410915,0.9979536,0.9962507,0.99704427,0.99790305,0.9974102,0.99710715,0.99699473,0.9972517,0.99633443,0.9970607,0.9966971,0.99783623,0.9972402,0.99664855,0.997763,0.99367225,0.9920409,0.99587035
ipip231,0.9965554,0.99687403,0.9966188,0.9967737,0.9970477,0.99649733,0.9967102,0.99692225,0.99774057,0.9967627,0.9969735,0.9971749,0.99719024,0.9969238,0.99732673,0.9969341,0.9971699,0.99677217,0.9973358,0.99715096,0.9973806,0.9971131,0.9975529,0.9977146,0.9971242,0.9967435,0.9968431,0.99743843,0.9969296,0.9970743,0.9971863,0.9974874,0.99612576,0.99736446,0.996601,0.9970303,0.9968184,0.9967749,0.9969896,0.99726266,0.9963569,0.9968576,0.99716055,0.99591094,0.9970154,0.99705946,0.99758035,0.99674326,0.9971957,0.9967512,0.99673927,0.99333054,0.9970509,0.9967057,0.99644995,0.99701816,0.99565923,0.9968842,0.9968575,0.99766946,0.9970453,0.99715686,0.99747854,0.9975062,0.9969709,0.99765104,0.99686044,0.9972426,0.9974007,0.99696195,0.99669343,0.9974877,0.9954254,0.9965949,0.9968916,0.992483,0.99645936,0.9971018,0.9974829,0.9976453,0.9975184,0.9971825,0.99650574,0.9966942,0.9973303,0.9968365,0.9967541,0.9969011,0.99638337,0.9968835,0.99673593,0.99680465,0.9969618,0.99512225,0.9952349,0.9957569,0.9966445,0.9974979,0.99556583,0.9959244,0.9971301,0.9974368,0.99696463,0.99736995,0.9977614,0.99630606,0.9970745,0.9968878,0.9978043,0.99650604,0.99702096,0.99544764,0.9971943,0.99646926,0.99709064,0.9973704,0.99647135,0.9970723,0.9968505,0.99710304,0.9972078,0.9969255,0.9974744,0.99730396,0.99679947,0.99713284,0.9973161,0.99742305,0.99734944,0.99669,0.9971614,0.993784,0.9969083,0.9964471,0.9965406,0.99759424,0.9975491,0.99747944,0.99696463,0.99670005,0.99689627,0.9977654,0.99729896,0.9977313,0.99761635,0.995924,0.9970978,0.99727166,0.99625975,0.9975316,0.99758404,0.9976288,0.9966688,0.9966604,0.9965103,0.99727356,0.99763405,0.9968771,0.9954342,0.9963534,0.99642986,0.9975932,0.996818,0.99703634,0.99669975,0.9917557,0.99705964,0.9975111,0.9971732,0.996504,0.9968601,0.99612725,0.9962204,0.99750614,0.997456,0.9968962,0.99707484,0.9970731,0.997156,0.9974282,0.9969729,0.9973186,0.9975365,0.99742925,0.99502677,0.99696255,0.9972751,0.9972538,0.99725837,0.99718195,0.997516,0.99736273,0.9972303,0.99749917,0.99735063,0.99690115,0.99738145,0.99698985,0.99684495,0.99757767,0.997721,0.9969916,0.9971244,0.997253,0.9974757,0.9975415,0.99761623,0.99581385,0.9974416,0.9968749,0.9972671,0.99631524,0.99743384,0.99746317,0.99713975,0.9975969,0.9975756,0.99272174,0.9969283,0.99748707,0.99759513,0.9970158,0.9977353,0.9999994,0.9962895,0.9971521,0.99683917,0.99762684,0.9955103,0.996996,0.9975172,0.9969897,0.9976828,0.9978732,0.99727964,0.99670583,0.99749386,0.99695796,0.99723005,0.9969077,0.9976312,0.99708563,0.9969333,0.9972486,0.99714106,0.99778885,0.9967463,0.99703276,0.99353456,0.9969312,0.9975072,0.99738616,0.9964143,0.99751085,0.99708456,0.99742174,0.99704844,0.9976724,0.9967539,0.997905,0.99731785,0.9973942,0.9976753,0.9961614,0.9970125,0.9970364,0.9971535,0.99728644,0.9971403,0.9953351,0.9969752,0.99694884,0.9976229,0.9972391,0.99776065,0.9973879,0.99729323,0.9974941,0.99718696,0.99700737,0.9973596,0.99704856,0.99744445,0.9973062,0.9972191,0.994983,0.9936974,0.99617183
ipip261,0.9951201,0.9953372,0.9954814,0.99511135,0.9954462,0.9951096,0.99531585,0.9953271,0.9959984,0.9951441,0.99630666,0.9959018,0.9958453,0.9956463,0.99542135,0.9958006,0.9958526,0.99516094,0.99612445,0.995656,0.99599326,0.9956302,0.99595433,0.9958116,0.9953891,0.99552745,0.9951847,0.996035,0.99557745,0.99656755,0.995438,0.9961509,0.99515474,0.9954723,0.9951894,0.99541587,0.9955486,0.9953612,0.9956854,0.9955334,0.9952497,0.9958414,0.9957704,0.9955575,0.9955474,0.99581563,0.995893,0.9951514,0.9957117,0.99536467,0.9952048,0.9924578,0.9957588,0.99521464,0.99528867,0.9959104,0.994412,0.99611074,0.9958388,0.99640334,0.9955159,0.99602884,0.99575424,0.99567467,0.995393,0.9959474,0.9955721,0.99586195,0.99630356,0.9958601,0.9951146,0.99604553,0.9941723,0.9951471,0.9958046,0.9924515,0.99535245,0.9960155,0.99610406,0.99607635,0.9958999,0.99580675,0.9961024,0.9953829,0.99558836,0.9955053,0.9954611,0.9955582,0.9957439,0.99571276,0.9956417,0.9955812,0.99556905,0.9941408,0.9957108,0.99476105,0.99518365,0.9960617,0.9954075,0.9952943,0.9959102,0.9958429,0.9957875,0.99590474,0.9962082,0.9949475,0.9963495,0.99505186,0.99609554,0.99515694,0.9957636,0.9943812,0.99586356,0.99582994,0.995778,0.99591154,0.99539596,0.99582654,0.99579275,0.9960326,0.995857,0.9955624,0.99597794,0.99593663,0.9952323,0.99548143,0.99595785,0.99611276,0.99611735,0.99550307,0.99569166,0.99256736,0.9951524,0.99542814,0.9949982,0.9963611,0.99586815,0.9963623,0.99562573,0.99511755,0.9953679,0.9960776,0.9957883,0.99582475,0.9957191,0.994911,0.99564004,0.9961642,0.99579555,0.99593824,0.9960075,0.9960337,0.995713,0.9947689,0.99507344,0.996149,0.9963032,0.99551743,0.99450475,0.9949046,0.9947288,0.99617296,0.9955726,0.9955834,0.9952322,0.99135965,0.9957318,0.99587584,0.9956499,0.99534786,0.9953123,0.9947824,0.9948513,0.9955997,0.9959943,0.9962932,0.995631,0.99566835,0.99543,0.99588066,0.9954382,0.9959987,0.99595284,0.99598575,0.9948614,0.99534905,0.99567,0.9956363,0.9957355,0.99536073,0.9960047,0.9963338,0.99637175,0.99598986,0.9956503,0.9960752,0.99596006,0.99553925,0.9952741,0.9958856,0.9957906,0.99537975,0.99538773,0.99636257,0.9958329,0.99567324,0.99577993,0.99424547,0.99595004,0.99552923,0.99626726,0.99492383,0.9959949,0.99577105,0.99562055,0.9952411,0.9969084,0.9920135,0.9963095,0.9960325,0.99608576,0.99669826,0.9957993,0.9962895,0.9999995,0.9970397,0.99535394,0.99595124,0.99363714,0.99562013,0.995716,0.995423,0.99586093,0.9960379,0.9957587,0.9949053,0.99546367,0.99534106,0.9958111,0.99550873,0.9958464,0.9961358,0.9960848,0.9960878,0.9964406,0.996057,0.9951223,0.9954588,0.9929761,0.9952025,0.996411,0.99621886,0.9956162,0.9963337,0.99596417,0.9956955,0.9952971,0.9956761,0.99508435,0.9960689,0.9963771,0.99566233,0.9962178,0.9948849,0.99578595,0.99588907,0.99584305,0.9954151,0.99581814,0.9949445,0.99556,0.995787,0.99561256,0.99598527,0.99598986,0.9956461,0.9958941,0.99572587,0.99565905,0.9955275,0.9958141,0.9957667,0.995583,0.9958134,0.9961779,0.9937472,0.9934851,0.99503756
ipip291,0.998419,0.9962985,0.9975829,0.996062,0.99783695,0.9966284,0.99855167,0.9969476,0.99805254,0.9959759,0.9972689,0.9981587,0.9968094,0.9963924,0.9960397,0.99785846,0.9979822,0.99630284,0.998118,0.9978602,0.99792457,0.9974701,0.9980022,0.9978378,0.996991,0.9977775,0.99565274,0.9979152,0.9972624,0.99773264,0.99782664,0.9977738,0.9973852,0.9980526,0.9984537,0.9977892,0.9982744,0.9985851,0.9979505,0.9979611,0.9961388,0.997886,0.9969093,0.9972131,0.9954882,0.9979947,0.99677885,0.9964079,0.9977135,0.9965914,0.9972326,0.9907295,0.99783146,0.996367,0.9952305,0.996761,0.9958362,0.99605536,0.9964565,0.99802816,0.99821216,0.9975713,0.99823004,0.99738014,0.99741286,0.9969599,0.99837154,0.998354,0.9981782,0.99669623,0.9984834,0.9980279,0.994658,0.9970847,0.99636704,0.9909096,0.99618703,0.9978916,0.9970366,0.99777645,0.9974451,0.99843305,0.99666476,0.9983111,0.9976651,0.9987477,0.99825424,0.9963768,0.9960813,0.9980695,0.9973153,0.99851274,0.9978035,0.9947827,0.994404,0.99492556,0.9985074,0.996732,0.99535537,0.9946177,0.99719995,0.9984982,0.99764615,0.9977343,0.99796987,0.9946317,0.9984045,0.9965924,0.99800843,0.9984579,0.9988258,0.99578637,0.9971828,0.99729246,0.99851596,0.9970344,0.99817884,0.9984296,0.99842143,0.99747765,0.99825203,0.9971919,0.9978531,0.9978802,0.9981578,0.9968815,0.99712497,0.9981047,0.9969567,0.9969884,0.99839455,0.9916636,0.99603593,0.9952561,0.99816394,0.9980673,0.9975146,0.99799246,0.99876595,0.9984233,0.99860966,0.99795383,0.99689317,0.9978104,0.997746,0.9953331,0.998157,0.99819505,0.99568623,0.99803346,0.9984766,0.9977522,0.9957735,0.99464613,0.998394,0.99754995,0.99748945,0.99703985,0.9950837,0.9984077,0.99507457,0.99865746,0.9978345,0.9967808,0.99846065,0.991337,0.99824107,0.9973642,0.997893,0.996896,0.9985958,0.99596554,0.99826473,0.99797726,0.9982196,0.99884427,0.9981857,0.99783987,0.9968913,0.99782574,0.99619657,0.9969883,0.997025,0.9970207,0.99435407,0.9967813,0.9982465,0.9982993,0.9983294,0.9963144,0.9984956,0.99879235,0.9988308,0.9982201,0.9984113,0.9990963,0.9983687,0.99866694,0.99650496,0.99679476,0.9978777,0.9985863,0.99602395,0.9987847,0.9977828,0.9974722,0.99846923,0.9933861,0.9965771,0.9958362,0.99743205,0.997343,0.9982909,0.99719673,0.9960105,0.9958485,0.9980665,0.99005866,0.9976419,0.9983572,0.998427,0.99829906,0.997949,0.9971521,0.9970397,0.9999993,0.99856335,0.99776524,0.9919847,0.996819,0.9975693,0.99766254,0.997951,0.9981766,0.99840003,0.99584365,0.9977638,0.9972022,0.99808437,0.9964514,0.99796534,0.9971706,0.9988372,0.99698794,0.9978776,0.9980276,0.9962575,0.9985514,0.99263227,0.9966639,0.9984096,0.9983919,0.9957788,0.9983903,0.996839,0.99740547,0.9973056,0.99779415,0.9958617,0.9980274,0.9988076,0.9956998,0.9973612,0.99489295,0.9963931,0.9978637,0.9970371,0.99709916,0.9971831,0.9940172,0.9987161,0.9964393,0.9973818,0.9984512,0.9976749,0.9971978,0.9971364,0.99807405,0.99620533,0.99749184,0.997178,0.99846435,0.9971049,0.9972281,0.9979008,0.9935537,0.99152714,0.9958935
ipip26,0.99860996,0.9959602,0.9976118,0.9958161,0.9978109,0.9962727,0.9989002,0.99697095,0.99822503,0.9957769,0.996418,0.99782705,0.996406,0.9959728,0.99536955,0.99771965,0.9980653,0.99633336,0.99786675,0.9978497,0.99788237,0.99745977,0.9978433,0.9980548,0.9964941,0.9977486,0.9954391,0.9981225,0.99701023,0.99718875,0.9980379,0.9976879,0.99728733,0.99792975,0.9987146,0.99766034,0.9985796,0.9987823,0.9979699,0.99782914,0.99594456,0.9977573,0.9966308,0.9965515,0.99500865,0.99793833,0.9963953,0.99606746,0.9974825,0.99626935,0.99702424,0.99004006,0.99778074,0.996537,0.994501,0.99647313,0.99547315,0.9955406,0.99583316,0.99775374,0.9982647,0.9973694,0.9983543,0.9971263,0.9971965,0.9965042,0.99855,0.99822265,0.9978217,0.9960146,0.9986493,0.9978274,0.9940409,0.99699175,0.9961226,0.98992,0.995752,0.9976864,0.99676085,0.9975968,0.99700147,0.99831283,0.99618423,0.9984005,0.9976529,0.99872226,0.99814427,0.99602723,0.99556667,0.9979305,0.9968723,0.99861723,0.9977395,0.99424845,0.99380064,0.9943854,0.9985738,0.99622476,0.99477226,0.9936178,0.9970619,0.99848664,0.99754417,0.99749017,0.99777895,0.9940932,0.99829036,0.9961148,0.9979665,0.99864125,0.9989519,0.99556917,0.9967068,0.997098,0.99874544,0.99666005,0.99839777,0.99857455,0.99850565,0.99718946,0.998477,0.9973564,0.9980617,0.998052,0.99833316,0.9967771,0.9974267,0.9980907,0.9962469,0.9968786,0.9983457,0.99148786,0.9955798,0.99477065,0.99813884,0.99786866,0.99717313,0.9977515,0.9989689,0.998619,0.9986949,0.9977787,0.99665755,0.99764985,0.9977639,0.99490815,0.99802196,0.9979008,0.994831,0.9979155,0.9985578,0.9975915,0.995194,0.99435914,0.9988898,0.99722415,0.99711823,0.9966315,0.99472314,0.99885714,0.9946663,0.998568,0.99792826,0.99627787,0.9986971,0.98989624,0.9983833,0.99698573,0.9979549,0.99696404,0.99868494,0.9956839,0.9986283,0.9979354,0.99825406,0.99859667,0.9988313,0.9982526,0.9976732,0.9989132,0.9962776,0.996939,0.9970796,0.99703205,0.9940039,0.99702966,0.99918485,0.9991901,0.99929035,0.9964326,0.99888456,0.9988852,0.9988195,0.9984405,0.99849635,0.9990197,0.99868315,0.99892247,0.9966069,0.99650663,0.9982044,0.9990134,0.9957648,0.9987172,0.99786574,0.9972299,0.99915874,0.99298394,0.9964188,0.9957351,0.9971712,0.99757713,0.9984891,0.9973453,0.9958271,0.995425,0.9978898,0.9890291,0.9974104,0.99819106,0.9982692,0.9972482,0.9980074,0.99683917,0.99535394,0.99856335,1.0000014,0.99837893,0.9915474,0.9964146,0.998426,0.9982418,0.9981072,0.9981091,0.9985542,0.9964857,0.99786353,0.9969716,0.99801046,0.99626553,0.99766403,0.9969151,0.9986922,0.9963009,0.997625,0.99811333,0.9958011,0.9986292,0.9920765,0.9964041,0.9979949,0.99804735,0.99493074,0.99802125,0.99620456,0.99798995,0.99771565,0.99778414,0.99559426,0.9978939,0.9988137,0.9956865,0.9973252,0.99495083,0.9961287,0.99771684,0.9967112,0.9969638,0.9968138,0.99302936,0.99886954,0.99572647,0.9973379,0.9984222,0.99751854,0.9970962,0.9968897,0.9977953,0.99612087,0.99758303,0.9967412,0.9985105,0.997147,0.99676025,0.9978317,0.9926924,0.99033403,0.9953752
ipip56,0.99746984,0.9967217,0.9971312,0.9965881,0.99751645,0.99674135,0.9978899,0.9973903,0.9982754,0.99672693,0.99670607,0.9974562,0.9971482,0.9967993,0.9964658,0.9974696,0.9979236,0.99686867,0.9978167,0.99789053,0.99796695,0.99749273,0.99775034,0.99814695,0.9968752,0.99757236,0.9968651,0.9981927,0.99736273,0.9975069,0.99745804,0.99792945,0.9968688,0.9975309,0.9977538,0.99751705,0.9977977,0.9978294,0.9978105,0.9975982,0.9969274,0.997608,0.9971059,0.9962004,0.9964608,0.9975725,0.99718964,0.9966072,0.99760205,0.9969096,0.9971998,0.9927881,0.99772376,0.99742687,0.99602836,0.9972986,0.9957237,0.9968329,0.99663025,0.99783295,0.9979172,0.99744225,0.9981916,0.99729466,0.9973892,0.99722916,0.99804014,0.9980002,0.99761003,0.99701923,0.9976688,0.99782246,0.9951577,0.99714,0.99702847,0.99204224,0.9966921,0.99766105,0.9977814,0.9981461,0.99731123,0.9976253,0.9964338,0.99742115,0.9974629,0.99783796,0.9976384,0.9969721,0.9962762,0.99765503,0.9970817,0.9976903,0.9976962,0.9955572,0.995153,0.9955327,0.9975037,0.9973059,0.9954951,0.9952485,0.9976204,0.99790275,0.99767137,0.997745,0.9979162,0.99606514,0.99785125,0.996724,0.9983395,0.99774235,0.998025,0.9953677,0.9969885,0.99732184,0.9979732,0.9972289,0.9978153,0.99786925,0.9977385,0.9974802,0.99788654,0.997506,0.9981603,0.99792594,0.99752074,0.9971767,0.9982749,0.99818087,0.99713665,0.9971323,0.9980279,0.9933775,0.99685043,0.9963551,0.9975919,0.9978922,0.9975297,0.9982687,0.998122,0.99766743,0.9977803,0.997866,0.9969957,0.9978415,0.9978389,0.99608684,0.9976558,0.9975185,0.9960363,0.9978541,0.9983779,0.9978595,0.99614435,0.9958504,0.9976376,0.9973489,0.9974414,0.9969585,0.9955631,0.9975396,0.99641985,0.99825513,0.99752396,0.9964741,0.9976985,0.9910633,0.9980515,0.99744457,0.99783033,0.9970961,0.99787563,0.9965009,0.9973957,0.9977438,0.99798894,0.9978148,0.9982762,0.99797714,0.9976746,0.99884355,0.99788445,0.997731,0.9975088,0.9980759,0.99541456,0.9975435,0.99847513,0.99857014,0.99869454,0.99737006,0.9983169,0.99822855,0.9980554,0.99800247,0.9976792,0.9978652,0.9984758,0.9980521,0.997408,0.9973379,0.99821323,0.998239,0.99730814,0.9981864,0.9979628,0.99754125,0.99861115,0.9949856,0.9975777,0.99675757,0.9975622,0.99742407,0.9979662,0.9978417,0.99741083,0.99634266,0.99806833,0.9915434,0.9974816,0.99804455,0.99789554,0.9972427,0.9978307,0.99762684,0.99595124,0.99776524,0.99837893,1.0000004,0.99480045,0.9966778,0.9994401,0.9978386,0.9980568,0.99782586,0.9982926,0.9972304,0.99769163,0.9973372,0.9977167,0.9972175,0.9977049,0.9977808,0.9978341,0.9968152,0.99796855,0.9982641,0.9965697,0.99780905,0.99373,0.9971631,0.9979154,0.99783945,0.9963936,0.99805397,0.9972417,0.9981918,0.99795395,0.9979097,0.996744,0.9979929,0.99823046,0.9970894,0.9978282,0.9964712,0.99722046,0.99774027,0.99731827,0.9973533,0.99740946,0.9944777,0.99816555,0.9969428,0.9975235,0.9980854,0.9978868,0.99759924,0.9974885,0.9976076,0.99712574,0.9976799,0.9972826,0.99804753,0.99786204,0.9972161,0.9980726,0.9942971,0.9930257,0.9960789
ipip86,0.99064523,0.99437696,0.99185234,0.9946171,0.9925507,0.99347526,0.99132144,0.9935771,0.9940204,0.9949459,0.9935205,0.9922637,0.9942164,0.99371684,0.994601,0.9924541,0.99292624,0.9940038,0.99285895,0.99266964,0.99319905,0.9925353,0.9932582,0.9940447,0.9934096,0.99235773,0.9952262,0.9936237,0.9929005,0.9936579,0.9923524,0.9943723,0.9921951,0.9922819,0.990846,0.9925915,0.99181527,0.99113584,0.9925798,0.99273884,0.9939269,0.9930183,0.99420434,0.99169326,0.99629074,0.99293196,0.9946176,0.9933785,0.99288076,0.99301016,0.9930513,0.99479085,0.992598,0.994344,0.9950241,0.995083,0.9919382,0.9956161,0.9947522,0.9943856,0.9918768,0.99321604,0.9928265,0.99348426,0.9928707,0.99469244,0.9921161,0.9933262,0.9929756,0.99489254,0.9906291,0.9934087,0.9931908,0.99220955,0.9941763,0.99253786,0.99344206,0.99259365,0.9951702,0.9943413,0.9936862,0.9916095,0.9922836,0.990992,0.9925055,0.9909576,0.99140507,0.9940821,0.993504,0.99219406,0.9926138,0.99118066,0.99201596,0.9927779,0.9935658,0.9932517,0.99057394,0.9954998,0.9928077,0.99465185,0.99368584,0.99216044,0.9926875,0.99334896,0.99333847,0.9964275,0.9922137,0.9940263,0.9944665,0.99093837,0.9914233,0.9907645,0.9931984,0.99301606,0.9918212,0.9942611,0.9915333,0.99202335,0.9916501,0.9934062,0.9922499,0.9931156,0.99398154,0.99326533,0.9913957,0.9942598,0.99536705,0.9934524,0.99501854,0.99316186,0.9921,0.99299675,0.9943438,0.99452734,0.9911283,0.9937371,0.9940061,0.99408185,0.99129266,0.9909123,0.9909331,0.9937239,0.99391747,0.99361163,0.9930072,0.9936293,0.992074,0.99275744,0.9949327,0.9929405,0.99272454,0.99349105,0.9939485,0.99458367,0.9907082,0.9938979,0.99410605,0.9932946,0.992828,0.9905296,0.9944587,0.99287236,0.99227756,0.9935523,0.9909084,0.98999745,0.9923737,0.99368715,0.9927442,0.9929651,0.99119115,0.99313813,0.9902998,0.99247026,0.9933128,0.99211293,0.9930872,0.99339145,0.99421763,0.99417394,0.99478483,0.9953122,0.9943231,0.9951225,0.99430144,0.99374235,0.9927479,0.99279135,0.99298155,0.99489725,0.9926574,0.9927673,0.99250895,0.993297,0.9918437,0.99142677,0.993499,0.9917832,0.9942196,0.99505854,0.99355376,0.99220264,0.9963712,0.99297714,0.9940359,0.99401146,0.99294174,0.99632096,0.99625486,0.9952271,0.99439085,0.99196845,0.9930868,0.99416775,0.9959684,0.9949297,0.99376345,0.9942553,0.99328136,0.9927517,0.9926397,0.9928231,0.9932364,0.9955103,0.99363714,0.9919847,0.9915474,0.99480045,1.0000007,0.9941314,0.9945116,0.9926923,0.9934369,0.9936342,0.99245834,0.99427843,0.9926807,0.99283504,0.9926751,0.99424803,0.9930205,0.9944445,0.99173796,0.99462557,0.99371034,0.9945043,0.9941292,0.9913464,0.9926509,0.99347526,0.9935621,0.99332815,0.99497354,0.99355173,0.9946957,0.99375457,0.9937703,0.99326056,0.9942831,0.9941136,0.99279904,0.9959633,0.994633,0.9950809,0.9955907,0.99274194,0.9938639,0.9936427,0.99398667,0.9943478,0.99169683,0.99548954,0.993437,0.9926484,0.9939943,0.9940099,0.994003,0.99252653,0.9947062,0.9932927,0.9941494,0.99228525,0.9947877,0.9941319,0.99360454,0.9941215,0.9942378,0.9934154
ipip116,0.9961083,0.9957223,0.99600476,0.99547344,0.9963574,0.99594957,0.9963861,0.99595916,0.99692625,0.9953468,0.9962198,0.99657094,0.99583423,0.99577975,0.9961715,0.9962578,0.9964409,0.9957907,0.99647593,0.99636555,0.9966023,0.9960722,0.99664843,0.9968783,0.9965622,0.99618495,0.9955372,0.9967667,0.9961655,0.9965149,0.9965769,0.99761105,0.9960523,0.9966903,0.9963161,0.9964208,0.9962017,0.9962969,0.99650884,0.9966029,0.9954723,0.99652404,0.9960253,0.9956791,0.99560404,0.99659264,0.99651444,0.996179,0.9962287,0.99618685,0.99601686,0.9913352,0.99606943,0.99548376,0.99555945,0.99593717,0.9950569,0.99576104,0.99570596,0.99779785,0.9962343,0.99634755,0.99640703,0.99694604,0.99677956,0.9967735,0.9966662,0.99745214,0.99693567,0.996451,0.9962489,0.9966092,0.99450654,0.99560374,0.9958443,0.9914957,0.9955151,0.99647903,0.9966039,0.9969378,0.9965138,0.99663144,0.99536055,0.9965202,0.996414,0.9963871,0.99637675,0.99581814,0.99553204,0.9966223,0.99586296,0.99635416,0.9964211,0.9940582,0.9940703,0.99453497,0.9962858,0.9964776,0.99468035,0.99466944,0.9961077,0.9967347,0.9961262,0.9967753,0.9968861,0.9959984,0.9965664,0.9964563,0.99736685,0.9966791,0.9965573,0.99502784,0.99636996,0.99606586,0.99702865,0.99631804,0.99619895,0.99661046,0.99646145,0.9967961,0.99672633,0.9960263,0.99655074,0.99629813,0.9961811,0.9969733,0.99620575,0.99650943,0.9966949,0.9958791,0.9964738,0.992253,0.9954685,0.9950331,0.99605757,0.996637,0.99681324,0.99689394,0.9963945,0.9962549,0.9965204,0.9967039,0.99668235,0.9966539,0.9965283,0.994991,0.9967275,0.9969713,0.9955863,0.996817,0.9968888,0.99678844,0.995451,0.9953145,0.9961442,0.99642766,0.99664646,0.9956983,0.99451053,0.9960813,0.9947319,0.9966341,0.9960133,0.99609554,0.99620765,0.9905757,0.9964093,0.9966354,0.99629086,0.99570316,0.99643403,0.99533683,0.99597996,0.9966219,0.99708647,0.996613,0.9967003,0.9967025,0.9962484,0.9966709,0.9961581,0.99665064,0.9962254,0.9965556,0.9944579,0.99578416,0.99654037,0.99664795,0.9967398,0.9960767,0.9968881,0.99683714,0.99682343,0.997041,0.9967622,0.9966457,0.9966478,0.99667215,0.9960725,0.99659085,0.9965709,0.99665594,0.9961008,0.9966864,0.99662715,0.9968753,0.99691045,0.9946295,0.9968754,0.99577016,0.99633044,0.99627346,0.9970055,0.9963746,0.99606425,0.99607337,0.99651134,0.99173987,0.9963492,0.99660593,0.9967202,0.9960816,0.9963272,0.996996,0.99562013,0.996819,0.9964146,0.9966778,0.9941314,0.9999996,0.9965317,0.9961433,0.99712527,0.99717927,0.99649954,0.9952613,0.9968407,0.99585575,0.9964913,0.9958876,0.9963645,0.9962353,0.9965096,0.9971579,0.9967026,0.9974675,0.9955422,0.99652916,0.9924933,0.99552596,0.99721736,0.9971652,0.99552375,0.99718606,0.9962052,0.99605846,0.9959476,0.99662507,0.9953003,0.99709934,0.99683386,0.9959156,0.9962722,0.9944996,0.9963055,0.9962727,0.99600875,0.9964659,0.9962056,0.9940314,0.996662,0.9964711,0.996404,0.99671537,0.9967644,0.9963523,0.99616945,0.99673337,0.9963274,0.996408,0.9967555,0.9965381,0.9969625,0.99682176,0.9964598,0.9941273,0.9915753,0.9949165
ipip146,0.9973378,0.9964511,0.9969379,0.996281,0.9973171,0.99622583,0.9977964,0.9972165,0.9981126,0.9963621,0.99648637,0.99722165,0.99707437,0.9964974,0.99620736,0.9972746,0.9976326,0.99649113,0.99754506,0.9975163,0.99776995,0.9971829,0.9975909,0.99788886,0.9966488,0.9973633,0.9969396,0.9981082,0.9970234,0.9972605,0.9972729,0.9978081,0.9967446,0.99744487,0.99757487,0.9973725,0.9977723,0.9977002,0.9977908,0.9975347,0.99659956,0.9974933,0.996766,0.99609923,0.99604267,0.99735796,0.99697596,0.996319,0.9973401,0.9965193,0.9970434,0.9924235,0.997505,0.99735945,0.9957478,0.9972445,0.99546707,0.9966167,0.996239,0.9976918,0.997514,0.9970905,0.9978233,0.99700123,0.9970985,0.9969388,0.9978173,0.99781877,0.9973954,0.99663025,0.99749297,0.997682,0.9946801,0.99690247,0.99651766,0.99175364,0.9963882,0.9973675,0.9975191,0.99786437,0.9970555,0.9974749,0.99628794,0.9972381,0.997401,0.9975977,0.9973745,0.99680316,0.995953,0.9973103,0.996773,0.9974752,0.9971966,0.9950932,0.9947936,0.99523515,0.99734294,0.99701726,0.995231,0.9948486,0.99750185,0.99764216,0.99720776,0.9975024,0.9975005,0.9959173,0.9976954,0.9964815,0.99808216,0.9974851,0.9978331,0.99527335,0.9966683,0.9969663,0.9978844,0.9970807,0.9974732,0.9977024,0.99752736,0.9972199,0.9977611,0.9973581,0.9981028,0.9976811,0.9974178,0.9970276,0.9983412,0.9980157,0.99689066,0.99697304,0.99777806,0.9931022,0.99636245,0.9958118,0.9973797,0.9977154,0.9972486,0.99795765,0.9979466,0.99746597,0.997477,0.9975875,0.99666727,0.9974796,0.9973883,0.9955409,0.99737144,0.9973606,0.9959124,0.99771994,0.9980885,0.9975947,0.99587595,0.99535614,0.99754083,0.99721265,0.9973231,0.9967096,0.9949218,0.99744093,0.9959022,0.9980415,0.99731296,0.99617016,0.9974754,0.9906463,0.9979629,0.997259,0.9977437,0.99698275,0.99769694,0.99612385,0.9973475,0.99753445,0.9978432,0.9977303,0.9980959,0.9977063,0.9975505,0.99913985,0.9977169,0.99747795,0.99735093,0.99760014,0.9948174,0.9971592,0.99888337,0.998871,0.9990675,0.9973917,0.99841857,0.99841267,0.9982701,0.9979282,0.99759364,0.99777824,0.9986457,0.99801636,0.99741226,0.9972098,0.99846214,0.9982191,0.9970481,0.99832684,0.99791247,0.99726576,0.9985216,0.9945088,0.9974135,0.9965144,0.9974921,0.99733514,0.9979198,0.99751025,0.9971184,0.9960571,0.998002,0.9913852,0.99720484,0.997891,0.99783057,0.9970946,0.9977634,0.9975172,0.995716,0.9975693,0.998426,0.9994401,0.9945116,0.9965317,1.0000004,0.9976097,0.9978064,0.99768806,0.9979293,0.9969586,0.99764115,0.9971405,0.9976563,0.99724007,0.9975476,0.99743706,0.9977661,0.9967711,0.9979991,0.9980988,0.9963353,0.9977306,0.9933952,0.9969667,0.9978124,0.9977905,0.99619627,0.9978402,0.9969739,0.9987172,0.9982713,0.99766654,0.99642813,0.99786985,0.9986133,0.99723864,0.99815875,0.99694186,0.9975295,0.9975129,0.9970705,0.9970963,0.9970704,0.9941544,0.9979685,0.99666446,0.99720997,0.9979593,0.9975601,0.9973743,0.997322,0.9974547,0.9968953,0.9974462,0.99706733,0.9979297,0.99775684,0.99696326,0.9978432,0.99391526,0.99254894,0.99566865
ipip176,0.9976559,0.9961453,0.99704534,0.9959244,0.9973729,0.996424,0.9977378,0.9966882,0.9975999,0.99585533,0.9963695,0.99762815,0.99653625,0.99607486,0.9956588,0.9971495,0.99803,0.99629515,0.9973097,0.99727947,0.99761754,0.9971533,0.9973132,0.99743706,0.99630904,0.9972172,0.9961023,0.997686,0.99690825,0.9971525,0.99752086,0.99744606,0.9965693,0.9972865,0.9976408,0.99717,0.99755776,0.9976045,0.9973911,0.9973205,0.99632794,0.9971921,0.99661076,0.99610704,0.99554807,0.99734926,0.99652565,0.9959412,0.9971675,0.9964681,0.9968433,0.99142826,0.99766827,0.996303,0.99498653,0.9964665,0.99552906,0.9956142,0.99617517,0.99746656,0.9976284,0.99712294,0.99806225,0.99710274,0.9968549,0.9965471,0.9976716,0.9973904,0.9971774,0.9959347,0.99772197,0.9972875,0.9945656,0.99690926,0.9964695,0.990669,0.9958322,0.99722284,0.99700934,0.99759823,0.99691415,0.99778295,0.99599767,0.9976241,0.99721086,0.99774104,0.9973006,0.995921,0.99565345,0.9972617,0.99689126,0.9977015,0.9973006,0.9949377,0.99433964,0.99489033,0.9976808,0.9965575,0.9948548,0.994283,0.9969229,0.9979883,0.99716955,0.99717593,0.99747884,0.9947073,0.9973435,0.9960186,0.9974083,0.99759185,0.9980046,0.995406,0.99706286,0.9968759,0.9977468,0.9965772,0.997516,0.99759316,0.99768853,0.9968124,0.997722,0.99741447,0.9979436,0.99798405,0.99757016,0.99658614,0.99724245,0.99766773,0.9963528,0.9969293,0.9976267,0.9919924,0.99601644,0.9951999,0.9972505,0.9977588,0.99721855,0.9974214,0.9979977,0.9978855,0.9978942,0.99743277,0.9965541,0.99737525,0.997542,0.9954863,0.99760216,0.99728787,0.9952758,0.9976693,0.99787503,0.99732035,0.99522674,0.9951239,0.9977535,0.9971504,0.9970585,0.99672025,0.9952325,0.99766856,0.9955014,0.9980405,0.9974254,0.9962004,0.9977977,0.9904916,0.9976884,0.99662673,0.99749273,0.99690694,0.9977752,0.9960227,0.9974011,0.9973548,0.9977599,0.997787,0.99752766,0.9974255,0.99683505,0.9979501,0.99612516,0.99708706,0.997518,0.99745274,0.9942042,0.9973667,0.99804395,0.9980854,0.9980445,0.9964567,0.9979906,0.9981235,0.99800444,0.99804336,0.99846286,0.99799776,0.99782187,0.9977927,0.9964756,0.9964649,0.9974058,0.99793047,0.9960426,0.9979514,0.99775946,0.9970521,0.99814343,0.9934115,0.99652153,0.9959107,0.9970435,0.9967845,0.9980301,0.9977606,0.99655235,0.9962692,0.99707687,0.9896205,0.9968728,0.9972955,0.9974565,0.9967304,0.9977766,0.9969897,0.995423,0.99766254,0.9982418,0.9978386,0.9926923,0.9961433,0.9976097,0.9999991,0.9979238,0.997718,0.9982446,0.99825394,0.9971926,0.9966463,0.9972214,0.99622124,0.99708885,0.9968066,0.99762917,0.9961904,0.9972759,0.99740475,0.9959947,0.99766254,0.9926422,0.9964819,0.9974607,0.99745005,0.99517214,0.9974593,0.9962501,0.99725986,0.9971529,0.99737483,0.99577785,0.99748737,0.99800307,0.99645257,0.9970296,0.99525994,0.99601495,0.9975215,0.9965211,0.9965855,0.99657166,0.99391687,0.99789846,0.9958431,0.9970668,0.99761283,0.9972931,0.9969336,0.996713,0.9972579,0.99649054,0.9969753,0.9965913,0.99772596,0.9967783,0.99656385,0.9974484,0.99351084,0.9912067,0.9957394
ipip206,0.9979979,0.99657184,0.99745613,0.9963758,0.997738,0.99677724,0.9980787,0.99689996,0.9978772,0.9962384,0.9966845,0.9979277,0.9965945,0.99655086,0.9967609,0.9973363,0.99777883,0.9963058,0.9977459,0.99751675,0.99779224,0.9975247,0.99794585,0.99785894,0.99718755,0.9973256,0.996005,0.9979018,0.99689615,0.99741,0.9979091,0.9981703,0.99697435,0.9979218,0.9979841,0.9978809,0.9976397,0.997991,0.9976033,0.9976489,0.9960726,0.997648,0.997086,0.9961456,0.99592286,0.99780226,0.99708414,0.9971739,0.99743557,0.99654496,0.9970839,0.99112296,0.9977623,0.9963271,0.9957189,0.9966135,0.99578774,0.9958216,0.99651843,0.99827814,0.99831814,0.99776477,0.99871516,0.9975355,0.99777395,0.99774146,0.99807054,0.9983055,0.9979435,0.99672806,0.9981178,0.99768424,0.9949304,0.99704176,0.9967369,0.9907131,0.9959749,0.9974661,0.99728054,0.9978034,0.99750125,0.99798757,0.9963045,0.99797094,0.9974227,0.99816644,0.9976135,0.99656147,0.9962048,0.9977215,0.9970412,0.9981547,0.9976447,0.9949507,0.99495375,0.995169,0.99811137,0.9966517,0.9954489,0.9946531,0.9972106,0.99818903,0.99756974,0.99764735,0.99810255,0.9951006,0.99771434,0.99654514,0.9981241,0.9979403,0.998329,0.9957064,0.99706846,0.9969682,0.99810636,0.99699765,0.9976559,0.998299,0.9979105,0.9971694,0.99809605,0.99728936,0.99818295,0.9981385,0.99758786,0.9970869,0.997161,0.9978615,0.9969016,0.9967876,0.99825025,0.9925574,0.99639344,0.9957333,0.9976398,0.997909,0.99742794,0.99784374,0.99824965,0.9979972,0.9983111,0.9979112,0.9975154,0.99773437,0.9980353,0.9953717,0.99785817,0.99788475,0.99536747,0.99771816,0.9982336,0.99763083,0.9959975,0.9966981,0.9979591,0.997422,0.99747825,0.99690336,0.9953418,0.99790907,0.9955763,0.99826187,0.9975309,0.99694717,0.99813735,0.99033266,0.99788934,0.9975314,0.9976491,0.99663895,0.9982098,0.9961646,0.99754965,0.99771565,0.9979676,0.9979519,0.99803567,0.99763983,0.9971294,0.9977822,0.99660486,0.9972695,0.99716496,0.99736995,0.99460524,0.9975038,0.9979765,0.99802774,0.99809426,0.9964531,0.99796915,0.99802905,0.9979761,0.9980108,0.9981138,0.99823403,0.99791217,0.9981712,0.9963937,0.9969259,0.99767095,0.9981663,0.99613106,0.99794585,0.9980646,0.99743026,0.9983023,0.9939168,0.9970627,0.9957279,0.99747604,0.997045,0.9981262,0.9980521,0.9969335,0.9965778,0.9975218,0.9905424,0.9973683,0.9976858,0.9980893,0.99687904,0.99766237,0.9976828,0.99586093,0.997951,0.9981072,0.9980568,0.9934369,0.99712527,0.9978064,0.9979238,1.0000008,0.9985975,0.99833274,0.9966879,0.9978081,0.997211,0.9976663,0.99654293,0.9975161,0.99710476,0.9978449,0.9968723,0.9973414,0.9982932,0.99642396,0.9982369,0.99303424,0.99684656,0.9980623,0.9980904,0.995633,0.99807787,0.9967897,0.99744034,0.99728215,0.99793506,0.99618,0.99806297,0.99807924,0.9961162,0.99711394,0.9951098,0.9963192,0.9978241,0.9970831,0.9975418,0.99731195,0.9943947,0.9983417,0.996491,0.99740785,0.99815345,0.9977505,0.99852145,0.99774253,0.9981519,0.9984206,0.9978553,0.99752116,0.9982651,0.9979499,0.9974644,0.9981636,0.99392384,0.9916652,0.99586606
ipip236,0.99809855,0.99693096,0.99766123,0.99661106,0.9980027,0.99719614,0.9981053,0.9969844,0.9980675,0.9964851,0.9968498,0.99812126,0.9969709,0.99667454,0.9980902,0.99762934,0.9977419,0.99667567,0.99793565,0.9974756,0.9979055,0.99759775,0.998176,0.9980645,0.9974942,0.9974155,0.9962362,0.9979003,0.9970832,0.9974428,0.997859,0.9979784,0.9971997,0.99791896,0.99796236,0.99787474,0.9977692,0.9980349,0.9978257,0.99781054,0.9961794,0.9978119,0.99712783,0.99650514,0.9963619,0.99805343,0.9972818,0.9978618,0.9975845,0.9966893,0.997476,0.9916954,0.99775136,0.9964341,0.9958231,0.99671596,0.996186,0.99627507,0.99680793,0.99813044,0.9980333,0.9978852,0.998299,0.99799013,0.99776715,0.99882185,0.99797547,0.99838567,0.998105,0.9969614,0.9981787,0.9979811,0.9951786,0.9969887,0.99682224,0.9910778,0.9960958,0.99758327,0.99721724,0.9978474,0.9978618,0.99810696,0.99639124,0.9981268,0.9976867,0.9981268,0.99757344,0.99662715,0.9966536,0.9978179,0.997164,0.9981976,0.997554,0.994768,0.9950932,0.9950519,0.9980356,0.99686617,0.99594975,0.99488914,0.99726397,0.99832946,0.9974731,0.9978667,0.9981146,0.9953472,0.9978069,0.99688166,0.9979182,0.9978103,0.9983195,0.9957926,0.9972755,0.99691355,0.9979987,0.9971494,0.9976379,0.99815875,0.99793994,0.9971349,0.9981153,0.997277,0.9981748,0.998069,0.9977646,0.9972561,0.99722344,0.99792826,0.99716264,0.99684346,0.9980589,0.9926469,0.99648786,0.99588716,0.99763197,0.99801576,0.99775636,0.9977966,0.9982079,0.99801815,0.9982982,0.99806005,0.9974243,0.9978784,0.9979614,0.9956331,0.99802494,0.9980614,0.995701,0.9978512,0.9982301,0.9977444,0.99621624,0.9959097,0.9979672,0.9976425,0.9976164,0.99695426,0.99542683,0.99790543,0.99555796,0.99830467,0.99748814,0.99704367,0.9980155,0.99076873,0.9978087,0.9976341,0.9976585,0.99683195,0.9983114,0.9963536,0.99765843,0.99782395,0.99793434,0.9980872,0.99816054,0.997902,0.997271,0.99784863,0.9965802,0.9971812,0.9973419,0.99714005,0.99478096,0.99715775,0.99799335,0.9980664,0.99812764,0.99656796,0.99808365,0.9981235,0.9980757,0.99801826,0.9983364,0.99830556,0.998041,0.99831676,0.9965164,0.99720967,0.997685,0.99825764,0.9963824,0.99806815,0.99824005,0.99769056,0.9982614,0.99439496,0.9971576,0.9960885,0.99761313,0.9970729,0.9981109,0.9978163,0.99657875,0.9967529,0.9976659,0.9912358,0.9974433,0.9978934,0.9983264,0.99711615,0.9976222,0.9978732,0.9960379,0.9981766,0.9981091,0.99782586,0.9936342,0.99717927,0.99768806,0.997718,0.9985975,1.0000011,0.9982008,0.99642104,0.9977849,0.99700123,0.9978571,0.99669856,0.9976505,0.9971867,0.997919,0.99708635,0.99733645,0.9981892,0.99689573,0.99828786,0.99305356,0.996933,0.9982347,0.9982617,0.99588555,0.9981974,0.9969063,0.9973696,0.99735826,0.9979712,0.9961542,0.99836063,0.9981188,0.9961691,0.997294,0.9950337,0.99659,0.9975892,0.99717546,0.997544,0.99726135,0.99486923,0.9983272,0.99681026,0.9974036,0.99812764,0.9979145,0.9975881,0.99735105,0.99810356,0.99734485,0.9977198,0.99746776,0.9980941,0.99751616,0.9975249,0.9976754,0.9944307,0.9922727,0.9961045
ipip266,0.9982741,0.99642956,0.99750805,0.9961081,0.99785274,0.99668497,0.99840826,0.99709105,0.9980236,0.9960644,0.99671286,0.9980409,0.99687827,0.9965111,0.99618393,0.99788064,0.9979332,0.9962893,0.99813795,0.99805635,0.99795085,0.99776113,0.99782175,0.99778336,0.9968442,0.99782085,0.99579215,0.99788547,0.99738616,0.99741846,0.99794996,0.99785113,0.99702036,0.9979116,0.9984774,0.997671,0.99803716,0.9984376,0.9981591,0.997811,0.9960495,0.99758416,0.996732,0.99650246,0.99555933,0.99787617,0.99667877,0.9964421,0.9977398,0.9965575,0.99736017,0.9910835,0.998023,0.99664485,0.9948553,0.9966882,0.99571437,0.99579144,0.99646866,0.99789524,0.99858004,0.99771005,0.9986906,0.9973716,0.99759686,0.99699324,0.9983773,0.99800694,0.9978483,0.99646,0.9982719,0.99773604,0.99446255,0.99700356,0.99656624,0.99070925,0.9960658,0.9977736,0.9969213,0.99770933,0.997338,0.9983083,0.99648535,0.9982006,0.997594,0.9986082,0.9981356,0.99649304,0.996035,0.99795705,0.9975094,0.99839133,0.99803907,0.9954059,0.99458504,0.9952013,0.9983205,0.9966763,0.9952785,0.9944377,0.997611,0.9983545,0.99806446,0.99773455,0.99815845,0.9948302,0.9980364,0.99656457,0.99817544,0.99852353,0.9987765,0.99557173,0.9972835,0.9973487,0.99846345,0.9969062,0.99830544,0.99825734,0.9982701,0.99731493,0.99839735,0.9977259,0.9979863,0.9981169,0.99810296,0.99686307,0.9971541,0.9980434,0.99638927,0.99702567,0.9981522,0.99179465,0.99595785,0.9953787,0.9978911,0.99780667,0.99725956,0.9976901,0.9986185,0.99839705,0.99860346,0.99797106,0.9969316,0.9979504,0.99797636,0.99568206,0.998053,0.99783045,0.99504596,0.99810046,0.99830025,0.99760425,0.9955445,0.99501276,0.99854535,0.99728507,0.99718887,0.99695677,0.99552727,0.9983967,0.99514365,0.99857473,0.99767727,0.9967378,0.9985318,0.99042654,0.9980052,0.99714994,0.9978909,0.9971607,0.9984346,0.9962108,0.9981353,0.9977937,0.9980218,0.9983674,0.99810314,0.9978452,0.99698526,0.99799085,0.9964985,0.9970449,0.9970936,0.99718934,0.9942884,0.99774563,0.99831194,0.9984054,0.9984689,0.99634945,0.9983555,0.9984349,0.9983777,0.9981295,0.99833685,0.99863154,0.9982389,0.9984898,0.9965986,0.9966743,0.99793494,0.99851334,0.996083,0.9983797,0.9978785,0.9973116,0.99864125,0.9934172,0.9968297,0.99576473,0.99722075,0.9975,0.9982223,0.9976757,0.9963319,0.9962838,0.9977055,0.98971224,0.9975879,0.9980641,0.9980405,0.9974506,0.9983374,0.99727964,0.9957587,0.99840003,0.9985542,0.9982926,0.99245834,0.99649954,0.9979293,0.9982446,0.99833274,0.9982008,0.9999995,0.9965686,0.9976895,0.9971364,0.99770427,0.99630904,0.9977328,0.99711215,0.9983293,0.99640733,0.99756926,0.9979822,0.99612105,0.9982719,0.992736,0.99659204,0.99787134,0.99791074,0.99524134,0.9979609,0.9964315,0.99764884,0.99742544,0.99779534,0.9960108,0.9979789,0.9983893,0.9958998,0.99729884,0.9951821,0.996051,0.9977893,0.9968507,0.99691343,0.99716055,0.9937857,0.9986442,0.9960977,0.9972173,0.99825966,0.9976713,0.9973597,0.9971026,0.99785656,0.9965971,0.9973743,0.99677706,0.99828166,0.9972335,0.9968126,0.9979238,0.9934854,0.9912852,0.9960095
ipip296,0.9954347,0.9957659,0.9954664,0.9956332,0.9959454,0.99560475,0.99574506,0.99604815,0.9967687,0.9957216,0.9957109,0.99590814,0.99620265,0.9955758,0.99533534,0.9957355,0.99635476,0.99599373,0.99593425,0.9959805,0.9964617,0.9957893,0.9962711,0.9965503,0.9955921,0.9957617,0.9964723,0.99670815,0.9958364,0.99614817,0.9962879,0.99678534,0.99523544,0.99600613,0.99564385,0.99599373,0.99603677,0.9956982,0.99585503,0.99588877,0.995957,0.9960685,0.9961444,0.9949476,0.99581915,0.995938,0.99626666,0.995267,0.9961413,0.9956706,0.9958685,0.9931863,0.99639016,0.9959795,0.9954554,0.99653554,0.99448895,0.9957677,0.995805,0.9965301,0.99585664,0.99613476,0.9965821,0.99616545,0.9958105,0.9959419,0.9961597,0.99595433,0.99585485,0.9955492,0.99561286,0.99642104,0.9945221,0.99597734,0.9959969,0.9917142,0.9955404,0.9957826,0.9970606,0.99696004,0.99591887,0.9957531,0.9950482,0.9955994,0.99588096,0.99559397,0.99544007,0.9955026,0.99515796,0.9957596,0.9956532,0.9956434,0.9958413,0.9945947,0.99432325,0.9948663,0.9954583,0.9966278,0.9943088,0.99466556,0.9961784,0.9964314,0.9959862,0.99609417,0.9960998,0.9950983,0.9957325,0.99539083,0.99653476,0.9954296,0.99598944,0.99422026,0.9959899,0.9960355,0.99607736,0.9961361,0.9958837,0.9961499,0.99583906,0.9961618,0.9963418,0.99659395,0.9970253,0.9968319,0.995969,0.9961568,0.9971229,0.99653536,0.99620026,0.9959043,0.9962352,0.9931777,0.9959316,0.99544305,0.99562055,0.99669206,0.99633056,0.9968761,0.9960738,0.9960462,0.9956692,0.9963426,0.99604017,0.9963542,0.99613476,0.9951936,0.99583066,0.9959429,0.9954727,0.9962236,0.9966015,0.996499,0.9953818,0.9952595,0.99556565,0.996471,0.99643415,0.99630797,0.99464744,0.9953966,0.99602145,0.9967288,0.99630976,0.9957696,0.99579096,0.9912455,0.99645,0.9959437,0.99639463,0.9961852,0.9958129,0.995543,0.9952904,0.9962786,0.9967608,0.996323,0.99611,0.9962771,0.9964984,0.9972534,0.99602383,0.9969734,0.99762136,0.9974588,0.9946679,0.99694633,0.99677825,0.9967713,0.9967768,0.99694353,0.99646086,0.9967409,0.9965956,0.9970428,0.99657637,0.9960007,0.9966335,0.99586886,0.99652535,0.9962939,0.9966891,0.99611026,0.99612314,0.99655414,0.99679595,0.9964452,0.99696845,0.99440277,0.9964913,0.99622446,0.9963433,0.99540234,0.9969684,0.99780923,0.99738675,0.9961377,0.99614066,0.991324,0.99578047,0.99602735,0.996071,0.9955859,0.99664986,0.99670583,0.9949053,0.99584365,0.9964857,0.9972304,0.99427843,0.9952613,0.9969586,0.99825394,0.9966879,0.99642104,0.9965686,1.000002,0.99618524,0.99605095,0.9961238,0.99617136,0.9959841,0.9963486,0.9960497,0.9957619,0.9966672,0.9965026,0.99539495,0.99579555,0.9934556,0.9960331,0.99625313,0.99618524,0.9954905,0.99635106,0.9961172,0.9965551,0.9962417,0.9964914,0.9957971,0.99646705,0.99669677,0.9970468,0.9966772,0.9959189,0.9962292,0.9963598,0.99611163,0.9960792,0.99607164,0.99416053,0.9959435,0.9957516,0.9964824,0.9962075,0.9967238,0.9965339,0.99633735,0.9960425,0.9958825,0.9960327,0.99623346,0.9963989,0.9963914,0.996173,0.99662834,0.9937412,0.9922694,0.9952576
ipip3,0.99756867,0.99682206,0.99703425,0.9963896,0.99779373,0.9965027,0.997751,0.9970658,0.9978316,0.9963456,0.9966154,0.99745154,0.99662614,0.99644357,0.9961292,0.9970453,0.9974157,0.9966079,0.9974836,0.99725676,0.99758327,0.9973263,0.9978002,0.9978149,0.9979326,0.99720746,0.99608296,0.99760336,0.99696606,0.99710697,0.9974763,0.9973221,0.9965436,0.99871385,0.9975877,0.99770874,0.99745166,0.9977145,0.9973233,0.9979857,0.9959248,0.99728376,0.99719286,0.99617726,0.99610734,0.99780774,0.9979882,0.99673223,0.9975816,0.99662334,0.9970342,0.9914475,0.99739885,0.99641865,0.9953792,0.99666584,0.9960816,0.99589896,0.99622524,0.9975638,0.9974447,0.9973764,0.99767333,0.99759865,0.9977074,0.9969886,0.9977245,0.9978237,0.9981211,0.9964394,0.99777555,0.9977005,0.99486995,0.996875,0.9966821,0.9907912,0.9963376,0.99756026,0.9969602,0.9974614,0.9970582,0.9978351,0.99606884,0.9977584,0.9977025,0.9976819,0.9973941,0.9962213,0.9958376,0.9975753,0.9967997,0.9978257,0.99737304,0.99472106,0.9944096,0.99525714,0.9977757,0.996743,0.99496305,0.99481595,0.996743,0.99797666,0.997064,0.99746686,0.99784726,0.9948563,0.9975421,0.9966326,0.9979265,0.9974066,0.9978119,0.9955597,0.9969517,0.99671936,0.9978774,0.99725425,0.99735683,0.99792445,0.99765843,0.9971873,0.9978468,0.99704367,0.99761933,0.9975108,0.997408,0.9968402,0.99700314,0.99748033,0.99679244,0.99664617,0.9980064,0.9928537,0.99637806,0.9955114,0.99751604,0.9976125,0.99743503,0.9975105,0.9977911,0.9978201,0.9978262,0.99763703,0.99674284,0.99768704,0.99740934,0.99513304,0.99771833,0.9981535,0.9954206,0.9977424,0.9981345,0.99770176,0.99628276,0.995148,0.99761456,0.99729794,0.99750894,0.9972231,0.9949415,0.9975342,0.9957275,0.99810386,0.99741644,0.99665046,0.99772274,0.99053,0.9977328,0.9983133,0.99777347,0.9965621,0.99799365,0.9962348,0.9974387,0.9978889,0.99782974,0.9976998,0.99772185,0.9976175,0.9970926,0.99756885,0.9965569,0.99675834,0.9971468,0.9968873,0.99421996,0.99678534,0.997856,0.99788254,0.99788445,0.99678475,0.9979588,0.9978344,0.99777865,0.9977717,0.99790555,0.9978244,0.99790335,0.99790275,0.99655575,0.9977347,0.9982,0.99795705,0.9966315,0.99782974,0.9975823,0.997543,0.99816656,0.9939687,0.9966344,0.99601614,0.9969556,0.9968796,0.99784386,0.9973081,0.99615955,0.9960327,0.9974469,0.9905972,0.99698514,0.99762094,0.9980214,0.9967769,0.9972752,0.99749386,0.99546367,0.9977638,0.99786353,0.99769163,0.9926807,0.9968407,0.99764115,0.9971926,0.9978081,0.9977849,0.9976895,0.99618524,0.9999977,0.99776477,0.99824566,0.9968878,0.99810785,0.99718726,0.9981207,0.99795127,0.99743414,0.9987008,0.99668247,0.99806595,0.99309826,0.9970164,0.99792403,0.99790823,0.99565214,0.997766,0.99661446,0.99773663,0.99723333,0.99796176,0.9963596,0.9978792,0.9979057,0.99604917,0.9972898,0.9954156,0.9963109,0.99753267,0.9971011,0.99749666,0.99708676,0.9939753,0.9978221,0.9962489,0.9977658,0.99777377,0.9976943,0.9973399,0.9973483,0.998884,0.99665487,0.9976814,0.9973721,0.9978583,0.99783975,0.9972458,0.997408,0.994194,0.9918771,0.9956929
ipip33,0.99657685,0.99628294,0.9963773,0.9959708,0.9971273,0.996078,0.9968541,0.9968444,0.9972168,0.99607134,0.99632627,0.99691683,0.9967919,0.9961851,0.9960011,0.9966095,0.99680215,0.9962462,0.99699694,0.9968223,0.9970777,0.9965703,0.9976562,0.9969879,0.9965232,0.99656975,0.99604464,0.99710536,0.9962903,0.9967326,0.99650216,0.99707246,0.995986,0.99705094,0.9967204,0.9977776,0.99680346,0.9969768,0.9966385,0.99683905,0.99597824,0.99696463,0.9964724,0.9959725,0.9956213,0.99706864,0.9968527,0.9960453,0.9972322,0.9961656,0.9965792,0.9920501,0.9971821,0.99626255,0.99538267,0.9969527,0.9955892,0.99595165,0.9962834,0.9971711,0.9967526,0.99668014,0.99712455,0.99663436,0.99693733,0.99649686,0.9969343,0.99692154,0.9969125,0.99610513,0.99705744,0.9975633,0.99488735,0.9969919,0.99618745,0.99135745,0.99584866,0.99675924,0.9967604,0.99698406,0.9966957,0.9967502,0.9954975,0.9966764,0.99685466,0.99693674,0.9964731,0.99599326,0.99551255,0.9968783,0.99675566,0.99676913,0.99684656,0.99498,0.9942117,0.99503076,0.9968907,0.99641824,0.9946297,0.9948888,0.9964547,0.996925,0.996658,0.99684995,0.9971291,0.9951147,0.99690527,0.99625355,0.9972557,0.99657315,0.9971361,0.9948197,0.9966526,0.99672216,0.99714273,0.9975578,0.99686986,0.99743885,0.9969143,0.9972621,0.99708843,0.9967571,0.9971392,0.99704456,0.996955,0.99614674,0.99694806,0.99731195,0.9963717,0.99615484,0.99785507,0.9930471,0.9966609,0.9955,0.9973696,0.99738765,0.9969261,0.9974521,0.9972159,0.9970581,0.99681824,0.99720186,0.996496,0.99722487,0.99682486,0.995409,0.9968656,0.9968677,0.99563867,0.9969741,0.9971748,0.9970273,0.9959468,0.9947743,0.99668413,0.9974707,0.9975117,0.9975494,0.9949256,0.99645215,0.996384,0.9980319,0.99749386,0.99647164,0.9970834,0.9921286,0.9974352,0.99706125,0.9975508,0.9966283,0.9973702,0.99606186,0.9966386,0.99721646,0.99692744,0.99723786,0.99703044,0.9971142,0.99665827,0.9970435,0.99646354,0.9963908,0.99670225,0.99663174,0.9942263,0.99661636,0.9970454,0.9970063,0.99707025,0.9963312,0.99714243,0.99709827,0.9970793,0.9967666,0.9968568,0.99697506,0.9973899,0.9970329,0.99637824,0.99666685,0.99749374,0.99701864,0.99634564,0.99726915,0.9969388,0.9967428,0.99719125,0.9938818,0.99657756,0.9959665,0.9967789,0.9962318,0.9968072,0.9969906,0.99625856,0.9956455,0.99720234,0.9909422,0.9965321,0.9974682,0.99780047,0.99662614,0.99689513,0.99695796,0.99534106,0.9972022,0.9969716,0.9973372,0.99283504,0.99585575,0.9971405,0.9966463,0.997211,0.99700123,0.9971364,0.99605095,0.99776477,0.9999981,0.99827194,0.9976212,0.9979011,0.9970566,0.9975674,0.9964344,0.9973758,0.99752265,0.99655604,0.9975319,0.9934922,0.997635,0.99736196,0.99734986,0.9962049,0.9973898,0.9970969,0.9970419,0.9966499,0.99749696,0.99647117,0.99722654,0.99722946,0.9957661,0.99697804,0.9957412,0.9963742,0.99755,0.9976673,0.9970952,0.9973393,0.994531,0.9972434,0.9963498,0.99709105,0.9974992,0.9973647,0.99752986,0.99783254,0.99718845,0.9960331,0.99761903,0.9969809,0.99766916,0.99725723,0.99688834,0.99745667,0.99405104,0.9928606,0.99572235
ipip63,0.9976256,0.9964363,0.9971031,0.9962346,0.99774665,0.9964565,0.9978519,0.9968721,0.997834,0.9962266,0.996744,0.9975388,0.9969201,0.9963615,0.99611676,0.9973062,0.9974306,0.99661314,0.99764764,0.99730045,0.9977023,0.99705756,0.9986664,0.9977313,0.9969625,0.9974806,0.99608374,0.9976683,0.996974,0.9972804,0.9973578,0.9975919,0.99693424,0.9975744,0.9976584,0.9982993,0.9977453,0.9978915,0.99745387,0.9975945,0.9962854,0.99776536,0.9969393,0.99661845,0.9958065,0.9978101,0.9970346,0.99640435,0.9975736,0.9965455,0.99709773,0.99151254,0.99758285,0.9965182,0.9954711,0.99716455,0.9958191,0.9964546,0.99638534,0.9977348,0.9974969,0.99738896,0.9977202,0.99709547,0.9973421,0.9970074,0.9977313,0.9977939,0.9976386,0.99631274,0.99805874,0.9985207,0.99487984,0.9973791,0.99648637,0.9913961,0.9962045,0.9975013,0.9970102,0.99749935,0.99728245,0.99775213,0.996094,0.99768484,0.997551,0.99787056,0.99743813,0.99636513,0.9958456,0.99747056,0.9969737,0.99786717,0.99738824,0.99483454,0.9944894,0.9950085,0.99771714,0.99670345,0.995186,0.994913,0.996893,0.99786896,0.99725765,0.9975638,0.9976928,0.9951488,0.9979653,0.9965307,0.9977661,0.9975591,0.997993,0.99538666,0.99693877,0.9970319,0.9978798,0.9978122,0.99751407,0.9980608,0.99775463,0.9975326,0.9979076,0.9971333,0.9977831,0.9976548,0.99779385,0.99669576,0.99737936,0.99777716,0.9968781,0.9966892,0.99846137,0.99310875,0.9968956,0.9956688,0.9980453,0.9981911,0.99762213,0.997869,0.99805266,0.99786097,0.9977617,0.9979119,0.996956,0.99767816,0.9973153,0.99544424,0.9977023,0.9977191,0.9960126,0.9975585,0.99810004,0.997732,0.99650896,0.99500495,0.9974985,0.9982833,0.99833167,0.9978342,0.9948784,0.99745977,0.9961897,0.99864185,0.9974731,0.99671,0.99779797,0.99163026,0.9979834,0.99754745,0.99789643,0.9970528,0.9984516,0.9963211,0.9976516,0.9979882,0.9976725,0.99815595,0.9979991,0.9976271,0.99719185,0.99780643,0.9968904,0.9968269,0.9973235,0.99687356,0.9946355,0.99683535,0.997883,0.9978744,0.9979598,0.9967188,0.99796844,0.9980124,0.9980318,0.99763435,0.9977918,0.99811023,0.9981967,0.9981282,0.99685436,0.9969567,0.99783206,0.9979159,0.99640954,0.9980903,0.99760634,0.9974248,0.9980852,0.99382627,0.9968068,0.9961614,0.9972445,0.9969084,0.9976619,0.9972464,0.9961408,0.99601907,0.99797374,0.9908662,0.9972708,0.9980635,0.9989381,0.9973142,0.9973978,0.99723005,0.9958111,0.99808437,0.99801046,0.9977167,0.9926751,0.9964913,0.9976563,0.9972214,0.9976663,0.9978571,0.99770427,0.9961238,0.99824566,0.99827194,0.99999785,0.9983652,0.99841654,0.99779177,0.999162,0.99695873,0.99804354,0.9980652,0.9968141,0.99847513,0.9934228,0.9978003,0.99815995,0.9981672,0.9963027,0.9980718,0.99723595,0.9974561,0.99724156,0.99809474,0.99673903,0.99802446,0.9981047,0.99585027,0.9973264,0.995261,0.9966242,0.99778646,0.99810255,0.9976704,0.99787396,0.9945044,0.99808824,0.99660754,0.9975094,0.99806786,0.9976161,0.9980058,0.99818313,0.99772006,0.996333,0.9985293,0.99727136,0.9981942,0.9973902,0.99723524,0.99765944,0.99371135,0.99216896,0.99569607
ipip93,0.9956389,0.99611837,0.99568325,0.9958153,0.99638766,0.99574107,0.99595237,0.99634844,0.9968886,0.99594027,0.99604833,0.9964209,0.9968341,0.996125,0.99638456,0.9963694,0.99646336,0.9963421,0.99665374,0.9962665,0.996818,0.99593914,0.99772507,0.9967629,0.9961861,0.99635375,0.99627984,0.99691504,0.9962772,0.99660516,0.9960553,0.9967661,0.9956677,0.9962241,0.9957618,0.99736667,0.9962199,0.9960361,0.9965373,0.996323,0.9963783,0.9968013,0.99642414,0.9956875,0.99602675,0.9965739,0.9967514,0.99579316,0.99656034,0.99634355,0.99613404,0.99301803,0.99647045,0.996124,0.99584836,0.9970813,0.9950611,0.9969451,0.9964083,0.99682295,0.9960094,0.9963401,0.9964091,0.99620956,0.9964954,0.9968156,0.9962237,0.9964418,0.99639946,0.99593693,0.99624145,0.99793774,0.99503314,0.99652964,0.99626434,0.9929713,0.9960231,0.99646074,0.9968993,0.9969102,0.9967285,0.9961084,0.9954348,0.99584305,0.99668074,0.9960817,0.99587065,0.9963312,0.99557555,0.99610656,0.99638224,0.9959922,0.9961723,0.99504745,0.99461967,0.99509907,0.9956911,0.9965486,0.9949853,0.9954648,0.99654454,0.9964125,0.9963226,0.99685335,0.99666876,0.9962528,0.99675584,0.9964295,0.9969399,0.9956809,0.99625206,0.99457055,0.99652934,0.9966649,0.99628437,0.9978287,0.99616086,0.99650717,0.996183,0.9970167,0.9965627,0.9965854,0.99699557,0.99664,0.9962225,0.9964802,0.9972782,0.99692667,0.9967302,0.9960208,0.9970424,0.99405736,0.9972155,0.9961384,0.9964234,0.9978333,0.9973258,0.9972564,0.99639195,0.9963054,0.9959447,0.997114,0.99646074,0.99688774,0.9964135,0.9956586,0.9964381,0.9963891,0.9966266,0.99658024,0.9967337,0.99699295,0.9965511,0.9951282,0.99558336,0.9981054,0.998283,0.9974582,0.99487436,0.9954452,0.9970554,0.9976064,0.9962117,0.9962597,0.9960613,0.99187255,0.9967708,0.9968876,0.99667233,0.9964478,0.99655086,0.9961024,0.9957122,0.99680483,0.99661976,0.9966872,0.9966035,0.9965027,0.99649286,0.9973131,0.9978741,0.9967011,0.99700296,0.9967623,0.99486595,0.9965129,0.99675435,0.9967567,0.99689966,0.9968856,0.99685216,0.9968506,0.99681264,0.99652034,0.9962899,0.99624544,0.9971244,0.99639434,0.9968782,0.99671346,0.99679786,0.9961474,0.99658084,0.99683744,0.9968702,0.9966691,0.99673504,0.9945905,0.99691886,0.9964548,0.9967323,0.9959269,0.996464,0.99698925,0.9964519,0.9960094,0.9972349,0.99221313,0.9963128,0.9971842,0.9976552,0.996421,0.9963922,0.9969077,0.99550873,0.9964514,0.99626553,0.9972175,0.99424803,0.9958876,0.99724007,0.99622124,0.99654293,0.99669856,0.99630904,0.99617136,0.9968878,0.9976212,0.9983652,0.99999964,0.9975615,0.99785006,0.9971049,0.9964687,0.9985266,0.997023,0.9965378,0.9968275,0.9941445,0.99762005,0.997077,0.9970047,0.99673676,0.99703974,0.99699277,0.996578,0.99622613,0.9970206,0.99708337,0.99737114,0.9969505,0.9962757,0.9968864,0.9956476,0.9968295,0.99698716,0.99814713,0.9971008,0.99774283,0.99555093,0.99639237,0.99667025,0.99674594,0.99681646,0.9969521,0.9978156,0.9979705,0.9964545,0.9960571,0.998013,0.996785,0.99692357,0.99690986,0.9966517,0.9969615,0.9941108,0.9934116,0.99534
ipip123,0.99736327,0.99652094,0.9969029,0.9961654,0.99753004,0.9962674,0.9975118,0.99706596,0.9976279,0.9962539,0.9968091,0.9976484,0.9969532,0.99699575,0.9962018,0.9974389,0.9973786,0.9966771,0.99803215,0.99758583,0.9975395,0.9972834,0.9979052,0.9975432,0.9968656,0.9974362,0.9963016,0.9976003,0.9971296,0.9973795,0.9972736,0.99723184,0.99642056,0.9975601,0.9975866,0.9976678,0.99756545,0.9977803,0.9975424,0.9977219,0.9960733,0.99736327,0.9970098,0.9964909,0.99597067,0.99764425,0.99720573,0.99637115,0.99788594,0.99685216,0.9970937,0.9919421,0.99737215,0.99684685,0.9955575,0.9969133,0.99585754,0.99651235,0.99649656,0.99736875,0.99753886,0.9975211,0.9977176,0.9971541,0.9972786,0.9967512,0.99756545,0.9974993,0.9974931,0.99635506,0.997487,0.99791855,0.9946269,0.99675196,0.9966852,0.99112403,0.9963269,0.99754053,0.9968782,0.9973611,0.9973626,0.99766463,0.99630046,0.99752724,0.9978638,0.99779046,0.99745446,0.99660814,0.9961404,0.9974608,0.9971045,0.99762464,0.9973555,0.99547154,0.99486995,0.99530506,0.9975202,0.99655247,0.9952801,0.9951401,0.9968807,0.9975457,0.99719024,0.99747527,0.99815124,0.9951195,0.9979974,0.99634033,0.99755675,0.9974051,0.9978192,0.99554956,0.9973721,0.9970502,0.9977243,0.99769753,0.9973899,0.99797904,0.99767697,0.9971988,0.9975866,0.9970167,0.99755096,0.9976409,0.99750125,0.9964497,0.99710417,0.99771875,0.99678856,0.9965764,0.9978322,0.9930036,0.9967902,0.99642056,0.9973977,0.99792176,0.9972532,0.9973717,0.99775016,0.9975737,0.99766356,0.9977427,0.9969363,0.99769306,0.99746853,0.995482,0.9975878,0.9974232,0.9956026,0.9978698,0.9977114,0.99735206,0.99683684,0.9950284,0.9973697,0.9977687,0.99787843,0.99739337,0.9953866,0.99725366,0.99613667,0.99840516,0.99754673,0.99669576,0.99769247,0.99111193,0.9975903,0.9974781,0.9977751,0.99714065,0.99778837,0.99624056,0.9974154,0.9980925,0.997482,0.9978702,0.9976917,0.9975052,0.9969085,0.99760395,0.99733293,0.9966585,0.99711555,0.9967769,0.99433017,0.9968042,0.9976421,0.99767584,0.99769044,0.99660575,0.99796367,0.9976999,0.99766135,0.99733186,0.99766207,0.9977505,0.99780726,0.9978443,0.996624,0.99705607,0.9976256,0.9976925,0.9963546,0.99776256,0.9975315,0.9972285,0.9978121,0.9940409,0.9967469,0.9960252,0.99716365,0.99696505,0.9974951,0.9972675,0.99610054,0.99601805,0.9978947,0.99119,0.9974594,0.998174,0.9982637,0.99777967,0.9975996,0.9976312,0.9958464,0.99796534,0.99766403,0.9977049,0.9930205,0.9963645,0.9975476,0.99708885,0.9975161,0.9976505,0.9977328,0.9959841,0.99810785,0.9979011,0.99841654,0.9975615,1.0000004,0.99769413,0.9981439,0.9968529,0.9976058,0.9978562,0.9966827,0.9979555,0.99329114,0.9973095,0.99776965,0.9977372,0.99596,0.99771994,0.99698824,0.9977029,0.9971749,0.9978155,0.9968574,0.9979747,0.9977319,0.9959967,0.9972678,0.99545276,0.9963077,0.9975398,0.99742323,0.9974047,0.99744934,0.9945562,0.9976975,0.9962149,0.9974505,0.9977476,0.9976345,0.9974543,0.99755305,0.9977376,0.996467,0.9978815,0.9970879,0.99788946,0.99713326,0.99706453,0.99750626,0.9939038,0.99247456,0.9957518
ipip153,0.99656606,0.996553,0.99663943,0.9963672,0.99691457,0.9962999,0.9968339,0.99680865,0.9973652,0.9964227,0.9962921,0.9970178,0.9967916,0.9965906,0.99620056,0.996629,0.997119,0.99672765,0.9972684,0.99692607,0.9972295,0.99684465,0.9975365,0.997522,0.99676,0.99713004,0.99641997,0.99727756,0.996826,0.99736136,0.9964454,0.99699706,0.9958835,0.9968475,0.99674237,0.9969234,0.9969681,0.9969437,0.9969739,0.99696946,0.9960511,0.9973137,0.99690807,0.9958332,0.9962215,0.9972628,0.997122,0.99649954,0.997243,0.99656606,0.9966841,0.99295354,0.99701494,0.9965424,0.99587774,0.9969028,0.99530184,0.9972057,0.9966081,0.9970625,0.99706274,0.9970353,0.99737656,0.99684197,0.9970033,0.9970586,0.9970765,0.99728566,0.9971437,0.99669164,0.996623,0.9976788,0.99495196,0.99646467,0.9970024,0.992471,0.9963477,0.99713624,0.9968795,0.9970743,0.99714535,0.9969981,0.99622273,0.9967563,0.99730295,0.99685746,0.99662334,0.9963989,0.99609977,0.99691135,0.9965473,0.99701875,0.99700105,0.9953467,0.9951138,0.99566585,0.99655855,0.9966627,0.9952015,0.9961947,0.9969702,0.99705017,0.99709904,0.9972064,0.9974989,0.99583787,0.9976966,0.9964682,0.9974959,0.9967977,0.9970024,0.9955683,0.99687874,0.99713206,0.9970633,0.9974081,0.9968649,0.99724305,0.9971337,0.9971699,0.9970908,0.9967881,0.9973687,0.9972464,0.9968816,0.99639255,0.9973211,0.9974004,0.99679697,0.9965269,0.99719024,0.99428666,0.99680907,0.9965647,0.9965834,0.9975817,0.9970993,0.9972606,0.9969694,0.9969398,0.99676806,0.9975855,0.9968587,0.9974301,0.9972366,0.9959211,0.99706024,0.99712974,0.995984,0.99726844,0.99736094,0.997296,0.9969557,0.9955837,0.9966201,0.9975551,0.9978492,0.9969975,0.995475,0.9965129,0.9962258,0.997667,0.9967222,0.99637055,0.99670327,0.991019,0.9969739,0.99725574,0.99718595,0.9968711,0.99706554,0.9967357,0.99646777,0.9971931,0.99693364,0.9972833,0.9977101,0.99715936,0.9967662,0.99748474,0.99728096,0.99689656,0.99749863,0.99695706,0.9956064,0.9967024,0.9970857,0.9971376,0.99721664,0.9968496,0.9972199,0.9971786,0.9971124,0.99685764,0.99699044,0.9970613,0.99755806,0.9970382,0.9968782,0.9971125,0.99724054,0.9969239,0.9968972,0.9973232,0.99731016,0.99708647,0.99719155,0.9947071,0.99708766,0.9963471,0.99693924,0.99639976,0.9968956,0.9970237,0.9964988,0.99613756,0.99753374,0.9924071,0.9974801,0.99750674,0.99749416,0.99670863,0.9968306,0.99708563,0.9961358,0.9971706,0.9969151,0.9977808,0.9944445,0.9962353,0.99743706,0.9968066,0.99710476,0.9971867,0.99711215,0.9963486,0.99718726,0.9970566,0.99779177,0.99785006,0.99769413,1.0000006,0.9974503,0.99652517,0.9976261,0.99769884,0.9966246,0.9971318,0.99415416,0.9971481,0.99725133,0.9971682,0.99630696,0.99721634,0.9969344,0.9972269,0.9968675,0.99751323,0.99784,0.99799967,0.99726117,0.9962721,0.99734926,0.9957691,0.99667746,0.9970494,0.99746776,0.99733734,0.99747235,0.99528956,0.99699616,0.99645054,0.9970215,0.9970978,0.9973174,0.997481,0.99758387,0.99710035,0.9963886,0.9985488,0.997001,0.99757403,0.99733734,0.997014,0.99739915,0.99423265,0.9934275,0.9958145
ipip183,0.9982952,0.996176,0.9975298,0.9959743,0.9978322,0.9963298,0.99854577,0.9969222,0.9979708,0.995885,0.99674976,0.9978396,0.9966278,0.9962095,0.9956438,0.9976004,0.99772173,0.99632376,0.997869,0.9977948,0.9977746,0.9973585,0.9979224,0.9977373,0.9967595,0.9978006,0.995684,0.99783665,0.9971238,0.9975467,0.99768335,0.99764514,0.9972374,0.99780434,0.9984565,0.9976702,0.9983471,0.99856526,0.9978619,0.9977652,0.9961116,0.9979672,0.9968604,0.9973034,0.9952306,0.99794704,0.9965699,0.996265,0.9976154,0.99639726,0.9971161,0.9905273,0.9976712,0.9964832,0.9949976,0.99689764,0.99566936,0.9961829,0.9961431,0.9977764,0.99805766,0.9974269,0.9981309,0.9970978,0.99736845,0.9966661,0.99835324,0.99816865,0.99801695,0.99635446,0.99838835,0.9979886,0.9942762,0.99699897,0.99630105,0.9907511,0.9959929,0.99773955,0.99688405,0.9976463,0.99717695,0.99821514,0.9962573,0.99826247,0.9977215,0.99855113,0.99799216,0.99630594,0.99584615,0.99791557,0.9970246,0.99839735,0.9977233,0.9944379,0.99428195,0.99461514,0.9983184,0.99654865,0.9952081,0.99443144,0.9970849,0.9982416,0.99754256,0.9975601,0.9978561,0.99460983,0.9983664,0.996191,0.99795306,0.9983308,0.99867725,0.99562335,0.99687785,0.9971974,0.9984789,0.9970647,0.9980184,0.99844784,0.9984739,0.99755245,0.9982772,0.99717265,0.9978425,0.99789935,0.99815917,0.9967737,0.9973425,0.99805725,0.99666893,0.9969221,0.9982924,0.99212486,0.99595994,0.9951651,0.9980409,0.9979943,0.99730885,0.99788713,0.99865544,0.9984468,0.998392,0.9978906,0.99683505,0.9976658,0.9974859,0.99519944,0.99808925,0.9981856,0.99557084,0.99794644,0.9984079,0.9976859,0.99595,0.99456763,0.99828017,0.99757206,0.99749666,0.99713385,0.99487734,0.99832517,0.9950712,0.99856406,0.9978129,0.9963577,0.9983851,0.99088615,0.9982607,0.9971413,0.99803036,0.9969775,0.9985287,0.9959247,0.998337,0.9979979,0.9980885,0.9990633,0.99828756,0.9977655,0.99694926,0.9980025,0.99643224,0.9968911,0.99725467,0.99699116,0.9943605,0.99680966,0.9984224,0.99841785,0.9984695,0.9965913,0.99847525,0.9989193,0.99902666,0.998149,0.99823505,0.9991303,0.9986113,0.9986626,0.99681073,0.9966578,0.99814904,0.9984942,0.99603,0.9990125,0.9976759,0.9971974,0.9984933,0.9930409,0.99654865,0.9958102,0.9972516,0.9974344,0.9981524,0.9972121,0.99597996,0.995626,0.9980921,0.9900453,0.9975924,0.99827224,0.9983736,0.9979229,0.99782175,0.9969333,0.9960848,0.9988372,0.9986922,0.9978341,0.99173796,0.9965096,0.9977661,0.99762917,0.9978449,0.997919,0.9983293,0.9960497,0.9981207,0.9975674,0.999162,0.9971049,0.9981439,0.9974503,0.99999785,0.9969145,0.9985662,0.99815446,0.99608535,0.998536,0.9927897,0.9967476,0.99826807,0.9983082,0.9957472,0.99824727,0.9968924,0.9976891,0.99749213,0.99769825,0.9960553,0.9979802,0.9990268,0.9956627,0.9977105,0.99541986,0.99631494,0.9977659,0.9971218,0.9970187,0.9971093,0.99356955,0.9985855,0.9960981,0.99733937,0.9983145,0.9975093,0.99725676,0.9971998,0.9978237,0.9960351,0.99795294,0.9971022,0.9985994,0.99724793,0.99711293,0.99789894,0.99317807,0.9909792,0.99558973
ipip213,0.9961395,0.9968611,0.99615544,0.99625677,0.9968198,0.9961981,0.99644214,0.99628574,0.9971998,0.9963064,0.99664015,0.9965557,0.9965088,0.9964278,0.9965385,0.99630636,0.9966115,0.99621147,0.99670947,0.9964205,0.9967323,0.99628514,0.99701786,0.9971044,0.99750096,0.99642575,0.996494,0.9968763,0.9963346,0.9971994,0.9964359,0.9972088,0.99603826,0.9973297,0.9960627,0.9968292,0.9962492,0.99629843,0.99648726,0.99703914,0.99607146,0.9968334,0.9970198,0.9959138,0.99673665,0.9969092,0.997618,0.99643344,0.9966308,0.9961175,0.99635017,0.99294704,0.9965404,0.9960922,0.99678713,0.9968425,0.9955283,0.9967128,0.99619704,0.997651,0.99615836,0.99667865,0.9964516,0.9970184,0.99689555,0.99696124,0.9965672,0.9976778,0.9975637,0.99730706,0.9962675,0.9969356,0.9950034,0.99608517,0.9965325,0.9923001,0.9960063,0.99664354,0.99751973,0.99763215,0.9967971,0.99648696,0.99552506,0.99633664,0.99670994,0.9962547,0.99613076,0.9962463,0.99625844,0.9966573,0.9961588,0.99639505,0.9962344,0.9943396,0.99510455,0.9951355,0.9962799,0.9977327,0.99543935,0.995801,0.9962689,0.99682844,0.99615127,0.9968231,0.9970293,0.996168,0.9965381,0.9965417,0.9974594,0.9960198,0.9965472,0.9947286,0.99638784,0.9961658,0.9965609,0.9967347,0.99594223,0.9968876,0.9965282,0.99659556,0.9967299,0.9962685,0.9969809,0.99670637,0.99611485,0.99685323,0.996797,0.996867,0.99792844,0.9961224,0.9967411,0.9932503,0.9963304,0.9955839,0.9960799,0.99712354,0.99708235,0.9976663,0.9964723,0.99632174,0.9962974,0.9970038,0.9964688,0.99687403,0.9964938,0.99539983,0.99668473,0.9974808,0.9968618,0.9968715,0.9970313,0.997051,0.9965569,0.99526685,0.99592435,0.99685967,0.99710387,0.99651355,0.99453425,0.9959514,0.99577343,0.99696183,0.996161,0.99620765,0.9962366,0.9914652,0.9968797,0.9975224,0.99659616,0.9958302,0.9964478,0.9958345,0.9957525,0.996801,0.99758554,0.9969029,0.9966407,0.9968068,0.9967347,0.9967803,0.9961802,0.99740136,0.9967716,0.99736077,0.99532896,0.996135,0.9966695,0.99667835,0.99674004,0.9967851,0.9969674,0.99717724,0.9971093,0.997528,0.99666715,0.9967778,0.99687713,0.99678785,0.9963424,0.99781823,0.99699664,0.99656546,0.9968992,0.9971296,0.996943,0.997045,0.9970072,0.99540395,0.9971141,0.9963117,0.9969643,0.9958856,0.9974964,0.9968184,0.9971209,0.99604976,0.99691343,0.992975,0.9965673,0.9967059,0.99703956,0.99655384,0.99635774,0.9972486,0.9960878,0.99698794,0.9963009,0.9968152,0.99462557,0.9971579,0.9967711,0.9961904,0.9968723,0.99708635,0.99640733,0.9957619,0.99795127,0.9964344,0.99695873,0.9964687,0.9968529,0.99652517,0.9969145,0.99999946,0.99715644,0.99800783,0.99653083,0.99667627,0.9935396,0.99642056,0.99831504,0.99819666,0.9972051,0.9980648,0.99765515,0.9966243,0.9962861,0.9969358,0.9960047,0.9972971,0.9972525,0.9971097,0.99707747,0.9958989,0.99719304,0.9966601,0.99660957,0.9968313,0.9967033,0.9949143,0.99668807,0.99748,0.99693537,0.997015,0.99710596,0.99673617,0.99675506,0.9975824,0.9963971,0.9966921,0.99765337,0.99679947,0.99746007,0.99758875,0.9969147,0.995116,0.99314564,0.995453
ipip243,0.9970349,0.99634176,0.99676895,0.9960372,0.99711245,0.9961912,0.99736136,0.99692065,0.9976699,0.9960945,0.99673676,0.9972473,0.99682987,0.99637496,0.9963636,0.99717677,0.99724305,0.9964112,0.997322,0.9973408,0.9973809,0.9968297,0.99752975,0.997351,0.9965317,0.9971853,0.9964135,0.9975512,0.99694324,0.9975149,0.99707794,0.99745953,0.9966617,0.9971238,0.9971814,0.9972618,0.9974063,0.99726295,0.99746615,0.9970661,0.99665296,0.997556,0.99676025,0.9969919,0.9958824,0.9972699,0.9967676,0.99626565,0.99704206,0.99654263,0.99672997,0.99232155,0.99709,0.99664795,0.99595416,0.9971635,0.9954163,0.99693406,0.99643034,0.9975843,0.99715674,0.9970011,0.99737984,0.99690294,0.99701375,0.9969446,0.99753875,0.9975953,0.9974167,0.9967083,0.9971056,0.9975663,0.994636,0.9966255,0.99639165,0.9926109,0.9963466,0.9972403,0.9973883,0.9976819,0.99700963,0.9972444,0.9960478,0.997086,0.9972521,0.9973455,0.99707216,0.99665475,0.99594504,0.9971204,0.9968417,0.997141,0.9970241,0.99506176,0.9948218,0.9950939,0.99695385,0.99704105,0.99534273,0.99534553,0.9972049,0.99746674,0.9970261,0.9974045,0.9973331,0.9961501,0.9977073,0.9964434,0.997783,0.99710655,0.9976185,0.99534214,0.9968939,0.997229,0.99750936,0.99713737,0.99721646,0.9974459,0.99749976,0.997425,0.99757636,0.9971894,0.99763745,0.9974148,0.9971087,0.99724585,0.99776006,0.9977248,0.9971473,0.9968241,0.99750566,0.99332833,0.9964924,0.9959155,0.9970624,0.9978106,0.99728614,0.99786,0.99761343,0.9973891,0.99720305,0.9974586,0.9968103,0.9972897,0.9971083,0.99589986,0.9974291,0.9975122,0.9965261,0.99745387,0.997763,0.9975792,0.996333,0.9952559,0.9969996,0.9974842,0.9976069,0.9969321,0.9951162,0.9970278,0.9960704,0.99790555,0.9970617,0.99626577,0.99720883,0.99157363,0.9976229,0.99703074,0.99733615,0.9968414,0.99736834,0.99609953,0.99703115,0.9972558,0.9977613,0.99824065,0.9975112,0.997308,0.9969134,0.9980947,0.997821,0.9974456,0.99750537,0.9976191,0.995185,0.99699306,0.99796075,0.9979696,0.9980782,0.9972997,0.9980393,0.998636,0.99869144,0.9978295,0.99739766,0.99804693,0.99808234,0.99752885,0.9973823,0.9969057,0.9977184,0.99740255,0.99666804,0.99854016,0.9974649,0.99701595,0.9978392,0.9943589,0.997197,0.9965218,0.9972556,0.9971655,0.99774736,0.99753886,0.9969039,0.9960706,0.99782217,0.9917878,0.9970728,0.99776906,0.9976702,0.9976932,0.997417,0.99714106,0.9964406,0.9978776,0.997625,0.99796855,0.99371034,0.9967026,0.9979991,0.9972759,0.9973414,0.99733645,0.99756926,0.9966672,0.99743414,0.9973758,0.99804354,0.9985266,0.9976058,0.9976261,0.9985662,0.99715644,1.0000013,0.9978101,0.99625623,0.99742603,0.99374497,0.99686635,0.9977678,0.9977239,0.99657995,0.9978069,0.9971456,0.9974004,0.99704194,0.99722874,0.9964643,0.99764913,0.9987163,0.99677575,0.99794996,0.9964248,0.99708223,0.9973137,0.9973227,0.9968773,0.99709266,0.9945439,0.9975493,0.99664855,0.9971077,0.99766135,0.99734503,0.9972789,0.9973098,0.9972026,0.99625915,0.9976486,0.99717957,0.9978404,0.9973703,0.99715775,0.9976834,0.99417657,0.99253994,0.9956305
ipip273,0.9978217,0.9971984,0.9974519,0.99683595,0.99791056,0.9969421,0.9981253,0.99737513,0.9983638,0.9968529,0.99693125,0.9976536,0.9969782,0.99674857,0.99679786,0.9974108,0.99781615,0.99701196,0.9978346,0.9977378,0.9979312,0.9977148,0.9980586,0.9983593,0.9976858,0.99761474,0.9966711,0.9981108,0.9971491,0.99754626,0.9977742,0.99798834,0.9969724,0.998131,0.99786353,0.99773484,0.9977493,0.9980419,0.99764305,0.9977944,0.9964806,0.99787897,0.99740845,0.9963973,0.9966877,0.9979956,0.99767673,0.997093,0.9976039,0.9967729,0.99729615,0.99237454,0.9976307,0.9969408,0.9961524,0.99722296,0.99615186,0.9966675,0.9967833,0.99820215,0.99776596,0.99752396,0.99813527,0.9977133,0.99768865,0.99765235,0.99831545,0.99866945,0.99827254,0.9975604,0.99794817,0.9979045,0.9955589,0.99710584,0.9968966,0.99201703,0.99645823,0.9977778,0.99758357,0.9980232,0.9975391,0.9978966,0.99628985,0.99776804,0.99758136,0.99792826,0.9975574,0.9968368,0.996369,0.99793553,0.99695086,0.99791205,0.9976123,0.99487567,0.99494594,0.99547267,0.9978983,0.99725205,0.9953539,0.9953856,0.99719894,0.9980848,0.9974514,0.9977437,0.9980032,0.9963446,0.9977928,0.99711156,0.9989008,0.99781716,0.9981822,0.99567914,0.9970453,0.9972568,0.99802536,0.9972009,0.99768674,0.99807936,0.9979169,0.9974359,0.99814296,0.99735755,0.99817705,0.9979413,0.9976826,0.9976288,0.99785,0.99807984,0.9974691,0.9971225,0.99812233,0.9931877,0.9966713,0.99610126,0.99764323,0.99797523,0.99772996,0.99807274,0.99813807,0.99792767,0.9979375,0.99811083,0.99748915,0.99810356,0.9978487,0.9957333,0.9978859,0.9982396,0.99615043,0.99782884,0.9982678,0.99775714,0.9962036,0.99587816,0.99774396,0.9976191,0.9977191,0.99706995,0.99539304,0.99781233,0.9958845,0.9982464,0.997375,0.9971028,0.997937,0.9909693,0.99808675,0.99805546,0.9978848,0.99687475,0.9981035,0.9964233,0.99754864,0.9979386,0.99816215,0.9980402,0.9984549,0.9980491,0.9977598,0.99801606,0.9968426,0.9976954,0.99734366,0.99764395,0.99526924,0.9972915,0.9981316,0.9981977,0.9982357,0.9969487,0.9981823,0.99823713,0.99813324,0.99811536,0.9979639,0.9981434,0.9982187,0.9982731,0.99685913,0.99774885,0.9981053,0.9981811,0.99708164,0.9981923,0.9980238,0.99766284,0.9985037,0.99494845,0.99801284,0.99675435,0.9977555,0.99732745,0.99816173,0.9978375,0.9971432,0.99646974,0.99785584,0.9916208,0.9974914,0.99771905,0.9981896,0.9971183,0.9978066,0.99778885,0.996057,0.9980276,0.99811333,0.9982641,0.9945043,0.9974675,0.9980988,0.99740475,0.9982932,0.9981892,0.9979822,0.9965026,0.9987008,0.99752265,0.9980652,0.997023,0.9978562,0.99769884,0.99815446,0.99800783,0.9978101,0.9999981,0.9970081,0.9981964,0.9940967,0.9972476,0.998369,0.9982842,0.99641573,0.99824345,0.9972919,0.99780786,0.997704,0.9980688,0.9967104,0.99846077,0.99826515,0.99662817,0.9977374,0.9959525,0.9971437,0.9977536,0.9974059,0.99781215,0.99752855,0.9948478,0.9983145,0.9971913,0.99771416,0.9982895,0.99799305,0.99776286,0.99762833,0.99828434,0.9971592,0.99832076,0.9978364,0.99821943,0.9989279,0.9977531,0.9981102,0.9947494,0.99252594,0.9961643
ipip8,0.99609613,0.9972402,0.99634624,0.99707806,0.9979555,0.9964811,0.9962245,0.99651784,0.99701,0.99716103,0.99627113,0.9966467,0.99641985,0.9961702,0.9965213,0.99589723,0.9963664,0.99616593,0.9966329,0.9960895,0.99670434,0.9964535,0.997263,0.997074,0.9965522,0.99606395,0.99648964,0.9965844,0.9959104,0.99657404,0.99581534,0.99632657,0.99543726,0.99629295,0.9957644,0.99695444,0.9958349,0.9959998,0.9959022,0.99643093,0.9958185,0.99653816,0.9966495,0.9951281,0.9970491,0.99708515,0.9971974,0.99639773,0.9968114,0.99594283,0.996744,0.9930567,0.9972169,0.99585086,0.99595255,0.99650306,0.9966146,0.9963931,0.99687284,0.99671185,0.9959103,0.99646115,0.9962251,0.99680763,0.9963762,0.99676186,0.99597394,0.99664974,0.9964295,0.99672097,0.9961951,0.99693304,0.9951168,0.9964526,0.9962857,0.99181527,0.99556834,0.9961809,0.9966023,0.9968133,0.9969867,0.9961989,0.99513125,0.99608076,0.9964852,0.9960191,0.99572617,0.9956101,0.9957508,0.99636155,0.99606705,0.99609345,0.9959316,0.9944605,0.99455684,0.9951307,0.99618113,0.9964625,0.99442405,0.9952734,0.9958361,0.9963608,0.9958681,0.9964532,0.9966586,0.99537915,0.99596345,0.9960771,0.9965759,0.99554074,0.99634093,0.9945636,0.9965754,0.9957559,0.9959567,0.9968816,0.995602,0.996159,0.9960256,0.9961088,0.996238,0.9958763,0.99677473,0.99647534,0.995956,0.995828,0.9965587,0.99661875,0.9966937,0.99571884,0.9968318,0.99315625,0.99686235,0.99582094,0.9961988,0.9970728,0.99682087,0.9969075,0.9961929,0.9961274,0.99593437,0.9969186,0.9961105,0.99710876,0.9962832,0.99536747,0.9963306,0.9962498,0.9959034,0.9964202,0.9965031,0.99654007,0.9958023,0.9946402,0.99542886,0.9968312,0.9970237,0.99649304,0.99458575,0.9953119,0.9963366,0.99695206,0.99587065,0.99615055,0.99612975,0.9908996,0.99658936,0.9965733,0.9965812,0.9957733,0.99658674,0.9961783,0.9954294,0.99626344,0.9963911,0.99619526,0.9966025,0.9968743,0.99644035,0.9962484,0.99582005,0.9963506,0.9961873,0.9964443,0.9947305,0.9959194,0.9960733,0.99606043,0.99615175,0.9959235,0.9961487,0.99627167,0.99615765,0.99628484,0.99614197,0.9960969,0.9965062,0.9962734,0.99575686,0.9970471,0.9963408,0.99620354,0.9967842,0.99639046,0.9967492,0.99657047,0.99644226,0.99491435,0.9967382,0.9961262,0.9966157,0.9951158,0.9964108,0.99636424,0.9961204,0.9958532,0.99651396,0.99170846,0.99595165,0.99623585,0.99714845,0.995828,0.9960969,0.9967463,0.9951223,0.9962575,0.9958011,0.9965697,0.9941292,0.9955422,0.9963353,0.9959947,0.99642396,0.99689573,0.99612105,0.99539495,0.99668247,0.99655604,0.9968141,0.9965378,0.9966827,0.9966246,0.99608535,0.99653083,0.99625623,0.9970081,0.9999995,0.9968368,0.99418217,0.9975988,0.9974083,0.9970679,0.9964982,0.9969116,0.9967548,0.9963471,0.9962335,0.9975424,0.9961665,0.9971476,0.9963637,0.9961428,0.99653006,0.9951824,0.9965311,0.9967702,0.99692285,0.99702513,0.9967247,0.9951244,0.9963678,0.9970271,0.9966782,0.9966507,0.9969693,0.9968677,0.9970442,0.9966369,0.99574786,0.99692845,0.99699724,0.99674225,0.996955,0.9967828,0.9966202,0.9960351,0.9946208,0.9965796
ipip38,0.9987038,0.9964073,0.9978189,0.9962375,0.9982303,0.99665534,0.9988693,0.99697405,0.9981416,0.9961146,0.9966619,0.99811566,0.9965628,0.996337,0.9959658,0.99757326,0.9979658,0.99623364,0.9980143,0.99767846,0.9981393,0.9974822,0.99861044,0.99811137,0.99719405,0.9977812,0.9957656,0.99808574,0.9970962,0.9974107,0.9978492,0.9976619,0.9971819,0.998153,0.99857247,0.9984926,0.998273,0.99882877,0.99785626,0.9979657,0.9960967,0.9981641,0.9970487,0.9965258,0.9954076,0.9982317,0.99695295,0.99672353,0.99775624,0.9965119,0.99732864,0.99014527,0.99807143,0.99620754,0.99514186,0.99661356,0.9958449,0.99548143,0.9961073,0.99797976,0.9983173,0.997764,0.9984574,0.9974051,0.9975707,0.9970353,0.9983612,0.99852514,0.9980968,0.9963734,0.9991448,0.99843943,0.9946704,0.99754757,0.9962851,0.989979,0.9959867,0.997877,0.9968564,0.9976716,0.9974055,0.99843556,0.99642444,0.99847496,0.99812585,0.9988056,0.9980614,0.996172,0.9957968,0.99796385,0.99709696,0.9987859,0.997845,0.9942941,0.99404407,0.9944986,0.99881357,0.9963709,0.9949086,0.994041,0.9970059,0.9985382,0.99757993,0.9977947,0.99800897,0.9942477,0.9982551,0.9963994,0.99800164,0.99841154,0.9989279,0.9957439,0.99702656,0.9968635,0.9984775,0.9971624,0.9980992,0.99851006,0.9983779,0.99721056,0.9985663,0.9972114,0.99819314,0.9980795,0.99843544,0.9967134,0.99715585,0.9981741,0.99689054,0.9968032,0.99902064,0.9919662,0.9965195,0.99520445,0.99861073,0.998237,0.9975831,0.9981576,0.9989398,0.9988105,0.9987796,0.9980549,0.9969169,0.9980462,0.99784845,0.99493647,0.9982402,0.9981428,0.99527025,0.99791896,0.99864894,0.99781185,0.9958492,0.994619,0.9985124,0.9978652,0.9978409,0.9975231,0.994642,0.9985332,0.99552375,0.9988703,0.9976909,0.99669355,0.99882984,0.990165,0.9990821,0.99763536,0.9980677,0.9969252,0.9993623,0.99603504,0.9985312,0.9983586,0.9981682,0.99854517,0.998398,0.99793506,0.99725455,0.9978055,0.99606097,0.99668646,0.996987,0.99674207,0.9937149,0.99681515,0.99833775,0.998389,0.99839777,0.99630344,0.9984094,0.9984808,0.9985123,0.99808073,0.99848574,0.99886364,0.9984713,0.9991101,0.99634814,0.9968653,0.99797124,0.9987544,0.9960552,0.99854034,0.99799883,0.9975694,0.9985882,0.99285984,0.9965,0.9955205,0.99740463,0.9971333,0.99814403,0.9973348,0.99574876,0.9955723,0.99798447,0.98927075,0.9973472,0.99807644,0.99918693,0.99706656,0.99762607,0.99703276,0.9954588,0.9985514,0.9986292,0.99780905,0.9913464,0.99652916,0.9977306,0.99766254,0.9982369,0.99828786,0.9982719,0.99579555,0.99806595,0.9975319,0.99847513,0.9968275,0.9979555,0.9971318,0.998536,0.99667627,0.99742603,0.9981964,0.9968368,1.0000001,0.9927638,0.9976727,0.99881446,0.9987783,0.9958634,0.99877936,0.99719524,0.997589,0.9975646,0.9984768,0.996211,0.9982016,0.998559,0.99536264,0.9971533,0.99454397,0.9961056,0.9981935,0.9977165,0.99792576,0.9975975,0.99375445,0.9991022,0.9963954,0.9975834,0.99889684,0.9977274,0.9978394,0.9978693,0.9983138,0.99641603,0.9982385,0.9973515,0.9987448,0.99737227,0.9973368,0.9980863,0.9932964,0.9911706,0.9958315
ipip68,0.99200827,0.99461496,0.9931663,0.9941113,0.99363935,0.99334264,0.99244064,0.99429345,0.9937057,0.99430937,0.993271,0.9927746,0.9938484,0.993607,0.99350435,0.9927238,0.99318737,0.9934635,0.993415,0.99331146,0.9936917,0.9932248,0.9938005,0.99353915,0.99313974,0.9938102,0.9943593,0.99378014,0.9931919,0.9936078,0.99244297,0.99340975,0.99233097,0.9925383,0.9922356,0.99316573,0.9925715,0.99254054,0.9928212,0.9926045,0.9934501,0.993257,0.993594,0.9924238,0.9943806,0.9933792,0.99385643,0.99340326,0.9936959,0.9930438,0.99342626,0.9928462,0.9934945,0.9938442,0.9940124,0.9946421,0.99276805,0.9942526,0.99399644,0.99398655,0.99232835,0.9933822,0.9928171,0.992846,0.9931415,0.99380684,0.99289596,0.9934238,0.9930991,0.9947614,0.99229014,0.9938707,0.99295247,0.99347794,0.993728,0.99131435,0.99322313,0.9930988,0.99456334,0.99418706,0.99326825,0.99226606,0.99193287,0.9921756,0.9930587,0.99220407,0.9920373,0.9936508,0.9934477,0.99289274,0.99277973,0.9919521,0.99262565,0.99189293,0.99313635,0.9929032,0.99199796,0.9936385,0.9919062,0.9930376,0.9933079,0.99241555,0.992748,0.9929853,0.9929656,0.9932526,0.99266195,0.9925667,0.99329317,0.9915515,0.9924929,0.99154437,0.9931102,0.9931959,0.99240035,0.9937825,0.9922335,0.992938,0.9924402,0.9932627,0.9930103,0.9931562,0.9937923,0.9933947,0.99263024,0.9932722,0.9942333,0.9934722,0.9939286,0.9932043,0.99298656,0.9917698,0.99369264,0.99375635,0.99245584,0.9937476,0.9933349,0.9940754,0.9924048,0.9923025,0.99166185,0.99344563,0.99391484,0.9936332,0.99278027,0.99351126,0.9926328,0.9930212,0.99410546,0.9929545,0.99281514,0.99302274,0.9931686,0.99272776,0.9916397,0.9938067,0.99391127,0.9935915,0.992445,0.99145573,0.99380517,0.99345785,0.9928054,0.9930037,0.9924122,0.9894861,0.9932425,0.9932097,0.99347943,0.99329597,0.9926531,0.99454534,0.99166214,0.9930817,0.99336123,0.9929267,0.9931827,0.9932371,0.99367946,0.9933469,0.99355125,0.9944476,0.99350554,0.99414796,0.9938513,0.99331474,0.99270403,0.9927803,0.99285203,0.9932726,0.99262506,0.99288833,0.9928183,0.99308825,0.9922883,0.9923511,0.9932565,0.99257994,0.9930453,0.99404985,0.9930977,0.9921737,0.9940486,0.9931372,0.993348,0.99314183,0.9929754,0.9927153,0.99434507,0.99399114,0.9935623,0.99224055,0.99309325,0.9935412,0.99414814,0.9928104,0.99344367,0.99162376,0.9938326,0.9928118,0.99329907,0.9927183,0.9932125,0.99353456,0.9929761,0.99263227,0.9920765,0.99373,0.9926509,0.9924933,0.9933952,0.9926422,0.99303424,0.99305356,0.992736,0.9934556,0.99309826,0.9934922,0.9934228,0.9941445,0.99329114,0.99415416,0.9927897,0.9935396,0.99374497,0.9940967,0.99418217,0.9927638,0.99999946,0.9952267,0.9941083,0.99377894,0.9941274,0.99363637,0.9944398,0.99320924,0.99366045,0.9934238,0.99409217,0.99369615,0.99305075,0.99387145,0.99427634,0.9933851,0.9947178,0.99373025,0.9942685,0.99367774,0.99390393,0.9936501,0.9926203,0.9941296,0.99344486,0.9933678,0.99377775,0.9938453,0.99415237,0.99282664,0.99297076,0.99388045,0.9937382,0.99312407,0.9940566,0.9934263,0.9937414,0.9930458,0.99222434,0.99322385
ipip128,0.99627745,0.9964437,0.9961667,0.99628943,0.99721915,0.99611974,0.9965491,0.99641156,0.9970708,0.996394,0.99611205,0.99674124,0.99656516,0.9961071,0.99620223,0.99614125,0.9965872,0.99603856,0.99693304,0.99638665,0.99712515,0.9964869,0.9979638,0.99699813,0.99643016,0.99651843,0.9964483,0.9970203,0.99611944,0.99664474,0.99627054,0.996787,0.99563456,0.9966516,0.9961823,0.9977833,0.9963371,0.99655306,0.996298,0.99655324,0.9962367,0.99686396,0.996576,0.99531054,0.9960907,0.99689204,0.9968957,0.9961354,0.99710894,0.99621314,0.9967444,0.9926331,0.9972212,0.9961511,0.9957131,0.99689126,0.9954459,0.9962006,0.99625677,0.9970208,0.99641997,0.9966678,0.9968534,0.99642736,0.9964702,0.9966143,0.9964215,0.9968624,0.9966509,0.9964398,0.99702525,0.9978792,0.99506354,0.9973355,0.99615484,0.9916361,0.9958888,0.9965949,0.99692804,0.9971661,0.99686766,0.9964291,0.99541515,0.99631655,0.99671394,0.9965146,0.99609977,0.99576515,0.9955351,0.9964915,0.99633956,0.99651676,0.9962174,0.99445075,0.9943531,0.99488366,0.9966068,0.99638,0.9944078,0.99504644,0.99622786,0.99668354,0.9961972,0.99667925,0.99677485,0.9953792,0.9966467,0.99596095,0.9969625,0.9959488,0.99677646,0.99470174,0.9964335,0.99594533,0.9964575,0.99724215,0.99615353,0.99667776,0.9962674,0.9965167,0.99688846,0.99648035,0.99727404,0.99694693,0.99666715,0.99599504,0.99706995,0.997025,0.9966699,0.9959238,0.99765474,0.9931872,0.99732715,0.99563724,0.9970301,0.99764353,0.9969523,0.9975225,0.9968836,0.9968415,0.99631536,0.9970573,0.9961623,0.9971337,0.99649566,0.9952277,0.9966039,0.9965464,0.9960116,0.9965416,0.9969542,0.9968219,0.9961087,0.99488026,0.9960409,0.9977005,0.99783677,0.99774915,0.9945309,0.99595034,0.9969618,0.99788386,0.9963424,0.996048,0.9967518,0.9912513,0.9974011,0.99702185,0.99718195,0.9963508,0.99750924,0.9966159,0.99608314,0.99712306,0.9968524,0.9967139,0.99673855,0.9968989,0.99670583,0.9968406,0.9961921,0.9965811,0.99679387,0.9967374,0.99432176,0.9964904,0.9966097,0.9966546,0.99669206,0.99625015,0.99671364,0.9967712,0.99667287,0.9966616,0.99657947,0.99656695,0.9971226,0.9969772,0.99608785,0.9968411,0.9968554,0.99658865,0.9965432,0.99695945,0.9970874,0.9968591,0.99692714,0.99415946,0.9968185,0.9960114,0.9968075,0.9956401,0.9966404,0.99691206,0.9963612,0.9956394,0.9970354,0.9912963,0.99619293,0.9968144,0.99805766,0.9961109,0.9965868,0.9969312,0.9952025,0.9966639,0.9964041,0.9971631,0.99347526,0.99552596,0.9969667,0.9964819,0.99684656,0.996933,0.99659204,0.9960331,0.9970164,0.997635,0.9978003,0.99762005,0.9973095,0.9971481,0.9967476,0.99642056,0.99686635,0.9972476,0.9975988,0.9976727,0.9952267,0.9999987,0.9977131,0.9975451,0.99684614,0.9974395,0.99744856,0.99677736,0.9965138,0.9975929,0.99696946,0.9973531,0.99689907,0.9960413,0.996888,0.9954491,0.99646384,0.997568,0.99802065,0.9973099,0.9975045,0.99497473,0.99705976,0.9969616,0.997032,0.9973417,0.9971405,0.9976152,0.9979332,0.9969947,0.99602044,0.9976627,0.9969081,0.9972135,0.9970637,0.9967358,0.9971114,0.99438876,0.99330103,0.9957726
ipip158,0.9979862,0.99696624,0.9975724,0.99673665,0.9979825,0.9969902,0.99829835,0.9971221,0.998351,0.99675643,0.9973001,0.99795544,0.99706477,0.9968247,0.99676687,0.99749386,0.997877,0.9967072,0.99792844,0.9976257,0.9980032,0.9973093,0.9983291,0.99815315,0.9974464,0.9978132,0.9968765,0.9981216,0.99729097,0.9979583,0.99764746,0.99824125,0.997364,0.997971,0.9979762,0.99810153,0.9979132,0.99819076,0.99779004,0.9979415,0.996899,0.9982963,0.9974316,0.99682677,0.996639,0.99811536,0.99754584,0.9970407,0.9976932,0.996839,0.99742866,0.99209785,0.9979167,0.99673885,0.996758,0.9975624,0.9962255,0.99681896,0.9966662,0.99854225,0.9978845,0.9978379,0.9979959,0.9976685,0.9975325,0.997499,0.9979468,0.9987575,0.9981993,0.9974591,0.9983514,0.998305,0.99525267,0.99739075,0.996938,0.9916534,0.9965468,0.9978015,0.99797666,0.9984737,0.99767876,0.9979391,0.996512,0.9979848,0.99775344,0.998169,0.99764776,0.996911,0.99693894,0.9978292,0.99720055,0.9981609,0.99754345,0.99476665,0.9953646,0.99517006,0.9980245,0.997578,0.99591094,0.99535835,0.9972368,0.9981565,0.9974713,0.9978748,0.99801224,0.99575037,0.9979497,0.9966677,0.99820364,0.99780023,0.9984331,0.995592,0.9972118,0.9969543,0.9980768,0.9974678,0.99758273,0.9983707,0.998037,0.99737906,0.9981347,0.9971919,0.9981683,0.9980076,0.9977749,0.99729025,0.9976982,0.9982907,0.9981643,0.997055,0.9984338,0.9929818,0.9968986,0.996005,0.9979192,0.99833965,0.99781656,0.9988146,0.9984344,0.99803567,0.9980901,0.9981061,0.9972656,0.99786633,0.99768174,0.9956751,0.9979848,0.99818176,0.99707735,0.99794704,0.9983415,0.9978646,0.99677193,0.9952797,0.99775916,0.9979154,0.99794006,0.9974939,0.99510443,0.9978144,0.9960921,0.99847513,0.99751055,0.9969353,0.99805105,0.9916438,0.99867713,0.99780905,0.9978558,0.9968622,0.9985151,0.9964924,0.9977019,0.99801797,0.99847806,0.99831814,0.9980803,0.9979117,0.9976934,0.99784344,0.99655855,0.99777585,0.99731845,0.99772614,0.9951809,0.9969318,0.9980582,0.9981213,0.9981562,0.9969517,0.9981552,0.99843305,0.998407,0.99840474,0.9980257,0.9984578,0.9982649,0.9987114,0.99688303,0.9977186,0.99785376,0.998203,0.9968913,0.99843514,0.99801594,0.99785066,0.9983676,0.99487096,0.9974011,0.9966627,0.99783987,0.99700296,0.9984113,0.9976338,0.9972198,0.99629945,0.9980516,0.9919915,0.997783,0.9979838,0.99868274,0.99742377,0.99753463,0.9975072,0.996411,0.9984096,0.9979949,0.9979154,0.9935621,0.99721736,0.9978124,0.9974607,0.9980623,0.9982347,0.99787134,0.99625313,0.99792403,0.99736196,0.99815995,0.997077,0.99776965,0.99725133,0.99826807,0.99831504,0.9977678,0.998369,0.9974083,0.99881446,0.9941083,0.9977131,0.9999994,0.9996247,0.9980835,0.9994931,0.99861693,0.997491,0.99748504,0.9981998,0.99653184,0.99823195,0.9984722,0.9967436,0.9975857,0.99556583,0.9973508,0.99806744,0.9976615,0.9977641,0.9976918,0.9949309,0.99868137,0.9979271,0.997684,0.99875283,0.9979688,0.9977919,0.9977892,0.9981308,0.9968346,0.99786294,0.9982439,0.9985055,0.9978862,0.99814355,0.9982282,0.9947104,0.9929935,0.9962331
ipip188,0.99798006,0.99685997,0.99756753,0.9966585,0.99797505,0.99691,0.99831116,0.99704206,0.9982863,0.9966625,0.9972421,0.9979711,0.99694955,0.9966549,0.9966819,0.9974014,0.9978284,0.99665016,0.9978517,0.99754876,0.9979404,0.9972972,0.9982949,0.9980819,0.9974208,0.9977276,0.99673176,0.99807227,0.9971704,0.99784374,0.99761295,0.9982625,0.9974535,0.9979918,0.9980303,0.99810743,0.99789333,0.99823874,0.9977244,0.9979145,0.99679583,0.99833727,0.99732363,0.99687815,0.9964562,0.99807394,0.9974283,0.9970927,0.9976429,0.99671286,0.9974431,0.9919124,0.99791545,0.9966801,0.99672264,0.9974838,0.996109,0.9967152,0.99653107,0.998506,0.99786276,0.9977434,0.9979517,0.99756634,0.99755335,0.9973911,0.99793744,0.9987706,0.99817425,0.99737823,0.99837565,0.99824935,0.9951225,0.9973858,0.9968668,0.99136806,0.9963384,0.9976783,0.99787825,0.99842215,0.99766326,0.99801224,0.9964341,0.9980479,0.99775624,0.9981488,0.9976672,0.99677837,0.99689966,0.9978036,0.9970663,0.9980832,0.99750906,0.99462223,0.9951766,0.9950132,0.99806875,0.99743336,0.99569875,0.99505335,0.9971291,0.99816626,0.9973719,0.9977222,0.99796456,0.9955336,0.99790454,0.99666953,0.99809307,0.99788916,0.9984355,0.99566114,0.99714637,0.99688745,0.99806124,0.9973954,0.9975769,0.99836767,0.99797076,0.9973489,0.99806845,0.9971037,0.9981178,0.9979148,0.9977995,0.9971788,0.99757993,0.9981919,0.99805766,0.9969555,0.9984192,0.9928219,0.9967256,0.9957561,0.9980002,0.99833846,0.99774855,0.9987397,0.99842143,0.9980605,0.9980827,0.99801326,0.99722064,0.9978178,0.9975798,0.99551255,0.99795717,0.9981757,0.99689394,0.9978914,0.99832976,0.99783194,0.9965689,0.9951499,0.99778825,0.9978408,0.99786925,0.997425,0.9950247,0.9978423,0.99589217,0.9984634,0.99741626,0.99691284,0.99808156,0.99147695,0.9986452,0.9977269,0.9977908,0.99678963,0.9985072,0.9963397,0.9977402,0.99798054,0.998483,0.99841,0.99805164,0.9978633,0.9975705,0.9977901,0.9964891,0.99767804,0.9972403,0.9976212,0.9950735,0.9968342,0.9980278,0.9981003,0.99815434,0.9969131,0.9981424,0.99841,0.99840647,0.99840397,0.9980404,0.9985356,0.99827427,0.9987365,0.9968577,0.9976047,0.99784696,0.9982565,0.9966647,0.9984671,0.9979991,0.9978297,0.99833584,0.99460906,0.997275,0.9964105,0.99778944,0.9971159,0.99843657,0.99759334,0.99710196,0.9961788,0.9979572,0.9917699,0.99771804,0.99794376,0.9986457,0.99733955,0.99747956,0.99738616,0.99621886,0.9983919,0.99804735,0.99783945,0.99332815,0.9971652,0.9977905,0.99745005,0.9980904,0.9982617,0.99791074,0.99618524,0.99790823,0.99734986,0.9981672,0.9970047,0.9977372,0.9971682,0.9983082,0.99819666,0.9977239,0.9982842,0.9970679,0.9987783,0.99377894,0.9975451,0.9996247,0.9999994,0.99756503,0.9994417,0.99847054,0.99747926,0.9974504,0.99814683,0.99639773,0.99820745,0.99849313,0.9966116,0.9975202,0.99547553,0.99728936,0.9980995,0.9975614,0.99768174,0.9976436,0.9948571,0.99871993,0.9978429,0.99762267,0.9987142,0.99791044,0.9978055,0.9978408,0.9981741,0.99678916,0.997839,0.9982468,0.9985831,0.997834,0.99818933,0.9982499,0.9945604,0.99256384,0.9961515
ipip218,0.9945329,0.99576706,0.99502957,0.9956316,0.9955508,0.9951362,0.99516803,0.9956107,0.9964189,0.99583673,0.99620306,0.995555,0.9962802,0.99566454,0.99610674,0.9952467,0.995754,0.9956023,0.99577576,0.99546593,0.9960598,0.99493486,0.99648625,0.99607795,0.9956809,0.99552405,0.9963345,0.9962461,0.99546605,0.9963557,0.99498814,0.99675894,0.9951096,0.9953689,0.99468535,0.9960943,0.99537337,0.99510086,0.9954182,0.9956229,0.9963633,0.9965197,0.9959994,0.9950719,0.9961191,0.9956362,0.99643266,0.9954333,0.99581033,0.9955127,0.9955831,0.99343944,0.9958446,0.9957744,0.99652463,0.99702567,0.9944298,0.99676013,0.99584436,0.9967143,0.995143,0.9957882,0.9955256,0.99545944,0.9955731,0.9961862,0.99515384,0.99616706,0.99577063,0.99632955,0.9949684,0.99664724,0.994244,0.9955665,0.99588275,0.9930096,0.99578565,0.9957093,0.99706155,0.9966925,0.9961583,0.9950294,0.9951311,0.9948143,0.9956828,0.9949715,0.9948531,0.99600923,0.99575967,0.99529773,0.9958389,0.9950376,0.9952051,0.99410725,0.9948704,0.9945582,0.9945982,0.9969545,0.99473,0.99552524,0.9958427,0.99521655,0.99544734,0.9962132,0.9960102,0.99629766,0.9955231,0.99546,0.9965774,0.9946109,0.9953868,0.9933453,0.995627,0.9953669,0.99530137,0.996453,0.99501425,0.99564844,0.9950646,0.99620736,0.995703,0.9955971,0.99629456,0.99594665,0.99516517,0.9958945,0.9969708,0.99666274,0.9971621,0.9953991,0.9963062,0.99431425,0.9967461,0.9956648,0.99544245,0.9966344,0.9961517,0.9978452,0.9956655,0.99486196,0.9947069,0.9963092,0.9959255,0.99598336,0.99534535,0.9951163,0.9952585,0.9956338,0.99729496,0.9957519,0.9957595,0.9961641,0.9963769,0.99473053,0.9942924,0.9966447,0.99679637,0.9963781,0.99385136,0.99426556,0.99668086,0.99625236,0.99515307,0.99548876,0.9947674,0.99296695,0.99653685,0.9961456,0.9957247,0.9953162,0.9953136,0.99523777,0.99431694,0.9958136,0.99626535,0.99586976,0.9955602,0.9957211,0.9962313,0.9961398,0.995802,0.9966605,0.9961081,0.9967008,0.99495775,0.99568105,0.99553263,0.99558794,0.9956472,0.9963411,0.9956617,0.9960512,0.99594647,0.9960574,0.99504334,0.99541366,0.9960432,0.9956144,0.9959122,0.9967688,0.9961107,0.9950496,0.9964115,0.9960406,0.9958692,0.99592537,0.9958148,0.9953718,0.9970147,0.9964901,0.9963735,0.99465173,0.99592656,0.99620575,0.9970915,0.9954673,0.9965582,0.99346364,0.99582624,0.996374,0.9965122,0.99579823,0.9954805,0.9964143,0.9956162,0.9957788,0.99493074,0.9963936,0.99497354,0.99552375,0.99619627,0.99517214,0.995633,0.99588555,0.99524134,0.9954905,0.99565214,0.9962049,0.9963027,0.99673676,0.99596,0.99630696,0.9957472,0.9972051,0.99657995,0.99641573,0.9964982,0.9958634,0.9941274,0.99684614,0.9980835,0.99756503,1.0000005,0.99789053,0.9986186,0.99576634,0.9954741,0.99621254,0.9960463,0.9963019,0.996137,0.99653757,0.9964776,0.99563366,0.99708277,0.9961781,0.9972917,0.99598974,0.9966123,0.9950332,0.9956535,0.9975185,0.995884,0.9964799,0.9963451,0.99657047,0.9969056,0.99568456,0.9954475,0.996097,0.99679637,0.9963196,0.99657583,0.9967328,0.9968045,0.9944196,0.9947392,0.9953651
ipip248,0.9979071,0.9968396,0.99749124,0.99661463,0.99785864,0.99693,0.9982716,0.99708956,0.99831116,0.9966533,0.9972291,0.9979126,0.9969445,0.99671286,0.99670416,0.99740386,0.99783653,0.99665654,0.9978741,0.997642,0.9979638,0.9972967,0.9982127,0.99814785,0.99731743,0.9976991,0.9966834,0.9981052,0.9972288,0.9978044,0.9975783,0.9985113,0.99733806,0.9978807,0.99798983,0.9981109,0.99795663,0.9981641,0.9977542,0.9978774,0.99701375,0.9982544,0.9972815,0.9968561,0.996482,0.99799794,0.99739677,0.99698603,0.9975828,0.9968336,0.99742335,0.99200636,0.9978555,0.99669576,0.99662817,0.9975292,0.9959773,0.99674755,0.99663794,0.99854076,0.9979319,0.99770826,0.99802935,0.9975566,0.9975335,0.99741936,0.99795103,0.998704,0.9980666,0.9974737,0.9982338,0.998206,0.995067,0.9972659,0.9968758,0.99155504,0.9964566,0.99772245,0.99794,0.99835914,0.99764234,0.9979719,0.9965667,0.9979019,0.9978592,0.9981117,0.9976666,0.99690205,0.9968191,0.9977321,0.9971795,0.9981092,0.9976121,0.99474776,0.99518967,0.9950997,0.99794453,0.99746484,0.9957714,0.99511975,0.9972872,0.9981149,0.99746805,0.99791276,0.9980423,0.99572664,0.99788857,0.99665815,0.998225,0.99788266,0.9983991,0.99544406,0.99714494,0.9969423,0.99808383,0.9973771,0.99762005,0.99837506,0.99790335,0.9975394,0.9981028,0.99718535,0.9981965,0.9979694,0.99782574,0.99723166,0.9977898,0.9983682,0.9980073,0.9970619,0.99867374,0.99325144,0.9968766,0.9959093,0.9981194,0.99834454,0.9977708,0.9992029,0.9985687,0.9980242,0.9980512,0.99805486,0.99731326,0.99780166,0.99762374,0.99563557,0.9979987,0.99803764,0.9969945,0.99787754,0.99835724,0.99793637,0.9966755,0.9953315,0.99773246,0.99785674,0.9978652,0.9975086,0.9950647,0.99778515,0.99631256,0.9984581,0.99747986,0.99691564,0.99801767,0.9919346,0.9988635,0.99779075,0.9977303,0.9967922,0.9984323,0.99630857,0.997677,0.9980081,0.99841464,0.9983227,0.9980765,0.99788857,0.9976667,0.9978857,0.9966009,0.9976967,0.99730957,0.9977662,0.99520224,0.99697,0.99803394,0.9981257,0.99815625,0.99701655,0.99814713,0.9984306,0.998407,0.9983606,0.99802357,0.9984745,0.9982585,0.9986543,0.9969452,0.99756724,0.99795663,0.99817514,0.99675786,0.998429,0.99795914,0.99775743,0.9983759,0.99475425,0.99737936,0.9965529,0.99785435,0.9969714,0.9983472,0.99770474,0.9972694,0.9962842,0.9980527,0.99197406,0.9977301,0.99814177,0.9986047,0.99742824,0.9975643,0.99751085,0.9963337,0.9983903,0.99802125,0.99805397,0.99355173,0.99718606,0.9978402,0.9974593,0.99807787,0.9981974,0.9979609,0.99635106,0.997766,0.9973898,0.9980718,0.99703974,0.99771994,0.99721634,0.99824727,0.9980648,0.9978069,0.99824345,0.9969116,0.99877936,0.99363637,0.9974395,0.9994931,0.9994417,0.99789053,0.99999875,0.9987556,0.9974726,0.99739695,0.99814266,0.99640596,0.99813384,0.99843967,0.9966242,0.99756306,0.99562687,0.99732137,0.99803346,0.997773,0.99763316,0.99768406,0.99485576,0.9987158,0.9979236,0.9975871,0.9987411,0.9979653,0.9977913,0.9977142,0.9979792,0.99682415,0.99773747,0.99805003,0.99847746,0.99773836,0.9980728,0.9981861,0.9945078,0.9927694,0.99621654
ipip278,0.9959329,0.9964453,0.9962145,0.9962789,0.9965942,0.99597913,0.9964473,0.9964616,0.9971969,0.99642044,0.9967567,0.9964935,0.9967676,0.99628556,0.99638087,0.9962571,0.9966842,0.9963321,0.99674577,0.9964545,0.9969838,0.9960286,0.99733925,0.99699885,0.99643964,0.99656326,0.9968753,0.9971724,0.9963167,0.9970997,0.99608564,0.9975986,0.99598277,0.9964371,0.99604225,0.9971446,0.99650955,0.996427,0.9963768,0.9965906,0.9968163,0.9973681,0.99667466,0.9958288,0.9965029,0.99672174,0.9970161,0.9963569,0.9967801,0.99628466,0.99644095,0.99334025,0.99694747,0.9964381,0.9968761,0.9974707,0.99514234,0.9969461,0.9964349,0.99756753,0.99647063,0.9967446,0.9967743,0.9963384,0.99646676,0.9968414,0.9964223,0.9972567,0.9967587,0.99704653,0.9962767,0.9974046,0.99470264,0.9963738,0.99650455,0.9924488,0.9961389,0.9965348,0.9976347,0.9974851,0.99681616,0.99624354,0.99571943,0.9961147,0.9968403,0.99621534,0.99599254,0.9965997,0.9964334,0.9964202,0.9962437,0.9963028,0.9962842,0.99460167,0.9953337,0.99505067,0.996025,0.9973618,0.9952693,0.9956341,0.99657923,0.9963642,0.99638975,0.99682283,0.9970314,0.99612767,0.99660856,0.9960413,0.9973394,0.9959908,0.996641,0.9944008,0.99638593,0.996164,0.99651664,0.9970808,0.9960042,0.9968876,0.99640894,0.99679697,0.9967293,0.9964564,0.997201,0.9970384,0.9965082,0.99640477,0.99745864,0.9974208,0.9976351,0.99615544,0.99730337,0.99414086,0.9970445,0.9961413,0.9966465,0.9973769,0.99680734,0.9983417,0.9967195,0.99613,0.9961002,0.99716747,0.9968034,0.996917,0.9964164,0.9956916,0.9964214,0.9966631,0.9973769,0.99678826,0.99679565,0.9968007,0.99672765,0.9952702,0.9957762,0.99723196,0.9973728,0.9970232,0.99461085,0.99576336,0.9968358,0.997298,0.9964203,0.9961927,0.9961477,0.99288553,0.99760324,0.9968771,0.9968126,0.99627584,0.9966052,0.9959338,0.9958432,0.9969093,0.9972535,0.99701005,0.99664533,0.9966812,0.9968865,0.9969091,0.9963506,0.99724054,0.99675715,0.9974191,0.9953791,0.9963146,0.99657905,0.9966219,0.9967065,0.99664366,0.99667895,0.99700737,0.9969287,0.9970324,0.99629,0.99666154,0.99697006,0.9968048,0.9963401,0.9972256,0.99697995,0.996333,0.9967216,0.99704504,0.9968011,0.9967459,0.9968323,0.9953489,0.99729323,0.99674237,0.9970614,0.9956955,0.9969861,0.9969161,0.99745536,0.99605584,0.9972897,0.99329,0.99677235,0.9969248,0.99751025,0.99661285,0.99651855,0.99708456,0.99596417,0.996839,0.99620456,0.9972417,0.9946957,0.9962052,0.9969739,0.9962501,0.9967897,0.9969063,0.9964315,0.9961172,0.99661446,0.9970969,0.99723595,0.99699277,0.99698824,0.9969344,0.9968924,0.99765515,0.9971456,0.9972919,0.9967548,0.99719524,0.9944398,0.99744856,0.99861693,0.99847054,0.9986186,0.9987556,1.0000006,0.99676865,0.9965194,0.9971493,0.9966307,0.9971507,0.99714285,0.99687093,0.9972743,0.99608225,0.9974506,0.99706364,0.9974516,0.9968294,0.99714303,0.9951485,0.99689794,0.9976996,0.99667495,0.9974355,0.9970878,0.9973538,0.99763995,0.9966923,0.99623144,0.9970561,0.99745804,0.9973565,0.99725103,0.9974943,0.9976336,0.9947627,0.9941782,0.9958902
ipip13,0.997215,0.9963881,0.99683076,0.9962721,0.9972742,0.99595886,0.9974822,0.99696875,0.99752814,0.99629104,0.99636465,0.9970244,0.9966866,0.9965552,0.9956339,0.996848,0.99730176,0.9963207,0.99735975,0.99719197,0.99758005,0.9971735,0.99730897,0.997486,0.9964433,0.9970726,0.99670815,0.99775857,0.99681145,0.9970023,0.99695957,0.9971868,0.9960324,0.99739546,0.99734044,0.9970813,0.9975389,0.99756503,0.99726826,0.99741226,0.99609745,0.9971998,0.9968399,0.9961059,0.9958955,0.99741435,0.9969355,0.9961301,0.99733853,0.9964369,0.9968771,0.99226016,0.99724907,0.997409,0.99525577,0.99690014,0.995511,0.9961394,0.9961546,0.99719584,0.99742204,0.99714833,0.9976761,0.9968876,0.99685496,0.9965502,0.9975647,0.99733704,0.99721926,0.99638563,0.9971907,0.9972443,0.99447894,0.9965096,0.99649435,0.99111515,0.9960458,0.9972492,0.99673927,0.9971107,0.9967752,0.9974522,0.9963048,0.9972353,0.9976374,0.9973632,0.9971771,0.99639094,0.9959067,0.9971364,0.9966114,0.9974142,0.9970111,0.99519986,0.99469686,0.9951479,0.99723816,0.99668205,0.99492335,0.9948031,0.99697113,0.99732065,0.99701554,0.99709505,0.9976381,0.99498886,0.99743587,0.995832,0.99752647,0.9971988,0.9975593,0.99552274,0.9967508,0.99678355,0.9977121,0.9970246,0.99724627,0.99765235,0.9975905,0.99689394,0.99770886,0.9971835,0.9976694,0.997649,0.9972569,0.9965156,0.9976046,0.99764127,0.99642336,0.9966408,0.9974964,0.99284184,0.99604815,0.9957351,0.99705935,0.99744004,0.99682206,0.9973329,0.9975302,0.9972792,0.9972749,0.9974195,0.9965125,0.9974317,0.9971189,0.99521786,0.997088,0.99722224,0.99542296,0.9977324,0.9976212,0.99717724,0.99596196,0.99499017,0.99755585,0.9970022,0.9971641,0.99653596,0.99506646,0.9974458,0.9955621,0.99785686,0.9974283,0.9960375,0.99739105,0.9904744,0.9976167,0.9969504,0.99774444,0.99698836,0.99754,0.99589294,0.9972178,0.9973783,0.9974001,0.9975227,0.9976978,0.99734664,0.99703145,0.9982539,0.9968363,0.99677694,0.99717575,0.9969988,0.9943619,0.9969346,0.99842775,0.99820167,0.9984684,0.9969897,0.998209,0.99796534,0.99794024,0.99749595,0.99749404,0.9976126,0.99834955,0.99774444,0.99679106,0.9969831,0.99844086,0.99788624,0.9968082,0.99823445,0.9975589,0.99683833,0.9979808,0.993988,0.9968306,0.9960581,0.9970689,0.9967399,0.99752885,0.9970177,0.99627477,0.9958195,0.99771124,0.9911023,0.99722624,0.9975653,0.997638,0.99678224,0.9974956,0.99742174,0.9956955,0.99740547,0.99798995,0.9981918,0.99375457,0.99605846,0.9987172,0.99725986,0.99744034,0.9973696,0.99764884,0.9965551,0.99773663,0.9970419,0.9974561,0.996578,0.9977029,0.9972269,0.9976891,0.9966243,0.9974004,0.99780786,0.9963471,0.997589,0.99320924,0.99677736,0.997491,0.99747926,0.99576634,0.9974726,0.99676865,0.9999997,0.99852103,0.99752957,0.99661684,0.99777716,0.99842644,0.997203,0.9984645,0.99754095,0.9970223,0.9972351,0.99679834,0.9968136,0.99677587,0.9939553,0.99754083,0.9959482,0.997092,0.9975829,0.9972629,0.9971048,0.9970149,0.99736106,0.9963769,0.9972497,0.996661,0.9976255,0.9972707,0.9965541,0.997369,0.99376166,0.9921724,0.9957721
ipip43,0.9976352,0.99706256,0.99730486,0.9966239,0.997509,0.996182,0.99779946,0.99734116,0.9979159,0.99659663,0.99621,0.9970131,0.9966477,0.9969827,0.9956935,0.99692637,0.99755836,0.9967186,0.9975766,0.99776447,0.99800915,0.9974942,0.9974869,0.997949,0.9964481,0.9975734,0.99710804,0.99821657,0.9969284,0.9972888,0.99696183,0.9971534,0.99646246,0.99716556,0.9976934,0.99696434,0.9976562,0.99784225,0.9975299,0.9972746,0.996161,0.9973488,0.99652106,0.99610186,0.99616694,0.99742985,0.9966648,0.9961799,0.9971995,0.9962734,0.99707973,0.99287057,0.9972589,0.9981605,0.99613476,0.9968861,0.99559635,0.99614483,0.99643016,0.9974688,0.9972019,0.9968061,0.9974209,0.9968461,0.99673456,0.9965414,0.99766946,0.99749273,0.9971134,0.99651486,0.99725556,0.9971126,0.9943792,0.9962966,0.9961624,0.9910454,0.99590033,0.9972315,0.99686223,0.99711424,0.99667776,0.9973355,0.99583477,0.9973195,0.997446,0.99746615,0.9970957,0.99707466,0.9958206,0.9972604,0.9964307,0.9973569,0.9969365,0.99462813,0.9945006,0.99491435,0.99723566,0.99629104,0.9945904,0.99436474,0.99677664,0.99729556,0.9968604,0.996925,0.997306,0.99467593,0.9972963,0.9957332,0.9973025,0.9972327,0.99758446,0.99530536,0.99651515,0.99657905,0.9975153,0.99660563,0.99712193,0.9974486,0.9975612,0.9966508,0.99758583,0.99714833,0.99812174,0.99779,0.997504,0.99652946,0.9980067,0.99775773,0.9967097,0.9971028,0.9974628,0.99266106,0.9960156,0.99585104,0.9970573,0.9973177,0.99696267,0.9973629,0.9976004,0.9973814,0.9973263,0.99753374,0.99707365,0.99767226,0.99710745,0.9957962,0.9971082,0.99713105,0.99534357,0.99760497,0.9974974,0.996972,0.99533975,0.9947571,0.9973928,0.99673367,0.99680746,0.9962769,0.9950253,0.9973292,0.995378,0.99767786,0.99711514,0.9958647,0.99745274,0.9901849,0.9975808,0.9967004,0.9975899,0.99666303,0.99758214,0.9957931,0.9972377,0.99734205,0.99732006,0.9974431,0.9977547,0.997534,0.9969681,0.997732,0.9964216,0.99673736,0.99684554,0.9967851,0.9945132,0.9966635,0.9980345,0.9979626,0.9981455,0.9966988,0.9978776,0.9977093,0.99768573,0.9973661,0.9974014,0.9975557,0.99841005,0.9978652,0.99651724,0.9968168,0.99786824,0.9981551,0.9968906,0.9981981,0.99781895,0.99675244,0.99787444,0.993944,0.99683696,0.99598795,0.9973399,0.99654347,0.99741244,0.9969097,0.99624044,0.9957654,0.9974565,0.9909551,0.9971254,0.9972487,0.99749017,0.99637073,0.9972941,0.99704844,0.9952971,0.9973056,0.99771565,0.99795395,0.9937703,0.9959476,0.9982713,0.9971529,0.99728215,0.99735826,0.99742544,0.9962417,0.99723333,0.9966499,0.99724156,0.99622613,0.9971749,0.9968675,0.99749213,0.9962861,0.99704194,0.997704,0.9962335,0.9975646,0.99366045,0.9965138,0.99748504,0.9974504,0.9954741,0.99739695,0.9965194,0.99852103,0.9999998,0.997353,0.9962266,0.9975846,0.9980951,0.996655,0.99800426,0.9963594,0.997045,0.9969365,0.99659276,0.9966559,0.99656665,0.9936686,0.99765456,0.99601704,0.9967652,0.99762803,0.99706167,0.9967282,0.9967012,0.99703956,0.99616957,0.99714285,0.99657613,0.99762344,0.9971056,0.99647474,0.9973072,0.9938487,0.9921084,0.9957015
ipip73,0.99773496,0.9970666,0.9972799,0.99692017,0.99811035,0.9967206,0.99792635,0.99724483,0.99839634,0.99685055,0.99685466,0.997696,0.99687165,0.99678546,0.99639505,0.997228,0.9976452,0.9971905,0.9977898,0.9973477,0.99790245,0.9975126,0.9986668,0.9986303,0.99740493,0.9973181,0.99689615,0.9978308,0.9970331,0.99735993,0.99767953,0.9976451,0.9969434,0.99782854,0.9976879,0.99811566,0.9975507,0.99785006,0.99743736,0.99779034,0.9963429,0.9977012,0.99752486,0.9961828,0.9965291,0.9979275,0.99758,0.9969944,0.99781376,0.9967071,0.99760413,0.9925286,0.99798614,0.996657,0.9963651,0.9970059,0.99615794,0.9962698,0.99684185,0.9978641,0.9977578,0.99768305,0.9979312,0.99783546,0.9976163,0.997247,0.99765986,0.99798185,0.9978508,0.9967531,0.9979544,0.9980379,0.9951801,0.9971935,0.99676794,0.99108845,0.99613434,0.99745595,0.9975201,0.9980068,0.9975414,0.99788034,0.99630594,0.9976142,0.9975818,0.99778754,0.99739033,0.9964778,0.9961522,0.9975209,0.9970015,0.99800557,0.99756104,0.9951904,0.9948226,0.99555236,0.9979446,0.99748415,0.99520814,0.9951309,0.99698323,0.99834645,0.99748427,0.99764746,0.9978964,0.9951614,0.99756795,0.99704343,0.9980449,0.99754953,0.9980351,0.99574,0.997325,0.9968501,0.9978352,0.9974745,0.9975258,0.9979987,0.99762285,0.99727386,0.9979169,0.99712354,0.9980055,0.9977387,0.9977311,0.9971269,0.9973912,0.9978588,0.997717,0.99679464,0.9983708,0.99328876,0.99725854,0.9963138,0.9978997,0.9980351,0.99782497,0.99791265,0.99801844,0.99789464,0.99796885,0.9981179,0.997158,0.99832684,0.9976783,0.9956206,0.9976935,0.9977818,0.99572957,0.99765545,0.9985558,0.99813676,0.9966993,0.99523765,0.99753845,0.9976712,0.9978441,0.9974128,0.99502313,0.9974378,0.9964015,0.99846417,0.9973412,0.99733335,0.9979837,0.9910202,0.9978734,0.9977675,0.9977421,0.9965949,0.99833167,0.99627024,0.99730957,0.9981351,0.99814934,0.9977931,0.9981598,0.99784917,0.9977252,0.9976493,0.99662256,0.9974395,0.9973772,0.99741817,0.9946164,0.9968996,0.9978149,0.9978527,0.99789107,0.99700433,0.99779713,0.99791443,0.99787766,0.998105,0.9978336,0.9979799,0.9979672,0.99804366,0.99685556,0.99742,0.99778086,0.9981457,0.99680454,0.9978653,0.9978275,0.9980644,0.9983841,0.99456626,0.9971234,0.99653345,0.99746734,0.9967091,0.9981122,0.997745,0.9968454,0.99662644,0.99756926,0.99088085,0.99722725,0.9977199,0.99855846,0.9968028,0.99738294,0.9976724,0.9956761,0.99779415,0.99778414,0.9979097,0.99326056,0.99662507,0.99766654,0.99737483,0.99793506,0.9979712,0.99779534,0.9964914,0.99796176,0.99749696,0.99809474,0.9970206,0.9978155,0.99751323,0.99769825,0.9969358,0.99722874,0.9980688,0.9975424,0.9984768,0.9934238,0.9975929,0.9981998,0.99814683,0.99621254,0.99814266,0.9971493,0.99752957,0.997353,0.99999976,0.9966184,0.99814487,0.99799544,0.9965227,0.99722034,0.99530804,0.9967519,0.99774456,0.9977946,0.9986224,0.99774104,0.9947517,0.99813724,0.9967811,0.9981242,0.99810934,0.99819165,0.9979434,0.99806637,0.9980639,0.99653244,0.9981192,0.9980184,0.99815136,0.9976452,0.99796814,0.9977393,0.99451554,0.99283147,0.9964242
ipip103,0.9953172,0.9960387,0.9955221,0.9958487,0.9961093,0.9953588,0.9956623,0.9962618,0.9965495,0.996018,0.99583656,0.9958364,0.99629533,0.99630505,0.9955727,0.9956409,0.9960079,0.99602246,0.99623793,0.9960292,0.9963435,0.995872,0.99698657,0.99653584,0.99599576,0.99637496,0.9961654,0.99642986,0.99582547,0.99629354,0.99552715,0.99612397,0.99498653,0.9959092,0.99547803,0.99640805,0.995748,0.9957676,0.9957509,0.9958844,0.99578834,0.99680847,0.9965746,0.9953855,0.9961815,0.9965795,0.9970009,0.995603,0.99675435,0.9961736,0.99583125,0.99326456,0.9963186,0.99615115,0.99574345,0.9964342,0.9948438,0.9964189,0.99618113,0.9962918,0.9957877,0.99637645,0.99630326,0.99605614,0.9959753,0.99616104,0.99599034,0.99603593,0.99603593,0.99585414,0.9956549,0.9970791,0.99447817,0.99626595,0.9962406,0.99204004,0.9957348,0.99610966,0.9964545,0.99636775,0.99624246,0.9957642,0.9951732,0.9954545,0.9965294,0.99555653,0.9954036,0.9958521,0.9951962,0.99589586,0.9955973,0.99564373,0.99582934,0.99484247,0.9944135,0.995619,0.99543345,0.9962353,0.99440485,0.9954311,0.9959351,0.9959306,0.995973,0.9960825,0.9965776,0.99528176,0.9961437,0.99562573,0.99654156,0.9952823,0.9958988,0.99453276,0.9962484,0.99602956,0.99580634,0.9967796,0.9955499,0.9959642,0.99585426,0.9961487,0.9960538,0.99605227,0.9965231,0.99638593,0.99582815,0.99577385,0.99670476,0.9964702,0.996297,0.9956369,0.9963791,0.9936347,0.9965515,0.9961247,0.99575394,0.9968603,0.99629766,0.99651885,0.9957308,0.99564767,0.9954877,0.9967564,0.99606854,0.99673873,0.9961353,0.9952938,0.99580383,0.99596864,0.995873,0.99628943,0.9961882,0.9961974,0.9961547,0.9950561,0.9951482,0.9968111,0.99722964,0.9966531,0.9946627,0.9949997,0.9961575,0.99687636,0.9957536,0.9956058,0.99559474,0.9908688,0.9961122,0.9963521,0.99637985,0.9962237,0.99625665,0.9962242,0.99514484,0.9964373,0.99605435,0.996054,0.9961614,0.99606985,0.99599063,0.9962679,0.99645925,0.99610394,0.99652165,0.9962663,0.9945151,0.99620295,0.99587053,0.9959305,0.99597,0.99606365,0.9960772,0.9960573,0.9959383,0.9959245,0.9958373,0.9958132,0.9963812,0.99639666,0.99589825,0.9970334,0.9963051,0.99571645,0.99688625,0.9961868,0.996819,0.99653023,0.9961659,0.9943068,0.99653774,0.99606544,0.99616873,0.9952443,0.99597657,0.9964277,0.99608433,0.99575,0.9965222,0.9923869,0.9962549,0.9961219,0.9967798,0.9957004,0.99592316,0.9967539,0.99508435,0.9958617,0.99559426,0.996744,0.9942831,0.9953003,0.99642813,0.99577785,0.99618,0.9961542,0.9960108,0.9957971,0.9963596,0.99647117,0.99673903,0.99708337,0.9968574,0.99784,0.9960553,0.9960047,0.9964643,0.9967104,0.9961665,0.996211,0.99409217,0.99696946,0.99653184,0.99639773,0.9960463,0.99640596,0.9966307,0.99661684,0.9962266,0.9966184,0.99999917,0.9976901,0.99619514,0.99614006,0.9970695,0.9955775,0.9960949,0.9964318,0.9970908,0.99663115,0.9969824,0.99488133,0.99591124,0.99598503,0.9963116,0.9963425,0.99651897,0.9970622,0.99716705,0.99622124,0.9956302,0.99744654,0.99620944,0.9965016,0.996595,0.9961341,0.99663734,0.99399805,0.9931649,0.9953109
ipip133,0.9979083,0.997187,0.9975661,0.9969766,0.9980205,0.9969763,0.9980164,0.9973838,0.99815977,0.99695075,0.99696034,0.99797297,0.9973431,0.9970966,0.9970094,0.99756896,0.99780285,0.9971525,0.9980122,0.9976461,0.99804705,0.9976562,0.9983567,0.99815875,0.9974022,0.99773055,0.996582,0.99806637,0.99731153,0.9976546,0.9977098,0.99772185,0.99695677,0.99776256,0.9978963,0.9977645,0.997736,0.9979861,0.9978016,0.9977019,0.9963762,0.9978858,0.997556,0.9966052,0.99675274,0.99814624,0.99761134,0.99713534,0.99776256,0.99719685,0.9973847,0.9923624,0.99777603,0.99675715,0.99604815,0.99727035,0.9962053,0.9971607,0.997118,0.99797016,0.9978764,0.9976756,0.9981673,0.9976915,0.9976781,0.997705,0.9980264,0.99856913,0.99792176,0.99719536,0.9979432,0.9982537,0.9955475,0.99715316,0.9971408,0.9917264,0.99639463,0.9976361,0.9972648,0.99776995,0.99851227,0.99796027,0.9965439,0.9979555,0.9980429,0.9979632,0.99755234,0.9968875,0.9966147,0.99778014,0.99723506,0.99804264,0.9976021,0.9952852,0.99512696,0.99584585,0.99787116,0.9971687,0.99566394,0.99550307,0.9973754,0.99814934,0.9976085,0.99788713,0.9982155,0.99604154,0.99784565,0.997155,0.9981831,0.9976722,0.9981867,0.9959718,0.99748105,0.9972058,0.9979174,0.9975938,0.99757165,0.998073,0.9979434,0.9973943,0.9980967,0.9973954,0.9980153,0.99796623,0.997768,0.99765444,0.9975697,0.99802256,0.9973707,0.9970841,0.99801826,0.9934963,0.9968997,0.996383,0.9975672,0.9982942,0.99800116,0.9978299,0.9980691,0.99801594,0.9980208,0.998809,0.99735695,0.9984034,0.997959,0.99599785,0.9978997,0.9979191,0.99621636,0.9978439,0.99823064,0.99785495,0.99661034,0.9957341,0.9976779,0.9979599,0.9980193,0.99716675,0.99548775,0.9976411,0.99608475,0.9983008,0.9974808,0.9972638,0.99795735,0.9908789,0.99779516,0.99761534,0.9978262,0.99714744,0.9981447,0.99676114,0.99754107,0.9980003,0.9979487,0.9980504,0.9980945,0.99784505,0.99723524,0.99795765,0.996938,0.9971978,0.9975373,0.99723786,0.9948576,0.9972567,0.99801165,0.99802464,0.9981184,0.996931,0.9980612,0.9980957,0.9980665,0.99790245,0.9980262,0.9980847,0.99817854,0.9983828,0.99683577,0.9976414,0.9978071,0.99805605,0.9970042,0.9981028,0.9982672,0.99779814,0.9982256,0.994793,0.99768835,0.99663216,0.99759305,0.9970712,0.9979489,0.997562,0.9966733,0.9968683,0.9978946,0.9920146,0.99760205,0.9979378,0.998342,0.9971772,0.9976622,0.997905,0.9960689,0.9980274,0.9978939,0.9979929,0.9941136,0.99709934,0.99786985,0.99748737,0.99806297,0.99836063,0.9979789,0.99646705,0.9978792,0.99722654,0.99802446,0.99737114,0.9979747,0.99799967,0.9979802,0.9972971,0.99764913,0.99846077,0.9971476,0.9982016,0.99369615,0.9973531,0.99823195,0.99820745,0.9963019,0.99813384,0.9971507,0.99777716,0.9975846,0.99814487,0.9976901,1.0000002,0.9981563,0.9964594,0.9976902,0.99563193,0.997196,0.99774516,0.99775535,0.99788594,0.9978105,0.99521583,0.9980797,0.9969322,0.99760175,0.99808276,0.9978711,0.9979534,0.9978054,0.9979593,0.99682534,0.99820447,0.9975975,0.9982002,0.99822766,0.9975323,0.997917,0.99467206,0.99273235,0.99643606
ipip163,0.99829817,0.99650884,0.9976231,0.996397,0.99790096,0.99652034,0.9985893,0.9970687,0.99833363,0.9962754,0.9969526,0.9979078,0.99699,0.9965186,0.9960968,0.9976952,0.9978958,0.996564,0.99795705,0.99773556,0.9980774,0.99749744,0.9980837,0.99805593,0.9969926,0.9977519,0.9965256,0.99825543,0.99724,0.99778575,0.99801433,0.9979809,0.9974183,0.9979766,0.9983483,0.9978785,0.9983647,0.99850464,0.9981998,0.9978774,0.99647707,0.99808687,0.9971277,0.99730814,0.9956896,0.9979591,0.9968895,0.9965163,0.9975996,0.9965708,0.9973124,0.99133676,0.99782443,0.99681884,0.9956529,0.9972798,0.99578977,0.9963933,0.9963795,0.998124,0.9980493,0.99747515,0.99819016,0.9973515,0.99744385,0.9970755,0.99831384,0.99837667,0.99817455,0.9967897,0.99834144,0.9979829,0.9946268,0.9971243,0.9963557,0.9911473,0.99610376,0.9977492,0.99740005,0.997993,0.9973869,0.9982702,0.99641967,0.99817514,0.99776053,0.99842745,0.9979199,0.99673635,0.99605966,0.99783677,0.99712056,0.99834263,0.9976079,0.9946538,0.99457335,0.99488544,0.998316,0.99707425,0.9953584,0.99470276,0.9973668,0.99841857,0.9975104,0.99782723,0.9978702,0.9953457,0.9981234,0.99654675,0.99813354,0.99824536,0.99868995,0.9957933,0.9970011,0.99720716,0.9984961,0.9971718,0.9980226,0.99838334,0.99841845,0.9975832,0.998467,0.9975856,0.99825937,0.9981037,0.99814016,0.9974623,0.99790114,0.9982782,0.99728715,0.99721706,0.99832785,0.99245393,0.9962635,0.99546164,0.99802876,0.9982103,0.9975783,0.99816334,0.9986761,0.9984125,0.9983931,0.99799967,0.99700516,0.9979092,0.99768215,0.99541587,0.9980465,0.9982645,0.9960124,0.99812347,0.9985601,0.9978977,0.995975,0.99485624,0.99843985,0.99764353,0.99765253,0.99704355,0.99504983,0.9984493,0.995429,0.99864185,0.9978407,0.9966467,0.99837446,0.99079144,0.9984063,0.9974005,0.99806774,0.9971009,0.998501,0.99602264,0.9982752,0.99803096,0.99864954,0.99908495,0.9982979,0.9979025,0.9973392,0.998562,0.99666256,0.99771076,0.9975012,0.99778414,0.9945851,0.9971416,0.9990357,0.9989936,0.99916947,0.9971537,0.9987438,0.9996046,0.99967504,0.9987618,0.9984672,0.9992325,0.9988862,0.998687,0.99719304,0.997015,0.9984295,0.99867886,0.9963615,0.9994228,0.9980126,0.9975647,0.99882764,0.9935925,0.9971544,0.99621713,0.9977386,0.9974131,0.99869734,0.997584,0.9967152,0.99600285,0.99821055,0.9905787,0.9975495,0.9981724,0.9984351,0.99793774,0.99804425,0.99731785,0.9963771,0.9988076,0.9988137,0.99823046,0.99279904,0.99683386,0.9986133,0.99800307,0.99807924,0.9981188,0.9983893,0.99669677,0.9979057,0.99722946,0.9981047,0.9969505,0.9977319,0.99726117,0.9990268,0.9972525,0.9987163,0.99826515,0.9963637,0.998559,0.99305075,0.99689907,0.9984722,0.99849313,0.996137,0.99843967,0.99714285,0.99842644,0.9980951,0.99799544,0.99619514,0.9981563,1.0000002,0.9970363,0.99848354,0.9965086,0.9974005,0.99784476,0.9972208,0.9972737,0.99723685,0.994064,0.9986903,0.99651843,0.99750215,0.9984638,0.99775046,0.9974324,0.99738216,0.9979595,0.99652207,0.9977233,0.9974331,0.9986168,0.9975104,0.9974812,0.9980969,0.9937206,0.99150735,0.9958958
ipip193,0.9947984,0.99617755,0.99536186,0.9963554,0.9958352,0.9954016,0.9952978,0.99606776,0.9970716,0.9964316,0.9961022,0.99560887,0.99644816,0.99617016,0.99611956,0.99546325,0.99596345,0.996219,0.99597096,0.9956639,0.99608576,0.9955834,0.99623996,0.9968045,0.99584115,0.9955396,0.99771565,0.99643654,0.99576604,0.99658144,0.99647236,0.9965575,0.9953873,0.99580437,0.9949084,0.99578375,0.9954189,0.9951466,0.9956913,0.99576354,0.9962906,0.99618363,0.9966002,0.9952379,0.9967643,0.99588805,0.9967604,0.9955238,0.9959091,0.99561685,0.9958363,0.9944485,0.9959495,0.99667776,0.9972638,0.99701095,0.9948033,0.99696654,0.9960398,0.99674505,0.9951041,0.99578744,0.995706,0.9963062,0.99563974,0.99629027,0.9955237,0.9960808,0.9959936,0.9966794,0.99481326,0.9960842,0.9946563,0.9953971,0.9960448,0.99247867,0.9954117,0.99562913,0.9980018,0.997641,0.9961528,0.99531966,0.99479383,0.9949445,0.9958613,0.9949125,0.9949955,0.995896,0.99563897,0.9955497,0.9954421,0.9949798,0.99516916,0.99451864,0.9948446,0.9950404,0.9947232,0.99785113,0.9944799,0.9956153,0.99575555,0.9960357,0.995441,0.99587524,0.9960081,0.99620205,0.99542695,0.99566764,0.99642414,0.994715,0.99541634,0.9942617,0.99596196,0.99575084,0.9956328,0.99656373,0.9951095,0.9955678,0.9955831,0.99596834,0.99597746,0.9963226,0.99672246,0.9963545,0.9951699,0.9969908,0.99712676,0.99646086,0.997815,0.99579597,0.995669,0.99379677,0.99626565,0.9959306,0.99501294,0.99665344,0.9964537,0.9968689,0.99536544,0.9949586,0.99487084,0.99620765,0.9960173,0.9965184,0.99572605,0.9953635,0.99540615,0.9958911,0.9967967,0.9962759,0.9962848,0.996592,0.99564224,0.9951852,0.99505955,0.9963284,0.9965766,0.99582124,0.99458104,0.9948787,0.99616665,0.99631554,0.99571055,0.9959116,0.9949711,0.99169636,0.99603754,0.9960227,0.99602854,0.99568546,0.99507374,0.9954948,0.99449515,0.99609643,0.9977013,0.99598014,0.99591786,0.99600595,0.99675167,0.9969517,0.99649596,0.99876714,0.9969455,0.99886554,0.99569935,0.9966568,0.99650365,0.9964732,0.99672365,0.9971441,0.99619055,0.9967284,0.99655586,0.9978218,0.995759,0.9956474,0.9964293,0.99546826,0.9966733,0.99695903,0.9966507,0.9954895,0.99656844,0.9965967,0.9964144,0.99658537,0.9969508,0.9957043,0.99709153,0.99679506,0.99653685,0.99505144,0.99746954,0.99684715,0.9981474,0.9961162,0.99641484,0.9931828,0.99577826,0.99580455,0.99603695,0.9960388,0.99654746,0.9973942,0.99566233,0.9956998,0.9956865,0.9970894,0.9959633,0.9959156,0.99723864,0.99645257,0.9961162,0.9961691,0.9958998,0.9970468,0.99604917,0.9957661,0.99585027,0.9962757,0.9959967,0.9962721,0.9956627,0.9971097,0.99677575,0.99662817,0.9961428,0.99536264,0.99387145,0.9960413,0.9967436,0.9966116,0.99653757,0.9966242,0.99687093,0.997203,0.996655,0.9965227,0.99614006,0.9964594,0.9970363,1.0000002,0.9977303,0.9970046,0.99761087,0.9959276,0.9961835,0.9963804,0.9960958,0.9950328,0.99554235,0.9968222,0.9967181,0.9960753,0.9968224,0.9962566,0.9962991,0.9958819,0.9961257,0.99594444,0.9972755,0.9959361,0.9966634,0.99712336,0.9964283,0.99496645,0.99385,0.99546534
ipip223,0.99670595,0.9966411,0.99675775,0.99663484,0.99707544,0.99608016,0.9970616,0.9971392,0.99755245,0.99654824,0.9967401,0.99687016,0.99685246,0.9966136,0.99625313,0.9966148,0.9970363,0.99643856,0.9971034,0.99712676,0.9973158,0.99691665,0.9972551,0.997428,0.9965423,0.99694496,0.99706495,0.99753374,0.9968748,0.99727833,0.99667686,0.9973157,0.99617434,0.9970472,0.9968697,0.99696153,0.99722195,0.99706596,0.99704343,0.99698997,0.99643725,0.99735445,0.9968296,0.9965232,0.9962838,0.9970998,0.99702656,0.99641544,0.9972045,0.99626505,0.9967003,0.9928981,0.9970679,0.9970193,0.9960596,0.99731624,0.9954539,0.99715406,0.9964019,0.99745727,0.9968167,0.9967668,0.9971709,0.9968422,0.99664545,0.99676454,0.9973173,0.9973314,0.9972027,0.99721617,0.99671215,0.9972581,0.99468,0.9965585,0.996489,0.99277997,0.9963001,0.9971283,0.9973249,0.99740285,0.9969152,0.9971539,0.99605215,0.996745,0.9974916,0.9969438,0.9968562,0.99658716,0.9960016,0.99697006,0.996402,0.99676114,0.9968208,0.9948427,0.9949227,0.9952165,0.99670565,0.9970302,0.99498045,0.9955761,0.9968907,0.9970672,0.9967722,0.99685556,0.9972847,0.9957729,0.9971592,0.9961618,0.9974822,0.99669564,0.9972865,0.995375,0.996756,0.9967483,0.99736416,0.99712396,0.9967534,0.9972059,0.9973735,0.9971339,0.99721944,0.99699813,0.9975272,0.99734265,0.99690443,0.9966992,0.9978874,0.99763376,0.9970193,0.9966693,0.9972516,0.9934376,0.9963358,0.99592435,0.996772,0.997454,0.9969158,0.99763334,0.9971898,0.99688643,0.9966982,0.9973013,0.9966406,0.99725306,0.99681836,0.99569315,0.9970167,0.99722826,0.9965215,0.99756473,0.99730647,0.99708545,0.9961543,0.99519914,0.99708307,0.9971148,0.9973494,0.9966958,0.9951594,0.9969648,0.9959762,0.99762654,0.9969896,0.9960686,0.99678516,0.991211,0.9974649,0.99687934,0.99744636,0.9967384,0.9970193,0.9960333,0.9966492,0.9970988,0.99739796,0.9976607,0.99738604,0.997106,0.9969527,0.9977555,0.99693197,0.99736154,0.9973121,0.99745584,0.9953512,0.9968637,0.99783564,0.99774706,0.9978422,0.99717784,0.99781966,0.998227,0.9981051,0.99751705,0.99727017,0.99762976,0.99803036,0.99734896,0.99683183,0.9972489,0.99806654,0.9972478,0.99709696,0.99821365,0.9973544,0.9968434,0.99756855,0.99469423,0.9971806,0.99665666,0.99722975,0.99657995,0.9974067,0.99703836,0.9970295,0.9960883,0.9977262,0.99277884,0.9971145,0.9972388,0.9973991,0.9972372,0.9974607,0.9976753,0.9962178,0.9973612,0.9973252,0.9978282,0.994633,0.9962722,0.99815875,0.9970296,0.99711394,0.997294,0.99729884,0.9966772,0.9972898,0.99697804,0.9973264,0.9968864,0.9972678,0.99734926,0.9977105,0.99707747,0.99794996,0.9977374,0.99653006,0.9971533,0.99427634,0.996888,0.9975857,0.9975202,0.9964776,0.99756306,0.9972743,0.9984645,0.99800426,0.99722034,0.9970695,0.9976902,0.99848354,0.9977303,0.9999987,0.997447,0.9975044,0.99713176,0.997021,0.99663967,0.9968645,0.99476564,0.99729836,0.99677175,0.9968804,0.99745953,0.9972017,0.99704933,0.99711317,0.9971058,0.9963352,0.9972606,0.9969837,0.9975802,0.9974142,0.9969139,0.99756885,0.99455833,0.9931573,0.99589956
ipip253,0.99393296,0.9954287,0.99433655,0.9953515,0.99509555,0.9945108,0.9944111,0.99546397,0.99562466,0.99543434,0.9948943,0.9945964,0.9957077,0.99518013,0.99475914,0.9946573,0.995082,0.99493694,0.9950281,0.99493587,0.99545854,0.994827,0.99518615,0.9954348,0.994967,0.99489063,0.9963512,0.9957516,0.9947795,0.9955855,0.9945462,0.9956435,0.9939995,0.99489635,0.9941652,0.99509037,0.9948316,0.99442583,0.9949938,0.99506444,0.9951967,0.9951727,0.99554014,0.9947057,0.9954993,0.99520105,0.9959591,0.99477094,0.9954191,0.994702,0.9949336,0.99368155,0.99534565,0.996287,0.9951049,0.99647737,0.9939543,0.99593216,0.9952283,0.99572533,0.99449986,0.99489063,0.99495476,0.9948317,0.99501765,0.995108,0.9948115,0.99498266,0.9954589,0.99559826,0.9939608,0.9953235,0.99383825,0.9949284,0.9952458,0.9918379,0.9946185,0.99478316,0.99605554,0.99571764,0.99507254,0.99444586,0.99415594,0.9940742,0.9951027,0.99423075,0.9942187,0.9950989,0.9945785,0.99458027,0.9947485,0.994161,0.9945444,0.9939356,0.9940653,0.99468124,0.99402744,0.99627024,0.9939646,0.9950369,0.9954379,0.99449664,0.99473435,0.995044,0.99523586,0.99547035,0.99478674,0.99458337,0.99579763,0.9940032,0.9947046,0.9931806,0.9950098,0.9949733,0.99494344,0.99567693,0.9942935,0.99506783,0.9946216,0.9955295,0.9951778,0.9955311,0.99578387,0.995348,0.99465746,0.9951192,0.9966735,0.9957713,0.9955731,0.99509996,0.9951092,0.9933077,0.9951233,0.9948841,0.9944446,0.99560034,0.9951299,0.9960104,0.9946704,0.9943364,0.99392956,0.99538803,0.99486357,0.99544936,0.9946887,0.99453634,0.9945317,0.9954158,0.9954095,0.9954482,0.9950215,0.9951563,0.99514306,0.99434006,0.9941251,0.99546754,0.99559337,0.99536234,0.9937543,0.99402416,0.9953397,0.9954921,0.99510413,0.9944004,0.9943225,0.9909724,0.99546385,0.9954795,0.9957655,0.9952629,0.99438906,0.9948917,0.9939903,0.9948915,0.99543715,0.9954109,0.9952093,0.99537593,0.995668,0.99646646,0.9957105,0.9960826,0.99617237,0.9962755,0.99437743,0.99548733,0.99595565,0.99575347,0.99603266,0.996313,0.99557716,0.99606156,0.99596053,0.99549675,0.99464655,0.99499327,0.9963834,0.9947072,0.99602705,0.9962848,0.99696547,0.99489564,0.9965197,0.9965142,0.9954424,0.99529517,0.9954384,0.9943126,0.99629045,0.9955279,0.9956831,0.99433523,0.9954086,0.9954441,0.9963129,0.99473363,0.9959954,0.9926337,0.9952403,0.9954177,0.99512553,0.995453,0.9956246,0.9961614,0.9948849,0.99489295,0.99495083,0.9964712,0.9950809,0.9944996,0.99694186,0.99525994,0.9951098,0.9950337,0.9951821,0.9959189,0.9954156,0.9957412,0.995261,0.9956476,0.99545276,0.9957691,0.99541986,0.9958989,0.9964248,0.9959525,0.9951824,0.99454397,0.9933851,0.9954491,0.99556583,0.99547553,0.99563366,0.99562687,0.99608225,0.99754095,0.9963594,0.99530804,0.9955775,0.99563193,0.9965086,0.9970046,0.997447,1.0000004,0.9966559,0.99563795,0.99560946,0.9950921,0.99542856,0.99390453,0.9947854,0.9955005,0.995239,0.9953692,0.99555194,0.9955549,0.9956944,0.995044,0.9951451,0.99518824,0.99538344,0.99537927,0.9959705,0.9952286,0.9958141,0.994427,0.9933031,0.99470437
ipip283,0.9954972,0.9968665,0.9961742,0.9970123,0.99644744,0.9958853,0.9962286,0.99669504,0.9972655,0.99712574,0.9966096,0.9959973,0.99690163,0.99623543,0.99654233,0.99612945,0.996641,0.996489,0.9964129,0.99632174,0.9967609,0.9958705,0.99682873,0.9970208,0.99631095,0.9962942,0.9971264,0.9971686,0.9961668,0.9967207,0.995946,0.99718714,0.99594504,0.9961233,0.99574006,0.9964382,0.99638957,0.9961461,0.996504,0.9963069,0.9962518,0.996714,0.9965068,0.99554956,0.996729,0.9963551,0.9968878,0.996047,0.9964416,0.9958034,0.9964752,0.9946318,0.99634993,0.99668866,0.9970142,0.9977368,0.9951424,0.99706584,0.9968422,0.99760056,0.99556845,0.9959806,0.9958935,0.99618816,0.9961515,0.9967837,0.9961018,0.9974673,0.9963011,0.9974108,0.99549055,0.9967453,0.9949667,0.99586624,0.99614376,0.9928366,0.99581814,0.9960583,0.9976381,0.99716675,0.9965505,0.99577266,0.9951195,0.995595,0.99617016,0.995666,0.99557745,0.9966221,0.99602103,0.9960878,0.9958938,0.9955735,0.9956931,0.9944715,0.99488527,0.99516016,0.9954013,0.99722815,0.9947102,0.99549246,0.99634916,0.9960344,0.9957925,0.99647033,0.99630696,0.99652624,0.99605006,0.99626905,0.9968656,0.99539864,0.99592334,0.99429977,0.9959646,0.99610716,0.99617356,0.9967893,0.99568653,0.99637794,0.9958817,0.9966296,0.9963247,0.99630606,0.99704486,0.9964255,0.9960944,0.9966839,0.9976017,0.9968605,0.9974785,0.9961806,0.9964175,0.9941888,0.9964183,0.9959697,0.99587345,0.99685895,0.99674404,0.9976561,0.9959618,0.99550414,0.9953883,0.99672973,0.9966911,0.9967626,0.9959695,0.995746,0.9959097,0.99622774,0.9971171,0.99637115,0.99642354,0.9966016,0.9958362,0.99500924,0.99548346,0.99668187,0.996895,0.99613893,0.9945143,0.9952824,0.9962748,0.996758,0.99620354,0.9960273,0.9955115,0.99242425,0.99666,0.9964714,0.99666286,0.99603623,0.99583685,0.995823,0.9953376,0.9963642,0.9970619,0.99659956,0.9964496,0.9965763,0.9966453,0.9973893,0.996727,0.9974627,0.9966975,0.9973602,0.99595106,0.99618834,0.99704355,0.99695045,0.99720806,0.9968842,0.99668676,0.9970727,0.9970162,0.9970044,0.995945,0.996172,0.9969838,0.9961061,0.99657243,0.99708885,0.99700254,0.9961263,0.9968259,0.99690515,0.9965866,0.9966088,0.99674994,0.9957012,0.9974904,0.99672043,0.9969481,0.9955031,0.9969204,0.9964758,0.9973549,0.99610734,0.99690586,0.9944565,0.9964431,0.9965349,0.9966739,0.99626654,0.99638945,0.9970125,0.99578595,0.9963931,0.9961287,0.99722046,0.9955907,0.9963055,0.9975295,0.99601495,0.9963192,0.99659,0.996051,0.9962292,0.9963109,0.9963742,0.9966242,0.9968295,0.9963077,0.99667746,0.99631494,0.99719304,0.99708223,0.9971437,0.9965311,0.9961056,0.9947178,0.99646384,0.9973508,0.99728936,0.99708277,0.99732137,0.9974506,0.9970223,0.997045,0.9967519,0.9960949,0.997196,0.9974005,0.99761087,0.9975044,0.9966559,1.0000007,0.9963027,0.9967623,0.99654806,0.9965817,0.9952046,0.9961576,0.99759865,0.99646336,0.9966803,0.9968271,0.9967461,0.99688107,0.99623567,0.99589014,0.9964863,0.99710715,0.99667984,0.9974283,0.9971186,0.99684376,0.99525917,0.9944637,0.9959699
ipip18,0.9975201,0.9964127,0.9970147,0.9962478,0.997598,0.99639297,0.9977952,0.9969987,0.99779737,0.9962533,0.9966581,0.9978771,0.99698454,0.9964989,0.99618024,0.99730766,0.99754965,0.9962943,0.99758047,0.99737537,0.9976559,0.9971624,0.9978991,0.9974513,0.9967175,0.99719685,0.9962904,0.99763244,0.9967798,0.9973517,0.9973445,0.9976712,0.9967493,0.99737215,0.9976906,0.9978263,0.9973049,0.99763286,0.99722004,0.9973343,0.9967149,0.99766004,0.9970255,0.9963209,0.9959779,0.99753577,0.9969822,0.9963517,0.99753904,0.99663204,0.9968866,0.99172235,0.998372,0.9962399,0.99566966,0.9972791,0.99585074,0.9961528,0.9966076,0.99776477,0.9975889,0.9973655,0.9979054,0.99693704,0.9970467,0.9968446,0.9975424,0.9975732,0.9975446,0.9963929,0.9983084,0.99817884,0.9954371,0.9983651,0.9970829,0.99148923,0.9961912,0.99735403,0.9972554,0.9978654,0.99740374,0.99759144,0.9961678,0.9974091,0.9972561,0.9978322,0.9972417,0.9963993,0.9961496,0.99735034,0.9970465,0.9976228,0.99744135,0.99486566,0.99491984,0.995465,0.9979988,0.9967877,0.99530685,0.9949501,0.99706066,0.99774915,0.9973294,0.99723077,0.9976229,0.9951075,0.99758303,0.9964853,0.997776,0.9975921,0.9981976,0.99561614,0.9974122,0.99680585,0.9977437,0.99740994,0.9974671,0.99781084,0.99751234,0.99729276,0.9977263,0.99716645,0.9978242,0.9977143,0.99750376,0.99659646,0.9973051,0.99795777,0.9968597,0.9968358,0.9981818,0.9925965,0.99683267,0.995729,0.9978447,0.9985957,0.99747425,0.99815005,0.9983176,0.99793446,0.9976684,0.99772745,0.9966771,0.9976532,0.99740505,0.99573666,0.99748164,0.997497,0.9961999,0.99751216,0.99793303,0.9974831,0.9960569,0.99521464,0.99743956,0.99787676,0.997771,0.99784696,0.9953833,0.997396,0.9963045,0.9984807,0.99736625,0.9967526,0.9980188,0.9910396,0.9981995,0.9972461,0.9975881,0.9967376,0.9980553,0.99616826,0.9971957,0.9975099,0.9976344,0.997899,0.9975571,0.99742615,0.9969423,0.9974646,0.9962083,0.9968929,0.997192,0.99706185,0.994335,0.99744415,0.9975417,0.99765706,0.99763465,0.99629384,0.9976189,0.9978372,0.99769527,0.9975279,0.9976256,0.9979653,0.9977989,0.9979867,0.9962818,0.99691653,0.99768066,0.997744,0.9967957,0.99784917,0.99762005,0.9971233,0.99791014,0.9936974,0.99686956,0.9961378,0.9973734,0.9965364,0.99753124,0.9975357,0.9964309,0.99570996,0.9976185,0.9905724,0.9970987,0.997483,0.9981176,0.99705034,0.9975189,0.9970364,0.99588907,0.9978637,0.99771684,0.99774027,0.99274194,0.9962727,0.9975129,0.9975215,0.9978241,0.9975892,0.9977893,0.9963598,0.99753267,0.99755,0.99778646,0.99698716,0.9975398,0.9970494,0.9977659,0.9966601,0.9973137,0.9977536,0.9967702,0.9981935,0.99373025,0.997568,0.99806744,0.9980995,0.9961781,0.99803346,0.99706364,0.9972351,0.9969365,0.99774456,0.9964318,0.99774516,0.99784476,0.9959276,0.99713176,0.99563795,0.9963027,1.0000005,0.9977337,0.99729955,0.9977964,0.9955563,0.9984544,0.99714166,0.9977733,0.99842966,0.99801755,0.9976946,0.99772924,0.9977467,0.9966278,0.99751484,0.99727404,0.9981808,0.99728477,0.99717975,0.9981054,0.9941338,0.99249935,0.996172
ipip48,0.9964756,0.996575,0.9964757,0.9963012,0.9970171,0.99612427,0.9968159,0.9966561,0.99745226,0.99636585,0.9965204,0.9970213,0.9969795,0.9965401,0.9965341,0.9966556,0.99695534,0.9965087,0.99716973,0.9967466,0.9974482,0.9965141,0.9984152,0.99729246,0.9967589,0.9967077,0.9963175,0.99729115,0.9964734,0.9969157,0.9965116,0.9971927,0.9961426,0.9967692,0.9964733,0.997862,0.996768,0.996823,0.99675155,0.99672896,0.9964276,0.997227,0.9969332,0.99582344,0.99624383,0.9970575,0.99707973,0.9964675,0.99705833,0.996419,0.9966173,0.99282676,0.9970931,0.9962195,0.9961566,0.99725854,0.9953136,0.99666435,0.9966243,0.99733615,0.99677813,0.9968679,0.99709606,0.9965895,0.99699044,0.99705833,0.99676734,0.99705493,0.99696916,0.99635476,0.997036,0.99840814,0.995124,0.9970772,0.99664485,0.9927366,0.9963285,0.9970368,0.9971049,0.99705327,0.9973255,0.9968773,0.9960819,0.996523,0.9969442,0.99679124,0.9964443,0.99650496,0.9958445,0.99662226,0.99666834,0.99683416,0.99665815,0.9948351,0.99478483,0.9953933,0.9965472,0.9966859,0.9950159,0.9954397,0.9967559,0.9970268,0.99682593,0.9973018,0.9972541,0.99575627,0.9969304,0.99651796,0.99738073,0.9963564,0.99703336,0.9949725,0.99696267,0.9965579,0.9969062,0.9979928,0.9966871,0.9972055,0.99654484,0.997476,0.9973978,0.9968837,0.99754286,0.99717784,0.9968718,0.99666506,0.9974398,0.99754953,0.99700165,0.9964932,0.9979723,0.99491024,0.99750704,0.9962388,0.9973261,0.99798644,0.9973539,0.99801433,0.99723303,0.9967914,0.99658173,0.997717,0.99682397,0.99748546,0.99683654,0.9957759,0.9968043,0.9969282,0.9965439,0.9968349,0.99737763,0.99748224,0.99682885,0.9955032,0.99627334,0.99824905,0.99838567,0.99781525,0.9947997,0.9960804,0.9971379,0.99798673,0.9967028,0.99699205,0.9968394,0.9920829,0.99742216,0.9973619,0.9969877,0.9964388,0.9973631,0.99629194,0.99616915,0.9974003,0.9970173,0.9971804,0.99707144,0.9968985,0.99711305,0.99716496,0.9964827,0.9968132,0.99702185,0.9968914,0.9947282,0.9973146,0.9969215,0.9969329,0.9970432,0.99675435,0.99703884,0.9971599,0.99710697,0.99688464,0.99688125,0.99695575,0.99733067,0.9970326,0.9964686,0.99700296,0.99714416,0.99668926,0.99666196,0.99716926,0.99703944,0.99703735,0.99719185,0.9946456,0.9973028,0.99640906,0.99710417,0.99598163,0.99684066,0.9973736,0.9965831,0.9960521,0.9975955,0.9921524,0.9967128,0.9974637,0.9984033,0.99662465,0.99672264,0.9971535,0.99584305,0.9970371,0.9967112,0.99731827,0.9938639,0.99600875,0.9970705,0.9965211,0.9970831,0.99717546,0.9968507,0.99611163,0.9971011,0.9976673,0.99810255,0.99814713,0.99742323,0.99746776,0.9971218,0.99660957,0.9973227,0.9974059,0.99692285,0.9977165,0.9942685,0.99802065,0.9976615,0.9975614,0.9972917,0.997773,0.9974516,0.99679834,0.99659276,0.9977946,0.9970908,0.99775535,0.9972208,0.9961835,0.997021,0.99560946,0.9967623,0.9977337,1.0000002,0.9978523,0.9985845,0.99577147,0.9972961,0.99711245,0.9972198,0.99800384,0.997449,0.99819505,0.9984446,0.99715066,0.9963939,0.99789864,0.99701387,0.99738,0.9970971,0.99696434,0.99756837,0.994225,0.99352276,0.99596477
ipip78,0.9968599,0.996764,0.99661154,0.99650955,0.99730706,0.9965457,0.99711096,0.9967215,0.99806833,0.9965055,0.99639004,0.9970497,0.99637717,0.9963809,0.99642575,0.9965946,0.996956,0.99670374,0.9972165,0.9966486,0.9971445,0.9968884,0.9981072,0.9981352,0.99729806,0.9967018,0.99670726,0.9971778,0.9964256,0.9968772,0.99721897,0.99709874,0.99654824,0.99728453,0.996802,0.99767315,0.9966443,0.9969487,0.99677795,0.9970546,0.99588084,0.99721444,0.9973297,0.9955661,0.99642843,0.9974698,0.99735093,0.99726653,0.99701154,0.99618065,0.996839,0.99234045,0.9970487,0.99603796,0.99695945,0.9965973,0.9955785,0.99608463,0.99640816,0.99736935,0.9969399,0.99728453,0.9972382,0.99742,0.99718714,0.9972581,0.9968857,0.9978013,0.9975653,0.9966073,0.99724776,0.99772626,0.99548596,0.99667436,0.99633944,0.99112034,0.99571997,0.9968742,0.99734014,0.9976437,0.9972219,0.9970328,0.9956026,0.99684453,0.9968818,0.9968453,0.99646246,0.9961365,0.9959342,0.9968402,0.99635464,0.9971047,0.9966992,0.9947955,0.9947983,0.9951571,0.9970642,0.99718535,0.9949704,0.9950893,0.9964552,0.9977658,0.9968436,0.99728423,0.9972306,0.99524075,0.9969385,0.9968709,0.99754673,0.9966222,0.9971606,0.9950922,0.9966888,0.9964962,0.9969712,0.99735314,0.9968513,0.99744976,0.9967578,0.99687177,0.9973305,0.9966837,0.9975355,0.99711674,0.9967808,0.9970446,0.99703735,0.9972433,0.9981072,0.9964096,0.9977094,0.99402237,0.9969751,0.99622995,0.9970665,0.9976149,0.9976973,0.9975066,0.99715495,0.9971372,0.9970498,0.997549,0.997039,0.997871,0.99710566,0.99517626,0.9971944,0.99746805,0.99576145,0.9969122,0.99801177,0.9978006,0.9968175,0.995905,0.99670845,0.9975753,0.9977388,0.9972157,0.99471974,0.99662036,0.99617594,0.99783164,0.9966535,0.99767756,0.9972434,0.9909245,0.9971709,0.9978904,0.9969572,0.9960013,0.99757046,0.99619347,0.9964116,0.99773794,0.9977646,0.99716765,0.99764305,0.99724895,0.9977327,0.9971554,0.9962945,0.9974007,0.9972684,0.997252,0.9946574,0.9966252,0.99707925,0.9971984,0.99719614,0.99684936,0.9969793,0.9972752,0.9971827,0.9976783,0.99717593,0.997164,0.99734277,0.99725956,0.99667424,0.9971887,0.9971711,0.99723643,0.9964394,0.9971873,0.9973596,0.9978827,0.9978032,0.99482584,0.99697125,0.99631125,0.997132,0.99610984,0.9977029,0.9974817,0.9967479,0.9960825,0.99724656,0.99182075,0.9968014,0.997081,0.9981231,0.99634856,0.99671966,0.99728644,0.9954151,0.99709916,0.9969638,0.9973533,0.9936427,0.9964659,0.9970963,0.9965855,0.9975418,0.997544,0.99691343,0.9960792,0.99749666,0.9970952,0.9976704,0.9971008,0.9974047,0.99733734,0.9970187,0.9968313,0.9968773,0.99781215,0.99702513,0.99792576,0.99367774,0.9973099,0.9977641,0.99768174,0.99598974,0.99763316,0.9968294,0.9968136,0.9966559,0.9986224,0.99663115,0.99788594,0.9972737,0.9963804,0.99663967,0.9950921,0.99654806,0.99729955,0.9978523,1.0000002,0.9978507,0.9950383,0.99733275,0.9968182,0.9976555,0.9976011,0.99771965,0.997806,0.9979872,0.9976862,0.99696654,0.99813294,0.998237,0.99750257,0.9974255,0.99824554,0.9972877,0.99439156,0.99262375,0.99564457
ipip108,0.9965477,0.9966626,0.9964698,0.99622804,0.9970666,0.99641275,0.9968114,0.9965685,0.9974826,0.99625325,0.9964706,0.9971553,0.99692774,0.99662083,0.9963697,0.9968136,0.99692166,0.99632156,0.9972458,0.9968209,0.9973596,0.9966685,0.9981969,0.9972466,0.9969997,0.9967459,0.9961781,0.9972577,0.99662834,0.9970194,0.9967597,0.99722207,0.99633384,0.9969402,0.9966384,0.99782485,0.9967252,0.9968243,0.9969526,0.99688536,0.9964155,0.9972303,0.9968571,0.9959566,0.9963167,0.997137,0.9970618,0.9965041,0.9971285,0.996578,0.99641496,0.9923859,0.99707144,0.9960838,0.99600506,0.9972647,0.9954218,0.9966248,0.9965827,0.9973815,0.9971413,0.99721164,0.9973092,0.9967471,0.99721193,0.99728525,0.9968519,0.9972084,0.9971289,0.9963775,0.99714714,0.9983115,0.9955103,0.9971258,0.9969691,0.99250185,0.99620044,0.9970629,0.997036,0.99716,0.99742085,0.9970416,0.9960473,0.99669427,0.9968373,0.9969694,0.99667776,0.9965536,0.99613506,0.9966764,0.9967231,0.99690044,0.99702936,0.995534,0.9950304,0.9956517,0.99666077,0.9968384,0.9952922,0.9955779,0.9970756,0.9972244,0.9979645,0.9974561,0.99749696,0.99593437,0.9970179,0.99710655,0.9980183,0.9966589,0.9971219,0.99509317,0.9970981,0.9970991,0.9970882,0.9980187,0.9970665,0.99746627,0.9967447,0.99745786,0.9974325,0.99721384,0.9974025,0.99718547,0.99687773,0.996667,0.9971984,0.99737567,0.99702734,0.99649596,0.997777,0.9939286,0.99735224,0.9965226,0.9972026,0.99801016,0.99744344,0.9976811,0.9971429,0.99679136,0.99691117,0.9979621,0.9969903,0.997505,0.9971924,0.9959476,0.99704504,0.99706525,0.9964666,0.99699503,0.99750155,0.9974149,0.9969444,0.9958365,0.9965353,0.9982276,0.9982711,0.99760866,0.9952352,0.9963668,0.99677277,0.998059,0.9967371,0.99724656,0.9969359,0.9918389,0.9972884,0.997408,0.99702513,0.9965308,0.9974077,0.9963912,0.9963207,0.9973179,0.9971447,0.99726635,0.9971691,0.9969109,0.99708146,0.99717325,0.9965474,0.99698484,0.99706644,0.9969059,0.9948277,0.99740523,0.9969609,0.99700373,0.9970951,0.99667394,0.9970489,0.99717313,0.99713504,0.9970381,0.9970245,0.9970671,0.997358,0.9971629,0.99647623,0.99700433,0.9970802,0.99681306,0.9966727,0.9972223,0.99718434,0.99719983,0.9973586,0.9947788,0.9973013,0.99638957,0.99711317,0.9960605,0.9970249,0.9973581,0.99655324,0.9961043,0.9974475,0.9923222,0.99713665,0.99746764,0.9981341,0.9966523,0.996898,0.9971403,0.99581814,0.9971831,0.9968138,0.99740946,0.99398667,0.9962056,0.9970704,0.99657166,0.99731195,0.99726135,0.99716055,0.99607164,0.99708676,0.9973393,0.99787396,0.99774283,0.99744934,0.99747235,0.9971093,0.9967033,0.99709266,0.99752855,0.9967247,0.9975975,0.99390393,0.9975045,0.9976918,0.9976436,0.9966123,0.99768406,0.99714303,0.99677587,0.99656665,0.99774104,0.9969824,0.9978105,0.99723685,0.9960958,0.9968645,0.99542856,0.9965817,0.9977964,0.9985845,0.9978507,1.0000006,0.9959379,0.9974594,0.99719965,0.9972829,0.9980985,0.9975189,0.9981663,0.99819297,0.997139,0.99661624,0.99786896,0.9971267,0.9973795,0.99718595,0.9970439,0.9975753,0.99419117,0.99303734,0.9958617
ipip138,0.99308145,0.9949011,0.9942507,0.99473864,0.9942066,0.9943231,0.99325967,0.9941914,0.9948844,0.994751,0.9945569,0.99546677,0.9951161,0.99476326,0.99539196,0.9940325,0.9941328,0.9943795,0.99442154,0.9938627,0.99455935,0.9939614,0.99502003,0.99451876,0.9945308,0.99369997,0.99488306,0.99465615,0.99409604,0.9945329,0.993882,0.99476266,0.99348867,0.99377114,0.9929137,0.99454784,0.99317014,0.99302346,0.9937905,0.9940297,0.99455035,0.9944118,0.9950613,0.9933561,0.99555194,0.9943686,0.9952953,0.9946965,0.9944181,0.9942574,0.99397576,0.99285096,0.9945199,0.9939451,0.9949648,0.99590033,0.99344146,0.9954513,0.9954179,0.9950284,0.9935604,0.9949073,0.99420804,0.9948253,0.99438107,0.99572176,0.99348736,0.9944304,0.99432224,0.9950373,0.99345744,0.9954909,0.99493057,0.99479866,0.99579734,0.9924709,0.9942292,0.9943112,0.9953792,0.9950095,0.9954949,0.99399734,0.993624,0.99328977,0.99422723,0.99311656,0.99308825,0.99445003,0.99480605,0.9938141,0.9946035,0.99311656,0.9938112,0.9935934,0.9942181,0.9941952,0.99308753,0.99493784,0.9936948,0.9945719,0.9944924,0.9938676,0.9942702,0.99445385,0.99474007,0.99490935,0.99363947,0.9945116,0.9945791,0.99290955,0.9937265,0.99298716,0.9963048,0.9944476,0.9934933,0.9958866,0.9933853,0.99394834,0.9934094,0.9947761,0.9938219,0.99444455,0.9950804,0.99481714,0.9932227,0.99442893,0.995178,0.99470276,0.99525404,0.99422616,0.99414396,0.99266076,0.9953949,0.9951402,0.993346,0.9962765,0.9951762,0.9952668,0.9936513,0.9931805,0.9930373,0.9950036,0.9947265,0.9947528,0.9944986,0.99451697,0.99416184,0.9941663,0.99554056,0.9944195,0.99406856,0.9947385,0.99484295,0.9944187,0.99270946,0.99596995,0.9959829,0.9951657,0.99424726,0.9924874,0.99526715,0.9947795,0.99366987,0.9948122,0.99314636,0.9902677,0.9940613,0.9947431,0.99392945,0.99381185,0.9933808,0.9942519,0.99230677,0.99396193,0.9942601,0.99407953,0.9941693,0.9941749,0.99453664,0.9942419,0.9946892,0.9953712,0.9949934,0.9951158,0.9948472,0.9948633,0.9934377,0.9935695,0.99369687,0.99451697,0.99367,0.9939782,0.9939041,0.9941293,0.9940087,0.9934996,0.9941189,0.99343467,0.99428684,0.99510914,0.9940561,0.9931168,0.99489105,0.99404573,0.9950304,0.99477565,0.9939659,0.9944186,0.99540186,0.9948297,0.9958632,0.99310416,0.99407697,0.99539477,0.99514467,0.9946085,0.994803,0.9929162,0.9948363,0.9941663,0.9946783,0.9940164,0.99410915,0.9953351,0.9949445,0.9940172,0.99302936,0.9944777,0.9943478,0.9940314,0.9941544,0.99391687,0.9943947,0.99486923,0.9937857,0.99416053,0.9939753,0.994531,0.9945044,0.99555093,0.9945562,0.99528956,0.99356955,0.9949143,0.9945439,0.9948478,0.9951244,0.99375445,0.9936501,0.99497473,0.9949309,0.9948571,0.9950332,0.99485576,0.9951485,0.9939553,0.9936686,0.9947517,0.99488133,0.99521583,0.994064,0.9950328,0.99476564,0.99390453,0.9952046,0.9955563,0.99577147,0.9950383,0.9959379,1.0000002,0.9939896,0.99590933,0.99517447,0.9947776,0.99605334,0.9953957,0.99545765,0.99419904,0.9946374,0.99500304,0.99512196,0.99416804,0.994844,0.9949835,0.994983,0.99382716,0.99323726,0.9944255
ipip168,0.99884856,0.9964049,0.9979255,0.99609977,0.9981967,0.9967205,0.9991214,0.9971989,0.99839973,0.99605304,0.9967046,0.9983924,0.99655104,0.9963692,0.996104,0.9978117,0.9981354,0.99612737,0.99815243,0.99806625,0.99808335,0.99770015,0.99822885,0.998179,0.996982,0.99793714,0.99583846,0.9981924,0.9972819,0.99753666,0.9979714,0.99815035,0.9975608,0.9980861,0.9989351,0.99823236,0.9983641,0.9989272,0.9981114,0.99804914,0.99650943,0.998346,0.99676996,0.99657243,0.9953965,0.99817896,0.99673444,0.99668425,0.9977185,0.9964602,0.99738914,0.99029166,0.9981913,0.99639064,0.99516964,0.99685204,0.99593264,0.99570346,0.9960835,0.99827135,0.99851876,0.99763757,0.9985759,0.9974685,0.99760014,0.9970038,0.9986299,0.998664,0.99815214,0.9966731,0.99920726,0.9982097,0.99466854,0.99776495,0.9965022,0.99021786,0.9960391,0.99797577,0.9971769,0.9980911,0.9974793,0.99863887,0.99639857,0.99859935,0.9977427,0.99906576,0.9984185,0.9963637,0.9961216,0.99819994,0.99709153,0.9987418,0.9980967,0.99430406,0.9941782,0.99461687,0.9989225,0.99641854,0.99498725,0.9940245,0.9971964,0.998586,0.9977138,0.9977113,0.9980934,0.99442565,0.9983447,0.99639535,0.9982204,0.9988978,0.99931175,0.9956901,0.99724966,0.9970982,0.99872947,0.99690485,0.9982957,0.9986323,0.9985533,0.99726725,0.9984878,0.9972989,0.99829227,0.9981575,0.9983099,0.99686605,0.9973663,0.9984842,0.9968174,0.9971028,0.9987883,0.99147564,0.9961741,0.99505484,0.9985845,0.99825186,0.99754465,0.99834466,0.999252,0.9988472,0.99891764,0.99795973,0.9969178,0.99796057,0.9980028,0.99518365,0.99836004,0.9981682,0.9954499,0.9980921,0.99864936,0.99771357,0.9953609,0.99456686,0.99872804,0.9975509,0.9974673,0.9971902,0.9950676,0.9988,0.9951221,0.998862,0.9977748,0.99653566,0.9989201,0.9899028,0.9988689,0.99735963,0.99797875,0.9967619,0.999151,0.99600935,0.9985409,0.9980868,0.9982886,0.99863166,0.99863774,0.99818105,0.99744487,0.99794334,0.9961219,0.99707234,0.99688625,0.99716204,0.9941072,0.99730504,0.9985118,0.9986304,0.9986475,0.9963069,0.9986262,0.99870926,0.9986816,0.9983021,0.9985852,0.9991317,0.99852073,0.9993479,0.99647385,0.9968637,0.99802154,0.9989282,0.99609286,0.9986791,0.9981468,0.9975013,0.9987949,0.9931216,0.99664223,0.9957114,0.9975622,0.9973516,0.9983339,0.99767095,0.9961077,0.99551636,0.9978701,0.9893122,0.9975962,0.9981259,0.99867576,0.99723446,0.9979536,0.9969752,0.99556,0.9987161,0.99886954,0.99816555,0.99169683,0.996662,0.9979685,0.99789846,0.9983417,0.9983272,0.9986442,0.9959435,0.9978221,0.9972434,0.99808824,0.99639237,0.9976975,0.99699616,0.9985855,0.99668807,0.9975493,0.9983145,0.9963678,0.9991022,0.9926203,0.99705976,0.99868137,0.99871993,0.9956535,0.9987158,0.99689794,0.99754083,0.99765456,0.99813724,0.99591124,0.9980797,0.9986903,0.99554235,0.99729836,0.9947854,0.9961576,0.9984544,0.9972961,0.99733275,0.9974594,0.9939896,0.9999981,0.9972227,0.9975884,0.9992361,0.99802303,0.9974786,0.9972591,0.9980993,0.99644136,0.9978909,0.99730766,0.9988593,0.99748313,0.99734974,0.998206,0.99342865,0.9911035,0.99602634
ipip198,0.99555254,0.99664074,0.99595666,0.99632233,0.9965688,0.9962432,0.99613,0.99646455,0.9973728,0.99654245,0.9966124,0.9965209,0.99643993,0.99604976,0.99696475,0.99596196,0.99637467,0.9959795,0.99637705,0.99620074,0.99644977,0.9960556,0.9969285,0.99701357,0.9965475,0.9960174,0.99689776,0.99669886,0.99610245,0.9967085,0.995766,0.9975361,0.9962527,0.99615353,0.99565345,0.9969081,0.9957336,0.995793,0.9960152,0.9962916,0.9969079,0.9971223,0.99632686,0.9952756,0.99676776,0.996536,0.9969922,0.99640846,0.99626714,0.99588525,0.99638164,0.9935388,0.99663967,0.9958822,0.99715674,0.99732125,0.99544275,0.99730635,0.9963303,0.997618,0.995726,0.9962287,0.99609447,0.99649435,0.99646556,0.9968827,0.9960176,0.99741495,0.99647665,0.997713,0.9960858,0.99708676,0.99540585,0.9965044,0.99637234,0.99256694,0.9959128,0.9961389,0.9976296,0.9976285,0.9968921,0.9959462,0.99509716,0.99574137,0.99599135,0.9958369,0.99569696,0.996009,0.9963315,0.9962454,0.99596655,0.99562424,0.99599946,0.99427307,0.9949813,0.99503064,0.9956254,0.99726295,0.9947239,0.9956536,0.99611384,0.9961302,0.9959541,0.9965124,0.99647546,0.99636376,0.9959957,0.99639887,0.99703515,0.99563867,0.9963171,0.9942249,0.99641556,0.99599546,0.996053,0.9969159,0.9956099,0.9961809,0.9958073,0.9964461,0.9960899,0.9960215,0.99698263,0.9963715,0.99562913,0.9963197,0.99717915,0.99699867,0.9977475,0.9959001,0.9966686,0.9935048,0.996689,0.9956788,0.99611026,0.99723756,0.9969476,0.99821556,0.9962916,0.99565053,0.9956532,0.99667877,0.9963997,0.9966503,0.99622303,0.99565274,0.99627435,0.99636716,0.9977218,0.9963006,0.99639624,0.99662995,0.99581647,0.99520946,0.9952481,0.996995,0.99708074,0.9967137,0.9947313,0.9952151,0.9963447,0.9968786,0.9957192,0.9963976,0.9957614,0.9921803,0.99692446,0.99676764,0.9962091,0.99550027,0.9962267,0.9961737,0.99509007,0.9961028,0.9968484,0.9963779,0.99660534,0.99687666,0.9969602,0.99652654,0.99611485,0.99732417,0.9964292,0.99731255,0.9959413,0.9964982,0.996102,0.9962137,0.99626756,0.99638695,0.9962597,0.99655,0.99644095,0.99675304,0.99601614,0.99617296,0.99652445,0.9965585,0.9960928,0.99733037,0.9964389,0.99598837,0.9969285,0.99655783,0.99693465,0.9968062,0.99649686,0.99606043,0.9973069,0.9967821,0.99718094,0.995222,0.9967604,0.99694777,0.99738085,0.9958424,0.9966669,0.99371785,0.99616283,0.9963193,0.99689263,0.99612015,0.9962507,0.99694884,0.995787,0.9964393,0.99572647,0.9969428,0.99548954,0.9964711,0.99666446,0.9958431,0.996491,0.99681026,0.9960977,0.9957516,0.9962489,0.9963498,0.99660754,0.99667025,0.9962149,0.99645054,0.9960981,0.99748,0.99664855,0.9971913,0.9970271,0.9963954,0.9941296,0.9969616,0.9979271,0.9978429,0.9975185,0.9979236,0.9976996,0.9959482,0.99601704,0.9967811,0.99598503,0.9969322,0.99651843,0.9968222,0.99677175,0.9955005,0.99759865,0.99714166,0.99711245,0.9968182,0.99719965,0.99590933,0.9972227,0.99999946,0.99651724,0.9974065,0.99716747,0.996924,0.9969361,0.996362,0.9962541,0.99666613,0.997661,0.99675685,0.9972842,0.99757206,0.99702907,0.99557465,0.99435973,0.9959086
ipip228,0.9970635,0.9964837,0.99671876,0.9967153,0.9974329,0.99628305,0.99735034,0.9968043,0.99799055,0.996704,0.9966944,0.99758315,0.99665236,0.99654657,0.9962548,0.99688536,0.99719846,0.9967738,0.9974156,0.9969721,0.9974459,0.99704826,0.9976984,0.99781835,0.99705404,0.9969432,0.9965549,0.9975307,0.99671745,0.9970493,0.99751914,0.99725485,0.9966171,0.9975755,0.9971209,0.9974168,0.996962,0.99719703,0.99699706,0.9975157,0.9964939,0.9970334,0.99781436,0.99601704,0.99642456,0.99731493,0.9973752,0.99635226,0.9972159,0.9966205,0.9968581,0.99234,0.9973364,0.996356,0.99597067,0.9970549,0.9958024,0.9960043,0.9964536,0.9975151,0.9971245,0.9972114,0.9974937,0.9975042,0.9970164,0.9969439,0.9971506,0.9973613,0.99745566,0.99650216,0.9974886,0.99770993,0.99522984,0.99744076,0.99721164,0.99149543,0.9962984,0.99723285,0.9975864,0.99794245,0.9973188,0.99739856,0.99616563,0.99717623,0.99714816,0.9972714,0.9969459,0.9962604,0.9960378,0.9970458,0.99668145,0.997368,0.99707687,0.9948553,0.99468446,0.99538463,0.99721247,0.9972216,0.9950849,0.99500453,0.99681455,0.99802995,0.9969802,0.9973266,0.99755234,0.9952032,0.99722403,0.99655384,0.9975495,0.99689287,0.9974757,0.9954099,0.9972952,0.996652,0.9974593,0.9973686,0.9971059,0.9975935,0.9973379,0.9971063,0.9974772,0.99672025,0.9976221,0.99748796,0.9969519,0.99715245,0.9972061,0.9974612,0.99721813,0.9967594,0.997569,0.9933642,0.9969458,0.99584395,0.9970087,0.997884,0.99747556,0.9975448,0.9975634,0.9973216,0.99732137,0.9975905,0.99665403,0.9975996,0.99732995,0.9954963,0.9973508,0.9973992,0.9958026,0.99728,0.9981929,0.9981076,0.9963977,0.99527633,0.9970211,0.9973579,0.9975124,0.9972572,0.995212,0.9968999,0.9962717,0.9980069,0.9972741,0.99687326,0.9973326,0.99102557,0.9973684,0.99743456,0.997333,0.9962583,0.9974391,0.9960365,0.9966595,0.9976895,0.99798876,0.99734396,0.9973702,0.99726915,0.9973825,0.9973457,0.99645126,0.99742764,0.9973786,0.99750566,0.99439526,0.9968837,0.99732834,0.9974046,0.997419,0.99718404,0.9974091,0.9974356,0.99736905,0.9979478,0.9974258,0.9974149,0.99755615,0.9973732,0.9969102,0.99724746,0.99754876,0.99745506,0.9966028,0.99743557,0.99739695,0.99762565,0.9981352,0.99476624,0.99679905,0.99641997,0.9971668,0.99639016,0.99790555,0.9976717,0.9967118,0.9962739,0.9974026,0.99135506,0.99693877,0.99744713,0.99779785,0.9966717,0.99704427,0.9976229,0.99561256,0.9973818,0.9973379,0.9975235,0.993437,0.996404,0.99720997,0.9970668,0.99740785,0.9974036,0.9972173,0.9964824,0.9977658,0.99709105,0.9975094,0.99674594,0.9974505,0.9970215,0.99733937,0.99693537,0.9971077,0.99771416,0.9966782,0.9975834,0.99344486,0.997032,0.997684,0.99762267,0.995884,0.9975871,0.99667495,0.997092,0.9967652,0.9981242,0.9963116,0.99760175,0.99750215,0.9967181,0.9968804,0.995239,0.99646336,0.9977733,0.9972198,0.9976555,0.9972829,0.99517447,0.9975884,0.99651724,0.9999979,0.9976298,0.99838525,0.99725914,0.99724585,0.99777114,0.9964153,0.9972384,0.9974455,0.9974298,0.99710506,0.997354,0.9972391,0.99428964,0.99247783,0.99590886
ipip258,0.99832726,0.9967175,0.9977604,0.9964078,0.9980198,0.996681,0.99874264,0.997354,0.9984401,0.9964112,0.99692863,0.998086,0.99690527,0.99664277,0.9963598,0.9976402,0.9979293,0.99641204,0.9979406,0.99786687,0.9980093,0.99748695,0.9982462,0.9980688,0.9971539,0.9977895,0.9963817,0.9981403,0.9972763,0.99759585,0.9977174,0.99809074,0.9973854,0.9979525,0.99841976,0.99817175,0.9981143,0.9985447,0.997873,0.9978331,0.99683166,0.9983707,0.9970545,0.99667674,0.9959259,0.9980494,0.9971251,0.9967958,0.9977299,0.99662757,0.9973142,0.9913624,0.9980002,0.996684,0.9958696,0.9974518,0.99596506,0.99624956,0.9964887,0.9983271,0.99810696,0.9976462,0.9982238,0.99740916,0.9975799,0.9971602,0.9983,0.99841064,0.99799955,0.9967518,0.99858284,0.9982341,0.9948853,0.99754333,0.99661905,0.9911861,0.99633646,0.9978207,0.9974819,0.9979343,0.9974688,0.9981573,0.99648625,0.9981321,0.997662,0.9985497,0.99798113,0.9966711,0.996281,0.99793583,0.997166,0.9982759,0.99769855,0.99471235,0.9947049,0.99505734,0.9983233,0.9968682,0.99521434,0.9947176,0.9973004,0.9981905,0.99763966,0.99764246,0.9978452,0.99513394,0.9980911,0.9965701,0.9982363,0.99829227,0.99879915,0.99569464,0.9973694,0.9972133,0.9984122,0.99725056,0.9980157,0.99841046,0.9981442,0.99742997,0.9983826,0.9974522,0.9983057,0.9980377,0.99802846,0.99710816,0.99767786,0.99852043,0.997172,0.99713725,0.99866736,0.99263537,0.99652624,0.9956097,0.99827653,0.9982414,0.99751425,0.9985403,0.9988475,0.9982925,0.9982798,0.99794614,0.99716324,0.99788076,0.99769264,0.99555844,0.99796355,0.99802285,0.99616325,0.9979946,0.9983413,0.99766725,0.9958316,0.99493456,0.9981258,0.9977295,0.9977071,0.9974462,0.9951534,0.99818695,0.99576724,0.9987365,0.99769264,0.99709785,0.9984056,0.9910516,0.9988727,0.99746346,0.99794394,0.9968236,0.9987166,0.9961746,0.9979867,0.9979913,0.9981675,0.998425,0.9983421,0.9979934,0.997748,0.99793565,0.99638826,0.9972406,0.99705654,0.99723154,0.9945714,0.9976225,0.99824077,0.99831945,0.99836975,0.9966554,0.9983361,0.9984371,0.9984131,0.99810433,0.9981746,0.9986465,0.99833035,0.99895746,0.99664646,0.9973016,0.99794614,0.99843603,0.99653494,0.99845076,0.9980505,0.9974502,0.99856824,0.9939831,0.99712574,0.9963263,0.997672,0.99718857,0.9981548,0.99790287,0.9966791,0.99585855,0.99821717,0.99065393,0.997553,0.9980412,0.99884444,0.9974453,0.99790305,0.9972391,0.99598527,0.9984512,0.9984222,0.9980854,0.9926484,0.99671537,0.9979593,0.99761283,0.99815345,0.99812764,0.99825966,0.9962075,0.99777377,0.9974992,0.99806786,0.99681646,0.9977476,0.9970978,0.9983145,0.997015,0.99766135,0.9982895,0.9966507,0.99889684,0.9933678,0.9973417,0.99875283,0.9987142,0.9964799,0.9987411,0.9974355,0.9975829,0.99762803,0.99810934,0.9963425,0.99808276,0.9984638,0.9960753,0.99745953,0.9953692,0.9966803,0.99842966,0.99800384,0.9976011,0.9980985,0.9947776,0.9992361,0.9974065,0.9976298,0.9999968,0.9981265,0.9977437,0.9978156,0.99808,0.9966205,0.9978918,0.99749917,0.9986974,0.99772304,0.9974786,0.99854106,0.9938939,0.99221045,0.9961096
ipip288,0.99737316,0.99690825,0.9971592,0.9967824,0.99765456,0.9967301,0.99763364,0.9973405,0.9983333,0.9968161,0.9969844,0.9981052,0.997189,0.9970096,0.99694324,0.9972924,0.99766415,0.9969836,0.9977335,0.9975568,0.99760914,0.99727595,0.99779636,0.9981317,0.99727315,0.9974091,0.99694526,0.99773717,0.9972274,0.99739665,0.99760926,0.9978107,0.99687755,0.99775386,0.99753034,0.99756265,0.99736106,0.9975263,0.9974487,0.99777985,0.9966835,0.997461,0.99755293,0.9963945,0.9967599,0.9976988,0.99759644,0.99681854,0.99750704,0.9968426,0.99722946,0.99273366,0.997765,0.9965953,0.99643075,0.99750626,0.9960848,0.996503,0.99689263,0.9979303,0.9974246,0.9974677,0.9977929,0.99785805,0.9974544,0.99742174,0.9974993,0.99776584,0.9977755,0.99695,0.99762696,0.9978797,0.99550647,0.9974907,0.9972782,0.9920063,0.99646956,0.99761635,0.997808,0.9980882,0.99757683,0.99764866,0.99635667,0.9973867,0.9974167,0.9976247,0.9972552,0.9967209,0.9965043,0.9974644,0.99712306,0.9975244,0.9973136,0.99522114,0.99520785,0.99579304,0.99751884,0.9974293,0.9955267,0.99547195,0.9970671,0.9980575,0.9972816,0.99764305,0.99784726,0.9957098,0.9974404,0.9968486,0.9978756,0.997353,0.99783117,0.99558747,0.9979228,0.9970318,0.99760437,0.9973898,0.9974364,0.997766,0.99748194,0.9973592,0.99761146,0.9972565,0.99794847,0.9977806,0.99724287,0.99742997,0.9975652,0.9979856,0.99751914,0.9971548,0.9978484,0.99343204,0.99700826,0.9963867,0.9973111,0.9980995,0.9977227,0.997941,0.9978552,0.99753124,0.99759585,0.9977845,0.9970679,0.9978359,0.99765545,0.9961347,0.99770296,0.9976807,0.99621296,0.99783844,0.9982027,0.9979889,0.99634564,0.9956016,0.9972849,0.9975721,0.9976745,0.9973921,0.99568,0.9972474,0.9963883,0.9982165,0.99740756,0.997109,0.9975298,0.99157286,0.99774224,0.9976049,0.9975981,0.9966331,0.99767137,0.996466,0.99697566,0.9977508,0.99801385,0.99766564,0.99771684,0.9976444,0.99754757,0.9976113,0.99701124,0.9975474,0.99753344,0.9975968,0.99486953,0.9973901,0.9975177,0.9976604,0.9976816,0.99713856,0.9976462,0.99770385,0.9975896,0.99795485,0.9976722,0.9976274,0.99779224,0.99772924,0.9971972,0.9975571,0.99767834,0.99776226,0.9968373,0.997677,0.99778795,0.9978271,0.9982295,0.9952158,0.99728274,0.996899,0.9975804,0.99681675,0.9979977,0.9979975,0.99716413,0.99656975,0.99758106,0.99176145,0.99719167,0.99763894,0.9978781,0.9969478,0.9974102,0.99776065,0.99598986,0.9976749,0.99751854,0.9978868,0.9939943,0.9967644,0.9975601,0.9972931,0.9977505,0.9979145,0.9976713,0.9967238,0.9976943,0.9973647,0.9976161,0.9969521,0.9976345,0.9973174,0.9975093,0.99710596,0.99734503,0.99799305,0.9969693,0.9977274,0.99377775,0.9971405,0.9979688,0.99791044,0.9963451,0.9979653,0.9970878,0.9972629,0.99706167,0.99819165,0.99651897,0.9978711,0.99775046,0.9968224,0.9972017,0.99555194,0.9968271,0.99801755,0.997449,0.99771965,0.9975189,0.99605334,0.99802303,0.99716747,0.99838525,0.9981265,0.99999964,0.9974615,0.99744374,0.99788415,0.99669665,0.9974537,0.9978357,0.997891,0.9976744,0.9977749,0.99775606,0.9948801,0.9932807,0.996452
ipip23,0.9966558,0.99653625,0.9965308,0.9964622,0.99712646,0.9963059,0.99699533,0.99675286,0.9974515,0.9964696,0.9965513,0.99719006,0.99683404,0.9964226,0.99662054,0.9968723,0.99711025,0.99644774,0.9972012,0.99690455,0.9974538,0.99668944,0.9983442,0.9974339,0.9969525,0.9967456,0.99618345,0.99755055,0.9964395,0.99694425,0.9969737,0.99747455,0.99634373,0.9971538,0.99687773,0.998062,0.9969206,0.9970937,0.9969074,0.99699473,0.99621207,0.9973704,0.9969803,0.99581295,0.9961916,0.99723047,0.9971741,0.99698085,0.99714255,0.9964945,0.9967169,0.99234295,0.9974014,0.9963993,0.9960859,0.9972124,0.99543643,0.99655426,0.99656796,0.9975625,0.99740404,0.9972391,0.99769497,0.99678904,0.99769425,0.9973273,0.99711645,0.99749935,0.9971719,0.9965551,0.99734634,0.99828553,0.9952211,0.99717325,0.996772,0.9919729,0.99608886,0.9968947,0.9971875,0.9973617,0.9974409,0.9970922,0.9960236,0.99686503,0.9970448,0.9971597,0.99674195,0.99652374,0.9960543,0.9969112,0.9966406,0.9971587,0.99695826,0.9950084,0.99485016,0.99553126,0.9969611,0.99684054,0.99510723,0.9953059,0.9969304,0.997308,0.99706405,0.9971995,0.99750084,0.99564826,0.9971157,0.99657464,0.99777454,0.9968153,0.9973736,0.9951208,0.99681526,0.9966168,0.99731576,0.99780834,0.9967734,0.99754083,0.99690276,0.99736845,0.9974778,0.99698013,0.99751675,0.99737865,0.9970111,0.9966919,0.99734515,0.9974112,0.9969686,0.99638593,0.9980453,0.993908,0.9971816,0.9961138,0.99735725,0.9979566,0.9973333,0.9978298,0.99732727,0.9970154,0.9969758,0.997825,0.9969014,0.9976018,0.9971319,0.995403,0.99699104,0.99708825,0.99628484,0.9970238,0.9975534,0.9973293,0.9967063,0.99589044,0.99676085,0.9980618,0.9982349,0.9975231,0.99491864,0.99666053,0.9966826,0.99801546,0.99689734,0.9967227,0.9971433,0.99133337,0.997523,0.99743205,0.99718606,0.99647576,0.9974969,0.9962635,0.9964571,0.99749815,0.9973288,0.9973802,0.9974143,0.9970183,0.99703544,0.9974632,0.9968498,0.9970506,0.9970302,0.9970838,0.99487114,0.9971676,0.9972154,0.99725187,0.9973374,0.99672693,0.9972208,0.99737173,0.9973045,0.99720496,0.99714047,0.9972859,0.99749106,0.9972849,0.99648005,0.9970861,0.9973067,0.99709296,0.9965268,0.9972901,0.9972537,0.9971403,0.9975174,0.9945375,0.99725735,0.99619114,0.9971548,0.99623257,0.9971627,0.997448,0.99704796,0.99609125,0.99760514,0.9919049,0.9969578,0.997311,0.9982709,0.99661267,0.99710715,0.9973879,0.9956461,0.9971978,0.9970962,0.99759924,0.9940099,0.9963523,0.9973743,0.9969336,0.99852145,0.9975881,0.9973597,0.9965339,0.9973399,0.99752986,0.9980058,0.9978156,0.9974543,0.997481,0.99725676,0.99673617,0.9972789,0.99776286,0.9968677,0.9978394,0.9938453,0.9976152,0.9977919,0.9978055,0.99657047,0.9977913,0.9973538,0.9971048,0.9967282,0.9979434,0.9970622,0.9979534,0.9974324,0.9962566,0.99704933,0.9955549,0.9967461,0.9976946,0.99819505,0.997806,0.9981663,0.9953957,0.9974786,0.996924,0.99725914,0.9977437,0.9974615,0.9999998,0.9987355,0.9975093,0.9969656,0.99839014,0.99738204,0.99779886,0.9978166,0.9972774,0.9979705,0.9943418,0.9930293,0.99608976
ipip53,0.9965866,0.9966475,0.9966437,0.9964713,0.9971776,0.9962054,0.9969312,0.9968549,0.997503,0.9965302,0.99671197,0.99700856,0.99697506,0.99643505,0.9964575,0.99678767,0.99696136,0.99647117,0.9970841,0.99669015,0.9973727,0.9965421,0.99844897,0.99738526,0.9969094,0.9967181,0.99645483,0.9974355,0.9964059,0.99690497,0.99677414,0.9973659,0.9963028,0.9970697,0.9967151,0.99822396,0.99684465,0.99694246,0.99669844,0.99693006,0.9962558,0.99736315,0.9970562,0.99586517,0.99633396,0.99721706,0.9972568,0.9967493,0.99720746,0.9963778,0.99668795,0.9927841,0.99733573,0.99634695,0.9961293,0.99734616,0.99535394,0.9966191,0.9966324,0.9975214,0.9969986,0.9971392,0.99734473,0.99672943,0.99708223,0.9971003,0.99688166,0.9973185,0.9971657,0.9964091,0.99708974,0.99822897,0.99527746,0.99722147,0.99655205,0.9921734,0.9961579,0.99682856,0.9972343,0.9972515,0.9973154,0.9968506,0.9960209,0.9966782,0.99716425,0.99690145,0.9964484,0.99640745,0.99599266,0.9968602,0.9965617,0.9970431,0.99667364,0.9950775,0.99508005,0.99564344,0.99693745,0.99700254,0.9951004,0.99551594,0.99681157,0.997171,0.9969151,0.9970562,0.99725765,0.9958311,0.9970136,0.9967237,0.9976235,0.9964147,0.9971167,0.99520093,0.99680036,0.99652976,0.9969965,0.99775314,0.996649,0.9973338,0.9966852,0.99723357,0.9973359,0.9969212,0.9974736,0.9972595,0.9969805,0.996704,0.9973614,0.99746853,0.9970845,0.9963313,0.9980295,0.99424326,0.9973383,0.9961976,0.9973321,0.99785197,0.99731565,0.9978424,0.9971566,0.9969282,0.99674433,0.9976995,0.9968578,0.9975945,0.99687374,0.9955647,0.996822,0.9970675,0.99638116,0.99694127,0.9974532,0.99731374,0.996772,0.9955175,0.99644923,0.99805504,0.998185,0.99777,0.99474156,0.9963348,0.9969541,0.9980679,0.9968171,0.99696434,0.99703324,0.99169344,0.99761236,0.997416,0.99718714,0.9965706,0.99749863,0.9961809,0.9963728,0.9973967,0.99730766,0.99735034,0.9972449,0.99704623,0.9970931,0.9973528,0.9966018,0.9969737,0.9970732,0.9970258,0.9947566,0.99701893,0.9970478,0.9971159,0.9971605,0.99668866,0.99704903,0.99730176,0.99720776,0.9970519,0.9968961,0.9971384,0.9974205,0.99716204,0.99646866,0.99717504,0.9972609,0.9969454,0.99672943,0.9972541,0.997195,0.99712086,0.9973989,0.99462056,0.9972728,0.996419,0.99711144,0.9961702,0.99708444,0.9972798,0.9969244,0.99604774,0.99771905,0.99198323,0.996732,0.9972124,0.99853,0.9967841,0.99699473,0.99729323,0.9958941,0.9971364,0.9968897,0.9974885,0.994003,0.99616945,0.997322,0.996713,0.99774253,0.99735105,0.9971026,0.99633735,0.9973483,0.99783254,0.99818313,0.9979705,0.99755305,0.99758387,0.9971998,0.99675506,0.9973098,0.99762833,0.9970442,0.9978693,0.99415237,0.9979332,0.9977892,0.9978408,0.9969056,0.9977142,0.99763995,0.9970149,0.9967012,0.99806637,0.99716705,0.9978054,0.99738216,0.9962991,0.99711317,0.9956944,0.99688107,0.99772924,0.9984446,0.9979872,0.99819297,0.99545765,0.9972591,0.9969361,0.99724585,0.9978156,0.99744374,0.9987355,0.9999995,0.9975444,0.99691767,0.9982209,0.99738336,0.99780947,0.99769145,0.99736047,0.9987064,0.9944333,0.9935887,0.99618804
ipip83,0.99783653,0.99680406,0.99728733,0.99640757,0.9977846,0.99665934,0.99797875,0.99700946,0.9979457,0.9963355,0.9968527,0.9978261,0.99679494,0.9965876,0.996468,0.99730307,0.99767065,0.9964664,0.9977157,0.9973308,0.99772274,0.9973541,0.9979623,0.99792814,0.9984068,0.99737144,0.99600536,0.99771637,0.99702007,0.99728584,0.99768054,0.997338,0.9968294,0.9989538,0.99781644,0.99784917,0.99764997,0.9980152,0.99750644,0.99808115,0.99590707,0.9974727,0.9973614,0.9963869,0.99616575,0.9979738,0.9980946,0.99712026,0.9978508,0.99670887,0.9971514,0.99132764,0.997544,0.9962795,0.995503,0.9966844,0.99593776,0.9957879,0.99626935,0.99782836,0.99775517,0.9976109,0.99798316,0.99773264,0.9976894,0.9972434,0.9977523,0.9980867,0.99843127,0.99653697,0.99807686,0.99779856,0.99497867,0.99705696,0.99659574,0.99067295,0.99636066,0.9977132,0.9970305,0.99759734,0.99740666,0.9980464,0.9963945,0.9979156,0.9976217,0.99800795,0.99756736,0.99629295,0.9960246,0.99771374,0.996906,0.9981298,0.9973821,0.99467415,0.9945589,0.99531716,0.9980896,0.99679154,0.99513173,0.9949258,0.9968443,0.9982368,0.9972198,0.99764395,0.9979585,0.99477565,0.9977769,0.99668735,0.9980094,0.99761844,0.9981073,0.9962221,0.9971082,0.9966845,0.99798375,0.9970008,0.9975367,0.99801284,0.9977247,0.99715316,0.9979849,0.9970475,0.9977494,0.99769235,0.9975507,0.9969754,0.99691993,0.99763244,0.99694866,0.9967911,0.99824077,0.99287313,0.9964253,0.99549186,0.997644,0.99772507,0.99748015,0.99767774,0.99802804,0.998009,0.9981249,0.99779963,0.9968316,0.9978322,0.99762726,0.99513805,0.997918,0.9984354,0.99541616,0.99784076,0.9983138,0.99780107,0.9963256,0.99529284,0.9977794,0.997345,0.9975789,0.9972432,0.99499774,0.9977362,0.9956513,0.9981782,0.9973684,0.9967381,0.9979471,0.9902951,0.9978848,0.9984765,0.99775404,0.9964819,0.99817824,0.9961927,0.99753976,0.9979531,0.99791294,0.99790204,0.99780136,0.9976679,0.99707586,0.99744886,0.9962568,0.99684924,0.9972055,0.9968927,0.99420536,0.99674946,0.99776006,0.9978153,0.99781233,0.9966854,0.9979976,0.9979365,0.9978822,0.99787503,0.998139,0.9981196,0.99785525,0.99810034,0.9964799,0.9978224,0.998012,0.99807036,0.9964966,0.9978825,0.9977389,0.9977249,0.99818003,0.99401873,0.99663144,0.9958454,0.99711126,0.9972524,0.99800617,0.9974434,0.99625486,0.99610937,0.99766314,0.99044454,0.99702924,0.99772274,0.9982259,0.9970304,0.9972517,0.9974941,0.99572587,0.99807405,0.9977953,0.9976076,0.99252653,0.99673337,0.9974547,0.9972579,0.9981519,0.99810356,0.99785656,0.9960425,0.998884,0.99718845,0.99772006,0.9964545,0.9977376,0.99710035,0.9978237,0.9975824,0.9972026,0.99828434,0.9966369,0.9983138,0.99282664,0.9969947,0.9981308,0.9981741,0.99568456,0.9979792,0.9966923,0.99736106,0.99703956,0.9980639,0.99622124,0.9979593,0.9979595,0.9958819,0.9971058,0.995044,0.99623567,0.9977467,0.99715066,0.9976862,0.997139,0.99419904,0.9980993,0.996362,0.99777114,0.99808,0.99788415,0.9975093,0.9975444,0.99999815,0.9969087,0.9975505,0.9974077,0.9980259,0.99772674,0.99736786,0.99774325,0.9942349,0.99209696,0.9958619
ipip113,0.9959656,0.9959204,0.9960911,0.99564976,0.99617004,0.9958781,0.99604356,0.9958028,0.9966823,0.99553865,0.99574465,0.99655,0.9959708,0.99589276,0.99646145,0.99590605,0.9965429,0.99554986,0.99659556,0.9960317,0.99645007,0.9962835,0.99671394,0.9966052,0.9965548,0.99588406,0.99580634,0.99659896,0.99587333,0.996661,0.9965445,0.997161,0.9957538,0.99662894,0.9958975,0.99669987,0.99597746,0.9959925,0.9962682,0.9965726,0.9955437,0.9963684,0.9963421,0.995111,0.99565786,0.9964382,0.99670213,0.9966847,0.9961774,0.9957205,0.9958827,0.99190307,0.99622655,0.99575484,0.9956278,0.9961238,0.9948856,0.9957699,0.9959188,0.9972101,0.99650615,0.996614,0.997282,0.9965207,0.99637645,0.9972502,0.9962702,0.9967622,0.9969135,0.9961576,0.99616295,0.99663496,0.99474245,0.9959242,0.9961733,0.9913011,0.99547935,0.99630564,0.9967328,0.99684227,0.99656636,0.9963342,0.9953098,0.996151,0.9962479,0.9960967,0.9958167,0.9961137,0.9956536,0.9962531,0.99599147,0.99625057,0.99601746,0.99464446,0.99529773,0.99486655,0.9960359,0.9960653,0.9950548,0.99492264,0.9963418,0.99649334,0.99634266,0.99662393,0.99706227,0.99529105,0.99623376,0.99577355,0.99686724,0.9958586,0.99638,0.9944499,0.99618477,0.9958602,0.99625635,0.99647915,0.9959816,0.99666214,0.99602854,0.99613595,0.9965053,0.996335,0.9970824,0.9969269,0.995827,0.996379,0.99640363,0.9966262,0.996392,0.99587214,0.99663246,0.99378574,0.9961181,0.99563724,0.9957993,0.9967871,0.99641025,0.99679595,0.99634784,0.9959314,0.99638456,0.9967903,0.99691147,0.99645424,0.9969189,0.99496704,0.99648315,0.9967873,0.99536604,0.99663275,0.9967278,0.99667907,0.99625915,0.99762964,0.99590087,0.9966914,0.99682343,0.9961314,0.99475515,0.99576694,0.9957138,0.9967229,0.9960559,0.9963262,0.99606055,0.9903693,0.9964186,0.9974028,0.9961319,0.99556124,0.99622566,0.9955273,0.9954362,0.99635273,0.99664706,0.99634725,0.9965458,0.996285,0.9963973,0.99667096,0.9960487,0.99686915,0.99657124,0.99687093,0.99444765,0.9967682,0.9964079,0.9965097,0.9965853,0.9959978,0.9964445,0.9964802,0.9963641,0.9967013,0.99653,0.9962821,0.996387,0.9961936,0.9956791,0.9964953,0.9964151,0.9961741,0.99573326,0.9963056,0.9968512,0.9964052,0.9966976,0.9943155,0.9966059,0.9953927,0.99656457,0.9955397,0.99671113,0.9970305,0.99649197,0.99621254,0.9968699,0.99172115,0.9962206,0.9963597,0.99676585,0.9958854,0.99633443,0.99718696,0.99565905,0.99620533,0.99612087,0.99712574,0.9947062,0.9963274,0.9968953,0.99649054,0.9984206,0.99734485,0.9965971,0.9958825,0.99665487,0.9960331,0.996333,0.9960571,0.996467,0.9963886,0.9960351,0.9963971,0.99625915,0.9971592,0.99574786,0.99641603,0.99297076,0.99602044,0.9968346,0.99678916,0.9954475,0.99682415,0.99623144,0.9963769,0.99616957,0.99653244,0.9956302,0.99682534,0.99652207,0.9961257,0.9963352,0.9951451,0.99589014,0.9966278,0.9963939,0.99696654,0.99661624,0.9946374,0.99644136,0.9962541,0.9964153,0.9966205,0.99669665,0.9969656,0.99691767,0.9969087,0.99999875,0.9966528,0.9965535,0.99645716,0.9968472,0.99649054,0.99694616,0.9938501,0.99272245,0.99492115
ipip143,0.99731517,0.9966742,0.9970147,0.9964635,0.9976303,0.99654144,0.99756527,0.9968022,0.99769795,0.996444,0.99628633,0.99732906,0.99647737,0.996351,0.99629205,0.996891,0.9972554,0.99661213,0.99744886,0.99699146,0.99753124,0.9971291,0.9983085,0.9978743,0.9970093,0.9972411,0.996291,0.99760514,0.9966312,0.997111,0.99703026,0.99724364,0.9965101,0.9973042,0.9973312,0.9979977,0.99731624,0.9975562,0.99715614,0.99719465,0.99605966,0.9979398,0.99704593,0.99601203,0.995975,0.9978803,0.9970863,0.99692166,0.9973959,0.9963406,0.99681616,0.9918248,0.997369,0.9963354,0.99575204,0.99683714,0.9957319,0.9969548,0.9964541,0.99743325,0.9973399,0.99727046,0.9977177,0.9970246,0.99756354,0.99725765,0.9975067,0.9979892,0.9974712,0.996701,0.99778116,0.9982049,0.9951073,0.99707896,0.9967428,0.9915073,0.99575686,0.997212,0.99696696,0.99742764,0.9972648,0.99740267,0.9958723,0.9973585,0.9974664,0.9974727,0.99693394,0.9961968,0.9958681,0.9971774,0.9965947,0.9975583,0.99721766,0.994721,0.9946141,0.9950164,0.9973844,0.9964034,0.9950005,0.9948833,0.9966949,0.997633,0.9970941,0.99728477,0.9975747,0.9951072,0.99749076,0.9963903,0.99764735,0.9973184,0.9977225,0.9955768,0.9967172,0.99724936,0.9975052,0.99759257,0.9972237,0.9978097,0.99773765,0.9970873,0.9975957,0.9968826,0.9977963,0.99754316,0.99742883,0.9965076,0.9973229,0.9975711,0.996969,0.9964299,0.99805033,0.9934305,0.9969654,0.995939,0.99748015,0.997879,0.997302,0.9975629,0.99765456,0.9975465,0.99745536,0.9977237,0.9971663,0.99767715,0.99741614,0.9952883,0.99744713,0.99749357,0.9958246,0.99735945,0.9977833,0.99741155,0.9963391,0.99532974,0.99724257,0.99796385,0.9980733,0.99734503,0.9950778,0.9972072,0.996169,0.9983055,0.9969866,0.9967206,0.99749273,0.9905284,0.99763745,0.9974162,0.99743885,0.9967145,0.9980722,0.99652284,0.9972027,0.997675,0.9974634,0.997767,0.99836063,0.9974527,0.99720806,0.9974825,0.99680924,0.9971596,0.997039,0.9970139,0.99526256,0.99676263,0.99748516,0.99752516,0.9976084,0.99649626,0.9974561,0.9976192,0.99760336,0.99737376,0.99750483,0.9977011,0.9978676,0.9978489,0.99652284,0.9969421,0.99732596,0.9975608,0.9963272,0.9977564,0.9976204,0.99728096,0.997723,0.99393016,0.9969222,0.9959688,0.99716675,0.99657905,0.9973766,0.9972227,0.9963475,0.9957582,0.99767596,0.99125975,0.9973189,0.9974706,0.9984662,0.99664485,0.9970607,0.99700737,0.9955275,0.99749184,0.99758303,0.9976799,0.9932927,0.996408,0.9974462,0.9969753,0.9978553,0.9977198,0.9973743,0.9960327,0.9976814,0.99761903,0.9985293,0.998013,0.9978815,0.9985488,0.99795294,0.9966921,0.9976486,0.99832076,0.99692845,0.9982385,0.99388045,0.9976627,0.99786294,0.997839,0.996097,0.99773747,0.9970561,0.9972497,0.99714285,0.9981192,0.99744654,0.99820447,0.9977233,0.99594444,0.9972606,0.99518824,0.9964863,0.99751484,0.99789864,0.99813294,0.99786896,0.99500304,0.9978909,0.99666613,0.9972384,0.9978918,0.9974537,0.99839014,0.9982209,0.9975505,0.9966528,1.0000002,0.99753106,0.99829197,0.99784327,0.99749243,0.997697,0.99409074,0.99242914,0.9958228
ipip173,0.99661946,0.99677557,0.99655867,0.99680185,0.99730116,0.99651325,0.9969558,0.9967084,0.9979687,0.99677217,0.9967317,0.99710584,0.99640656,0.9963811,0.9967474,0.9964819,0.9969023,0.9966846,0.9969827,0.99669874,0.99697936,0.9967586,0.99746364,0.99789715,0.9970239,0.99666214,0.99724364,0.9971416,0.9964621,0.99725467,0.9971276,0.99750686,0.9967517,0.9970693,0.996695,0.997224,0.99652463,0.996865,0.9967476,0.99693465,0.9963708,0.99753815,0.99722314,0.99577296,0.99679947,0.9971759,0.9972103,0.9969561,0.9968077,0.9961727,0.99678797,0.99267226,0.99718696,0.99595696,0.9982262,0.99689525,0.9959089,0.9967603,0.9964256,0.99776214,0.9967381,0.99686974,0.99694103,0.9975034,0.99709815,0.997128,0.99685127,0.9979264,0.99747056,0.9972536,0.9969619,0.99721295,0.99548227,0.99655044,0.99633306,0.9913555,0.9956683,0.9966889,0.9980655,0.99834114,0.9971551,0.9968318,0.99541515,0.99674964,0.9967126,0.9967313,0.9963779,0.9961118,0.99634236,0.9970577,0.99646914,0.9967855,0.99671954,0.99450034,0.99481034,0.9950528,0.9969327,0.9979341,0.99504846,0.9953216,0.99631476,0.99755895,0.99668735,0.9970697,0.99710274,0.9956659,0.99677235,0.9966778,0.99745214,0.9965655,0.99714416,0.9950207,0.9965723,0.99645436,0.99683225,0.99697065,0.9964821,0.99705726,0.9968567,0.99669135,0.9968778,0.9964217,0.99740523,0.99696594,0.99653536,0.9971449,0.9969917,0.9973201,0.9990231,0.99633807,0.9973001,0.9931777,0.9966235,0.9959032,0.99671346,0.99765354,0.9976681,0.9979153,0.99711686,0.996995,0.99680763,0.9972496,0.99682367,0.99752116,0.9968285,0.9954068,0.9970788,0.9973487,0.9966589,0.997028,0.9977583,0.9975954,0.9960128,0.99518216,0.99649584,0.9971687,0.9972638,0.9968337,0.9947009,0.9964939,0.9959276,0.9975234,0.9965074,0.9970696,0.9969687,0.9914445,0.9972977,0.9972598,0.99699086,0.9958464,0.99711555,0.9962724,0.9962814,0.99732935,0.998266,0.9972678,0.9972056,0.99713254,0.997268,0.9970128,0.99639654,0.9980071,0.99713284,0.9980114,0.9953882,0.9963969,0.99691236,0.9970543,0.9970648,0.9968613,0.9968873,0.9973785,0.9972637,0.99816155,0.9969609,0.9971722,0.99720377,0.9971891,0.99669963,0.997256,0.99699473,0.9971019,0.99654627,0.99732655,0.99735034,0.9976543,0.9976842,0.9951602,0.99708277,0.9966215,0.9973889,0.99604696,0.99816823,0.997485,0.99765545,0.99623734,0.99690056,0.99205315,0.99664646,0.9969189,0.9974781,0.99657625,0.9966971,0.9973596,0.9958141,0.997178,0.9967412,0.9972826,0.9941494,0.9967555,0.99706733,0.9965913,0.99752116,0.99746776,0.99677706,0.99623346,0.9973721,0.9969809,0.99727136,0.996785,0.9970879,0.997001,0.9971022,0.99765337,0.99717957,0.9978364,0.99699724,0.9973515,0.9937382,0.9969081,0.9982439,0.9982468,0.99679637,0.99805003,0.99745804,0.996661,0.99657613,0.9980184,0.99620944,0.9975975,0.9974331,0.9972755,0.9969837,0.99538344,0.99710715,0.99727404,0.99701387,0.998237,0.9971267,0.99512196,0.99730766,0.997661,0.9974455,0.99749917,0.9978357,0.99738204,0.99738336,0.9974077,0.9965535,0.99753106,0.9999996,0.997902,0.9981812,0.9995813,0.9975104,0.99550056,0.9931426,0.9960194
ipip203,0.9983052,0.99661297,0.99768215,0.99651784,0.9980855,0.99659795,0.9986812,0.9973621,0.998308,0.99643135,0.9969484,0.998117,0.9969266,0.99649394,0.9962618,0.997532,0.9978644,0.99659187,0.997929,0.9978712,0.99795026,0.9974959,0.9981222,0.9980491,0.99702126,0.9977462,0.99637604,0.9980855,0.99720955,0.9976572,0.9976152,0.99816257,0.9974585,0.99790484,0.99854857,0.99813455,0.99816316,0.9986632,0.997815,0.9978501,0.99651057,0.99862623,0.99708563,0.9966821,0.99565965,0.99795794,0.9969771,0.9968799,0.9978751,0.99652255,0.99735063,0.99107456,0.99822205,0.99659437,0.9958732,0.99717647,0.99598,0.9965704,0.9964839,0.99802256,0.9980832,0.99745077,0.998316,0.9972301,0.9975193,0.99692017,0.9983264,0.9983663,0.99800366,0.9966776,0.99843556,0.99801725,0.9947494,0.9972762,0.99648684,0.9907503,0.99614143,0.9977643,0.9972493,0.9978016,0.9975914,0.99821776,0.99634624,0.99822867,0.99776614,0.9985176,0.99793166,0.9964707,0.9961954,0.99799824,0.9971843,0.99826944,0.9977941,0.99470556,0.9944164,0.9948594,0.9984384,0.9966997,0.9949781,0.99449384,0.9971327,0.99825615,0.99757385,0.99752736,0.9979225,0.99480474,0.9981027,0.99652994,0.9981225,0.9984975,0.9990199,0.9958538,0.99719125,0.99726224,0.9983726,0.9970646,0.9980382,0.9982828,0.9982988,0.9974047,0.9982828,0.9972158,0.9981116,0.99798673,0.99817806,0.9968626,0.99757427,0.9987059,0.99706334,0.9970766,0.9985972,0.99271345,0.9964443,0.9955853,0.99822015,0.9981801,0.99750644,0.99834067,0.9990429,0.99853224,0.99835813,0.9979717,0.9971745,0.99801683,0.9976707,0.9955094,0.9979473,0.99801177,0.9959657,0.9981659,0.99834734,0.99758625,0.9957229,0.99476165,0.99814093,0.9975512,0.99748915,0.997324,0.9950217,0.99812603,0.9956331,0.99861366,0.9976316,0.9966703,0.9985307,0.9909037,0.9986303,0.9972576,0.9979943,0.99695665,0.9986276,0.99620736,0.9981009,0.9979741,0.9980967,0.99871767,0.9983887,0.9979872,0.9973555,0.9978862,0.99644464,0.99705875,0.9971359,0.9971793,0.9945426,0.9969582,0.99825454,0.998323,0.99833024,0.996652,0.9982905,0.99849397,0.998441,0.9980468,0.99816215,0.99878854,0.9983924,0.9987659,0.99665606,0.9970672,0.99801964,0.9985136,0.99638575,0.9985043,0.99789506,0.9972658,0.99849266,0.9934907,0.99703115,0.99625367,0.99752456,0.99721026,0.9981336,0.9975597,0.9966928,0.99574494,0.9978481,0.99004817,0.99744785,0.99802643,0.9984144,0.99732107,0.99783623,0.99704856,0.9957667,0.99846435,0.9985105,0.99804753,0.99228525,0.9965381,0.9979297,0.99772596,0.9982651,0.9980941,0.99828166,0.9963989,0.9978583,0.99766916,0.9981942,0.99692357,0.99788946,0.99757403,0.9985994,0.99679947,0.9978404,0.99821943,0.99674225,0.9987448,0.99312407,0.9972135,0.9985055,0.9985831,0.9963196,0.99847746,0.9973565,0.9976255,0.99762344,0.99815136,0.9965016,0.9982002,0.9986168,0.9959361,0.9975802,0.99537927,0.99667984,0.9981808,0.99738,0.99750257,0.9973795,0.99416804,0.9988593,0.99675685,0.9974298,0.9986974,0.997891,0.99779886,0.99780947,0.9980259,0.99645716,0.99829197,0.997902,0.9999985,0.9978944,0.9980434,0.9988167,0.99402314,0.9919164,0.996262
ipip233,0.996809,0.9969597,0.99671924,0.9967298,0.99733347,0.99636185,0.9972602,0.9972726,0.9977986,0.9967684,0.99655837,0.99704397,0.99683315,0.9964847,0.99672717,0.99671024,0.99711716,0.99652284,0.9971147,0.99714816,0.9972171,0.9968632,0.9974869,0.9977269,0.9972557,0.99687654,0.996736,0.997487,0.9965575,0.99701184,0.9969806,0.9976061,0.9962491,0.9974423,0.9970181,0.9971671,0.99686694,0.9971451,0.9968759,0.9972075,0.99623114,0.997435,0.996955,0.9957018,0.9966013,0.99727166,0.99752086,0.9968554,0.99710685,0.9962712,0.9967475,0.99260885,0.99724066,0.9965702,0.99623644,0.99724215,0.995629,0.9965421,0.9964727,0.99779636,0.9969867,0.99696594,0.997441,0.9971329,0.9972695,0.997164,0.9974546,0.9983227,0.9975021,0.99724674,0.9970481,0.9973591,0.9951696,0.99681103,0.9966354,0.9921354,0.99602306,0.9969322,0.99733365,0.99758005,0.9972424,0.9969617,0.99574596,0.9968119,0.9968995,0.99704,0.9967056,0.99646336,0.9961238,0.99735945,0.99638873,0.99694115,0.99690485,0.9946001,0.99469197,0.9954004,0.9969215,0.99708664,0.9949142,0.99537474,0.9968028,0.9971431,0.9968299,0.9970205,0.9973338,0.9964512,0.9969378,0.996777,0.99840695,0.99681664,0.99729884,0.99506235,0.996625,0.9966334,0.9972219,0.99691045,0.99669105,0.9972324,0.99700034,0.99703056,0.99736995,0.9968427,0.9976003,0.99730307,0.99678445,0.997278,0.99760544,0.9975038,0.9972192,0.9966407,0.9974971,0.99341524,0.9965657,0.9959081,0.9969296,0.9973924,0.9971762,0.9977875,0.9972465,0.9969842,0.9968768,0.99754244,0.9968942,0.9975992,0.9969958,0.99543,0.9970395,0.99742985,0.9961023,0.9972225,0.9974663,0.9971564,0.99593115,0.9956172,0.99669635,0.99706906,0.99722624,0.9967875,0.99486285,0.99674,0.9960257,0.997535,0.99673295,0.9965025,0.9969336,0.990954,0.9975111,0.99746597,0.9973397,0.9962454,0.9971575,0.99611473,0.9964944,0.9971278,0.9975289,0.99726814,0.99752384,0.99725646,0.9971963,0.9975622,0.99669427,0.9972536,0.99691063,0.9973441,0.99507445,0.99718386,0.997412,0.997471,0.9975356,0.99673754,0.9973516,0.9974364,0.99729925,0.9974173,0.9969969,0.9971354,0.9975756,0.9973798,0.9964861,0.9976299,0.99764466,0.9972428,0.99705154,0.9974008,0.99746525,0.9970692,0.9977036,0.9949925,0.9979313,0.996541,0.9972758,0.99666697,0.99745476,0.9974821,0.99729276,0.9962388,0.9972646,0.9921347,0.9967963,0.9969986,0.9974424,0.9965254,0.9972402,0.99744445,0.995583,0.9971049,0.997147,0.99786204,0.9947877,0.9969625,0.99775684,0.9967783,0.9979499,0.99751616,0.9972335,0.9963914,0.99783975,0.99725723,0.9973902,0.99690986,0.99713326,0.99733734,0.99724793,0.99746007,0.9973703,0.9989279,0.996955,0.99737227,0.9940566,0.9970637,0.9978862,0.997834,0.99657583,0.99773836,0.99725103,0.9972707,0.9971056,0.9976452,0.996595,0.99822766,0.9975104,0.9966634,0.9974142,0.9959705,0.9974283,0.99728477,0.9970971,0.9974255,0.99718595,0.994844,0.99748313,0.9972842,0.99710506,0.99772304,0.9976744,0.9978166,0.99769145,0.99772674,0.9968472,0.99784327,0.9981812,0.9978944,1.0000006,0.99769056,0.9979934,0.995173,0.9931901,0.9961948
ipip263,0.9966406,0.9967048,0.9966123,0.99664694,0.9971917,0.996491,0.996992,0.9966523,0.9980133,0.9965996,0.99675584,0.9971503,0.99635786,0.99628246,0.99680704,0.99650496,0.9968861,0.99681896,0.996999,0.9966476,0.99693215,0.99677706,0.9974811,0.997976,0.9970023,0.9966432,0.9971673,0.99708706,0.9964111,0.99721867,0.9971327,0.9976069,0.99687195,0.99704546,0.99676573,0.99726474,0.9965881,0.996894,0.99675554,0.99694973,0.99635714,0.9976882,0.99719256,0.99589133,0.9967475,0.9972193,0.9971912,0.99709535,0.9968514,0.99614364,0.996903,0.9926936,0.9971433,0.99593794,0.99822617,0.9967744,0.9956551,0.9966936,0.9963981,0.997692,0.99674875,0.99685615,0.9969444,0.99748963,0.9970472,0.99713206,0.9968877,0.99795115,0.997521,0.99722,0.99687237,0.9971603,0.995385,0.9963963,0.9961874,0.9911685,0.9955951,0.9966198,0.9980228,0.9983075,0.9972164,0.9968404,0.9954235,0.9967958,0.9967476,0.99675375,0.99637765,0.9961281,0.9963468,0.99706846,0.99636614,0.99680847,0.9966039,0.9944406,0.9947801,0.99491966,0.9969682,0.9979157,0.9949867,0.99525607,0.99627054,0.9976088,0.9966592,0.9971072,0.9970955,0.9956153,0.99679697,0.99676466,0.99750775,0.99669266,0.99711776,0.9949138,0.99651897,0.99640715,0.99683636,0.99685496,0.99651504,0.99700695,0.99683064,0.9966975,0.99688905,0.9964145,0.9973418,0.9969406,0.9965752,0.9971292,0.996931,0.9973002,0.99902165,0.9962956,0.9973245,0.99340194,0.9966101,0.9958865,0.9967599,0.99754953,0.9976104,0.9978961,0.99708587,0.99700886,0.9968448,0.9972254,0.9969718,0.99754363,0.9968275,0.99547136,0.9970915,0.9973938,0.996569,0.9970415,0.9977534,0.99756616,0.99597824,0.99511987,0.99652183,0.99707544,0.99720806,0.99681234,0.9946589,0.9965269,0.9958679,0.99753773,0.99641657,0.997177,0.997005,0.99134034,0.99726826,0.99726516,0.99689734,0.9958446,0.9970884,0.99606764,0.9963309,0.9973849,0.99827194,0.9973721,0.9972572,0.9972468,0.9971821,0.9970084,0.99631846,0.9979705,0.9971436,0.99797666,0.99537855,0.99624705,0.99688387,0.99706316,0.9970634,0.9968906,0.9969147,0.99742717,0.9973081,0.9981533,0.9969537,0.9972873,0.99715984,0.9971952,0.99673426,0.9972206,0.9969966,0.9971508,0.99645144,0.99731344,0.9972893,0.9977607,0.9976919,0.995157,0.9970566,0.9965699,0.99735135,0.99604356,0.9981636,0.9974685,0.9976803,0.9962023,0.99688977,0.9920129,0.9966471,0.99695027,0.99747175,0.9965753,0.99664855,0.9973062,0.9958134,0.9972281,0.99676025,0.9972161,0.9941319,0.99682176,0.99696326,0.99656385,0.9974644,0.9975249,0.9968126,0.996173,0.9972458,0.99688834,0.99723524,0.9966517,0.99706453,0.997014,0.99711293,0.99758875,0.99715775,0.9977531,0.9967828,0.9973368,0.9934263,0.9967358,0.99814355,0.99818933,0.9967328,0.9980728,0.9974943,0.9965541,0.99647474,0.99796814,0.9961341,0.9975323,0.9974812,0.99712336,0.9969139,0.9952286,0.9971186,0.99717975,0.99696434,0.99824554,0.9970439,0.9949835,0.99734974,0.99757206,0.997354,0.9974786,0.9977749,0.9972774,0.99736047,0.99736786,0.99649054,0.99749243,0.9995813,0.9980434,0.99769056,0.99999857,0.9974783,0.995277,0.99308926,0.996028
ipip293,0.99750406,0.99666214,0.9973308,0.9963867,0.9974764,0.9963317,0.9979645,0.997305,0.9980524,0.9964371,0.9969379,0.99769354,0.99711126,0.9966719,0.9964417,0.9973823,0.9976482,0.996493,0.9976484,0.9976636,0.9976867,0.99711525,0.9977979,0.99769056,0.9968933,0.99740684,0.9965086,0.99793893,0.9970918,0.9975402,0.9974053,0.9979823,0.99695903,0.99742913,0.9977833,0.99772733,0.9976264,0.99786115,0.99738896,0.9974015,0.9967203,0.9980452,0.99704754,0.996411,0.9960219,0.99743545,0.9970034,0.9967,0.9974513,0.99655974,0.996911,0.9921317,0.99777544,0.9967446,0.9961665,0.99763083,0.9955764,0.99689496,0.99655306,0.998022,0.9977162,0.99735624,0.9980578,0.9969701,0.997201,0.99701756,0.997852,0.99789566,0.99762505,0.99673945,0.99763775,0.9978447,0.9950395,0.99710447,0.9966737,0.9919554,0.99646276,0.99750745,0.99752975,0.99766254,0.99749315,0.99756056,0.9963929,0.99748987,0.99744505,0.997869,0.997374,0.99686015,0.99638665,0.99766845,0.9970094,0.9976843,0.99734807,0.9950375,0.99511707,0.9953794,0.99768555,0.9970039,0.9953347,0.99542487,0.9973104,0.99766004,0.9974484,0.9972413,0.99766374,0.9957469,0.9977471,0.9965566,0.9981923,0.997684,0.998383,0.9956925,0.9972411,0.9970525,0.99782443,0.9970483,0.99750274,0.9978398,0.9976217,0.99741507,0.99790645,0.9972571,0.9979095,0.9978005,0.99757,0.99716544,0.99774927,0.9985527,0.99710095,0.9970585,0.9981,0.9934316,0.9966255,0.996096,0.99757147,0.9979749,0.9972474,0.9983482,0.9984241,0.9977391,0.9975758,0.99785197,0.9970638,0.99771124,0.9973586,0.9958788,0.9974411,0.9975801,0.9964239,0.9977862,0.99785215,0.9973187,0.99610907,0.99533594,0.99738127,0.99759275,0.9975188,0.997283,0.9952307,0.9973483,0.99612784,0.9981466,0.9973235,0.9966411,0.9978347,0.99130183,0.99841017,0.99719197,0.997597,0.99689037,0.997779,0.9962444,0.9972418,0.99754703,0.99783385,0.99811417,0.99783885,0.9975808,0.99733233,0.9977945,0.996636,0.99727196,0.99710286,0.9973844,0.99490815,0.99736,0.99779856,0.9979156,0.9979299,0.9967929,0.99778426,0.99807554,0.9979584,0.99770224,0.9975806,0.9980872,0.9979045,0.9980411,0.9966178,0.9972081,0.9976588,0.99772877,0.9966188,0.997971,0.9975343,0.9969755,0.9981179,0.9943742,0.9974994,0.99667275,0.9974803,0.99691373,0.99770856,0.99767226,0.9974178,0.9959558,0.99793535,0.99124235,0.997257,0.9976116,0.9980227,0.9973035,0.997763,0.9972191,0.9961779,0.9979008,0.9978317,0.9980726,0.99360454,0.9964598,0.9978432,0.9974484,0.9981636,0.9976754,0.9979238,0.99662834,0.997408,0.99745667,0.99765944,0.9969615,0.99750626,0.99739915,0.99789894,0.9969147,0.9976834,0.9981102,0.9966202,0.9980863,0.9937414,0.9971114,0.9982282,0.9982499,0.9968045,0.9981861,0.9976336,0.997369,0.9973072,0.9977393,0.99663734,0.997917,0.9980969,0.9964283,0.99756885,0.9958141,0.99684376,0.9981054,0.99756837,0.9972877,0.9975753,0.994983,0.998206,0.99702907,0.9972391,0.99854106,0.99775606,0.9979705,0.9987064,0.99774325,0.99694616,0.997697,0.9975104,0.9988167,0.9979934,0.9974783,0.99999946,0.99423826,0.99302536,0.9962942
ipip58,0.99285054,0.99624825,0.993765,0.9964108,0.9951953,0.9953456,0.9931114,0.9948999,0.994588,0.99648035,0.9946266,0.9940884,0.9944079,0.9943512,0.99534625,0.9937353,0.99403393,0.9942903,0.9940955,0.9938331,0.9941003,0.9939444,0.99418545,0.99467653,0.9948368,0.99370867,0.9951788,0.9942346,0.9938165,0.9947996,0.993488,0.99428177,0.9931823,0.99394584,0.9930602,0.9941771,0.9930684,0.99306124,0.9935574,0.994181,0.9941084,0.99399763,0.99497914,0.9930093,0.99664944,0.9945596,0.99559045,0.9951171,0.9943018,0.9939501,0.9942357,0.99292344,0.9944634,0.99393076,0.99509144,0.99493605,0.9947483,0.9950388,0.995495,0.99484235,0.993075,0.9939125,0.9933595,0.9951994,0.99440914,0.995053,0.9935187,0.99435693,0.9942712,0.99558645,0.9929243,0.9939901,0.9944669,0.9938507,0.9945558,0.99095595,0.9936072,0.9936616,0.9951336,0.994981,0.994729,0.9933376,0.9927618,0.99335146,0.99383575,0.9930883,0.9930041,0.9937892,0.9945782,0.9942313,0.99405074,0.9928758,0.99332297,0.9925654,0.9933992,0.9938361,0.99309707,0.9949891,0.9925603,0.9940074,0.9939451,0.99358636,0.9936515,0.99412936,0.99414897,0.9943812,0.9932947,0.9940834,0.99428135,0.99261403,0.99343115,0.99221456,0.9944542,0.9935664,0.9932592,0.9944737,0.9926986,0.99347484,0.993292,0.9938862,0.9932923,0.9933684,0.99419355,0.99382895,0.9928747,0.9940769,0.99447304,0.9940186,0.99511665,0.9935173,0.9937147,0.991734,0.99446535,0.99401426,0.9930337,0.99453557,0.9948296,0.99474573,0.99303395,0.9932121,0.9929351,0.9942931,0.9941133,0.99473286,0.99388003,0.9940433,0.99363714,0.99408305,0.99451965,0.9941917,0.99377364,0.9942062,0.9936788,0.99325615,0.99239576,0.99432343,0.9944863,0.99395764,0.9931026,0.99223304,0.99424434,0.99404216,0.9934903,0.9939809,0.9931901,0.9901367,0.993782,0.9945374,0.99401754,0.9933654,0.9931863,0.9944192,0.9922786,0.9935186,0.99421,0.99352616,0.99380416,0.9946502,0.994382,0.9938032,0.9939305,0.9948819,0.99437934,0.99497145,0.99426025,0.99370897,0.9933256,0.9933509,0.9934413,0.9940761,0.9935599,0.9936919,0.99358267,0.9941156,0.9933826,0.9931853,0.9938679,0.9932627,0.9937879,0.995515,0.9940435,0.99325365,0.9955913,0.993829,0.9942376,0.99442333,0.99377906,0.99531054,0.99516135,0.99453956,0.9943041,0.9926464,0.99424195,0.9941799,0.99514955,0.99428225,0.99414515,0.99196595,0.9938921,0.9936682,0.9939107,0.9936201,0.99367225,0.994983,0.9937472,0.9935537,0.9926924,0.9942971,0.9941215,0.9941273,0.99391526,0.99351084,0.99392384,0.9944307,0.9934854,0.9937412,0.994194,0.99405104,0.99371135,0.9941108,0.9939038,0.99423265,0.99317807,0.995116,0.99417657,0.9947494,0.9960351,0.9932964,0.9930458,0.99438876,0.9947104,0.9945604,0.9944196,0.9945078,0.9947627,0.99376166,0.9938487,0.99451554,0.99399805,0.99467206,0.9937206,0.99496645,0.99455833,0.994427,0.99525917,0.9941338,0.994225,0.99439156,0.99419117,0.99382716,0.99342865,0.99557465,0.99428964,0.9938939,0.9948801,0.9943418,0.9944333,0.9942349,0.9938501,0.99409074,0.99550056,0.99402314,0.995173,0.995277,0.99423826,0.99999774,0.9943484,0.9953569
ipip178,0.99020445,0.99438304,0.99182224,0.9944486,0.9924782,0.9931038,0.99078435,0.99354637,0.992891,0.9948359,0.9936554,0.9918521,0.99395835,0.99351186,0.9940441,0.99206495,0.9925845,0.99304605,0.99254,0.99205005,0.99253154,0.99179953,0.9927802,0.992872,0.99265367,0.9917428,0.99391407,0.99261934,0.9924809,0.99325687,0.99104244,0.99250144,0.991084,0.9915552,0.9903443,0.9921738,0.9912378,0.99082994,0.99173754,0.9919331,0.9930628,0.9923718,0.9932482,0.9914539,0.99521405,0.99253523,0.9941723,0.99295276,0.9926983,0.992653,0.9927495,0.9938497,0.99274707,0.9931412,0.9940209,0.9944783,0.9923145,0.9946752,0.99452376,0.9931217,0.99099606,0.99222887,0.991619,0.99235684,0.99215114,0.9935294,0.9909496,0.9916593,0.99219877,0.99362093,0.99015415,0.9927663,0.99250275,0.9919702,0.99319464,0.99157804,0.9929108,0.9921061,0.9938905,0.99289984,0.99288404,0.9909349,0.9923451,0.9904873,0.99192435,0.9906261,0.990726,0.9934719,0.9929776,0.99190617,0.99252266,0.9906639,0.99137187,0.9918195,0.9930756,0.99307936,0.9902756,0.9939315,0.9919883,0.9945281,0.99265605,0.9910604,0.99193263,0.99255466,0.9924649,0.99363685,0.9919058,0.9927408,0.9926064,0.9901096,0.99097025,0.99010897,0.99271506,0.99211144,0.9911312,0.9932809,0.99067,0.99129164,0.9908727,0.992828,0.99147767,0.99221796,0.99240816,0.99206257,0.99104846,0.9922993,0.9935085,0.9928,0.99353504,0.992125,0.99205136,0.9926215,0.99376285,0.99372864,0.9911094,0.9928057,0.99284357,0.99333906,0.9908287,0.99038005,0.9902285,0.9927515,0.9928996,0.992997,0.9920073,0.99320054,0.9913005,0.9918755,0.9940393,0.9922561,0.9916474,0.9922778,0.9935271,0.9923171,0.9897489,0.9930959,0.99336463,0.9927838,0.99170953,0.9894111,0.994099,0.9921513,0.99162483,0.9923524,0.990456,0.99010766,0.9921917,0.9930047,0.99219984,0.991894,0.9905975,0.9924752,0.98955804,0.991699,0.99181694,0.99133366,0.9918566,0.9924879,0.9928273,0.9924886,0.9932943,0.9931814,0.99289584,0.9931963,0.99290466,0.99244946,0.9913342,0.9912534,0.9914003,0.99285656,0.9914771,0.99143463,0.9913054,0.9915095,0.9907771,0.99064,0.99192876,0.9908017,0.9923545,0.9942188,0.9923221,0.9906502,0.994489,0.9915517,0.99208957,0.9924532,0.9915419,0.99447256,0.9938312,0.9941356,0.99266714,0.99045986,0.9915241,0.9922736,0.99393433,0.9926723,0.99370193,0.9919355,0.9921255,0.99209887,0.99229884,0.9925135,0.9920409,0.9936974,0.9934851,0.99152714,0.99033403,0.9930257,0.9942378,0.9915753,0.99254894,0.9912067,0.9916652,0.9922727,0.9912852,0.9922694,0.9918771,0.9928606,0.99216896,0.9934116,0.99247456,0.9934275,0.9909792,0.99314564,0.99253994,0.99252594,0.9946208,0.9911706,0.99222434,0.99330103,0.9929935,0.99256384,0.9947392,0.9927694,0.9941782,0.9921724,0.9921084,0.99283147,0.9931649,0.99273235,0.99150735,0.99385,0.9931573,0.9933031,0.9944637,0.99249935,0.99352276,0.99262375,0.99303734,0.99323726,0.9911035,0.99435973,0.99247783,0.99221045,0.9932807,0.9930293,0.9935887,0.99209696,0.99272245,0.99242914,0.9931426,0.9919164,0.9931901,0.99308926,0.99302536,0.9943484,1.0000001,0.9944248
ipip208,0.99552023,0.9964769,0.99583876,0.99675226,0.9964784,0.9959173,0.99573517,0.9960603,0.996286,0.9966946,0.99616975,0.99655014,0.9960049,0.9954851,0.9960916,0.99569046,0.99605334,0.9955126,0.9960059,0.99597055,0.996167,0.99567753,0.9960953,0.9962099,0.99560523,0.9956814,0.9955575,0.99608046,0.9955398,0.9959096,0.995482,0.9959577,0.9950254,0.99577457,0.99552196,0.9958074,0.99567646,0.99577016,0.99566257,0.99595183,0.9951725,0.9957499,0.9958313,0.9947624,0.9962407,0.99629223,0.9962658,0.9955409,0.9961581,0.9951969,0.9958527,0.99269956,0.99643606,0.99523807,0.99500906,0.9962815,0.99558544,0.995562,0.99702513,0.99632925,0.9958193,0.99573594,0.9961583,0.9958279,0.9958233,0.9960453,0.99570334,0.9959536,0.995708,0.996018,0.9956137,0.99622077,0.99520993,0.9958723,0.9961239,0.9916418,0.9950768,0.99580336,0.9961402,0.99623644,0.9967123,0.99589795,0.9954225,0.99562204,0.9958337,0.9961318,0.9955973,0.99551105,0.99528396,0.9959523,0.9956114,0.99566424,0.9959104,0.99385446,0.99421644,0.9954245,0.9957141,0.99609864,0.9941214,0.99449915,0.99610937,0.99580914,0.9959101,0.9958866,0.9963186,0.9946067,0.9954608,0.9956532,0.99616486,0.9953465,0.99593574,0.9941634,0.99609274,0.99526614,0.99579895,0.9959967,0.9952225,0.99567384,0.9956908,0.9958368,0.99591154,0.9954734,0.996027,0.9960021,0.9955975,0.995453,0.99587584,0.996143,0.99570566,0.9954781,0.9961192,0.99222755,0.9956115,0.9949734,0.9955762,0.996459,0.9964281,0.9963653,0.9957236,0.9956204,0.99550706,0.9964244,0.99564904,0.9966231,0.99586654,0.9950898,0.99551594,0.99566984,0.9950115,0.9961119,0.995963,0.9957597,0.994775,0.99413604,0.9952116,0.9960507,0.99596524,0.99582213,0.9945881,0.99504834,0.9952725,0.996388,0.9956801,0.9954816,0.99559647,0.9909742,0.99609214,0.99550295,0.99588597,0.99519336,0.99564993,0.9949987,0.9949605,0.99562615,0.9959815,0.99594986,0.9958329,0.99604774,0.9956543,0.9958593,0.99500537,0.9958881,0.9958047,0.9960076,0.994168,0.9957144,0.99571157,0.9956721,0.9957355,0.9952356,0.99570215,0.9958467,0.99581546,0.99586886,0.9955323,0.99575704,0.99594814,0.9957073,0.99502987,0.9962022,0.9959673,0.9956014,0.9960669,0.9959471,0.9959301,0.99576545,0.9960379,0.99427134,0.99601823,0.9955352,0.9958276,0.99463415,0.99589735,0.9957333,0.9957574,0.99539304,0.9959479,0.99086195,0.9957587,0.99572104,0.9960118,0.9954986,0.99587035,0.99617183,0.99503756,0.9958935,0.9953752,0.9960789,0.9934154,0.9949165,0.99566865,0.9957394,0.99586606,0.9961045,0.9960095,0.9952576,0.9956929,0.99572235,0.99569607,0.99534,0.9957518,0.9958145,0.99558973,0.995453,0.9956305,0.9961643,0.9965796,0.9958315,0.99322385,0.9957726,0.9962331,0.9961515,0.9953651,0.99621654,0.9958902,0.9957721,0.9957015,0.9964242,0.9953109,0.99643606,0.9958958,0.99546534,0.99589956,0.99470437,0.9959699,0.996172,0.99596477,0.99564457,0.9958617,0.9944255,0.99602634,0.9959086,0.99590886,0.9961096,0.996452,0.99608976,0.99618804,0.9958619,0.99492115,0.9958228,0.9960194,0.996262,0.9961948,0.996028,0.9962942,0.9953569,0.9944248,0.9999994
