,ipip4,ipip34,ipip64,ipip94,ipip124,ipip154,ipip184,ipip214,ipip244,ipip274,ipip9,ipip39,ipip69,ipip99,ipip129,ipip159,ipip189,ipip219,ipip249,ipip279,ipip14,ipip44,ipip74,ipip104,ipip134,ipip164,ipip194,ipip224,ipip254,ipip284,ipip19,ipip49,ipip79,ipip109,ipip139,ipip169,ipip199,ipip229,ipip259,ipip289,ipip24,ipip54,ipip84,ipip114,ipip144,ipip174,ipip204,ipip234,ipip264,ipip294,ipip29,ipip59,ipip89,ipip119,ipip149,ipip179,ipip209,ipip239,ipip269,ipip299,ipip5,ipip35,ipip65,ipip95,ipip125,ipip155,ipip185,ipip215,ipip245,ipip275,ipip10,ipip40,ipip70,ipip100,ipip130,ipip160,ipip190,ipip220,ipip250,ipip280,ipip15,ipip45,ipip75,ipip105,ipip135,ipip165,ipip195,ipip225,ipip255,ipip285,ipip20,ipip50,ipip80,ipip110,ipip140,ipip170,ipip200,ipip230,ipip260,ipip290,ipip25,ipip55,ipip85,ipip115,ipip145,ipip175,ipip205,ipip235,ipip265,ipip295,ipip30,ipip60,ipip90,ipip120,ipip150,ipip180,ipip210,ipip240,ipip270,ipip300,ipip2,ipip32,ipip62,ipip92,ipip122,ipip152,ipip182,ipip212,ipip242,ipip272,ipip7,ipip37,ipip67,ipip97,ipip127,ipip157,ipip187,ipip217,ipip247,ipip277,ipip12,ipip42,ipip72,ipip102,ipip132,ipip162,ipip192,ipip222,ipip252,ipip282,ipip17,ipip47,ipip77,ipip107,ipip137,ipip167,ipip197,ipip227,ipip257,ipip287,ipip112,ipip142,ipip172,ipip202,ipip232,ipip262,ipip292,ipip57,ipip87,ipip117,ipip147,ipip177,ipip207,ipip237,ipip267,ipip297,ipip1,ipip31,ipip61,ipip91,ipip121,ipip151,ipip181,ipip211,ipip241,ipip271,ipip6,ipip36,ipip66,ipip96,ipip126,ipip156,ipip186,ipip216,ipip246,ipip276,ipip11,ipip41,ipip71,ipip101,ipip131,ipip161,ipip191,ipip221,ipip251,ipip281,ipip16,ipip46,ipip76,ipip106,ipip136,ipip166,ipip196,ipip226,ipip256,ipip286,ipip21,ipip51,ipip81,ipip111,ipip141,ipip171,ipip201,ipip231,ipip261,ipip291,ipip26,ipip56,ipip86,ipip116,ipip146,ipip176,ipip206,ipip236,ipip266,ipip296,ipip3,ipip33,ipip63,ipip93,ipip123,ipip153,ipip183,ipip213,ipip243,ipip273,ipip8,ipip38,ipip68,ipip128,ipip158,ipip188,ipip218,ipip248,ipip278,ipip13,ipip43,ipip73,ipip103,ipip133,ipip163,ipip193,ipip223,ipip253,ipip283,ipip18,ipip48,ipip78,ipip108,ipip138,ipip168,ipip198,ipip228,ipip258,ipip288,ipip23,ipip53,ipip83,ipip113,ipip143,ipip173,ipip203,ipip233,ipip263,ipip293,ipip58,ipip178,ipip208
ipip4,0.9999995,0.98884857,0.9953494,0.98611116,0.99351126,0.9858565,0.9976428,0.98737466,0.9944549,0.9856493,0.9855221,0.9927223,0.98581374,0.9854402,0.9808004,0.98883843,0.9916677,0.98667383,0.99243224,0.99002665,0.9920126,0.9909255,0.9930233,0.9939367,0.9866422,0.9922748,0.9838055,0.990993,0.9875278,0.98910666,0.9927462,0.98851895,0.986786,0.9919507,0.9963536,0.99036056,0.99303466,0.99478626,0.9912584,0.9905608,0.9805705,0.9907478,0.9889846,0.98265296,0.98508406,0.9927629,0.9870484,0.98597175,0.99103206,0.9838127,0.98805106,0.9630472,0.99114406,0.98352504,0.9830559,0.98552984,0.9765555,0.980721,0.9846445,0.9890888,0.9931408,0.9876389,0.99377215,0.9899012,0.9869789,0.9848861,0.9931725,0.9929259,0.99066025,0.9843827,0.99581856,0.9908011,0.9796008,0.9883128,0.98631,0.95631045,0.98342574,0.98964435,0.9884029,0.99108577,0.9898722,0.9942364,0.9845981,0.9942221,0.99148417,0.9949453,0.99281317,0.98274964,0.9794752,0.9907705,0.9875994,0.9950421,0.99017745,0.9818614,0.97706807,0.97989327,0.99492055,0.9868956,0.9768647,0.97051525,0.98714435,0.9943954,0.99072087,0.98781407,0.99100107,0.9721308,0.99242944,0.98289794,0.99030316,0.9951434,0.99558145,0.9882251,0.9880402,0.9876349,0.9930445,0.9851953,0.9929766,0.99339557,0.993722,0.9849738,0.99458253,0.98802793,0.99248046,0.9936937,0.9936909,0.98467267,0.9867398,0.9909344,0.9882258,0.98817223,0.99391276,0.9740619,0.98452634,0.98103744,0.9922173,0.991919,0.9894999,0.98991835,0.9952376,0.99453664,0.995463,0.99280727,0.9876112,0.9927446,0.99202,0.98034716,0.9904221,0.99100006,0.97646457,0.9901566,0.9935966,0.9869708,0.97976434,0.9790453,0.9952568,0.98841596,0.98752904,0.9875632,0.9767789,0.9950707,0.9801025,0.99421257,0.9894932,0.9860129,0.99516296,0.95377743,0.9925036,0.98736316,0.99071354,0.98479927,0.9953025,0.9811704,0.99374586,0.9925285,0.9925984,0.9933568,0.99394566,0.9904021,0.98870033,0.9888366,0.9813618,0.98811716,0.9854294,0.988099,0.9760764,0.9860314,0.993263,0.993254,0.9930829,0.9829793,0.9924054,0.99322075,0.9932076,0.9931695,0.9932371,0.99533117,0.9932312,0.9955002,0.9827994,0.98548645,0.9889669,0.99465847,0.9823383,0.993258,0.99198854,0.9895994,0.9945736,0.9741399,0.98494256,0.98059475,0.98849475,0.98906153,0.9930285,0.98976797,0.9854884,0.98252004,0.98820394,0.9584421,0.98809534,0.99016666,0.9928264,0.9830087,0.9899302,0.98790824,0.9734493,0.99272937,0.99499553,0.990608,0.96958596,0.9835555,0.989832,0.99158794,0.99250484,0.9907607,0.9935234,0.9868099,0.9914833,0.9845221,0.99079275,0.984195,0.99006915,0.9875438,0.99305004,0.9872919,0.9864464,0.9914661,0.9868048,0.99530154,0.9667656,0.9865728,0.9926494,0.9929213,0.9807058,0.9927114,0.98597544,0.9902612,0.99162555,0.99177295,0.9845185,0.99245894,0.9934301,0.98495144,0.986259,0.97621965,0.983824,0.9899665,0.9878732,0.9894636,0.98857254,0.97631425,0.99570626,0.9828367,0.9903177,0.99340177,0.9907938,0.9890295,0.98751426,0.99189526,0.9872179,0.9911775,0.9883243,0.99292564,0.9870904,0.9879302,0.98889565,0.97227395,0.9633407,0.98198575
ipip34,0.98884857,0.9999997,0.99020106,0.9934667,0.9919999,0.9901553,0.98754394,0.990015,0.98999774,0.9929112,0.98399216,0.98625404,0.9859518,0.9867868,0.98321205,0.98550993,0.9869481,0.98608625,0.9892033,0.9884088,0.9884609,0.9889525,0.98885244,0.98962444,0.9880297,0.9886407,0.9874334,0.9876562,0.9842723,0.98643756,0.9862905,0.98646253,0.9839238,0.9875964,0.98642355,0.9869295,0.9855091,0.9836415,0.9863578,0.98685724,0.9830117,0.98680675,0.988004,0.98123014,0.99333197,0.9902387,0.9891124,0.9852684,0.98728776,0.98319656,0.9879484,0.97748965,0.98860186,0.98575133,0.9861768,0.9880452,0.98087436,0.98399615,0.9889642,0.9875683,0.98313814,0.985867,0.9847794,0.98807853,0.985247,0.9863023,0.98645276,0.9863492,0.98574305,0.98673385,0.9847266,0.9858398,0.98217434,0.9847328,0.9864068,0.9661185,0.98157144,0.9838853,0.9871475,0.9868997,0.985881,0.9878374,0.9822116,0.9843964,0.98605984,0.9849719,0.98582,0.9856694,0.9813589,0.98581433,0.9834367,0.9854836,0.98547274,0.98130137,0.97948253,0.98443353,0.9839156,0.98645633,0.9782953,0.97746915,0.98407996,0.98646,0.9837291,0.98302037,0.98593986,0.9779471,0.98526275,0.9801933,0.9869908,0.98558724,0.9859593,0.98234665,0.986626,0.985319,0.98648584,0.98477155,0.985443,0.98551536,0.9846118,0.98425347,0.98788375,0.9851264,0.98888105,0.986573,0.986715,0.98235285,0.9868863,0.9864445,0.9870083,0.9868777,0.98679036,0.9779595,0.9857828,0.98343545,0.98554784,0.9873863,0.9860594,0.9872714,0.9852227,0.98336023,0.9836208,0.989011,0.987769,0.988953,0.9856191,0.9850726,0.98515254,0.9856035,0.98211265,0.98699766,0.9858691,0.98345834,0.98106956,0.980814,0.9845188,0.9857712,0.98545027,0.9851247,0.9798234,0.9846688,0.98368466,0.9873507,0.9819304,0.98412657,0.9845321,0.9591294,0.9866017,0.9866231,0.98403037,0.9820634,0.9853098,0.9850188,0.9831839,0.98607,0.9858073,0.98562884,0.98700976,0.98723936,0.98680663,0.9838216,0.98239934,0.9867437,0.9843663,0.98675436,0.9833583,0.9840142,0.9866025,0.98623574,0.9861419,0.98431325,0.98553634,0.98625904,0.98649985,0.9866998,0.9858511,0.98591185,0.9871611,0.98611766,0.9822353,0.9876145,0.98597425,0.98528564,0.9875745,0.9871056,0.9883852,0.98745084,0.98658246,0.9826649,0.9872027,0.9841099,0.98719466,0.9816605,0.98607635,0.98715395,0.9862413,0.9839158,0.9848738,0.96939,0.9859062,0.98404,0.98590404,0.97987664,0.98595816,0.9869325,0.9759436,0.98393625,0.9847538,0.9857495,0.9798293,0.9821052,0.98572874,0.985997,0.98585385,0.9859296,0.986357,0.9855524,0.9873869,0.9824024,0.98598987,0.9845492,0.9851548,0.9863199,0.98546267,0.9870868,0.98550594,0.98814195,0.9910183,0.98482543,0.9786954,0.98641557,0.98792267,0.98790526,0.983847,0.98771024,0.98610216,0.986947,0.98987174,0.98828924,0.9846012,0.98668224,0.9867634,0.98598444,0.98612714,0.9819487,0.9872263,0.98648554,0.9861252,0.98590606,0.9869804,0.9831207,0.987089,0.9866183,0.98520267,0.9874094,0.987408,0.9864528,0.98613083,0.9863681,0.984866,0.98724324,0.98635066,0.9860608,0.98699445,0.9858553,0.9856531,0.98520595,0.97828627,0.9865215
ipip64,0.9953494,0.99020106,0.9999995,0.98862135,0.9924611,0.9874361,0.99450946,0.9868645,0.9917413,0.98781896,0.98518956,0.99091417,0.986419,0.9848872,0.98326945,0.987805,0.9909336,0.98619354,0.99038243,0.9879367,0.9911223,0.9894324,0.9906618,0.9912245,0.9872448,0.990382,0.98409265,0.9902289,0.9863578,0.9879534,0.9894236,0.9872934,0.98618275,0.9893241,0.99226254,0.98941433,0.9913997,0.991503,0.98921204,0.9882127,0.9809237,0.9901387,0.98802316,0.98226184,0.9857337,0.99163604,0.98694754,0.9868699,0.98944324,0.9835894,0.98732466,0.96802264,0.9886379,0.98298913,0.98346996,0.98585516,0.9788033,0.9823367,0.98732305,0.9886322,0.98904437,0.98874086,0.99042976,0.9894837,0.986393,0.98724705,0.9908329,0.99144495,0.98853517,0.9862936,0.9912889,0.98806906,0.9823202,0.9866083,0.9874907,0.9611081,0.98328006,0.987714,0.98760784,0.988646,0.9888601,0.99183404,0.984381,0.99192345,0.990449,0.9912103,0.9901233,0.98328155,0.9828391,0.989862,0.98706573,0.991217,0.9885547,0.9813309,0.9804783,0.9805159,0.99090147,0.9855739,0.9783488,0.973897,0.9867659,0.99086046,0.9885581,0.9866284,0.98924977,0.9742319,0.9900721,0.9818621,0.98811036,0.9914406,0.99168575,0.986706,0.98780066,0.98739564,0.99041164,0.9854515,0.99013925,0.9908373,0.9906209,0.98433983,0.99137896,0.98619163,0.9917004,0.99054027,0.99135256,0.983666,0.9858792,0.9888268,0.9867036,0.9867752,0.9906327,0.9777216,0.9842894,0.9845212,0.9892286,0.98930347,0.9880713,0.98845047,0.99082285,0.9896003,0.9910839,0.99080086,0.98874724,0.99003404,0.9910042,0.9818305,0.988528,0.98928785,0.9784246,0.98889786,0.98977387,0.98506105,0.9805574,0.9806712,0.9910716,0.9874981,0.986808,0.9857023,0.9789831,0.99082303,0.98123723,0.99099624,0.9868769,0.9855513,0.9905963,0.9565273,0.99011946,0.9860518,0.9878003,0.9843681,0.99142855,0.9832042,0.9897207,0.98986554,0.9890526,0.99053603,0.99219257,0.98910964,0.98783016,0.9866084,0.9823336,0.98737586,0.984539,0.986877,0.98050964,0.9845703,0.99012864,0.9900197,0.9899132,0.9823295,0.98918736,0.9902852,0.99036855,0.9897167,0.99046624,0.99164975,0.9903353,0.9914944,0.98191595,0.9852814,0.9864793,0.99075365,0.9832533,0.99062294,0.99022514,0.98797864,0.99046206,0.97774035,0.9847248,0.98185074,0.98797065,0.98730415,0.9896315,0.9879902,0.98521394,0.9829264,0.9869378,0.9651994,0.98824555,0.98815554,0.990567,0.9820988,0.9881372,0.9870579,0.9756402,0.98939866,0.99072784,0.9885034,0.9732298,0.9832049,0.98785317,0.98902375,0.9895831,0.98954237,0.9899148,0.9853354,0.9886154,0.9833777,0.989164,0.9840791,0.9880971,0.98828846,0.9902883,0.98611635,0.98597944,0.9902198,0.9881587,0.9910756,0.97141075,0.9855429,0.99053717,0.9906568,0.9818492,0.9903428,0.9858942,0.9884471,0.98985803,0.98960775,0.98423475,0.99042726,0.9906745,0.9846251,0.9861008,0.9771192,0.98658013,0.98805475,0.9869526,0.98780644,0.9873431,0.9808749,0.99215645,0.98469466,0.98776233,0.9907142,0.98944277,0.9874545,0.9870434,0.9889381,0.9871084,0.9903379,0.9870209,0.99017453,0.9863392,0.9866208,0.98762894,0.97675073,0.969503,0.9836129
ipip94,0.98611116,0.9934667,0.98862135,0.9999999,0.99303657,0.9886886,0.9871269,0.9869593,0.98812133,0.9981166,0.9828022,0.9852048,0.9841052,0.9830608,0.98125255,0.9841157,0.98661053,0.9827823,0.98638177,0.98475105,0.9870938,0.9846661,0.9861631,0.9873895,0.9845043,0.98637605,0.98574156,0.9866133,0.98174506,0.9829123,0.98556805,0.9850721,0.9818256,0.9859367,0.9833069,0.9855315,0.9849386,0.9827892,0.9832995,0.9851177,0.9817093,0.98509496,0.9887144,0.978849,0.9907617,0.9880307,0.98671883,0.98221874,0.98517704,0.9815823,0.9861643,0.9756493,0.9875392,0.98205763,0.9820555,0.9876329,0.98168343,0.9821087,0.9902695,0.9871687,0.98026353,0.98356783,0.98294145,0.98604715,0.9816241,0.9831203,0.98467594,0.9844601,0.9827801,0.9841507,0.98292553,0.9842277,0.9801211,0.98353803,0.98488533,0.96455663,0.97972256,0.98181236,0.9863899,0.9853739,0.98340136,0.9861383,0.98200583,0.98277414,0.9843937,0.9844962,0.98450506,0.98134667,0.97866017,0.9839543,0.982394,0.98408675,0.98391664,0.97942114,0.97661144,0.98132676,0.9827174,0.98538417,0.97716045,0.97521037,0.98214775,0.9853986,0.9815323,0.98118734,0.98394775,0.9770364,0.9840909,0.9777829,0.9845916,0.98358166,0.9845852,0.9793261,0.9850035,0.9840164,0.9847176,0.9834387,0.9836829,0.98412937,0.9831354,0.9820449,0.9862236,0.98260504,0.9883725,0.9838941,0.98557544,0.9808786,0.9856556,0.9839647,0.9846702,0.9840124,0.9853982,0.97536814,0.9845588,0.98007894,0.984143,0.986198,0.9840996,0.9856434,0.98405147,0.981413,0.98200834,0.986098,0.9847554,0.9861122,0.98384607,0.9798408,0.98287076,0.9828772,0.97982717,0.98444366,0.98527503,0.982726,0.978759,0.9779235,0.98282844,0.98375285,0.9834406,0.9838036,0.9774726,0.98314226,0.98251987,0.98612964,0.9812017,0.9824487,0.98288226,0.9591451,0.98526144,0.9837475,0.9826279,0.9819679,0.9847404,0.9833788,0.98198205,0.9842751,0.9848233,0.9844125,0.98550814,0.9853075,0.98568046,0.98274356,0.9802247,0.98550594,0.9842612,0.9853983,0.9797045,0.98241496,0.98554826,0.98483723,0.9847623,0.9838354,0.9841544,0.98520577,0.98554677,0.9855304,0.9843679,0.9847516,0.9867659,0.9848901,0.98194987,0.9861609,0.98532486,0.9844618,0.9875879,0.9867709,0.98680425,0.98513263,0.9860032,0.98095375,0.9855703,0.98289555,0.9854727,0.9787389,0.98494565,0.9862372,0.985097,0.9829834,0.9840123,0.9673466,0.9837625,0.98260665,0.98518604,0.9787934,0.98453313,0.98560417,0.97505575,0.9826997,0.9837899,0.98451555,0.97921604,0.97970694,0.98444,0.9846382,0.98418134,0.9833922,0.9841628,0.984566,0.98557806,0.9810494,0.9852022,0.9819897,0.98372823,0.984839,0.9849531,0.9837387,0.98373115,0.98633254,0.9911677,0.98358566,0.9763444,0.9850598,0.98634374,0.98601013,0.9826902,0.98555946,0.9842154,0.9861026,0.98680186,0.987739,0.98367375,0.9849619,0.9860156,0.98492056,0.9856128,0.98161864,0.98649544,0.9857693,0.98432666,0.98395616,0.984084,0.9815089,0.98534226,0.9849989,0.9858334,0.9856472,0.98631614,0.98504275,0.9853573,0.984197,0.98243314,0.985472,0.98470503,0.985612,0.9849835,0.98396623,0.9842076,0.9859077,0.9789816,0.98877066
ipip124,0.99351126,0.9919999,0.9924611,0.99303657,0.99999964,0.9884443,0.9929749,0.9880007,0.9913982,0.99240947,0.985161,0.9902495,0.9851391,0.9837876,0.9812696,0.9864014,0.9890079,0.9850439,0.9890603,0.986313,0.9903472,0.98883003,0.9915837,0.99079704,0.98797274,0.98990345,0.9852114,0.9889735,0.98496157,0.985837,0.98960376,0.9877381,0.98647904,0.9899183,0.99033684,0.9913159,0.9889554,0.98948896,0.9872884,0.9895661,0.9816743,0.98910385,0.98934287,0.98161787,0.98820454,0.9928231,0.9888698,0.9849067,0.98988515,0.98291916,0.9893545,0.96951956,0.99094474,0.9830746,0.9825538,0.98759145,0.98456013,0.98211,0.9883428,0.98953044,0.98745894,0.9873916,0.9888936,0.9901164,0.98651046,0.98458284,0.9898948,0.9896438,0.9873552,0.9843128,0.9906322,0.98837185,0.98073095,0.98800874,0.98565936,0.95894027,0.98144037,0.98478717,0.9874454,0.98889196,0.9871701,0.99133515,0.9835038,0.98956424,0.9893018,0.99021226,0.98946625,0.98046094,0.9792231,0.988448,0.9863841,0.9906695,0.9871721,0.9820607,0.9767267,0.9812112,0.9910176,0.98663735,0.9771201,0.97223353,0.98453,0.99040705,0.9863867,0.98531264,0.988326,0.9743928,0.9884957,0.9814544,0.98753566,0.98995817,0.99056125,0.9859432,0.9886369,0.9863117,0.98943985,0.986145,0.98881954,0.9900344,0.9896453,0.9831793,0.99085927,0.9860452,0.99097085,0.9894894,0.9906509,0.9827807,0.98566926,0.9871598,0.98636514,0.9853802,0.9914716,0.97322065,0.98544455,0.97899693,0.9902597,0.9898355,0.9875693,0.98853046,0.990111,0.98960286,0.9895944,0.98921365,0.9858993,0.990168,0.9885748,0.9803087,0.987397,0.9876698,0.9790822,0.9887322,0.9895737,0.98517835,0.97946346,0.9783416,0.9897213,0.98696285,0.98612994,0.9871551,0.9764712,0.98980415,0.9823783,0.9915736,0.9866776,0.9858272,0.99098694,0.9582547,0.9901815,0.9859746,0.98899573,0.9857838,0.9930012,0.984491,0.9894004,0.9891147,0.98963535,0.9894746,0.9902132,0.9902472,0.9881864,0.9860351,0.98104244,0.98684454,0.9843628,0.98699707,0.97761035,0.984968,0.9897139,0.9894246,0.98921204,0.98350304,0.9888755,0.9894031,0.9897734,0.9899352,0.98966235,0.9909422,0.9911206,0.9917899,0.9834148,0.98717535,0.9874207,0.9911474,0.9857884,0.99114215,0.9908496,0.98921734,0.9906896,0.97710687,0.98470736,0.98236847,0.9871743,0.9850962,0.99008685,0.9888265,0.9856147,0.98388857,0.98595333,0.9614096,0.98560673,0.9869015,0.9907951,0.98150504,0.98773974,0.98723555,0.97380656,0.98844045,0.99047196,0.9876393,0.9728556,0.9827776,0.98761475,0.98951644,0.9897177,0.988258,0.989738,0.98639643,0.99048656,0.98602504,0.99053264,0.9850639,0.98852557,0.98626834,0.990103,0.9873096,0.9857243,0.989725,0.9936211,0.99133414,0.97210366,0.98871183,0.9909283,0.9911541,0.98247963,0.9902945,0.9863698,0.98919004,0.98936594,0.9915926,0.9852472,0.98959315,0.99032915,0.98529214,0.9858352,0.97960037,0.98538274,0.989012,0.9873104,0.9880268,0.98794043,0.97867686,0.99144363,0.985275,0.9898965,0.9908188,0.98982805,0.98838,0.98837024,0.9894456,0.98590887,0.9901358,0.988085,0.990387,0.98700035,0.987503,0.9870855,0.98090255,0.9714064,0.9862229
ipip154,0.9858565,0.9901553,0.9874361,0.9886886,0.9884443,0.99999946,0.9851092,0.98363566,0.98722607,0.98878807,0.98198956,0.9846556,0.9824584,0.9811266,0.9818221,0.9832253,0.9840924,0.9817834,0.9848698,0.9831352,0.986015,0.98527384,0.98626995,0.9871451,0.9855642,0.98515093,0.98284537,0.9848641,0.9823921,0.9834919,0.9856512,0.98411924,0.982129,0.9844711,0.983372,0.9855051,0.98350567,0.9815105,0.98334277,0.9835466,0.97963357,0.9842994,0.98532146,0.978206,0.9882915,0.9881965,0.98456275,0.98332673,0.9833846,0.9808575,0.98395836,0.97159547,0.98451626,0.9796883,0.9803964,0.9828284,0.97922766,0.98266846,0.98630023,0.9856649,0.98219985,0.9839356,0.9837551,0.98684907,0.9828381,0.98547536,0.9841063,0.9858787,0.984213,0.98501116,0.9842041,0.98479784,0.9864035,0.98293155,0.98455924,0.9635194,0.97997683,0.98228395,0.9847331,0.9860551,0.9846342,0.9858164,0.9802592,0.9836313,0.98409766,0.9841565,0.9840366,0.979899,0.9793067,0.9831022,0.9829092,0.9847991,0.9846061,0.98144925,0.97741234,0.97831726,0.98348457,0.9842756,0.97773695,0.9738445,0.9823409,0.9865098,0.98279315,0.98349154,0.9844199,0.9766075,0.98454076,0.9802735,0.98436475,0.98434854,0.98392576,0.9800789,0.9844419,0.98356545,0.9845506,0.98288345,0.9844156,0.98478025,0.984299,0.98189497,0.9850195,0.98277426,0.98638135,0.9839993,0.98485947,0.9813201,0.9831661,0.98279303,0.9839772,0.98252094,0.98553103,0.9732881,0.9827161,0.9787924,0.98377615,0.9860071,0.9861095,0.98512113,0.98351824,0.9832815,0.9835504,0.9865986,0.98445284,0.98596495,0.98543733,0.98109514,0.98414665,0.98501784,0.97819656,0.98391336,0.98567766,0.9832566,0.97904617,0.9798173,0.9837728,0.98514175,0.9837907,0.98256695,0.97938424,0.98377436,0.9802652,0.98575604,0.9817138,0.9837948,0.9837374,0.957867,0.98445773,0.98494744,0.9823135,0.9816906,0.9854931,0.9832683,0.9830733,0.9846012,0.98504645,0.9836536,0.9870675,0.9876332,0.985146,0.9826844,0.9801409,0.98520046,0.9850954,0.98496073,0.98244697,0.98156977,0.9848532,0.98441625,0.98453265,0.98184615,0.98402715,0.98462343,0.9853079,0.98572206,0.9853044,0.98486745,0.9861924,0.9849041,0.980831,0.9831888,0.98284435,0.9851567,0.9852894,0.9863686,0.9868048,0.98708403,0.98485106,0.9826907,0.9835893,0.98142177,0.9847,0.98019135,0.98440146,0.98464185,0.98314226,0.9829669,0.983312,0.9667323,0.98302627,0.9826408,0.98512787,0.97797865,0.98265225,0.98519033,0.9737973,0.98355967,0.9844685,0.9846888,0.97842294,0.9822481,0.9835298,0.9846379,0.9852353,0.98564386,0.9846628,0.98423016,0.98449343,0.98113763,0.985095,0.98288184,0.98271346,0.98412794,0.9847166,0.98438597,0.98373437,0.9857539,0.9872287,0.9837278,0.9730612,0.98359996,0.98629177,0.98607177,0.98132837,0.9861161,0.9836907,0.9832706,0.9843884,0.98519826,0.98153883,0.985837,0.9849467,0.98249966,0.982401,0.9764541,0.9825085,0.9841234,0.983835,0.98366874,0.9847891,0.97988915,0.9857117,0.9845245,0.98362315,0.9849048,0.98428786,0.9844309,0.9833554,0.98354715,0.98444223,0.98578644,0.98377943,0.98401076,0.9825964,0.9837537,0.9823799,0.982724,0.97397935,0.9837517
ipip184,0.9976428,0.98754394,0.99450946,0.9871269,0.9929749,0.9851092,0.9999989,0.98929834,0.995786,0.98755455,0.9866586,0.9922267,0.98719764,0.98536766,0.9815317,0.9899449,0.9928594,0.98683167,0.9921471,0.9912552,0.99262893,0.9896639,0.99239165,0.99404496,0.9863942,0.99300367,0.98634154,0.9927863,0.98813397,0.98876053,0.9923622,0.9912711,0.98866564,0.9924582,0.99584377,0.99119025,0.9948542,0.9960844,0.99138784,0.9916684,0.9839083,0.9932675,0.9900034,0.9837724,0.98407197,0.99262965,0.98780364,0.98572326,0.9913028,0.98442477,0.98939997,0.9667641,0.99178994,0.98537385,0.98488134,0.9887424,0.9767141,0.98289436,0.986557,0.99172354,0.9916399,0.9876767,0.99314445,0.9885604,0.9867262,0.98462254,0.9944125,0.9942841,0.99107444,0.98626727,0.9948472,0.9909377,0.97987306,0.988356,0.98641753,0.95948863,0.9851247,0.9902843,0.99063075,0.99211943,0.989152,0.9937321,0.9848825,0.9932334,0.9909248,0.9953414,0.99359304,0.98342043,0.9812373,0.99196255,0.98740333,0.9946505,0.9900495,0.9816973,0.97744024,0.98030525,0.99438816,0.9887077,0.9777375,0.9731099,0.9874061,0.99350786,0.98997676,0.9872871,0.99065894,0.9750886,0.9933794,0.9836834,0.99174994,0.9952909,0.9961984,0.9874811,0.98826665,0.9886927,0.9939496,0.9859045,0.99351555,0.9937859,0.99360085,0.98590076,0.9945016,0.9881584,0.99350804,0.99280035,0.9941268,0.98613644,0.9893963,0.9928731,0.98934305,0.98898315,0.9940242,0.9754865,0.9851244,0.98129714,0.99271834,0.99219584,0.9902611,0.99262893,0.9964424,0.99380434,0.9942652,0.9920968,0.98750854,0.9923113,0.9918431,0.9800538,0.9899346,0.9913952,0.9805019,0.99112254,0.9935526,0.98705554,0.9805191,0.97814554,0.9946152,0.9881338,0.9873171,0.9883853,0.9771107,0.995373,0.9814855,0.9946011,0.9905266,0.98602265,0.9950581,0.9570342,0.9945573,0.98753667,0.99059397,0.9854415,0.9948083,0.98167235,0.99351954,0.9922042,0.9932042,0.99443346,0.99483365,0.9914705,0.99036705,0.990684,0.98353374,0.98955977,0.98570144,0.9895468,0.9777972,0.9869127,0.9943649,0.9945613,0.99432606,0.98537403,0.99354285,0.9942558,0.9942723,0.9935472,0.9929108,0.9958513,0.9941299,0.99710697,0.9853463,0.98843473,0.99083346,0.995693,0.9849994,0.99431497,0.9921418,0.9894209,0.99522215,0.97630537,0.9872248,0.98386866,0.9895471,0.98949045,0.9932796,0.9907239,0.98780924,0.982536,0.9893025,0.9614838,0.98895586,0.9906544,0.9929069,0.98419416,0.9910507,0.98815584,0.9742748,0.9929766,0.9959692,0.99215,0.973144,0.9854073,0.9916652,0.99169517,0.99204504,0.99012464,0.99330175,0.987769,0.9916214,0.98546624,0.9914341,0.9849781,0.99051625,0.98793536,0.9942254,0.9885977,0.988259,0.9930396,0.986669,0.9947865,0.9687445,0.98686105,0.99393904,0.99405706,0.98395073,0.9939808,0.9883152,0.99145174,0.9919523,0.9925661,0.98522395,0.9921862,0.9946845,0.98674,0.9885899,0.97938406,0.987363,0.9912735,0.9885994,0.98967093,0.98843503,0.97756255,0.99689007,0.98614717,0.9910536,0.995404,0.99123746,0.9895346,0.9885245,0.9915433,0.98681116,0.9909988,0.98982924,0.99475974,0.9892108,0.9895653,0.9911774,0.97266984,0.9656962,0.98276263
ipip214,0.98737466,0.990015,0.9868645,0.9869593,0.9880007,0.98363566,0.98929834,1.0000005,0.9915403,0.98821074,0.9860053,0.9858104,0.98835176,0.98710436,0.9821299,0.9880767,0.98867196,0.9865466,0.98895967,0.99060684,0.9869111,0.98833746,0.9857794,0.98951226,0.9838358,0.98955566,0.9872205,0.9878221,0.9855298,0.98473626,0.9854583,0.9887129,0.98548293,0.98789144,0.9871716,0.9861854,0.98769313,0.9856175,0.98713934,0.98873794,0.9857074,0.9881003,0.98561734,0.9832682,0.9855398,0.9879253,0.9867537,0.98367745,0.9876802,0.98359305,0.98769987,0.9758193,0.988719,0.9876007,0.98360664,0.9897975,0.97946095,0.98332846,0.9866867,0.98863655,0.9824129,0.9844722,0.98524535,0.9859514,0.9830819,0.98266506,0.9897836,0.98655546,0.9846993,0.9876171,0.9839321,0.9852471,0.980282,0.9844313,0.9849991,0.96912915,0.98454994,0.98538166,0.98677176,0.9858135,0.98439866,0.9873935,0.982775,0.98354524,0.98660797,0.98677546,0.98767024,0.98582506,0.98179245,0.9884575,0.98275715,0.9846556,0.9863605,0.98255044,0.9784531,0.98438835,0.9844796,0.9866922,0.9774947,0.9788312,0.98390174,0.98468703,0.98382455,0.9821147,0.98606783,0.9781196,0.9870671,0.98171085,0.98848194,0.987348,0.987703,0.9820032,0.9866155,0.9872196,0.9887003,0.98494464,0.9873707,0.9863276,0.9853852,0.98647463,0.9876658,0.9860891,0.9873578,0.9849485,0.98620397,0.9822146,0.98916143,0.9890286,0.9850166,0.9875105,0.98650014,0.975557,0.98379886,0.9839413,0.9876286,0.986248,0.98636353,0.98924226,0.9873415,0.9839466,0.98328066,0.9879495,0.9860657,0.9897491,0.98595357,0.98424333,0.9853415,0.9843937,0.9841044,0.9891234,0.9850903,0.9822747,0.9812742,0.9787312,0.9851625,0.9839361,0.9836351,0.98511666,0.9794085,0.9864289,0.98298514,0.9876226,0.9845754,0.98402065,0.9863657,0.9619075,0.9887547,0.9841316,0.98460597,0.9826277,0.98417395,0.98378295,0.9846212,0.9859423,0.98557127,0.9873509,0.98834896,0.98905057,0.987543,0.986888,0.98482573,0.98625326,0.98298806,0.9868557,0.9803838,0.98549235,0.988391,0.9885486,0.9880354,0.9848344,0.9880809,0.9868596,0.9870281,0.9860341,0.9860259,0.98643744,0.98830473,0.98775184,0.9841192,0.9883789,0.9891777,0.9866307,0.988109,0.9878548,0.9863941,0.9844755,0.98802394,0.98035395,0.98756194,0.98698837,0.98623365,0.98358244,0.985543,0.98733765,0.98600805,0.9811074,0.9851207,0.96910995,0.9869121,0.98537713,0.98444515,0.9820963,0.989084,0.98641026,0.9753194,0.9849046,0.9875042,0.9883435,0.9780197,0.98337865,0.98872185,0.98725694,0.9855316,0.9833369,0.9870163,0.9863803,0.9872288,0.9846168,0.98563224,0.98516876,0.98756105,0.9862668,0.98675203,0.984284,0.9874074,0.9888397,0.98628426,0.9840798,0.9775939,0.9845431,0.9869159,0.98683214,0.9843142,0.98699415,0.986537,0.98882765,0.98975235,0.9876472,0.9860492,0.9861096,0.9876267,0.9860159,0.9896427,0.9838784,0.98748285,0.9883927,0.9854869,0.98522556,0.98511815,0.9803526,0.98831326,0.9869778,0.98502755,0.9891502,0.9865936,0.98706937,0.9862234,0.98504055,0.9823329,0.98514646,0.98581344,0.9881955,0.98877376,0.9853765,0.98862547,0.97897905,0.97683966,0.98493177
ipip244,0.9944549,0.98999774,0.9917413,0.98812133,0.9913982,0.98722607,0.995786,0.9915403,0.99999964,0.98875743,0.98729676,0.9909749,0.98856467,0.98808557,0.98479354,0.9894665,0.9915196,0.990146,0.9930675,0.9913933,0.9919097,0.9907257,0.99213576,0.9973135,0.98853046,0.9938328,0.9903216,0.9919878,0.9895837,0.9898873,0.9933194,0.9924761,0.9898251,0.993124,0.99293435,0.9908398,0.9925037,0.9916458,0.99125934,0.9920856,0.9873289,0.9933384,0.99187225,0.9851472,0.9884102,0.9931582,0.99101746,0.98644984,0.9917586,0.98645544,0.99072933,0.97362345,0.9913333,0.9887312,0.9888569,0.990822,0.978833,0.9863106,0.98786616,0.99250805,0.9885841,0.9886089,0.9911743,0.99166346,0.987308,0.9862593,0.9928625,0.99278057,0.9908439,0.9886521,0.99169636,0.99130416,0.9819022,0.988199,0.987342,0.96451676,0.98652935,0.99005413,0.9932309,0.99413717,0.98972636,0.9925583,0.9855581,0.9901813,0.99092376,0.9921379,0.9917841,0.9859923,0.9829797,0.99094146,0.98718584,0.9924016,0.9892008,0.9841762,0.97948635,0.9843247,0.99097157,0.99218017,0.97932684,0.976964,0.9872266,0.99402857,0.9891894,0.98825014,0.990618,0.98039454,0.9921494,0.9852453,0.99274683,0.9922208,0.9935954,0.98700786,0.98905236,0.9888041,0.992679,0.98822314,0.99246407,0.99154997,0.991423,0.9878025,0.99293536,0.9899698,0.9934928,0.99217,0.9917377,0.98914367,0.99262905,0.99277633,0.9929547,0.9908854,0.9920251,0.9789631,0.98780656,0.984748,0.99073,0.9929323,0.991814,0.9929907,0.99411637,0.99171245,0.991796,0.9930029,0.9883507,0.993686,0.9909955,0.98451877,0.9904151,0.9912647,0.9849601,0.99223226,0.9941499,0.9905705,0.98370385,0.98132026,0.9920674,0.9898311,0.98971665,0.98930144,0.9793821,0.99301195,0.9850827,0.99367714,0.98942757,0.98855275,0.9926987,0.9603461,0.99301946,0.9897732,0.98951864,0.9858813,0.9916185,0.985151,0.991116,0.99316657,0.9944529,0.9928865,0.9949164,0.9935035,0.99405706,0.9912994,0.98717076,0.9928429,0.98876846,0.9928223,0.98142064,0.9876789,0.9936013,0.99386567,0.99371773,0.9902651,0.9927102,0.993231,0.99333054,0.9948059,0.9922291,0.99335885,0.9940551,0.99457896,0.9890457,0.99183404,0.99158037,0.99371195,0.98854476,0.9934699,0.9931214,0.99290437,0.9959655,0.98323655,0.99100435,0.989788,0.99108636,0.9895998,0.99397886,0.9927643,0.99125767,0.98712754,0.98983383,0.9674719,0.98926646,0.99031025,0.9916458,0.98455477,0.9910675,0.99152845,0.9765048,0.99074394,0.99397284,0.993373,0.98034513,0.9877337,0.9929955,0.99170077,0.9909146,0.9902449,0.99248224,0.9905053,0.99254227,0.98619896,0.99124426,0.98791456,0.9909686,0.98914343,0.992485,0.9904389,0.99018997,0.9934972,0.98881686,0.99153566,0.973225,0.98826075,0.9937065,0.9936157,0.9869154,0.9936701,0.9898827,0.99165696,0.9926897,0.9939678,0.9882883,0.9924487,0.99361634,0.9909861,0.9905931,0.98293227,0.98873746,0.99106544,0.9895894,0.99148643,0.9897642,0.9813434,0.9941549,0.98928404,0.9923849,0.9938221,0.99292886,0.9901063,0.9894912,0.9913166,0.9877784,0.9906013,0.99211645,0.99305326,0.99094754,0.9918094,0.9911104,0.9767001,0.970398,0.98366433
ipip274,0.9856493,0.9929112,0.98781896,0.9981166,0.99240947,0.98878807,0.98755455,0.98821074,0.98875743,1.0000001,0.9836265,0.9839453,0.9847943,0.98396015,0.9810585,0.9850012,0.9867728,0.982592,0.9869281,0.9856954,0.9863665,0.9848272,0.9859857,0.98755795,0.9836427,0.98715353,0.9865298,0.98682165,0.98248124,0.98289925,0.98529935,0.9862292,0.98245966,0.9861431,0.98330176,0.9858158,0.9857347,0.9834632,0.98355186,0.98520684,0.98309714,0.98539776,0.9885262,0.9791151,0.99111056,0.98779356,0.98652864,0.98193234,0.9848351,0.9819332,0.9860423,0.9769947,0.98764616,0.9832717,0.98282534,0.9886636,0.98227906,0.98237514,0.99076974,0.98857707,0.9794592,0.9835557,0.9820835,0.9852831,0.98124254,0.9828936,0.98456,0.9847175,0.9825538,0.98482805,0.98214024,0.9835191,0.9806627,0.98317933,0.9839748,0.96511716,0.98034227,0.98174006,0.9869413,0.985791,0.9821221,0.98547673,0.9812817,0.9819419,0.9837692,0.98428714,0.98481554,0.98220676,0.9792962,0.9836338,0.98179567,0.9837273,0.9835204,0.9796505,0.9764274,0.9812936,0.98230916,0.9863372,0.977345,0.97591406,0.9817659,0.9850393,0.9810433,0.9811491,0.98372453,0.9779286,0.98455346,0.9777257,0.98494935,0.98325825,0.9844066,0.9786139,0.9843797,0.9844618,0.98496217,0.98319995,0.9840916,0.9842895,0.9831791,0.9820168,0.9859084,0.982083,0.98750204,0.9829151,0.9849062,0.98106945,0.9866817,0.9846623,0.984995,0.9842708,0.9853029,0.974402,0.9841478,0.97980225,0.9839808,0.98637754,0.9849435,0.9862828,0.98430145,0.98094034,0.9811088,0.98573136,0.9842867,0.9865499,0.9838943,0.98023015,0.9819552,0.98258734,0.9808404,0.98429114,0.9853155,0.9827696,0.97842616,0.9775598,0.9824028,0.98329204,0.9827777,0.9830398,0.9777543,0.98319954,0.9828767,0.9865833,0.9817894,0.98233587,0.9834426,0.9606897,0.98586726,0.98359233,0.98205274,0.9820077,0.98430717,0.9831915,0.9817934,0.98370963,0.9852228,0.9843998,0.9857291,0.9863241,0.9868096,0.9838432,0.980901,0.9859828,0.98359406,0.9860128,0.98004055,0.98222655,0.98652625,0.9857905,0.98566365,0.9846873,0.9846968,0.9851952,0.9856055,0.98588514,0.98369056,0.9843796,0.98710364,0.9859053,0.983078,0.98707974,0.9854399,0.9847892,0.98815894,0.98659104,0.98596823,0.9850814,0.9863938,0.9822458,0.98644435,0.98401433,0.9848814,0.97882056,0.9849218,0.98586833,0.9850859,0.98266554,0.98479104,0.9680754,0.98402154,0.9824762,0.98504275,0.9788393,0.98520744,0.9858389,0.97470546,0.9824949,0.9842642,0.9853439,0.9800576,0.9801973,0.98534274,0.98448485,0.983907,0.9825176,0.9841791,0.984462,0.9851491,0.9814683,0.9850787,0.98216844,0.9840188,0.98412406,0.9848165,0.98406374,0.98399454,0.98671156,0.990412,0.98273796,0.9773339,0.9847536,0.98664457,0.98613364,0.98366493,0.9857834,0.984746,0.9863656,0.9864676,0.9871848,0.9838588,0.98466516,0.98596215,0.9855484,0.9855897,0.98236024,0.9872847,0.985934,0.98393893,0.98361135,0.9837518,0.9811202,0.9856083,0.98619705,0.9863111,0.98631203,0.985797,0.9851042,0.9852042,0.9832458,0.9817674,0.9848389,0.98501116,0.98537946,0.9857078,0.9840623,0.9845371,0.98618156,0.9802649,0.98861116
ipip9,0.9855221,0.98399216,0.98518956,0.9828022,0.985161,0.98198956,0.9866586,0.9860053,0.98729676,0.9836265,0.9999997,0.9863628,0.9869863,0.985207,0.98255885,0.99010634,0.9870605,0.98283356,0.98766637,0.9868713,0.98586255,0.9828245,0.9865944,0.9859419,0.9836593,0.9875035,0.9847793,0.9858325,0.9867355,0.98590136,0.98567396,0.98834604,0.9854555,0.9870832,0.9852955,0.9868704,0.9879578,0.98565644,0.98648006,0.98585296,0.98433036,0.98765975,0.98579687,0.9861098,0.98366344,0.98622996,0.98618627,0.9826957,0.9870445,0.9828864,0.98563087,0.9727316,0.98728895,0.98373055,0.9828399,0.98629,0.9781992,0.9841617,0.98426634,0.9886893,0.9823133,0.9846738,0.98387086,0.98424876,0.9819198,0.9832437,0.98679775,0.9855842,0.98396623,0.9844417,0.98386335,0.98639077,0.9801043,0.9834998,0.9846076,0.9695658,0.9854753,0.9857414,0.9869817,0.98625016,0.98541605,0.98858577,0.9883125,0.9847785,0.98714036,0.9867403,0.98875266,0.9847272,0.98310655,0.9861555,0.9844496,0.98588085,0.9854821,0.9799202,0.9797106,0.98230296,0.9840398,0.9867286,0.98131645,0.97906494,0.985777,0.98634565,0.98316085,0.984046,0.98542243,0.9779451,0.98756784,0.980485,0.986824,0.9858235,0.98759145,0.9814859,0.98684484,0.9865062,0.9871956,0.9854385,0.98631406,0.9871142,0.9849611,0.98653287,0.9874395,0.98510987,0.9850093,0.9831307,0.98627365,0.9820271,0.9858326,0.9869913,0.9844675,0.985009,0.9862496,0.9752224,0.983209,0.9810202,0.987525,0.9869629,0.9872274,0.98878306,0.9870076,0.98263085,0.9834482,0.9868242,0.9853529,0.9858961,0.98510754,0.9809752,0.98394334,0.9835911,0.98420554,0.9863797,0.9864786,0.98514193,0.98234683,0.97944814,0.9847225,0.9856779,0.98622465,0.9844209,0.977688,0.98509014,0.9821168,0.98751897,0.9835758,0.98541224,0.9846328,0.9720021,0.9877708,0.9838737,0.9827319,0.98451006,0.98502666,0.9821375,0.98482734,0.985385,0.98622996,0.9877337,0.98519826,0.98554474,0.98494947,0.9862991,0.9829184,0.985873,0.9838694,0.98610467,0.9804685,0.98327243,0.98784655,0.9872908,0.9871795,0.9842868,0.9883663,0.9881423,0.9888537,0.98703825,0.9869486,0.9878994,0.987261,0.9869983,0.9834566,0.9868048,0.98669773,0.98518103,0.9846192,0.9877704,0.985442,0.98560023,0.98667675,0.98081374,0.984884,0.9845593,0.98451674,0.9838512,0.9870472,0.9848682,0.9857055,0.98426235,0.98677754,0.9690491,0.98629427,0.98625636,0.9861634,0.98428136,0.9870502,0.986872,0.98173875,0.9881696,0.9860481,0.98593986,0.9755635,0.9846647,0.98607093,0.9866835,0.9844947,0.9840119,0.9862284,0.9846795,0.98553145,0.98311156,0.986656,0.9840917,0.98586035,0.9842044,0.9876787,0.9859258,0.9875865,0.98646826,0.9835494,0.984512,0.9722235,0.9833424,0.9883117,0.9884833,0.98595226,0.9888951,0.98796564,0.9856898,0.98451424,0.9858578,0.98419845,0.9849825,0.9878086,0.9849683,0.9863536,0.9795878,0.9851064,0.98698306,0.9853986,0.983027,0.98430336,0.98043966,0.98688143,0.9860001,0.9847819,0.9877131,0.9847534,0.9857741,0.9852818,0.98458284,0.98156166,0.9832558,0.98453254,0.98675513,0.9841161,0.98427933,0.9864026,0.97629964,0.9738837,0.9834724
ipip39,0.9927223,0.98625404,0.99091417,0.9852048,0.9902495,0.9846556,0.9922267,0.9858104,0.9909749,0.9839453,0.9863628,0.9999986,0.9874465,0.9852426,0.9860357,0.98902106,0.9906862,0.986844,0.99109584,0.98859113,0.99111754,0.98842514,0.9905645,0.9902997,0.987656,0.98991907,0.9846217,0.9902007,0.9880083,0.98852146,0.99080294,0.9890607,0.9878282,0.9916943,0.99237686,0.9895985,0.9901248,0.9908039,0.9896454,0.9917348,0.98216337,0.9895266,0.9883069,0.98384637,0.9835981,0.9902911,0.98749495,0.9861266,0.990061,0.9868592,0.98805016,0.96521413,0.9897203,0.9822874,0.9825403,0.98600084,0.97778815,0.9842097,0.9851419,0.9892608,0.9907785,0.98789185,0.99250305,0.9897158,0.9880659,0.986549,0.9913052,0.99081415,0.9897284,0.9861319,0.99237686,0.9908558,0.98229015,0.98871535,0.99030155,0.96262926,0.9856825,0.9892697,0.98847073,0.9903836,0.9942643,0.9947776,0.98596334,0.9924618,0.9912167,0.99425423,0.9924655,0.9827252,0.98361576,0.99151844,0.9912758,0.9926356,0.99123347,0.98437357,0.9794057,0.9819199,0.99204206,0.98665756,0.97984844,0.9749475,0.98804283,0.9927503,0.9908501,0.988854,0.99224204,0.9762192,0.9909566,0.98452467,0.9898539,0.99324226,0.99352384,0.98887384,0.99526405,0.9882126,0.9920883,0.98783934,0.9916363,0.9918034,0.9917818,0.98614234,0.99157995,0.9870652,0.9905234,0.99077076,0.9906501,0.9847646,0.9854322,0.9897461,0.9867081,0.9886518,0.9906494,0.97510284,0.98549163,0.98121136,0.98946786,0.99154866,0.98945934,0.9892391,0.99245733,0.99125254,0.9931821,0.9919159,0.986465,0.99028885,0.9924838,0.9818001,0.9930235,0.989952,0.980189,0.9919106,0.991654,0.9885346,0.98167354,0.9807974,0.9921242,0.98946446,0.9887668,0.9873126,0.9797107,0.9918742,0.9820139,0.9920263,0.989031,0.98664224,0.9918281,0.9567642,0.9901076,0.9879772,0.98877317,0.9843441,0.9914579,0.9838879,0.9897089,0.99022716,0.9898622,0.99171233,0.99091667,0.9890551,0.9863632,0.98748463,0.98520523,0.9878513,0.9858608,0.9876153,0.978679,0.9863744,0.9905246,0.9906741,0.9903066,0.9843842,0.9913989,0.9913547,0.99139565,0.99066836,0.9941213,0.99269897,0.9909656,0.9912281,0.9836991,0.9862207,0.9880364,0.991521,0.98373157,0.9914677,0.9905001,0.9881108,0.99106634,0.9764557,0.9850399,0.98202115,0.98862684,0.9885464,0.9901807,0.988886,0.98590577,0.98526776,0.9871347,0.9629335,0.9877001,0.9902684,0.9910411,0.98341686,0.9891163,0.9889128,0.976215,0.9911038,0.99130166,0.9891083,0.9733979,0.98564154,0.9882821,0.991599,0.9912316,0.9903805,0.9915116,0.98686516,0.9906867,0.9855173,0.98967975,0.98606926,0.99045753,0.98866796,0.99078494,0.98741686,0.98739094,0.9894633,0.98784846,0.99133885,0.9664075,0.9863467,0.9907834,0.9911054,0.9821253,0.9907775,0.9858795,0.98847383,0.98795885,0.9908199,0.98427165,0.991342,0.9912777,0.98524076,0.9859851,0.9771972,0.98371685,0.9901801,0.987705,0.98802084,0.98866045,0.98331386,0.99259293,0.98521006,0.99049336,0.99040675,0.99261034,0.98925906,0.9875282,0.99104947,0.98801655,0.98955935,0.98816043,0.991574,0.9865838,0.9877298,0.9885867,0.9746303,0.9664696,0.9853862
ipip69,0.98581374,0.9859518,0.986419,0.9841052,0.9851391,0.9824584,0.98719764,0.98835176,0.98856467,0.9847943,0.9869863,0.9874465,0.99999934,0.98998016,0.9853827,0.99310285,0.9892889,0.9856429,0.99091494,0.9889515,0.9893622,0.9858684,0.9876859,0.98633236,0.98616356,0.9889727,0.98449326,0.98931104,0.9866669,0.98604125,0.9874035,0.98873776,0.98662376,0.9888976,0.98589385,0.98736525,0.9892688,0.986872,0.9892257,0.9882331,0.98524183,0.9881747,0.9861387,0.9868592,0.98371243,0.9878283,0.9877131,0.9813499,0.98868525,0.98663986,0.9853647,0.9726519,0.98898107,0.98441756,0.982104,0.98907477,0.9786332,0.9832986,0.98688537,0.9887116,0.98407507,0.98678595,0.98699534,0.9847108,0.9850531,0.98656064,0.98790246,0.9856933,0.9849904,0.98515624,0.98460776,0.987998,0.9818577,0.9844174,0.9872408,0.96919715,0.9858524,0.9859431,0.98688453,0.9856302,0.98714316,0.98892176,0.98649704,0.98491836,0.98779887,0.987287,0.9880746,0.9888281,0.98356277,0.9873198,0.98701155,0.98685855,0.98861665,0.98292243,0.9799405,0.98425984,0.9841265,0.98704183,0.98366535,0.9812799,0.98834527,0.98593986,0.9864737,0.98689485,0.988196,0.98147506,0.9878189,0.98566735,0.98871845,0.9868969,0.988041,0.9828425,0.987569,0.98763865,0.9890246,0.98768634,0.9884148,0.98649937,0.9854005,0.98721874,0.9899021,0.9881469,0.9875379,0.98595667,0.98887485,0.9846608,0.98683786,0.98829824,0.9835659,0.9873557,0.98659825,0.9787894,0.9850276,0.9844269,0.9869785,0.9870554,0.9877185,0.9883212,0.9872159,0.9829978,0.98471475,0.9897087,0.9883479,0.9890663,0.9880264,0.9848587,0.9864108,0.9847795,0.98531836,0.9877189,0.98618865,0.98522943,0.9833775,0.98148745,0.98628473,0.9874527,0.98673767,0.9864059,0.9802613,0.98656076,0.9844855,0.9884333,0.9857006,0.9848268,0.98567843,0.9655917,0.98826027,0.98560864,0.9846843,0.9859934,0.9847313,0.98524284,0.98469496,0.98748606,0.9857872,0.9880114,0.98632574,0.98595,0.9850145,0.9880316,0.98615736,0.9862836,0.98437554,0.9866489,0.9798423,0.9871532,0.9895839,0.98926187,0.98908776,0.98490345,0.9887294,0.9879389,0.9882897,0.9865842,0.9880632,0.98703885,0.98785263,0.98697835,0.98364276,0.98790044,0.9874448,0.9854979,0.9857553,0.9875177,0.9871632,0.98606724,0.9876966,0.9796495,0.98751915,0.9863237,0.98607254,0.9843531,0.9859305,0.9868085,0.98574674,0.98543364,0.98666716,0.96686286,0.986903,0.98779,0.9866284,0.9832972,0.9886064,0.9885711,0.9781232,0.9869894,0.9871611,0.98789614,0.97808945,0.98492175,0.98839074,0.98758036,0.98609823,0.98498076,0.9875029,0.9853936,0.9866826,0.9850177,0.9878618,0.98716295,0.9872047,0.98642004,0.98745775,0.98567694,0.98753184,0.9879433,0.98454064,0.9848345,0.9737941,0.9846252,0.98744,0.98711807,0.98540777,0.98712,0.9864148,0.9868956,0.98649436,0.98654944,0.98498833,0.9870558,0.987977,0.985478,0.98636436,0.9813257,0.9872618,0.98853004,0.98724693,0.9837829,0.98697567,0.9823844,0.9872259,0.9863831,0.9853157,0.98817134,0.9870041,0.98774165,0.98739046,0.9862393,0.9843687,0.98459375,0.9843535,0.9874012,0.98684204,0.9836626,0.988781,0.97481954,0.9751824,0.98346674
ipip99,0.9854402,0.9867868,0.9848872,0.9830608,0.9837876,0.9811266,0.98536766,0.98710436,0.98808557,0.98396015,0.985207,0.9852426,0.98998016,1.0000002,0.9831826,0.9886658,0.98822474,0.9853768,0.99207836,0.9905422,0.98730224,0.98585564,0.98598367,0.9864187,0.9844517,0.9886459,0.9852876,0.9876291,0.9883492,0.98815006,0.9857048,0.9851025,0.9812414,0.9858818,0.9852854,0.9843265,0.98652756,0.98391896,0.98797774,0.98564047,0.9837848,0.9856846,0.9858171,0.98360187,0.9843236,0.98537385,0.98562026,0.9811334,0.98733425,0.9871,0.9826025,0.9733152,0.9864955,0.9874618,0.9844054,0.98558253,0.9780858,0.9823621,0.9854518,0.9865018,0.9828342,0.98521286,0.984824,0.98439354,0.9824482,0.984206,0.9853217,0.98387164,0.98281664,0.9838918,0.98280877,0.98421824,0.98002315,0.98282665,0.98763776,0.96937346,0.9850808,0.9862217,0.9855236,0.98439956,0.98449737,0.98728716,0.984537,0.98331225,0.985723,0.9856873,0.987204,0.99168426,0.9837114,0.9849942,0.985134,0.9844498,0.987314,0.9831921,0.9816478,0.98407996,0.98165894,0.9841934,0.9821892,0.97994226,0.98490036,0.9843522,0.98464113,0.98441416,0.98854166,0.9771462,0.9871301,0.9796473,0.9861325,0.98433554,0.9852059,0.98220253,0.9870566,0.985904,0.9864183,0.98499596,0.9858924,0.9850343,0.98492676,0.9849598,0.98732525,0.98497295,0.98544985,0.9855414,0.98515606,0.9824457,0.9855863,0.9880161,0.9840391,0.98884976,0.984219,0.9780003,0.98493546,0.9879837,0.9828655,0.9857234,0.9853949,0.9856377,0.98473,0.9808352,0.9831287,0.98869646,0.98866916,0.9875183,0.9872475,0.98510206,0.985477,0.9826983,0.9817319,0.9864789,0.9847305,0.98421484,0.9841779,0.98274434,0.9830672,0.9845543,0.9848155,0.9836147,0.9826945,0.9833049,0.98323596,0.9858368,0.98271674,0.9826114,0.98308134,0.9589855,0.984833,0.9839055,0.98221946,0.9829918,0.9825642,0.9827389,0.98159206,0.98664033,0.9836395,0.9842585,0.98429024,0.9842941,0.9839063,0.98326236,0.984075,0.9853042,0.9835071,0.98552406,0.979687,0.9849437,0.9857157,0.9849876,0.98510987,0.98343027,0.98633736,0.98400414,0.98479396,0.98460203,0.9857751,0.9836441,0.98459494,0.9850529,0.9819654,0.9860728,0.9840157,0.98194385,0.98334837,0.9843893,0.98481166,0.9839158,0.9846552,0.97917235,0.984898,0.98241484,0.9852192,0.982359,0.98313004,0.98552096,0.9843307,0.9847025,0.9853815,0.97048604,0.98774207,0.98560333,0.98397535,0.9797571,0.9855918,0.9868746,0.9776489,0.98309857,0.9832778,0.9856439,0.97595865,0.98220295,0.98447365,0.98444897,0.9844515,0.9826667,0.98523843,0.98401916,0.983831,0.9810766,0.9835253,0.9829986,0.98642975,0.9845929,0.98378426,0.984088,0.9843227,0.9854505,0.9825592,0.98199105,0.97448426,0.9827843,0.9860028,0.9850297,0.98308223,0.9853886,0.98390776,0.98585504,0.98750603,0.98450243,0.9854722,0.98541826,0.98478174,0.9849849,0.9847834,0.97967184,0.9847165,0.9856756,0.9844223,0.9820735,0.98470354,0.98159444,0.9849672,0.9837666,0.9850362,0.9858032,0.98561394,0.98474747,0.9837211,0.9837406,0.9834483,0.98280895,0.98278564,0.98433477,0.9839101,0.9819572,0.9857895,0.9745158,0.9728748,0.98028487
ipip129,0.9808004,0.98321205,0.98326945,0.98125255,0.9812696,0.9818221,0.9815317,0.9821299,0.98479354,0.9810585,0.98255885,0.9860357,0.9853827,0.9831826,0.9999993,0.9856913,0.983103,0.9806757,0.9855954,0.9824583,0.9838165,0.98301166,0.9836492,0.9833274,0.98418164,0.9833378,0.9820004,0.9830823,0.9821634,0.9829987,0.9829069,0.98436344,0.98122704,0.98409885,0.98035675,0.98321766,0.9816856,0.979155,0.9844131,0.98217845,0.9803167,0.983885,0.9826675,0.9788642,0.98175865,0.98331475,0.9846013,0.98764765,0.9825512,0.9819051,0.98138136,0.96908164,0.9822717,0.9784309,0.98095614,0.9824232,0.9743418,0.98299265,0.98147404,0.9849567,0.9799869,0.9831655,0.98315805,0.984868,0.9830672,0.9954772,0.9832109,0.9838091,0.9810905,0.9851155,0.9803245,0.983593,0.9799367,0.9817322,0.98566204,0.9675239,0.9805868,0.98243606,0.9848312,0.98461324,0.987362,0.98464626,0.98226106,0.9809352,0.983164,0.9836669,0.9831707,0.9836234,0.9822182,0.9837726,0.9840206,0.98132354,0.98382,0.9777566,0.9785459,0.9801005,0.9794758,0.9824495,0.97984934,0.9752573,0.98494023,0.9832443,0.98273736,0.9840694,0.984134,0.9798261,0.9818312,0.9807918,0.9845407,0.9813583,0.98296964,0.978485,0.9838693,0.9832189,0.98283523,0.9830684,0.98286796,0.9824123,0.9811949,0.98168886,0.9832282,0.9823208,0.9849383,0.9816416,0.9806948,0.9823498,0.98309463,0.98331624,0.9820154,0.9826208,0.98077285,0.9752539,0.9821202,0.9803253,0.98043954,0.9826327,0.98380756,0.9836285,0.981974,0.97809017,0.9807063,0.98508525,0.9850463,0.9830391,0.98637044,0.9804249,0.98364055,0.98142755,0.9809204,0.9829954,0.98215455,0.9829305,0.97987527,0.9831615,0.9811804,0.9838156,0.98395914,0.98050696,0.97743654,0.98084253,0.9804989,0.9833655,0.9797464,0.98195463,0.9798029,0.95827687,0.9819592,0.9840232,0.9775688,0.9793399,0.98016846,0.9816999,0.9784211,0.98178416,0.9815839,0.9823875,0.982813,0.9817838,0.9819341,0.9822478,0.9834326,0.9840452,0.9812817,0.98356575,0.98090535,0.982036,0.98308694,0.983117,0.98278725,0.9811278,0.9826737,0.9832337,0.983351,0.98269534,0.984491,0.98160034,0.98227984,0.98070115,0.9790232,0.98370624,0.98118687,0.9800361,0.9820527,0.98238677,0.984243,0.9822313,0.98205644,0.97890997,0.9841829,0.9813055,0.98267436,0.97995526,0.9816634,0.9840474,0.983749,0.9848716,0.98264194,0.9698272,0.98240584,0.9824442,0.98279345,0.97733516,0.98343515,0.98862106,0.97436947,0.9802704,0.98010606,0.9831991,0.9787088,0.9822445,0.9835362,0.9828709,0.98529255,0.9925166,0.9830919,0.9812214,0.9832278,0.9787347,0.98235065,0.9829728,0.98087615,0.9823868,0.9811157,0.983445,0.9839034,0.98468024,0.982892,0.97957456,0.96993834,0.98156166,0.9833987,0.9830638,0.9819832,0.98334867,0.9824866,0.98163235,0.98142135,0.9826478,0.98107576,0.98467696,0.9829173,0.9823583,0.98267615,0.97607076,0.9839651,0.9824866,0.9834884,0.98151267,0.9824693,0.9816292,0.9821286,0.9848768,0.98208404,0.9821381,0.98460263,0.98528814,0.98257726,0.9832551,0.985537,0.98258436,0.9824587,0.98180765,0.98378533,0.9817365,0.98273593,0.9766231,0.9717407,0.9807948
ipip159,0.98883843,0.98550993,0.987805,0.9841157,0.9864014,0.9832253,0.9899449,0.9880767,0.9894665,0.9850012,0.99010634,0.98902106,0.99310285,0.9886658,0.9856913,1.0000007,0.9904868,0.98594,0.9919309,0.99043185,0.98945886,0.9853961,0.9888568,0.98801804,0.9849002,0.9905101,0.9844334,0.989809,0.98794603,0.98721814,0.9888697,0.9890473,0.9869977,0.9896012,0.9894497,0.988369,0.99131304,0.989796,0.9917795,0.9882531,0.9843393,0.9889313,0.98688155,0.9853195,0.98465466,0.98831254,0.9864959,0.98377556,0.98939407,0.9859037,0.9858101,0.97110605,0.98913735,0.98462,0.9809596,0.9871594,0.9779163,0.9838733,0.98615044,0.9892468,0.98762786,0.9875679,0.98849976,0.9852117,0.9859252,0.98704153,0.99039936,0.987768,0.9870142,0.9851082,0.98768365,0.988924,0.9815088,0.9848333,0.987287,0.9675324,0.9869104,0.98818535,0.98725903,0.9869317,0.9881428,0.9904877,0.98761344,0.9880093,0.9885787,0.99148995,0.99138594,0.98963493,0.9845608,0.9893544,0.98881286,0.98997164,0.9893098,0.9826677,0.98110175,0.9828461,0.9874679,0.988335,0.9855143,0.98008096,0.99010634,0.9885226,0.98829854,0.9886889,0.9894377,0.9800579,0.9906214,0.9855241,0.98976463,0.9901809,0.99110675,0.98269016,0.9880753,0.98923457,0.99141616,0.9866289,0.9910103,0.98973423,0.98862433,0.987151,0.99161404,0.9875254,0.9873355,0.98643047,0.9902918,0.98612696,0.98636466,0.9895193,0.984176,0.9877506,0.9883581,0.97555417,0.9841265,0.9835583,0.989002,0.98840916,0.98904973,0.98913246,0.9900898,0.9863182,0.9881518,0.990836,0.9878603,0.98920095,0.9898435,0.9839697,0.9876518,0.98676765,0.9829614,0.98880106,0.98859674,0.9855697,0.9824584,0.9799829,0.98921156,0.9875716,0.9866483,0.98592335,0.9797248,0.98956126,0.98250407,0.99051255,0.9876659,0.9850703,0.9888293,0.963255,0.9898235,0.9861783,0.98591685,0.9864357,0.9876389,0.9836791,0.9882273,0.9882015,0.98744327,0.9896454,0.98873067,0.9876364,0.98629904,0.98971814,0.98692137,0.9860718,0.98443943,0.9863635,0.97952473,0.9859453,0.9918024,0.99127036,0.9913349,0.9844772,0.99095774,0.98986435,0.990418,0.9880279,0.9895961,0.9895311,0.98895663,0.990054,0.98349637,0.9871665,0.98793834,0.9888433,0.98503685,0.988754,0.98727506,0.9861906,0.9896389,0.97953784,0.98624307,0.9853109,0.9858457,0.98529357,0.98758584,0.986447,0.98488766,0.9850742,0.9888449,0.96700275,0.9886906,0.9897089,0.98875433,0.98438835,0.9901142,0.9882206,0.97807306,0.9886082,0.9904112,0.989696,0.9762106,0.98552984,0.98980874,0.98840487,0.9874261,0.98742616,0.9899237,0.985781,0.98754233,0.98381263,0.9882263,0.98623484,0.98836243,0.9860691,0.9889668,0.98602664,0.9879001,0.98875517,0.9833298,0.98769945,0.9705544,0.9843435,0.9890108,0.9887203,0.98465425,0.98890024,0.9866508,0.98769265,0.98666847,0.98743445,0.9847106,0.9887609,0.9899228,0.9843682,0.98612183,0.97985435,0.98628986,0.9888975,0.986756,0.98413974,0.9864484,0.97989845,0.98986715,0.98520106,0.98610854,0.9899349,0.98700726,0.9881393,0.98699695,0.9871397,0.9842943,0.98570156,0.98472035,0.989034,0.98662215,0.98432845,0.9894546,0.97446275,0.97293806,0.9831224
ipip189,0.9916677,0.9869481,0.9909336,0.98661053,0.9890079,0.9840924,0.9928594,0.98867196,0.9915196,0.9867728,0.9870605,0.9906862,0.9892889,0.98822474,0.983103,0.9904868,1.0000006,0.98699987,0.99245965,0.99145186,0.9937463,0.9882801,0.98967564,0.9912026,0.98675483,0.9925463,0.9851034,0.99456936,0.9897393,0.98948926,0.98991376,0.99041516,0.98701555,0.9914284,0.99139506,0.9889766,0.9936805,0.9920536,0.9914221,0.99127126,0.9851649,0.99015355,0.98903525,0.9829413,0.9848293,0.9899125,0.98778576,0.9842401,0.9894219,0.98848855,0.98690546,0.97106093,0.98915493,0.9861109,0.9828472,0.9876797,0.97742134,0.98455036,0.98722273,0.99081784,0.98912585,0.9872457,0.9909718,0.9876896,0.9876545,0.98577017,0.99217427,0.99056816,0.9885221,0.98657626,0.9905691,0.98921,0.9818922,0.98644364,0.98925716,0.96787477,0.98850316,0.9911912,0.9888833,0.9887568,0.98891085,0.99235386,0.9867393,0.9897496,0.9903684,0.9929734,0.99243927,0.98739505,0.9839796,0.9902104,0.9892856,0.992143,0.99160326,0.9846428,0.98085755,0.9842865,0.9898936,0.9872185,0.9810433,0.981674,0.98902196,0.99067926,0.98981446,0.9887187,0.991447,0.9787757,0.99192715,0.98495,0.99102855,0.9920642,0.9925134,0.98576045,0.988448,0.9903447,0.9923077,0.98654616,0.9926455,0.9914573,0.99115515,0.9876023,0.99240047,0.98769414,0.99173784,0.98983157,0.9929278,0.9856641,0.98891056,0.99113315,0.98572636,0.9912837,0.99088305,0.9792623,0.9864847,0.9861061,0.9901209,0.9896326,0.9900126,0.9905271,0.99243647,0.9891388,0.9914838,0.99283755,0.9892652,0.9910388,0.9923499,0.98297274,0.9909776,0.9885756,0.9817877,0.99106383,0.9908533,0.98787487,0.98361474,0.9815657,0.9910657,0.98821574,0.987724,0.986162,0.98080856,0.991358,0.9841028,0.99099135,0.9880906,0.98537385,0.99070084,0.96212846,0.9911902,0.9881727,0.98845094,0.98566985,0.9898842,0.9840862,0.9898289,0.9902663,0.98899055,0.99036044,0.99145114,0.9889677,0.9882836,0.9905373,0.98700213,0.9879012,0.98578256,0.98778635,0.9795001,0.98645073,0.992651,0.99235034,0.99251914,0.9869139,0.99253887,0.9909426,0.9911421,0.9896928,0.9920338,0.9909927,0.99156624,0.9916219,0.9858854,0.9884623,0.9899446,0.9916449,0.9858054,0.9909645,0.9896682,0.98717463,0.99189895,0.97947407,0.9866988,0.985475,0.9883745,0.9874366,0.98937285,0.98907053,0.986836,0.98571104,0.98933977,0.96669966,0.98996925,0.9912875,0.98978233,0.98349494,0.98982865,0.98891324,0.9771373,0.98992616,0.99207926,0.9917858,0.97693735,0.9855317,0.99120086,0.991956,0.9902231,0.9874764,0.99076545,0.9879183,0.9900379,0.9837967,0.988704,0.98577225,0.9889284,0.9894692,0.9903686,0.9873944,0.9880166,0.99138635,0.9856079,0.989987,0.9710467,0.985689,0.99062216,0.99047214,0.9849452,0.9908627,0.9874638,0.99042344,0.9905621,0.9900184,0.98540753,0.9908608,0.99124897,0.9857513,0.987436,0.980548,0.98794824,0.9887894,0.9876564,0.9863466,0.9872943,0.9792321,0.99225485,0.98583305,0.9892194,0.9912318,0.98907495,0.9887951,0.9871845,0.9893002,0.9871278,0.9884493,0.98632073,0.99081296,0.9881553,0.9855255,0.989739,0.97394514,0.9714795,0.983914
ipip219,0.98667383,0.98608625,0.98619354,0.9827823,0.9850439,0.9817834,0.98683167,0.9865466,0.990146,0.982592,0.98283356,0.986844,0.9856429,0.9853768,0.9806757,0.98594,0.98699987,0.99999946,0.98903006,0.98656833,0.98825836,0.9867683,0.9877087,0.9913103,0.9838587,0.9884671,0.9869781,0.98772115,0.9860588,0.9866194,0.9869064,0.98560226,0.98564667,0.9848079,0.9864293,0.98481786,0.9871108,0.98522115,0.9868189,0.9867974,0.9826094,0.9873317,0.98744476,0.98177886,0.9844842,0.9872561,0.9851296,0.9806666,0.9879015,0.98518586,0.98681027,0.9736931,0.9847715,0.9844233,0.98454607,0.98516214,0.97496223,0.9849927,0.98485583,0.98526686,0.9825436,0.9831411,0.98457146,0.985735,0.98342246,0.98186773,0.986979,0.98480034,0.9844102,0.9829438,0.9834819,0.98604465,0.97954863,0.98147297,0.98429793,0.96336365,0.98295623,0.98533535,0.9876041,0.9876501,0.98612905,0.9866235,0.9803181,0.9859823,0.9863731,0.98516315,0.98551106,0.98445916,0.98158294,0.9869623,0.9836724,0.9854848,0.9842735,0.98071903,0.9778832,0.98075235,0.9831593,0.9854152,0.9778727,0.9757811,0.98239064,0.9866952,0.9834531,0.98432034,0.9858299,0.9754205,0.98607814,0.979167,0.9844545,0.9851858,0.9860097,0.9825615,0.9852888,0.98530406,0.9856099,0.9860873,0.986278,0.9862348,0.9871587,0.9824685,0.98689306,0.9853908,0.9874911,0.98847526,0.98763376,0.98398477,0.9857033,0.98687637,0.9870059,0.98613495,0.9846562,0.9782591,0.98422325,0.98330176,0.9847167,0.9875887,0.98696184,0.98548025,0.9861744,0.9837124,0.98532933,0.9891135,0.98634624,0.98849386,0.98696035,0.98253477,0.9858645,0.9846953,0.98226875,0.98791987,0.98594433,0.98398566,0.9808538,0.9782254,0.98474497,0.9857448,0.9853139,0.9841708,0.97641826,0.9849354,0.9823728,0.9877592,0.9872288,0.9839954,0.9851356,0.9571272,0.9845649,0.9830189,0.98634917,0.9817916,0.9834105,0.98280627,0.98410076,0.98894584,0.98700225,0.9873796,0.9878839,0.9877995,0.9866493,0.9840365,0.98314023,0.9872129,0.9834705,0.9864495,0.97854924,0.9821551,0.9859263,0.9861296,0.9859019,0.98345035,0.98596144,0.986152,0.98637897,0.98739654,0.9864627,0.98631245,0.9861841,0.9857571,0.98163897,0.98493373,0.9831955,0.9856403,0.9808837,0.98629886,0.98684466,0.9864517,0.9873347,0.97912854,0.9841455,0.9860625,0.98555076,0.9832248,0.9872498,0.9859379,0.98612624,0.98468804,0.9832284,0.9655579,0.9846069,0.98484176,0.9855071,0.98006004,0.9851305,0.9858083,0.9740118,0.9839485,0.985968,0.98602605,0.9750567,0.98188096,0.9849714,0.98631257,0.9841392,0.9841766,0.9844976,0.9852144,0.98526883,0.9819185,0.98574495,0.9850625,0.9871181,0.98594934,0.98525363,0.98436654,0.9850136,0.98650634,0.9835885,0.98328483,0.9710264,0.9830051,0.9864038,0.98617566,0.9819909,0.9863716,0.9846348,0.98531157,0.9877431,0.9873498,0.983749,0.9877524,0.98656994,0.9853058,0.984579,0.9773133,0.9839182,0.9843279,0.98490006,0.9843483,0.9848415,0.9786423,0.98494875,0.98212117,0.985823,0.98489904,0.9867226,0.98521817,0.9840797,0.98377234,0.9819869,0.9857872,0.98517656,0.98629034,0.9829568,0.9850719,0.9847226,0.97129196,0.9671329,0.97879636
ipip249,0.99243224,0.9892033,0.99038243,0.98638177,0.9890603,0.9848698,0.9921471,0.98895967,0.9930675,0.9869281,0.98766637,0.99109584,0.99091494,0.99207836,0.9855954,0.9919309,0.99245965,0.98903006,1.0,0.99212873,0.99229115,0.99016327,0.99160963,0.9920809,0.9872016,0.9933351,0.98719215,0.99215144,0.99093765,0.9926731,0.9910922,0.9899251,0.9866051,0.9913464,0.9914623,0.9892202,0.99181414,0.99115956,0.99298316,0.9907834,0.985098,0.9898501,0.9898204,0.98510987,0.98691344,0.9916507,0.9892839,0.98459667,0.99134785,0.98849326,0.98822665,0.97130656,0.9903764,0.9872617,0.9847415,0.98825824,0.97846234,0.98573875,0.98714954,0.99039876,0.98959005,0.9887665,0.99084705,0.98817086,0.9879186,0.9873524,0.9917651,0.9899504,0.9892516,0.98722774,0.99003154,0.99063253,0.9810312,0.9861574,0.9895115,0.96598965,0.9872556,0.9906762,0.9893858,0.9898487,0.990014,0.9924318,0.9869513,0.98993796,0.9905927,0.99260265,0.9925201,0.98885274,0.9845345,0.9902434,0.9885025,0.9914706,0.9905528,0.9847291,0.9818471,0.98350966,0.9889265,0.9884911,0.9828454,0.97952,0.9886956,0.9913203,0.98984915,0.98948705,0.9923421,0.9793059,0.9928739,0.9837284,0.9908322,0.991384,0.9923747,0.98685336,0.9892525,0.98967415,0.9923988,0.9886959,0.9921123,0.99098927,0.9906316,0.98825806,0.99287766,0.9891709,0.9910096,0.99075615,0.99126214,0.98634726,0.98902017,0.9915765,0.9880806,0.990342,0.9903298,0.97888076,0.9875451,0.9868988,0.9893822,0.9907384,0.9893774,0.98985386,0.99188066,0.9883523,0.99254143,0.9933986,0.98916024,0.99209607,0.99360067,0.9845958,0.9905596,0.9889125,0.9831591,0.9911548,0.9910613,0.98836756,0.9856221,0.98243654,0.9911255,0.99134415,0.9911011,0.9882358,0.9807178,0.9909946,0.984632,0.99244773,0.98761934,0.9870394,0.990525,0.96000516,0.99001014,0.9888934,0.9878292,0.9858734,0.99002725,0.98628753,0.9889904,0.991556,0.98966587,0.99041575,0.99084437,0.988402,0.98843753,0.98957795,0.98734844,0.9889001,0.98691386,0.98883814,0.9798063,0.98816967,0.99191326,0.99176276,0.99168175,0.9866054,0.99201053,0.99102837,0.99125797,0.9905337,0.99152756,0.99115473,0.99123055,0.9914796,0.9853141,0.9888923,0.9889728,0.99017066,0.985813,0.99076074,0.99029416,0.9893331,0.99192137,0.980109,0.9888168,0.9857396,0.9884329,0.9876888,0.99013263,0.9895987,0.9875086,0.98701245,0.98995847,0.96771973,0.989942,0.9909061,0.99079996,0.98517954,0.9908561,0.99017215,0.9786484,0.9898385,0.99074775,0.99168813,0.97762114,0.9860504,0.99087936,0.9896398,0.98988205,0.98915917,0.99156517,0.98667336,0.9899986,0.98479295,0.9894851,0.9871349,0.99140364,0.9898339,0.990129,0.98833716,0.98832,0.9905851,0.9872033,0.9896891,0.9727204,0.98796064,0.99128836,0.99084467,0.9853922,0.99116564,0.9879612,0.9904861,0.99078435,0.9905848,0.98732823,0.9910639,0.9912789,0.9870931,0.98834026,0.98155046,0.98683757,0.9891291,0.9889987,0.9877468,0.9893211,0.9811973,0.99152243,0.9862061,0.9895279,0.99095964,0.9904,0.98940873,0.9879062,0.9897785,0.9875767,0.9890907,0.9874528,0.9902529,0.98834586,0.9864079,0.98968846,0.97547776,0.9719086,0.9826857
ipip279,0.99002665,0.9884088,0.9879367,0.98475105,0.986313,0.9831352,0.9912552,0.99060684,0.9913933,0.9856954,0.9868713,0.98859113,0.9889515,0.9905422,0.9824583,0.99043185,0.99145186,0.98656833,0.99212873,1.0,0.9908856,0.98929125,0.9886099,0.9900194,0.9842965,0.9916539,0.98707646,0.9915007,0.98953927,0.98849255,0.9877291,0.9900832,0.9852055,0.9889558,0.99190634,0.9865528,0.99220663,0.9902,0.9906113,0.9894309,0.98582643,0.98923576,0.9868046,0.98512834,0.98399043,0.9877754,0.98541707,0.9833792,0.98960775,0.9867736,0.98719925,0.97234374,0.9899209,0.9899269,0.9852484,0.98784894,0.9763195,0.9832149,0.98648953,0.98945236,0.9877358,0.9861894,0.9893172,0.98475754,0.9845858,0.9841658,0.99116457,0.98843193,0.98640436,0.9867368,0.98778564,0.9873176,0.981139,0.9860671,0.9880851,0.9690236,0.98692864,0.9894271,0.9885396,0.98826087,0.9865544,0.9904389,0.98549056,0.9872663,0.98798597,0.99146265,0.99210757,0.98935825,0.9839189,0.9897178,0.9865417,0.9889405,0.99085987,0.984102,0.9801462,0.98376185,0.9865992,0.9864835,0.98000205,0.97811586,0.98778105,0.98801774,0.9880428,0.98546153,0.99031746,0.9774681,0.9908063,0.98238665,0.99037224,0.99121255,0.99140435,0.98320526,0.98833615,0.98927385,0.99135375,0.9854447,0.9914061,0.9894861,0.9892473,0.9879877,0.9909693,0.9879982,0.98889464,0.9885938,0.99150074,0.9835119,0.98910135,0.9920749,0.9854965,0.9912915,0.9888371,0.9762249,0.9857294,0.98720646,0.9887597,0.98797256,0.98793787,0.9905512,0.9916706,0.9872187,0.9876801,0.991389,0.9894773,0.9911389,0.98967487,0.98625624,0.9873068,0.98590595,0.9832082,0.99055696,0.9884688,0.9848682,0.98158735,0.98020583,0.9892931,0.98526555,0.98497355,0.9862543,0.98321,0.9899731,0.9840703,0.9902279,0.98745555,0.9832674,0.98884517,0.96252733,0.99061483,0.98496765,0.98777014,0.9846504,0.98700273,0.98291725,0.98801446,0.9894456,0.98762965,0.98989713,0.9892615,0.9872325,0.986806,0.988078,0.98604137,0.98767745,0.9846604,0.9883101,0.98008937,0.9869594,0.9905709,0.9904145,0.99025565,0.98501384,0.9906927,0.9896827,0.9899624,0.98844856,0.98921156,0.98963714,0.9893661,0.9902337,0.9839199,0.9867449,0.98875093,0.98849326,0.9853677,0.9895206,0.98700833,0.98528975,0.98999804,0.9785232,0.98738664,0.98527855,0.9865131,0.9867402,0.9874597,0.98799765,0.98706025,0.9838414,0.9879453,0.96701866,0.98920137,0.98869824,0.98662734,0.98398584,0.9908967,0.9880407,0.9773569,0.98872066,0.9901902,0.99056005,0.9763945,0.98442096,0.9894948,0.9888234,0.98792803,0.98531884,0.9910993,0.98704445,0.9873297,0.9846929,0.98691684,0.9838915,0.9889665,0.98710936,0.9897879,0.9854506,0.98794967,0.98971957,0.9833754,0.9869293,0.97345614,0.98442596,0.9887851,0.9884522,0.98470354,0.9892194,0.9871306,0.98918945,0.9912761,0.98833275,0.985459,0.98743355,0.98990476,0.98587275,0.9883922,0.9814614,0.9870319,0.9888726,0.9860503,0.98445785,0.986345,0.9790727,0.9910676,0.9853497,0.98664576,0.9907959,0.98796946,0.9872385,0.98587054,0.98618877,0.98398113,0.9859264,0.98572654,0.9905159,0.9875311,0.98492134,0.99020606,0.9740062,0.9720506,0.983562
ipip14,0.9920126,0.9884609,0.9911223,0.9870938,0.9903472,0.986015,0.99262893,0.9869111,0.9919097,0.9863665,0.98586255,0.99111754,0.9893622,0.98730224,0.9838165,0.98945886,0.9937463,0.98825836,0.99229115,0.9908856,1.0000001,0.9897121,0.99299514,0.99156463,0.9889754,0.99164665,0.98675567,0.9984077,0.98880076,0.9897242,0.99191576,0.9892711,0.9876729,0.9913925,0.9914625,0.9903899,0.99286705,0.99202144,0.99133116,0.9909742,0.9853085,0.9911572,0.9899388,0.9843224,0.9849772,0.9908853,0.98794156,0.9852754,0.99033296,0.990717,0.9875817,0.97125447,0.9891997,0.98633444,0.9837072,0.9879199,0.9770687,0.9843862,0.987048,0.99018884,0.9906706,0.9883481,0.99224234,0.9877025,0.98956805,0.98791206,0.99136406,0.9910904,0.9892978,0.9862383,0.9914917,0.99110603,0.9831846,0.9874297,0.9894015,0.9646143,0.98705995,0.98994,0.98953754,0.9896692,0.98900515,0.99357617,0.9864863,0.9909024,0.9914797,0.99310446,0.9926247,0.9869497,0.98360085,0.9896106,0.9887992,0.9924993,0.9917438,0.9831983,0.9812327,0.98274744,0.99033135,0.98769516,0.981194,0.976965,0.98970926,0.9925258,0.989558,0.9888803,0.99168813,0.9779198,0.99177414,0.98463416,0.99050957,0.9918951,0.9930432,0.98708576,0.9886379,0.98941684,0.99378157,0.9879158,0.99171174,0.9927973,0.9915408,0.98914117,0.99526256,0.9901379,0.9943248,0.9923331,0.99540293,0.9871546,0.99023134,0.9903991,0.98707706,0.99042636,0.9921989,0.98057574,0.9877607,0.98531884,0.99145895,0.990701,0.99019957,0.99089915,0.99273854,0.99065363,0.99195015,0.9929906,0.9907057,0.9917106,0.9922569,0.98383623,0.9908821,0.9897933,0.9830219,0.99116564,0.9920317,0.98849005,0.9842668,0.9814426,0.9924665,0.98986703,0.9893463,0.9884874,0.9800222,0.9923061,0.9855969,0.9927466,0.989948,0.98639894,0.9914745,0.9605515,0.99192715,0.98932785,0.9903485,0.98783803,0.99208647,0.98533475,0.99102336,0.9926697,0.9905574,0.99151677,0.99170953,0.98849565,0.9889055,0.9901398,0.9856698,0.98886895,0.9871121,0.988624,0.9794903,0.987701,0.9928942,0.992546,0.9926897,0.98707265,0.9924372,0.9923821,0.99283725,0.9910725,0.99312425,0.9924791,0.99333775,0.9924544,0.98499745,0.9875384,0.9902366,0.9928715,0.9870403,0.9932539,0.9928874,0.98969334,0.99222064,0.97930366,0.9874635,0.98577976,0.99030745,0.98764855,0.9908149,0.99078846,0.9874435,0.986967,0.9895448,0.96653897,0.990104,0.9905091,0.99203384,0.9831507,0.99011886,0.99000084,0.97687376,0.9902369,0.9923332,0.9916639,0.9773441,0.98727405,0.99098665,0.9911447,0.9907591,0.9893983,0.9912167,0.98865145,0.99085444,0.9860522,0.9911082,0.9875356,0.99000853,0.98964757,0.9916027,0.98850685,0.9891665,0.99149954,0.98665386,0.99198794,0.9729651,0.98857135,0.99184686,0.99184245,0.9860769,0.9921237,0.9892079,0.991507,0.99342436,0.99171025,0.9862897,0.9912795,0.99275887,0.9864578,0.98864627,0.9813797,0.9878746,0.98917013,0.9902742,0.98794717,0.99011225,0.9794804,0.9924566,0.98558545,0.9908809,0.9923041,0.9898617,0.98984236,0.98908323,0.9901842,0.9879001,0.99085504,0.9870829,0.99133176,0.9877024,0.98614943,0.98964995,0.972525,0.9686255,0.98276585
ipip44,0.9909255,0.9889525,0.9894324,0.9846661,0.98883003,0.98527384,0.9896639,0.98833746,0.9907257,0.9848272,0.9828245,0.98842514,0.9858684,0.98585564,0.98301166,0.9853961,0.9882801,0.9867683,0.99016327,0.98929125,0.9897121,0.9999995,0.9895767,0.99077857,0.98531914,0.9891083,0.9863969,0.9881492,0.98544425,0.9872043,0.9883895,0.9867687,0.9840974,0.9875406,0.98927826,0.98679936,0.98792255,0.9871241,0.98734754,0.98753667,0.98223716,0.98744166,0.9862961,0.9825256,0.98471314,0.989923,0.98676455,0.98639745,0.9890294,0.984841,0.9873558,0.96888506,0.98874485,0.9843501,0.982622,0.9853968,0.97706753,0.983128,0.98475814,0.98617524,0.9883403,0.9872185,0.9900523,0.9881274,0.98587304,0.98603755,0.9897626,0.988079,0.9859651,0.9866411,0.98845345,0.9870792,0.9815097,0.9867204,0.9874066,0.96233475,0.9820279,0.9859206,0.9859767,0.9874999,0.9868698,0.9899486,0.9839712,0.987086,0.9887302,0.98818886,0.9880696,0.98415977,0.98205936,0.9879445,0.98610073,0.9882947,0.98880064,0.9840868,0.9805466,0.9838357,0.98875535,0.98526305,0.97818613,0.97491413,0.98612225,0.9894528,0.98850983,0.98588204,0.9894027,0.97515494,0.9875594,0.98346084,0.988343,0.9901711,0.98987263,0.9863134,0.98651004,0.98693556,0.98921746,0.98578954,0.9892159,0.98802274,0.9884927,0.9854793,0.9892751,0.9879046,0.98877627,0.98889875,0.9893996,0.9820169,0.9855663,0.988203,0.98481554,0.98717153,0.98852164,0.9760134,0.98465514,0.9829625,0.9875373,0.9879415,0.98655504,0.98722434,0.9891714,0.9879933,0.9881479,0.98963076,0.98635703,0.9915353,0.9886944,0.9849418,0.9873961,0.9858475,0.9793512,0.9885626,0.9881199,0.985132,0.98121953,0.9821658,0.9896363,0.98579395,0.98592937,0.98569304,0.97969353,0.98906,0.9823745,0.9893703,0.98477596,0.98412466,0.9892853,0.95506746,0.9878488,0.98526573,0.9864967,0.9825426,0.987896,0.9837578,0.9867611,0.98844784,0.9873951,0.98790675,0.98987657,0.9888831,0.98702765,0.98584247,0.9821674,0.98641515,0.9843243,0.9870275,0.9790313,0.98755807,0.98860055,0.98864657,0.98831534,0.9825164,0.98773783,0.9885796,0.9885202,0.98797846,0.98882633,0.9889507,0.98816246,0.9882818,0.98174,0.9851532,0.98662096,0.9879145,0.98359966,0.9885312,0.98800206,0.98715115,0.98901445,0.97767925,0.98525995,0.9822055,0.98488045,0.98532075,0.9876473,0.9885413,0.985215,0.9840492,0.98542845,0.96428716,0.98639154,0.985753,0.987886,0.9810294,0.9881673,0.98809826,0.9749341,0.9868344,0.98895323,0.98836493,0.9742853,0.9816336,0.98779136,0.98879325,0.9895964,0.9876543,0.9904954,0.98587435,0.988376,0.9843287,0.98765886,0.9843502,0.9883012,0.9868968,0.9883758,0.98496944,0.986136,0.98922193,0.9870824,0.98746896,0.97238076,0.98627293,0.9874363,0.98775625,0.9804206,0.98765814,0.9844422,0.98920536,0.99044675,0.9891856,0.9849562,0.9886304,0.98910797,0.9851078,0.98742086,0.97979766,0.98408705,0.9881843,0.9865206,0.98687994,0.987842,0.9788589,0.9894501,0.98403805,0.98741096,0.98891085,0.98752356,0.9881057,0.9866388,0.9872797,0.98697484,0.9880037,0.98594207,0.9881499,0.98666495,0.9851179,0.98740196,0.9749925,0.9684894,0.9818676
ipip74,0.9930233,0.98885244,0.9906618,0.9861631,0.9915837,0.98626995,0.99239165,0.9857794,0.99213576,0.9859857,0.9865944,0.9905645,0.9876859,0.98598367,0.9836492,0.9888568,0.98967564,0.9877087,0.99160963,0.9886099,0.99299514,0.9895767,0.99999964,0.9929441,0.9892579,0.9908161,0.9859399,0.9911191,0.98629695,0.9883824,0.99193305,0.9889375,0.988273,0.99095315,0.9911711,0.99417675,0.9907531,0.9907988,0.98947805,0.9891819,0.9838757,0.9917212,0.98921037,0.9844207,0.9859479,0.99195653,0.98888505,0.98639554,0.9905451,0.9846459,0.9895423,0.96992934,0.990515,0.9849044,0.98598796,0.9879253,0.97830963,0.9832003,0.9857767,0.98991174,0.99005276,0.98936605,0.9917603,0.98780364,0.98858804,0.987531,0.9899564,0.9910339,0.9900174,0.9850652,0.9932954,0.99440426,0.9820079,0.9899625,0.98666054,0.9626936,0.9848885,0.98789823,0.98940223,0.9903208,0.9899186,0.99262226,0.98516387,0.98947126,0.9905772,0.99094194,0.9900177,0.9843696,0.9810972,0.9882982,0.98651534,0.9929323,0.98876363,0.9833133,0.9786151,0.981823,0.990806,0.98877424,0.9791016,0.97449046,0.987185,0.9923974,0.9890052,0.98856354,0.9896137,0.9776025,0.99061316,0.98556036,0.99037635,0.9902835,0.99224484,0.9863375,0.9882375,0.9877647,0.9905217,0.99073935,0.9901643,0.9916725,0.9899769,0.9864616,0.9933879,0.9881331,0.99250203,0.99163175,0.99338335,0.9858379,0.98888284,0.9895023,0.9892172,0.98660517,0.99483114,0.97872096,0.99006385,0.9827319,0.9935164,0.99301666,0.9909233,0.9909386,0.99218094,0.9907117,0.99114877,0.9928902,0.98806316,0.9927086,0.9896244,0.98233056,0.9886093,0.99017453,0.9829429,0.9882674,0.99251044,0.988583,0.9842834,0.9811841,0.9912586,0.9927046,0.99265325,0.990775,0.97663784,0.99110717,0.9871395,0.9943655,0.9887034,0.98830956,0.99169636,0.9587748,0.99215204,0.990514,0.98905885,0.98591435,0.99512887,0.9843932,0.990346,0.99240786,0.991234,0.99205863,0.99182075,0.98892444,0.98905826,0.989083,0.98386735,0.98880494,0.9866433,0.9883372,0.9781601,0.9866082,0.9917386,0.99173695,0.9915641,0.9856192,0.9905405,0.99220353,0.99223155,0.991553,0.99157804,0.9929096,0.99272597,0.992599,0.98435456,0.9868008,0.98814535,0.9917062,0.98530656,0.9920705,0.99169475,0.99131215,0.99196845,0.9770291,0.9873786,0.98369575,0.98907495,0.98697656,0.9914118,0.98980665,0.9868319,0.9859694,0.98943603,0.9640702,0.9875583,0.98893917,0.9963123,0.98285186,0.988608,0.9892767,0.9755434,0.9903128,0.99187285,0.98966974,0.9746493,0.9848655,0.9896149,0.9895821,0.99154085,0.98987037,0.99081355,0.9863014,0.99144757,0.98759675,0.9950332,0.99096495,0.9899022,0.9886974,0.99124265,0.98823136,0.9883133,0.9908201,0.9893967,0.994316,0.972893,0.9913558,0.9928278,0.99290687,0.98563653,0.9926679,0.98874617,0.9896233,0.99047756,0.99419427,0.98786473,0.99176335,0.99228877,0.98618966,0.98700863,0.97901875,0.9857743,0.9906357,0.99334675,0.9919434,0.9927844,0.98109406,0.9927057,0.98635375,0.9907498,0.99221677,0.99048984,0.9942256,0.9934703,0.99142677,0.98871255,0.9931124,0.9892376,0.99086326,0.9881544,0.9883437,0.988511,0.9740562,0.9686165,0.98264027
ipip104,0.9939367,0.98962444,0.9912245,0.9873895,0.99079704,0.9871451,0.99404496,0.98951226,0.9973135,0.98755795,0.9859419,0.9902997,0.98633236,0.9864187,0.9833274,0.98801804,0.9912026,0.9913103,0.9920809,0.9900194,0.99156463,0.99077857,0.9929441,1.0000005,0.988483,0.99267286,0.9894077,0.9916921,0.9878071,0.98839813,0.99283624,0.99095976,0.9879628,0.9920854,0.9923552,0.9900708,0.9913852,0.9909732,0.9904736,0.99088144,0.9853425,0.9920991,0.99140686,0.982267,0.9880572,0.9922181,0.9903809,0.9866694,0.9906033,0.98536664,0.9905347,0.97315145,0.99005497,0.9877924,0.98855186,0.98826724,0.97715473,0.98499954,0.98638535,0.9905406,0.98870724,0.988114,0.9909099,0.99095553,0.98739105,0.98591584,0.9921025,0.992618,0.99047875,0.9876653,0.9917843,0.9908299,0.98201644,0.9871841,0.9873572,0.9624665,0.985596,0.98922145,0.99182266,0.9933013,0.9892379,0.99196506,0.98502934,0.9897564,0.99022883,0.99160886,0.99093026,0.9848386,0.98165095,0.99014205,0.98622537,0.9925312,0.9884804,0.98259103,0.97923267,0.9835035,0.9909079,0.99098164,0.97855276,0.9750625,0.9862847,0.9936193,0.9883366,0.98822826,0.9896087,0.97960156,0.990905,0.9851586,0.9919322,0.9915507,0.9924927,0.98552364,0.9875519,0.987774,0.9910782,0.9874881,0.99127716,0.99129313,0.99065465,0.9868419,0.99193937,0.98769385,0.9927413,0.99131185,0.9916751,0.987783,0.99161303,0.99110204,0.9925846,0.9892654,0.99178076,0.97835624,0.98742276,0.984865,0.99025977,0.9920564,0.9916679,0.99153805,0.9927028,0.9914842,0.9916078,0.99240977,0.98751765,0.99361706,0.99029785,0.9824207,0.98981225,0.9908669,0.98276293,0.9901871,0.9942531,0.99032664,0.98338795,0.9808473,0.99121827,0.98917377,0.9889932,0.98816776,0.977178,0.99189687,0.9839833,0.99270386,0.9878126,0.98758364,0.99229693,0.9573583,0.99153775,0.9898506,0.9890959,0.9834972,0.99167883,0.9842252,0.9902221,0.99297523,0.993259,0.99146295,0.99622583,0.99315137,0.9932866,0.99082863,0.9867693,0.9916487,0.9880259,0.99130166,0.9813161,0.9857618,0.9927813,0.99300146,0.9930223,0.9896034,0.99165523,0.9920643,0.99206126,0.993724,0.9915299,0.9927601,0.99400014,0.99339855,0.9879004,0.9902148,0.99070126,0.99377406,0.9873963,0.99256957,0.9923471,0.9927405,0.9949796,0.9823722,0.99007267,0.98802894,0.9900345,0.988165,0.99314445,0.99153465,0.9902836,0.9864347,0.9894528,0.96611434,0.98860705,0.9894961,0.99192655,0.982538,0.98883146,0.9905375,0.9750052,0.9891973,0.9932546,0.99268895,0.97935545,0.9863634,0.9921417,0.99059564,0.9910393,0.9899152,0.9906574,0.9891211,0.99181294,0.98398054,0.9906202,0.9872967,0.9899007,0.98967856,0.9909258,0.989482,0.98847175,0.9928855,0.98862696,0.9918483,0.9711819,0.9876334,0.9928912,0.99280137,0.9851436,0.99321705,0.98876923,0.99120796,0.99278635,0.9947731,0.98727846,0.99228776,0.99264777,0.9893643,0.9888942,0.98118734,0.9876833,0.98912984,0.9891457,0.99273056,0.989263,0.97984254,0.99335986,0.9875845,0.9912663,0.9920803,0.9920289,0.99070543,0.989428,0.990732,0.9875692,0.9915854,0.99146193,0.99184126,0.9902274,0.99107045,0.9896083,0.9758982,0.96910214,0.9829049
ipip134,0.9866422,0.9880297,0.9872448,0.9845043,0.98797274,0.9855642,0.9863942,0.9838358,0.98853046,0.9836427,0.9836593,0.987656,0.98616356,0.9844517,0.98418164,0.9849002,0.98675483,0.9838587,0.9872016,0.9842965,0.9889754,0.98531914,0.9892579,0.988483,1.0000005,0.9870029,0.9830966,0.9874805,0.9844879,0.9852195,0.9879076,0.9854968,0.98405033,0.99239504,0.9858929,0.9905712,0.9862492,0.98513246,0.9868748,0.9887393,0.9803871,0.9869167,0.9879209,0.98197263,0.9845072,0.9890355,0.9920851,0.9865642,0.9881161,0.98376757,0.9855115,0.9700455,0.9854378,0.9816921,0.9828251,0.9852924,0.97806644,0.98114544,0.98325175,0.98725885,0.9848997,0.9873581,0.9871092,0.9876044,0.98945034,0.9869579,0.9857832,0.9867667,0.98896754,0.98467314,0.9867861,0.9875795,0.9834181,0.98503214,0.9870556,0.963254,0.9846774,0.98515075,0.9862529,0.98646265,0.98654467,0.9887332,0.98264134,0.98702127,0.98663473,0.9860031,0.9863527,0.98251003,0.9818664,0.9860866,0.98689795,0.9876903,0.986125,0.9815799,0.977981,0.9820082,0.9858409,0.98591894,0.9791172,0.97663456,0.98562247,0.98821217,0.9862065,0.98675114,0.98739517,0.97670096,0.9861895,0.98530483,0.9888559,0.98564065,0.9861177,0.98460484,0.9866429,0.98397774,0.98682237,0.9867262,0.98600024,0.98741156,0.9854429,0.9848348,0.9881831,0.9859118,0.9886784,0.9868172,0.9881013,0.9839027,0.9849898,0.9842648,0.98528016,0.9847434,0.98795587,0.9795076,0.9860684,0.98121184,0.9867524,0.98664874,0.98705477,0.98693377,0.98559177,0.98520607,0.9858891,0.98795474,0.98630697,0.9872403,0.98634243,0.98016214,0.9870244,0.98956853,0.9794528,0.98659015,0.9877318,0.9862139,0.98400754,0.98153657,0.98588073,0.98683614,0.98634183,0.9864371,0.9764983,0.9855669,0.9837222,0.9872844,0.98440456,0.9858292,0.9860287,0.95706147,0.98697406,0.9924218,0.98550546,0.98329765,0.98754895,0.98461735,0.9853257,0.9885224,0.9867226,0.9868578,0.98719716,0.9870075,0.9863067,0.98402905,0.9824566,0.9856834,0.9852783,0.98507166,0.9793085,0.9826255,0.9865675,0.98624355,0.9863329,0.9861939,0.9866858,0.9866941,0.98740876,0.9869051,0.987906,0.98695564,0.98802847,0.9865379,0.9832183,0.9897409,0.9870164,0.9863313,0.9842306,0.9874335,0.98834974,0.9886484,0.98661625,0.9789531,0.98398924,0.98116434,0.9857324,0.9845401,0.9863998,0.9863788,0.98482174,0.9849008,0.9850469,0.96646744,0.9851033,0.9858151,0.9882491,0.9785981,0.9839791,0.98736775,0.9736929,0.98496795,0.98543507,0.98523414,0.97526824,0.98463154,0.98508507,0.98500705,0.9877351,0.98719734,0.9860949,0.98439986,0.9917889,0.98336893,0.9876677,0.98527646,0.98540694,0.98539007,0.9863562,0.98976415,0.98521036,0.9887694,0.9867191,0.9872206,0.9708655,0.9856777,0.9886101,0.98881465,0.9829208,0.98837405,0.9854468,0.98545504,0.9862491,0.9889454,0.98336583,0.98658884,0.98722476,0.9832809,0.9837381,0.97865665,0.98378325,0.9856385,0.9870703,0.9877356,0.9881588,0.9797939,0.9867926,0.98486596,0.9878707,0.98753357,0.9875175,0.9877495,0.98749775,0.9924354,0.9882299,0.9874895,0.98573464,0.98615634,0.98633796,0.9848448,0.9853207,0.97649443,0.96895736,0.979894
ipip164,0.9922748,0.9886407,0.990382,0.98637605,0.98990345,0.98515093,0.99300367,0.98955566,0.9938328,0.98715353,0.9875035,0.98991907,0.9889727,0.9886459,0.9833378,0.9905101,0.9925463,0.9884671,0.9933351,0.9916539,0.99164665,0.9891083,0.9908161,0.99267286,0.9870029,0.9999998,0.9882798,0.9919895,0.9922399,0.9910383,0.99032956,0.99120396,0.9882979,0.9916866,0.9921251,0.98973864,0.99374825,0.9918455,0.9929326,0.99100375,0.9862574,0.99201876,0.9903849,0.98583233,0.987114,0.993038,0.99014467,0.98435456,0.99121696,0.9872068,0.98923063,0.9741304,0.9900949,0.98775816,0.98598796,0.9895559,0.98030925,0.9857053,0.98814535,0.9917679,0.98777133,0.98857206,0.9895704,0.9881159,0.98792654,0.98525345,0.9921129,0.99091196,0.9885484,0.9873268,0.9902699,0.99098223,0.980803,0.9867668,0.988012,0.9663003,0.9875982,0.99023193,0.99027616,0.9902922,0.987759,0.9916621,0.98604965,0.98976135,0.9913953,0.992188,0.9921088,0.9874354,0.9838226,0.9899102,0.9891603,0.9913844,0.98992395,0.98430836,0.98052573,0.98526424,0.98879415,0.9889723,0.9814424,0.97861356,0.98816675,0.9906667,0.9887107,0.98793,0.98979485,0.9807821,0.991593,0.98317665,0.99034286,0.9913052,0.99214756,0.9855861,0.9887968,0.9908917,0.99203396,0.98758715,0.99272984,0.9912924,0.9912184,0.9877248,0.9921309,0.98977065,0.99185824,0.9906171,0.9925663,0.9860955,0.9907032,0.9918495,0.98891914,0.9915229,0.99111587,0.9786312,0.9856665,0.9841553,0.9897381,0.9909454,0.9898458,0.99140453,0.9925151,0.98911434,0.99044335,0.9919899,0.9888204,0.9913955,0.9908154,0.9849318,0.99036473,0.9890465,0.98510957,0.9918772,0.9909958,0.98865634,0.9835442,0.98041344,0.9914662,0.98969156,0.98888594,0.98820084,0.97972524,0.9920635,0.984144,0.992034,0.98846084,0.9848077,0.99073917,0.96304345,0.9922551,0.9869845,0.9890323,0.98812664,0.9905326,0.9890516,0.9915263,0.99082625,0.9904176,0.9916076,0.9918865,0.99033767,0.989611,0.9902253,0.98678666,0.98932225,0.9869486,0.9891023,0.9801974,0.9868854,0.99285626,0.9925877,0.99263865,0.98747617,0.992609,0.9914886,0.9922404,0.99109155,0.9917047,0.99183536,0.9926839,0.99342346,0.9892925,0.9909839,0.98965836,0.991506,0.9866171,0.9924313,0.990917,0.99027133,0.9925245,0.9796798,0.9890223,0.98723507,0.9886227,0.9896114,0.9907199,0.98973155,0.98776925,0.9873783,0.99005586,0.9676302,0.9896699,0.99093366,0.99075085,0.9852354,0.99016064,0.9886846,0.9777487,0.99042386,0.99208504,0.990932,0.9770017,0.98667866,0.9911148,0.9908378,0.9890296,0.9876769,0.9910896,0.9880045,0.98961717,0.98505265,0.99047315,0.98768914,0.9900716,0.98979485,0.99172145,0.98842347,0.98971415,0.99129343,0.9859272,0.99035585,0.9753975,0.987756,0.99238557,0.99241,0.98657906,0.9925845,0.98986834,0.9902094,0.9919904,0.9900063,0.98848474,0.99026763,0.99187857,0.9872669,0.9892817,0.9827534,0.98866934,0.9891466,0.98879564,0.98767567,0.98871684,0.98000383,0.99251956,0.9868666,0.98878217,0.9926855,0.98979014,0.98889965,0.98843163,0.98871183,0.9855345,0.98965394,0.9881663,0.9911506,0.9881774,0.98728913,0.99046546,0.97570324,0.9711291,0.9832255
ipip194,0.9838055,0.9874334,0.98409265,0.98574156,0.9852114,0.98284537,0.98634154,0.9872205,0.9903216,0.9865298,0.9847793,0.9846217,0.98449326,0.9852876,0.9820004,0.9844334,0.9851034,0.9869781,0.98719215,0.98707646,0.98675567,0.9863969,0.9859399,0.9894077,0.9830966,0.9882798,1.0,0.98750716,0.98621964,0.9869013,0.98647016,0.98822343,0.9840538,0.98544866,0.9833523,0.9847219,0.98553246,0.98302203,0.984524,0.9857268,0.9880703,0.9888546,0.98744446,0.9824382,0.9860393,0.9865488,0.9870687,0.98274094,0.98560494,0.9844164,0.98921824,0.980381,0.98682725,0.98767203,0.98944634,0.98962945,0.9767393,0.98593295,0.98461014,0.9882466,0.9788258,0.9837109,0.9820791,0.98498315,0.98067033,0.98199874,0.98553854,0.9854517,0.9838656,0.9866491,0.9809249,0.98461723,0.9800588,0.98304707,0.9840721,0.9677625,0.9838665,0.9838818,0.9906545,0.9895786,0.9828454,0.9845032,0.98204035,0.98178816,0.98539966,0.9829505,0.9846644,0.98433554,0.98195726,0.98520166,0.9814189,0.98259836,0.9832717,0.98205507,0.9779503,0.98304355,0.980546,0.98922825,0.9779114,0.98042697,0.9817016,0.98440135,0.9800832,0.9815358,0.9833589,0.9805519,0.98526394,0.9788595,0.9851918,0.98346156,0.98409724,0.97984636,0.98565984,0.98524916,0.9849954,0.98546076,0.9842618,0.9834412,0.98351485,0.98262376,0.9856667,0.9850322,0.98865134,0.9854634,0.9850966,0.98426557,0.9897592,0.9887435,0.9897218,0.9865931,0.98378307,0.9782449,0.98501515,0.9828705,0.9835026,0.9870615,0.98623586,0.9883847,0.9848656,0.9807005,0.9801885,0.9852123,0.9845914,0.98630303,0.98419297,0.98311394,0.9829246,0.98429066,0.98709476,0.9872529,0.9852408,0.9846659,0.98033637,0.97953266,0.9825033,0.98426,0.9844248,0.9850399,0.978287,0.9836278,0.9845388,0.98654795,0.9825039,0.98317397,0.982068,0.96090853,0.98692244,0.9836601,0.9838476,0.9825795,0.9828104,0.9846776,0.9818966,0.98565966,0.98738825,0.9858004,0.9854408,0.9860494,0.9875915,0.9852297,0.98383945,0.9903768,0.9864963,0.99027425,0.9829135,0.98456794,0.98666906,0.9864991,0.9864423,0.98739225,0.98600173,0.9866417,0.98682255,0.9876726,0.98380375,0.9848792,0.9868502,0.9863415,0.98619616,0.98920965,0.98629946,0.98504317,0.9880038,0.98772055,0.988219,0.98732126,0.9868122,0.9816451,0.98789245,0.98782974,0.98778313,0.9815204,0.9868694,0.9886973,0.9906909,0.9848764,0.984061,0.97197384,0.9838423,0.9822953,0.9842007,0.98149806,0.98684746,0.98749983,0.97613496,0.98213375,0.9843719,0.9871303,0.9823661,0.983674,0.98803276,0.9859947,0.9831386,0.98231894,0.98447454,0.9875713,0.9848702,0.98203075,0.98489285,0.9845476,0.98644096,0.98585826,0.9850769,0.9861685,0.9873692,0.9868494,0.98591495,0.9819219,0.97666484,0.98589987,0.9875435,0.9872813,0.98610306,0.9872483,0.98714083,0.9882564,0.98968345,0.9880041,0.9856507,0.98436135,0.9881174,0.99181634,0.9899896,0.986265,0.9884228,0.985937,0.9843183,0.98455065,0.9833826,0.9815903,0.98568636,0.98800075,0.9860833,0.98708135,0.98712575,0.9845464,0.9852435,0.9826582,0.98312277,0.9838302,0.9891359,0.9860114,0.9864681,0.98818696,0.98654246,0.9789128,0.97299945,0.9812012
ipip224,0.990993,0.9876562,0.9902289,0.9866133,0.9889735,0.9848641,0.9927863,0.9878221,0.9919878,0.98682165,0.9858325,0.9902007,0.98931104,0.9876291,0.9830823,0.989809,0.99456936,0.98772115,0.99215144,0.9915007,0.9984077,0.9881492,0.9911191,0.9916921,0.9874805,0.9919895,0.98750716,0.9999996,0.9889806,0.98932934,0.99164224,0.9904809,0.9881087,0.9915023,0.9916357,0.9893575,0.9934755,0.9928079,0.99136764,0.9909345,0.98572135,0.99126625,0.9896165,0.9837121,0.98497987,0.9902019,0.98769456,0.9846901,0.98932886,0.9902175,0.98718727,0.9723417,0.988173,0.98764956,0.9844891,0.9889756,0.97572917,0.9850672,0.9865479,0.9910013,0.9893351,0.98714006,0.99107504,0.98696345,0.9887144,0.9866779,0.99180126,0.9915587,0.98885274,0.98697275,0.99028337,0.98995566,0.9826764,0.98623407,0.9888126,0.9654233,0.987396,0.98966265,0.99002665,0.989749,0.9880001,0.9925451,0.98549706,0.9901171,0.99034244,0.9933,0.99314344,0.98753756,0.98418087,0.990047,0.9875621,0.99170786,0.99089676,0.9821117,0.98066455,0.982469,0.98939204,0.9881215,0.98095185,0.9779169,0.9886132,0.9912332,0.9883515,0.98775756,0.99086934,0.9793051,0.9920612,0.9839118,0.99065083,0.9914157,0.9926567,0.98548627,0.98764735,0.9894851,0.9939488,0.98717976,0.99159,0.9928224,0.99130595,0.98899525,0.9944673,0.9886115,0.9939689,0.99143827,0.9940919,0.9877297,0.99182034,0.99079764,0.98743767,0.990815,0.9908893,0.9801003,0.9861401,0.9852284,0.9902899,0.9901135,0.9899957,0.99111795,0.99222004,0.9891616,0.9905637,0.9920162,0.9903842,0.9908316,0.9918922,0.9822279,0.9903126,0.9894607,0.98368055,0.99103594,0.9916797,0.98780376,0.9837902,0.9803043,0.99164253,0.9888822,0.98817474,0.98745924,0.9793349,0.9922332,0.98429006,0.991971,0.98981875,0.9853871,0.99065053,0.96095514,0.99215096,0.9887635,0.98953855,0.986976,0.9904356,0.9841873,0.9905553,0.9919446,0.99066234,0.9915057,0.9921872,0.9887536,0.98983824,0.991282,0.98680854,0.98937523,0.9867737,0.98887837,0.9802684,0.9869364,0.9937197,0.99345905,0.99357694,0.98829454,0.9930095,0.99231476,0.99264425,0.9911301,0.9922788,0.9919316,0.9936444,0.99285305,0.98605293,0.9886654,0.99083275,0.993181,0.98750067,0.9931822,0.99248,0.9888906,0.9922578,0.98106116,0.9885184,0.98657084,0.9906959,0.9876985,0.990627,0.9905351,0.98836154,0.9858126,0.99002284,0.96919924,0.9910567,0.99047416,0.9907363,0.9833853,0.99015635,0.98944664,0.97654366,0.9894205,0.9927238,0.9921756,0.9793131,0.98796844,0.9918437,0.9905189,0.9900528,0.98824155,0.99012756,0.988473,0.99001396,0.9848212,0.9899524,0.9865219,0.98975426,0.98934484,0.99114466,0.9886879,0.9890014,0.99191666,0.9849414,0.9907374,0.97338974,0.9870681,0.9919375,0.9919148,0.98641753,0.9922155,0.98919725,0.9918638,0.99370843,0.9906113,0.9859355,0.99083287,0.9928037,0.9873192,0.98924893,0.98294526,0.98910123,0.98845285,0.98870605,0.9872182,0.9888789,0.97923756,0.9925571,0.98669744,0.99035364,0.9924004,0.98922,0.9893784,0.9880684,0.98875916,0.98717386,0.9900175,0.98738647,0.99145496,0.9886738,0.9863757,0.99013007,0.97258556,0.96922415,0.9825603
ipip254,0.9875278,0.9842723,0.9863578,0.98174506,0.98496157,0.9823921,0.98813397,0.9855298,0.9895837,0.98248124,0.9867355,0.9880083,0.9866669,0.9883492,0.9821634,0.98794603,0.9897393,0.9860588,0.99093765,0.98953927,0.98880076,0.98544425,0.98629695,0.9878071,0.9844879,0.9922399,0.98621964,0.9889806,1.0000001,0.989402,0.98633254,0.988034,0.9845831,0.98856544,0.98798263,0.98578393,0.9902697,0.98688936,0.9915999,0.9883332,0.98493904,0.98832864,0.98631585,0.9841903,0.98309064,0.98763305,0.98495954,0.9816789,0.9873711,0.9880696,0.98541033,0.97106713,0.98580706,0.98539466,0.98313665,0.9860663,0.97741556,0.9853919,0.9845604,0.9877572,0.9842209,0.9844074,0.98552936,0.9857561,0.9850731,0.9831384,0.98846626,0.9866835,0.9852274,0.98459077,0.9853979,0.98668796,0.9789618,0.98259896,0.9856869,0.96855325,0.9880734,0.9902947,0.98690844,0.9872241,0.9855136,0.9896034,0.9849199,0.9878198,0.9888566,0.9893206,0.99152726,0.98622984,0.98361623,0.98718655,0.98886424,0.9877019,0.99053746,0.98414797,0.97815055,0.98172104,0.984229,0.9856343,0.9793562,0.9792244,0.98592633,0.9873214,0.9870117,0.9880699,0.98892695,0.9783057,0.98981726,0.98075294,0.98755294,0.98828155,0.98826146,0.98429435,0.98869395,0.9889447,0.9890353,0.9857464,0.98992467,0.9877142,0.988951,0.98603797,0.9885995,0.9875888,0.98771954,0.9867213,0.9886522,0.98430336,0.9868876,0.98985887,0.98540646,0.9896053,0.9862864,0.97778463,0.98419034,0.9838516,0.98610455,0.9881637,0.9880439,0.9876061,0.98873764,0.9853382,0.9871571,0.98959166,0.98688066,0.9873558,0.98940486,0.98373413,0.9888815,0.9858709,0.98278344,0.99065024,0.9876761,0.98699456,0.98239815,0.9798127,0.9876241,0.98659444,0.9868596,0.98451626,0.9804806,0.988048,0.98264086,0.9879737,0.98616564,0.9830519,0.98619276,0.96330845,0.9880489,0.9845336,0.985614,0.9864904,0.98603576,0.9865297,0.9872376,0.9887542,0.9868021,0.9875326,0.9868891,0.9863963,0.985939,0.9864831,0.9861553,0.9867949,0.98544407,0.98683834,0.97800505,0.98401636,0.9889824,0.9882893,0.9886229,0.9849295,0.9906515,0.98748195,0.988635,0.9874818,0.9895438,0.9872924,0.9883137,0.98873466,0.98532027,0.986196,0.98632437,0.98681045,0.98410106,0.9882916,0.9867518,0.98569554,0.9877448,0.978619,0.98517907,0.9850536,0.9856495,0.9877157,0.98706555,0.9858826,0.9853933,0.9863816,0.98651725,0.96807563,0.98732257,0.9892931,0.98644215,0.98225313,0.98694205,0.98743117,0.9762755,0.987106,0.9871844,0.9890858,0.9753432,0.9862803,0.98769754,0.9877776,0.98458874,0.98452324,0.9881564,0.9851383,0.9860048,0.9823361,0.98655653,0.9853367,0.98779607,0.9874085,0.9877994,0.9855765,0.9873949,0.9873609,0.9823396,0.98525035,0.97094965,0.9835123,0.9884665,0.9878193,0.98434985,0.9883844,0.98655516,0.98687446,0.98786694,0.9858834,0.9848163,0.9874496,0.9881899,0.9852388,0.98654795,0.9789603,0.9848481,0.9855099,0.9851116,0.9831231,0.98553586,0.97937703,0.9885442,0.9845221,0.9862786,0.9880885,0.9866774,0.9844409,0.983494,0.9848863,0.98234284,0.9852611,0.9848734,0.98726535,0.9840845,0.98389894,0.98681855,0.9724604,0.9680163,0.9783681
ipip284,0.98910666,0.98643756,0.9879534,0.9829123,0.985837,0.9834919,0.98876053,0.98473626,0.9898873,0.98289925,0.98590136,0.98852146,0.98604125,0.98815006,0.9829987,0.98721814,0.98948926,0.9866194,0.9926731,0.98849255,0.9897242,0.9872043,0.9883824,0.98839813,0.9852195,0.9910383,0.9869013,0.98932934,0.989402,0.99999946,0.98824614,0.98801893,0.9850879,0.9880414,0.9881986,0.98626506,0.9887634,0.9869113,0.9895381,0.98792565,0.98307383,0.98893917,0.9870507,0.98407334,0.98380727,0.9881528,0.98590034,0.9828568,0.9865589,0.9863093,0.98387593,0.96906227,0.98718214,0.9847389,0.9859923,0.98573554,0.9774422,0.9866444,0.98417664,0.98870695,0.9866907,0.98587465,0.98777413,0.9860823,0.98464304,0.9855895,0.98848724,0.9883596,0.98793906,0.98692757,0.9865547,0.9877401,0.980416,0.98394376,0.9874155,0.96680945,0.9860534,0.9881578,0.98972857,0.98957044,0.98677903,0.9893881,0.984952,0.9869671,0.9881577,0.98876595,0.9890616,0.9868285,0.98417825,0.9868626,0.9876346,0.9882935,0.98859197,0.98452246,0.9816254,0.9827646,0.9855462,0.9879977,0.98226845,0.9821992,0.9874456,0.98863995,0.9883435,0.9874712,0.9891096,0.97962964,0.9907447,0.98130196,0.9883177,0.9889702,0.9893109,0.98564494,0.9874067,0.9888798,0.9892265,0.9862604,0.9895137,0.9885671,0.98942095,0.98630744,0.98930997,0.98711884,0.98804224,0.9886889,0.98842067,0.98566,0.98617715,0.9900395,0.9880865,0.9895497,0.98711723,0.97798765,0.98447376,0.9843367,0.9858744,0.988149,0.98722786,0.9879593,0.98877466,0.9861996,0.9894647,0.990178,0.98775697,0.98830825,0.9910355,0.9843819,0.98847234,0.9883863,0.9834812,0.9894324,0.98843926,0.98679316,0.98443913,0.98185736,0.98781294,0.989777,0.99043703,0.9855971,0.9813451,0.9879716,0.9824669,0.98866534,0.98517245,0.98453575,0.987,0.96143556,0.987799,0.98581964,0.9860922,0.9854568,0.98677593,0.98394,0.9862735,0.98810786,0.9886914,0.9890577,0.98777246,0.9866121,0.9862832,0.9861381,0.9850307,0.989323,0.98553324,0.98904085,0.98218536,0.9846918,0.9885367,0.9883565,0.9885553,0.98435587,0.9893554,0.98958004,0.98988813,0.9895973,0.989246,0.9887951,0.98776805,0.9882262,0.9837618,0.98646826,0.98576874,0.98647875,0.9839674,0.989226,0.9873891,0.98584765,0.98836744,0.979165,0.98658484,0.9841696,0.98674506,0.98554677,0.98902404,0.9870968,0.9877176,0.9848461,0.98739785,0.9691823,0.98848206,0.98807806,0.9873457,0.983039,0.98737633,0.9866374,0.9803245,0.98902756,0.98775893,0.9883659,0.9763945,0.9846163,0.9873406,0.98837006,0.98672736,0.9863539,0.9883531,0.98644114,0.9859548,0.98217785,0.9871266,0.9849118,0.98710304,0.98844665,0.9890486,0.98871666,0.9883703,0.9877618,0.9840845,0.98579496,0.972909,0.9841442,0.9902992,0.98992485,0.9855299,0.98984456,0.98748267,0.9873546,0.98793775,0.9867218,0.9847318,0.98770636,0.98978806,0.9875122,0.987396,0.9816868,0.9864833,0.9864812,0.98568153,0.98409957,0.9869219,0.98010254,0.9885864,0.9849532,0.9864763,0.9887319,0.987063,0.98557657,0.98492134,0.98566985,0.9858956,0.9861754,0.9871514,0.9880617,0.9850309,0.98649585,0.98798317,0.97630525,0.9708588,0.979675
ipip19,0.9927462,0.9862905,0.9894236,0.98556805,0.98960376,0.9856512,0.9923622,0.9854583,0.9933194,0.98529935,0.98567396,0.99080294,0.9874035,0.9857048,0.9829069,0.9888697,0.98991376,0.9869064,0.9910922,0.9877291,0.99191576,0.9883895,0.99193305,0.99283624,0.9879076,0.99032956,0.98647016,0.99164224,0.98633254,0.98824614,0.9999985,0.9899554,0.98863864,0.99243164,0.99140024,0.9903123,0.9902368,0.9906285,0.9894569,0.9894827,0.98383254,0.99056315,0.9907763,0.9842362,0.98571974,0.991021,0.9887063,0.98573726,0.9896876,0.98678076,0.9874995,0.9678104,0.9884251,0.9841518,0.9846992,0.9883177,0.9751515,0.98314726,0.98321915,0.99072844,0.99057406,0.9881869,0.99211967,0.99073815,0.9883138,0.9862145,0.9916025,0.9913613,0.99124897,0.9851651,0.99233776,0.9916999,0.9823798,0.987448,0.9871852,0.9611271,0.9851416,0.98833567,0.9916558,0.9927917,0.9892654,0.992008,0.98520225,0.99018645,0.9897451,0.9920171,0.9915204,0.98410934,0.9807841,0.98935896,0.9875822,0.99277544,0.98896676,0.98297304,0.978892,0.98212785,0.9912671,0.9911459,0.98087794,0.97515196,0.9879951,0.99417824,0.9897732,0.9890141,0.9901697,0.9803689,0.99171466,0.98547983,0.99150324,0.9915028,0.992736,0.9861758,0.9879928,0.9878447,0.9920886,0.98782045,0.9915941,0.9923204,0.9908967,0.9870271,0.994423,0.9895837,0.9926287,0.99238265,0.9912384,0.9924042,0.98901016,0.98927385,0.98997945,0.9874471,0.99210674,0.97710407,0.98607427,0.98182124,0.9904068,0.9920907,0.99018186,0.99025196,0.99242526,0.99145365,0.9916656,0.9915733,0.9880981,0.99086416,0.9902052,0.9811332,0.9894095,0.9916761,0.98114884,0.98895156,0.9944527,0.9904213,0.98371065,0.9821093,0.992751,0.9913329,0.9900509,0.98946285,0.97808933,0.99288243,0.98325765,0.9933751,0.9894582,0.988362,0.9921947,0.95738393,0.9911866,0.98975086,0.99005103,0.98571557,0.99203724,0.98324376,0.9905886,0.9936085,0.9957125,0.99261564,0.9917533,0.9881414,0.9898461,0.99149007,0.9853349,0.99327576,0.9896252,0.9925922,0.9783398,0.98884,0.993801,0.99413073,0.99381804,0.9892683,0.9919779,0.99349976,0.9935679,0.9960376,0.99202955,0.993419,0.99322927,0.9924408,0.9874166,0.9880367,0.9901981,0.99287295,0.98555684,0.9931901,0.9928877,0.99216646,0.99633026,0.9796296,0.98900867,0.98452276,0.9894675,0.9883311,0.9944281,0.9921372,0.99025077,0.98675543,0.9897881,0.9651153,0.98812383,0.9898728,0.9924748,0.98427665,0.9920561,0.99066865,0.9763615,0.99042076,0.99350643,0.9918104,0.97699106,0.9867623,0.99098355,0.9907044,0.992249,0.9897495,0.9926217,0.9895625,0.9918534,0.98529094,0.99135643,0.9871939,0.9902645,0.9877129,0.9922121,0.98961586,0.9889572,0.99170184,0.98513556,0.99217373,0.969712,0.98780185,0.99212515,0.99220616,0.98403054,0.99202055,0.98740643,0.9909295,0.9898428,0.9924713,0.986567,0.99197054,0.99366194,0.99066937,0.98785114,0.9809978,0.9852836,0.9898558,0.98898923,0.99024034,0.98982525,0.9794705,0.99259806,0.98508376,0.99254227,0.9918025,0.99187106,0.9909654,0.9898051,0.99156016,0.9889749,0.9901348,0.9902554,0.99141544,0.98926246,0.9892437,0.9902694,0.97323096,0.9660123,0.98092073
ipip49,0.98851895,0.98646253,0.9872934,0.9850721,0.9877381,0.98411924,0.9912711,0.9887129,0.9924761,0.9862292,0.98834604,0.9890607,0.98873776,0.9851025,0.98436344,0.9890473,0.99041516,0.98560226,0.9899251,0.9900832,0.9892711,0.9867687,0.9889375,0.99095976,0.9854968,0.99120396,0.98822343,0.9904809,0.988034,0.98801893,0.9899554,0.99999976,0.98938036,0.9909628,0.9896571,0.9901723,0.9913529,0.98910445,0.98945725,0.9903176,0.9883862,0.99216896,0.9885476,0.9841258,0.9847568,0.9890016,0.98792994,0.9845426,0.98839265,0.98512274,0.9892183,0.9743452,0.9904088,0.98763394,0.9861797,0.9907359,0.9772106,0.9860508,0.98729753,0.996018,0.9859042,0.9865378,0.98844546,0.9869215,0.9862147,0.9855756,0.9911789,0.9914565,0.98759544,0.9890906,0.9873298,0.9889438,0.9821873,0.9865862,0.98592013,0.9678003,0.9857993,0.9872902,0.9910956,0.9909461,0.98724735,0.98973644,0.984286,0.9866185,0.9875043,0.9896792,0.9902054,0.98561126,0.9827502,0.9895499,0.98686683,0.98866916,0.9882962,0.9835539,0.97879857,0.9832829,0.9874716,0.9901871,0.9803063,0.97820354,0.9875229,0.98912656,0.9872732,0.98703676,0.9880154,0.9837347,0.98925865,0.98498476,0.99207115,0.9895539,0.9913263,0.98228735,0.9877443,0.9889911,0.9905819,0.9871583,0.9907787,0.989123,0.98854667,0.98730177,0.9901089,0.9871846,0.991122,0.9884195,0.9891998,0.9868896,0.99143547,0.9924401,0.98848224,0.9884756,0.989512,0.978298,0.98507154,0.9819499,0.989586,0.9897521,0.9895679,0.9938335,0.99171203,0.9867338,0.9874963,0.98980546,0.9884204,0.98915935,0.9890925,0.98225206,0.9872305,0.98785526,0.98777384,0.9894108,0.98986095,0.9873525,0.98191595,0.9819045,0.98864025,0.98840755,0.9876777,0.9871677,0.97888076,0.9896152,0.9843894,0.99072665,0.9868012,0.9869393,0.9887815,0.96693027,0.99200886,0.98730403,0.98650736,0.98508424,0.98814124,0.9841074,0.9880447,0.9888661,0.99058396,0.9907698,0.9901133,0.9893095,0.9894867,0.99077237,0.9879262,0.9904319,0.98621386,0.990546,0.98262227,0.98708946,0.9921182,0.9923369,0.9920471,0.98845536,0.9911609,0.99136084,0.9917601,0.99109244,0.98948,0.990613,0.99079174,0.9912326,0.9872936,0.9896807,0.9902979,0.9904368,0.9883269,0.9907393,0.99024135,0.9887918,0.99181914,0.98186725,0.99124426,0.9884956,0.9887623,0.9873258,0.99040526,0.99111766,0.9908897,0.9881768,0.98819304,0.96960497,0.9874036,0.9888385,0.9890499,0.9855611,0.9914633,0.9899357,0.9793588,0.98959047,0.99106836,0.991903,0.98316175,0.9905945,0.9923016,0.9897997,0.99069095,0.98778033,0.99078494,0.98924965,0.9895393,0.98542404,0.9898917,0.98690283,0.9884785,0.98705065,0.99040836,0.98938954,0.98948634,0.99169534,0.9854978,0.98730946,0.97379506,0.98590684,0.99187064,0.9917886,0.98847324,0.99272865,0.9907565,0.9899871,0.9895211,0.9900422,0.9856464,0.98893577,0.9914874,0.98866063,0.98932517,0.98369634,0.9905569,0.9902451,0.9877287,0.9865571,0.98723334,0.98199683,0.9918385,0.99077624,0.98848844,0.9919358,0.98949146,0.98969,0.9891237,0.98744196,0.98789346,0.9869064,0.98943174,0.99147505,0.99057204,0.9890442,0.9914734,0.977465,0.97237045,0.98411477
ipip79,0.986786,0.9839238,0.98618275,0.9818256,0.98647904,0.982129,0.98866564,0.98548293,0.9898251,0.98245966,0.9854555,0.9878282,0.98662376,0.9812414,0.98122704,0.9869977,0.98701555,0.98564667,0.9866051,0.9852055,0.9876729,0.9840974,0.988273,0.9879628,0.98405033,0.9882979,0.9840538,0.9881087,0.9845831,0.9850879,0.98863864,0.98938036,0.9999994,0.9879182,0.9872799,0.9878301,0.98780334,0.9870429,0.9861578,0.9868529,0.98532605,0.9907373,0.98558736,0.9844672,0.98181224,0.98863286,0.98571837,0.9815616,0.98660433,0.9824987,0.98598003,0.9701057,0.98642385,0.9815452,0.98312247,0.98817056,0.976002,0.9852476,0.98388225,0.98906755,0.98271793,0.98278296,0.9855536,0.9862821,0.9835469,0.9827079,0.98834765,0.98754495,0.9872604,0.9845046,0.98657686,0.9878153,0.9800206,0.9839375,0.9818775,0.96324736,0.98201185,0.9837642,0.9889385,0.98889095,0.9865006,0.9870419,0.98111993,0.9849613,0.9856729,0.9869541,0.98667616,0.9807052,0.9797024,0.9873565,0.98451287,0.98680943,0.9847101,0.97953594,0.9761788,0.97850275,0.98658955,0.98733395,0.97744054,0.9749743,0.98338056,0.9871382,0.984528,0.9841046,0.9840085,0.9787397,0.9880786,0.9846624,0.98700994,0.987252,0.98850363,0.9825729,0.98571366,0.9864395,0.9887641,0.9860536,0.98874843,0.987166,0.9874022,0.98472595,0.9873348,0.9852194,0.98813814,0.98654646,0.9873701,0.98589045,0.9868266,0.9862212,0.98651904,0.98434365,0.9872977,0.97367764,0.9824572,0.9773518,0.9873885,0.98817563,0.9879668,0.98899907,0.9885576,0.98594254,0.9859546,0.98738956,0.9839744,0.9873085,0.9857563,0.98011595,0.9853243,0.9875565,0.9847764,0.988149,0.98760825,0.9845297,0.9785544,0.9757953,0.9869788,0.98728406,0.98610336,0.9850528,0.9758653,0.98793125,0.9816409,0.98904425,0.98697966,0.9844442,0.9871779,0.96001816,0.98954487,0.98455495,0.9858572,0.9827808,0.9868473,0.98151064,0.9867046,0.987287,0.9890011,0.98961705,0.98839563,0.98876554,0.9870022,0.98696315,0.9837886,0.98800254,0.9834429,0.98732257,0.97778964,0.98299557,0.9886219,0.98924,0.98888046,0.9847095,0.98806334,0.989451,0.989513,0.9893434,0.98769987,0.98973733,0.9889922,0.9893851,0.9845712,0.9862335,0.98617613,0.9897534,0.9838341,0.98950267,0.98823434,0.98774564,0.9893683,0.98033243,0.9859887,0.9868932,0.9864062,0.98639035,0.9892061,0.9863419,0.98724204,0.9821835,0.9860231,0.96633947,0.984148,0.9857396,0.98807114,0.98363906,0.9872003,0.98449,0.97534007,0.9876012,0.98932654,0.98781484,0.97646165,0.98541814,0.9881432,0.98773813,0.98539126,0.98579997,0.98684835,0.98548317,0.9860896,0.98314244,0.9884073,0.98526883,0.9854552,0.98380935,0.98825604,0.98593056,0.98677796,0.98744345,0.9833398,0.98647624,0.9695258,0.9823553,0.9884827,0.9889359,0.98301774,0.9885089,0.9854754,0.9854559,0.9861292,0.9875688,0.9815499,0.98711014,0.98932564,0.9857126,0.9857306,0.97804534,0.9848667,0.98659766,0.98516554,0.98482966,0.98600054,0.97890055,0.989326,0.9867047,0.9857911,0.9892551,0.98714924,0.9865785,0.9864694,0.98490834,0.9832515,0.9857233,0.98704547,0.9886533,0.9850264,0.9869903,0.9873025,0.9727507,0.9695408,0.98052233
ipip109,0.9919507,0.9875964,0.9893241,0.9859367,0.9899183,0.9844711,0.9924582,0.98789144,0.993124,0.9861431,0.9870832,0.9916943,0.9888976,0.9858818,0.98409885,0.9896012,0.9914284,0.9848079,0.9913464,0.9889558,0.9913925,0.9875406,0.99095315,0.9920854,0.99239504,0.9916866,0.98544866,0.9915023,0.98856544,0.9880414,0.99243164,0.9909628,0.9879182,0.99999946,0.9915533,0.9922147,0.99213004,0.99160296,0.99038607,0.9935906,0.9840787,0.9906497,0.9899699,0.9854881,0.98518366,0.9914696,0.99296814,0.9868644,0.9906222,0.9863154,0.98870915,0.968659,0.98914236,0.9851113,0.98285663,0.9892907,0.9785743,0.9824023,0.98467726,0.99096406,0.9894766,0.98888326,0.9922396,0.9896372,0.9894141,0.98660684,0.9917179,0.9911175,0.99161565,0.9863715,0.9917668,0.9913056,0.98108274,0.9869843,0.9879792,0.9631173,0.987467,0.98963684,0.98918724,0.99015605,0.989069,0.99335736,0.9859209,0.9910719,0.99066436,0.9929692,0.99294823,0.98391,0.9818928,0.9901531,0.98928875,0.9930764,0.9902679,0.98465645,0.977796,0.9828122,0.99125254,0.9895909,0.9799374,0.97664773,0.98822486,0.99306196,0.9899472,0.98838085,0.9913129,0.97943324,0.9915247,0.9867812,0.9934855,0.99174005,0.9925113,0.98748106,0.9896185,0.9894125,0.9937941,0.9878897,0.99258137,0.99210376,0.99097043,0.9891816,0.9930513,0.9883406,0.99138296,0.9895237,0.99127966,0.98714215,0.98926604,0.98951393,0.98782074,0.98867565,0.99231327,0.97806394,0.98622143,0.9816473,0.99108475,0.99073416,0.9898065,0.9907388,0.99234474,0.9914418,0.99214286,0.9916161,0.9867603,0.9910066,0.99083626,0.98057705,0.9906119,0.99226314,0.98112375,0.99132544,0.9933624,0.9902224,0.98427594,0.98137444,0.9925977,0.9895963,0.9895485,0.9895412,0.978379,0.99276537,0.9841783,0.99285746,0.989114,0.9868857,0.9924864,0.9611884,0.9929388,0.99347603,0.98922604,0.98635095,0.9917579,0.9845488,0.9915558,0.99147874,0.99183846,0.9920334,0.9912927,0.989799,0.9894765,0.990364,0.9861258,0.98868215,0.9871034,0.98873603,0.97763807,0.9863995,0.9936263,0.99327785,0.99310964,0.9899304,0.99339116,0.99249494,0.9928917,0.99240917,0.99324185,0.99280065,0.99410725,0.992955,0.9880956,0.9922304,0.9935243,0.9931974,0.9877533,0.99300104,0.99090654,0.99025625,0.9937645,0.97892666,0.9882296,0.9843156,0.98801106,0.9900412,0.99153405,0.9901372,0.98728776,0.9863307,0.9902852,0.96463656,0.98804176,0.9909165,0.9919648,0.9840243,0.98958784,0.99074274,0.9754423,0.9911848,0.99292314,0.9907825,0.9769236,0.98754215,0.99118304,0.99064535,0.99181026,0.98978776,0.9916362,0.9885362,0.996108,0.9867884,0.9909938,0.987098,0.99036705,0.987852,0.99191636,0.9912771,0.9890253,0.9928173,0.9866578,0.99231726,0.96949553,0.98761356,0.99237216,0.99281025,0.9848955,0.9923026,0.9883387,0.99146926,0.9902336,0.99258804,0.986195,0.9904823,0.9928658,0.9865818,0.9883356,0.9818541,0.98587793,0.9895911,0.9885966,0.9900376,0.98927265,0.97912604,0.992861,0.9862059,0.99212676,0.9925556,0.9907571,0.99077433,0.9898058,0.9958913,0.98900014,0.9897895,0.9886059,0.99168485,0.99074006,0.9879954,0.99013364,0.97538376,0.9682962,0.9833473
ipip139,0.9963536,0.98642355,0.99226254,0.9833069,0.99033684,0.983372,0.99584377,0.9871716,0.99293435,0.98330176,0.9852955,0.99237686,0.98589385,0.9852854,0.98035675,0.9894497,0.99139506,0.9864293,0.9914623,0.99190634,0.9914625,0.98927826,0.9911711,0.9923552,0.9858929,0.9921251,0.9833523,0.9916357,0.98798263,0.9881986,0.99140024,0.9896571,0.9872799,0.9915533,1.0000002,0.98968256,0.9939967,0.99614596,0.99147624,0.9902599,0.98067683,0.9916369,0.9875811,0.98302877,0.98326546,0.9914734,0.9857302,0.9861436,0.9914079,0.9840229,0.9872716,0.96221435,0.9901774,0.9837448,0.983046,0.9847624,0.974009,0.97995824,0.98327714,0.9889589,0.99292076,0.9870602,0.9930544,0.9883788,0.9879717,0.9834251,0.9940359,0.9933269,0.9905761,0.98555523,0.9947246,0.98956007,0.9785153,0.9870414,0.9862625,0.9562945,0.98352695,0.9890608,0.98838407,0.99086696,0.9893808,0.9935798,0.9836004,0.9941346,0.99053013,0.9959626,0.9938469,0.9830254,0.9826605,0.9931814,0.98743916,0.9942291,0.9905563,0.98078895,0.9771481,0.9786594,0.99414897,0.98642296,0.97653997,0.9701624,0.98695993,0.9931207,0.9904187,0.98675317,0.99066275,0.9711193,0.9926039,0.98226804,0.9903439,0.9955546,0.9957213,0.9875991,0.98761904,0.98816776,0.99373496,0.9847743,0.9932095,0.9937773,0.9943658,0.98531586,0.9936763,0.9872084,0.99051005,0.9929719,0.9935081,0.9839928,0.9863315,0.9909626,0.98728645,0.98782384,0.9930924,0.97397774,0.9828935,0.98173875,0.9916835,0.9905938,0.98876286,0.9902319,0.99491966,0.99356914,0.9944824,0.9925539,0.9879867,0.99193126,0.9912513,0.9792106,0.9899686,0.9907287,0.97716355,0.99046224,0.99274373,0.9857558,0.97890294,0.977614,0.99533325,0.9865971,0.9852649,0.9860013,0.97550863,0.99542415,0.97941744,0.9933483,0.99088705,0.9844301,0.99467283,0.9537534,0.9930413,0.9863605,0.9912328,0.9847844,0.993661,0.97974294,0.9945836,0.99247766,0.99221635,0.99386317,0.99238753,0.98857254,0.9870189,0.98820585,0.9821346,0.98748267,0.9840895,0.9877324,0.9748207,0.9855831,0.9930916,0.99316263,0.9927353,0.98281986,0.9927489,0.9929531,0.9928824,0.99266416,0.9928217,0.9953251,0.99262303,0.9953569,0.9826428,0.9849207,0.98897177,0.9941967,0.9810697,0.9927361,0.9901047,0.98836756,0.993742,0.9731189,0.98420167,0.98013234,0.98678744,0.9903606,0.99259055,0.98838633,0.98551786,0.98175675,0.98793447,0.95934826,0.98870075,0.9901821,0.9911539,0.9827449,0.9901379,0.98668545,0.9727503,0.99241036,0.99486834,0.99085546,0.9685982,0.98428994,0.989553,0.9908288,0.99209666,0.9894995,0.99363,0.9862454,0.9906949,0.98440033,0.98963326,0.98308927,0.98970306,0.9866575,0.9930123,0.98701346,0.9863033,0.9913661,0.983597,0.99419045,0.9655374,0.9846132,0.9926008,0.993111,0.9804503,0.9927519,0.9857636,0.9896189,0.99104464,0.990858,0.9835131,0.99173045,0.9929773,0.98435944,0.9862575,0.97580534,0.9842293,0.98982227,0.9861621,0.9879332,0.98759884,0.9746763,0.9958965,0.9830003,0.98956186,0.9933246,0.98982954,0.9888392,0.9865426,0.9911148,0.9860283,0.9900414,0.98863596,0.99399406,0.98792046,0.9882893,0.9896661,0.97115433,0.96170044,0.9807877
ipip169,0.99036056,0.9869295,0.98941433,0.9855315,0.9913159,0.9855051,0.99119025,0.9861854,0.9908398,0.9858158,0.9868704,0.9895985,0.98736525,0.9843265,0.98321766,0.988369,0.9889766,0.98481786,0.9892202,0.9865528,0.9903899,0.98679936,0.99417675,0.9900708,0.9905712,0.98973864,0.9847219,0.9893575,0.98578393,0.98626506,0.9903123,0.9901723,0.9878301,0.9922147,0.98968256,1.0000001,0.9906713,0.9900438,0.98884785,0.9906006,0.98455685,0.9912015,0.9879933,0.98349345,0.98416764,0.9908332,0.9892846,0.98505545,0.9900507,0.98399264,0.98850733,0.9694464,0.98965424,0.98455954,0.9834984,0.9886676,0.9814532,0.98271346,0.9853257,0.99062914,0.9872535,0.98854935,0.9896588,0.98772305,0.98820287,0.98579425,0.9897256,0.98957545,0.9875079,0.98484904,0.99203736,0.99231297,0.98265404,0.99015695,0.9860643,0.96137553,0.9852724,0.98667973,0.98860717,0.98907965,0.9875995,0.99095917,0.98435056,0.9886884,0.98972887,0.990255,0.9898217,0.982437,0.98123765,0.9880889,0.9879403,0.99117523,0.9879525,0.9832088,0.97649944,0.9804606,0.99069,0.9873897,0.97854775,0.974376,0.9869051,0.990592,0.98759013,0.9875331,0.9890146,0.9770724,0.9895491,0.9849697,0.98933643,0.98934877,0.9908844,0.98564655,0.9879959,0.9873213,0.9904351,0.9910554,0.98997,0.9912434,0.98927355,0.9862732,0.99157006,0.98750466,0.9906766,0.9894602,0.99131083,0.9848586,0.9872896,0.98807126,0.98657614,0.9857547,0.9953612,0.9783806,0.9892348,0.9804053,0.9939579,0.9912094,0.9898905,0.99146956,0.9910171,0.98998666,0.9894594,0.9898165,0.9862536,0.9901768,0.9887285,0.98100895,0.9872221,0.9881914,0.9823244,0.9874688,0.99039257,0.98761916,0.98307323,0.9801032,0.9898628,0.9914992,0.99094504,0.9921176,0.97679615,0.9897851,0.9880111,0.99367243,0.98977524,0.9874476,0.9917793,0.96184224,0.9931839,0.9900351,0.98813266,0.9876403,0.9940368,0.9850026,0.9903876,0.9911395,0.9902466,0.99107486,0.99039954,0.99002725,0.98894083,0.9880608,0.98442703,0.9873472,0.98578745,0.9871718,0.97757787,0.9853482,0.9909895,0.9906758,0.99056166,0.9870887,0.9904711,0.99059385,0.99117965,0.99004567,0.9903087,0.99121726,0.99158,0.9919003,0.98539466,0.9876714,0.9889696,0.9906237,0.985073,0.9911354,0.9896242,0.9897438,0.99066156,0.9769193,0.9856937,0.9829834,0.98713225,0.98665106,0.9894454,0.98878986,0.98677534,0.9841455,0.98875177,0.9637352,0.9862173,0.98969036,0.99513066,0.9827723,0.9887836,0.9876241,0.9750437,0.989577,0.99071676,0.9887469,0.97348607,0.9852567,0.98865616,0.9886807,0.9898178,0.9879169,0.9896258,0.98636705,0.9916844,0.9895627,0.99439335,0.9903079,0.99004155,0.98637927,0.99088323,0.98857236,0.9878368,0.9898737,0.989213,0.99311256,0.97173095,0.99135095,0.9922863,0.99235445,0.98598987,0.99234957,0.9896694,0.9888915,0.9881529,0.9924552,0.98658234,0.9888534,0.9910405,0.9849762,0.9860585,0.9801964,0.9859952,0.9909416,0.99160933,0.9898058,0.9909627,0.98006904,0.99249136,0.9876759,0.99066263,0.9926033,0.9896201,0.99265933,0.99308133,0.9909263,0.9878465,0.99138653,0.9878481,0.99077046,0.98719513,0.9874194,0.98892635,0.97608477,0.96974736,0.9829924
ipip199,0.99303466,0.9855091,0.9913997,0.9849386,0.9889554,0.98350567,0.9948542,0.98769313,0.9925037,0.9857347,0.9879578,0.9901248,0.9892688,0.98652756,0.9816856,0.99131304,0.9936805,0.9871108,0.99181414,0.99220663,0.99286705,0.98792255,0.9907531,0.9913852,0.9862492,0.99374825,0.98553246,0.9934755,0.9902697,0.9887634,0.9902368,0.9913529,0.98780334,0.99213004,0.9939967,0.9906713,1.0000006,0.99590313,0.9930105,0.9909542,0.98461354,0.99224883,0.9882437,0.98527676,0.9827416,0.9908929,0.9869164,0.98474485,0.9911175,0.9859973,0.98795706,0.968865,0.98860663,0.98632026,0.98287207,0.9882265,0.97683084,0.98383516,0.986925,0.99109966,0.9896737,0.987002,0.99135303,0.9863411,0.9868699,0.98444647,0.9929328,0.99159944,0.98778033,0.98558533,0.9918678,0.9905905,0.9798034,0.9867823,0.98731357,0.9637036,0.98790604,0.9910621,0.9895905,0.98958826,0.9881982,0.9925133,0.9870651,0.9927473,0.99124,0.9943758,0.9935258,0.9865364,0.98354816,0.99028385,0.98905116,0.9933873,0.9903158,0.98336,0.9783269,0.98217934,0.99108976,0.98705745,0.9800519,0.9766911,0.98972785,0.99127454,0.99019504,0.9885003,0.9907083,0.97588503,0.99297506,0.98313856,0.9902895,0.993182,0.99386245,0.9861346,0.98697233,0.99107265,0.9942783,0.9872696,0.9947723,0.99367887,0.9930964,0.98765343,0.99318546,0.9896012,0.99159545,0.99046046,0.9951285,0.9848634,0.9893737,0.992152,0.986371,0.989803,0.9926283,0.9797437,0.9844542,0.9834193,0.9919379,0.98973876,0.98966455,0.99151784,0.99415827,0.99051183,0.9917214,0.9922562,0.9895449,0.990597,0.9912464,0.9818725,0.9889996,0.9887716,0.98188096,0.99070597,0.9918596,0.98701733,0.9821405,0.97917295,0.9935712,0.9878755,0.987079,0.9870949,0.97933483,0.99384063,0.98321944,0.99301445,0.9917292,0.9847409,0.9921194,0.9622997,0.9942703,0.9870025,0.9902643,0.98883164,0.9918593,0.9836013,0.9943155,0.991577,0.9905753,0.9936247,0.99263656,0.9893282,0.98865914,0.9916798,0.98573965,0.98808783,0.98596436,0.988201,0.977757,0.98557,0.9952015,0.99471354,0.9945755,0.9866447,0.99440014,0.99337655,0.9939834,0.9912972,0.99248,0.99386114,0.99312466,0.9946117,0.98609596,0.9876029,0.9908075,0.99326414,0.98419416,0.99285513,0.9896527,0.988423,0.99304456,0.97715527,0.9862559,0.9845243,0.98754036,0.98962677,0.99093115,0.98810714,0.9863419,0.9847492,0.9905455,0.96589077,0.99025244,0.9920126,0.9917126,0.98477757,0.99069893,0.9880077,0.9758218,0.9915535,0.9944325,0.9920365,0.97406363,0.985168,0.99203366,0.99061686,0.9896326,0.98762053,0.991409,0.9877326,0.98971206,0.9858843,0.99107134,0.9856852,0.9903592,0.98873055,0.9930927,0.98655987,0.9887298,0.9908996,0.98386735,0.99219203,0.96950674,0.98548436,0.9918897,0.99188477,0.98497844,0.9925583,0.98849845,0.9914935,0.99150974,0.99022216,0.9854637,0.9904772,0.9934219,0.98529106,0.9888709,0.9810225,0.9882219,0.9886508,0.9877908,0.98646325,0.9873746,0.9762714,0.99395984,0.984723,0.9889334,0.9932176,0.98823893,0.98849165,0.98788744,0.9888919,0.98567724,0.9892202,0.98641765,0.9925304,0.9869348,0.98612726,0.99023974,0.97115564,0.9682042,0.9826382
ipip229,0.99478626,0.9836415,0.991503,0.9827892,0.98948896,0.9815105,0.9960844,0.9856175,0.9916458,0.9834632,0.98565644,0.9908039,0.986872,0.98391896,0.979155,0.989796,0.9920536,0.98522115,0.99115956,0.9902,0.99202144,0.9871241,0.9907988,0.9909732,0.98513246,0.9918455,0.98302203,0.9928079,0.98688936,0.9869113,0.9906285,0.98910445,0.9870429,0.99160296,0.99614596,0.9900438,0.99590313,1.0000008,0.99084526,0.98970187,0.98016596,0.9913361,0.9872262,0.98221844,0.9805991,0.99072766,0.98547894,0.9841305,0.9908394,0.9831491,0.98671764,0.9623481,0.9882873,0.98282915,0.98206073,0.9851055,0.9734627,0.9795677,0.98294866,0.98929596,0.99175256,0.985814,0.9924293,0.9856424,0.98638576,0.9824072,0.99306303,0.9924588,0.98900366,0.9844005,0.9941434,0.98908716,0.9771987,0.98578566,0.98429716,0.95510733,0.98406845,0.9887151,0.9879401,0.98967445,0.98802406,0.99223566,0.9835655,0.9932578,0.9896503,0.9955907,0.9931237,0.9817215,0.9803883,0.99150425,0.9865094,0.9938104,0.98882276,0.9791463,0.9750463,0.9771271,0.9938562,0.98563725,0.9758456,0.97056156,0.98633456,0.9921705,0.9892223,0.98595995,0.9893489,0.9702352,0.9925684,0.98152477,0.9890068,0.9945267,0.9951129,0.98612404,0.98525804,0.9872771,0.99370146,0.98437726,0.9927291,0.9933885,0.9934963,0.98411715,0.99334,0.9861204,0.9905302,0.99140656,0.99400234,0.9829296,0.9857752,0.9900794,0.9861154,0.98631686,0.993137,0.9735049,0.9817403,0.97982794,0.99212486,0.98990214,0.98844075,0.990042,0.9946824,0.9924671,0.9934372,0.9909666,0.9865375,0.99029976,0.9907248,0.9766962,0.9882951,0.98938584,0.9769561,0.9890838,0.99194676,0.984579,0.97802407,0.9760408,0.9945032,0.9861418,0.9846707,0.98595136,0.9736646,0.9947497,0.97873247,0.9936136,0.9913579,0.98348856,0.9945946,0.9552396,0.9935017,0.9858119,0.9906105,0.9848129,0.9939333,0.9791319,0.99426854,0.9916677,0.99170524,0.99384797,0.992132,0.98798347,0.9870133,0.98869556,0.98095137,0.986356,0.9829671,0.98634714,0.9736094,0.9838137,0.9935314,0.9933904,0.99296856,0.98276955,0.9930904,0.992844,0.99287945,0.9919419,0.9917743,0.9949916,0.99257034,0.9957402,0.982428,0.98524,0.9885848,0.9945998,0.98032796,0.9925584,0.9895578,0.98721886,0.9934797,0.972093,0.9831085,0.980085,0.9861485,0.9888677,0.9920462,0.987656,0.9848988,0.98063904,0.9882175,0.9581601,0.9879619,0.9901049,0.99184406,0.9824958,0.98950726,0.98563415,0.9718908,0.99205244,0.9949556,0.9900334,0.96788,0.982906,0.98950255,0.98974365,0.9911744,0.9883103,0.99137723,0.9849002,0.9898688,0.98449385,0.98991126,0.98232734,0.9896984,0.9858711,0.9928504,0.98613346,0.9853089,0.9904486,0.9825292,0.9943765,0.9647987,0.9849849,0.99236095,0.99270916,0.9807794,0.9924106,0.9860268,0.9898927,0.9902866,0.99039024,0.9825354,0.99050194,0.9930527,0.98338586,0.9857768,0.9759719,0.9844511,0.988218,0.98605925,0.9869984,0.98624766,0.97258925,0.9951546,0.98238957,0.9891088,0.99333537,0.988094,0.98795784,0.9863313,0.990204,0.9852588,0.98947924,0.98770034,0.9935839,0.9865007,0.9871503,0.98930943,0.96813095,0.9611901,0.9802846
ipip259,0.9912584,0.9863578,0.98921204,0.9832995,0.9872884,0.98334277,0.99138784,0.98713934,0.99125934,0.98355186,0.98648006,0.9896454,0.9892257,0.98797774,0.9844131,0.9917795,0.9914221,0.9868189,0.99298316,0.9906113,0.99133116,0.98734754,0.98947805,0.9904736,0.9868748,0.9929326,0.984524,0.99136764,0.9915999,0.9895381,0.9894569,0.98945725,0.9861578,0.99038607,0.99147624,0.98884785,0.9930105,0.99084526,1.0000001,0.99054533,0.98373073,0.9896,0.98682415,0.9838527,0.98419255,0.98936784,0.98650026,0.9837838,0.9890248,0.9868238,0.98660576,0.96929646,0.9874894,0.9859113,0.9829348,0.9862823,0.9776327,0.9840386,0.98493665,0.98942983,0.98888725,0.98674786,0.989305,0.98706603,0.9880642,0.9868982,0.99087465,0.9894176,0.9876538,0.9849254,0.98954433,0.98946995,0.9802881,0.98480487,0.9875583,0.96590453,0.9866272,0.9899188,0.9881176,0.98855716,0.9875781,0.9918711,0.9866595,0.98980105,0.9898615,0.9921488,0.992317,0.9892695,0.9834571,0.9890049,0.98931426,0.9908037,0.98957336,0.9826523,0.9796027,0.98132974,0.98824567,0.9864257,0.982437,0.9763228,0.9911315,0.98998415,0.98981893,0.99228156,0.99061525,0.9797184,0.99122417,0.98460233,0.9897434,0.9908976,0.9914292,0.98451614,0.98775166,0.9886599,0.9914697,0.98739797,0.9918394,0.99130833,0.99024373,0.9871496,0.99233013,0.989269,0.98966265,0.9896899,0.9919793,0.9874212,0.9876844,0.99060893,0.9867031,0.99121755,0.98933476,0.9784016,0.9851308,0.98427725,0.9895134,0.9888655,0.9893965,0.9888986,0.9910331,0.98831743,0.9905302,0.9915056,0.9891699,0.9897327,0.991447,0.982371,0.99065304,0.987889,0.9809913,0.9907719,0.98995453,0.987164,0.9832924,0.98075503,0.9914628,0.9885929,0.98749954,0.98624206,0.97951496,0.9914787,0.98225224,0.99091053,0.9884499,0.98467106,0.98960745,0.9611527,0.9899171,0.98768604,0.98823184,0.98680305,0.98933977,0.98474437,0.99024546,0.9911472,0.9892008,0.990055,0.9902533,0.9876789,0.98717153,0.9912189,0.98915887,0.9876443,0.98530465,0.9875384,0.9779745,0.9858328,0.9936512,0.99335825,0.99362725,0.9855693,0.99283725,0.9916327,0.9922147,0.9897802,0.99185103,0.9905265,0.99075234,0.99151754,0.98579544,0.9865748,0.9880504,0.9905078,0.98364365,0.9903416,0.98885757,0.98778796,0.99115807,0.97823954,0.9866818,0.98384637,0.98676413,0.98781955,0.98935646,0.9867655,0.98574615,0.98612034,0.988129,0.96639884,0.9900428,0.99223864,0.9893973,0.98375267,0.98900795,0.98819625,0.97602665,0.9898388,0.99100435,0.99131733,0.9754519,0.9866108,0.99196434,0.9891346,0.9882723,0.9880611,0.9910736,0.98544306,0.98855734,0.9836361,0.9883438,0.9868512,0.98928773,0.98780364,0.989415,0.9869609,0.988361,0.9892515,0.9833046,0.9893592,0.96979195,0.9851374,0.9906987,0.99010414,0.9846331,0.9908115,0.98699605,0.9894865,0.9903257,0.9882187,0.98461103,0.989964,0.9917816,0.9852794,0.9864651,0.9798292,0.98749393,0.9870684,0.9872861,0.9858654,0.9880985,0.97775525,0.9913769,0.9838907,0.98759615,0.9907362,0.9888694,0.98716223,0.9855513,0.987894,0.98555535,0.98751545,0.98539984,0.98902404,0.9860168,0.9847197,0.98824835,0.97193855,0.96796095,0.9792801
ipip289,0.9905608,0.98685724,0.9882127,0.9851177,0.9895661,0.9835466,0.9916684,0.98873794,0.9920856,0.98520684,0.98585296,0.9917348,0.9882331,0.98564047,0.98217845,0.9882531,0.99127126,0.9867974,0.9907834,0.9894309,0.9909742,0.98753667,0.9891819,0.99088144,0.9887393,0.99100375,0.9857268,0.9909345,0.9883332,0.98792565,0.9894827,0.9903176,0.9868529,0.9935906,0.9902599,0.9906006,0.9909542,0.98970187,0.99054533,0.9999997,0.9841178,0.98930013,0.9892928,0.98502535,0.9836613,0.99091685,0.99058366,0.98432493,0.9902348,0.9861561,0.9889084,0.96943283,0.98887247,0.9869286,0.98248035,0.9880464,0.979595,0.9832451,0.9858191,0.98964316,0.9877521,0.9870315,0.99048334,0.9886208,0.9866984,0.9843153,0.99103445,0.98956376,0.9892431,0.98518234,0.9892889,0.98928183,0.97970724,0.98599637,0.9876664,0.9635177,0.9876706,0.98892874,0.9883615,0.9891676,0.98770326,0.99281245,0.98536247,0.98922694,0.99051094,0.9915182,0.99198806,0.9843436,0.98124987,0.9900406,0.9877608,0.9912592,0.9889846,0.9841404,0.9778497,0.98259676,0.9892178,0.9879,0.97874784,0.9764806,0.9870692,0.99024737,0.9875929,0.98769325,0.9916506,0.97813326,0.99021775,0.9842177,0.9901584,0.99098724,0.9910395,0.9862011,0.99023724,0.9874085,0.9918502,0.98810613,0.9905715,0.9903854,0.9898615,0.98747563,0.9913975,0.9871547,0.98973554,0.9889952,0.9908316,0.9853623,0.98769736,0.9893118,0.98603857,0.9899494,0.9904001,0.97724086,0.9865547,0.9823886,0.9899638,0.9895783,0.9888551,0.9897724,0.9911658,0.9895367,0.9910025,0.99044794,0.9856352,0.9907943,0.9903811,0.9821433,0.9906973,0.98948437,0.98169976,0.9935788,0.9902025,0.98746675,0.98382324,0.9798896,0.98981124,0.98836845,0.9879083,0.9880027,0.978451,0.9904292,0.9842012,0.9910445,0.98798054,0.9852458,0.9907339,0.96309364,0.99060446,0.9896649,0.98914057,0.98580045,0.989651,0.98430926,0.98941267,0.990575,0.9894158,0.9903436,0.99041563,0.9897178,0.9882302,0.988801,0.9864223,0.9875755,0.9855286,0.9877074,0.97817004,0.984149,0.991725,0.99144614,0.9911641,0.9878187,0.9923728,0.9906,0.99114835,0.9899137,0.9923296,0.9911076,0.99174494,0.99143577,0.986252,0.9904846,0.9906819,0.9910501,0.986458,0.99103737,0.9893673,0.9884592,0.99125004,0.97847056,0.9867621,0.9844348,0.98736393,0.98766595,0.98937577,0.9877951,0.9861789,0.98499537,0.98744214,0.9645304,0.98821163,0.9906587,0.9901022,0.98415035,0.9891612,0.98888505,0.97452855,0.99012166,0.991,0.99008816,0.97649455,0.9865977,0.9901262,0.9899022,0.98914486,0.98771316,0.9905079,0.9868756,0.99194807,0.9856752,0.9904279,0.9865832,0.99061877,0.98778284,0.99086285,0.9888643,0.9880697,0.9899665,0.98709977,0.9893368,0.9695849,0.9865602,0.99059254,0.9906218,0.98512393,0.9907596,0.98797363,0.99001706,0.989648,0.99126095,0.9852776,0.98887014,0.99080956,0.9854284,0.98696935,0.9811024,0.9857178,0.988309,0.9872015,0.9874952,0.9874417,0.9792027,0.99131835,0.9855058,0.9903738,0.9905047,0.98958856,0.9883285,0.98801655,0.99138653,0.98691106,0.9884863,0.98705596,0.99047166,0.98796034,0.98671657,0.988645,0.9747581,0.96841055,0.9834799
ipip24,0.9805705,0.9830117,0.9809237,0.9817093,0.9816743,0.97963357,0.9839083,0.9857074,0.9873289,0.98309714,0.98433036,0.98216337,0.98524183,0.9837848,0.9803167,0.9843393,0.9851649,0.9826094,0.985098,0.98582643,0.9853085,0.98223716,0.9838757,0.9853425,0.9803871,0.9862574,0.9880703,0.98572135,0.98493904,0.98307383,0.98383254,0.9883862,0.98532605,0.9840787,0.98067683,0.98455685,0.98461354,0.98016596,0.98373073,0.9841178,0.9999994,0.98878974,0.9850964,0.9832353,0.9822924,0.9846147,0.9843391,0.9784185,0.98365325,0.99010956,0.9847978,0.9771821,0.98631257,0.9850997,0.9835223,0.9886766,0.97704774,0.98384005,0.9840712,0.9873919,0.9768197,0.9832556,0.97979414,0.9813322,0.9783438,0.9804775,0.98368615,0.9828893,0.9815241,0.9838449,0.9799176,0.9843827,0.9804229,0.9831947,0.9819444,0.97074497,0.9833375,0.983399,0.987075,0.98568714,0.9801451,0.9831898,0.9804263,0.97836447,0.98316425,0.9814973,0.983015,0.98425335,0.98026896,0.9825865,0.9816402,0.98099166,0.98266727,0.9795305,0.97700614,0.9813341,0.9790204,0.9864134,0.9777605,0.97884524,0.98258495,0.9823069,0.9798954,0.98192614,0.98136,0.9813591,0.9837459,0.979251,0.98505205,0.9814558,0.9828289,0.977001,0.98409224,0.98474914,0.98377705,0.98505265,0.9837928,0.9816441,0.9811782,0.9849007,0.98429024,0.9835257,0.9865374,0.98231363,0.9839176,0.9830683,0.98903495,0.9866935,0.9844644,0.98652637,0.98416424,0.9753178,0.9882261,0.9816118,0.98399585,0.9863938,0.986154,0.98935735,0.9849289,0.9792727,0.9791252,0.9837989,0.9823802,0.9839376,0.9832257,0.98296714,0.9823983,0.98149693,0.99017626,0.98454434,0.9837887,0.9849483,0.9792246,0.9789862,0.9807668,0.9840614,0.9840991,0.98420036,0.9783303,0.9817923,0.98853534,0.9863295,0.98125005,0.9808844,0.98070586,0.9655042,0.98719674,0.9812756,0.98031086,0.9818391,0.9808944,0.9837847,0.9806654,0.9826401,0.9841327,0.9846053,0.9838195,0.98456097,0.98469764,0.9854282,0.9851494,0.98703,0.98416334,0.98736304,0.9801873,0.98394006,0.9858205,0.98596156,0.9857827,0.9868423,0.98518926,0.98544264,0.9859642,0.9845318,0.983166,0.98331183,0.9855129,0.9849375,0.9853203,0.9865636,0.98481494,0.98264414,0.9864523,0.9859465,0.98522913,0.9844005,0.9853155,0.97928125,0.98593146,0.98880845,0.9849799,0.9803519,0.9838201,0.9868198,0.98734075,0.98365295,0.9839559,0.96893066,0.9825424,0.982064,0.9828597,0.9821583,0.98550034,0.9850249,0.97707844,0.98261863,0.9835041,0.98738474,0.9803197,0.98242503,0.986911,0.9855569,0.98051786,0.97918123,0.9832242,0.98532456,0.98222196,0.9809269,0.98474133,0.9852609,0.9836079,0.983297,0.98463887,0.9830665,0.98737,0.9845304,0.9829228,0.9803008,0.97554606,0.9840034,0.9850834,0.98452,0.98649794,0.9854483,0.9865109,0.9853798,0.9852409,0.98454565,0.9839008,0.98127574,0.98591983,0.98696524,0.9870098,0.9831802,0.98661107,0.986093,0.9851255,0.98135924,0.9838774,0.98113436,0.98492503,0.98798275,0.9842282,0.9870219,0.9844711,0.9839755,0.9846546,0.9800074,0.9802054,0.9818971,0.9838349,0.9841474,0.9836827,0.98339367,0.9858915,0.9751456,0.9742693,0.9801904
ipip54,0.9907478,0.98680675,0.9901387,0.98509496,0.98910385,0.9842994,0.9932675,0.9881003,0.9933384,0.98539776,0.98765975,0.9895266,0.9881747,0.9856846,0.983885,0.9889313,0.99015355,0.9873317,0.9898501,0.98923576,0.9911572,0.98744166,0.9917212,0.9920991,0.9869167,0.99201876,0.9888546,0.99126625,0.98832864,0.98893917,0.99056315,0.99216896,0.9907373,0.9906497,0.9916369,0.9912015,0.99224883,0.9913361,0.9896,0.98930013,0.98878974,0.9999991,0.98953533,0.98672104,0.9848473,0.99175316,0.9889028,0.98650837,0.99165934,0.9858864,0.9890398,0.9715119,0.9906053,0.9857471,0.98883784,0.9905733,0.97717476,0.98697066,0.9862402,0.9909192,0.98703957,0.98723614,0.9895462,0.9868203,0.9866502,0.9859325,0.99122703,0.99272174,0.98937756,0.98801696,0.99056655,0.99137765,0.9815337,0.9871348,0.98652875,0.9667747,0.9856877,0.9885639,0.99142724,0.9914522,0.9879113,0.9909864,0.9848312,0.9895256,0.9903551,0.99089664,0.9908636,0.98525065,0.98341054,0.99026966,0.9862016,0.99042904,0.9888337,0.9819354,0.9792073,0.9821776,0.98922014,0.9901346,0.97881615,0.9775313,0.9870775,0.98998666,0.9876816,0.9866506,0.9887451,0.9802065,0.9907426,0.9840252,0.9912335,0.9913155,0.9923432,0.9857227,0.98792225,0.9896164,0.9912541,0.98856306,0.9907677,0.9902894,0.991029,0.9874588,0.9918054,0.98838073,0.9919589,0.99077094,0.99137396,0.9866944,0.9907751,0.9922585,0.99089235,0.9879702,0.9920601,0.9808238,0.98739314,0.9836648,0.9910775,0.9915848,0.9903899,0.9937507,0.9925744,0.9892428,0.9891321,0.9904182,0.9896702,0.99000156,0.989382,0.9820179,0.9880146,0.9905185,0.9887239,0.99063706,0.9908062,0.986973,0.982307,0.9799297,0.9903017,0.9900328,0.98936003,0.98918295,0.9782697,0.99127555,0.9857826,0.99280405,0.988452,0.98636043,0.990399,0.96264935,0.99434215,0.98768145,0.9887092,0.986626,0.99123824,0.98478365,0.99055266,0.9901103,0.99160874,0.9935813,0.9922963,0.9891541,0.9902347,0.989771,0.985865,0.9904599,0.986574,0.98995024,0.9824594,0.9871566,0.9920581,0.9921236,0.9919853,0.9872461,0.99123824,0.9923035,0.9925159,0.9916537,0.99034077,0.99338365,0.99200594,0.99426264,0.98628014,0.98992705,0.99004966,0.99140644,0.98719674,0.99262804,0.9916504,0.98996246,0.99204063,0.979108,0.98895174,0.9883857,0.9896386,0.98837596,0.99157035,0.9906279,0.9905818,0.98559916,0.98996705,0.9673705,0.9882264,0.98883426,0.9919048,0.9846651,0.9896045,0.988356,0.9771216,0.98988014,0.992019,0.99076396,0.9780979,0.9866494,0.9907902,0.98938715,0.9892496,0.9884396,0.9902258,0.98746043,0.9899009,0.986488,0.9920885,0.98879355,0.98980093,0.98923165,0.99281317,0.98972446,0.9904101,0.9924882,0.9866288,0.9916159,0.97217226,0.9875062,0.9937633,0.99408144,0.98912185,0.99384,0.9916711,0.99032414,0.9900467,0.991421,0.9885813,0.99093884,0.99309504,0.9885979,0.9905015,0.98208845,0.9895828,0.99072176,0.9900324,0.98901707,0.9895164,0.9819261,0.99388164,0.9904456,0.9886068,0.99424404,0.98971415,0.9907466,0.9907185,0.98888916,0.98631614,0.99210197,0.99195254,0.9946909,0.9903429,0.9925639,0.99226886,0.9751203,0.97161716,0.98212457
ipip84,0.9889846,0.988004,0.98802316,0.9887144,0.98934287,0.98532146,0.9900034,0.98561734,0.99187225,0.9885262,0.98579687,0.9883069,0.9861387,0.9858171,0.9826675,0.98688155,0.98903525,0.98744476,0.9898204,0.9868046,0.9899388,0.9862961,0.98921037,0.99140686,0.9879209,0.9903849,0.98744446,0.9896165,0.98631585,0.9870507,0.9907763,0.9885476,0.98558736,0.9899699,0.9875811,0.9879933,0.9882437,0.9872262,0.98682415,0.9892928,0.9850964,0.98953533,1.0000006,0.9839863,0.9892295,0.99169844,0.99152416,0.98397,0.9895702,0.9868929,0.9876657,0.9736335,0.9882215,0.984264,0.98527455,0.988851,0.97804475,0.9845272,0.98666096,0.9897385,0.9854649,0.98789626,0.9879224,0.98825103,0.9864262,0.98536026,0.9888391,0.9889851,0.98873967,0.98508716,0.987373,0.9885137,0.98142314,0.9850683,0.9869618,0.96405894,0.9855933,0.9869992,0.98964804,0.98980474,0.9867903,0.9897489,0.98424053,0.9863671,0.9885172,0.9879556,0.9879635,0.9836047,0.98091274,0.9874336,0.98537403,0.98976713,0.9875892,0.98240405,0.980142,0.9848882,0.98651904,0.9899796,0.9809952,0.9787727,0.98549944,0.99045753,0.985845,0.9860478,0.9882803,0.97939324,0.9889346,0.98200685,0.9890535,0.9877928,0.9890447,0.9838471,0.9883835,0.98643035,0.98876107,0.98696345,0.98786986,0.9886983,0.988248,0.98623437,0.9901885,0.98578805,0.99093044,0.989203,0.98882043,0.9856238,0.9887444,0.987941,0.98885274,0.98760283,0.9883802,0.9787551,0.98827535,0.98212934,0.9868179,0.99025756,0.9880133,0.9891231,0.98955035,0.9860371,0.98814744,0.9898633,0.98577833,0.9890298,0.987954,0.98069626,0.9879957,0.9889149,0.982802,0.98833233,0.99067056,0.988467,0.98403984,0.98097813,0.9877816,0.98840404,0.98808444,0.98832244,0.9785671,0.98853004,0.98566145,0.99066585,0.98614675,0.9867029,0.9870031,0.958899,0.9881229,0.9877029,0.98686755,0.9842575,0.9881815,0.9845916,0.9862641,0.98951066,0.9903899,0.9895566,0.98904777,0.9875516,0.9885884,0.98793274,0.9846101,0.989395,0.9877025,0.98872745,0.9795724,0.985636,0.9897858,0.9898257,0.989599,0.988164,0.9887594,0.989972,0.99047834,0.9909717,0.9893031,0.9899033,0.9907618,0.990637,0.9863669,0.99159306,0.98831344,0.98938835,0.9885716,0.99063486,0.99130064,0.99035364,0.99133253,0.9806779,0.9877554,0.98520494,0.98793346,0.9847097,0.99024355,0.9899197,0.9881721,0.98746157,0.98776996,0.9676914,0.9866467,0.98679435,0.9886522,0.98328155,0.9874057,0.9890613,0.97677726,0.98716426,0.98894465,0.9892935,0.980553,0.98468,0.98860717,0.9882524,0.98844403,0.9871481,0.98861843,0.9873167,0.9903064,0.98313886,0.9890949,0.985862,0.98843306,0.98787785,0.98995847,0.9890882,0.98821336,0.9902668,0.98754996,0.987666,0.97297424,0.9862342,0.99008423,0.9896906,0.9846033,0.9897425,0.9870182,0.9895939,0.9888532,0.9909946,0.9881269,0.9900349,0.99075794,0.9881958,0.9880508,0.9823236,0.9868919,0.9882371,0.98736477,0.98803395,0.98772776,0.9818536,0.9891475,0.9865137,0.9911722,0.9894422,0.9903021,0.98804826,0.9878761,0.9894221,0.9864823,0.9890049,0.9884605,0.9890704,0.98838556,0.98777276,0.9880285,0.97684854,0.9703185,0.98197305
ipip114,0.98265296,0.98123014,0.98226184,0.978849,0.98161787,0.978206,0.9837724,0.9832682,0.9851472,0.9791151,0.9861098,0.98384637,0.9868592,0.98360187,0.9788642,0.9853195,0.9829413,0.98177886,0.98510987,0.98512834,0.9843224,0.9825256,0.9844207,0.982267,0.98197263,0.98583233,0.9824382,0.9837121,0.9841903,0.98407334,0.9842362,0.9841258,0.9844672,0.9854881,0.98302877,0.98349345,0.98527676,0.98221844,0.9838527,0.98502535,0.9832353,0.98672104,0.9839863,1.0000004,0.9789085,0.98598117,0.9849671,0.9787364,0.9884633,0.9836926,0.98252183,0.96959466,0.9841443,0.98246175,0.9798221,0.9866835,0.97531176,0.9822506,0.9828529,0.9845994,0.9797277,0.9837041,0.98258346,0.98265624,0.98039424,0.9805483,0.98416233,0.9825242,0.9841799,0.9826862,0.98068345,0.98501086,0.97657263,0.98096496,0.98238647,0.9699056,0.9829191,0.98392123,0.98497564,0.9840654,0.9816959,0.9868604,0.9837782,0.98211294,0.98631054,0.9832437,0.9855245,0.98388636,0.97979957,0.983649,0.98229223,0.98286384,0.98352915,0.9806912,0.9780786,0.9809103,0.97996366,0.9851989,0.9800728,0.97889805,0.98319256,0.9825873,0.98228353,0.98222226,0.9844092,0.97658753,0.9846218,0.9784367,0.9841531,0.9833983,0.9843366,0.98010886,0.98553956,0.98539054,0.98536307,0.98501164,0.98497903,0.9843459,0.98281664,0.9853151,0.9852852,0.9863681,0.98360074,0.9828324,0.9856853,0.98224485,0.9846263,0.9851692,0.9816793,0.98465985,0.983013,0.9761408,0.98187715,0.98007023,0.98292255,0.98440224,0.9821971,0.9854891,0.9844359,0.9804019,0.9805229,0.98477405,0.9832776,0.98418975,0.9822551,0.98168933,0.9845745,0.98428065,0.98535967,0.9867896,0.98336494,0.9828762,0.98227036,0.9773083,0.98276293,0.9853265,0.9849517,0.98411375,0.9787648,0.98341346,0.9820193,0.98573077,0.9820068,0.9805153,0.9820342,0.96557057,0.98533857,0.98184437,0.98257816,0.984434,0.9813458,0.9823714,0.9827486,0.98518544,0.9844547,0.9894157,0.9828814,0.98236567,0.98192996,0.98378444,0.98105717,0.9854949,0.98449636,0.98481065,0.9775814,0.9823886,0.98467654,0.984897,0.9844501,0.9825246,0.985379,0.98735154,0.98847705,0.98498577,0.9864092,0.9872169,0.986425,0.9842679,0.9832986,0.98556244,0.9841546,0.981648,0.98158044,0.98869467,0.9840913,0.9833318,0.98387367,0.9748222,0.98290986,0.983823,0.98266786,0.98340476,0.9845503,0.9830002,0.9837166,0.9816916,0.9852216,0.9676939,0.98447955,0.98428947,0.98370755,0.9849782,0.98523074,0.98320186,0.9771385,0.9863382,0.9833557,0.9831852,0.9723701,0.9808119,0.9831997,0.9840699,0.9806771,0.98033476,0.9849973,0.9831844,0.98252946,0.98275214,0.9860021,0.98445433,0.9855039,0.9838507,0.98887205,0.9834661,0.9884393,0.984155,0.97987497,0.9813786,0.97149134,0.9813806,0.9845313,0.98486793,0.9831149,0.98498344,0.9842536,0.9847525,0.98348415,0.98320234,0.9839949,0.98244405,0.9878587,0.98359865,0.9870954,0.98237246,0.9821764,0.9847875,0.98416156,0.9800831,0.9843636,0.97922015,0.983156,0.98131216,0.9833089,0.98507744,0.983829,0.9831379,0.98433715,0.9821095,0.980115,0.9821868,0.9813313,0.9845784,0.9815299,0.98096585,0.98510695,0.970448,0.9707094,0.97787637
ipip144,0.98508406,0.99333197,0.9857337,0.9907617,0.98820454,0.9882915,0.98407197,0.9855398,0.9884102,0.99111056,0.98366344,0.9835981,0.98371243,0.9843236,0.98175865,0.98465466,0.9848293,0.9844842,0.98691344,0.98399043,0.9849772,0.98471314,0.9859479,0.9880572,0.9845072,0.987114,0.9860393,0.98497987,0.98309064,0.98380727,0.98571974,0.9847568,0.98181224,0.98518366,0.98326546,0.98416764,0.9827416,0.9805991,0.98419255,0.9836613,0.9822924,0.9848473,0.9892295,0.9789085,1.0000007,0.9891299,0.98851126,0.98280966,0.9861069,0.9828936,0.9843316,0.9773999,0.98506707,0.981906,0.98405564,0.98499906,0.9788617,0.9826195,0.9859802,0.9866423,0.98020256,0.9863543,0.9810664,0.9884092,0.9834703,0.98371404,0.98395926,0.98390794,0.98336315,0.9834496,0.98140085,0.9839413,0.98021436,0.98095334,0.98396266,0.96407855,0.9801381,0.9811262,0.98623073,0.98638904,0.98378515,0.9847944,0.98092246,0.98143494,0.98398477,0.9827908,0.9840679,0.9831118,0.9800414,0.98328567,0.9807756,0.9832081,0.9823727,0.9787388,0.98060143,0.9828264,0.98072374,0.9873651,0.9777323,0.9767141,0.9805375,0.9855828,0.980698,0.98222554,0.98399395,0.9783215,0.9837059,0.97822523,0.98435885,0.98146456,0.9828065,0.9794483,0.9849885,0.982612,0.9830085,0.98270863,0.9825208,0.9828065,0.9818864,0.9806997,0.9848898,0.9822154,0.9862531,0.98366886,0.9829285,0.982869,0.98524135,0.9831448,0.986622,0.9843323,0.98304176,0.9760038,0.9841548,0.9813547,0.9815319,0.9873525,0.98550886,0.98437035,0.9818065,0.9796665,0.9812691,0.98723197,0.9844931,0.986299,0.98408,0.98130405,0.98311687,0.9831682,0.98140734,0.98445535,0.9851282,0.98377097,0.97963756,0.9797049,0.98189306,0.9841141,0.9842532,0.9819518,0.97533953,0.9821757,0.9820281,0.9847371,0.9796444,0.98308617,0.9811227,0.9576873,0.98329705,0.98420745,0.98005486,0.9797553,0.98217076,0.98195505,0.97998697,0.9844954,0.98530996,0.9820752,0.98433226,0.9851538,0.98603857,0.9821233,0.98154855,0.9862838,0.9833713,0.9860816,0.9800587,0.9812792,0.9844114,0.9840238,0.98397404,0.9845827,0.9835476,0.983466,0.98363465,0.9861938,0.983299,0.9826712,0.98530364,0.9846413,0.98200965,0.98752964,0.9825771,0.9831058,0.9872839,0.98460263,0.9876481,0.9882252,0.9857188,0.9849799,0.9859607,0.9847648,0.98563075,0.9793923,0.9852424,0.9861289,0.9849741,0.9858512,0.9834009,0.97036505,0.9840535,0.9818052,0.9836796,0.9771838,0.98283637,0.9874637,0.97590774,0.9809627,0.9822518,0.98446655,0.9831604,0.98169434,0.9838932,0.98375803,0.9833714,0.9833927,0.9836084,0.9839028,0.9849455,0.97786653,0.9834279,0.9824226,0.9828807,0.9831792,0.9821202,0.9857416,0.98273486,0.9855395,0.98852956,0.9814564,0.9754762,0.98291343,0.98625654,0.986002,0.98189247,0.9858375,0.9836475,0.98457384,0.9856314,0.9859864,0.98432034,0.98610854,0.98368174,0.9861773,0.9837343,0.97892964,0.98415387,0.98376423,0.9834712,0.98355424,0.9847074,0.983202,0.9839961,0.98536855,0.98442644,0.9841344,0.98593014,0.9845497,0.98309565,0.98332924,0.9826159,0.98382676,0.9847875,0.98188394,0.9839501,0.98430556,0.981693,0.9838246,0.9761557,0.983231
ipip174,0.9927629,0.9902387,0.99163604,0.9880307,0.9928231,0.9881965,0.99262965,0.9879253,0.9931582,0.98779356,0.98622996,0.9902911,0.9878283,0.98537385,0.98331475,0.98831254,0.9899125,0.9872561,0.9916507,0.9877754,0.9908853,0.989923,0.99195653,0.9922181,0.9890355,0.993038,0.9865488,0.9902019,0.98763305,0.9881528,0.991021,0.9890016,0.98863286,0.9914696,0.9914734,0.9908332,0.9908929,0.99072766,0.98936784,0.99091685,0.9846147,0.99175316,0.99169844,0.98598117,0.9891299,0.9999995,0.99430907,0.986406,0.9929783,0.9868314,0.9896614,0.9708747,0.9902514,0.98353404,0.98364806,0.98893315,0.9793615,0.984233,0.98745704,0.99023545,0.98919964,0.99002653,0.9903828,0.99135655,0.98892397,0.986626,0.9915723,0.99137753,0.98942137,0.9864438,0.9910964,0.9909414,0.98151267,0.98725486,0.9865784,0.96201247,0.9841748,0.98720664,0.9889881,0.9903019,0.9884047,0.9921937,0.98465693,0.9898675,0.9904411,0.9908238,0.9903789,0.9830991,0.9813511,0.99034667,0.9872717,0.9925628,0.98868227,0.98321426,0.97975427,0.9859901,0.99100447,0.9899794,0.9791611,0.97686356,0.98678225,0.9913304,0.9886212,0.9880514,0.98978525,0.9775527,0.9905264,0.98394376,0.9894781,0.9910171,0.99153244,0.98736346,0.98855,0.9884472,0.9911648,0.98753434,0.9906016,0.9906497,0.9909643,0.9858411,0.9922306,0.9892074,0.9917997,0.99071634,0.9916877,0.98508626,0.98784906,0.98791045,0.9884083,0.9871762,0.9917203,0.9767929,0.986393,0.9812467,0.9898662,0.9910734,0.9893469,0.99007916,0.99076146,0.98971504,0.99173254,0.991155,0.98684853,0.9908865,0.99047965,0.9813621,0.9892601,0.9899813,0.9834932,0.9907794,0.9909424,0.9866958,0.98303723,0.9804596,0.9917225,0.9902704,0.9892892,0.98874617,0.9773102,0.99165064,0.98360354,0.9927033,0.9882063,0.986331,0.9911506,0.9572276,0.9913227,0.9887869,0.98931736,0.98676604,0.992585,0.9861106,0.9910942,0.9910179,0.9909764,0.99155354,0.9916687,0.99033266,0.9895465,0.9895587,0.98386973,0.9888533,0.98787415,0.98850304,0.9793253,0.98655504,0.99192226,0.991963,0.99169916,0.9857347,0.9908191,0.99133813,0.9920001,0.9915534,0.9917519,0.99247634,0.99272484,0.99386877,0.9854778,0.9915683,0.988736,0.9921255,0.9871574,0.99243677,0.9933624,0.9938956,0.9920705,0.9786427,0.9868331,0.9855224,0.9879144,0.98753846,0.99204004,0.9893728,0.9868646,0.9860891,0.9885387,0.9647627,0.9872961,0.9879285,0.9914117,0.9835573,0.9889569,0.9881956,0.9751893,0.98939866,0.9919466,0.9895729,0.9759162,0.98571193,0.98965806,0.99034715,0.9900235,0.989744,0.99132806,0.9872353,0.991471,0.98629445,0.9916056,0.9876603,0.9898938,0.98902625,0.9914202,0.9888552,0.98840517,0.9910284,0.9899469,0.9914701,0.9722271,0.988535,0.99183303,0.99222636,0.98371404,0.9916499,0.98727286,0.9902848,0.9899136,0.9917502,0.98813444,0.9918444,0.9916315,0.98685545,0.9872123,0.9808967,0.9861673,0.9890017,0.98853576,0.98974615,0.98961425,0.97986656,0.99240017,0.98713577,0.9886572,0.99160415,0.99044216,0.9897292,0.9893314,0.9908376,0.987395,0.9918485,0.98893714,0.9907642,0.98835796,0.988632,0.9881929,0.97716737,0.9708507,0.98441315
ipip204,0.9870484,0.9891124,0.98694754,0.98671883,0.9888698,0.98456275,0.98780364,0.9867537,0.99101746,0.98652864,0.98618627,0.98749495,0.9877131,0.98562026,0.9846013,0.9864959,0.98778576,0.9851296,0.9892839,0.98541707,0.98794156,0.98676455,0.98888505,0.9903809,0.9920851,0.99014467,0.9870687,0.98769456,0.98495954,0.98590034,0.9887063,0.98792994,0.98571837,0.99296814,0.9857302,0.9892846,0.9869164,0.98547894,0.98650026,0.99058366,0.9843391,0.9889028,0.99152416,0.9849671,0.98851126,0.99430907,1.0000001,0.9862236,0.9902856,0.985372,0.9879169,0.9741658,0.9880003,0.9837541,0.9848003,0.9883631,0.9785539,0.98301065,0.98524356,0.9887882,0.98416394,0.9889612,0.9867723,0.99013287,0.98774284,0.9864195,0.98770654,0.98785496,0.9885689,0.9862805,0.98554015,0.9880341,0.9803123,0.9849452,0.98737776,0.9654709,0.9859787,0.9853967,0.9880309,0.98797065,0.98660094,0.98939466,0.9851997,0.98538494,0.9879316,0.98622745,0.9871891,0.98404586,0.98220104,0.9869666,0.9849737,0.98794645,0.98542374,0.98289746,0.9805516,0.9882647,0.9856808,0.99009085,0.9800941,0.9799723,0.98470086,0.9880498,0.984832,0.985903,0.98795515,0.9806666,0.98684496,0.9842288,0.98967487,0.9858818,0.9868186,0.9828782,0.98785686,0.9858271,0.9879413,0.9869617,0.9865892,0.9871273,0.98524773,0.9865082,0.9888555,0.986068,0.98921156,0.9864435,0.9868146,0.98477376,0.9878771,0.98579663,0.98744875,0.9867296,0.98811716,0.98072076,0.9867672,0.98163193,0.98601264,0.9878563,0.98713666,0.98874754,0.9863232,0.9840213,0.9862179,0.98821276,0.98524684,0.98831934,0.98723966,0.98082674,0.9873429,0.98888046,0.98429203,0.9891157,0.98840016,0.98721534,0.986196,0.9826728,0.9858586,0.98814857,0.9887013,0.9875073,0.977219,0.98598707,0.98515177,0.9884958,0.9836123,0.9853146,0.98585135,0.96009696,0.9880644,0.99263674,0.9848859,0.9839028,0.98692715,0.98609287,0.9850006,0.98821867,0.9877063,0.9872018,0.98784256,0.98793465,0.9886041,0.98709005,0.9849849,0.9872684,0.98740715,0.98706675,0.9803352,0.98497754,0.9884262,0.9882252,0.9881306,0.9890391,0.9881973,0.9880485,0.9886358,0.9884104,0.98857933,0.98773056,0.98959786,0.9886985,0.9864199,0.9971178,0.9897102,0.9872874,0.9887349,0.98856866,0.9905501,0.99219227,0.98865557,0.981511,0.98775965,0.9858021,0.9864741,0.9838523,0.9883488,0.9888389,0.9870406,0.9866706,0.987565,0.9692423,0.9860039,0.9860804,0.9880481,0.98160094,0.98588604,0.98919165,0.9756259,0.98474973,0.9867943,0.9871075,0.97958606,0.9857216,0.9879934,0.9869184,0.98818344,0.98679274,0.9868052,0.98622966,0.9927603,0.9843806,0.98834,0.9868985,0.9877081,0.9869055,0.9871322,0.9911416,0.9874492,0.9904241,0.98982424,0.98649514,0.9730134,0.9871088,0.98983014,0.98977745,0.9858521,0.9894696,0.9870811,0.98860145,0.987319,0.9905813,0.9878578,0.9881374,0.98840696,0.9871489,0.98678315,0.9836146,0.98652065,0.9865144,0.98776364,0.98916197,0.98738223,0.98171335,0.9874048,0.9881223,0.98820627,0.9883295,0.9890727,0.9891825,0.98881954,0.99239165,0.9883332,0.98804563,0.98771644,0.9871724,0.9893965,0.98711723,0.9868426,0.9790146,0.97370565,0.98291373
ipip234,0.98597175,0.9852684,0.9868699,0.98221874,0.9849067,0.98332673,0.98572326,0.98367745,0.98644984,0.98193234,0.9826957,0.9861266,0.9813499,0.9811334,0.98764765,0.98377556,0.9842401,0.9806666,0.98459667,0.9833792,0.9852754,0.98639745,0.98639554,0.9866694,0.9865642,0.98435456,0.98274094,0.9846901,0.9816789,0.9828568,0.98573726,0.9845426,0.9815616,0.9868644,0.9861436,0.98505545,0.98474485,0.9841305,0.9837838,0.98432493,0.9784185,0.98650837,0.98397,0.9787364,0.98280966,0.986406,0.9862236,0.99999994,0.9851205,0.9806447,0.9833345,0.96601385,0.9831194,0.97966504,0.98215973,0.9813325,0.9734874,0.97988284,0.980359,0.98449033,0.9856731,0.98567814,0.98638535,0.9875006,0.9863397,0.98965037,0.98574364,0.98765767,0.9852752,0.98458624,0.98460627,0.9840558,0.9784108,0.9821148,0.9851212,0.96144074,0.9806065,0.9823851,0.9842935,0.9852153,0.9857326,0.98675716,0.9823166,0.98633796,0.9854831,0.98551893,0.9850408,0.980795,0.9810191,0.9863071,0.9825574,0.98576367,0.98548704,0.97875315,0.9772635,0.9786691,0.983971,0.9838027,0.97578216,0.97215635,0.9835737,0.9865517,0.98446596,0.982975,0.9847351,0.97369057,0.9840424,0.98015684,0.9862009,0.98590827,0.98641026,0.9817011,0.98364145,0.98335236,0.98618495,0.9812118,0.98447293,0.9853177,0.9842789,0.9829523,0.9865664,0.98284185,0.9857562,0.98398894,0.98485136,0.98149556,0.9829436,0.98347574,0.98335123,0.9815436,0.9852844,0.97730863,0.98046875,0.9786054,0.9843941,0.983312,0.983396,0.98466134,0.98474115,0.98331076,0.9840228,0.98542124,0.9854025,0.9851227,0.9853216,0.97791225,0.9835573,0.98592293,0.9767665,0.9847282,0.9855413,0.98257214,0.9800161,0.9822604,0.9854364,0.98249453,0.9826593,0.98098505,0.97404057,0.98510945,0.9781266,0.98450804,0.98074204,0.98254174,0.9844414,0.9522385,0.98535097,0.986506,0.9812072,0.97970873,0.9849528,0.9796777,0.9839066,0.98481816,0.98499334,0.9853901,0.9866033,0.9844978,0.9862865,0.9828611,0.97976106,0.98427725,0.98294294,0.98410195,0.9790187,0.9816057,0.9853887,0.98491895,0.9848779,0.9815756,0.9844629,0.9849594,0.9855398,0.985371,0.98526496,0.9859712,0.9854812,0.9849972,0.97986555,0.9842182,0.9833753,0.9847964,0.9814038,0.98495466,0.98510903,0.98449147,0.9852243,0.9766594,0.98231083,0.97932017,0.9825102,0.98263067,0.9852917,0.9853457,0.98360693,0.98219174,0.98456275,0.966632,0.9838755,0.98294216,0.9857775,0.9763458,0.9849805,0.9866815,0.97214866,0.9822871,0.98489976,0.9846886,0.9733517,0.9816309,0.9841286,0.98477346,0.9889107,0.9902308,0.9860586,0.98298407,0.9868453,0.9789564,0.98453164,0.98157644,0.98229617,0.9836862,0.98455834,0.9842112,0.9838184,0.9866976,0.9837326,0.9851471,0.9682456,0.9814929,0.98566216,0.98620206,0.9795922,0.985912,0.9827138,0.9842549,0.9849404,0.9866842,0.9817408,0.9859275,0.98519534,0.98193234,0.98294723,0.97573316,0.9819199,0.9831574,0.9838139,0.9873075,0.9838278,0.9775139,0.9861472,0.9823117,0.984055,0.986045,0.9841842,0.98767215,0.9853746,0.9878714,0.98815733,0.98674494,0.98542374,0.98580897,0.986014,0.9850679,0.9851436,0.9756111,0.96835434,0.9796632
ipip264,0.99103206,0.98728776,0.98944324,0.98517704,0.98988515,0.9833846,0.9913028,0.9876802,0.9917586,0.9848351,0.9870445,0.990061,0.98868525,0.98733425,0.9825512,0.98939407,0.9894219,0.9879015,0.99134785,0.98960775,0.99033296,0.9890294,0.9905451,0.9906033,0.9881161,0.99121696,0.98560494,0.98932886,0.9873711,0.9865589,0.9896876,0.98839265,0.98660433,0.9906222,0.9914079,0.9900507,0.9911175,0.9908394,0.9890248,0.9902348,0.98365325,0.99165934,0.9895702,0.9884633,0.9861069,0.9929783,0.9902856,0.9851205,1.0000008,0.98606414,0.9878301,0.9695489,0.98972046,0.98587155,0.9828413,0.9877236,0.97729224,0.98348784,0.98532534,0.9887868,0.9884494,0.9897942,0.9899509,0.9896999,0.9875143,0.9847782,0.9904944,0.98883677,0.9878829,0.98550767,0.98976713,0.98916113,0.98029363,0.9871363,0.9870636,0.9637719,0.9848162,0.9876091,0.98812705,0.9892568,0.9875636,0.99228007,0.98558444,0.9900496,0.9900319,0.99098974,0.991496,0.9845332,0.9811522,0.99042207,0.9867104,0.9908008,0.98862535,0.9838675,0.97920746,0.98436975,0.99009514,0.98754746,0.9792304,0.97680724,0.98634535,0.9903508,0.98764294,0.9861185,0.99049413,0.97433424,0.99079126,0.9823561,0.9887091,0.9902557,0.9919208,0.9867358,0.9893116,0.9875579,0.99106264,0.9870005,0.9905648,0.9905814,0.9898684,0.98564714,0.9912729,0.9881852,0.9894762,0.989432,0.9915658,0.98324084,0.9867216,0.9890002,0.9857861,0.98703647,0.9905283,0.97621495,0.9860296,0.9832275,0.9896024,0.98928297,0.98726827,0.98890245,0.9906895,0.9888755,0.989416,0.9902762,0.98757154,0.99064475,0.9887933,0.9811484,0.988303,0.9877502,0.9824802,0.99042225,0.9899243,0.9859778,0.9828477,0.9794774,0.9902546,0.98735124,0.98715025,0.9881886,0.97808236,0.9900811,0.98393446,0.99258554,0.98813826,0.98520637,0.9905117,0.95838463,0.99081624,0.9873182,0.98944277,0.9869492,0.99046093,0.98460126,0.99026865,0.9908792,0.98900574,0.991188,0.9909342,0.98905534,0.9879184,0.987431,0.9834978,0.987671,0.9852436,0.98728025,0.97875124,0.98559874,0.99003476,0.9900988,0.9896672,0.98490185,0.99042916,0.9901369,0.99055696,0.9894943,0.990842,0.9920235,0.9908303,0.9919956,0.9841067,0.98893285,0.98848647,0.9898484,0.9848611,0.99107766,0.99045753,0.99036115,0.9905695,0.9771495,0.9847633,0.98457533,0.9868104,0.98788756,0.98958784,0.98817,0.98607236,0.9853904,0.9876158,0.96451455,0.98807395,0.9886906,0.9902125,0.98346484,0.989596,0.9885781,0.97563803,0.9893057,0.9901167,0.9892108,0.973644,0.98408574,0.9884744,0.98895854,0.98881274,0.9876254,0.99168766,0.9861096,0.9904605,0.98699504,0.9904315,0.98547566,0.9916498,0.98853964,0.9908462,0.9868139,0.9868683,0.989876,0.9873445,0.9900558,0.97158074,0.9885581,0.99032855,0.9906612,0.9836664,0.9902357,0.9872301,0.9900919,0.98883003,0.9911173,0.9877336,0.9896295,0.99041045,0.9852284,0.9878944,0.9804564,0.98427397,0.9894594,0.98748136,0.9873929,0.9878576,0.97962207,0.99119323,0.9846212,0.9890126,0.9907295,0.9891142,0.98848605,0.9882413,0.9904012,0.9858325,0.98991483,0.98710084,0.9910402,0.9868898,0.9867178,0.9884195,0.9738063,0.9696982,0.98230606
ipip294,0.9838127,0.98319656,0.9835894,0.9815823,0.98291916,0.9808575,0.98442477,0.98359305,0.98645544,0.9819332,0.9828864,0.9868592,0.98663986,0.9871,0.9819051,0.9859037,0.98848855,0.98518586,0.98849326,0.9867736,0.990717,0.984841,0.9846459,0.98536664,0.98376757,0.9872068,0.9844164,0.9902175,0.9880696,0.9863093,0.98678076,0.98512274,0.9824987,0.9863154,0.9840229,0.98399264,0.9859973,0.9831491,0.9868238,0.9861561,0.99010956,0.9858864,0.9868929,0.9836926,0.9828936,0.9868314,0.985372,0.9806447,0.98606414,1.0000001,0.9824345,0.9699006,0.984779,0.9823408,0.98012424,0.98392266,0.9761789,0.98261666,0.9838633,0.98525697,0.9832462,0.9854115,0.984349,0.9853678,0.9841398,0.9838486,0.98525286,0.98383635,0.9832273,0.9833651,0.9830522,0.98516446,0.9819087,0.98269236,0.98659104,0.96598685,0.9850799,0.98606527,0.9855356,0.98530775,0.98418134,0.98718405,0.9827045,0.9846,0.98699343,0.98571146,0.98664784,0.9852481,0.9829735,0.9849405,0.9867439,0.9851831,0.98782885,0.9827435,0.9793688,0.9833453,0.9825468,0.9844955,0.9804691,0.9783498,0.9854309,0.98590285,0.9853096,0.9865544,0.9876148,0.9777237,0.9860763,0.98028374,0.9850014,0.9849499,0.9851381,0.98283976,0.9871702,0.98624265,0.98799103,0.98523825,0.9864601,0.9863335,0.9857746,0.9860602,0.9887366,0.9859044,0.98690295,0.9858527,0.9866123,0.9843028,0.9845779,0.98557323,0.9827865,0.98792464,0.9843402,0.9769823,0.98544526,0.98355573,0.98321027,0.9861849,0.98640543,0.98498815,0.9851466,0.9825447,0.98525727,0.98748344,0.9860253,0.9863774,0.98925966,0.98315936,0.9869674,0.9833822,0.98374677,0.9872907,0.98532027,0.98560095,0.98235893,0.9817478,0.98492086,0.9852616,0.98502296,0.9834665,0.98052865,0.9845804,0.98416877,0.98623204,0.985288,0.9812529,0.98420715,0.95964473,0.9845127,0.9837249,0.983759,0.9843304,0.98298293,0.98488176,0.9834828,0.9868436,0.9846917,0.9851032,0.98468494,0.983484,0.9831716,0.98485655,0.984862,0.98595625,0.98443013,0.98589957,0.97789073,0.9839771,0.98623276,0.986118,0.9861545,0.983928,0.9867461,0.9851065,0.9862818,0.985441,0.9874741,0.9840304,0.9856862,0.9851982,0.98234385,0.9845523,0.98338354,0.98395044,0.9834444,0.9859917,0.9867548,0.98539615,0.9856154,0.9778885,0.98323625,0.985673,0.9847522,0.98270035,0.9847536,0.98557043,0.98423475,0.98612106,0.9843237,0.96717894,0.9856733,0.9855601,0.98417985,0.9799055,0.985448,0.9870503,0.97557056,0.98409134,0.98433745,0.98700213,0.97569674,0.98540044,0.9850622,0.9864861,0.9840975,0.98294884,0.9853429,0.98468196,0.9848601,0.9815246,0.98451877,0.98455167,0.9863806,0.9854919,0.9851919,0.9838523,0.9859625,0.98529196,0.98227227,0.9824196,0.97125167,0.9832141,0.9852664,0.9843618,0.98232263,0.9850613,0.9840354,0.9858631,0.9859891,0.9847288,0.9853534,0.9862977,0.98574305,0.9847296,0.98424906,0.9783527,0.98294425,0.98398906,0.9842561,0.98185134,0.98541504,0.9798269,0.9846353,0.9825099,0.986998,0.985,0.9857933,0.98404795,0.98302394,0.98352224,0.98349875,0.9838413,0.98253113,0.9841358,0.98259,0.9810982,0.98403335,0.9721191,0.9687546,0.9784113
ipip29,0.98805106,0.9879484,0.98732466,0.9861643,0.9893545,0.98395836,0.98939997,0.98769987,0.99072933,0.9860423,0.98563087,0.98805016,0.9853647,0.9826025,0.98138136,0.9858101,0.98690546,0.98681027,0.98822665,0.98719925,0.9875817,0.9873558,0.9895423,0.9905347,0.9855115,0.98923063,0.98921824,0.98718727,0.98541033,0.98387593,0.9874995,0.9892183,0.98598003,0.98870915,0.9872716,0.98850733,0.98795706,0.98671764,0.98660576,0.9889084,0.9847978,0.9890398,0.9876657,0.98252183,0.9843316,0.9896614,0.9879169,0.9833345,0.9878301,0.9824345,0.9999996,0.98093915,0.98853046,0.98688954,0.9836483,0.9899831,0.9780548,0.9843693,0.98665327,0.9889611,0.98351717,0.984745,0.9860939,0.98560786,0.9846056,0.9823781,0.98836035,0.9874931,0.9858076,0.9853249,0.9861272,0.98826516,0.97785676,0.984513,0.9834968,0.962424,0.98300004,0.9851268,0.9881699,0.98828995,0.9862031,0.98765385,0.9839499,0.98545927,0.9886288,0.9861489,0.987274,0.98119336,0.9791469,0.9882496,0.9845036,0.98730063,0.98482835,0.981918,0.9755069,0.9807919,0.98545766,0.9871854,0.97599405,0.9748617,0.9836473,0.9863981,0.9832327,0.9839729,0.9859975,0.97819656,0.98724735,0.98111576,0.98736537,0.98697436,0.98740345,0.98193985,0.98757327,0.9851845,0.9869721,0.9859262,0.9866628,0.98636836,0.9853724,0.98350644,0.98819256,0.98636067,0.9892148,0.9869544,0.98906237,0.9821715,0.98771954,0.98791033,0.985725,0.98502284,0.9880188,0.97624415,0.985445,0.98023945,0.9879767,0.9887737,0.9865469,0.98930466,0.98827815,0.98600674,0.9851912,0.98783815,0.9832857,0.9884625,0.98525393,0.98117703,0.9852624,0.9855855,0.9834546,0.98736364,0.9869147,0.9842155,0.9801315,0.97800976,0.9866578,0.9861499,0.9857158,0.98773676,0.9758683,0.9871511,0.9839455,0.9891828,0.98428154,0.98365134,0.98698217,0.96192974,0.98956025,0.9856356,0.9871869,0.98427963,0.9879495,0.98461276,0.9867045,0.98864126,0.98704135,0.9879234,0.9884342,0.9888444,0.98667735,0.98700523,0.98413,0.9860798,0.9848607,0.98599,0.97813094,0.9846314,0.9885328,0.9889449,0.98859036,0.98478156,0.988431,0.9880115,0.9881745,0.9874637,0.9867148,0.9884542,0.98941755,0.9898811,0.9857062,0.988403,0.98748255,0.98892975,0.9862947,0.9891779,0.9897353,0.9890471,0.9891745,0.97804224,0.9867606,0.98528916,0.9870486,0.9851518,0.9874505,0.9883945,0.9874558,0.98522455,0.98458576,0.9653016,0.9840487,0.98516965,0.98802274,0.98240626,0.98781997,0.9866426,0.97437495,0.9868109,0.9883762,0.9877348,0.9769484,0.9832008,0.9888028,0.9870886,0.9864524,0.9864782,0.9882477,0.98543453,0.98883265,0.9849508,0.9887908,0.9855616,0.98829585,0.986752,0.9880627,0.9859255,0.9865987,0.98792773,0.98853254,0.98731023,0.9727608,0.9883968,0.98891264,0.9893748,0.9846782,0.9892971,0.98766273,0.9888195,0.9889293,0.9909492,0.985368,0.98775995,0.98879117,0.98536897,0.98701555,0.98147196,0.9868255,0.9876566,0.9868788,0.9863297,0.98544014,0.9786869,0.9889355,0.98682547,0.986057,0.9889331,0.9886411,0.98771197,0.9873198,0.9868447,0.98366666,0.9863799,0.98675084,0.9887536,0.98722416,0.98595965,0.9868011,0.975911,0.97285897,0.9828274
ipip59,0.9630472,0.97748965,0.96802264,0.9756493,0.96951956,0.97159547,0.9667641,0.9758193,0.97362345,0.9769947,0.9727316,0.96521413,0.9726519,0.9733152,0.96908164,0.97110605,0.97106093,0.9736931,0.97130656,0.97234374,0.97125447,0.96888506,0.96992934,0.97315145,0.9700455,0.9741304,0.980381,0.9723417,0.97106713,0.96906227,0.9678104,0.9743452,0.9701057,0.968659,0.96221435,0.9694464,0.968865,0.9623481,0.96929646,0.96943283,0.9771821,0.9715119,0.9736335,0.96959466,0.9773999,0.9708747,0.9741658,0.96601385,0.9695489,0.9699006,0.98093915,1.0000001,0.97157437,0.980056,0.9731513,0.979244,0.9678826,0.9749517,0.97819984,0.9762421,0.95723486,0.96937346,0.96174484,0.9679248,0.9641869,0.96902764,0.9682616,0.96609944,0.96578604,0.97241193,0.9587449,0.967835,0.96863043,0.96610415,0.9690307,0.9660114,0.97078925,0.9675946,0.97448045,0.97031116,0.9651308,0.96628875,0.96906835,0.9599065,0.9676004,0.96298623,0.9672826,0.9741752,0.9700373,0.9674313,0.9660525,0.9630843,0.9657891,0.9682453,0.97010726,0.9740811,0.95857084,0.97407794,0.96829504,0.97169775,0.96782684,0.96398103,0.9620196,0.9660158,0.9654678,0.9732496,0.96805334,0.9645869,0.9700443,0.9624312,0.9638807,0.96065944,0.9710215,0.9706223,0.9665691,0.96985126,0.9666257,0.9647647,0.96201646,0.97022307,0.9673986,0.9698282,0.9727738,0.9654621,0.9688867,0.968508,0.9779315,0.971366,0.97044593,0.97235453,0.9652409,0.96730727,0.9728916,0.97179747,0.96635497,0.9707663,0.9698471,0.9733715,0.96512103,0.9587525,0.95778745,0.96890515,0.97088516,0.9691182,0.9654226,0.9735495,0.96495813,0.965816,0.9773723,0.9697511,0.9661433,0.9682861,0.968913,0.967309,0.96049833,0.9691291,0.96906984,0.9694787,0.9684333,0.9624294,0.97472644,0.9676579,0.96318674,0.96882087,0.9608627,0.95781565,0.9697757,0.968519,0.96472394,0.9695966,0.9625613,0.9750994,0.96166855,0.9674909,0.96677977,0.96674055,0.9696054,0.9746756,0.9744062,0.9711801,0.97376424,0.9738132,0.972975,0.97302955,0.9762275,0.9698195,0.9694644,0.9692463,0.9695331,0.97577643,0.9689447,0.9680753,0.9687643,0.9678216,0.9648988,0.96544063,0.97063196,0.9675552,0.975297,0.9780293,0.9708335,0.9662068,0.97860736,0.9703433,0.97217834,0.97281647,0.96792614,0.9756735,0.9761741,0.9789401,0.97301936,0.96393394,0.9668806,0.9729516,0.97526526,0.97397923,0.9704873,0.9677123,0.9711556,0.9658039,0.9656067,0.967553,0.9699386,0.97127765,0.96969956,0.96379876,0.9650693,0.9712998,0.976307,0.9693559,0.972849,0.969229,0.96396023,0.96486014,0.9663201,0.9738803,0.96689993,0.9675814,0.9685508,0.9717672,0.96835,0.9712425,0.9665354,0.96998227,0.9736925,0.97063375,0.97246236,0.9603528,0.97580695,0.97131836,0.96883166,0.968824,0.97463304,0.9692861,0.97331256,0.9719919,0.9743615,0.97119063,0.97283125,0.9665207,0.968647,0.9743929,0.97400826,0.9760726,0.9791537,0.97086644,0.9708068,0.96674013,0.9675048,0.9741746,0.9658601,0.9757243,0.96804345,0.96935624,0.9698172,0.96952546,0.97132385,0.96364546,0.96578455,0.9657016,0.9681448,0.96567637,0.971127,0.96712095,0.9703443,0.97002184,0.97570336,0.971651
ipip89,0.99114406,0.98860186,0.9886379,0.9875392,0.99094474,0.98451626,0.99178994,0.988719,0.9913333,0.98764616,0.98728895,0.9897203,0.98898107,0.9864955,0.9822717,0.98913735,0.98915493,0.9847715,0.9903764,0.9899209,0.9891997,0.98874485,0.990515,0.99005497,0.9854378,0.9900949,0.98682725,0.988173,0.98580706,0.98718214,0.9884251,0.9904088,0.98642385,0.98914236,0.9901774,0.98965424,0.98860663,0.9882873,0.9874894,0.98887247,0.98631257,0.9906053,0.9882215,0.9841443,0.98506707,0.9902514,0.9880003,0.9831194,0.98972046,0.984779,0.98853046,0.97157437,0.9999992,0.9845142,0.9838657,0.9885622,0.98020035,0.9820051,0.98753965,0.9893952,0.98674464,0.9877989,0.9891414,0.9856961,0.98462576,0.9841056,0.98999596,0.9881117,0.9869183,0.98572874,0.989504,0.9888328,0.98137236,0.98981565,0.98654985,0.9638327,0.98257285,0.9857765,0.988138,0.98914844,0.9870255,0.9906917,0.9850811,0.9861089,0.98826325,0.98974204,0.9891587,0.98392826,0.98145026,0.98821723,0.9859151,0.99012136,0.98940057,0.9832585,0.9792418,0.98485583,0.98986936,0.98822606,0.9800775,0.97748566,0.98577446,0.98871934,0.9866706,0.9850057,0.9877528,0.97680426,0.9886987,0.982668,0.9894606,0.99092364,0.99132496,0.98527247,0.9888512,0.9877771,0.99016184,0.9862917,0.9892885,0.98814476,0.98832166,0.98614657,0.9909141,0.98732555,0.9900419,0.98907137,0.99000984,0.98241353,0.9878303,0.99051744,0.9861409,0.98714083,0.99084705,0.9746217,0.9876862,0.9822132,0.99010676,0.99061227,0.9877111,0.99105936,0.9911911,0.98822725,0.98808306,0.9894337,0.9860885,0.9908572,0.9881892,0.98301715,0.98596394,0.9862217,0.98350304,0.989135,0.98853153,0.98487145,0.9808224,0.9805896,0.9889215,0.9873758,0.98700297,0.9883271,0.97992384,0.988956,0.985313,0.991937,0.9860511,0.98602843,0.99004555,0.9625151,0.9910842,0.98526657,0.98667425,0.98530966,0.9898189,0.98346204,0.98778194,0.98748976,0.98791015,0.99064195,0.9890915,0.98819584,0.986191,0.987128,0.9823354,0.98708194,0.98522145,0.98777145,0.97931594,0.9878804,0.9895238,0.9896123,0.98926985,0.9833947,0.9888689,0.9895677,0.9898539,0.98849285,0.98897165,0.9905938,0.9893801,0.9903933,0.98269755,0.98772496,0.9887494,0.98866284,0.9863129,0.98972356,0.9894639,0.987776,0.98972744,0.97552717,0.9866529,0.983489,0.98747295,0.98476374,0.9885792,0.98976934,0.9871559,0.9839829,0.9866875,0.9615939,0.9857357,0.9861316,0.9887203,0.9837559,0.98898506,0.9877124,0.97785926,0.9885547,0.98973095,0.98916036,0.97413474,0.9830099,0.9889397,0.9907719,0.989654,0.98633575,0.9912152,0.9879077,0.9885642,0.98597497,0.9887357,0.9855599,0.98764515,0.9871895,0.989538,0.98589605,0.9872582,0.9893879,0.98934066,0.98923975,0.97466433,0.98835194,0.9899029,0.99015236,0.98468184,0.98984414,0.98806435,0.9889184,0.98815215,0.990907,0.98707813,0.98792017,0.990061,0.9859363,0.9874704,0.9818092,0.9860876,0.9940799,0.9878163,0.9869012,0.98747736,0.9822059,0.9916594,0.9873147,0.9876751,0.9910462,0.9887038,0.9896487,0.9895518,0.9880643,0.9854879,0.98797464,0.9881426,0.9916611,0.9885415,0.9880591,0.9900129,0.97884214,0.9740612,0.98658264
ipip119,0.98352504,0.98575133,0.98298913,0.98205763,0.9830746,0.9796883,0.98537385,0.9876007,0.9887312,0.9832717,0.98373055,0.9822874,0.98441756,0.9874618,0.9784309,0.98462,0.9861109,0.9844233,0.9872617,0.9899269,0.98633444,0.9843501,0.9849044,0.9877924,0.9816921,0.98775816,0.98767203,0.98764956,0.98539466,0.9847389,0.9841518,0.98763394,0.9815452,0.9851113,0.9837448,0.98455954,0.98632026,0.98282915,0.9859113,0.9869286,0.9850997,0.9857471,0.984264,0.98246175,0.981906,0.98353404,0.9837541,0.97966504,0.98587155,0.9823408,0.98688954,0.980056,0.9845142,1.0000006,0.98434865,0.9883556,0.9749981,0.983073,0.98410594,0.9874945,0.97885555,0.9821128,0.9819883,0.98070544,0.9801702,0.97991055,0.98576653,0.98351914,0.98194957,0.9844147,0.98053235,0.98254156,0.9782761,0.98220557,0.98308426,0.9669666,0.9838309,0.98405814,0.9860766,0.9846974,0.98076195,0.9847785,0.9815689,0.97973454,0.98488045,0.9835747,0.98632747,0.9870184,0.9797426,0.9836582,0.98037535,0.9824561,0.98301166,0.9815856,0.9771428,0.98023367,0.9792627,0.98361176,0.977554,0.9766509,0.9830218,0.98145384,0.9806458,0.9811155,0.9841412,0.9780267,0.9858893,0.9772195,0.9856098,0.98239416,0.98447645,0.9775539,0.9840463,0.9845811,0.98521614,0.98305184,0.98519385,0.98413795,0.9822572,0.9842705,0.98534596,0.98365456,0.9855114,0.9832962,0.98586774,0.9819483,0.98854136,0.9874241,0.98241735,0.98716784,0.98371774,0.9763039,0.9831434,0.9837498,0.9840918,0.9838297,0.9830241,0.9868676,0.9849208,0.9803069,0.9793804,0.98527616,0.9845445,0.9861223,0.98290735,0.98257667,0.9819636,0.9818624,0.98246056,0.98553634,0.98311174,0.9816193,0.9813571,0.97782296,0.9814412,0.9822538,0.982335,0.9840882,0.9789937,0.9830896,0.98299915,0.9850702,0.9810453,0.980268,0.98264533,0.9628925,0.98615223,0.98290026,0.9834584,0.9833716,0.98181355,0.98177725,0.9819041,0.9850628,0.9830596,0.9844046,0.9864956,0.9866939,0.9864415,0.98597413,0.9858165,0.98589706,0.98260415,0.9859147,0.9815556,0.9818141,0.9865842,0.9867616,0.9863276,0.9858156,0.9873013,0.98550606,0.98592395,0.9839765,0.9833812,0.9840259,0.98636115,0.98556477,0.9846188,0.98618495,0.9867828,0.9838835,0.9853805,0.9859394,0.98371714,0.9827286,0.98526603,0.9804661,0.98588705,0.9843905,0.98423016,0.9823071,0.98264533,0.9844486,0.986088,0.9812028,0.98547,0.9701291,0.98609525,0.9849892,0.9829739,0.98187715,0.9864931,0.9846248,0.97513074,0.98299664,0.9849042,0.98787117,0.97883654,0.9812933,0.98768866,0.98347056,0.98174703,0.97995913,0.98446625,0.98402476,0.9834004,0.98217034,0.98450315,0.983199,0.9866243,0.98481286,0.9850767,0.9826838,0.98619473,0.9860139,0.98151344,0.98087895,0.97496974,0.98383576,0.98485714,0.9848564,0.98429626,0.98553413,0.98576003,0.9881409,0.9911485,0.98513436,0.983829,0.9823622,0.9857636,0.98543435,0.98656213,0.98447126,0.98651737,0.98441803,0.9827909,0.981333,0.98182726,0.97800314,0.9849342,0.98372954,0.9841725,0.9862638,0.98405766,0.9838216,0.9836314,0.9819453,0.9806961,0.9823565,0.98102003,0.9843034,0.98396677,0.9801438,0.98617053,0.9725267,0.9730246,0.97876537
ipip149,0.9830559,0.9861768,0.98346996,0.9820555,0.9825538,0.9803964,0.98488134,0.98360664,0.9888569,0.98282534,0.9828399,0.9825403,0.982104,0.9844054,0.98095614,0.9809596,0.9828472,0.98454607,0.9847415,0.9852484,0.9837072,0.982622,0.98598796,0.98855186,0.9828251,0.98598796,0.98944634,0.9844891,0.98313665,0.9859923,0.9846992,0.9861797,0.98312247,0.98285663,0.983046,0.9834984,0.98287207,0.98206073,0.9829348,0.98248035,0.9835223,0.98883784,0.98527455,0.9798221,0.98405564,0.98364806,0.9848003,0.98215973,0.9828413,0.98012424,0.9836483,0.9731513,0.9838657,0.98434865,0.9999996,0.98517275,0.9732261,0.9843104,0.98157126,0.9874142,0.9786961,0.9809531,0.98061335,0.98317343,0.97989947,0.9819746,0.98277116,0.9862652,0.9842528,0.98628896,0.9806041,0.98279506,0.9789673,0.9797635,0.9815068,0.9647211,0.9807306,0.9812588,0.99145794,0.9896988,0.9824602,0.9828606,0.9789181,0.9798981,0.98242986,0.9808192,0.98172194,0.98297346,0.9806387,0.98328745,0.97942674,0.9815685,0.9805477,0.97722405,0.97656333,0.9787664,0.97993994,0.9889929,0.97462887,0.97625613,0.97921276,0.98365015,0.98050433,0.9803964,0.981199,0.97773254,0.983475,0.97874624,0.98463964,0.98157245,0.9825905,0.9777735,0.9831667,0.9824472,0.9814269,0.9822824,0.98171306,0.982079,0.9817439,0.9803287,0.9833211,0.98037857,0.9855169,0.9836387,0.98210645,0.9828788,0.9851845,0.9856429,0.9952254,0.98421687,0.9831916,0.9782468,0.9831698,0.9820996,0.98188436,0.98568124,0.9867394,0.9878248,0.98298216,0.97948664,0.97928447,0.9844358,0.9846483,0.98458844,0.98235923,0.98053026,0.98146564,0.9838772,0.9853901,0.983069,0.984946,0.98333377,0.9794079,0.97837853,0.97990865,0.983028,0.9834149,0.9822174,0.9752084,0.9809695,0.9814074,0.9840697,0.97992384,0.9834721,0.9809462,0.95845103,0.984463,0.98362786,0.9800743,0.9777745,0.9816986,0.98067504,0.978695,0.98484594,0.9881885,0.9842046,0.98355514,0.98201877,0.9850388,0.98085207,0.9816772,0.9895534,0.98207325,0.988815,0.9832082,0.97966176,0.982712,0.9829172,0.98239326,0.98375523,0.98295295,0.98432636,0.98395514,0.98834884,0.98175913,0.983675,0.9832339,0.9836029,0.98112494,0.9857484,0.98132247,0.98183817,0.9822243,0.9838245,0.9844422,0.98521644,0.98456115,0.97918373,0.9857466,0.98395026,0.9856272,0.9791873,0.9871534,0.985777,0.99047554,0.98141193,0.98188984,0.9692452,0.9820623,0.9804446,0.9834488,0.9771001,0.9820115,0.984756,0.9746176,0.9820231,0.9810864,0.9832545,0.978018,0.9823821,0.982907,0.98189414,0.9829795,0.98160225,0.9805495,0.98202896,0.98239595,0.9782738,0.98344684,0.98300135,0.9824846,0.98285687,0.98302263,0.9877361,0.98401046,0.9852896,0.98286253,0.98151773,0.97376454,0.9815136,0.98841363,0.9882216,0.9852495,0.9879871,0.98664516,0.9822387,0.98610246,0.9861973,0.9821694,0.9832238,0.9847539,0.9891496,0.98438567,0.97792065,0.98738533,0.9832728,0.98398834,0.98725444,0.9837858,0.98123795,0.98413306,0.98744345,0.9840755,0.98567396,0.9852393,0.9842419,0.98409724,0.9820947,0.98273087,0.9838939,0.9936943,0.9851874,0.98440427,0.99338555,0.9846111,0.9763524,0.969225,0.9765937
ipip179,0.98552984,0.9880452,0.98585516,0.9876329,0.98759145,0.9828284,0.9887424,0.9897975,0.990822,0.9886636,0.98629,0.98600084,0.98907477,0.98558253,0.9824232,0.9871594,0.9876797,0.98516214,0.98825824,0.98784894,0.9879199,0.9853968,0.9879253,0.98826724,0.9852924,0.9895559,0.98962945,0.9889756,0.9860663,0.98573554,0.9883177,0.9907359,0.98817056,0.9892907,0.9847624,0.9886676,0.9882265,0.9851055,0.9862823,0.9880464,0.9886766,0.9905733,0.988851,0.9866835,0.98499906,0.98893315,0.9883631,0.9813325,0.9877236,0.98392266,0.9899831,0.979244,0.9885622,0.9883556,0.98517275,1.0000001,0.9780393,0.98656046,0.9881324,0.99263054,0.9800883,0.9842213,0.98473847,0.984289,0.9839612,0.98291737,0.9875352,0.98661244,0.98493874,0.986404,0.9842128,0.9886822,0.9804799,0.9860749,0.98455054,0.9702255,0.9846325,0.9855272,0.9903018,0.9878092,0.9839714,0.9876358,0.98311245,0.9823481,0.9867964,0.9854021,0.98721725,0.98529726,0.9808069,0.98589855,0.9834351,0.9850916,0.98531085,0.9823982,0.9769172,0.98450327,0.9829504,0.9885546,0.9791739,0.98088366,0.9848762,0.9850472,0.98294586,0.9824887,0.98491466,0.98292917,0.9869277,0.98133665,0.9884446,0.98568887,0.9872991,0.98162943,0.9875281,0.9869556,0.9881889,0.9877374,0.98733914,0.9860995,0.9839695,0.9877075,0.98849654,0.98832273,0.99020875,0.98575675,0.98717815,0.985719,0.9920024,0.98966485,0.9862872,0.98787785,0.9876666,0.9792256,0.98646784,0.9806772,0.9873303,0.9888729,0.98670363,0.9919411,0.98812544,0.9831324,0.9820646,0.98762953,0.98552305,0.9873836,0.98491454,0.98280275,0.98533887,0.9852098,0.9887394,0.9880374,0.98612076,0.9844408,0.9821218,0.978363,0.98481345,0.9883292,0.98783135,0.98926497,0.9797843,0.986219,0.9868156,0.9893033,0.9846784,0.9848594,0.98468715,0.96691906,0.99074167,0.9854632,0.9850567,0.985233,0.9849249,0.9853885,0.98389316,0.985943,0.98734194,0.9896616,0.98770154,0.9874518,0.9884662,0.9890846,0.98510045,0.9888797,0.98665434,0.98848224,0.98186594,0.98662263,0.9899081,0.989962,0.98971605,0.98892003,0.98847187,0.98952,0.99015355,0.9878828,0.98701525,0.98809713,0.9903578,0.9885263,0.9877523,0.9906672,0.989865,0.9865034,0.98854107,0.99058706,0.98887116,0.98656577,0.98887795,0.9816402,0.9901783,0.98803145,0.9888395,0.98364615,0.9868147,0.9884407,0.9897462,0.9833449,0.98812807,0.9716161,0.9861433,0.9856951,0.98706603,0.9857079,0.99002784,0.98665476,0.9774983,0.9860629,0.9877678,0.9879436,0.9818931,0.98449564,0.9893371,0.9869346,0.9846906,0.98328704,0.9874184,0.98717564,0.98649955,0.98594415,0.98932797,0.98762023,0.9876151,0.9861892,0.9897317,0.9863945,0.9899313,0.9887137,0.98626405,0.9846295,0.9775347,0.98646194,0.98947597,0.9893582,0.9886917,0.98929816,0.9891317,0.9888772,0.9886589,0.98832595,0.98602647,0.9853264,0.990514,0.9885705,0.9904614,0.98763275,0.9907102,0.9900459,0.9879559,0.98497784,0.98737997,0.9844775,0.9884404,0.990174,0.9864355,0.9906201,0.988772,0.98837394,0.9891233,0.9848905,0.9832187,0.9859791,0.9865832,0.9891375,0.9886902,0.9859207,0.9904829,0.97789854,0.9776351,0.98463506
ipip209,0.9765555,0.98087436,0.9788033,0.98168343,0.98456013,0.97922766,0.9767141,0.97946095,0.978833,0.98227906,0.9781992,0.97778815,0.9786332,0.9780858,0.9743418,0.9779163,0.97742134,0.97496223,0.97846234,0.9763195,0.9770687,0.97706753,0.97830963,0.97715473,0.97806644,0.98030925,0.9767393,0.97572917,0.97741556,0.9774422,0.9751515,0.9772106,0.976002,0.9785743,0.974009,0.9814532,0.97683084,0.9734627,0.9776327,0.979595,0.97704774,0.97717476,0.97804475,0.97531176,0.9788617,0.9793615,0.9785539,0.9734874,0.97729224,0.9761789,0.9780548,0.9678826,0.98020035,0.9749981,0.9732261,0.9780393,1.0000002,0.9757297,0.9825597,0.9783705,0.9698872,0.9775785,0.97243,0.9789687,0.9727183,0.9752938,0.97576123,0.9746933,0.97230655,0.9765387,0.9742003,0.9763224,0.9740525,0.9774421,0.97766775,0.96082014,0.974954,0.9745677,0.97635597,0.97565866,0.9743543,0.978149,0.9752405,0.97489125,0.9787808,0.97571397,0.97703415,0.9741368,0.9739689,0.97523063,0.97820085,0.9745969,0.9764361,0.97381335,0.9706503,0.9740127,0.9744653,0.97455704,0.97171795,0.9683708,0.9746474,0.9749665,0.97295094,0.9748383,0.97596323,0.9679838,0.9751958,0.9714178,0.9741364,0.9743132,0.9754193,0.9742478,0.97957605,0.9774392,0.9758536,0.97880244,0.9761917,0.9753285,0.97581565,0.9743909,0.9759164,0.9758326,0.9769064,0.97423023,0.9768434,0.9711958,0.97457206,0.9760035,0.97384703,0.9774817,0.977007,0.9658014,0.97691125,0.9727231,0.97764254,0.9775376,0.9765556,0.9774794,0.9752393,0.9734635,0.97291905,0.9761987,0.976212,0.978062,0.97625244,0.97639275,0.97642654,0.9727529,0.97546965,0.97805715,0.97430116,0.9749152,0.97166365,0.97108585,0.9735306,0.976775,0.9765021,0.9760833,0.97201604,0.9734449,0.9769154,0.9771697,0.9734147,0.9749016,0.9755276,0.95816344,0.97782195,0.97319424,0.97428995,0.97784954,0.9761974,0.9808041,0.97402287,0.975301,0.9749531,0.97497445,0.9763753,0.9804761,0.9768889,0.9730172,0.97330356,0.9756206,0.9727617,0.97627467,0.9726123,0.97445923,0.9761646,0.9753866,0.97523224,0.97405785,0.9762386,0.9747486,0.97550243,0.975502,0.9764608,0.9746975,0.9764307,0.97595954,0.97430176,0.9777571,0.9743425,0.9737233,0.9767693,0.9768281,0.9764764,0.9758411,0.97570264,0.97108656,0.9746958,0.97747827,0.9755624,0.9732103,0.9748014,0.9770259,0.9735953,0.9765252,0.97535056,0.957878,0.9753363,0.9751087,0.97750866,0.9716757,0.9760694,0.97624713,0.96984243,0.9752404,0.9745127,0.97484815,0.96638644,0.97229415,0.9749245,0.97746855,0.9736139,0.9742462,0.9749895,0.97660863,0.97685194,0.97563607,0.97827494,0.97671694,0.97623926,0.97613317,0.976087,0.9750384,0.97621644,0.9760833,0.98490953,0.97408575,0.9711539,0.9771138,0.9769879,0.97638243,0.9744294,0.9759842,0.97617286,0.97652864,0.976579,0.97770774,0.9761232,0.9743932,0.97549486,0.9752432,0.9753842,0.9716524,0.9766785,0.97825944,0.976703,0.97422713,0.976584,0.97438776,0.9760882,0.97741085,0.9776174,0.97805005,0.97694814,0.9759532,0.9770268,0.9740892,0.97342527,0.9760165,0.9751672,0.9754598,0.9741499,0.9744062,0.9747438,0.97792923,0.97160137,0.9796145
ipip239,0.980721,0.98399615,0.9823367,0.9821087,0.98211,0.98266846,0.98289436,0.98332846,0.9863106,0.98237514,0.9841617,0.9842097,0.9832986,0.9823621,0.98299265,0.9838733,0.98455036,0.9849927,0.98573875,0.9832149,0.9843862,0.983128,0.9832003,0.98499954,0.98114544,0.9857053,0.98593295,0.9850672,0.9853919,0.9866444,0.98314726,0.9860508,0.9852476,0.9824023,0.97995824,0.98271346,0.98383516,0.9795677,0.9840386,0.9832451,0.98384005,0.98697066,0.9845272,0.9822506,0.9826195,0.984233,0.98301065,0.97988284,0.98348784,0.98261666,0.9843693,0.9749517,0.9820051,0.983073,0.9843104,0.98656046,0.9757297,1.0000004,0.98344386,0.9861236,0.9777819,0.9803501,0.98042566,0.9826635,0.9806316,0.9832193,0.98352194,0.98415744,0.98197514,0.9852675,0.979116,0.98432976,0.98040223,0.98005354,0.9845929,0.97104067,0.98255354,0.9829265,0.9875568,0.986302,0.98625004,0.9835251,0.9813213,0.98101425,0.98481405,0.98128253,0.9831345,0.983377,0.98311424,0.9829362,0.98373854,0.9815394,0.98365,0.9804136,0.97889686,0.9804793,0.9786715,0.9856297,0.98061043,0.9805689,0.9822585,0.9822453,0.98187125,0.9824989,0.9837803,0.9817742,0.98513484,0.97951937,0.9847065,0.98235166,0.9837465,0.980044,0.98490405,0.98624194,0.9833573,0.98489344,0.9838522,0.9831465,0.984066,0.98328847,0.9825125,0.9819626,0.9837908,0.98106045,0.9823519,0.9830503,0.98490494,0.9865371,0.9858181,0.9843811,0.98106366,0.9773153,0.98225343,0.9802166,0.980796,0.9850885,0.98559946,0.9864442,0.98371774,0.9798794,0.9799821,0.9873423,0.98379624,0.98394877,0.9835439,0.9816869,0.9844835,0.9825486,0.98668253,0.98611325,0.98300904,0.9829707,0.9815571,0.9786185,0.9805578,0.9854884,0.9853095,0.9822383,0.9789321,0.9813051,0.9811838,0.9836683,0.98071086,0.9820371,0.9801854,0.9630937,0.9834479,0.9823553,0.9798043,0.9814105,0.9795305,0.98530424,0.9793128,0.9822297,0.98390913,0.9832976,0.9855831,0.98509645,0.9851505,0.9842583,0.98529816,0.98735225,0.9832728,0.9864827,0.9850287,0.9808682,0.98419,0.9843571,0.98419183,0.9840857,0.98445225,0.9852275,0.98540133,0.9848919,0.9839049,0.98349106,0.98444265,0.98280823,0.98283345,0.98536146,0.98223734,0.98234713,0.9836284,0.9854106,0.9834133,0.98247725,0.98317397,0.9829398,0.98569596,0.9864486,0.9838552,0.9807087,0.98364174,0.98298115,0.98724633,0.98261607,0.9852152,0.9745971,0.9843924,0.98361176,0.9829618,0.9811518,0.9849237,0.9850037,0.97875756,0.98253596,0.98236907,0.9848984,0.9815706,0.98354983,0.9852382,0.9836895,0.98081994,0.98293704,0.98202646,0.98357564,0.9824743,0.9798913,0.9841335,0.9850971,0.98494154,0.986737,0.9845176,0.98631084,0.9872893,0.9857662,0.98331004,0.9789134,0.97327554,0.98148346,0.98570323,0.9855506,0.9854157,0.9856054,0.98604614,0.9837035,0.98371667,0.9828306,0.98259586,0.9869848,0.9853381,0.9864321,0.98660725,0.9807434,0.9855837,0.98295534,0.9829244,0.9808146,0.9833742,0.9817677,0.98304474,0.9874588,0.9810618,0.9841124,0.9832209,0.98341906,0.9826216,0.9797558,0.981495,0.9847325,0.98523384,0.9851129,0.9836368,0.9848915,0.9861659,0.97610885,0.97378546,0.9783467
ipip269,0.9846445,0.9889642,0.98732305,0.9902695,0.9883428,0.98630023,0.986557,0.9866867,0.98786616,0.99076974,0.98426634,0.9851419,0.98688537,0.9854518,0.98147404,0.98615044,0.98722273,0.98485583,0.98714954,0.98648953,0.987048,0.98475814,0.9857767,0.98638535,0.98325175,0.98814535,0.98461014,0.9865479,0.9845604,0.98417664,0.98321915,0.98729753,0.98388225,0.98467726,0.98327714,0.9853257,0.986925,0.98294866,0.98493665,0.9858191,0.9840712,0.9862402,0.98666096,0.9828529,0.9859802,0.98745704,0.98524356,0.980359,0.98532534,0.9838633,0.98665327,0.97819984,0.98753965,0.98410594,0.98157126,0.9881324,0.9825597,0.98344386,0.99999976,0.98812854,0.97899824,0.9838736,0.98257077,0.9841323,0.98209304,0.98341036,0.9849233,0.98395,0.98211676,0.9842366,0.98147666,0.9850131,0.98094857,0.98268545,0.9848287,0.9689052,0.98220354,0.98421144,0.98590285,0.9844928,0.98285604,0.9859255,0.9826603,0.98153096,0.984943,0.9841489,0.98479563,0.9848669,0.9803085,0.98325396,0.98392797,0.9834565,0.98433596,0.9811025,0.9781823,0.9833846,0.9814266,0.9841778,0.9800369,0.9773174,0.98373085,0.98332244,0.98187494,0.9822067,0.98439246,0.979072,0.9844417,0.9803325,0.9849271,0.9839927,0.98459303,0.9800852,0.9868121,0.985902,0.9854927,0.98431325,0.985699,0.9842757,0.98283386,0.98365074,0.9855868,0.9839979,0.9866929,0.9827919,0.9867557,0.9807592,0.98568714,0.98613024,0.9821759,0.98610526,0.98429275,0.97535545,0.9834221,0.98106945,0.98408616,0.98651713,0.9858206,0.9868184,0.98498625,0.98058873,0.98197824,0.9866844,0.98579735,0.98684686,0.98498577,0.98464346,0.98319656,0.98218393,0.983679,0.9859732,0.98298335,0.98213273,0.9793842,0.9789523,0.9816625,0.98437655,0.98361146,0.9835459,0.9815352,0.982083,0.98289216,0.9857235,0.9816482,0.98239464,0.9836026,0.9656251,0.98534375,0.9810562,0.98116934,0.9829614,0.9826567,0.9834187,0.9817063,0.98376787,0.98277706,0.98516715,0.9862757,0.9874575,0.9851653,0.98390305,0.98207104,0.9847019,0.9823968,0.9840713,0.98098147,0.98332727,0.9851019,0.98485345,0.98484427,0.9817557,0.98444223,0.9845054,0.9855342,0.9833345,0.98484504,0.9843061,0.98527485,0.9851558,0.9822495,0.9855853,0.98417205,0.9837789,0.98594964,0.98578864,0.9855525,0.98379874,0.98460937,0.98041123,0.985931,0.9859706,0.9848352,0.98116523,0.98284686,0.98499084,0.9844392,0.98572457,0.983711,0.96728826,0.98433024,0.9837655,0.9837552,0.9809687,0.98561656,0.9841495,0.9771676,0.98420143,0.9840723,0.9850932,0.97910213,0.98279524,0.98483044,0.98482966,0.9831889,0.98296326,0.98475784,0.98352325,0.9827955,0.9819826,0.9850739,0.98377997,0.98412985,0.98447627,0.9853131,0.98249406,0.9851736,0.9858318,0.9872994,0.9810821,0.9753193,0.98214877,0.9850996,0.9849626,0.9831956,0.98514116,0.98458725,0.98412204,0.98553675,0.98546684,0.9834821,0.98417586,0.98522997,0.98256594,0.9838631,0.9799915,0.98666626,0.98628163,0.9841918,0.98150045,0.983626,0.9833033,0.98479635,0.98471886,0.983168,0.98615074,0.9850643,0.98454213,0.9849487,0.98138446,0.98132235,0.9838969,0.9817895,0.98535466,0.98315626,0.98158514,0.9852924,0.98020536,0.97850865,0.9879027
ipip299,0.9890888,0.9875683,0.9886322,0.9871687,0.98953044,0.9856649,0.99172354,0.98863655,0.99250805,0.98857707,0.9886893,0.9892608,0.9887116,0.9865018,0.9849567,0.9892468,0.99081784,0.98526686,0.99039876,0.98945236,0.99018884,0.98617524,0.98991174,0.9905406,0.98725885,0.9917679,0.9882466,0.9910013,0.9877572,0.98870695,0.99072844,0.996018,0.98906755,0.99096406,0.9889589,0.99062914,0.99109966,0.98929596,0.98942983,0.98964316,0.9873919,0.9909192,0.9897385,0.9845994,0.9866423,0.99023545,0.9887882,0.98449033,0.9887868,0.98525697,0.9889611,0.9762421,0.9893952,0.9874945,0.9874142,0.99263054,0.9783705,0.9861236,0.98812854,0.9999996,0.9855776,0.9872578,0.9875567,0.98752755,0.98608875,0.986256,0.9903131,0.9914749,0.9886233,0.98849064,0.9875788,0.9888932,0.9829068,0.9862639,0.9853708,0.9682895,0.9858938,0.9870468,0.992154,0.9906851,0.9870395,0.9901977,0.98438144,0.98602873,0.98740304,0.98989296,0.9903014,0.9860283,0.9827378,0.9887505,0.9860821,0.9893903,0.98723626,0.9825628,0.97916806,0.9837006,0.98788166,0.99048096,0.98132586,0.9797272,0.9868868,0.98947734,0.98672336,0.9865529,0.9871357,0.9828802,0.9905546,0.9846394,0.9912807,0.98864895,0.9907106,0.9828539,0.9881652,0.988428,0.9901605,0.98668414,0.989804,0.98977166,0.9884191,0.98693925,0.9904577,0.9876866,0.9913578,0.98806465,0.98945725,0.9873118,0.9909387,0.9903168,0.9890895,0.9887747,0.9899765,0.97720706,0.98560876,0.9815302,0.9891279,0.98941183,0.98976266,0.99317247,0.99082434,0.98659605,0.9874363,0.98994213,0.9881943,0.98829174,0.9890675,0.98292613,0.9878979,0.9886864,0.98675364,0.98915505,0.9901997,0.9872653,0.9824159,0.9817677,0.9883879,0.98849,0.9877412,0.98711586,0.9781265,0.98962855,0.9846891,0.99055904,0.987526,0.98729783,0.9885391,0.9654303,0.9919927,0.9877634,0.9867244,0.98485696,0.98891056,0.9844911,0.9872591,0.98897594,0.99081117,0.9902483,0.9899875,0.989419,0.9900363,0.9901242,0.98663586,0.9904358,0.98640996,0.99013424,0.98250455,0.9862868,0.99202883,0.99190086,0.99155515,0.9886156,0.99141943,0.99137914,0.9918311,0.991356,0.98988694,0.99060595,0.9915456,0.99146664,0.98722214,0.9907251,0.9891079,0.9905889,0.98854244,0.99142075,0.9904201,0.989163,0.9914986,0.9827951,0.9902509,0.9877078,0.9893843,0.9862042,0.9906809,0.98993284,0.99002,0.98836046,0.9889963,0.9706813,0.98732126,0.98782045,0.9896094,0.9847172,0.99040794,0.9899855,0.9794754,0.98947483,0.9906324,0.99042124,0.98251015,0.9900888,0.9909603,0.9892499,0.99028367,0.9878247,0.98983735,0.98815185,0.9891356,0.9850567,0.9900455,0.9864651,0.98762107,0.98610395,0.9904153,0.99009335,0.9892293,0.99115527,0.98670185,0.9878651,0.9749359,0.9861332,0.9924082,0.99219537,0.9875083,0.9922729,0.98980284,0.98895293,0.98971814,0.9902524,0.9849044,0.98866165,0.99150145,0.98870426,0.98854905,0.9834035,0.9916942,0.98951405,0.9874389,0.98678267,0.98736316,0.9820979,0.99130875,0.99043596,0.98916364,0.99201,0.98976004,0.9889247,0.9888827,0.98822266,0.9879946,0.9865346,0.98958987,0.9899563,0.98995936,0.98832023,0.9905811,0.97865313,0.9742472,0.9842629
ipip5,0.9931408,0.98313814,0.98904437,0.98026353,0.98745894,0.98219985,0.9916399,0.9824129,0.9885841,0.9794592,0.9823133,0.9907785,0.98407507,0.9828342,0.9799869,0.98762786,0.98912585,0.9825436,0.98959005,0.9877358,0.9906706,0.9883403,0.99005276,0.98870724,0.9848997,0.98777133,0.9788258,0.9893351,0.9842209,0.9866907,0.99057406,0.9859042,0.98271793,0.9894766,0.99292076,0.9872535,0.9896737,0.99175256,0.98888725,0.9877521,0.9768197,0.98703957,0.9854649,0.9797277,0.98020256,0.98919964,0.98416394,0.9856731,0.9884494,0.9832462,0.98351717,0.95723486,0.98674464,0.97885555,0.9786961,0.9800883,0.9698872,0.9777819,0.97899824,0.9855776,1.0000007,0.9886265,0.99685514,0.986646,0.9890707,0.9853311,0.9915931,0.99056304,0.9894762,0.9829206,0.9930199,0.9886125,0.9782966,0.98528224,0.9876328,0.9546241,0.9827714,0.9876916,0.9851243,0.98794997,0.9898117,0.9920321,0.9852078,0.99103796,0.98850113,0.9937836,0.99157006,0.9818337,0.9799765,0.98975176,0.98792607,0.9941785,0.99132925,0.98273695,0.9780697,0.9773204,0.9927807,0.9858942,0.97856855,0.97042257,0.9894813,0.99280894,0.9933678,0.9887507,0.99287397,0.97172874,0.99107105,0.9830612,0.9912883,0.9941474,0.99386877,0.98703176,0.98627794,0.9859329,0.99220353,0.98385763,0.99107784,0.9923537,0.99214137,0.9845974,0.9932923,0.9859098,0.9886329,0.99151164,0.99135476,0.9821733,0.98256,0.9878112,0.9839703,0.98405385,0.99109644,0.97170985,0.9828545,0.9796135,0.98944354,0.9882465,0.9868463,0.9863319,0.9919588,0.99195015,0.994266,0.99097943,0.98591435,0.9896848,0.99141014,0.9767493,0.9889814,0.9890054,0.9726584,0.9874858,0.9921244,0.9857494,0.98109376,0.9798083,0.9944462,0.98584855,0.9851086,0.9851352,0.97490823,0.9937357,0.97808003,0.9917886,0.9876743,0.98386484,0.99266374,0.95034397,0.98888355,0.98663294,0.9890676,0.9827254,0.99253756,0.97819406,0.9914054,0.9904851,0.98977214,0.9905094,0.9897276,0.9850687,0.98414075,0.9869534,0.9811694,0.984854,0.98416394,0.98539674,0.97337556,0.9851796,0.99056506,0.99069136,0.9903844,0.9811223,0.99061435,0.9909193,0.9906524,0.99021405,0.99106276,0.99282753,0.9901959,0.9913792,0.9796002,0.9820367,0.9868808,0.99197346,0.9799025,0.9902185,0.9889074,0.9874043,0.99140054,0.9720432,0.9818639,0.9763438,0.9848792,0.98701334,0.98998743,0.987624,0.98309094,0.9822344,0.986009,0.95768553,0.98801744,0.9893785,0.99005824,0.9801862,0.9882434,0.9876257,0.97120255,0.990714,0.9923899,0.99000335,0.9681861,0.98250866,0.987836,0.98981524,0.99389124,0.9893685,0.9929953,0.98479426,0.99008864,0.9832539,0.9882037,0.9819814,0.98808086,0.98699534,0.99065155,0.9858599,0.9846939,0.9894063,0.98199874,0.9925479,0.9615874,0.9845976,0.98959595,0.99012184,0.97904557,0.99006706,0.9847112,0.98925585,0.9873107,0.9898335,0.9827809,0.9912006,0.99105334,0.98181003,0.98395705,0.9747471,0.98009694,0.98719,0.9856556,0.98707235,0.98785174,0.97277546,0.99243206,0.97868794,0.98833466,0.98979557,0.9882311,0.9894989,0.985879,0.9909917,0.9878796,0.9889293,0.98598486,0.990907,0.98596656,0.985585,0.9876054,0.9674492,0.95927656,0.97827095
ipip35,0.9876389,0.985867,0.98874086,0.98356783,0.9873916,0.9839356,0.9876767,0.9844722,0.9886089,0.9835557,0.9846738,0.98789185,0.98678595,0.98521286,0.9831655,0.9875679,0.9872457,0.9831411,0.9887665,0.9861894,0.9883481,0.9872185,0.98936605,0.988114,0.9873581,0.98857206,0.9837109,0.98714006,0.9844074,0.98587465,0.9881869,0.9865378,0.98278296,0.98888326,0.9870602,0.98854935,0.987002,0.985814,0.98674786,0.9870315,0.9832556,0.98723614,0.98789626,0.9837041,0.9863543,0.99002653,0.9889612,0.98567814,0.9897942,0.9854115,0.984745,0.96937346,0.9877989,0.9821128,0.9809531,0.9842213,0.9775785,0.9803501,0.9838736,0.9872578,0.9886265,1.0000005,0.9896469,0.98876405,0.9872186,0.9878781,0.98860127,0.9874369,0.9876047,0.9835477,0.9866739,0.98777443,0.98174953,0.9845597,0.9884679,0.9632729,0.9840419,0.9852211,0.985787,0.9868483,0.98576504,0.9897423,0.98462987,0.9855714,0.98775053,0.988024,0.9881502,0.9843311,0.9840422,0.9869749,0.9866756,0.99026316,0.9879128,0.9857012,0.9860918,0.9834868,0.9863077,0.9882033,0.98354375,0.9779772,0.9873758,0.9894623,0.98792684,0.98723245,0.9896345,0.9774655,0.9878636,0.9823782,0.9885087,0.98737836,0.98881966,0.9850938,0.9891233,0.9861876,0.98860484,0.9863301,0.9882428,0.9891699,0.98714954,0.9846713,0.98970836,0.985981,0.98837453,0.9885085,0.9884094,0.98372567,0.98502785,0.9858052,0.98476565,0.9861584,0.9878533,0.9763769,0.98614395,0.98656154,0.9865591,0.9883092,0.9861839,0.9862286,0.9873241,0.9859321,0.987962,0.98902184,0.98633975,0.98852175,0.9881245,0.98013186,0.9874553,0.9872148,0.98006696,0.9870569,0.9888164,0.9870367,0.98719656,0.98326653,0.9884196,0.98669404,0.98695284,0.9856798,0.9786159,0.98796684,0.9835877,0.98962957,0.9848372,0.98505837,0.98716766,0.9572299,0.9876899,0.9870367,0.98483723,0.9846466,0.9882725,0.98358285,0.9863501,0.9879685,0.98699635,0.98750657,0.98806906,0.9859324,0.9862905,0.986618,0.98437995,0.98629594,0.98583144,0.9862628,0.9790684,0.9865029,0.98788655,0.98796874,0.98784834,0.9846488,0.98740834,0.988073,0.98844177,0.98778594,0.98871195,0.9882974,0.9885201,0.9883355,0.9836612,0.98661053,0.9856525,0.9869869,0.98478985,0.98852134,0.9890379,0.98886967,0.9888559,0.9786054,0.9846546,0.9814766,0.9859542,0.9855936,0.98771375,0.9888315,0.9844513,0.98576444,0.98574823,0.96879447,0.9892045,0.98648816,0.98876166,0.9826554,0.9869673,0.9884908,0.9780161,0.9873157,0.9877904,0.9882358,0.97645,0.9834632,0.987167,0.9883327,0.989368,0.9880108,0.9899622,0.98597693,0.98879695,0.98340607,0.9880251,0.9850567,0.98848903,0.9872367,0.9876106,0.98643833,0.9865154,0.9881006,0.98667836,0.9877225,0.9723529,0.98642325,0.9888889,0.9886804,0.98296493,0.9884728,0.9861399,0.98892665,0.9863407,0.99058366,0.98651344,0.988055,0.98839647,0.98473525,0.985348,0.98016053,0.98350406,0.98772115,0.98658156,0.9881719,0.9882761,0.98327136,0.988061,0.9826329,0.98784167,0.9881851,0.9878715,0.98900115,0.9882638,0.9886716,0.9874751,0.9878986,0.9853815,0.98685956,0.98594004,0.9843284,0.98664165,0.97524416,0.96888256,0.9811347
ipip65,0.99377215,0.9847794,0.99042976,0.98294145,0.9888936,0.9837551,0.99314445,0.98524535,0.9911743,0.9820835,0.98387086,0.99250305,0.98699534,0.984824,0.98315805,0.98849976,0.9909718,0.98457146,0.99084705,0.9893172,0.99224234,0.9900523,0.9917603,0.9909099,0.9871092,0.9895704,0.9820791,0.99107504,0.98552936,0.98777413,0.99211967,0.98844546,0.9855536,0.9922396,0.9930544,0.9896588,0.99135303,0.9924293,0.989305,0.99048334,0.97979414,0.9895462,0.9879224,0.98258346,0.9810664,0.9903828,0.9867723,0.98638535,0.9899509,0.984349,0.9860939,0.96174484,0.9891414,0.9819883,0.98061335,0.98473847,0.97243,0.98042566,0.98257077,0.9875567,0.99685514,0.9896469,0.99999964,0.988242,0.98924595,0.987413,0.9927879,0.991559,0.9905075,0.984522,0.9938988,0.99094814,0.9805251,0.9884416,0.9897541,0.9584363,0.9847789,0.9892881,0.98821944,0.99049306,0.99069756,0.9935704,0.9868509,0.99130553,0.9904928,0.9943022,0.991829,0.9835822,0.98095423,0.99051225,0.9890232,0.99517965,0.9926558,0.9853276,0.9793304,0.98038733,0.9934958,0.98698825,0.9801019,0.97299415,0.99106735,0.99387187,0.99389166,0.98952496,0.9942753,0.9750645,0.99178916,0.98466617,0.9929839,0.99471515,0.9950539,0.9881142,0.9881938,0.9879503,0.99359727,0.9868327,0.9927295,0.99333864,0.9930159,0.9868997,0.99404556,0.9880725,0.991271,0.9930528,0.99274975,0.98431057,0.9862679,0.99050367,0.98544055,0.98655295,0.992647,0.9761916,0.9850683,0.98190635,0.99084824,0.98984367,0.9879269,0.9887427,0.993759,0.9926181,0.99505854,0.9922178,0.9875426,0.99114424,0.993031,0.97907066,0.99063677,0.99042267,0.9762664,0.98960537,0.9934745,0.98841274,0.98338634,0.98309815,0.9952165,0.98809516,0.9874644,0.9879773,0.97872293,0.99476075,0.98131055,0.99340165,0.9896338,0.98536897,0.99338275,0.95341456,0.9910327,0.9891517,0.989698,0.9851548,0.9933278,0.98127353,0.9920436,0.9913693,0.9911683,0.9927174,0.9920058,0.9875847,0.98639554,0.98919505,0.98372006,0.9882602,0.9862088,0.9882845,0.97648525,0.9879463,0.9921665,0.9925908,0.9920396,0.98441124,0.99141544,0.9928682,0.99259216,0.9919599,0.9933468,0.9940579,0.9922541,0.9923834,0.98318434,0.9851025,0.98998076,0.99291134,0.9830197,0.9924773,0.9907764,0.9885224,0.9930698,0.97423106,0.98494977,0.97940546,0.9871251,0.9888839,0.9911048,0.98996717,0.9864388,0.9836907,0.98770374,0.9599217,0.9891761,0.9905476,0.9916717,0.98249054,0.9901599,0.9895064,0.9732412,0.99160415,0.993606,0.991378,0.9730329,0.98332775,0.9900586,0.9920164,0.99596477,0.991206,0.9941329,0.9880959,0.99166155,0.985837,0.9902591,0.98465294,0.99010986,0.98917896,0.99230665,0.98699176,0.9875575,0.9915498,0.9838838,0.9931187,0.96547973,0.98702705,0.9907165,0.990996,0.9816939,0.9911233,0.9869005,0.9909058,0.9890479,0.99201345,0.98538697,0.9917853,0.9927762,0.98484784,0.9867587,0.9783188,0.9826313,0.98990905,0.9876788,0.98890203,0.9885886,0.97683614,0.9938885,0.98194575,0.99039656,0.9911505,0.9904638,0.99168926,0.9886653,0.99244744,0.99091524,0.9913319,0.98741525,0.99273723,0.9884819,0.9871295,0.990128,0.97022533,0.9629567,0.98175186
ipip95,0.9899012,0.98807853,0.9894837,0.98604715,0.9901164,0.98684907,0.9885604,0.9859514,0.99166346,0.9852831,0.98424876,0.9897158,0.9847108,0.98439354,0.984868,0.9852117,0.9876896,0.985735,0.98817086,0.98475754,0.9877025,0.9881274,0.98780364,0.99095553,0.9876044,0.9881159,0.98498315,0.98696345,0.9857561,0.9860823,0.99073815,0.9869215,0.9862821,0.9896372,0.9883788,0.98772305,0.9863411,0.9856424,0.98706603,0.9886208,0.9813322,0.9868203,0.98825103,0.98265624,0.9884092,0.99135655,0.99013287,0.9875006,0.9896999,0.9853678,0.98560786,0.9679248,0.9856961,0.98070544,0.98317343,0.984289,0.9789687,0.9826635,0.9841323,0.98752755,0.986646,0.98876405,0.988242,0.99999917,0.9871107,0.9874403,0.9892441,0.98862356,0.98736584,0.98515284,0.98766273,0.9868356,0.979949,0.98548543,0.98686934,0.9613159,0.98286706,0.98514223,0.9888974,0.99058056,0.9872976,0.9898907,0.9835396,0.98867136,0.9884388,0.98779935,0.98791945,0.981841,0.9810064,0.9883268,0.9872976,0.9886519,0.98686546,0.982908,0.9788036,0.98284733,0.98825544,0.9883282,0.97834265,0.97505486,0.9850271,0.9912394,0.9871358,0.98730135,0.9893215,0.9772842,0.9875609,0.98282886,0.98750067,0.9879417,0.9884273,0.98603904,0.9893747,0.98487437,0.9885239,0.98506457,0.9882586,0.98813176,0.987848,0.9833783,0.9884423,0.9858519,0.9890752,0.9883808,0.98692536,0.9863912,0.98452497,0.98516953,0.98761076,0.98505986,0.9873254,0.97533864,0.9835411,0.98106855,0.9860642,0.98785967,0.9868979,0.98611885,0.9869266,0.9869433,0.98914164,0.9886028,0.9852329,0.98863906,0.9892024,0.9807731,0.98792404,0.9878616,0.97894484,0.9891138,0.98981476,0.98787725,0.98242205,0.98135245,0.9882294,0.9865591,0.98680496,0.98404175,0.9781399,0.98752886,0.98074394,0.98849726,0.9850357,0.985458,0.9877157,0.95511425,0.98684657,0.9878721,0.985971,0.9840334,0.98808616,0.9840442,0.98696345,0.9902124,0.99004734,0.9873095,0.9888876,0.988819,0.98842204,0.9858785,0.9839508,0.9892011,0.9870941,0.9891233,0.9789765,0.9837509,0.9881321,0.9882613,0.98816544,0.9853478,0.98792624,0.9881208,0.98849267,0.990931,0.989705,0.9880606,0.98891693,0.98832536,0.9847762,0.98775434,0.9854444,0.9886764,0.98427206,0.9889927,0.9910338,0.99174136,0.99028116,0.9818055,0.98476595,0.9840939,0.9866689,0.9871373,0.9907865,0.9898535,0.98714864,0.986947,0.98383904,0.96663666,0.98570085,0.9861812,0.9876817,0.97975165,0.98628783,0.98974496,0.9734514,0.98608506,0.98762953,0.98763335,0.97666824,0.9859976,0.9871164,0.98943293,0.9889401,0.9895971,0.98901427,0.98752856,0.9900415,0.9828626,0.9873865,0.9845817,0.98728806,0.9859632,0.98730063,0.98794025,0.98607224,0.98889065,0.9881192,0.98692167,0.9692376,0.9844754,0.9889383,0.98884845,0.98106295,0.98848486,0.9841404,0.9877037,0.9870123,0.99004495,0.9848433,0.9896086,0.98840916,0.9876179,0.9849112,0.9777363,0.983577,0.98530555,0.9847402,0.9873091,0.9862457,0.98031586,0.9883156,0.9840628,0.9894474,0.986994,0.9898874,0.9867623,0.98534244,0.98884684,0.9873088,0.9870715,0.9882007,0.98666054,0.9867326,0.98740965,0.9849543,0.97897327,0.96699876,0.98130804
ipip125,0.9869789,0.985247,0.986393,0.9816241,0.98651046,0.9828381,0.9867262,0.9830819,0.987308,0.98124254,0.9819198,0.9880659,0.9850531,0.9824482,0.9830672,0.9859252,0.9876545,0.98342246,0.9879186,0.9845858,0.98956805,0.98587304,0.98858804,0.98739105,0.98945034,0.98792654,0.98067033,0.9887144,0.9850731,0.98464304,0.9883138,0.9862147,0.9835469,0.9894141,0.9879717,0.98820287,0.9868699,0.98638576,0.9880642,0.9866984,0.9783438,0.9866502,0.9864262,0.98039424,0.9834703,0.98892397,0.98774284,0.9863397,0.9875143,0.9841398,0.9846056,0.9641869,0.98462576,0.9801702,0.97989947,0.9839612,0.9727183,0.9806316,0.98209304,0.98608875,0.9890707,0.9872186,0.98924595,0.9871107,1.0000004,0.9864856,0.9886812,0.9879835,0.98827463,0.98384595,0.9871612,0.9882559,0.97826844,0.98297924,0.9875618,0.95951074,0.9830018,0.98551536,0.9847803,0.9859275,0.9876655,0.989266,0.9831343,0.9877081,0.98675615,0.98867625,0.9886204,0.9818969,0.98099416,0.9871603,0.98635405,0.98941284,0.98937416,0.98168856,0.97753155,0.9807112,0.9866285,0.98605067,0.97885793,0.9750983,0.98667806,0.9894852,0.98861164,0.9870031,0.98973054,0.9781953,0.9874969,0.9832839,0.9889968,0.9883703,0.9889196,0.98524964,0.9864672,0.98618007,0.9903592,0.9857643,0.9885036,0.98951906,0.9875617,0.9857856,0.99064535,0.9863174,0.9880133,0.9873045,0.988561,0.98405063,0.9838724,0.9852808,0.9836752,0.9835589,0.98769736,0.9774804,0.982936,0.9801902,0.9865669,0.98610216,0.98524207,0.98596656,0.9872053,0.98595583,0.9880844,0.9894477,0.9868752,0.9879755,0.9878469,0.9782029,0.98700106,0.9881144,0.97769153,0.987038,0.9883058,0.98562896,0.9830914,0.9803434,0.98927236,0.9862561,0.9859405,0.9842123,0.9745396,0.9885114,0.97985023,0.9876121,0.985696,0.9847733,0.9874594,0.955598,0.9860352,0.9888796,0.9847591,0.9824276,0.9876099,0.98234415,0.9867797,0.9888606,0.98689836,0.9876987,0.9874615,0.9840431,0.9843949,0.9862245,0.9848861,0.98484826,0.98374665,0.9843416,0.9756571,0.98481536,0.98833466,0.9884715,0.9884602,0.9840575,0.9877817,0.98791546,0.9883609,0.98731107,0.98878556,0.98812854,0.98827124,0.9872713,0.9833112,0.985556,0.9863803,0.9873969,0.9819529,0.9874953,0.9879826,0.9870999,0.9875623,0.9770836,0.98474365,0.98001117,0.98404175,0.98639524,0.9866603,0.9866422,0.98368317,0.9848789,0.985318,0.9653749,0.98663014,0.98809093,0.9877972,0.9794948,0.98678505,0.98725194,0.9716212,0.98608196,0.98747355,0.9876062,0.97390854,0.9872787,0.986853,0.9865863,0.99029666,0.9880922,0.9888739,0.9836754,0.9905509,0.9829946,0.9873918,0.984869,0.98660517,0.9866606,0.9870485,0.988046,0.9854979,0.9888248,0.9837391,0.98773503,0.967272,0.9838856,0.9883537,0.98885834,0.98187935,0.98855895,0.9842475,0.98627204,0.9859414,0.98877764,0.98229605,0.989091,0.98792547,0.9825288,0.98345625,0.9771057,0.9823645,0.985505,0.9869212,0.98677284,0.98879397,0.97656375,0.9878995,0.9831287,0.9868118,0.98778,0.98760784,0.9903481,0.98611873,0.9900621,0.9873723,0.9883749,0.9852003,0.98752385,0.9865311,0.9841574,0.985808,0.97259694,0.96520543,0.9780721
ipip155,0.9848861,0.9863023,0.98724705,0.9831203,0.98458284,0.98547536,0.98462254,0.98266506,0.9862593,0.9828936,0.9832437,0.986549,0.98656064,0.984206,0.9954772,0.98704153,0.98577017,0.98186773,0.9873524,0.9841658,0.98791206,0.98603755,0.987531,0.98591584,0.9869579,0.98525345,0.98199874,0.9866779,0.9831384,0.9855895,0.9862145,0.9855756,0.9827079,0.98660684,0.9834251,0.98579425,0.98444647,0.9824072,0.9868982,0.9843153,0.9804775,0.9859325,0.98536026,0.9805483,0.98371404,0.986626,0.9864195,0.98965037,0.9847782,0.9838486,0.9823781,0.96902764,0.9841056,0.97991055,0.9819746,0.98291737,0.9752938,0.9832193,0.98341036,0.986256,0.9853311,0.9878781,0.987413,0.9874403,0.9864856,1.0000006,0.98613864,0.98724,0.9851389,0.9860154,0.98433346,0.9867771,0.9835029,0.98323846,0.9887018,0.96773994,0.9822279,0.9840187,0.9856921,0.9860429,0.9874442,0.9878827,0.98417675,0.9840094,0.9855842,0.98565465,0.9854901,0.98600173,0.9828271,0.98495096,0.9862846,0.9860982,0.98742545,0.9808324,0.9818067,0.98117936,0.9834129,0.98457175,0.9828719,0.9764162,0.9892131,0.98680675,0.9866216,0.98742235,0.98725414,0.9816988,0.98491716,0.98426527,0.9878645,0.9847438,0.9858085,0.9815031,0.98508984,0.9858552,0.98627853,0.98508906,0.9864265,0.986686,0.98448527,0.98374,0.98747694,0.98392767,0.98699176,0.98498815,0.9850289,0.9853153,0.98384947,0.98447084,0.9837179,0.98389524,0.98443997,0.9769276,0.98404485,0.98314196,0.9836584,0.98515,0.98629594,0.9849064,0.9841216,0.9824514,0.9851787,0.9882434,0.9888458,0.986332,0.98923117,0.98130447,0.9857167,0.98561853,0.98008525,0.9846338,0.9857026,0.9847725,0.9832936,0.9847594,0.9851542,0.9872182,0.9866778,0.9828931,0.979549,0.984563,0.9814284,0.9865409,0.98210824,0.9845047,0.98375386,0.95767695,0.98452556,0.98713684,0.9810667,0.98203593,0.9846117,0.98212266,0.98229396,0.98480093,0.9842744,0.98465526,0.9867082,0.98347586,0.9845625,0.9857845,0.9851503,0.98598075,0.9831974,0.98509264,0.98270655,0.98395056,0.9867946,0.9867757,0.9866447,0.9826235,0.9855474,0.9864242,0.98678774,0.9854574,0.98715,0.9851875,0.9856222,0.9841836,0.9804111,0.98471296,0.9832282,0.9841666,0.98419875,0.98551106,0.9870036,0.9853039,0.985136,0.98070335,0.98579025,0.98117375,0.9841587,0.98227096,0.9846467,0.9860248,0.9842336,0.98635066,0.9853017,0.9705195,0.9865195,0.98462737,0.9864477,0.9787641,0.9852292,0.98941,0.97562015,0.98351985,0.98390573,0.98595357,0.9803346,0.9843257,0.9861429,0.9849802,0.9885773,0.9949451,0.98613536,0.98330444,0.9863159,0.98046404,0.98575175,0.9853893,0.98362803,0.9856088,0.98459846,0.9859265,0.98581433,0.988051,0.98467994,0.9841526,0.9724792,0.9837723,0.98634183,0.9861474,0.98315567,0.9864609,0.9844883,0.985196,0.9848302,0.9857923,0.9834065,0.9880152,0.98633945,0.9829785,0.98385245,0.97713846,0.9852756,0.98392624,0.98613137,0.98563373,0.98673,0.9831138,0.98518556,0.98413855,0.9849233,0.9853882,0.98599505,0.98794013,0.98497343,0.98644274,0.98839635,0.98712116,0.98432565,0.9837271,0.9857451,0.98325026,0.9839957,0.97644883,0.9713757,0.9808909
ipip185,0.9931725,0.98645276,0.9908329,0.98467594,0.9898948,0.9841063,0.9944125,0.9897836,0.9928625,0.98456,0.98679775,0.9913052,0.98790246,0.9853217,0.9832109,0.99039936,0.99217427,0.986979,0.9917651,0.99116457,0.99136406,0.9897626,0.9899564,0.9921025,0.9857832,0.9921129,0.98553854,0.99180126,0.98846626,0.98848724,0.9916025,0.9911789,0.98834765,0.9917179,0.9940359,0.9897256,0.9929328,0.99306303,0.99087465,0.99103445,0.98368615,0.99122703,0.9888391,0.98416233,0.98395926,0.9915723,0.98770654,0.98574364,0.9904944,0.98525286,0.98836035,0.9682616,0.98999596,0.98576653,0.98277116,0.9875352,0.97576123,0.98352194,0.9849233,0.9903131,0.9915931,0.98860127,0.9927879,0.9892441,0.9886812,0.98613864,0.9999992,0.9929729,0.9899975,0.9877353,0.9919085,0.98991853,0.9808992,0.98679817,0.9882947,0.9645291,0.9871685,0.9900333,0.98934484,0.99076647,0.9895448,0.9926739,0.98561394,0.9913098,0.9905564,0.9945419,0.9941237,0.9845906,0.9835967,0.99630237,0.9880932,0.99260837,0.99117273,0.98303187,0.980076,0.98286897,0.9913857,0.98873746,0.98017776,0.97713137,0.9888445,0.99207544,0.9905463,0.98808473,0.99088675,0.97821563,0.9931492,0.98417234,0.99249667,0.99469763,0.9954052,0.98780924,0.9886522,0.9905804,0.99536276,0.9871961,0.9942052,0.99300045,0.9928237,0.98925316,0.99323314,0.9885388,0.990625,0.9908872,0.99178165,0.9861372,0.9886048,0.9910654,0.9870724,0.9884884,0.9917525,0.9755136,0.9843948,0.9832232,0.99131215,0.99033225,0.98896074,0.9910391,0.99383545,0.99094236,0.9924137,0.9917689,0.98733056,0.9911638,0.99156547,0.9815729,0.9899258,0.99009466,0.9811088,0.99131346,0.99227554,0.987236,0.9824438,0.9801753,0.9934988,0.9884007,0.9875629,0.9874382,0.9794457,0.9942293,0.981499,0.99293095,0.9898272,0.9855826,0.992768,0.9587568,0.9925654,0.98718506,0.9895212,0.98535365,0.9917965,0.98303896,0.9917115,0.9915351,0.9914507,0.99324733,0.99292034,0.9902821,0.9890912,0.99092054,0.9872061,0.9890696,0.9860207,0.98961496,0.97915286,0.98851794,0.99356526,0.99385417,0.99361956,0.98693794,0.9940993,0.9932069,0.9934947,0.9918497,0.9920923,0.99368984,0.99270475,0.99381244,0.98574674,0.9884067,0.9911154,0.993307,0.9861465,0.9928575,0.9902706,0.9886564,0.9939235,0.9800988,0.9880361,0.98432416,0.98750216,0.99085724,0.99172986,0.9909084,0.9882281,0.9834688,0.98976946,0.96640533,0.990674,0.9908259,0.9903624,0.9867919,0.99171764,0.98849064,0.97636735,0.99180627,0.9944524,0.99301636,0.9762214,0.98701644,0.9922697,0.99165714,0.9918858,0.9897094,0.99308455,0.9888501,0.99125063,0.9854922,0.99022216,0.98616713,0.99049246,0.9887095,0.993084,0.9888249,0.9898151,0.9928815,0.9850227,0.9917785,0.97005004,0.9859952,0.99181473,0.99223316,0.9837737,0.9922145,0.98810863,0.9916533,0.990763,0.99101526,0.9857745,0.9917407,0.99349827,0.9871135,0.98997223,0.9813864,0.9868454,0.9901878,0.98793334,0.98783636,0.9883992,0.9783108,0.9944433,0.985677,0.989373,0.99302053,0.989858,0.9904371,0.98786944,0.99029005,0.986936,0.98957455,0.9882515,0.9929153,0.9901113,0.98770094,0.9911378,0.9737186,0.9672988,0.98263973
ipip215,0.9929259,0.9863492,0.99144495,0.9844601,0.9896438,0.9858787,0.9942841,0.98655546,0.99278057,0.9847175,0.9855842,0.99081415,0.9856933,0.98387164,0.9838091,0.987768,0.99056816,0.98480034,0.9899504,0.98843193,0.9910904,0.988079,0.9910339,0.992618,0.9867667,0.99091196,0.9854517,0.9915587,0.9866835,0.9883596,0.9913613,0.9914565,0.98754495,0.9911175,0.9933269,0.98957545,0.99159944,0.9924588,0.9894176,0.98956376,0.9828893,0.99272174,0.9889851,0.9825242,0.98390794,0.99137753,0.98785496,0.98765767,0.98883677,0.98383635,0.9874931,0.96609944,0.9881117,0.98351914,0.9862652,0.98661244,0.9746933,0.98415744,0.98395,0.9914749,0.99056304,0.9874369,0.991559,0.98862356,0.9879835,0.98724,0.9929729,0.9999998,0.9913744,0.991915,0.99283123,0.9902389,0.9819569,0.9872874,0.98771566,0.96308917,0.9846859,0.98812705,0.99025166,0.99207115,0.9900751,0.9916675,0.98315835,0.99115753,0.98963726,0.99308276,0.99174255,0.98323196,0.9834233,0.9919428,0.9865874,0.9925659,0.98930484,0.9810658,0.9791734,0.9793065,0.9919771,0.98949134,0.97839993,0.9748499,0.98743147,0.9918677,0.9892409,0.98719424,0.98931706,0.9794166,0.9917447,0.9856333,0.992536,0.9927494,0.9934844,0.98510635,0.9860701,0.9888153,0.9917025,0.9854691,0.99142945,0.99272007,0.99201554,0.9860629,0.99193954,0.98616374,0.99116206,0.9898528,0.9910381,0.986734,0.98868936,0.989721,0.99091023,0.98632836,0.9920471,0.97620493,0.98395073,0.98136806,0.99059653,0.9900176,0.99009943,0.9937504,0.9927676,0.9912448,0.9920249,0.9910361,0.98724264,0.9904685,0.9909786,0.9786132,0.9894385,0.9921452,0.983793,0.9892598,0.9925003,0.9869664,0.9824293,0.9802529,0.99221903,0.98855066,0.98747945,0.9860689,0.9761062,0.99330914,0.9803684,0.99195,0.98787194,0.9863263,0.99226415,0.9573556,0.9923627,0.9892282,0.98928773,0.98367834,0.992728,0.9824398,0.991188,0.99106956,0.99296016,0.99260634,0.9936232,0.98968226,0.9898935,0.9903673,0.9848444,0.9899994,0.98549104,0.98953325,0.98209643,0.98548234,0.9930817,0.99317735,0.9931059,0.9856361,0.9922951,0.9927359,0.99292904,0.99284303,0.9913244,0.9934859,0.9931633,0.99429744,0.9849212,0.9884176,0.98936206,0.994075,0.98623604,0.99282795,0.9910163,0.98976785,0.99310637,0.97950846,0.98872966,0.98364687,0.9883674,0.98925924,0.9925312,0.98943514,0.9883331,0.9833554,0.9889719,0.9697079,0.9892239,0.98923093,0.99167234,0.9832198,0.98894715,0.9878305,0.97477555,0.99130946,0.9934329,0.99138975,0.978107,0.98830944,0.99144536,0.9896365,0.99191195,0.99045974,0.9907719,0.9863938,0.9913297,0.98410535,0.9906378,0.9859895,0.98851115,0.9883407,0.9926372,0.99240524,0.98866135,0.99427015,0.9862933,0.9929581,0.970427,0.98664033,0.9952576,0.99537843,0.98648494,0.9952061,0.9902774,0.989947,0.99039596,0.9911588,0.9849224,0.9934539,0.99344766,0.9869614,0.98826444,0.97923493,0.9914574,0.98891515,0.98806864,0.99117035,0.98900205,0.9787919,0.9945405,0.9900952,0.98925453,0.9934176,0.98970914,0.99040204,0.98837614,0.99082017,0.9884419,0.99178576,0.9920105,0.99282646,0.99251133,0.9912033,0.99034667,0.9749771,0.96612334,0.9813773
ipip245,0.99066025,0.98574305,0.98853517,0.9827801,0.9873552,0.984213,0.99107444,0.9846993,0.9908439,0.9825538,0.98396623,0.9897284,0.9849904,0.98281664,0.9810905,0.9870142,0.9885221,0.9844102,0.9892516,0.98640436,0.9892978,0.9859651,0.9900174,0.99047875,0.98896754,0.9885484,0.9838656,0.98885274,0.9852274,0.98793906,0.99124897,0.98759544,0.9872604,0.99161565,0.9905761,0.9875079,0.98778033,0.98900366,0.9876538,0.9892431,0.9815241,0.98937756,0.98873967,0.9841799,0.98336315,0.98942137,0.9885689,0.9852752,0.9878829,0.9832273,0.9858076,0.96578604,0.9869183,0.98194957,0.9842528,0.98493874,0.97230655,0.98197514,0.98211676,0.9886233,0.9894762,0.9876047,0.9905075,0.98736584,0.98827463,0.9851389,0.9899975,0.9913744,1.0000011,0.9865383,0.98983735,0.9886224,0.98105437,0.9839559,0.9855823,0.96064603,0.985109,0.9883816,0.9885473,0.9901254,0.9886893,0.9907458,0.9827547,0.9886795,0.9875732,0.99038553,0.98975134,0.98229444,0.98154247,0.98933125,0.98497653,0.99131554,0.9871372,0.9819523,0.9799244,0.97863764,0.98985857,0.9900705,0.98064464,0.978889,0.98566014,0.9911989,0.98816705,0.9877006,0.9888374,0.97974795,0.99081475,0.98622406,0.99179226,0.9906267,0.9909519,0.98513436,0.9870701,0.9865677,0.99007183,0.98493993,0.989338,0.99000496,0.9897862,0.98553616,0.9904849,0.98501414,0.9892378,0.9892098,0.9887569,0.98765284,0.985987,0.98780984,0.9893518,0.98613566,0.9896953,0.97540194,0.9843137,0.9811628,0.9869793,0.9896415,0.989137,0.9885847,0.9904401,0.9900553,0.9908016,0.99072677,0.98560655,0.9900641,0.98870534,0.9795278,0.98935646,0.9987069,0.9796973,0.9893134,0.99140155,0.9873223,0.98378116,0.980407,0.99041754,0.9878663,0.9873232,0.9863782,0.9766639,0.9913163,0.98042345,0.99030554,0.98624784,0.98624414,0.99019694,0.9547827,0.9888678,0.9913585,0.9882413,0.9817327,0.98998755,0.9805618,0.9881966,0.99001276,0.9914889,0.9915003,0.9902465,0.9873729,0.98742145,0.98714536,0.9835168,0.9888296,0.9859987,0.98800105,0.9781116,0.98439187,0.9897294,0.9904403,0.98996395,0.98544973,0.99033237,0.9924459,0.9919883,0.9915971,0.99053156,0.99282384,0.9910211,0.990723,0.9848911,0.98868835,0.98862654,0.9914584,0.984942,0.9918293,0.98902786,0.98831356,0.9918034,0.9784041,0.9873913,0.98210293,0.98699135,0.9876588,0.990692,0.98748285,0.9869495,0.9828979,0.98699147,0.9650061,0.9875448,0.98726714,0.9894966,0.9834478,0.9874883,0.9872731,0.9757996,0.9895603,0.99049026,0.98918104,0.97591823,0.98625064,0.9881915,0.9885008,0.9903252,0.98845404,0.9897295,0.985211,0.9915859,0.9821409,0.9880979,0.98478866,0.9879532,0.98735464,0.99063116,0.9913951,0.98797727,0.9918582,0.98374104,0.9902535,0.96782905,0.9842698,0.9911519,0.99169636,0.98260033,0.9909834,0.9861015,0.98815924,0.98752254,0.990184,0.9831597,0.98971266,0.9926661,0.9862,0.9871513,0.9806177,0.98378754,0.98793703,0.9866862,0.9895897,0.98803276,0.9785438,0.9915434,0.9844852,0.9890416,0.99038994,0.9899486,0.9882852,0.9870464,0.99264854,0.9887952,0.9887277,0.9891532,0.9902281,0.988591,0.9889682,0.98826516,0.9734343,0.96489763,0.9781991
ipip275,0.9843827,0.98673385,0.9862936,0.9841507,0.9843128,0.98501116,0.98626727,0.9876171,0.9886521,0.98482805,0.9844417,0.9861319,0.98515624,0.9838918,0.9851155,0.9851082,0.98657626,0.9829438,0.98722774,0.9867368,0.9862383,0.9866411,0.9850652,0.9876653,0.98467314,0.9873268,0.9866491,0.98697275,0.98459077,0.98692757,0.9851651,0.9890906,0.9845046,0.9863715,0.98555523,0.98484904,0.98558533,0.9844005,0.9849254,0.98518234,0.9838449,0.98801696,0.98508716,0.9826862,0.9834496,0.9864438,0.9862805,0.98458624,0.98550767,0.9833651,0.9853249,0.97241193,0.98572874,0.9844147,0.98628896,0.986404,0.9765387,0.9852675,0.9842366,0.98849064,0.9829206,0.9835477,0.984522,0.98515284,0.98384595,0.9860154,0.9877353,0.991915,0.9865383,1.0000006,0.98387,0.9846498,0.9831519,0.9837061,0.9868144,0.97023857,0.98374724,0.9842699,0.988175,0.98837113,0.98778135,0.9864535,0.9818465,0.9838874,0.98554313,0.98584753,0.98642504,0.9839796,0.98528314,0.9884855,0.9840912,0.9839735,0.98576236,0.9802951,0.9804889,0.980666,0.9840287,0.98704034,0.97841716,0.9802908,0.98393774,0.9846801,0.98419213,0.9832088,0.98606133,0.9808763,0.9868366,0.98291534,0.98830223,0.9861864,0.9866925,0.9802602,0.98422,0.98673904,0.9868795,0.98428893,0.98602474,0.98637617,0.98556626,0.98459476,0.98544747,0.9830932,0.9863645,0.9834485,0.9842364,0.98244566,0.9863048,0.9868279,0.98751414,0.98429847,0.985241,0.9757786,0.9831664,0.9820845,0.98451054,0.98537403,0.9868588,0.9908813,0.98583066,0.9829596,0.98325694,0.9870417,0.985261,0.98712534,0.98698866,0.9814154,0.98542845,0.98638034,0.9862348,0.9866893,0.9851311,0.98308945,0.98203146,0.9810726,0.9841699,0.9848928,0.9846218,0.9829157,0.97859323,0.98516876,0.9818654,0.98669165,0.9821369,0.98314,0.9848853,0.961603,0.9867085,0.9863008,0.98338497,0.980298,0.9838835,0.98492354,0.98302656,0.9846756,0.9864373,0.98679227,0.9875965,0.9866725,0.98589927,0.9847579,0.9837193,0.98759127,0.98320776,0.98765486,0.9858767,0.98265034,0.9864172,0.98652416,0.9861963,0.983643,0.98727673,0.9872315,0.9875089,0.98661107,0.98572594,0.9861411,0.9868576,0.98594534,0.9819835,0.987366,0.9858798,0.9855826,0.9866339,0.98749757,0.98608536,0.98509985,0.9857151,0.98246413,0.9876665,0.98470104,0.98544204,0.9830884,0.9860766,0.98559123,0.98734593,0.982376,0.9854082,0.9747389,0.9868601,0.98483646,0.98494875,0.9810749,0.98603857,0.98648524,0.97674245,0.985754,0.9851008,0.9872076,0.9808451,0.9856227,0.9867655,0.98472446,0.98578167,0.98474354,0.98525006,0.9842862,0.9859818,0.98198843,0.98495775,0.98341644,0.9850851,0.9869027,0.9867953,0.9898523,0.9867192,0.9900368,0.98589367,0.98330504,0.97660655,0.9853465,0.989534,0.98938924,0.9864043,0.98983926,0.98871034,0.9865717,0.9867519,0.98583907,0.98414296,0.9870218,0.9879425,0.9866424,0.98893654,0.9826728,0.9898892,0.9859645,0.9843144,0.98527914,0.984934,0.9811599,0.98752815,0.9917039,0.9846482,0.9873856,0.9859341,0.9860619,0.9844306,0.9848144,0.98579603,0.9861814,0.9884364,0.98718596,0.9880475,0.9878933,0.98665357,0.98113686,0.974824,0.9828529
ipip10,0.99581856,0.9847266,0.9912889,0.98292553,0.9906322,0.9842041,0.9948472,0.9839321,0.99169636,0.98214024,0.98386335,0.99237686,0.98460776,0.98280877,0.9803245,0.98768365,0.9905691,0.9834819,0.99003154,0.98778564,0.9914917,0.98845345,0.9932954,0.9917843,0.9867861,0.9902699,0.9809249,0.99028337,0.9853979,0.9865547,0.99233776,0.9873298,0.98657686,0.9917668,0.9947246,0.99203736,0.9918678,0.9941434,0.98954433,0.9892889,0.9799176,0.99056655,0.987373,0.98068345,0.98140085,0.9910964,0.98554015,0.98460627,0.98976713,0.9830522,0.9861272,0.9587449,0.989504,0.98053235,0.9806041,0.9842128,0.9742003,0.979116,0.98147666,0.9875788,0.9930199,0.9866739,0.9938988,0.98766273,0.9871612,0.98433346,0.9919085,0.99283123,0.98983735,0.98387,0.9999999,0.99348956,0.9805929,0.992557,0.98657167,0.9546197,0.98302615,0.9887612,0.9875824,0.99106747,0.9903945,0.9932528,0.98340946,0.9929194,0.99066633,0.99493515,0.9918671,0.98006487,0.9789604,0.99003404,0.9881731,0.99492115,0.9904845,0.97978747,0.9748538,0.9769892,0.9961946,0.9851947,0.97549045,0.9686004,0.98719543,0.99416023,0.9906119,0.9877499,0.9904726,0.97092235,0.99153066,0.98332703,0.99035716,0.99493146,0.99498564,0.98750883,0.98667014,0.98613024,0.9926014,0.98728096,0.9920104,0.9934042,0.9931493,0.9848869,0.9935114,0.98651767,0.9909007,0.9919515,0.99306256,0.983682,0.98475033,0.9886097,0.9865723,0.9849513,0.99567646,0.97094053,0.985008,0.97798854,0.9936212,0.99231076,0.99003714,0.9905531,0.99486285,0.9954246,0.9954114,0.99198514,0.98468864,0.99121124,0.9912264,0.97763205,0.9896683,0.99064577,0.97579706,0.9878308,0.9935994,0.98697066,0.97924614,0.97729325,0.99526596,0.9898733,0.98886645,0.9898484,0.9744812,0.99493235,0.98070085,0.9948703,0.98992735,0.98507124,0.9956971,0.9524664,0.9936087,0.9880487,0.9911816,0.9839544,0.99665844,0.980298,0.9937337,0.9922676,0.9919568,0.9928756,0.99274325,0.9883763,0.9868497,0.98801106,0.98009264,0.98641634,0.98397624,0.9861956,0.9733065,0.9844266,0.9926934,0.9927221,0.9924464,0.9826206,0.99171203,0.99269295,0.99278957,0.9920826,0.99286294,0.9949222,0.9931545,0.9952024,0.9818682,0.98369724,0.98921883,0.99470097,0.98141074,0.993061,0.990293,0.98887557,0.993558,0.9711943,0.98278177,0.9778654,0.986953,0.9884447,0.9916371,0.9881147,0.9838898,0.9806553,0.98779064,0.9563797,0.98630553,0.99060684,0.9948952,0.9816565,0.98840266,0.9869488,0.9713737,0.9928332,0.994482,0.98994887,0.96730685,0.983115,0.9889799,0.98983896,0.9921458,0.99025697,0.99198943,0.98467237,0.99170786,0.9858708,0.99251837,0.98569554,0.9891976,0.9860146,0.9931655,0.98695815,0.98537683,0.9911475,0.9851947,0.99763846,0.96367383,0.98830724,0.99359643,0.9937714,0.98080987,0.9935463,0.98648185,0.9891893,0.98895884,0.99217594,0.98362666,0.99210465,0.9930288,0.9825337,0.98488903,0.9741744,0.98208475,0.9913013,0.98948514,0.9898434,0.99021244,0.97519374,0.99664927,0.98364013,0.99061906,0.9936249,0.99078876,0.99105245,0.98864585,0.99204504,0.9864068,0.99220335,0.98826814,0.9925095,0.98688775,0.98744243,0.98837304,0.9694485,0.9596029,0.98051685
ipip40,0.9908011,0.9858398,0.98806906,0.9842277,0.98837185,0.98479784,0.9909377,0.9852471,0.99130416,0.9835191,0.98639077,0.9908558,0.987998,0.98421824,0.983593,0.988924,0.98921,0.98604465,0.99063253,0.9873176,0.99110603,0.9870792,0.99440426,0.9908299,0.9875795,0.99098223,0.98461723,0.98995566,0.98668796,0.9877401,0.9916999,0.9889438,0.9878153,0.9913056,0.98956007,0.99231297,0.9905905,0.98908716,0.98946995,0.98928183,0.9843827,0.99137765,0.9885137,0.98501086,0.9839413,0.9909414,0.9880341,0.9840558,0.98916113,0.98516446,0.98826516,0.967835,0.9888328,0.98254156,0.98279506,0.9886822,0.9763224,0.98432976,0.9850131,0.9888932,0.9886125,0.98777443,0.99094814,0.9868356,0.9882559,0.9867771,0.98991853,0.9902389,0.9886224,0.9846498,0.99348956,0.9999994,0.98237514,0.99112314,0.98770094,0.96771145,0.987922,0.9903548,0.9901518,0.99047774,0.98975486,0.992086,0.98652536,0.9886374,0.9905829,0.990759,0.9899438,0.98395616,0.98107713,0.98816955,0.9871383,0.99183923,0.98954123,0.98279476,0.9776284,0.9819981,0.98961955,0.9878465,0.9801023,0.97638464,0.989603,0.9914988,0.989289,0.9887219,0.98968863,0.9799468,0.99066496,0.9850336,0.9907428,0.9901739,0.9914345,0.98570293,0.9882179,0.9887,0.9908657,0.9922206,0.9909252,0.9911769,0.9891204,0.9881047,0.9928633,0.9895661,0.99134475,0.9899522,0.99210733,0.9862268,0.98858345,0.98912686,0.9877534,0.9866732,0.9931617,0.9777945,0.9886634,0.98150015,0.9924378,0.9927865,0.99060756,0.9918136,0.99187773,0.99032825,0.99067396,0.99165285,0.98655856,0.99054885,0.99016505,0.98094773,0.9899407,0.98927784,0.984675,0.9882862,0.9919757,0.98893267,0.9853953,0.981033,0.9908542,0.9945912,0.99411434,0.9927183,0.97806585,0.99073243,0.9865762,0.9937538,0.9885078,0.98716503,0.9903496,0.96127963,0.9928443,0.98945355,0.9877654,0.98600787,0.99243575,0.98608524,0.99004096,0.99180126,0.99052346,0.9922421,0.991363,0.9878737,0.9881483,0.9904839,0.9853594,0.98890984,0.9876152,0.9882542,0.97803503,0.9873664,0.9921252,0.9922675,0.9922616,0.9870185,0.99101317,0.99196094,0.9924024,0.9908821,0.99216384,0.9922372,0.99228275,0.9919796,0.98621345,0.9871058,0.9897766,0.99051607,0.9856475,0.9920307,0.99113595,0.9899113,0.9918864,0.9769584,0.98708534,0.98428446,0.9884498,0.98710424,0.99031293,0.98985803,0.98641455,0.98564047,0.9901575,0.9650705,0.98757035,0.9902954,0.99491584,0.9846778,0.9894131,0.98881775,0.97651047,0.9907671,0.99163824,0.98978776,0.97572005,0.9862125,0.99006593,0.9890796,0.9893144,0.98885727,0.99027187,0.9867889,0.9912136,0.9869724,0.9941757,0.9922112,0.99028456,0.9892767,0.99172777,0.98813534,0.9894326,0.9907964,0.9875269,0.99368626,0.9720404,0.9905516,0.99285275,0.9927497,0.98707587,0.9930225,0.98945946,0.9892865,0.98803616,0.9919597,0.9882819,0.991296,0.9920164,0.9857124,0.9876544,0.979257,0.9846696,0.99146014,0.9940391,0.99075794,0.9937274,0.9824416,0.9928309,0.987374,0.98991627,0.9925195,0.99085385,0.99363583,0.99229866,0.9903897,0.98662245,0.99227524,0.98771095,0.9903553,0.98747474,0.9870569,0.9889442,0.9724228,0.968219,0.9827038
ipip70,0.9796008,0.98217434,0.9823202,0.9801211,0.98073095,0.9864035,0.97987306,0.980282,0.9819022,0.9806627,0.9801043,0.98229015,0.9818577,0.98002315,0.9799367,0.9815088,0.9818922,0.97954863,0.9810312,0.981139,0.9831846,0.9815097,0.9820079,0.98201644,0.9834181,0.980803,0.9800588,0.9826764,0.9789618,0.980416,0.9823798,0.9821873,0.9800206,0.98108274,0.9785153,0.98265404,0.9798034,0.9771987,0.9802881,0.97970724,0.9804229,0.9815337,0.98142314,0.97657263,0.98021436,0.98151267,0.9803123,0.9784108,0.98029363,0.9819087,0.97785676,0.96863043,0.98137236,0.9782761,0.9789673,0.9804799,0.9740525,0.98040223,0.98094857,0.9829068,0.9782966,0.98174953,0.9805251,0.979949,0.97826844,0.9835029,0.9808992,0.9819569,0.98105437,0.9831519,0.9805929,0.98237514,1.0000001,0.9831448,0.98379874,0.96702737,0.97949916,0.9798087,0.9817489,0.9821079,0.98139274,0.98201686,0.9772097,0.97810996,0.9795763,0.97989786,0.97990334,0.9798652,0.9803555,0.980698,0.98241544,0.9796062,0.9819345,0.97895414,0.97740406,0.97899276,0.98074967,0.9810881,0.98002493,0.9742696,0.9825197,0.98189855,0.98158664,0.98130596,0.98072076,0.97588825,0.9808825,0.9814336,0.9821161,0.97980654,0.98045963,0.9780133,0.98181826,0.9820136,0.9808361,0.9830357,0.98176146,0.98113704,0.9802831,0.98077536,0.9804956,0.97969985,0.98240316,0.9802073,0.9802199,0.97892994,0.9809094,0.97991633,0.98070043,0.98105294,0.98119575,0.9706484,0.9811821,0.9789764,0.9802887,0.98396313,0.9880226,0.9828434,0.9793978,0.97914433,0.97806656,0.98232865,0.98207307,0.9829203,0.98290014,0.9793293,0.981137,0.98159385,0.97863954,0.9797706,0.98170936,0.98103714,0.97750396,0.97923714,0.97925466,0.9833939,0.98186785,0.9814044,0.9789033,0.9795728,0.97999835,0.98315203,0.9792276,0.9824643,0.97974974,0.95716214,0.9813168,0.9808913,0.9786834,0.97809976,0.98009473,0.9800425,0.9774755,0.9792226,0.98047507,0.9803839,0.98280686,0.98228353,0.9806749,0.9800417,0.97890836,0.982642,0.9803074,0.98177356,0.9806243,0.978932,0.98080605,0.98097014,0.9807104,0.98054177,0.98001754,0.9808461,0.98096496,0.9809036,0.981414,0.9798244,0.9814459,0.9802554,0.97773206,0.97999686,0.9799762,0.9803095,0.98199636,0.9815356,0.98241675,0.9816568,0.98075324,0.9790799,0.98012555,0.9788996,0.982637,0.9762928,0.97973776,0.98128605,0.9804665,0.9789307,0.98073643,0.965564,0.98191154,0.97942656,0.98134196,0.976507,0.98050624,0.98191994,0.97426057,0.98020524,0.9797282,0.98223233,0.9771698,0.980546,0.98107976,0.9810537,0.9804934,0.9803723,0.9800518,0.98128825,0.98054194,0.9778579,0.9819816,0.98211867,0.97986186,0.98114675,0.9804,0.98118913,0.98040324,0.9833168,0.9810294,0.97895336,0.9711394,0.98065865,0.98197776,0.98194885,0.97915983,0.9820318,0.9806467,0.9805882,0.9811368,0.9803482,0.97945374,0.98141354,0.98095447,0.9798298,0.9798282,0.97574,0.9802229,0.98364747,0.981685,0.98114413,0.98301524,0.9820618,0.98176646,0.9828923,0.9806975,0.9816717,0.98171705,0.98204684,0.9817071,0.9799265,0.9816274,0.98181504,0.98027873,0.97928643,0.9791777,0.9792614,0.98072195,0.976542,0.970871,0.9798556
ipip100,0.9883128,0.9847328,0.9866083,0.98353803,0.98800874,0.98293155,0.988356,0.9844313,0.988199,0.98317933,0.9834998,0.98871535,0.9844174,0.98282665,0.9817322,0.9848333,0.98644364,0.98147297,0.9861574,0.9860671,0.9874297,0.9867204,0.9899625,0.9871841,0.98503214,0.9867668,0.98304707,0.98623407,0.98259896,0.98394376,0.987448,0.9865862,0.9839375,0.9869843,0.9870414,0.99015695,0.9867823,0.98578566,0.98480487,0.98599637,0.9831947,0.9871348,0.9850683,0.98096496,0.98095334,0.98725486,0.9849452,0.9821148,0.9871363,0.98269236,0.984513,0.96610415,0.98981565,0.98220557,0.9797635,0.9860749,0.9774421,0.98005354,0.98268545,0.9862639,0.98528224,0.9845597,0.9884416,0.98548543,0.98297924,0.98323846,0.98679817,0.9872874,0.9839559,0.9837061,0.992557,0.99112314,0.9831448,1.0000006,0.98671925,0.9640217,0.98254573,0.98508894,0.9865437,0.9884794,0.9866476,0.9886303,0.9824823,0.9850307,0.9866899,0.98814225,0.98674357,0.98063314,0.9793648,0.9860703,0.98533714,0.9874967,0.9872627,0.98130286,0.9751545,0.9820321,0.9890596,0.9834102,0.9767833,0.9734614,0.98600185,0.9879108,0.9862227,0.9842149,0.9867416,0.9738187,0.9857098,0.98015106,0.98676354,0.9878901,0.98831123,0.98341215,0.985437,0.9842979,0.98780394,0.987427,0.98722297,0.98793596,0.98646814,0.98484117,0.98830974,0.9857937,0.9879143,0.98752743,0.9879374,0.9809708,0.9854177,0.9864889,0.98309195,0.9837323,0.9913245,0.97216016,0.9862106,0.9782636,0.9899008,0.9884453,0.98608947,0.9895019,0.9885088,0.98771954,0.9862241,0.9873055,0.98231536,0.9873308,0.98724383,0.98028606,0.9851743,0.98438615,0.9802631,0.98476064,0.9876574,0.98458064,0.9794283,0.9800761,0.98788905,0.9873099,0.986897,0.9893301,0.9783298,0.98764104,0.9845831,0.99086875,0.98667246,0.9830086,0.98804,0.95917606,0.9900352,0.9849298,0.9870205,0.98303527,0.9897323,0.9826941,0.9863661,0.9864965,0.9861746,0.9885584,0.9878353,0.9865081,0.9844696,0.98569185,0.9802968,0.9855489,0.98430115,0.98598665,0.9773488,0.98472166,0.9880653,0.9882103,0.98770005,0.98241276,0.9864691,0.988474,0.9884705,0.9866697,0.98774266,0.98839694,0.98830515,0.9881521,0.98131084,0.98369974,0.9871664,0.987113,0.9832803,0.988527,0.9871311,0.98642695,0.9873946,0.97337717,0.98258245,0.9795954,0.98566616,0.983357,0.98572344,0.9870256,0.9841485,0.98046905,0.9850036,0.9614572,0.9841475,0.98567826,0.98977476,0.98218477,0.98708934,0.98576695,0.974118,0.98715156,0.98798054,0.98725945,0.9710142,0.9806254,0.98677564,0.98782885,0.98741764,0.98481584,0.9881895,0.9856521,0.987272,0.98687315,0.9899941,0.9863975,0.9864901,0.9848114,0.98870724,0.9839237,0.98586065,0.9876411,0.9867089,0.9890653,0.9710662,0.98915863,0.9886638,0.9886595,0.98289317,0.98855,0.9860632,0.98696953,0.9855247,0.98837507,0.9860812,0.98631495,0.9886816,0.98299885,0.98551434,0.9797398,0.9834069,0.99215645,0.9881874,0.98549926,0.98824555,0.980009,0.99065685,0.9856768,0.9878431,0.98924875,0.9895625,0.9897132,0.98908997,0.9867892,0.98469186,0.98838204,0.9851629,0.9877325,0.98589927,0.9841535,0.986901,0.97541857,0.96772736,0.9840571
ipip130,0.98631,0.9864068,0.9874907,0.98488533,0.98565936,0.98455924,0.98641753,0.9849991,0.987342,0.9839748,0.9846076,0.99030155,0.9872408,0.98763776,0.98566204,0.987287,0.98925716,0.98429793,0.9895115,0.9880851,0.9894015,0.9874066,0.98666054,0.9873572,0.9870556,0.988012,0.9840721,0.9888126,0.9856869,0.9874155,0.9871852,0.98592013,0.9818775,0.9879792,0.9862625,0.9860643,0.98731357,0.98429716,0.9875583,0.9876664,0.9819444,0.98652875,0.9869618,0.98238647,0.98396266,0.9865784,0.98737776,0.9851212,0.9870636,0.98659104,0.9834968,0.9690307,0.98654985,0.98308426,0.9815068,0.98455054,0.97766775,0.9845929,0.9848287,0.9853708,0.9876328,0.9884679,0.9897541,0.98686934,0.9875618,0.9887018,0.9882947,0.98771566,0.9855823,0.9868144,0.98657167,0.98770094,0.98379874,0.98671925,0.99999917,0.9695468,0.9867542,0.98780376,0.9864961,0.98709,0.98955613,0.98996705,0.9874156,0.98666394,0.98896563,0.98876053,0.98872876,0.9876057,0.98813725,0.9869816,0.9894003,0.9882244,0.9915776,0.98490417,0.98530656,0.9840018,0.98486966,0.9850892,0.98485357,0.97948307,0.9896586,0.98860264,0.98974425,0.9877667,0.9927814,0.9795174,0.9871086,0.9823468,0.98895824,0.9884992,0.98793775,0.98488843,0.989353,0.988168,0.9897976,0.98851883,0.98881185,0.9906049,0.98810357,0.98845017,0.9889919,0.9851161,0.98730016,0.9867082,0.98753494,0.98363996,0.98542225,0.9875683,0.98392546,0.9879284,0.98642546,0.98072565,0.9864104,0.98645115,0.9853544,0.98680264,0.9860793,0.9872885,0.986887,0.98403794,0.9870609,0.989581,0.9887978,0.9876498,0.9899659,0.9833943,0.9888811,0.98615074,0.9813181,0.9879631,0.988065,0.9879313,0.9890947,0.98582196,0.9871138,0.9871176,0.9870856,0.9860984,0.9842753,0.9868695,0.98360664,0.9873632,0.98473525,0.9846574,0.9853767,0.9603037,0.9860594,0.9876448,0.983983,0.98364747,0.98487955,0.98502856,0.9845324,0.98674244,0.9853151,0.98712224,0.9879043,0.98498213,0.98582643,0.9858039,0.9851498,0.9870247,0.98592335,0.9870493,0.9831515,0.9864369,0.9873014,0.9869246,0.9870669,0.9861712,0.98717546,0.9870387,0.9876889,0.98636234,0.9886703,0.9872809,0.9875618,0.98512834,0.9834779,0.9863079,0.98653024,0.98519635,0.98498195,0.9875731,0.9859413,0.9854437,0.9865382,0.9824221,0.98520386,0.9823412,0.98531485,0.983681,0.9849969,0.9871447,0.9852895,0.98465335,0.986901,0.9739849,0.9916568,0.988881,0.9862511,0.98101854,0.9863965,0.988108,0.9775359,0.98572755,0.985865,0.9874278,0.97825235,0.98435533,0.98594195,0.98752904,0.9881215,0.98704267,0.98731285,0.9865018,0.9876108,0.9822635,0.9861425,0.984301,0.98719406,0.98958874,0.9874493,0.9879086,0.98654747,0.9884613,0.9861046,0.9854483,0.9714809,0.9845619,0.9887331,0.9883713,0.9858881,0.9890181,0.98734087,0.9869591,0.9858441,0.9873892,0.9850493,0.98770374,0.9874856,0.98514545,0.9856034,0.97964764,0.9848804,0.9874886,0.98689234,0.98565567,0.987828,0.98355114,0.9874824,0.9849899,0.98825026,0.98676616,0.9887986,0.9880259,0.98565173,0.98697144,0.9875493,0.9876546,0.98461896,0.98679686,0.98562205,0.9837988,0.9868499,0.97652805,0.97154695,0.984107
ipip160,0.95631045,0.9661185,0.9611081,0.96455663,0.95894027,0.9635194,0.95948863,0.96912915,0.96451676,0.96511716,0.9695658,0.96262926,0.96919715,0.96937346,0.9675239,0.9675324,0.96787477,0.96336365,0.96598965,0.9690236,0.9646143,0.96233475,0.9626936,0.9624665,0.963254,0.9663003,0.9677625,0.9654233,0.96855325,0.96680945,0.9611271,0.9678003,0.96324736,0.9631173,0.9562945,0.96137553,0.9637036,0.95510733,0.96590453,0.9635177,0.97074497,0.9667747,0.96405894,0.9699056,0.96407855,0.96201247,0.9654709,0.96144074,0.9637719,0.96598685,0.962424,0.9660114,0.9638327,0.9669666,0.9647211,0.9702255,0.96082014,0.97104067,0.9689052,0.9682895,0.9546241,0.9632729,0.9584363,0.9613159,0.95951074,0.96773994,0.9645291,0.96308917,0.96064603,0.97023857,0.9546197,0.96771145,0.96702737,0.9640217,0.9695468,1.0000005,0.9751995,0.9719725,0.967783,0.96291786,0.96303606,0.9663298,0.9691816,0.9553871,0.96294737,0.9599277,0.9656894,0.973341,0.9679866,0.9643993,0.9636392,0.95758694,0.9657461,0.9648277,0.96631914,0.9688977,0.9523707,0.9657966,0.966181,0.9742427,0.96896654,0.9595071,0.9612367,0.96335864,0.9630228,0.97364646,0.9645222,0.9634541,0.9690927,0.9597452,0.9610386,0.9569412,0.9674586,0.97096103,0.9636611,0.9678457,0.96516675,0.96033067,0.958332,0.97363865,0.96275944,0.9663151,0.9646052,0.9581036,0.9615446,0.9648011,0.97308534,0.9674465,0.9627471,0.9707061,0.95915824,0.9637558,0.9679051,0.9689612,0.96157646,0.96355677,0.9658727,0.9688207,0.96045244,0.9533099,0.95357877,0.9640989,0.968633,0.96225166,0.9632231,0.9687324,0.96728396,0.9604258,0.9737162,0.9671413,0.9613662,0.9660883,0.96920663,0.9670993,0.9558807,0.96744084,0.9688354,0.96324384,0.97030914,0.9578754,0.9691048,0.96174276,0.9560656,0.9626723,0.9534439,0.95546997,0.9643981,0.9648273,0.9566715,0.9627602,0.9547577,0.96844715,0.9560465,0.95997244,0.9599388,0.9631738,0.9637945,0.9641578,0.96670216,0.9677544,0.97141284,0.96828127,0.9670229,0.96756375,0.9722035,0.9674711,0.96514946,0.9647415,0.9655045,0.97042376,0.96703607,0.9641058,0.9649984,0.96054953,0.96497345,0.96021897,0.96468985,0.959127,0.96776044,0.96937555,0.9667969,0.9567683,0.9714204,0.9639181,0.9633244,0.9618504,0.9608049,0.9704077,0.9722554,0.97173566,0.9655785,0.96144235,0.9594836,0.9661997,0.96691513,0.9674254,0.97041345,0.96644086,0.96988624,0.9636931,0.9607418,0.9661512,0.9666367,0.96652555,0.9685888,0.9610871,0.9598222,0.96629685,0.97087336,0.967316,0.96757376,0.9637284,0.95850635,0.95834315,0.9610763,0.9659784,0.961022,0.9605799,0.96342015,0.9705924,0.9632062,0.96904165,0.9632191,0.9654126,0.9735262,0.96841323,0.96517843,0.95453113,0.9678872,0.9628097,0.96260923,0.96194434,0.9724461,0.96299565,0.9676798,0.9647325,0.9636335,0.9608308,0.967533,0.96140796,0.9645048,0.96726674,0.9727084,0.9678406,0.9707622,0.9658324,0.9690152,0.9607371,0.96618253,0.9717541,0.96040523,0.9706658,0.9603553,0.96446365,0.9635261,0.9652507,0.9663179,0.95828575,0.9610897,0.9623621,0.96135485,0.9616823,0.96796936,0.96050036,0.96788317,0.96351725,0.9701271,0.9667418
ipip190,0.98342574,0.98157144,0.98328006,0.97972256,0.98144037,0.97997683,0.9851247,0.98454994,0.98652935,0.98034227,0.9854753,0.9856825,0.9858524,0.9850808,0.9805868,0.9869104,0.98850316,0.98295623,0.9872556,0.98692864,0.98705995,0.9820279,0.9848885,0.985596,0.9846774,0.9875982,0.9838665,0.987396,0.9880734,0.9860534,0.9851416,0.9857993,0.98201185,0.987467,0.98352695,0.9852724,0.98790604,0.98406845,0.9866272,0.9876706,0.9833375,0.9856877,0.9855933,0.9829191,0.9801381,0.9841748,0.9859787,0.9806065,0.9848162,0.9850799,0.98300004,0.97078925,0.98257285,0.9838309,0.9807306,0.9846325,0.974954,0.98255354,0.98220354,0.9858938,0.9827714,0.9840419,0.9847789,0.98286706,0.9830018,0.9822279,0.9871685,0.9846859,0.985109,0.98374724,0.98302615,0.987922,0.97949916,0.98254573,0.9867542,0.9751995,1.0000006,0.9942549,0.987621,0.9858521,0.98390895,0.9884647,0.9866328,0.98404855,0.9868605,0.9867741,0.9889253,0.98543745,0.9821485,0.98621136,0.9850112,0.98529506,0.98634595,0.9831525,0.9784139,0.98221487,0.98130554,0.98437023,0.9812041,0.9826279,0.9875873,0.9846476,0.9854654,0.9860629,0.9877895,0.98010695,0.98891187,0.9809386,0.9877032,0.9854338,0.9859131,0.9810881,0.986443,0.9872352,0.9879887,0.985904,0.9883124,0.9860481,0.98388743,0.9873548,0.98704445,0.9848399,0.9860403,0.98337877,0.9856042,0.98252374,0.9863169,0.9875775,0.9825415,0.98800737,0.98552495,0.9788014,0.9851269,0.984185,0.985084,0.9860791,0.9872368,0.98755497,0.98622704,0.98197836,0.983426,0.9863095,0.98368543,0.9843788,0.98647326,0.9829683,0.98882204,0.98573107,0.9821811,0.9868641,0.98622155,0.98626554,0.9871662,0.9811614,0.98400456,0.9859397,0.9867915,0.9861265,0.9819196,0.98518616,0.984396,0.98619044,0.9831665,0.98133314,0.98262346,0.96212333,0.9871666,0.98684365,0.9833341,0.98373556,0.9835231,0.9844562,0.9835005,0.9868425,0.98419714,0.98563594,0.9858425,0.98447967,0.9850231,0.986931,0.9869801,0.9854732,0.9860289,0.9858207,0.9796037,0.9834499,0.98746246,0.9871762,0.9875038,0.9875979,0.98967665,0.98608375,0.9865241,0.98499167,0.988194,0.9855842,0.9866356,0.98566025,0.9854351,0.987775,0.98688835,0.98445076,0.9857808,0.98611444,0.98504037,0.9840907,0.9857221,0.9800618,0.98491514,0.98378396,0.98400325,0.98397404,0.9841156,0.9859011,0.98418915,0.9827333,0.98748064,0.9708603,0.9878314,0.9882949,0.98574877,0.9813641,0.98562926,0.9862152,0.9763215,0.9846071,0.9856309,0.988079,0.9775006,0.9843362,0.9872369,0.986203,0.9833735,0.9814629,0.98417515,0.985269,0.9863118,0.98139596,0.9859651,0.985464,0.98713386,0.98641974,0.9860562,0.985611,0.98744,0.9863383,0.9815934,0.9833839,0.97147924,0.9836634,0.98641,0.98594534,0.9856688,0.98676306,0.9863826,0.9868436,0.9846998,0.98492265,0.98497003,0.9840035,0.9863142,0.98433936,0.98674494,0.98039895,0.9834912,0.98501617,0.98685414,0.98313844,0.9851898,0.9794693,0.9856489,0.9837342,0.9860738,0.98690593,0.985028,0.98491997,0.9848965,0.9855036,0.9833035,0.9826964,0.981934,0.9846535,0.9835457,0.981402,0.9863943,0.9717046,0.97028863,0.9782906
ipip220,0.98964435,0.9838853,0.987714,0.98181236,0.98478717,0.98228395,0.9902843,0.98538166,0.99005413,0.98174006,0.9857414,0.9892697,0.9859431,0.9862217,0.98243606,0.98818535,0.9911912,0.98533535,0.9906762,0.9894271,0.98994,0.9859206,0.98789823,0.98922145,0.98515075,0.99023193,0.9838818,0.98966265,0.9902947,0.9881578,0.98833567,0.9872902,0.9837642,0.98963684,0.9890608,0.98667973,0.9910621,0.9887151,0.9899188,0.98892874,0.983399,0.9885639,0.9869992,0.98392123,0.9811262,0.98720664,0.9853967,0.9823851,0.9876091,0.98606527,0.9851268,0.9675946,0.9857765,0.98405814,0.9812588,0.9855272,0.9745677,0.9829265,0.98421144,0.9870468,0.9876916,0.9852211,0.9892881,0.98514223,0.98551536,0.9840187,0.9900333,0.98812705,0.9883816,0.9842699,0.9887612,0.9903548,0.9798087,0.98508894,0.98780376,0.9719725,0.9942549,0.99999976,0.988276,0.98821175,0.98664147,0.9926303,0.98708797,0.9885319,0.9890195,0.991395,0.99204004,0.98582757,0.98165643,0.9883957,0.9875248,0.98976916,0.98933923,0.9830477,0.97881275,0.9810139,0.9867126,0.98509866,0.980454,0.9791637,0.9893044,0.9894772,0.9891048,0.9883873,0.9908705,0.97806644,0.99148303,0.9814198,0.9897367,0.99072385,0.990891,0.9848078,0.9879915,0.989232,0.99094063,0.98618203,0.9916857,0.98977184,0.9888478,0.9886081,0.991021,0.9878174,0.9897868,0.9878008,0.9895897,0.9845801,0.9879881,0.9911308,0.98503745,0.99012876,0.9888816,0.9774953,0.9850439,0.9842565,0.98848957,0.9891875,0.9891798,0.9891909,0.9913794,0.98785824,0.9892352,0.9896197,0.98573446,0.9880657,0.98999536,0.9827085,0.9918294,0.9888897,0.9808378,0.99019444,0.9900409,0.9884074,0.98468524,0.98000467,0.98918587,0.9883063,0.988763,0.9876326,0.98200125,0.98976755,0.9825159,0.9901868,0.9864396,0.9832612,0.98811597,0.9611067,0.98972476,0.98711497,0.9869764,0.9850091,0.98836464,0.9835031,0.9884822,0.9897429,0.98771155,0.99004585,0.9899301,0.9863928,0.9860927,0.98858285,0.98627883,0.98726517,0.9865253,0.987036,0.97846013,0.9853968,0.9905394,0.9905971,0.9907978,0.98587596,0.9924904,0.9901585,0.9903809,0.98847055,0.9926662,0.99039286,0.98981375,0.98990136,0.9851306,0.98614407,0.98903143,0.9889167,0.9847405,0.9897788,0.98771524,0.98533654,0.98977244,0.976908,0.98561037,0.9830173,0.9862519,0.9879418,0.9876108,0.9878937,0.9849545,0.98340905,0.98891014,0.96662205,0.9892582,0.99067414,0.989322,0.9838124,0.988183,0.98731446,0.977214,0.98899513,0.9898606,0.9901947,0.97472745,0.9845361,0.9891722,0.988942,0.98698753,0.98569584,0.98898816,0.9851796,0.98866516,0.9836026,0.9883476,0.98610747,0.98938453,0.98861706,0.98991907,0.98611087,0.9886654,0.9894259,0.9823109,0.98847467,0.96878684,0.9846123,0.98882186,0.98858917,0.98439723,0.9894555,0.9865652,0.9895423,0.98807603,0.98790413,0.98536456,0.9872911,0.99053055,0.98472637,0.98821145,0.97990555,0.9835629,0.987568,0.98901165,0.98572856,0.9875721,0.9789274,0.990583,0.98307914,0.98822415,0.9901659,0.98811173,0.9866595,0.98625845,0.9881554,0.9843315,0.98691785,0.9843099,0.9891099,0.9851711,0.98361367,0.98857886,0.9705903,0.9668984,0.97946155
ipip250,0.9884029,0.9871475,0.98760784,0.9863899,0.9874454,0.9847331,0.99063075,0.98677176,0.9932309,0.9869413,0.9869817,0.98847073,0.98688453,0.9855236,0.9848312,0.98725903,0.9888833,0.9876041,0.9893858,0.9885396,0.98953754,0.9859767,0.98940223,0.99182266,0.9862529,0.99027616,0.9906545,0.99002665,0.98690844,0.98972857,0.9916558,0.9910956,0.9889385,0.98918724,0.98838407,0.98860717,0.9895905,0.9879401,0.9881176,0.9883615,0.987075,0.99142724,0.98964804,0.98497564,0.98623073,0.9889881,0.9880309,0.9842935,0.98812705,0.9855356,0.9881699,0.97448045,0.988138,0.9860766,0.99145794,0.9903018,0.97635597,0.9875568,0.98590285,0.992154,0.9851243,0.985787,0.98821944,0.9888974,0.9847803,0.9856921,0.98934484,0.99025166,0.9885473,0.988175,0.9875824,0.9901518,0.9817489,0.9865437,0.9864961,0.967783,0.987621,0.988276,1.0,0.99790007,0.98695534,0.9890035,0.98489743,0.9860559,0.9873995,0.9884388,0.988595,0.98506904,0.9832485,0.98865324,0.98535794,0.9882719,0.98623806,0.98239505,0.9793074,0.98241335,0.98652035,0.9924587,0.98071814,0.9793945,0.9873489,0.9903888,0.98648524,0.986549,0.9870097,0.98152083,0.9897379,0.98250765,0.98957264,0.98823225,0.989809,0.982783,0.9874417,0.9875226,0.9888675,0.9865046,0.98905814,0.9891909,0.9879954,0.9857265,0.9899076,0.987335,0.99138975,0.98941505,0.9885389,0.9884437,0.9896051,0.990207,0.99378675,0.9879433,0.9891433,0.9792293,0.98662156,0.98319644,0.98784155,0.99035484,0.9894845,0.9924474,0.9903472,0.9865237,0.98661166,0.98883176,0.98677635,0.9882518,0.98808295,0.98247325,0.9874721,0.9886395,0.98700434,0.98818415,0.99129194,0.98862964,0.98311836,0.9820703,0.9876878,0.98781645,0.9875938,0.9877142,0.97952265,0.9884893,0.98562086,0.9909158,0.98688453,0.985816,0.98721266,0.96269274,0.9910134,0.9876231,0.9862158,0.9846326,0.9874829,0.98478144,0.98663497,0.9905617,0.9941381,0.9911188,0.9892206,0.9875067,0.9897995,0.98875904,0.98627007,0.99623185,0.9887899,0.99503,0.9844341,0.9859237,0.99025494,0.99092984,0.99044347,0.9889817,0.9894614,0.99196815,0.99173737,0.9950202,0.989003,0.9907552,0.9898838,0.99005383,0.98724735,0.988997,0.9877025,0.9888596,0.9857462,0.99129814,0.9907437,0.9907427,0.9921206,0.9818875,0.9889386,0.9874518,0.9895019,0.98623216,0.9940977,0.9917356,0.99645627,0.9865621,0.98760456,0.9706997,0.9869211,0.98766035,0.9889804,0.9838871,0.98911846,0.98986095,0.9787726,0.9892943,0.9891516,0.9905474,0.9801988,0.98659354,0.99015343,0.98941696,0.98876876,0.9872537,0.9892523,0.9895494,0.9882888,0.9837189,0.9887732,0.98659456,0.9876089,0.9869587,0.9900256,0.9910544,0.9903573,0.9902172,0.985422,0.9871974,0.9754451,0.9867491,0.99249274,0.9923397,0.9885119,0.99235266,0.99029917,0.98817325,0.9881872,0.99080914,0.985671,0.98829687,0.9916636,0.99367553,0.9890706,0.98289436,0.98965997,0.9887627,0.9875395,0.98780966,0.98717475,0.982405,0.9905785,0.9890187,0.99022675,0.9908598,0.99086666,0.9883086,0.9881071,0.9874118,0.9868821,0.98733133,0.9926142,0.99013454,0.9881589,0.9920942,0.99009013,0.9779208,0.97165036,0.9818736
ipip280,0.99108577,0.9868997,0.988646,0.9853739,0.98889196,0.9860551,0.99211943,0.9858135,0.99413717,0.985791,0.98625016,0.9903836,0.9856302,0.98439956,0.98461324,0.9869317,0.9887568,0.9876501,0.9898487,0.98826087,0.9896692,0.9874999,0.9903208,0.9933013,0.98646265,0.9902922,0.9895786,0.989749,0.9872241,0.98957044,0.9927917,0.9909461,0.98889095,0.99015605,0.99086696,0.98907965,0.98958826,0.98967445,0.98855716,0.9891676,0.98568714,0.9914522,0.98980474,0.9840654,0.98638904,0.9903019,0.98797065,0.9852153,0.9892568,0.98530775,0.98828995,0.97031116,0.98914844,0.9846974,0.9896988,0.9878092,0.97565866,0.986302,0.9844928,0.9906851,0.98794997,0.9868483,0.99049306,0.99058056,0.9859275,0.9860429,0.99076647,0.99207115,0.9901254,0.98837113,0.99106747,0.99047774,0.9821079,0.9884794,0.98709,0.96291786,0.9858521,0.98821175,0.99790007,0.9999993,0.9887247,0.99053466,0.9843232,0.9886097,0.98875797,0.99073046,0.9898474,0.9831433,0.98289835,0.9901149,0.98623276,0.9905947,0.9876301,0.9822792,0.9790334,0.9810853,0.99005365,0.99271435,0.9796685,0.9759645,0.9869646,0.9931827,0.98811,0.98756653,0.9887488,0.9794336,0.9904107,0.9829573,0.99023235,0.99076754,0.99194896,0.9848908,0.98774475,0.9872239,0.99007654,0.9867083,0.98995525,0.9906466,0.99080706,0.98486376,0.9904681,0.98698914,0.9911135,0.99106485,0.98930293,0.9880986,0.9881615,0.99006706,0.9940761,0.9874144,0.99032235,0.9758029,0.98625875,0.9817636,0.9884781,0.9919285,0.990202,0.9917831,0.9920567,0.98989207,0.99003726,0.9899471,0.98590255,0.99007577,0.98979497,0.98108584,0.98889494,0.9902837,0.9844881,0.98917353,0.9932004,0.98973346,0.9821438,0.98176366,0.99063855,0.98808014,0.9874978,0.9878812,0.9790793,0.9911218,0.9837535,0.99273515,0.9879716,0.9863161,0.99042565,0.95888495,0.9913778,0.98791814,0.9880295,0.98418385,0.9901293,0.98312694,0.9890992,0.99181545,0.9957802,0.9920714,0.9907945,0.98867685,0.98958176,0.98861593,0.9849055,0.99610764,0.9884117,0.9953263,0.98285586,0.98586226,0.9907471,0.9916417,0.9910847,0.9881443,0.9903043,0.99316573,0.9928052,0.9965971,0.9906543,0.9928691,0.99113476,0.99202955,0.9869717,0.98806566,0.98786414,0.9912513,0.9849776,0.9926629,0.9915732,0.9918859,0.9936328,0.9803673,0.98768926,0.98582387,0.9891775,0.9878989,0.9956099,0.9920319,0.9954586,0.9862647,0.98713475,0.9671009,0.98702955,0.98855644,0.9902147,0.9844026,0.9892763,0.9906661,0.97718173,0.99085194,0.99076533,0.991367,0.978315,0.9863953,0.99032754,0.99089384,0.99080855,0.98958415,0.9915126,0.9894983,0.9898429,0.984285,0.98961306,0.98598236,0.988672,0.9870838,0.9915491,0.9918238,0.98964125,0.9910156,0.98596597,0.98971874,0.9719466,0.98731405,0.9937792,0.99385583,0.9866317,0.9936201,0.99000365,0.9888406,0.9882713,0.9919949,0.985171,0.9902195,0.99293363,0.9931876,0.9885852,0.9807613,0.9870222,0.98957044,0.98704,0.98891014,0.987709,0.98078746,0.99295425,0.9880789,0.9915917,0.9913811,0.99211407,0.98887146,0.9877357,0.98916143,0.987949,0.9889875,0.99370915,0.99136615,0.98825556,0.99332726,0.9897221,0.97726876,0.96747786,0.9819806
ipip15,0.9898722,0.985881,0.9888601,0.98340136,0.9871701,0.9846342,0.989152,0.98439866,0.98972636,0.9821221,0.98541605,0.9942643,0.98714316,0.98449737,0.987362,0.9881428,0.98891085,0.98612905,0.990014,0.9865544,0.98900515,0.9868698,0.9899186,0.9892379,0.98654467,0.987759,0.9828454,0.9880001,0.9855136,0.98677903,0.9892654,0.98724735,0.9865006,0.989069,0.9893808,0.9875995,0.9881982,0.98802406,0.9875781,0.98770326,0.9801451,0.9879113,0.9867903,0.9816959,0.98378515,0.9884047,0.98660094,0.9857326,0.9875636,0.98418134,0.9862031,0.9651308,0.9870255,0.98076195,0.9824602,0.9839714,0.9743543,0.98625004,0.98285604,0.9870395,0.9898117,0.98576504,0.99069756,0.9872976,0.9876655,0.9874442,0.9895448,0.9900751,0.9886893,0.98778135,0.9903945,0.98975486,0.98139274,0.9866476,0.98955613,0.96303606,0.98390895,0.98664147,0.98695534,0.9887247,1.0000001,0.99104834,0.9848095,0.9904046,0.9898462,0.991353,0.98955727,0.9831219,0.98480934,0.9900129,0.9892843,0.9906569,0.9893025,0.98206055,0.9789199,0.9811457,0.9899209,0.98666,0.979656,0.97661996,0.9865036,0.99058545,0.9896261,0.98745435,0.9910838,0.9785698,0.9893334,0.98564774,0.99022007,0.9903628,0.99109066,0.98609596,0.9897072,0.9867647,0.98976594,0.98706603,0.9893215,0.9897436,0.98933756,0.98475784,0.9896676,0.98456657,0.9879149,0.98779553,0.9878495,0.9841187,0.98436856,0.98796,0.9863166,0.9851946,0.9883499,0.97538704,0.9850165,0.98098975,0.98744184,0.98980457,0.9895317,0.9879597,0.9898057,0.9889696,0.9903303,0.9946458,0.98609805,0.99053735,0.99018216,0.98283106,0.98974895,0.98860484,0.9797536,0.9884831,0.9897252,0.9863704,0.9820524,0.9809892,0.9896914,0.98891926,0.98858196,0.9858612,0.9782345,0.98952246,0.9812474,0.99002033,0.98628324,0.987778,0.98951405,0.95591515,0.9876868,0.9880772,0.9860593,0.982263,0.9888839,0.98308855,0.9875566,0.9886082,0.98842174,0.9891052,0.9887523,0.987244,0.9853949,0.986083,0.9839681,0.9865256,0.9846188,0.986387,0.9776254,0.9840849,0.9885139,0.988713,0.9882958,0.98346543,0.98912543,0.98950946,0.98923737,0.98912936,0.99059796,0.9903331,0.9891796,0.9886992,0.981505,0.98536783,0.98658144,0.9893819,0.98326284,0.98899835,0.98813486,0.9875464,0.98926944,0.97951543,0.9865471,0.9819605,0.9862213,0.98675364,0.98803025,0.9862714,0.9851349,0.9845151,0.98661554,0.9655358,0.98673564,0.9888084,0.9895079,0.98128206,0.9875381,0.9888779,0.9740467,0.9879885,0.9885992,0.9878938,0.9753146,0.9853177,0.98722494,0.9882335,0.9898518,0.98981833,0.9885925,0.9842828,0.9891642,0.98374885,0.9878064,0.9856057,0.98790693,0.98800915,0.9882686,0.9879832,0.98577625,0.9894942,0.9863947,0.9893176,0.9662708,0.98615396,0.98984045,0.99030846,0.98270124,0.9899107,0.9863462,0.98678535,0.98618895,0.9889329,0.9841259,0.99449795,0.989091,0.9843021,0.98562044,0.97669727,0.98316675,0.9878753,0.9874731,0.9876272,0.98827434,0.98063177,0.9901083,0.98563176,0.98694015,0.9882348,0.9895832,0.9895714,0.9869852,0.9894173,0.9872909,0.98878473,0.9871533,0.9895105,0.9870784,0.98732364,0.98771346,0.97460616,0.96730226,0.98342305
ipip45,0.9942364,0.9878374,0.99183404,0.9861383,0.99133515,0.9858164,0.9937321,0.9873935,0.9925583,0.98547673,0.98858577,0.9947776,0.98892176,0.98728716,0.98464626,0.9904877,0.99235386,0.9866235,0.9924318,0.9904389,0.99357617,0.9899486,0.99262226,0.99196506,0.9887332,0.9916621,0.9845032,0.9925451,0.9896034,0.9893881,0.992008,0.98973644,0.9870419,0.99335736,0.9935798,0.99095917,0.9925133,0.99223566,0.9918711,0.99281245,0.9831898,0.9909864,0.9897489,0.9868604,0.9847944,0.9921937,0.98939466,0.98675716,0.99228007,0.98718405,0.98765385,0.96628875,0.9906917,0.9847785,0.9828606,0.9876358,0.978149,0.9835251,0.9859255,0.9901977,0.9920321,0.9897423,0.9935704,0.9898907,0.989266,0.9878827,0.9926739,0.9916675,0.9907458,0.9864535,0.9932528,0.992086,0.98201686,0.9886303,0.98996705,0.9663298,0.9884647,0.9926303,0.9890035,0.99053466,0.99104834,1.0,0.989398,0.993144,0.99301887,0.99501705,0.99547815,0.9855862,0.98314273,0.9912614,0.98944837,0.99436724,0.9924198,0.9846975,0.98094434,0.98386884,0.99260396,0.9878024,0.98087364,0.9765285,0.99025846,0.9947821,0.9914617,0.98959774,0.9938273,0.97704417,0.99300313,0.9846211,0.9919004,0.9941072,0.9951824,0.98949194,0.99199104,0.9897417,0.99408716,0.98765326,0.9930983,0.9930939,0.9923712,0.9897307,0.99475133,0.9898395,0.99203503,0.99141043,0.99324685,0.98568875,0.98849785,0.9911878,0.9872158,0.99163383,0.99271613,0.9768729,0.9862726,0.98292935,0.9922528,0.99215794,0.9905577,0.99034715,0.9940185,0.992244,0.99373496,0.992696,0.98821115,0.9915038,0.99277234,0.9820495,0.9952711,0.99115205,0.9807173,0.99317974,0.99402195,0.99037504,0.98452395,0.98185605,0.9940304,0.9901945,0.99048847,0.98860264,0.9802212,0.9938473,0.9829551,0.99389344,0.9886513,0.9870264,0.99280953,0.9592423,0.9921917,0.9899096,0.9902147,0.98728275,0.9932511,0.98428446,0.9921814,0.99240875,0.99155515,0.9931155,0.9925663,0.9893291,0.98849607,0.99023986,0.98614097,0.9889424,0.9874075,0.98898304,0.9793546,0.98774695,0.99370605,0.9934756,0.9935242,0.9865149,0.9943922,0.9938204,0.99425995,0.9924139,0.9981075,0.9950901,0.99394447,0.99333173,0.9853139,0.988127,0.9910514,0.99299437,0.985782,0.9938719,0.991785,0.98998284,0.99319434,0.9770415,0.9865267,0.9828852,0.989117,0.9894154,0.99201965,0.98992723,0.98583484,0.9858652,0.9901787,0.9644085,0.9905515,0.9916539,0.9927845,0.9850092,0.99100745,0.99096036,0.97870684,0.9928028,0.99359334,0.9910262,0.97410506,0.9869275,0.99084055,0.9928374,0.9920061,0.990554,0.993442,0.98806834,0.9925113,0.98626554,0.9914666,0.98752856,0.9913175,0.98979914,0.9929939,0.9886731,0.9899049,0.99201506,0.9876686,0.9931353,0.9696834,0.9878717,0.99183,0.99240834,0.98373854,0.99224883,0.9876336,0.9917906,0.9909234,0.99192554,0.98653513,0.9915038,0.9938515,0.98623836,0.988857,0.9798266,0.98533326,0.990919,0.9896532,0.9893637,0.99027807,0.98115164,0.9939743,0.9849824,0.991307,0.99252164,0.9909347,0.9900199,0.989077,0.9925924,0.98813796,0.991011,0.98766357,0.9928174,0.98820823,0.98740333,0.9899415,0.9739934,0.9669071,0.9845104
ipip75,0.9845981,0.9822116,0.984381,0.98200583,0.9835038,0.9802592,0.9848825,0.982775,0.9855581,0.9812817,0.9883125,0.98596334,0.98649704,0.984537,0.98226106,0.98761344,0.9867393,0.9803181,0.9869513,0.98549056,0.9864863,0.9839712,0.98516387,0.98502934,0.98264134,0.98604965,0.98204035,0.98549706,0.9849199,0.984952,0.98520225,0.984286,0.98111993,0.9859209,0.9836004,0.98435056,0.9870651,0.9835655,0.9866595,0.98536247,0.9804263,0.9848312,0.98424053,0.9837782,0.98092246,0.98465693,0.9851997,0.9823166,0.98558444,0.9827045,0.9839499,0.96906835,0.9850811,0.9815689,0.9789181,0.98311245,0.9752405,0.9813213,0.9826603,0.98438144,0.9852078,0.98462987,0.9868509,0.9835396,0.9831343,0.98417675,0.98561394,0.98315835,0.9827547,0.9818465,0.98340946,0.98652536,0.9772097,0.9824823,0.9874156,0.9691816,0.9866328,0.98708797,0.98489743,0.9843232,0.9848095,0.989398,0.99999976,0.9841643,0.98845625,0.98635423,0.98832476,0.9851948,0.98094577,0.98428184,0.9849819,0.98695254,0.9871097,0.9820187,0.97887176,0.982328,0.9827436,0.98415387,0.9817356,0.97870314,0.9893942,0.9858835,0.98639244,0.986858,0.9884586,0.9774122,0.9870998,0.97979194,0.9864131,0.9860738,0.9858672,0.98242307,0.9860477,0.98568404,0.98740834,0.9849461,0.98645145,0.9851082,0.9837968,0.9861324,0.98812306,0.98546845,0.98487574,0.9829485,0.98663014,0.9803641,0.98366636,0.9859945,0.98113924,0.98442036,0.9849746,0.9777111,0.9825618,0.980991,0.98478305,0.98464,0.9841531,0.9856673,0.9856081,0.9813306,0.98374844,0.9857849,0.98377705,0.98431015,0.98579633,0.9803174,0.98507184,0.98273575,0.98025906,0.9861825,0.98622644,0.98618495,0.98416233,0.98129994,0.98524386,0.98463887,0.9857411,0.98345494,0.9792078,0.9851196,0.98150843,0.98524225,0.98088247,0.98185736,0.9823362,0.96239185,0.9860594,0.9838878,0.98114115,0.9833915,0.9840312,0.9831142,0.9833283,0.9858396,0.98406416,0.98484164,0.98481727,0.98258203,0.98275465,0.98614407,0.98355854,0.9839728,0.9844008,0.98419476,0.97763926,0.9832918,0.9873521,0.98669004,0.9869556,0.98384506,0.988252,0.98635185,0.98685616,0.9851,0.9875698,0.9860652,0.9861705,0.9844934,0.982345,0.98495865,0.9862047,0.9832846,0.98344934,0.98632276,0.984925,0.9846564,0.98500305,0.9758656,0.9829642,0.98141634,0.9831411,0.9814714,0.98428553,0.983878,0.98296225,0.98449373,0.9868078,0.96553886,0.9861063,0.9876141,0.9856653,0.98056597,0.9854091,0.9876475,0.9817953,0.98569256,0.9848137,0.9851843,0.973892,0.9818922,0.98556095,0.98602575,0.98471034,0.98392993,0.98571813,0.9837879,0.9846957,0.97993684,0.98535395,0.9828371,0.9851661,0.9864767,0.9860052,0.9834779,0.9856228,0.98433584,0.982865,0.9840766,0.9689199,0.9827261,0.98544294,0.9852173,0.9839312,0.98613125,0.9848856,0.98671603,0.9842336,0.9854444,0.9829714,0.9843047,0.98642963,0.9832358,0.98559767,0.9793795,0.982102,0.98452,0.9852549,0.98228574,0.98394346,0.97817814,0.98513013,0.98147225,0.9840841,0.9855376,0.98420715,0.9850958,0.98475116,0.98424965,0.9828883,0.9821137,0.98114747,0.9840697,0.9817645,0.98113614,0.9848881,0.9717945,0.9734603,0.9820181
ipip105,0.9942221,0.9843964,0.99192345,0.98277414,0.98956424,0.9836313,0.9932334,0.98354524,0.9901813,0.9819419,0.9847785,0.9924618,0.98491836,0.98331225,0.9809352,0.9880093,0.9897496,0.9859823,0.98993796,0.9872663,0.9909024,0.987086,0.98947126,0.9897564,0.98702127,0.98976135,0.98178816,0.9901171,0.9878198,0.9869671,0.99018645,0.9866185,0.9849613,0.9910719,0.9941346,0.9886884,0.9927473,0.9932578,0.98980105,0.98922694,0.97836447,0.9895256,0.9863671,0.98211294,0.98143494,0.9898675,0.98538494,0.98633796,0.9900496,0.9846,0.98545927,0.9599065,0.9861089,0.97973454,0.9798981,0.9823481,0.97489125,0.98101425,0.98153096,0.98602873,0.99103796,0.9855714,0.99130553,0.98867136,0.9877081,0.9840094,0.9913098,0.99115753,0.9886795,0.9838874,0.9929194,0.9886374,0.97810996,0.9850307,0.98666394,0.9553871,0.98404855,0.9885319,0.9860559,0.9886097,0.9904046,0.993144,0.9841643,1.0,0.99135774,0.9937547,0.9923235,0.9809758,0.98176664,0.9914099,0.9886374,0.9928917,0.989505,0.9801326,0.97583693,0.9768999,0.99254775,0.984389,0.97601974,0.9704655,0.985929,0.9924053,0.98978335,0.98735034,0.9911019,0.9705699,0.9907286,0.9807568,0.9878409,0.9927482,0.99298596,0.98742676,0.98726755,0.9865988,0.9922605,0.9845345,0.9912555,0.99241257,0.993168,0.9836141,0.99199283,0.98551774,0.98926556,0.99044794,0.9915978,0.9829703,0.98313266,0.98779094,0.98532933,0.9849854,0.9906809,0.97566235,0.9811987,0.97932094,0.9896131,0.9891523,0.9880108,0.9871613,0.9918235,0.99170774,0.9936285,0.9915311,0.98703223,0.9895474,0.99124676,0.9785596,0.98981166,0.98997533,0.9756698,0.98953056,0.9910094,0.98566633,0.97933865,0.9769764,0.9935461,0.9865583,0.9860288,0.9844326,0.9749306,0.9929156,0.9775634,0.99113846,0.9896228,0.98391366,0.9925833,0.9525293,0.9901355,0.98667926,0.9897139,0.9846184,0.9922562,0.9813704,0.99302083,0.991287,0.9900395,0.9912176,0.99061596,0.9877539,0.9855067,0.9857744,0.980355,0.9851782,0.98347,0.9854002,0.9743944,0.9828423,0.9906896,0.99017835,0.99039465,0.9814566,0.99137414,0.9904358,0.9910793,0.9904705,0.99219775,0.9929513,0.9906143,0.99219346,0.98090065,0.98361295,0.98651135,0.99209815,0.9795576,0.990775,0.9887325,0.9872549,0.99097323,0.9736972,0.9819316,0.9794056,0.9852651,0.9880027,0.9907834,0.9863324,0.9829481,0.9826026,0.98635024,0.9595853,0.9870953,0.98942065,0.9907802,0.9806063,0.9876781,0.98680973,0.97148,0.99038404,0.9918293,0.9877488,0.96724284,0.9839394,0.98647183,0.98856866,0.98981875,0.9893103,0.99020433,0.9846394,0.9905184,0.9827119,0.9886812,0.9826955,0.98861915,0.9863934,0.99092406,0.9864812,0.98476654,0.9889458,0.9838122,0.9925182,0.96318895,0.9838399,0.9907762,0.9911033,0.9792296,0.9907499,0.98459566,0.98802507,0.9883347,0.9886551,0.98203707,0.9914333,0.9909317,0.982307,0.98427695,0.9735455,0.9818008,0.9863689,0.9854588,0.98608845,0.9866025,0.9738486,0.9924222,0.98150146,0.9886139,0.99023104,0.9877558,0.9866807,0.9850357,0.9905381,0.9857338,0.9888588,0.98617536,0.9908356,0.98443174,0.98629206,0.9863934,0.970512,0.9602247,0.9791094
ipip135,0.99148417,0.98605984,0.990449,0.9843937,0.9893018,0.98409766,0.9909248,0.98660797,0.99092376,0.9837692,0.98714036,0.9912167,0.98779887,0.985723,0.983164,0.9885787,0.9903684,0.9863731,0.9905927,0.98798597,0.9914797,0.9887302,0.9905772,0.99022883,0.98663473,0.9913953,0.98539966,0.99034244,0.9888566,0.9881577,0.9897451,0.9875043,0.9856729,0.99066436,0.99053013,0.98972887,0.99124,0.9896503,0.9898615,0.99051094,0.98316425,0.9903551,0.9885172,0.98631054,0.98398477,0.9904411,0.9879316,0.9854831,0.9900319,0.98699343,0.9886288,0.9676004,0.98826325,0.98488045,0.98242986,0.9867964,0.9787808,0.98481405,0.984943,0.98740304,0.98850113,0.98775053,0.9904928,0.9884388,0.98675615,0.9855842,0.9905564,0.98963726,0.9875732,0.98554313,0.99066633,0.9905829,0.9795763,0.9866899,0.98896563,0.96294737,0.9868605,0.9890195,0.9873995,0.98875797,0.9898462,0.99301887,0.98845625,0.99135774,0.99999994,0.9907895,0.99103975,0.9850917,0.98318696,0.9889014,0.9883431,0.99149543,0.989498,0.9845245,0.978923,0.9817405,0.9889939,0.9859314,0.98014313,0.97628367,0.98805135,0.99099326,0.98877585,0.98885566,0.9921548,0.9769336,0.9905315,0.9822324,0.98886913,0.9912385,0.99118954,0.987137,0.99005467,0.98906386,0.9916314,0.98925066,0.9905307,0.9911544,0.99104714,0.9871829,0.9918267,0.98834115,0.98996353,0.98956394,0.99127424,0.9842346,0.9867448,0.98909324,0.9860187,0.98728406,0.9903666,0.9802581,0.98651093,0.9828642,0.9900209,0.9904172,0.98843575,0.9891715,0.9909079,0.98989624,0.99071026,0.99143624,0.9866527,0.9903676,0.99061894,0.9831379,0.99057007,0.9879586,0.9819594,0.99150777,0.990418,0.9881427,0.98476964,0.9801101,0.9915906,0.9898939,0.99041915,0.9888325,0.979961,0.9914389,0.9849103,0.9920827,0.98781043,0.9850564,0.99023825,0.96065277,0.992019,0.98786867,0.9887739,0.9879081,0.99064654,0.98623854,0.99066216,0.9916432,0.9889496,0.9903947,0.9900702,0.987975,0.9865202,0.98821133,0.985608,0.98664695,0.9859615,0.9874037,0.97747487,0.9854078,0.9910086,0.9908362,0.9906893,0.9849735,0.99214554,0.9906165,0.99121815,0.9893949,0.9927277,0.991278,0.99125314,0.9910568,0.98408484,0.98693043,0.9890091,0.9899856,0.98480976,0.9914272,0.9899947,0.98834467,0.99054176,0.97720486,0.9850726,0.9841459,0.98829967,0.9884341,0.98886406,0.9879343,0.9848313,0.98556155,0.9891304,0.9659549,0.98866206,0.9912256,0.991928,0.983661,0.9893061,0.9900883,0.97642094,0.989687,0.9903129,0.9897019,0.9740165,0.9846382,0.9896444,0.9897589,0.98855,0.9887477,0.99020797,0.9862481,0.9907063,0.9863642,0.9909752,0.9886251,0.991883,0.9903162,0.9911207,0.9871655,0.988921,0.98964334,0.9868669,0.9919196,0.9702311,0.988432,0.991019,0.9911689,0.98553413,0.99178356,0.98980284,0.99164563,0.9900114,0.9902523,0.98846704,0.9916142,0.9912418,0.9858683,0.9893168,0.98000747,0.98555917,0.9885212,0.9889896,0.9872595,0.98852795,0.97993845,0.9909347,0.983939,0.9890041,0.9905319,0.989083,0.9888698,0.9894207,0.9896035,0.9862778,0.99015146,0.98649824,0.9903339,0.98674965,0.9863555,0.9887419,0.97280735,0.9685109,0.982673
ipip165,0.9949453,0.9849719,0.9912103,0.9844962,0.99021226,0.9841565,0.9953414,0.98677546,0.9921379,0.98428714,0.9867403,0.99425423,0.987287,0.9856873,0.9836669,0.99148995,0.9929734,0.98516315,0.99260265,0.99146265,0.99310446,0.98818886,0.99094194,0.99160886,0.9860031,0.992188,0.9829505,0.9933,0.9893206,0.98876595,0.9920171,0.9896792,0.9869541,0.9929692,0.9959626,0.990255,0.9943758,0.9955907,0.9921488,0.9915182,0.9814973,0.99089664,0.9879556,0.9832437,0.9827908,0.9908238,0.98622745,0.98551893,0.99098974,0.98571146,0.9861489,0.96298623,0.98974204,0.9835747,0.9808192,0.9854021,0.97571397,0.98128253,0.9841489,0.98989296,0.9937836,0.988024,0.9943022,0.98779935,0.98867625,0.98565465,0.9945419,0.99308276,0.99038553,0.98584753,0.99493515,0.990759,0.97989786,0.98814225,0.98876053,0.9599277,0.9867741,0.991395,0.9884388,0.99073046,0.991353,0.99501705,0.98635423,0.9937547,0.9907895,0.99999934,0.99750656,0.98385316,0.9832148,0.9925653,0.98946244,0.99526244,0.9927627,0.9820568,0.97911566,0.980321,0.99435055,0.9867839,0.97934324,0.9730994,0.9893119,0.9937318,0.9918804,0.9887909,0.9926876,0.97452146,0.99370617,0.98359954,0.99183965,0.99586457,0.9966516,0.9874316,0.9888988,0.9897214,0.99543077,0.98577493,0.99446,0.9951579,0.9945661,0.98706496,0.9944145,0.9880808,0.991125,0.9912953,0.99343264,0.98500776,0.98693836,0.9910065,0.9858074,0.98855305,0.99346584,0.9734806,0.9836877,0.9814997,0.9923542,0.9908175,0.98943543,0.9906783,0.99545354,0.9936008,0.99534714,0.9924754,0.9871249,0.99101615,0.9935701,0.9794667,0.99168557,0.99069464,0.9781071,0.99122894,0.99365443,0.98743254,0.9809857,0.9785102,0.9954409,0.98820937,0.98709667,0.9868042,0.97747785,0.9955672,0.98010635,0.9941065,0.9914205,0.9852573,0.9951782,0.9569197,0.99334836,0.9874423,0.99084896,0.98570275,0.99422336,0.98143715,0.9939004,0.99171466,0.9913913,0.99345565,0.9932877,0.98936856,0.98797154,0.9902957,0.9845705,0.9874888,0.9852999,0.9877516,0.976446,0.9866977,0.9941683,0.99384123,0.9938639,0.9844693,0.99460405,0.99342084,0.99360055,0.9921076,0.9943424,0.9953548,0.993756,0.9952153,0.984172,0.9860606,0.9905789,0.9948947,0.9837281,0.9937395,0.99025625,0.9877225,0.99379075,0.97561055,0.98521256,0.981532,0.98697937,0.98993355,0.991713,0.9891225,0.9854999,0.9833292,0.98951715,0.9616319,0.99039567,0.9923702,0.99226147,0.9841862,0.9907593,0.9883279,0.97429156,0.99315816,0.9951874,0.9923002,0.9711884,0.9849902,0.9910019,0.9919619,0.9928362,0.9903485,0.9936848,0.98726207,0.991231,0.98550564,0.99043304,0.9840805,0.9901825,0.9877268,0.99342376,0.9875785,0.9873155,0.9916455,0.98451877,0.99430543,0.9656056,0.98604375,0.99269027,0.9929007,0.98222446,0.99283093,0.9870569,0.9907198,0.9902128,0.9914082,0.98405266,0.99179226,0.9936633,0.984076,0.98717886,0.9781827,0.98455054,0.9901113,0.9876637,0.9873623,0.98845315,0.9757373,0.9961965,0.9839938,0.99072975,0.9938798,0.9904538,0.9901449,0.9874762,0.9913874,0.9863378,0.9899207,0.98734516,0.99384916,0.9879189,0.98684675,0.9906627,0.9718466,0.9638431,0.9838576
ipip195,0.99281317,0.98582,0.9901233,0.98450506,0.98946625,0.9840366,0.99359304,0.98767024,0.9917841,0.98481554,0.98875266,0.9924655,0.9880746,0.987204,0.9831707,0.99138594,0.99243927,0.98551106,0.9925201,0.99210757,0.9926247,0.9880696,0.9900177,0.99093026,0.9863527,0.9921088,0.9846644,0.99314344,0.99152726,0.9890616,0.9915204,0.9902054,0.98667616,0.99294823,0.9938469,0.9898217,0.9935258,0.9931237,0.992317,0.99198806,0.983015,0.9908636,0.9879635,0.9855245,0.9840679,0.9903789,0.9871891,0.9850408,0.991496,0.98664784,0.987274,0.9672826,0.9891587,0.98632747,0.98172194,0.98721725,0.97703415,0.9831345,0.98479563,0.9903014,0.99157006,0.9881502,0.991829,0.98791945,0.9886204,0.9854901,0.9941237,0.99174255,0.98975134,0.98642504,0.9918671,0.9899438,0.97990334,0.98674357,0.98872876,0.9656894,0.9889253,0.99204004,0.988595,0.9898474,0.98955727,0.99547815,0.98832476,0.9923235,0.99103975,0.99750656,0.9999992,0.98604053,0.9840224,0.99238956,0.9889157,0.9931766,0.99239945,0.98368514,0.9805697,0.98210365,0.991284,0.9878025,0.9801424,0.97660583,0.9889171,0.99204946,0.99031717,0.98863435,0.99283814,0.9779113,0.99393916,0.9837924,0.9921363,0.99420106,0.994892,0.98699135,0.98992324,0.9905564,0.9947891,0.9859085,0.9940914,0.9933679,0.9924003,0.98866725,0.99365705,0.988921,0.99029493,0.9894002,0.9922101,0.98627007,0.9881877,0.99121255,0.9858988,0.98943603,0.9918229,0.97557473,0.9841255,0.9834954,0.9915617,0.9901422,0.98901033,0.99042296,0.9934872,0.99095273,0.9924956,0.9916999,0.9874204,0.98994243,0.99219984,0.98176396,0.99112606,0.98997104,0.9804376,0.9921366,0.99246806,0.9876884,0.98305154,0.97938305,0.9934031,0.988159,0.98802924,0.9866711,0.97926855,0.9940887,0.9811942,0.99251795,0.9891221,0.9851684,0.9922924,0.9607627,0.99236107,0.98778284,0.9897793,0.98671687,0.9918661,0.9830083,0.9917933,0.99137235,0.99043643,0.99202895,0.99238163,0.98951155,0.98871756,0.990743,0.98702055,0.9879894,0.98624486,0.9882327,0.9785419,0.9867029,0.9939147,0.99346936,0.9936419,0.98632085,0.9956465,0.9926792,0.99304456,0.991329,0.99367213,0.993756,0.993197,0.994007,0.9857693,0.988068,0.9911002,0.9931648,0.9859156,0.992872,0.98993933,0.98810965,0.9928523,0.97905946,0.98708177,0.9835842,0.98706776,0.99063814,0.9906312,0.98868906,0.9861106,0.98474383,0.99010164,0.9662864,0.99118656,0.99218315,0.9908772,0.9848225,0.9911647,0.9892605,0.9769877,0.9919838,0.993729,0.9925035,0.9746559,0.98699284,0.9915502,0.9911574,0.9906086,0.98867667,0.9928756,0.98728156,0.9906574,0.98526126,0.9898345,0.9848668,0.9905516,0.9881377,0.9923084,0.9883629,0.9884518,0.9915554,0.98475754,0.9916609,0.96816164,0.98589134,0.9917622,0.9921986,0.98419285,0.992313,0.98784626,0.9913791,0.9903847,0.9903533,0.9853186,0.99072814,0.99302626,0.9856205,0.9889669,0.9807976,0.985845,0.989451,0.9873844,0.9865451,0.98843366,0.9778692,0.99435985,0.9852894,0.98974925,0.9930096,0.9896847,0.9893136,0.98711157,0.9901468,0.9855149,0.98849916,0.9865794,0.9923889,0.9882841,0.9861291,0.9903733,0.97289544,0.96704364,0.98342675
ipip225,0.98274964,0.9856694,0.98328155,0.98134667,0.98046094,0.979899,0.98342043,0.98582506,0.9859923,0.98220676,0.9847272,0.9827252,0.9888281,0.99168426,0.9836234,0.98963493,0.98739505,0.98445916,0.98885274,0.98935825,0.9869497,0.98415977,0.9843696,0.9848386,0.98251003,0.9874354,0.98433554,0.98753756,0.98622984,0.9868285,0.98410934,0.98561126,0.9807052,0.98391,0.9830254,0.982437,0.9865364,0.9817215,0.9892695,0.9843436,0.98425335,0.98525065,0.9836047,0.98388636,0.9831118,0.9830991,0.98404586,0.980795,0.9845332,0.9852481,0.98119336,0.9741752,0.98392826,0.9870184,0.98297346,0.98529726,0.9741368,0.983377,0.9848669,0.9860283,0.9818337,0.9843311,0.9835822,0.981841,0.9818969,0.98600173,0.9845906,0.98323196,0.98229444,0.9839796,0.98006487,0.98395616,0.9798652,0.98063314,0.9876057,0.973341,0.98543745,0.98582757,0.98506904,0.9831433,0.9831219,0.9855862,0.9851948,0.9809758,0.9850917,0.98385316,0.98604053,1.0000001,0.985393,0.98315006,0.984061,0.9831661,0.9858705,0.98179466,0.9839738,0.98299205,0.97898084,0.9845105,0.9861802,0.9828096,0.9886634,0.98240787,0.9840348,0.98685765,0.9871871,0.9817173,0.9856636,0.98130167,0.9863788,0.983511,0.9839607,0.9776888,0.98434716,0.98668015,0.9854763,0.9844844,0.98554975,0.9849993,0.9824926,0.9856153,0.98653966,0.9842145,0.98411584,0.98288333,0.9849324,0.9841585,0.9860026,0.9876684,0.98260283,0.988713,0.98213863,0.9797106,0.98393327,0.988225,0.9819578,0.9838564,0.9848823,0.9858335,0.98369646,0.9780736,0.98095626,0.9879757,0.990413,0.9853298,0.9858194,0.9861178,0.9843709,0.98225343,0.983728,0.9857495,0.9837911,0.98352545,0.98561496,0.9819093,0.98141533,0.984189,0.98455906,0.98222244,0.9817262,0.9822758,0.9827871,0.9841435,0.98070246,0.9809143,0.98021597,0.96266556,0.9842233,0.9835635,0.980406,0.9815104,0.97945577,0.9817949,0.97984713,0.9849869,0.98220843,0.9834546,0.98348576,0.9817653,0.9829803,0.98578614,0.98657286,0.9849072,0.98260707,0.9846528,0.9806044,0.98355156,0.9867801,0.9861342,0.98628336,0.983987,0.98623717,0.9846976,0.9857169,0.9830004,0.9845862,0.9824684,0.98386556,0.98290807,0.98176247,0.9852893,0.9840532,0.980784,0.98361063,0.98353535,0.98280305,0.9819991,0.9839,0.98202425,0.98583925,0.98401845,0.9839776,0.98020464,0.981586,0.98319185,0.9840371,0.9836714,0.98539025,0.9747125,0.98847854,0.9859036,0.98221976,0.9792327,0.98538697,0.98599356,0.97684234,0.9815862,0.982311,0.98632455,0.9794402,0.9822182,0.9866132,0.9826304,0.9823229,0.9814741,0.9836316,0.9826799,0.98195016,0.9782998,0.9826726,0.98384196,0.9846001,0.9844204,0.9830824,0.98396534,0.98536915,0.9850274,0.979773,0.9796139,0.9739719,0.9802971,0.98513275,0.9844357,0.98554635,0.98547953,0.9852449,0.98527944,0.9873101,0.98244125,0.9835045,0.9835821,0.9853674,0.98409885,0.9849282,0.9805405,0.98730665,0.9836023,0.98392916,0.980036,0.98378843,0.9808688,0.9833134,0.98327637,0.9822909,0.98495436,0.98374665,0.98413634,0.9829176,0.9811114,0.9820814,0.9815477,0.98065674,0.98289734,0.98334265,0.9801712,0.9858004,0.9723266,0.9750597,0.9798244
ipip255,0.9794752,0.9813589,0.9828391,0.97866017,0.9792231,0.9793067,0.9812373,0.98179245,0.9829797,0.9792962,0.98310655,0.98361576,0.98356277,0.9837114,0.9822182,0.9845608,0.9839796,0.98158294,0.9845345,0.9839189,0.98360085,0.98205936,0.9810972,0.98165095,0.9818664,0.9838226,0.98195726,0.98418087,0.98361623,0.98417825,0.9807841,0.9827502,0.9797024,0.9818928,0.9826605,0.98123765,0.98354816,0.9803883,0.9834571,0.98124987,0.98026896,0.98341054,0.98091274,0.97979957,0.9800414,0.9813511,0.98220104,0.9810191,0.9811522,0.9829735,0.9791469,0.9700373,0.98145026,0.9797426,0.9806387,0.9808069,0.9739689,0.98311424,0.9803085,0.9827378,0.9799765,0.9840422,0.98095423,0.9810064,0.98099416,0.9828271,0.9835967,0.9834233,0.98154247,0.98528314,0.9789604,0.98107713,0.9803555,0.9793648,0.98813725,0.9679866,0.9821485,0.98165643,0.9832485,0.98289835,0.98480934,0.98314273,0.98094577,0.98176664,0.98318696,0.9832148,0.9840224,0.985393,1.0000002,0.9848011,0.9846135,0.9809732,0.9836532,0.9782754,0.98687917,0.978936,0.9783585,0.9831072,0.9835636,0.9787643,0.9836025,0.98159665,0.98245215,0.9815914,0.98473585,0.9753375,0.9832522,0.9780939,0.9829285,0.9824397,0.98282397,0.9790609,0.983659,0.9844546,0.98423946,0.98333055,0.9826413,0.98558074,0.9834534,0.982542,0.981943,0.9794621,0.9803705,0.9799595,0.9807006,0.9787229,0.9805808,0.9826627,0.98198164,0.982728,0.9798798,0.97498316,0.97884786,0.9840934,0.97962785,0.98205435,0.9834971,0.9835424,0.98118204,0.977217,0.9796406,0.9840495,0.98459524,0.98238677,0.98385316,0.97987807,0.98205847,0.9819114,0.98011494,0.9839831,0.9817376,0.9815375,0.98371917,0.9786688,0.98045063,0.9811494,0.9813612,0.9783009,0.97785974,0.98115104,0.97755307,0.9813162,0.9810185,0.980975,0.97979075,0.9602642,0.98186415,0.98116344,0.97826207,0.97864306,0.9783919,0.9820281,0.9790893,0.98116785,0.9814792,0.9818515,0.98106134,0.9810314,0.9811283,0.97994876,0.9805449,0.9823743,0.98014295,0.982467,0.9800765,0.97959,0.9818038,0.9812738,0.9813087,0.9807611,0.98255855,0.982069,0.98258436,0.9818155,0.98214376,0.98139066,0.981251,0.981104,0.97864044,0.9832585,0.98041564,0.97958124,0.9802737,0.98179704,0.97963876,0.9801113,0.9805928,0.98269,0.98082,0.9798202,0.9800565,0.9792116,0.98085266,0.98095244,0.9821295,0.97979295,0.98251295,0.9751952,0.9874863,0.98236084,0.98070526,0.9782082,0.9820849,0.9823762,0.97694093,0.9811264,0.9796678,0.9820279,0.97451097,0.9803407,0.9809982,0.9812605,0.9806049,0.98101544,0.9809067,0.9806449,0.98069155,0.97628164,0.9805379,0.98001087,0.981192,0.98223406,0.9815462,0.98461956,0.98233265,0.9832207,0.979739,0.9781213,0.97035676,0.97792757,0.98550546,0.9852068,0.9823213,0.98517567,0.9842096,0.98111314,0.9814898,0.9812036,0.9788677,0.98250455,0.9822841,0.98192894,0.9820634,0.97652644,0.98299235,0.98187625,0.9806511,0.9789622,0.98137957,0.979575,0.98235726,0.9839984,0.98113716,0.9826609,0.98237276,0.9823282,0.9803947,0.9799341,0.9800357,0.97982067,0.9822294,0.98215157,0.9813941,0.9815774,0.98277473,0.9754117,0.9698654,0.97784066
ipip285,0.9907705,0.98581433,0.989862,0.9839543,0.988448,0.9831022,0.99196255,0.9884575,0.99094146,0.9836338,0.9861555,0.99151844,0.9873198,0.9849942,0.9837726,0.9893544,0.9902104,0.9869623,0.9902434,0.9897178,0.9896106,0.9879445,0.9882982,0.99014205,0.9860866,0.9899102,0.98520166,0.990047,0.98718655,0.9868626,0.98935896,0.9895499,0.9873565,0.9901531,0.9931814,0.9880889,0.99028385,0.99150425,0.9890049,0.9900406,0.9825865,0.99026966,0.9874336,0.983649,0.98328567,0.99034667,0.9869666,0.9863071,0.99042207,0.9849405,0.9882496,0.9674313,0.98821723,0.9836582,0.98328745,0.98589855,0.97523063,0.9829362,0.98325396,0.9887505,0.98975176,0.9869749,0.99051225,0.9883268,0.9871603,0.98495096,0.99630237,0.9919428,0.98933125,0.9884855,0.99003404,0.98816955,0.980698,0.9860703,0.9869816,0.9643993,0.98621136,0.9883957,0.98865324,0.9901149,0.9900129,0.9912614,0.98428184,0.9914099,0.9889014,0.9925653,0.99238956,0.98315006,0.9848011,0.99999946,0.98758197,0.990404,0.98941404,0.9802538,0.9793133,0.9807375,0.9903852,0.98797286,0.97818935,0.97631824,0.98639417,0.98996866,0.9884122,0.98636025,0.9896475,0.97604257,0.99125594,0.98284596,0.99005204,0.99247867,0.9928576,0.9862318,0.9878915,0.9870335,0.9926093,0.98576444,0.9905717,0.9903964,0.9909973,0.9868114,0.9904689,0.98566496,0.9881178,0.98904854,0.9891229,0.9839739,0.98575515,0.9886422,0.9872115,0.9864508,0.98954606,0.9736997,0.983281,0.982827,0.9887127,0.9890656,0.9884127,0.98958015,0.9909808,0.9890809,0.99026215,0.9902586,0.985613,0.9900709,0.9899245,0.98043776,0.98925453,0.98914343,0.98099846,0.99049085,0.9897572,0.98524696,0.9806996,0.97879136,0.9911123,0.9860883,0.9852688,0.9852496,0.9769143,0.9917703,0.9803901,0.9908463,0.98839337,0.98385596,0.99066675,0.9562306,0.99047923,0.98659515,0.98894036,0.9827371,0.98967373,0.98268974,0.98966455,0.9901404,0.9900309,0.99120164,0.9897378,0.9887497,0.9866041,0.98714757,0.9842694,0.98736554,0.9839075,0.988111,0.97827715,0.9856058,0.9902745,0.9904513,0.99021584,0.9842558,0.9916728,0.99055696,0.99080795,0.99020684,0.99024296,0.9917125,0.9903229,0.99148065,0.9831043,0.98723966,0.9882774,0.9909042,0.9840954,0.99060285,0.9882964,0.98752934,0.99113953,0.9791693,0.9860212,0.98322517,0.9855779,0.9890974,0.99022985,0.98801744,0.9868505,0.98293465,0.9871653,0.96515256,0.9882871,0.9883712,0.9886891,0.98482877,0.9895643,0.98763245,0.9754841,0.9904514,0.9910522,0.99003685,0.9740911,0.98577994,0.9889803,0.98935735,0.9902636,0.98848665,0.99070793,0.9857839,0.9902011,0.9842,0.988111,0.9841318,0.9886516,0.98728,0.99068344,0.9885776,0.987344,0.990817,0.9853581,0.9895583,0.9687285,0.9853861,0.9911351,0.9914677,0.98296374,0.9907232,0.9872808,0.9887876,0.98827755,0.989736,0.98416185,0.9904709,0.99108726,0.98595834,0.98798335,0.9783983,0.9854001,0.98877525,0.9859244,0.9868246,0.98643017,0.9779333,0.9922133,0.98591214,0.98781115,0.99064565,0.98905677,0.9886429,0.9866901,0.99004304,0.9864165,0.9877304,0.98898774,0.9911999,0.98921883,0.98844963,0.9895639,0.9752224,0.9673589,0.9825199
ipip20,0.9875994,0.9834367,0.98706573,0.982394,0.9863841,0.9829092,0.98740333,0.98275715,0.98718584,0.98179567,0.9844496,0.9912758,0.98701155,0.985134,0.9840206,0.98881286,0.9892856,0.9836724,0.9885025,0.9865417,0.9887992,0.98610073,0.98651534,0.98622537,0.98689795,0.9891603,0.9814189,0.9875621,0.98886424,0.9876346,0.9875822,0.98686683,0.98451287,0.98928875,0.98743916,0.9879403,0.98905116,0.9865094,0.98931426,0.9877608,0.9816402,0.9862016,0.98537403,0.98229223,0.9807756,0.9872717,0.9849737,0.9825574,0.9867104,0.9867439,0.9845036,0.9660525,0.9859151,0.98037535,0.97942674,0.9834351,0.97820085,0.98373854,0.98392797,0.9860821,0.98792607,0.9866756,0.9890232,0.9872976,0.98635405,0.9862846,0.9880932,0.9865874,0.98497653,0.9840912,0.9881731,0.9871383,0.98241544,0.98533714,0.9894003,0.9636392,0.9850112,0.9875248,0.98535794,0.98623276,0.9892843,0.98944837,0.9849819,0.9886374,0.9883431,0.98946244,0.9889157,0.984061,0.9846135,0.98758197,1.0,0.9896568,0.9907578,0.98542804,0.97971106,0.98081493,0.98787487,0.98529863,0.98256445,0.97553825,0.98993796,0.9889212,0.9914192,0.99063396,0.99064076,0.97783476,0.98820597,0.98522687,0.9882082,0.9895333,0.9890422,0.98445714,0.9897928,0.9891017,0.98937434,0.9868951,0.9920144,0.989702,0.9895048,0.98566604,0.9888808,0.9867543,0.98748386,0.9873655,0.98868924,0.984087,0.9830741,0.9871899,0.983597,0.9866692,0.9881005,0.9759575,0.98338366,0.9812527,0.9870432,0.9882392,0.9879038,0.9870185,0.9890201,0.987766,0.98949903,0.9900148,0.98594344,0.9877052,0.9898966,0.98310554,0.98921865,0.9856038,0.979142,0.9878278,0.9885546,0.98802686,0.9829498,0.980891,0.9889459,0.9881705,0.9870929,0.98604536,0.981545,0.98812515,0.98150116,0.9888686,0.9873127,0.9850326,0.9886834,0.9621656,0.98757154,0.98567295,0.98555225,0.9862854,0.9875619,0.9851289,0.98783296,0.9873142,0.98615384,0.9875584,0.986664,0.9865926,0.98371017,0.98591655,0.9844457,0.98476636,0.98485744,0.984779,0.976793,0.983243,0.98845834,0.9880078,0.98796755,0.9832298,0.9882046,0.9878241,0.98834723,0.98680466,0.989579,0.9877058,0.9875329,0.9871971,0.9834771,0.9838121,0.98560154,0.9880059,0.98205966,0.98778075,0.98658603,0.985342,0.9877146,0.977132,0.983364,0.9811379,0.9847067,0.9865514,0.9861778,0.98634464,0.98327035,0.9855318,0.9859771,0.96377593,0.9863433,0.99097735,0.98817325,0.9818871,0.9866311,0.98640406,0.9766107,0.9886509,0.9876176,0.98739654,0.9721518,0.9836691,0.98649406,0.98819757,0.9870655,0.9864016,0.9887846,0.9850814,0.9872344,0.9856953,0.98762256,0.9854017,0.9879956,0.98609763,0.9880795,0.98533785,0.986206,0.9866504,0.98360986,0.9871836,0.96637064,0.98450387,0.9877143,0.9878406,0.9836685,0.9880928,0.9852621,0.9859591,0.9847723,0.9874111,0.9822435,0.9883609,0.9878073,0.98174316,0.98291516,0.97656745,0.9826795,0.98666954,0.9863482,0.9847978,0.98679626,0.9794981,0.98785937,0.98237103,0.9871511,0.9875456,0.98776525,0.98582387,0.9848766,0.98671764,0.98526335,0.9859631,0.98477125,0.98732805,0.9837022,0.98387444,0.9864756,0.9736086,0.9679321,0.98061717
ipip50,0.9950421,0.9854836,0.991217,0.98408675,0.9906695,0.9847991,0.9946505,0.9846556,0.9924016,0.9837273,0.98588085,0.9926356,0.98685855,0.9844498,0.98132354,0.98997164,0.992143,0.9854848,0.9914706,0.9889405,0.9924993,0.9882947,0.9929323,0.9925312,0.9876903,0.9913844,0.98259836,0.99170786,0.9877019,0.9882935,0.99277544,0.98866916,0.98680943,0.9930764,0.9942291,0.99117523,0.9933873,0.9938104,0.9908037,0.9912592,0.98099166,0.99042904,0.98976713,0.98286384,0.9832081,0.9925628,0.98794645,0.98576367,0.9908008,0.9851831,0.98730063,0.9630843,0.99012136,0.9824561,0.9815685,0.9850916,0.9745969,0.9815394,0.9834565,0.9893903,0.9941785,0.99026316,0.99517965,0.9886519,0.98941284,0.9860982,0.99260837,0.9925659,0.99131554,0.9839735,0.99492115,0.99183923,0.9796062,0.9874967,0.9882244,0.95758694,0.98529506,0.98976916,0.9882719,0.9905947,0.9906569,0.99436724,0.98695254,0.9928917,0.99149543,0.99526244,0.9931766,0.9831661,0.9809732,0.990404,0.9896568,0.9999995,0.991829,0.983337,0.97909033,0.980731,0.9943975,0.98889107,0.98146325,0.97541916,0.989469,0.9949223,0.9925634,0.99107987,0.9928919,0.9758835,0.9936024,0.9849928,0.99230754,0.99458104,0.99503994,0.9878648,0.98871565,0.9882796,0.9940045,0.9862833,0.9935434,0.99449146,0.99392724,0.98689735,0.99503565,0.9878393,0.9916437,0.9922023,0.9938756,0.98626924,0.9869657,0.9894363,0.987301,0.9866343,0.9939851,0.97571015,0.9850424,0.98084366,0.9920059,0.9912296,0.9899821,0.9902861,0.9945668,0.9942951,0.9956823,0.99353164,0.9867831,0.9918113,0.99157083,0.97905505,0.99076015,0.9915645,0.97774184,0.99031836,0.9952965,0.98914826,0.9844245,0.9797234,0.99555635,0.98905754,0.9883509,0.9883892,0.97582585,0.99531066,0.98127097,0.99418354,0.9907159,0.98680955,0.9948396,0.95514756,0.992863,0.98993385,0.99031544,0.9864036,0.9953228,0.9818865,0.99427533,0.99262184,0.9926975,0.99366665,0.99316114,0.98872215,0.98802644,0.99072975,0.9837606,0.98780197,0.9864838,0.98790056,0.97546905,0.98643297,0.9940745,0.9938459,0.99383664,0.9852586,0.9932557,0.9934258,0.99382895,0.993123,0.99392563,0.9954636,0.9941363,0.99464685,0.9843321,0.98644644,0.98994017,0.99499416,0.9840005,0.9934649,0.9912006,0.9902027,0.9943643,0.9750365,0.985167,0.980769,0.98740965,0.989412,0.9929295,0.9891634,0.98552525,0.98474467,0.98995346,0.96069175,0.98910934,0.9916281,0.993773,0.98324007,0.98933953,0.98842335,0.974652,0.9927191,0.99511355,0.99114347,0.97132176,0.98499215,0.9901708,0.9914619,0.9931189,0.9908612,0.99334383,0.986871,0.9925658,0.98544604,0.9919244,0.98515487,0.99007255,0.98919594,0.993668,0.9885337,0.9875472,0.99158806,0.98556525,0.9953466,0.96505696,0.9872534,0.9932307,0.9931871,0.9831535,0.9931746,0.9877161,0.9909332,0.98962903,0.99313956,0.9853733,0.99299824,0.9937658,0.9843336,0.9862956,0.9773026,0.98362154,0.9895853,0.98840326,0.990352,0.9891149,0.97569984,0.99485695,0.98278517,0.9914593,0.9927852,0.9901532,0.99057734,0.9891589,0.9930954,0.98804265,0.9913641,0.9882476,0.99261284,0.98801935,0.9878685,0.9897491,0.9704508,0.96397215,0.98214436
ipip80,0.99017745,0.98547274,0.9885547,0.98391664,0.9871721,0.9846061,0.9900495,0.9863605,0.9892008,0.9835204,0.9854821,0.99123347,0.98861665,0.987314,0.98382,0.9893098,0.99160326,0.9842735,0.9905528,0.99085987,0.9917438,0.98880064,0.98876363,0.9884804,0.986125,0.98992395,0.9832717,0.99089676,0.99053746,0.98859197,0.98896676,0.9882962,0.9847101,0.9902679,0.9905563,0.9879525,0.9903158,0.98882276,0.98957336,0.9889846,0.98266727,0.9888337,0.9875892,0.98352915,0.9823727,0.98868227,0.98542374,0.98548704,0.98862535,0.98782885,0.98482835,0.9657891,0.98940057,0.98301166,0.9805477,0.98531085,0.9764361,0.98365,0.98433596,0.98723626,0.99132925,0.9879128,0.9926558,0.98686546,0.98937416,0.98742545,0.99117273,0.98930484,0.9871372,0.98576236,0.9904845,0.98954123,0.9819345,0.9872627,0.9915776,0.9657461,0.98634595,0.98933923,0.98623806,0.9876301,0.9893025,0.9924198,0.9871097,0.989505,0.989498,0.9927627,0.99239945,0.9858705,0.9836532,0.98941404,0.9907578,0.991829,1.0000001,0.98643804,0.98008037,0.9826808,0.9893575,0.98652774,0.9810695,0.97771055,0.99030626,0.99133074,0.9924959,0.9890031,0.9936148,0.97821534,0.9906363,0.98536265,0.99203604,0.99355066,0.9923381,0.9870874,0.989578,0.99051255,0.99312395,0.9881089,0.9923167,0.9913252,0.9920332,0.9895867,0.992267,0.9884508,0.9891824,0.9894947,0.9915015,0.9839109,0.9861986,0.990403,0.983936,0.98792994,0.99039286,0.9761956,0.9854982,0.9841805,0.9897128,0.9886819,0.98805594,0.9887544,0.99151,0.98916894,0.9915667,0.9919382,0.98904324,0.9906724,0.9921215,0.9825525,0.98977137,0.9876434,0.9795469,0.98993486,0.9907322,0.98822135,0.98360693,0.9822182,0.9917395,0.9879439,0.9874048,0.9867363,0.9814717,0.99159867,0.98253465,0.9907793,0.9883956,0.9853718,0.99038655,0.9594108,0.9894994,0.98676884,0.98767346,0.98594475,0.9898567,0.984619,0.98927724,0.98938775,0.9880293,0.9897178,0.9897771,0.98662996,0.98590595,0.98796266,0.9849813,0.98645556,0.98527604,0.9872375,0.9786043,0.98780006,0.9907722,0.99011815,0.99027896,0.98479164,0.99038535,0.989419,0.99022025,0.9887287,0.99124295,0.9905915,0.99068934,0.99012864,0.9843506,0.9852739,0.9891305,0.9899748,0.9857171,0.9903955,0.9883909,0.98618245,0.9899387,0.97651434,0.9853519,0.98235583,0.9863084,0.9872278,0.9880605,0.98878145,0.98506135,0.9848293,0.98751044,0.96450955,0.989497,0.99071425,0.98907614,0.9820829,0.98979616,0.98937017,0.97685057,0.99005955,0.9908316,0.9910352,0.97484815,0.9856462,0.98879147,0.9908424,0.9907157,0.98810154,0.99206394,0.98776996,0.9897494,0.9860724,0.9892023,0.98544925,0.98915386,0.99006367,0.990774,0.9864618,0.98733085,0.99056184,0.9845953,0.9895392,0.9694054,0.98485905,0.9893315,0.98922056,0.9840552,0.9897609,0.98698866,0.98928314,0.98856753,0.9902114,0.98599476,0.9904518,0.9899758,0.98401856,0.98681206,0.9793509,0.9838951,0.98974854,0.9876698,0.9860994,0.9892125,0.97959816,0.99217445,0.9843744,0.98864603,0.990756,0.9889092,0.98962885,0.98715645,0.9886764,0.9860443,0.9894257,0.98643535,0.9909608,0.9876729,0.9855751,0.98977983,0.9726122,0.9684023,0.98376846
ipip110,0.9818614,0.98130137,0.9813309,0.97942114,0.9820607,0.98144925,0.9816973,0.98255044,0.9841762,0.9796505,0.9799202,0.98437357,0.98292243,0.9831921,0.9777566,0.9826677,0.9846428,0.98071903,0.9847291,0.984102,0.9831983,0.9840868,0.9833133,0.98259103,0.9815799,0.98430836,0.98205507,0.9821117,0.98414797,0.98452246,0.98297304,0.9835539,0.97953594,0.98465645,0.98078895,0.9832088,0.98336,0.9791463,0.9826523,0.9841404,0.9795305,0.9819354,0.98240405,0.9806912,0.9787388,0.98321426,0.98289746,0.97875315,0.9838675,0.9827435,0.981918,0.9682453,0.9832585,0.9815856,0.97722405,0.9823982,0.97381335,0.9804136,0.9811025,0.9825628,0.98273695,0.9857012,0.9853276,0.982908,0.98168856,0.9808324,0.98303187,0.9810658,0.9819523,0.9802951,0.97978747,0.98279476,0.97895414,0.98130286,0.98490417,0.9648277,0.9831525,0.9830477,0.98239505,0.9822792,0.98206055,0.9846975,0.9820187,0.9801326,0.9845245,0.9820568,0.98368514,0.98179466,0.9782754,0.9802538,0.98542804,0.983337,0.98643804,0.99999964,0.97797567,0.98168975,0.9799943,0.98254883,0.9797647,0.97957224,0.98447955,0.98327076,0.9867325,0.98424727,0.98767745,0.9786616,0.98454624,0.97995573,0.9857045,0.98259825,0.98252535,0.9826831,0.9869711,0.98935616,0.9842541,0.9843062,0.988095,0.9838777,0.98360765,0.9830195,0.9838621,0.98520315,0.98397285,0.98365813,0.9836508,0.9803168,0.9826751,0.9851776,0.9795962,0.9842258,0.9830282,0.97665817,0.9832081,0.98236126,0.9817147,0.9820041,0.980887,0.98220295,0.9825244,0.9804104,0.9819069,0.9855318,0.98262024,0.9843305,0.9847016,0.98054314,0.9837469,0.9814979,0.97696966,0.9850847,0.983527,0.98420167,0.9833583,0.9819264,0.9825713,0.98261636,0.9832851,0.9827908,0.9815443,0.98213416,0.9823964,0.984732,0.9824549,0.98250264,0.98161775,0.9595966,0.98231876,0.984067,0.9830203,0.9849462,0.9816789,0.98182505,0.98151636,0.98364973,0.98134243,0.9830402,0.98293257,0.9832495,0.98198384,0.98287356,0.9849938,0.9835946,0.9840009,0.9839311,0.9766902,0.9836787,0.98345035,0.9833681,0.98312706,0.982718,0.98380095,0.98293734,0.9834202,0.9822061,0.98420334,0.98192734,0.98346,0.98165137,0.9827803,0.9820191,0.9834103,0.9814924,0.9830015,0.9835193,0.9835945,0.9829251,0.98296803,0.9755027,0.9826167,0.97943985,0.9827045,0.98311824,0.9807718,0.9840723,0.98170596,0.98108655,0.98182046,0.9661404,0.9833115,0.98416066,0.9821173,0.98024255,0.9840158,0.9837282,0.9757607,0.9832826,0.98298645,0.9864157,0.9755126,0.97968453,0.9850912,0.9849667,0.98387724,0.97947687,0.98608613,0.9840522,0.9843921,0.98532003,0.98411375,0.984552,0.9885509,0.9861322,0.9835966,0.9809637,0.98539495,0.98434603,0.9813709,0.979918,0.9701281,0.9823735,0.98146,0.98170614,0.9802357,0.9819668,0.98206687,0.98629797,0.9828647,0.98455095,0.98492724,0.98320174,0.9833006,0.9821544,0.9830372,0.9799482,0.9799469,0.9831765,0.9827906,0.9819647,0.9843206,0.98007137,0.98215455,0.97865576,0.98345596,0.9827234,0.9837983,0.9840216,0.98449814,0.98287505,0.9840593,0.9826464,0.9800409,0.98231244,0.98188287,0.9794638,0.98391294,0.9707951,0.96842265,0.9768202
ipip140,0.97706807,0.97948253,0.9804783,0.97661144,0.9767267,0.97741234,0.97744024,0.9784531,0.97948635,0.9764274,0.9797106,0.9794057,0.9799405,0.9816478,0.9785459,0.98110175,0.98085755,0.9778832,0.9818471,0.9801462,0.9812327,0.9805466,0.9786151,0.97923267,0.977981,0.98052573,0.9779503,0.98066455,0.97815055,0.9816254,0.978892,0.97879857,0.9761788,0.977796,0.9771481,0.97649944,0.9783269,0.9750463,0.9796027,0.9778497,0.97700614,0.9792073,0.980142,0.9780786,0.98060143,0.97975427,0.9805516,0.9772635,0.97920746,0.9793688,0.9755069,0.97010726,0.9792418,0.9771428,0.97656333,0.9769172,0.9706503,0.97889686,0.9781823,0.97916806,0.9780697,0.9860918,0.9793304,0.9788036,0.97753155,0.9818067,0.980076,0.9791734,0.9799244,0.9804889,0.9748538,0.9776284,0.97740406,0.9751545,0.98530656,0.96631914,0.9784139,0.97881275,0.9793074,0.9790334,0.9789199,0.98094434,0.97887176,0.97583693,0.978923,0.97911566,0.9805697,0.9839738,0.98687917,0.9793133,0.97971106,0.97909033,0.98008037,0.97797567,0.99999917,0.9795082,0.9744249,0.9809835,0.98456085,0.97635025,0.98232186,0.9789718,0.98006284,0.9795914,0.9819195,0.9741555,0.9799141,0.97541195,0.9797653,0.97771186,0.97876334,0.9752447,0.9806763,0.9814426,0.98004425,0.9791537,0.9796855,0.9820656,0.9788724,0.9800945,0.98013043,0.97814256,0.97887546,0.97820103,0.978045,0.97773474,0.9786978,0.978828,0.9786288,0.98126,0.97602963,0.9748237,0.97751087,0.9839365,0.9754598,0.9789571,0.97914773,0.97907096,0.9770105,0.9737664,0.9770518,0.9809453,0.98259455,0.9792625,0.98036903,0.977464,0.9801564,0.97960395,0.9767317,0.9801854,0.9793978,0.9800554,0.9855505,0.980484,0.9770118,0.9785818,0.97913325,0.97556573,0.977049,0.97705764,0.97548795,0.97820145,0.9756216,0.97838247,0.9757585,0.9550013,0.9764078,0.9789149,0.97476935,0.9752015,0.9748536,0.97665673,0.9742468,0.9777449,0.97770643,0.978468,0.9791626,0.977373,0.9780968,0.97893304,0.9792507,0.9804551,0.9787603,0.9797967,0.979435,0.97831583,0.9788773,0.9786321,0.9787316,0.9773563,0.9778744,0.97913456,0.9798354,0.9785957,0.9792749,0.9782508,0.97831446,0.97658384,0.97570133,0.9799036,0.9770066,0.9758333,0.9785999,0.9787377,0.9785954,0.97813153,0.97807443,0.9787647,0.9786109,0.9763456,0.9783635,0.97633463,0.97802436,0.9796754,0.9788139,0.9786951,0.9802342,0.9742344,0.985732,0.9783945,0.97654307,0.97777003,0.9784582,0.9788979,0.979092,0.9777683,0.9766923,0.98035854,0.9744645,0.97646356,0.9795562,0.9792571,0.9791154,0.97811925,0.9785833,0.9787034,0.9773745,0.9732921,0.97683567,0.9768031,0.978553,0.98013645,0.97813296,0.98006797,0.9800693,0.9790336,0.9775638,0.9742733,0.970394,0.97452116,0.9801012,0.9799836,0.9775289,0.9801441,0.97920793,0.9791834,0.9791112,0.9789954,0.97745436,0.9786878,0.9794492,0.9787892,0.9788461,0.9743103,0.9787064,0.97889745,0.9777257,0.9782478,0.9792167,0.9787081,0.97723615,0.9785334,0.9777407,0.9780511,0.979384,0.9789829,0.977816,0.97699547,0.98014146,0.9775591,0.9773752,0.97726107,0.97690606,0.97688705,0.97866505,0.971448,0.96997446,0.9747614
ipip170,0.97989327,0.98443353,0.9805159,0.98132676,0.9812112,0.97831726,0.98030525,0.98438835,0.9843247,0.9812936,0.98230296,0.9819199,0.98425984,0.98407996,0.9801005,0.9828461,0.9842865,0.98075235,0.98350966,0.98376185,0.98274744,0.9838357,0.981823,0.9835035,0.9820082,0.98526424,0.98304355,0.982469,0.98172104,0.9827646,0.98212785,0.9832829,0.97850275,0.9828122,0.9786594,0.9804606,0.98217934,0.9771271,0.98132974,0.98259676,0.9813341,0.9821776,0.9848882,0.9809103,0.9828264,0.9859901,0.9882647,0.9786691,0.98436975,0.9833453,0.9807919,0.9740811,0.98485583,0.98023367,0.9787664,0.98450327,0.9740127,0.9804793,0.9833846,0.9837006,0.9773204,0.9834868,0.98038733,0.98284733,0.9807112,0.98117936,0.98286897,0.9793065,0.97863764,0.980666,0.9769892,0.9819981,0.97899276,0.9820321,0.9840018,0.9688977,0.98221487,0.9810139,0.98241335,0.9810853,0.9811457,0.98386884,0.982328,0.9768999,0.9817405,0.980321,0.98210365,0.98299205,0.978936,0.9807375,0.98081493,0.980731,0.9826808,0.98168975,0.9795082,1.0,0.97795826,0.9844207,0.9792927,0.9822542,0.98240346,0.9805797,0.98155856,0.98027194,0.9824696,0.9784805,0.980704,0.9776928,0.9839137,0.9800444,0.98100394,0.9794193,0.98463845,0.98282194,0.98309726,0.98138595,0.9818336,0.98056847,0.97820175,0.9843613,0.9831807,0.98353124,0.9820167,0.9795608,0.9810641,0.9785067,0.983959,0.98228383,0.97933424,0.98540956,0.98055863,0.9764407,0.9813033,0.97971225,0.9796014,0.98101556,0.9809855,0.98323095,0.97987044,0.9755709,0.97736716,0.98368436,0.98120713,0.98278916,0.9816696,0.98262405,0.98089474,0.97863907,0.98225486,0.98373747,0.98059005,0.98058105,0.9810892,0.9803067,0.97843796,0.98172843,0.9826316,0.98106164,0.9800228,0.9786286,0.9808055,0.98142123,0.97782123,0.97981894,0.9774929,0.9598517,0.9817419,0.9808798,0.9780093,0.97970206,0.9774742,0.9831048,0.97711766,0.9801774,0.97970253,0.9811369,0.9816691,0.9823416,0.9823988,0.98361593,0.98203933,0.98294073,0.9824767,0.9830749,0.97859377,0.9836809,0.9827381,0.9825672,0.9827543,0.9815185,0.9813645,0.9813264,0.9824269,0.9809473,0.9822253,0.98007196,0.9815827,0.98051673,0.9801373,0.9876994,0.982463,0.977938,0.98406917,0.9815011,0.9832164,0.9839645,0.9812972,0.9775512,0.9839515,0.9828268,0.98098695,0.97779816,0.980492,0.98320633,0.9823598,0.9823175,0.98230034,0.9689092,0.9829072,0.9798486,0.9790149,0.978204,0.98307663,0.9830716,0.9754121,0.9784765,0.9798952,0.98292786,0.97599584,0.97960246,0.9834357,0.98315847,0.98117733,0.97846484,0.9830653,0.983325,0.98200804,0.9787398,0.9810009,0.98138154,0.98140293,0.9841165,0.9809481,0.9809038,0.9833701,0.98305523,0.98332393,0.9766283,0.9739701,0.98055315,0.98146206,0.98105454,0.98112446,0.9814451,0.98142964,0.983476,0.98162335,0.98323387,0.98562527,0.98115665,0.98172724,0.98278785,0.9830741,0.9821389,0.9820562,0.98332083,0.9816583,0.98001313,0.9822475,0.9799315,0.98045045,0.9823106,0.9795284,0.9822345,0.98260486,0.9836277,0.98442674,0.9806423,0.98028773,0.9803639,0.97948533,0.98060936,0.9828472,0.97881174,0.9837046,0.97599226,0.974431,0.9824184
ipip200,0.99492055,0.9839156,0.99090147,0.9827174,0.9910176,0.98348457,0.99438816,0.9844796,0.99097157,0.98230916,0.9840398,0.99204206,0.9841265,0.98165894,0.9794758,0.9874679,0.9898936,0.9831593,0.9889265,0.9865992,0.99033135,0.98875535,0.990806,0.9909079,0.9858409,0.98879415,0.980546,0.98939204,0.984229,0.9855462,0.9912671,0.9874716,0.98658955,0.99125254,0.99414897,0.99069,0.99108976,0.9938562,0.98824567,0.9892178,0.9790204,0.98922014,0.98651904,0.97996366,0.98072374,0.99100447,0.9856808,0.983971,0.99009514,0.9825468,0.98545766,0.95857084,0.98986936,0.9792627,0.97993994,0.9829504,0.9744653,0.9786715,0.9814266,0.98788166,0.9927807,0.9863077,0.9934958,0.98825544,0.9866285,0.9834129,0.9913857,0.9919771,0.98985857,0.9840287,0.9961946,0.98961955,0.98074967,0.9890596,0.98486966,0.9523707,0.98130554,0.9867126,0.98652035,0.99005365,0.9899209,0.99260396,0.9827436,0.99254775,0.9889939,0.99435055,0.991284,0.97898084,0.9783585,0.9903852,0.98787487,0.9943975,0.9893575,0.9799943,0.9744249,0.97795826,0.9999995,0.98574466,0.9755478,0.96883833,0.985615,0.9931431,0.9893589,0.98696256,0.98991543,0.970893,0.9916287,0.9844008,0.9896063,0.9944759,0.9944643,0.9877081,0.9865613,0.98539513,0.992196,0.9841688,0.9912445,0.99264526,0.99302393,0.983432,0.99149376,0.9848047,0.98914987,0.99035454,0.99136776,0.9830424,0.9829105,0.9875932,0.9853128,0.9838844,0.99366397,0.9684357,0.98250216,0.9762781,0.9916405,0.9907,0.9896097,0.98882145,0.9936334,0.9956142,0.9948855,0.9905901,0.9837878,0.9914333,0.9908647,0.9767827,0.98865634,0.9901551,0.9740206,0.98827195,0.99236685,0.98517156,0.9774961,0.9761712,0.9943383,0.9865043,0.98574525,0.9869187,0.9733302,0.99414545,0.97843194,0.9935266,0.9894941,0.985539,0.9960706,0.95109874,0.9922104,0.98677164,0.99045104,0.98296773,0.99506235,0.9789811,0.9930505,0.990057,0.991553,0.99161553,0.99144095,0.98851734,0.9854118,0.9866298,0.97865254,0.98538005,0.9823144,0.9853607,0.97170573,0.9834641,0.9912066,0.99144006,0.99092096,0.98118377,0.991034,0.99169403,0.99151796,0.9916351,0.99218833,0.9944716,0.9920798,0.99415225,0.9808569,0.9838552,0.98826563,0.99481535,0.9812477,0.9921095,0.98934245,0.98828727,0.9926021,0.9710646,0.9820384,0.9774415,0.98523283,0.9873692,0.99117047,0.98682183,0.9833074,0.9803884,0.9859512,0.9546297,0.98526126,0.988605,0.9923321,0.98062867,0.9881035,0.9866015,0.97044754,0.9917078,0.9934756,0.9887772,0.96718335,0.98308057,0.987959,0.9901308,0.99247825,0.9894288,0.99183744,0.9840164,0.99117726,0.9852169,0.9902326,0.98255366,0.9885327,0.98513776,0.99179846,0.9869256,0.98358303,0.99055326,0.9850387,0.9949079,0.9624454,0.98664755,0.9921593,0.992688,0.97923166,0.99176025,0.9853135,0.9887589,0.9878277,0.9913289,0.9824983,0.9914862,0.9920807,0.98218197,0.98407346,0.9744487,0.98105055,0.99064046,0.9858412,0.98831785,0.98683214,0.97388613,0.99533707,0.98228633,0.98951375,0.9923333,0.98950386,0.9887752,0.9873565,0.99189067,0.9866076,0.9899383,0.98839384,0.99230295,0.98684025,0.9880459,0.9881759,0.97064525,0.9609998,0.9812979
ipip230,0.9868956,0.98645633,0.9855739,0.98538417,0.98663735,0.9842756,0.9887077,0.9866922,0.99218017,0.9863372,0.9867286,0.98665756,0.98704183,0.9841934,0.9824495,0.988335,0.9872185,0.9854152,0.9884911,0.9864835,0.98769516,0.98526305,0.98877424,0.99098164,0.98591894,0.9889723,0.98922825,0.9881215,0.9856343,0.9879977,0.9911459,0.9901871,0.98733395,0.9895909,0.98642296,0.9873897,0.98705745,0.98563725,0.9864257,0.9879,0.9864134,0.9901346,0.9899796,0.9851989,0.9873651,0.9899794,0.99009085,0.9838027,0.98754746,0.9844955,0.9871854,0.97407794,0.98822606,0.98361176,0.9889929,0.9885546,0.97455704,0.9856297,0.9841778,0.99048096,0.9858942,0.9882033,0.98698825,0.9883282,0.98605067,0.98457175,0.98873746,0.98949134,0.9900705,0.98704034,0.9851947,0.9878465,0.9810881,0.9834102,0.9850892,0.9657966,0.98437023,0.98509866,0.9924587,0.99271435,0.98666,0.9878024,0.98415387,0.984389,0.9859314,0.9867839,0.9878025,0.9845105,0.9831072,0.98797286,0.98529863,0.98889107,0.98652774,0.98254883,0.9809835,0.9844207,0.98574466,1.0000005,0.9823528,0.98175746,0.98552173,0.990274,0.9867546,0.98699784,0.98748,0.9842936,0.9887799,0.9860456,0.99163264,0.9875402,0.98841476,0.9820084,0.98736787,0.98656726,0.9887125,0.9862802,0.9876284,0.9871966,0.98691875,0.9860043,0.9886636,0.9857874,0.9883731,0.9869454,0.98683995,0.98910594,0.98890483,0.9882065,0.99345535,0.98608667,0.987305,0.9765197,0.98561716,0.9823605,0.9855864,0.989365,0.9896026,0.9903127,0.9880345,0.98529667,0.9862097,0.9896637,0.98541963,0.98960054,0.98641616,0.98248535,0.9861414,0.98976576,0.9865644,0.9877471,0.99130625,0.9893706,0.9838075,0.98022157,0.9869461,0.98754716,0.9875139,0.9861255,0.97722757,0.98823005,0.98364437,0.9896376,0.9849784,0.98729837,0.98692507,0.9621166,0.98885405,0.9879295,0.98473793,0.9831192,0.9865789,0.9834282,0.985293,0.9887451,0.9936346,0.989405,0.98758113,0.98707956,0.98890066,0.9889721,0.98566216,0.99237734,0.98874104,0.99255526,0.98099643,0.9851414,0.98946136,0.9898097,0.98947984,0.98999405,0.9886905,0.990547,0.9905602,0.99358153,0.9873978,0.9893758,0.9901426,0.98949575,0.98861504,0.9913935,0.98833513,0.9887758,0.988732,0.9901225,0.989489,0.9910038,0.9918698,0.9829998,0.9894708,0.988,0.9876713,0.9844597,0.9923436,0.9901506,0.9919681,0.98710805,0.98707753,0.9707053,0.9866629,0.9862492,0.98767585,0.98382187,0.9882954,0.9894811,0.9776194,0.9875488,0.9884586,0.99011856,0.9819406,0.98747075,0.9897453,0.9885954,0.98733264,0.9859343,0.98878735,0.9881406,0.9888233,0.98260003,0.98810697,0.9862995,0.98677063,0.98627776,0.98912215,0.9923867,0.9891853,0.9898711,0.9854918,0.98601073,0.97248703,0.9847689,0.9914966,0.9915288,0.98846346,0.9913672,0.98976785,0.9882896,0.98658466,0.991374,0.9855131,0.9887335,0.99112874,0.9921897,0.9888901,0.9843472,0.9876029,0.9874268,0.986282,0.9885412,0.9874848,0.9810044,0.9886758,0.98846376,0.9885962,0.9895411,0.98947024,0.9885863,0.9880829,0.98780984,0.98561144,0.98594576,0.99261975,0.98880434,0.98919713,0.9922995,0.98901457,0.97778976,0.97194964,0.9821429
ipip260,0.9768647,0.9782953,0.9783488,0.97716045,0.9771201,0.97773695,0.9777375,0.9774947,0.97932684,0.977345,0.98131645,0.97984844,0.98366535,0.9821892,0.97984934,0.9855143,0.9810433,0.9778727,0.9828454,0.98000205,0.981194,0.97818613,0.9791016,0.97855276,0.9791172,0.9814424,0.9779114,0.98095185,0.9793562,0.98226845,0.98087794,0.9803063,0.97744054,0.9799374,0.97653997,0.97854775,0.9800519,0.9758456,0.982437,0.97874784,0.9777605,0.97881615,0.9809952,0.9800728,0.9777323,0.9791611,0.9800941,0.97578216,0.9792304,0.9804691,0.97599405,0.96829504,0.9800775,0.977554,0.97462887,0.9791739,0.97171795,0.98061043,0.9800369,0.98132586,0.97856855,0.98354375,0.9801019,0.97834265,0.97885793,0.9828719,0.98017776,0.97839993,0.98064464,0.97841716,0.97549045,0.9801023,0.98002493,0.9767833,0.98485357,0.966181,0.9812041,0.980454,0.98071814,0.9796685,0.979656,0.98087364,0.9817356,0.97601974,0.98014313,0.97934324,0.9801424,0.9861802,0.9835636,0.97818935,0.98256445,0.98146325,0.9810695,0.9797647,0.98456085,0.9792927,0.9755478,0.9823528,1.0000004,0.98134345,0.9859273,0.97925025,0.98206663,0.9837297,0.98191506,0.97978556,0.9813377,0.9796832,0.9825345,0.97875106,0.97983325,0.9755039,0.98135227,0.9835389,0.98183435,0.98006773,0.9816547,0.9823189,0.97915184,0.98246413,0.9817151,0.9793889,0.97928715,0.97808075,0.97907,0.98065794,0.9793861,0.9804589,0.97766846,0.98135215,0.9767828,0.97270864,0.97914475,0.97969925,0.9762858,0.97955996,0.98063505,0.98010314,0.97849536,0.97486496,0.97724813,0.9816864,0.9825604,0.979276,0.9803628,0.9788104,0.9802954,0.9804195,0.9776514,0.9800656,0.9800952,0.9805583,0.9842281,0.9782911,0.9781079,0.98075783,0.98013353,0.9782023,0.9790202,0.9783468,0.9781555,0.9804076,0.97692114,0.9799102,0.9766311,0.96020126,0.9785452,0.9794328,0.9755707,0.9793327,0.9755465,0.97892916,0.9763617,0.9783753,0.979388,0.9800338,0.9791229,0.9782333,0.97702557,0.98183495,0.98188007,0.98132527,0.9801604,0.98073274,0.977592,0.98016226,0.98144424,0.98140913,0.9812289,0.9788865,0.97970676,0.9809524,0.981423,0.97975564,0.9804829,0.9790662,0.9792849,0.9778042,0.97870326,0.9810526,0.978421,0.9770219,0.97955114,0.9795816,0.97950315,0.9786266,0.97978556,0.97941256,0.9798902,0.9778114,0.98029584,0.9768131,0.9783575,0.97933257,0.98004276,0.97992253,0.9815306,0.9712815,0.9851009,0.98089224,0.977769,0.97903144,0.98038363,0.9799777,0.97830606,0.97905815,0.97837096,0.98110884,0.9745735,0.9785186,0.98103696,0.9797427,0.9787891,0.9789743,0.9802764,0.9795324,0.97792387,0.9752776,0.97855455,0.9791245,0.979787,0.9807766,0.97952515,0.9811919,0.9815173,0.98002136,0.97633874,0.97511244,0.969382,0.9767206,0.98174185,0.9811909,0.98158854,0.9813623,0.98147815,0.9795709,0.9774895,0.97832304,0.9791431,0.9794294,0.98075485,0.9790487,0.9792467,0.97733676,0.97981,0.9797152,0.9785186,0.97631603,0.98007643,0.97872686,0.97758406,0.97781307,0.97860605,0.97897506,0.97935724,0.97964555,0.97924805,0.97729725,0.97948927,0.9775659,0.97666574,0.9777532,0.9778378,0.9759054,0.98196757,0.9705341,0.97152525,0.9756697
ipip290,0.97051525,0.97746915,0.973897,0.97521037,0.97223353,0.9738445,0.9731099,0.9788312,0.976964,0.97591406,0.97906494,0.9749475,0.9812799,0.97994226,0.9752573,0.98008096,0.981674,0.9757811,0.97952,0.97811586,0.976965,0.97491413,0.97449046,0.9750625,0.97663456,0.97861356,0.98042697,0.9779169,0.9792244,0.9821992,0.97515196,0.97820354,0.9749743,0.97664773,0.9701624,0.974376,0.9766911,0.97056156,0.9763228,0.9764806,0.97884524,0.9775313,0.9787727,0.97889805,0.9767141,0.97686356,0.9799723,0.97215635,0.97680724,0.9783498,0.9748617,0.97169775,0.97748566,0.9766509,0.97625613,0.98088366,0.9683708,0.9805689,0.9773174,0.9797272,0.97042257,0.9779772,0.97299415,0.97505486,0.9750983,0.9764162,0.97713137,0.9748499,0.978889,0.9802908,0.9686004,0.97638464,0.9742696,0.9734614,0.97948307,0.9742427,0.9826279,0.9791637,0.9793945,0.9759645,0.97661996,0.9765285,0.97870314,0.9704655,0.97628367,0.9730994,0.97660583,0.9828096,0.9787643,0.97631824,0.97553825,0.97541916,0.97771055,0.97957224,0.97635025,0.9822542,0.96883833,0.98175746,0.98134345,0.99999994,0.9790837,0.9723997,0.97532874,0.97698677,0.9776359,0.9805881,0.98029363,0.9751532,0.98016346,0.9740667,0.97396505,0.97169083,0.9795769,0.98058474,0.97697717,0.9778256,0.97743136,0.9748643,0.9726759,0.9804154,0.97592837,0.9768218,0.9763623,0.9719214,0.97444165,0.9759219,0.97916955,0.9785552,0.9762414,0.97913766,0.97318596,0.9737821,0.9777937,0.9795136,0.972783,0.9749307,0.9767918,0.9790515,0.9731385,0.9681345,0.96922505,0.97873485,0.9776845,0.97634345,0.9759472,0.97799003,0.9769171,0.97810644,0.98133844,0.978857,0.97392553,0.97528857,0.98208326,0.9754343,0.97073925,0.9777011,0.9792282,0.9768546,0.97709644,0.9719567,0.9780832,0.9749546,0.9721543,0.9760703,0.9695646,0.9610247,0.97623324,0.978754,0.9729909,0.9754748,0.9697671,0.97919756,0.9699335,0.9748897,0.97396475,0.9764641,0.9746387,0.9755389,0.9763879,0.97741467,0.98002064,0.97923887,0.97809654,0.9785332,0.97751945,0.9766825,0.9764483,0.9763423,0.97652537,0.97892696,0.97778016,0.9772153,0.97786826,0.9745282,0.9762077,0.9739636,0.9756772,0.9730803,0.97687846,0.9834268,0.9774111,0.9712914,0.98184645,0.9770578,0.97607905,0.9760763,0.9743486,0.97887725,0.980841,0.9798648,0.9774177,0.9725762,0.9731867,0.97665495,0.9797977,0.9764284,0.97891027,0.97206265,0.9801791,0.9756924,0.9731275,0.9762809,0.97834903,0.9779618,0.97574365,0.9747242,0.9726302,0.9775657,0.9774572,0.9762803,0.97761536,0.97593397,0.97289634,0.97071755,0.9746872,0.97750056,0.97521645,0.9731066,0.97513616,0.97767484,0.97759986,0.98209727,0.9765254,0.9791709,0.98158157,0.9788511,0.97661453,0.9691068,0.97140914,0.97512406,0.9772305,0.97638,0.9810959,0.9763496,0.9796232,0.97786623,0.9750082,0.9753608,0.9792236,0.9753002,0.9778262,0.97931707,0.9822134,0.9812204,0.97989476,0.9771514,0.9770871,0.9737402,0.97693944,0.97815484,0.9738237,0.98098326,0.9737102,0.9770453,0.9754271,0.97675234,0.9778181,0.97392684,0.9757904,0.97356063,0.97544324,0.9747998,0.9784954,0.97494525,0.98023874,0.9716661,0.97576493,0.9736628
ipip25,0.98714435,0.98407996,0.9867659,0.98214775,0.98453,0.9823409,0.9874061,0.98390174,0.9872266,0.9817659,0.985777,0.98804283,0.98834527,0.98490036,0.98494023,0.99010634,0.98902196,0.98239064,0.9886956,0.98778105,0.98970926,0.98612225,0.987185,0.9862847,0.98562247,0.98816675,0.9817016,0.9886132,0.98592633,0.9874456,0.9879951,0.9875229,0.98338056,0.98822486,0.98695993,0.9869051,0.98972785,0.98633456,0.9911315,0.9870692,0.98258495,0.9870775,0.98549944,0.98319256,0.9805375,0.98678225,0.98470086,0.9835737,0.98634535,0.9854309,0.9836473,0.96782684,0.98577446,0.9830218,0.97921276,0.9848762,0.9746474,0.9822585,0.98373085,0.9868868,0.9894813,0.9873758,0.99106735,0.9850271,0.98667806,0.9892131,0.9888445,0.98743147,0.98566014,0.98393774,0.98719543,0.989603,0.9825197,0.98600185,0.9896586,0.96896654,0.9875873,0.9893044,0.9873489,0.9869646,0.9865036,0.99025846,0.9893942,0.985929,0.98805135,0.9893119,0.9889171,0.9886634,0.9836025,0.98639417,0.98993796,0.989469,0.99030626,0.98447955,0.98232186,0.98240346,0.985615,0.98552173,0.9859273,0.9790837,0.9999991,0.98857003,0.99285495,0.99168015,0.989802,0.9812646,0.98883295,0.98458976,0.9901123,0.98909646,0.98971826,0.98342824,0.98636335,0.9885998,0.99054426,0.9873235,0.9906122,0.989864,0.98754805,0.9874741,0.9914262,0.9889745,0.98800427,0.9873328,0.98985827,0.9846345,0.9857258,0.9882215,0.98262346,0.98762584,0.98783773,0.9771717,0.984052,0.98359734,0.9879596,0.9865292,0.98706573,0.9882611,0.9888545,0.9853868,0.98756677,0.98828256,0.98811835,0.9862832,0.98973083,0.9812451,0.9879363,0.9859546,0.98035234,0.98714185,0.98880726,0.98716444,0.9853621,0.9833724,0.9895223,0.98760533,0.9866852,0.98626536,0.98226196,0.98906606,0.9824542,0.98913294,0.986378,0.98408586,0.9861078,0.9621657,0.98876286,0.9862268,0.98542935,0.98606455,0.98667306,0.9839119,0.9875242,0.9876701,0.98656017,0.98886883,0.98749083,0.98434323,0.98414165,0.9912326,0.98806065,0.9869174,0.98671657,0.9866702,0.97992885,0.9868867,0.99215394,0.9917432,0.99194413,0.98458683,0.9895486,0.9901272,0.9906395,0.9875241,0.98998016,0.988653,0.9880876,0.9876145,0.984006,0.98471075,0.98756635,0.98715574,0.98391587,0.9885849,0.9873785,0.9855609,0.9884228,0.9780751,0.98492455,0.9813759,0.98530585,0.985006,0.98709553,0.98691815,0.98523295,0.9854468,0.98774713,0.96728534,0.989453,0.98954004,0.98719645,0.9830511,0.9893243,0.9878037,0.9779253,0.9881344,0.988951,0.989691,0.9758771,0.9838052,0.99032116,0.9889133,0.98800415,0.9872464,0.99035543,0.9866744,0.98710924,0.98332417,0.98761725,0.98595923,0.98728913,0.98741555,0.9889652,0.98550504,0.9887222,0.98813564,0.98213494,0.9867792,0.97024876,0.9844014,0.98798573,0.98769414,0.98500586,0.9887389,0.9872157,0.9887966,0.986609,0.98664165,0.98401475,0.9869281,0.98982096,0.98392636,0.9861422,0.98111415,0.9857182,0.98696727,0.9866298,0.98404825,0.9874914,0.9786409,0.9885849,0.9828169,0.98614866,0.9892292,0.98672414,0.98737574,0.9861061,0.986452,0.98559743,0.98582,0.982907,0.9873099,0.9854565,0.982234,0.9885612,0.9722638,0.9698561,0.9819734
ipip55,0.9943954,0.98646,0.99086046,0.9853986,0.99040705,0.9865098,0.99350786,0.98468703,0.99402857,0.9850393,0.98634565,0.9927503,0.98593986,0.9843522,0.9832443,0.9885226,0.99067926,0.9866952,0.9913203,0.98801774,0.9925258,0.9894528,0.9923974,0.9936193,0.98821217,0.9906667,0.98440135,0.9912332,0.9873214,0.98863995,0.99417824,0.98912656,0.9871382,0.99306196,0.9931207,0.990592,0.99127454,0.9921705,0.98998415,0.99024737,0.9823069,0.98998666,0.99045753,0.9825873,0.9855828,0.9913304,0.9880498,0.9865517,0.9903508,0.98590285,0.9863981,0.96398103,0.98871934,0.98145384,0.98365015,0.9850472,0.9749665,0.9822453,0.98332244,0.98947734,0.99280894,0.9894623,0.99387187,0.9912394,0.9894852,0.98680675,0.99207544,0.9918677,0.9911989,0.9846801,0.99416023,0.9914988,0.98189855,0.9879108,0.98860264,0.9595071,0.9846476,0.9894772,0.9903888,0.9931827,0.99058545,0.9947821,0.9858835,0.9924053,0.99099326,0.9937318,0.99204946,0.98240787,0.98159665,0.98996866,0.9889212,0.9949223,0.99133074,0.98327076,0.9789718,0.9805797,0.9931431,0.990274,0.97925025,0.9723997,0.98857003,0.99999934,0.99206644,0.98951274,0.9924161,0.9752844,0.99198854,0.9844296,0.9916657,0.99382615,0.994747,0.9880887,0.9889042,0.9876778,0.9930672,0.98677605,0.99242437,0.9930946,0.9932765,0.9881871,0.99384147,0.988218,0.9920456,0.992228,0.99235785,0.98682624,0.9879509,0.98940307,0.9900822,0.98802197,0.9930047,0.97514564,0.98589045,0.9812152,0.9913185,0.9924862,0.9907756,0.98969805,0.99402684,0.9929898,0.9949122,0.9927701,0.98649335,0.9913975,0.9918197,0.9805494,0.9922067,0.99138653,0.97790223,0.9903228,0.9977301,0.9939449,0.9828982,0.9816322,0.9948565,0.98913187,0.9891005,0.98770535,0.97694427,0.99448645,0.98194385,0.9940781,0.9896917,0.98805815,0.9934672,0.9557339,0.9913896,0.9900107,0.98907566,0.98473936,0.99381703,0.98192286,0.9922816,0.99326164,0.99480164,0.9925472,0.99215066,0.98886496,0.98961765,0.9893952,0.98417693,0.99063456,0.9885174,0.99093294,0.97713184,0.98682046,0.99294525,0.99293107,0.992756,0.9888148,0.99209195,0.993961,0.99394864,0.99533063,0.9944467,0.9950544,0.99416536,0.9934479,0.9864729,0.9861555,0.9897543,0.9941779,0.9838916,0.993859,0.991946,0.99228346,0.99562436,0.9777899,0.9854112,0.9827157,0.98888505,0.9885115,0.9946609,0.99180436,0.9878084,0.98641497,0.98937947,0.96151876,0.98827195,0.99043137,0.9930578,0.98355,0.9895183,0.9911611,0.9763617,0.9927322,0.99376935,0.9919106,0.97413945,0.98637336,0.9904364,0.99248314,0.99293095,0.9917719,0.9935245,0.989178,0.99282724,0.9845654,0.9913378,0.985776,0.98964095,0.98801917,0.9930189,0.9895385,0.9885463,0.9913758,0.9858272,0.9937441,0.96603787,0.986834,0.99263054,0.99301374,0.98247457,0.99290544,0.9872088,0.99036586,0.9897193,0.99356574,0.9849676,0.99240965,0.993904,0.9876911,0.9873707,0.9776459,0.98341393,0.9895537,0.98840225,0.9905308,0.98984724,0.9776785,0.9941189,0.98331416,0.99318147,0.99191636,0.99209386,0.9897832,0.98833025,0.99290055,0.9889117,0.9907458,0.9902734,0.9923329,0.98766243,0.9897722,0.98873734,0.9731346,0.9624794,0.9818898
ipip85,0.99072087,0.9837291,0.9885581,0.9815323,0.9863867,0.98279315,0.98997676,0.98382455,0.9891894,0.9810433,0.98316085,0.9908501,0.9864737,0.98464113,0.98273736,0.98829854,0.98981446,0.9834531,0.98984915,0.9880428,0.989558,0.98850983,0.9890052,0.9883366,0.9862065,0.9887107,0.9800832,0.9883515,0.9870117,0.9883435,0.9897732,0.9872732,0.984528,0.9899472,0.9904187,0.98759013,0.99019504,0.9892223,0.98981893,0.9875929,0.9798954,0.9876816,0.985845,0.98228353,0.980698,0.9886212,0.984832,0.98446596,0.98764294,0.9853096,0.9832327,0.9620196,0.9866706,0.9806458,0.98050433,0.98294586,0.97295094,0.98187125,0.98187494,0.98672336,0.9933678,0.98792684,0.99389166,0.9871358,0.98861164,0.9866216,0.9905463,0.9892409,0.98816705,0.98419213,0.9906119,0.989289,0.98158664,0.9862227,0.98974425,0.9612367,0.9854654,0.9891048,0.98648524,0.98811,0.9896261,0.9914617,0.98639244,0.98978335,0.98877585,0.9918804,0.99031717,0.9840348,0.98245215,0.9884122,0.9914192,0.9925634,0.9924959,0.9867325,0.98006284,0.98155856,0.9893589,0.9867546,0.98206663,0.97532874,0.99285495,0.99206644,0.99999845,0.9918629,0.9926703,0.9770889,0.9905619,0.98569435,0.9926206,0.99243855,0.992076,0.9870678,0.9878382,0.98974264,0.99213904,0.9874528,0.9929611,0.991478,0.9918104,0.98718786,0.99195623,0.9890358,0.9887034,0.9900669,0.9904513,0.98333985,0.9842265,0.9884886,0.985029,0.98655885,0.9898453,0.9757489,0.98405486,0.98308253,0.98873717,0.9881385,0.9879809,0.9875534,0.99071604,0.9890041,0.99221367,0.99153465,0.98708427,0.98859626,0.99183637,0.9818014,0.98980856,0.9883854,0.9771757,0.9882515,0.99178195,0.98846567,0.98451716,0.9835041,0.9928874,0.98793966,0.9871669,0.9863075,0.98143417,0.9921426,0.98089814,0.99073714,0.9888528,0.9867756,0.99023294,0.9567161,0.9887673,0.9869184,0.9873849,0.9848947,0.9898333,0.98230505,0.9899003,0.98954064,0.988815,0.99061424,0.98915386,0.98590964,0.98496217,0.9882136,0.98487425,0.98658067,0.98634917,0.9870706,0.97745365,0.98660743,0.99045765,0.99055403,0.9902725,0.9833455,0.9895576,0.99007785,0.99021924,0.98951876,0.991112,0.9907066,0.98910904,0.98938555,0.98239666,0.98352355,0.9867295,0.9896628,0.9815255,0.9892097,0.98772776,0.9863949,0.9902956,0.9755674,0.98368305,0.98009247,0.9853499,0.9869155,0.98911667,0.988028,0.9843138,0.984514,0.9865388,0.962512,0.9888532,0.9906008,0.98909163,0.98137754,0.98823184,0.98764855,0.9750619,0.99012655,0.9909641,0.9896759,0.9716279,0.98393005,0.98795223,0.9899644,0.9907892,0.9883005,0.9916343,0.9867375,0.9889387,0.98441845,0.988909,0.9846156,0.9881596,0.9878515,0.9906044,0.98594606,0.98646384,0.98876095,0.9825944,0.98986554,0.96541345,0.9837578,0.9888576,0.9888491,0.98145515,0.98929065,0.98550355,0.98853457,0.9867458,0.98909616,0.98321843,0.9901118,0.98989046,0.98305696,0.9850958,0.97748077,0.98206115,0.98769987,0.9869482,0.9872874,0.99102277,0.9773799,0.9907742,0.9819547,0.9882882,0.9895054,0.98805684,0.98856455,0.9862577,0.98896205,0.98713005,0.98819536,0.9860117,0.9894792,0.9852926,0.9855348,0.9879895,0.9708339,0.9635213,0.98033077
ipip115,0.98781407,0.98302037,0.9866284,0.98118734,0.98531264,0.98349154,0.9872871,0.9821147,0.98825014,0.9811491,0.984046,0.988854,0.98689485,0.98441416,0.9840694,0.9886889,0.9887187,0.98432034,0.98948705,0.98546153,0.9888803,0.98588204,0.98856354,0.98822826,0.98675114,0.98793,0.9815358,0.98775756,0.9880699,0.9874712,0.9890141,0.98703676,0.9841046,0.98838085,0.98675317,0.9875331,0.9885003,0.98595995,0.99228156,0.98769325,0.98192614,0.9866506,0.9860478,0.98222226,0.98222554,0.9880514,0.985903,0.982975,0.9861185,0.9865544,0.9839729,0.9660158,0.9850057,0.9811155,0.9803964,0.9824887,0.9748383,0.9824989,0.9822067,0.9865529,0.9887507,0.98723245,0.98952496,0.98730135,0.9870031,0.98742235,0.98808473,0.98719424,0.9877006,0.9832088,0.9877499,0.9887219,0.98130596,0.9842149,0.9877667,0.96335864,0.9860629,0.9883873,0.986549,0.98756653,0.98745435,0.98959774,0.986858,0.98735034,0.98885566,0.9887909,0.98863435,0.98685765,0.9815914,0.98636025,0.99063396,0.99107987,0.9890031,0.98424727,0.9795914,0.98027194,0.98696256,0.98699784,0.9837297,0.97698677,0.99168015,0.98951274,0.9918629,0.9999992,0.9905576,0.982099,0.9889867,0.9860091,0.98939604,0.9888349,0.9884402,0.9833076,0.9870489,0.98779285,0.9890214,0.9881249,0.99017096,0.9885959,0.988749,0.985813,0.9904366,0.98736376,0.98761934,0.98786813,0.9883711,0.98763,0.9846866,0.98754936,0.98528683,0.98696077,0.98801684,0.9786636,0.9857178,0.98253334,0.9868132,0.98850054,0.98866814,0.9872114,0.98824507,0.986859,0.9898759,0.98990595,0.9860497,0.98775303,0.9904099,0.98224515,0.9890153,0.9878989,0.97965217,0.98698395,0.9905154,0.9891019,0.98527175,0.98320466,0.98889166,0.98910844,0.98816246,0.9861373,0.979776,0.98861676,0.98291546,0.9890523,0.98610246,0.9855773,0.9870829,0.95953375,0.98738223,0.9878875,0.9856679,0.98455554,0.98816615,0.9843746,0.9875755,0.98982006,0.9883125,0.98821336,0.9877309,0.985552,0.9849161,0.9893233,0.9878824,0.9866327,0.9867162,0.98667663,0.97673315,0.98461324,0.99072486,0.99077636,0.99083614,0.9849072,0.99003375,0.9895921,0.9900112,0.98850715,0.9899175,0.9880844,0.9884906,0.9877797,0.98424643,0.9848913,0.9856124,0.9879523,0.9828864,0.988062,0.98735714,0.98785824,0.9891273,0.9776614,0.9851725,0.9823056,0.9851117,0.9857702,0.9876106,0.9862495,0.98431194,0.9865958,0.9864598,0.9645589,0.9868121,0.9899927,0.9894297,0.980434,0.98616207,0.9882193,0.97552264,0.98741895,0.9884279,0.9895601,0.97482497,0.98544073,0.9890765,0.9877749,0.9879504,0.98722124,0.98843706,0.98510116,0.9879231,0.98338693,0.98848385,0.9873001,0.9876874,0.9867172,0.98789567,0.98656636,0.98744893,0.9875738,0.9832439,0.9876858,0.9668964,0.98505294,0.98848194,0.98798555,0.9845703,0.98905236,0.9860752,0.9875147,0.9855893,0.9878053,0.9834171,0.9889738,0.9896263,0.98371816,0.98378235,0.9775661,0.9839077,0.985813,0.98784703,0.98598325,0.9880601,0.9780157,0.98818076,0.9830431,0.98801947,0.98754704,0.9879592,0.98733526,0.98600656,0.9875074,0.98629946,0.98670816,0.9849167,0.98617476,0.9844287,0.9843319,0.985817,0.9710264,0.9672722,0.97925645
ipip145,0.99100107,0.98593986,0.98924977,0.98394775,0.988326,0.9844199,0.99065894,0.98606783,0.990618,0.98372453,0.98542243,0.99224204,0.988196,0.98854166,0.984134,0.9894377,0.991447,0.9858299,0.9923421,0.99031746,0.99168813,0.9894027,0.9896137,0.9896087,0.98739517,0.98979485,0.9833589,0.99086934,0.98892695,0.9891096,0.9901697,0.9880154,0.9840085,0.9913129,0.99066275,0.9890146,0.9907083,0.9893489,0.99061525,0.9916506,0.98136,0.9887451,0.9882803,0.9844092,0.98399395,0.98978525,0.98795515,0.9847351,0.99049413,0.9876148,0.9859975,0.9654678,0.9877528,0.9841412,0.981199,0.98491466,0.97596323,0.9837803,0.98439246,0.9871357,0.99287397,0.9896345,0.9942753,0.9893215,0.98973054,0.98725414,0.99088675,0.98931706,0.9888374,0.98606133,0.9904726,0.98968863,0.98072076,0.9867416,0.9927814,0.9630228,0.9877895,0.9908705,0.9870097,0.9887488,0.9910838,0.9938273,0.9884586,0.9911019,0.9921548,0.9926876,0.99283814,0.9871871,0.98473585,0.9896475,0.99064076,0.9928919,0.9936148,0.98767745,0.9819195,0.9824696,0.98991543,0.98748,0.98191506,0.9776359,0.989802,0.9924161,0.9926703,0.9905576,0.9999994,0.9780197,0.9915751,0.98408693,0.99134445,0.9924592,0.99207294,0.9883369,0.99123603,0.98890096,0.992919,0.9885362,0.9923414,0.99249184,0.9919866,0.9880144,0.99216,0.9871562,0.98909307,0.9901389,0.9908534,0.9847704,0.98547333,0.98997426,0.98530865,0.987852,0.9899942,0.9778224,0.9863591,0.9854592,0.98887026,0.9895836,0.98840076,0.9879079,0.9910614,0.9895656,0.99348825,0.99308497,0.98831105,0.9913762,0.99333394,0.9827464,0.99153244,0.9890018,0.9795457,0.991942,0.9916798,0.9893728,0.9869637,0.9826294,0.991665,0.98915595,0.9893663,0.98768294,0.98158777,0.9912481,0.98284173,0.99178404,0.988533,0.98554015,0.9907468,0.9588991,0.98895794,0.98954535,0.9885667,0.9862002,0.9902745,0.9834761,0.98923683,0.9914309,0.9890645,0.98964864,0.9899146,0.9870062,0.98600405,0.987774,0.9866932,0.98709255,0.9858967,0.9877613,0.9778818,0.98603725,0.9904123,0.99024004,0.9901811,0.98556364,0.99147046,0.9901988,0.9904144,0.9897968,0.9928389,0.99096304,0.9905694,0.99031365,0.9842558,0.98659325,0.9893235,0.9898437,0.9848094,0.99025506,0.9889386,0.9880007,0.9904436,0.978585,0.9854548,0.98244506,0.986304,0.987921,0.9885521,0.9880575,0.9849117,0.9861465,0.9878242,0.96624076,0.9906321,0.99243915,0.9906528,0.9824986,0.9890424,0.9908503,0.97566617,0.98993367,0.9900353,0.99073595,0.97520065,0.9857519,0.98881304,0.9897134,0.9913806,0.9890631,0.9918724,0.98639035,0.99115247,0.986344,0.98956996,0.98564905,0.99244684,0.9900042,0.99044037,0.98832536,0.9872091,0.99000674,0.98560655,0.9898772,0.9667581,0.9863131,0.9902486,0.9902099,0.98435235,0.9909532,0.98790574,0.99115855,0.9884694,0.9907257,0.9872421,0.9914292,0.99065983,0.9856315,0.9870845,0.97962856,0.9836634,0.98843706,0.98760885,0.9868706,0.989062,0.9791983,0.9911922,0.98338395,0.99022806,0.98917496,0.9901549,0.98935884,0.98718417,0.99075025,0.9887124,0.9892544,0.986304,0.9903786,0.98669916,0.9860633,0.9880999,0.97250485,0.9669684,0.98218757
ipip175,0.9721308,0.9779471,0.9742319,0.9770364,0.9743928,0.9766075,0.9750886,0.9781196,0.98039454,0.9779286,0.9779451,0.9762192,0.98147506,0.9771462,0.9798261,0.9800579,0.9787757,0.9754205,0.9793059,0.9774681,0.9779198,0.97515494,0.9776025,0.97960156,0.97670096,0.9807821,0.9805519,0.9793051,0.9783057,0.97962964,0.9803689,0.9837347,0.9787397,0.97943324,0.9711193,0.9770724,0.97588503,0.9702352,0.9797184,0.97813326,0.9813591,0.9802065,0.97939324,0.97658753,0.9783215,0.9775527,0.9806666,0.97369057,0.97433424,0.9777237,0.97819656,0.9732496,0.97680426,0.9780267,0.97773254,0.98292917,0.9679838,0.9817742,0.979072,0.9828802,0.97172874,0.9774655,0.9750645,0.9772842,0.9781953,0.9816988,0.97821563,0.9794166,0.97974795,0.9808763,0.97092235,0.9799468,0.97588825,0.9738187,0.9795174,0.97364646,0.98010695,0.97806644,0.98152083,0.9794336,0.9785698,0.97704417,0.9774122,0.9705699,0.9769336,0.97452146,0.9779113,0.9817173,0.9753375,0.97604257,0.97783476,0.9758835,0.97821534,0.9786616,0.9741555,0.9784805,0.970893,0.9842936,0.97978556,0.9805881,0.9812646,0.9752844,0.9770889,0.982099,0.9780197,1.0000001,0.9793345,0.9830131,0.987119,0.97441417,0.97553957,0.9705518,0.9789254,0.9821207,0.9776659,0.9801178,0.97927165,0.9756113,0.9729704,0.98112506,0.9783804,0.9782737,0.9801076,0.973955,0.9753035,0.98694056,0.9847829,0.9798263,0.97973293,0.98029304,0.9743103,0.9731817,0.9800886,0.9764873,0.97424036,0.97944915,0.9805944,0.98145455,0.9755284,0.97153705,0.972318,0.98055655,0.97929716,0.978789,0.97758937,0.9787292,0.977999,0.9797498,0.982875,0.97901314,0.97833997,0.98021495,0.97940725,0.9767669,0.97308135,0.98307323,0.9824833,0.9782779,0.9750294,0.97498596,0.9794618,0.9773957,0.9717324,0.9778879,0.97227836,0.961549,0.97777045,0.981064,0.97237855,0.9759154,0.9720885,0.97999585,0.9723145,0.97702056,0.97877014,0.9776997,0.9791834,0.9786364,0.97987664,0.983544,0.98742694,0.9834241,0.98039585,0.98287135,0.97769886,0.979458,0.981714,0.9819644,0.9822976,0.9842211,0.980654,0.980783,0.9809484,0.9791443,0.9778164,0.9761529,0.9807633,0.9757237,0.9851268,0.9843346,0.9805944,0.9765596,0.9858876,0.979918,0.98017794,0.9789002,0.9795314,0.982579,0.9933537,0.9840409,0.980025,0.97777057,0.9763573,0.98007107,0.98362637,0.9821387,0.98016346,0.9729232,0.97928554,0.97810537,0.9764611,0.9766269,0.98051476,0.9814132,0.9732117,0.9751427,0.97645307,0.9825705,0.986986,0.98455036,0.9841436,0.9783824,0.9769665,0.9760336,0.9773423,0.9787855,0.9780973,0.9757772,0.97896844,0.98372287,0.9786087,0.98162425,0.9780482,0.98238367,0.9848865,0.9844583,0.9776409,0.97182703,0.97092426,0.97763926,0.97943354,0.9792911,0.984915,0.9797681,0.98230606,0.9793854,0.9778114,0.97794765,0.9795619,0.9797571,0.98078626,0.982445,0.9824342,0.98050827,0.9837589,0.977898,0.9804099,0.9775412,0.9806581,0.9794123,0.9761356,0.9836794,0.97619915,0.97883517,0.97834605,0.98162055,0.9810004,0.97525346,0.9775611,0.9775936,0.97834027,0.9767922,0.9846789,0.9779397,0.9828023,0.9731561,0.97286224,0.97527725
ipip205,0.99242944,0.98526275,0.9900721,0.9840909,0.9884957,0.98454076,0.9933794,0.9870671,0.9921494,0.98455346,0.98756784,0.9909566,0.9878189,0.9871301,0.9818312,0.9906214,0.99192715,0.98607814,0.9928739,0.9908063,0.99177414,0.9875594,0.99061316,0.990905,0.9861895,0.991593,0.98526394,0.9920612,0.98981726,0.9907447,0.99171466,0.98925865,0.9880786,0.9915247,0.9926039,0.9895491,0.99297506,0.9925684,0.99122417,0.99021775,0.9837459,0.9907426,0.9889346,0.9846218,0.9837059,0.9905264,0.98684496,0.9840424,0.99079126,0.9860763,0.98724735,0.96805334,0.9886987,0.9858893,0.983475,0.9869277,0.9751958,0.98513484,0.9844417,0.9905546,0.99107105,0.9878636,0.99178916,0.9875609,0.9874969,0.98491716,0.9931492,0.9917447,0.99081475,0.9868366,0.99153066,0.99066496,0.9808825,0.9857098,0.9871086,0.9645222,0.98891187,0.99148303,0.9897379,0.9904107,0.9893334,0.99300313,0.9870998,0.9907286,0.9905315,0.99370617,0.99393916,0.9856636,0.9832522,0.99125594,0.98820597,0.9936024,0.9906363,0.98454624,0.9799141,0.980704,0.9916287,0.9887799,0.9813377,0.98029363,0.98883295,0.99198854,0.9905619,0.9889867,0.9915751,0.9793345,1.000001,0.9848123,0.9920822,0.99343526,0.99435335,0.98698634,0.9891409,0.9897759,0.993266,0.98645425,0.99330825,0.9929882,0.99197084,0.98792756,0.9926837,0.987636,0.9902598,0.9890438,0.99228466,0.98614234,0.9880901,0.9908283,0.9876003,0.9886889,0.991732,0.97553325,0.9851161,0.9832587,0.9906495,0.9909699,0.99050665,0.99034303,0.99342793,0.991022,0.9923443,0.9921495,0.9872327,0.9906864,0.99125177,0.98219407,0.990802,0.99087244,0.98049194,0.9913747,0.9935345,0.9883741,0.985679,0.98081976,0.99223024,0.988951,0.9893591,0.9886584,0.9798897,0.99317926,0.9822611,0.9930765,0.9895178,0.98634124,0.9921287,0.95878506,0.9918378,0.9894699,0.9896799,0.9872188,0.99250203,0.98390394,0.9916062,0.9927048,0.99099153,0.9921692,0.9924385,0.98968035,0.988552,0.99096173,0.98803794,0.9886736,0.9874705,0.9882247,0.9784742,0.9855406,0.9932738,0.9934633,0.9932778,0.987474,0.9951466,0.9929072,0.99296665,0.9914172,0.9930496,0.99322057,0.9931692,0.9940157,0.9869695,0.98814994,0.99039453,0.99362725,0.9873455,0.99301004,0.98982847,0.9883061,0.9931925,0.98013234,0.9871648,0.9836545,0.98738456,0.99023086,0.99063814,0.9880943,0.9868776,0.98358727,0.99062526,0.9676391,0.99046165,0.99141246,0.9916417,0.9846997,0.9907504,0.98904794,0.97841877,0.99230176,0.9934219,0.99241024,0.9764613,0.9870889,0.9919864,0.9901704,0.99055016,0.98838526,0.99153054,0.9869336,0.9908695,0.9860638,0.99108577,0.9868701,0.99220717,0.9911718,0.99262065,0.989001,0.98944026,0.9916457,0.98446715,0.9916967,0.9690743,0.9872051,0.9920416,0.99217176,0.98493063,0.99182147,0.98847425,0.99137753,0.99018896,0.99057525,0.98626155,0.99159527,0.9929722,0.98634446,0.98917675,0.9806584,0.9859449,0.9898964,0.9876645,0.98809016,0.9883796,0.9779832,0.99360496,0.98554575,0.9895212,0.9923382,0.988998,0.9890827,0.9877998,0.9906023,0.9871615,0.9896089,0.98811066,0.9923264,0.9883408,0.98742694,0.99055773,0.97321707,0.96901727,0.9805886
ipip235,0.98289794,0.9801933,0.9818621,0.9777829,0.9814544,0.9802735,0.9836834,0.98171085,0.9852453,0.9777257,0.980485,0.98452467,0.98566735,0.9796473,0.9807918,0.9855241,0.98495,0.979167,0.9837284,0.98238665,0.98463416,0.98346084,0.98556036,0.9851586,0.98530483,0.98317665,0.9788595,0.9839118,0.98075294,0.98130196,0.98547983,0.98498476,0.9846624,0.9867812,0.98226804,0.9849697,0.98313856,0.98152477,0.98460233,0.9842177,0.979251,0.9840252,0.98200685,0.9784367,0.97822523,0.98394376,0.9842288,0.98015684,0.9823561,0.98028374,0.98111576,0.9645869,0.982668,0.9772195,0.97874624,0.98133665,0.9714178,0.97951937,0.9803325,0.9846394,0.9830612,0.9823782,0.98466617,0.98282886,0.9832839,0.98426527,0.98417234,0.9856333,0.98622406,0.98291534,0.98332703,0.9850336,0.9814336,0.98015106,0.9823468,0.9634541,0.9809386,0.9814198,0.98250765,0.9829573,0.98564774,0.9846211,0.97979194,0.9807568,0.9822324,0.98359954,0.9837924,0.98130167,0.9780939,0.98284596,0.98522687,0.9849928,0.98536265,0.97995573,0.97541195,0.9776928,0.9844008,0.9860456,0.9796832,0.9751532,0.98458976,0.9844296,0.98569435,0.9860091,0.98408693,0.9830131,0.9848123,1.0000005,0.9904407,0.98492956,0.98437107,0.97816676,0.9835011,0.9837742,0.98528457,0.98385686,0.98594683,0.9837309,0.98246163,0.98339605,0.9846979,0.9824695,0.983559,0.981461,0.9845543,0.9849578,0.98241544,0.9826772,0.98263377,0.9817725,0.9840058,0.97137463,0.98153174,0.97705966,0.98362356,0.98442143,0.9884507,0.98479545,0.98389184,0.9841451,0.98420876,0.98701143,0.98254573,0.9878233,0.98352534,0.98063123,0.983533,0.98582876,0.97783774,0.9830685,0.9852354,0.9834415,0.9800263,0.97670174,0.9835401,0.98558885,0.9846042,0.9826005,0.97445893,0.98405755,0.9789387,0.9849162,0.98099345,0.9852786,0.9853485,0.9561601,0.98358715,0.9856604,0.9809447,0.97826266,0.9834287,0.9788215,0.9816723,0.9836614,0.98430175,0.98342067,0.9846448,0.9835685,0.98244554,0.9858204,0.98361623,0.9825151,0.9805285,0.9823373,0.974104,0.9813803,0.9861395,0.986596,0.9863248,0.9826243,0.9850459,0.98521376,0.9849828,0.9840545,0.98483485,0.9837674,0.9856234,0.9839848,0.9817403,0.98453087,0.9846796,0.98616445,0.98401076,0.9841094,0.98417246,0.98386765,0.9859865,0.976984,0.9857313,0.9809751,0.98200876,0.982596,0.9831196,0.98288816,0.9813812,0.9815206,0.98261744,0.9633793,0.9813607,0.9837886,0.9848958,0.9764059,0.9833325,0.98388636,0.9707982,0.9832655,0.9853907,0.9858771,0.9772325,0.9856049,0.98673123,0.98364276,0.9842786,0.9834719,0.98431677,0.9810934,0.9863357,0.9803549,0.98496085,0.9848052,0.9826855,0.9822026,0.98350185,0.9851945,0.9832686,0.9870235,0.98162454,0.9835477,0.96552056,0.9804268,0.9840462,0.98446894,0.980345,0.98438776,0.9818496,0.98205245,0.98165226,0.9859905,0.9795173,0.9868417,0.98522574,0.9801975,0.98154044,0.974754,0.98205024,0.98320836,0.98481137,0.9854814,0.9860581,0.9767754,0.98459333,0.9830677,0.98275757,0.9851089,0.98396784,0.9856106,0.9848328,0.98529357,0.9832079,0.9832529,0.9834932,0.98382795,0.9857288,0.9831732,0.9841815,0.9702297,0.96692336,0.97774863
ipip265,0.99030316,0.9869908,0.98811036,0.9845916,0.98753566,0.98436475,0.99174994,0.98848194,0.99274683,0.98494935,0.986824,0.9898539,0.98871845,0.9861325,0.9845407,0.98976463,0.99102855,0.9844545,0.9908322,0.99037224,0.99050957,0.988343,0.99037635,0.9919322,0.9888559,0.99034286,0.9851918,0.99065083,0.98755294,0.9883177,0.99150324,0.99207115,0.98700994,0.9934855,0.9903439,0.98933643,0.9902895,0.9890068,0.9897434,0.9901584,0.98505205,0.9912335,0.9890535,0.9841531,0.98435885,0.9894781,0.98967487,0.9862009,0.9887091,0.9850014,0.98736537,0.9700443,0.9894606,0.9856098,0.98463964,0.9884446,0.9741364,0.9847065,0.9849271,0.9912807,0.9912883,0.9885087,0.9929839,0.98750067,0.9889968,0.9878645,0.99249667,0.992536,0.99179226,0.98830223,0.99035716,0.9907428,0.9821161,0.98676354,0.98895824,0.9690927,0.9877032,0.9897367,0.98957264,0.99023235,0.99022007,0.9919004,0.9864131,0.9878409,0.98886913,0.99183965,0.9921363,0.9863788,0.9829285,0.99005204,0.9882082,0.99230754,0.99203604,0.9857045,0.9797653,0.9839137,0.9896063,0.99163264,0.9825345,0.98016346,0.9901123,0.9916657,0.9926206,0.98939604,0.99134445,0.987119,0.9920822,0.9904407,0.9999997,0.9923898,0.9930799,0.98490727,0.9884736,0.99061173,0.99257344,0.98741466,0.9924604,0.99088603,0.9896519,0.9903097,0.992402,0.9884971,0.990793,0.9887119,0.9901845,0.98876655,0.99108374,0.9914255,0.98843485,0.9882851,0.9908811,0.9770582,0.9873249,0.98379385,0.9901471,0.9899427,0.9900699,0.9919502,0.9923492,0.98957473,0.99043036,0.99291927,0.9877389,0.9913663,0.9904138,0.9829995,0.989586,0.9916581,0.9830403,0.9897952,0.9929866,0.9893757,0.9852932,0.9830233,0.9909978,0.98935956,0.9893178,0.98860556,0.9797221,0.9921882,0.98428446,0.9918633,0.9863428,0.9878204,0.9909515,0.96138096,0.99170977,0.9917076,0.98759294,0.9845015,0.9899924,0.98335814,0.9890491,0.99040717,0.9909909,0.99156463,0.99217266,0.9894703,0.9903013,0.9916953,0.9888815,0.989701,0.9875666,0.9900633,0.98131454,0.9886189,0.99300164,0.99318296,0.9929626,0.9894759,0.99264336,0.9925847,0.99257463,0.9912292,0.9911381,0.9919394,0.9931037,0.9918731,0.98788404,0.9911158,0.99302065,0.99213916,0.98970646,0.9920837,0.9903198,0.9887025,0.99321556,0.98169136,0.99292856,0.98628646,0.98860276,0.98943305,0.9902558,0.9909612,0.989431,0.9864827,0.9899204,0.96956456,0.9896503,0.9904835,0.9901991,0.9839419,0.9911317,0.9907571,0.9771025,0.990219,0.99259406,0.9931227,0.9820261,0.9887194,0.99275666,0.99038243,0.9921959,0.98877007,0.99218595,0.98854715,0.99286944,0.98613197,0.9903974,0.9880083,0.9893087,0.98985726,0.99205416,0.99124366,0.9907804,0.9961231,0.9860689,0.99060386,0.970958,0.98702246,0.9920404,0.9922283,0.9882143,0.992454,0.9904433,0.9911116,0.98944557,0.992202,0.9868448,0.992074,0.9928914,0.9871922,0.99012667,0.9838857,0.98782134,0.990554,0.98945594,0.99028814,0.9915135,0.980907,0.99291867,0.98826134,0.98944896,0.9928568,0.99005806,0.9920551,0.9902946,0.9917948,0.98816055,0.9902518,0.98939526,0.99232465,0.99445325,0.9890688,0.9929676,0.975032,0.970407,0.9828732
ipip295,0.9951434,0.98558724,0.9914406,0.98358166,0.98995817,0.98434854,0.9952909,0.987348,0.9922208,0.98325825,0.9858235,0.99324226,0.9868969,0.98433554,0.9813583,0.9901809,0.9920642,0.9851858,0.991384,0.99121255,0.9918951,0.9901711,0.9902835,0.9915507,0.98564065,0.9913052,0.98346156,0.9914157,0.98828155,0.9889702,0.9915028,0.9895539,0.987252,0.99174005,0.9955546,0.98934877,0.993182,0.9945267,0.9908976,0.99098724,0.9814558,0.9913155,0.9877928,0.9833983,0.98146456,0.9910171,0.9858818,0.98590827,0.9902557,0.9849499,0.98697436,0.9624312,0.99092364,0.98239416,0.98157245,0.98568887,0.9743132,0.98235166,0.9839927,0.98864895,0.9941474,0.98737836,0.99471515,0.9879417,0.9883703,0.9847438,0.99469763,0.9927494,0.9906267,0.9861864,0.99493146,0.9901739,0.97980654,0.9878901,0.9884992,0.9597452,0.9854338,0.99072385,0.98823225,0.99076754,0.9903628,0.9941072,0.9860738,0.9927482,0.9912385,0.99586457,0.99420106,0.983511,0.9824397,0.99247867,0.9895333,0.99458104,0.99355066,0.98259825,0.97771186,0.9800444,0.9944759,0.9875402,0.97875106,0.9740667,0.98909646,0.99382615,0.99243855,0.9888349,0.9924592,0.97441417,0.99343526,0.98492956,0.9923898,1.0000004,0.9966398,0.9885175,0.9892139,0.9891168,0.99548733,0.98600894,0.9940728,0.993676,0.9941141,0.9879883,0.99373007,0.9879988,0.9904102,0.99116063,0.9931114,0.984224,0.98572785,0.9915721,0.9862959,0.9881326,0.9933194,0.9728109,0.9834866,0.9809929,0.9924066,0.99155784,0.9895099,0.99065626,0.9956667,0.9942238,0.9950968,0.9924739,0.9873256,0.9919286,0.9924064,0.9815459,0.9910299,0.9910474,0.9778238,0.9922053,0.99330896,0.98703325,0.9806582,0.97892064,0.9952072,0.9878508,0.9871752,0.9879096,0.9790838,0.9954581,0.97960836,0.9937175,0.9897026,0.9856571,0.99493766,0.956542,0.9928607,0.9870431,0.9904568,0.98494244,0.99378276,0.98109984,0.99337643,0.991613,0.99164706,0.9938237,0.9929331,0.98920715,0.98737794,0.98909366,0.9830656,0.9873317,0.9855788,0.98797476,0.9769752,0.9866796,0.9929249,0.99308044,0.9928758,0.9835298,0.9934943,0.99346083,0.99355674,0.9919848,0.9935468,0.99549323,0.99283373,0.99469584,0.9836618,0.98567307,0.99044037,0.9946954,0.9833044,0.99358696,0.98987585,0.9878808,0.99368244,0.97464067,0.9850157,0.98104167,0.98683417,0.9897189,0.99156743,0.98888195,0.98593307,0.9820673,0.9884104,0.9603423,0.98972493,0.9915895,0.99162453,0.98448753,0.99099404,0.98810923,0.97511834,0.99351233,0.99489975,0.99203277,0.97096133,0.9859265,0.99051493,0.99215955,0.9928326,0.98999876,0.99425066,0.9872697,0.9908852,0.9858121,0.9906871,0.98423404,0.9907192,0.9889923,0.99424946,0.98729503,0.9878388,0.99177194,0.98426086,0.99385154,0.96426994,0.98517215,0.99196845,0.9925507,0.98212636,0.9925075,0.98709965,0.9903554,0.9897451,0.99145794,0.9843112,0.9920508,0.9939287,0.9844141,0.9877779,0.97823817,0.98428833,0.9913136,0.98739696,0.9881526,0.98859054,0.9769373,0.9963973,0.98387134,0.9893955,0.9938214,0.9899607,0.9894823,0.9872073,0.9909673,0.98668426,0.99063456,0.98868346,0.99522233,0.9886307,0.98846465,0.9916466,0.9711801,0.96407557,0.98256767
ipip30,0.99558145,0.9859593,0.99168575,0.9845852,0.99056125,0.98392576,0.9961984,0.987703,0.9935954,0.9844066,0.98759145,0.99352384,0.988041,0.9852059,0.98296964,0.99110675,0.9925134,0.9860097,0.9923747,0.99140435,0.9930432,0.98987263,0.99224484,0.9924927,0.9861177,0.99214756,0.98409724,0.9926567,0.98826146,0.9893109,0.992736,0.9913263,0.98850363,0.9925113,0.9957213,0.9908844,0.99386245,0.9951129,0.9914292,0.9910395,0.9828289,0.9923432,0.9890447,0.9843366,0.9828065,0.99153244,0.9868186,0.98641026,0.9919208,0.9851381,0.98740345,0.9638807,0.99132496,0.98447645,0.9825905,0.9872991,0.9754193,0.9837465,0.98459303,0.9907106,0.99386877,0.98881966,0.9950539,0.9884273,0.9889196,0.9858085,0.9954052,0.9934844,0.9909519,0.9866925,0.99498564,0.9914345,0.98045963,0.98831123,0.98793775,0.9610386,0.9859131,0.990891,0.989809,0.99194896,0.99109066,0.9951824,0.9858672,0.99298596,0.99118954,0.9966516,0.994892,0.9839607,0.98282397,0.9928576,0.9890422,0.99503994,0.9923381,0.98252535,0.97876334,0.98100394,0.9944643,0.98841476,0.97983325,0.97396505,0.98971826,0.994747,0.992076,0.9884402,0.99207294,0.97553957,0.99435335,0.98437107,0.9930799,0.9966398,1.0,0.9887972,0.98932713,0.98968023,0.9953861,0.9862913,0.99413294,0.9942104,0.9941595,0.9883427,0.9950533,0.9887835,0.9919715,0.99204224,0.993775,0.98527557,0.98842007,0.9936098,0.9872619,0.98939943,0.99367505,0.9737817,0.98455954,0.9817243,0.99296886,0.9921623,0.99009186,0.992005,0.99777836,0.9942258,0.99487185,0.9927525,0.98725796,0.9921932,0.99207747,0.9800042,0.991682,0.99108535,0.9802237,0.9917335,0.9943749,0.988287,0.98157793,0.9792734,0.99548906,0.98888373,0.9880997,0.9882964,0.9775946,0.9958471,0.98082185,0.99487114,0.990083,0.9861823,0.99558544,0.95762455,0.99400586,0.98784214,0.99049014,0.985856,0.99463236,0.9820463,0.99386436,0.99196583,0.99294627,0.99479395,0.9939058,0.9903596,0.9893632,0.9910577,0.9844669,0.9893477,0.9861117,0.9894307,0.9779181,0.98823345,0.9945883,0.9946919,0.9945082,0.9856421,0.9943778,0.99523085,0.99522245,0.9935676,0.9947708,0.99663454,0.9939883,0.9958711,0.98442733,0.98694545,0.9911148,0.9950741,0.98421574,0.9946461,0.9912467,0.9881588,0.99508506,0.97636503,0.9868715,0.9833012,0.98804665,0.9906492,0.99345005,0.9906568,0.9875628,0.98349524,0.990336,0.9619069,0.9900591,0.99180526,0.9929221,0.9857164,0.9926406,0.9891755,0.9764303,0.99398595,0.99602604,0.992517,0.972255,0.98562026,0.99184525,0.9927799,0.9933327,0.99083,0.99506027,0.98799384,0.99200195,0.9861982,0.9912963,0.9854418,0.9910387,0.9884667,0.9945777,0.9886706,0.989458,0.99299264,0.9851761,0.9946707,0.967299,0.98726094,0.9933774,0.9937951,0.983536,0.9935073,0.9884845,0.99142504,0.9907962,0.9921908,0.985101,0.9924685,0.99514693,0.9864028,0.9892743,0.97959423,0.9852119,0.9921472,0.988644,0.9886702,0.98924404,0.97762966,0.99690115,0.98531663,0.99036014,0.9947713,0.9904626,0.99083275,0.98857445,0.99199533,0.9873991,0.9908795,0.9891221,0.9961708,0.98941,0.9883375,0.993255,0.9723887,0.9646076,0.9829724
ipip60,0.9882251,0.98234665,0.986706,0.9793261,0.9859432,0.9800789,0.9874811,0.9820032,0.98700786,0.9786139,0.9814859,0.98887384,0.9828425,0.98220253,0.978485,0.98269016,0.98576045,0.9825615,0.98685336,0.98320526,0.98708576,0.9863134,0.9863375,0.98552364,0.98460484,0.9855861,0.97984636,0.98548627,0.98429435,0.98564494,0.9861758,0.98228735,0.9825729,0.98748106,0.9875991,0.98564655,0.9861346,0.98612404,0.98451614,0.9862011,0.977001,0.9857227,0.9838471,0.98010886,0.9794483,0.98736346,0.9828782,0.9817011,0.9867358,0.98283976,0.98193985,0.96065944,0.98527247,0.9775539,0.9777735,0.98162943,0.9742478,0.980044,0.9800852,0.9828539,0.98703176,0.9850938,0.9881142,0.98603904,0.98524964,0.9815031,0.98780924,0.98510635,0.98513436,0.9802602,0.98750883,0.98570293,0.9780133,0.98341215,0.98488843,0.9569412,0.9810881,0.9848078,0.982783,0.9848908,0.98609596,0.98949194,0.98242307,0.98742676,0.987137,0.9874316,0.98699135,0.9776888,0.9790609,0.9862318,0.98445714,0.9878648,0.9870874,0.9826831,0.9752447,0.9794193,0.9877081,0.9820084,0.9755039,0.97169083,0.98342824,0.9880887,0.9870678,0.9833076,0.9883369,0.9705518,0.98698634,0.97816676,0.98490727,0.9885175,0.9887972,0.9999997,0.9878604,0.9848606,0.9890069,0.9838412,0.98705703,0.9866807,0.98859847,0.9821405,0.9881495,0.9845978,0.9856513,0.98770577,0.9871332,0.9797772,0.9802792,0.9853458,0.9814981,0.98358744,0.98550683,0.9722805,0.98094195,0.9782078,0.98448217,0.9880344,0.98467386,0.98304397,0.98741,0.98752856,0.9882964,0.98717964,0.9827301,0.9871027,0.9872894,0.9781303,0.985936,0.98589915,0.97472006,0.98853064,0.9862312,0.9833174,0.9784094,0.97666854,0.9886934,0.98497486,0.9856772,0.98335755,0.97657055,0.98811835,0.97747076,0.98741114,0.9844635,0.9824211,0.9875788,0.95131,0.98536235,0.9819234,0.98504657,0.98269796,0.9869377,0.98001766,0.986039,0.9864624,0.98624355,0.9871461,0.9861672,0.9844038,0.981941,0.9822742,0.979191,0.9837797,0.9813099,0.98416406,0.9727481,0.9822367,0.9860293,0.9859321,0.9857921,0.9795193,0.9863301,0.98603284,0.98626375,0.98660696,0.9887289,0.98805493,0.98606896,0.98699933,0.97866267,0.9809896,0.98351943,0.98587596,0.9786851,0.9866555,0.9861039,0.9843392,0.9864123,0.9717694,0.9806677,0.9772014,0.9828463,0.9881279,0.98659134,0.9838865,0.98121357,0.9799719,0.98212194,0.95928156,0.9843097,0.9846439,0.9859065,0.9787971,0.9841715,0.98447436,0.9718993,0.985669,0.9867567,0.9842468,0.96661174,0.9817956,0.9834195,0.9872991,0.9864803,0.98500746,0.9871555,0.98265153,0.98682463,0.98197246,0.9855494,0.9820359,0.9859574,0.98529637,0.98675406,0.98305786,0.9833412,0.9855572,0.9823665,0.9868657,0.9651804,0.98225063,0.98587275,0.98658925,0.9762352,0.98535043,0.9810718,0.9861021,0.9847046,0.9857509,0.9815554,0.9869099,0.9868878,0.9824167,0.98283225,0.9737703,0.97836936,0.9862753,0.98313385,0.98312074,0.9853586,0.9772492,0.9877289,0.97877526,0.98533344,0.98574847,0.9853357,0.98485434,0.9835311,0.9876192,0.98274374,0.9860145,0.9830483,0.98698074,0.98181874,0.98267764,0.98491436,0.9687574,0.9597335,0.9776674
ipip90,0.9880402,0.986626,0.98780066,0.9850035,0.9886369,0.9844419,0.98826665,0.9866155,0.98905236,0.9843797,0.98684484,0.99526405,0.987569,0.9870566,0.9838693,0.9880753,0.988448,0.9852888,0.9892525,0.98833615,0.9886379,0.98651004,0.9882375,0.9875519,0.9866429,0.9887968,0.98565984,0.98764735,0.98869395,0.9874067,0.9879928,0.9877443,0.98571366,0.9896185,0.98761904,0.9879959,0.98697233,0.98525804,0.98775166,0.99023724,0.98409224,0.98792225,0.9883835,0.98553956,0.9849885,0.98855,0.98785686,0.98364145,0.9893116,0.9871702,0.98757327,0.9710215,0.9888512,0.9840463,0.9831667,0.9875281,0.97957605,0.98490405,0.9868121,0.9881652,0.98627794,0.9891233,0.9881938,0.9893747,0.9864672,0.98508984,0.9886522,0.9860701,0.9870701,0.98422,0.98667014,0.9882179,0.98181826,0.985437,0.989353,0.9674586,0.986443,0.9879915,0.9874417,0.98774475,0.9897072,0.99199104,0.9860477,0.98726755,0.99005467,0.9888988,0.98992324,0.98434716,0.983659,0.9878915,0.9897928,0.98871565,0.989578,0.9869711,0.9806763,0.98463845,0.9865613,0.98736787,0.98135227,0.9795769,0.98636335,0.9889042,0.9878382,0.9870489,0.99123603,0.9789254,0.9891409,0.9835011,0.9884736,0.9892139,0.98932713,0.9878604,0.99999994,0.98776,0.9898281,0.9878781,0.98894626,0.9882344,0.9874282,0.9863142,0.98879814,0.98611933,0.98833257,0.98728853,0.98754495,0.9843798,0.985331,0.9885362,0.98513734,0.98844635,0.9871697,0.9758574,0.9870902,0.9831303,0.9865216,0.990406,0.9880302,0.98772013,0.9885733,0.98659074,0.9879521,0.99021405,0.9856417,0.98917574,0.9891476,0.98481095,0.99015254,0.9868416,0.9824144,0.9912543,0.9881936,0.9874211,0.9837914,0.98076403,0.9872099,0.9881309,0.988521,0.9870847,0.9828256,0.98719585,0.9845996,0.98945975,0.98556876,0.9864537,0.98742163,0.9624169,0.9875801,0.98632133,0.9860133,0.9851597,0.9872842,0.98553604,0.98514324,0.98763,0.98671323,0.9882132,0.98686826,0.9873646,0.9851197,0.98572797,0.98645127,0.98702204,0.9856835,0.98706144,0.9797071,0.9867433,0.9873958,0.9875314,0.98727965,0.98482627,0.9888941,0.9879776,0.9883271,0.98762846,0.9910417,0.9883952,0.98807174,0.9880468,0.98434836,0.9873121,0.9869724,0.9870573,0.9865322,0.9886291,0.9888924,0.9868951,0.9879203,0.9789599,0.9858503,0.9837308,0.98785484,0.98646593,0.98660874,0.9883826,0.98591745,0.98623633,0.9859463,0.96726394,0.98708665,0.9883257,0.9879465,0.9827972,0.98812485,0.9888264,0.978,0.9878677,0.98689157,0.9874711,0.9762585,0.98573226,0.986561,0.9895584,0.98747045,0.98668444,0.98954856,0.9862822,0.98863703,0.9854567,0.98804015,0.9865182,0.99010915,0.9883071,0.9881822,0.98591334,0.987656,0.98724854,0.98783046,0.9866614,0.97104853,0.9856637,0.98811376,0.988085,0.9836821,0.98802304,0.9861782,0.9877735,0.98650736,0.98954314,0.9862085,0.9884391,0.9882797,0.9862438,0.9865525,0.9797375,0.9835115,0.9894421,0.98734343,0.9857444,0.9876799,0.9872793,0.9887151,0.9853108,0.988232,0.9884063,0.99117994,0.9874584,0.98742414,0.9881262,0.9853555,0.98651457,0.98623633,0.988686,0.98534685,0.98569006,0.9879484,0.9770572,0.9714639,0.983997
ipip120,0.9876349,0.985319,0.98739564,0.9840164,0.9863117,0.98356545,0.9886927,0.9872196,0.9888041,0.9844618,0.9865062,0.9882126,0.98763865,0.985904,0.9832189,0.98923457,0.9903447,0.98530406,0.98967415,0.98927385,0.98941684,0.98693556,0.9877647,0.987774,0.98397774,0.9908917,0.98524916,0.9894851,0.9889447,0.9888798,0.9878447,0.9889911,0.9864395,0.9894125,0.98816776,0.9873213,0.99107265,0.9872771,0.9886599,0.9874085,0.98474914,0.9896164,0.98643035,0.98539054,0.982612,0.9884472,0.9858271,0.98335236,0.9875579,0.98624265,0.9851845,0.9706223,0.9877771,0.9845811,0.9824472,0.9869556,0.9774392,0.98624194,0.985902,0.988428,0.9859329,0.9861876,0.9879503,0.98487437,0.98618007,0.9858552,0.9905804,0.9888153,0.9865677,0.98673904,0.98613024,0.9887,0.9820136,0.9842979,0.988168,0.97096103,0.9872352,0.989232,0.9875226,0.9872239,0.9867647,0.9897417,0.98568404,0.9865988,0.98906386,0.9897214,0.9905564,0.98668015,0.9844546,0.9870335,0.9891017,0.9882796,0.99051255,0.98935616,0.9814426,0.98282194,0.98539513,0.98656726,0.9835389,0.98058474,0.9885998,0.9876778,0.98974264,0.98779285,0.98890096,0.9821207,0.9897759,0.9837742,0.99061173,0.9891168,0.98968023,0.9848606,0.98776,0.99999976,0.99138725,0.98825324,0.9946042,0.9900895,0.9916852,0.9884569,0.9903056,0.9896269,0.98913455,0.9869482,0.98980635,0.98532134,0.9884642,0.9898016,0.9852953,0.9883198,0.98816085,0.9790459,0.9856271,0.98561877,0.98812085,0.98728746,0.9875514,0.98951745,0.9895848,0.9857879,0.98741966,0.98977596,0.9886279,0.9877803,0.9897902,0.9842851,0.9881569,0.9868946,0.98410434,0.98978114,0.98859215,0.987091,0.98449093,0.9816761,0.98879933,0.98813635,0.9877203,0.98631924,0.98302877,0.98890126,0.9847466,0.9902437,0.98798776,0.9860517,0.9873749,0.96712214,0.9894669,0.9861188,0.9867232,0.9881335,0.9869499,0.98532367,0.9884907,0.98783624,0.98736024,0.9898996,0.98938,0.9868965,0.9870023,0.9889626,0.9882253,0.9881698,0.9850072,0.98784685,0.9820196,0.98709184,0.99099797,0.99030656,0.99032104,0.9860419,0.9904882,0.98909885,0.98991215,0.98774713,0.9896276,0.9887393,0.98958576,0.98871815,0.98619896,0.9865065,0.98924124,0.9880067,0.98684657,0.9895458,0.9879322,0.98534536,0.9889625,0.98016626,0.9875393,0.9857527,0.9864833,0.98768604,0.9873349,0.98858535,0.9865624,0.9856467,0.98888874,0.9702497,0.98923254,0.9895302,0.98770726,0.9844037,0.98945767,0.98652714,0.97986066,0.98838687,0.98971546,0.99069786,0.97872967,0.9851523,0.99032605,0.9891231,0.9866854,0.9848873,0.98887706,0.987632,0.98804665,0.9867402,0.9889948,0.9883547,0.9895823,0.9898448,0.9898573,0.9865043,0.9902207,0.99072754,0.9836951,0.98695356,0.9743079,0.98445237,0.98822254,0.9888299,0.98570585,0.98879176,0.9879236,0.9896406,0.98860925,0.9875014,0.9868601,0.98837227,0.9897503,0.9857822,0.9883629,0.98231137,0.98719805,0.9874861,0.9877551,0.9859727,0.9885412,0.9815677,0.98916554,0.9857263,0.9862873,0.98970747,0.98663837,0.98784834,0.987782,0.98620605,0.98425424,0.98905045,0.98573077,0.9893729,0.98699915,0.9853162,0.9896164,0.9744739,0.9719463,0.9817238
ipip150,0.9930445,0.98648584,0.99041164,0.9847176,0.98943985,0.9845506,0.9939496,0.9887003,0.992679,0.98496217,0.9871956,0.9920883,0.9890246,0.9864183,0.98283523,0.99141616,0.9923077,0.9856099,0.9923988,0.99135375,0.99378157,0.98921746,0.9905217,0.9910782,0.98682237,0.99203396,0.9849954,0.9939488,0.9890353,0.9892265,0.9920886,0.9905819,0.9887641,0.9937941,0.99373496,0.9904351,0.9942783,0.99370146,0.9914697,0.9918502,0.98377705,0.9912541,0.98876107,0.98536307,0.9830085,0.9911648,0.9879413,0.98618495,0.99106264,0.98799103,0.9869721,0.9665691,0.99016184,0.98521614,0.9814269,0.9881889,0.9758536,0.9833573,0.9854927,0.9901605,0.99220353,0.98860484,0.99359727,0.9885239,0.9903592,0.98627853,0.99536276,0.9917025,0.99007183,0.9868795,0.9926014,0.9908657,0.9808361,0.98780394,0.9897976,0.9636611,0.9879887,0.99094063,0.9888675,0.99007654,0.98976594,0.99408716,0.98740834,0.9922605,0.9916314,0.99543077,0.9947891,0.9854763,0.98423946,0.9926093,0.98937434,0.9940045,0.99312395,0.9842541,0.98004425,0.98309726,0.992196,0.9887125,0.98183435,0.97697717,0.99054426,0.9930672,0.99213904,0.9890214,0.992919,0.9776659,0.993266,0.98528457,0.99257344,0.99548733,0.9953861,0.9890069,0.9898281,0.99138725,0.9999999,0.98891705,0.9952109,0.9948801,0.9941147,0.9919794,0.9953271,0.9892853,0.9905107,0.9905981,0.99260837,0.98636734,0.98833656,0.99087155,0.9859242,0.9888815,0.9927951,0.9773018,0.984901,0.98267365,0.99174243,0.99057627,0.989489,0.99114585,0.9941307,0.99193656,0.9934385,0.9924237,0.9884639,0.9917334,0.9923945,0.98187065,0.99040943,0.99056333,0.98078114,0.9921768,0.9929343,0.9884743,0.9841988,0.9808249,0.9949585,0.98914033,0.9886584,0.9885541,0.98038775,0.99527365,0.98275363,0.9940934,0.9920026,0.9863936,0.99357116,0.96025085,0.9936072,0.9886772,0.9902242,0.98686904,0.99195665,0.98360914,0.9929738,0.9911891,0.99145067,0.99364567,0.99244267,0.9894353,0.9884897,0.99176913,0.98647237,0.98834133,0.9866989,0.9890738,0.97816396,0.98862886,0.99484646,0.9945,0.99458367,0.9874149,0.99447566,0.99351627,0.9941819,0.99180615,0.99353063,0.9942692,0.99335724,0.9940146,0.98622745,0.98810756,0.99279785,0.9937709,0.98605645,0.99320513,0.99010605,0.9884616,0.99366635,0.9790808,0.98702824,0.9839399,0.9872078,0.99038666,0.99128544,0.98993534,0.98676336,0.9847807,0.9912031,0.9665747,0.99219155,0.99280554,0.9914306,0.9860836,0.99214137,0.989408,0.97647876,0.9921442,0.9948731,0.993102,0.97456354,0.9886969,0.99226373,0.99215907,0.99228346,0.98946756,0.9936011,0.9888416,0.9921691,0.987299,0.99107885,0.9862455,0.9910324,0.98907024,0.9937112,0.9885339,0.98971903,0.9919751,0.9848972,0.9924465,0.96910995,0.9861037,0.9920698,0.99223447,0.9845697,0.99238497,0.9884985,0.99189377,0.99059576,0.9915442,0.98583573,0.99118096,0.9939697,0.986327,0.98987967,0.981599,0.9859113,0.99065006,0.98859215,0.9875897,0.9897102,0.97800726,0.9947169,0.9853448,0.9907556,0.99391407,0.9900745,0.9906921,0.9888902,0.9914526,0.9874227,0.9899136,0.9878378,0.99343956,0.9893839,0.9873112,0.9915681,0.9730731,0.9681639,0.9838387
ipip180,0.9851953,0.98477155,0.9854515,0.9834387,0.986145,0.98288345,0.9859045,0.98494464,0.98822314,0.98319995,0.9854385,0.98783934,0.98768634,0.98499596,0.9830684,0.9866289,0.98654616,0.9860873,0.9886959,0.9854447,0.9879158,0.98578954,0.99073935,0.9874881,0.9867262,0.98758715,0.98546076,0.98717976,0.9857464,0.9862604,0.98782045,0.9871583,0.9860536,0.9878897,0.9847743,0.9910554,0.9872696,0.98437726,0.98739797,0.98810613,0.98505265,0.98856306,0.98696345,0.98501164,0.98270863,0.98753434,0.9869617,0.9812118,0.9870005,0.98523825,0.9859262,0.96985126,0.9862917,0.98305184,0.9822824,0.9877374,0.97880244,0.98489344,0.98431325,0.98668414,0.98385763,0.9863301,0.9868327,0.98506457,0.9857643,0.98508906,0.9871961,0.9854691,0.98493993,0.98428893,0.98728096,0.9922206,0.9830357,0.987427,0.98851883,0.9678457,0.985904,0.98618203,0.9865046,0.9867083,0.98706603,0.98765326,0.9849461,0.9845345,0.98925066,0.98577493,0.9859085,0.9844844,0.98333055,0.98576444,0.9868951,0.9862833,0.9881089,0.9843062,0.9791537,0.98138595,0.9841688,0.9862802,0.98006773,0.9778256,0.9873235,0.98677605,0.9874528,0.9881249,0.9885362,0.9801178,0.98645425,0.98385686,0.98741466,0.98600894,0.9862913,0.9838412,0.9878781,0.98825324,0.98891705,1.0000007,0.9878063,0.98834074,0.98855495,0.9881154,0.9883274,0.9869582,0.98778576,0.9885557,0.9875884,0.9840469,0.98680973,0.98642504,0.985259,0.98550314,0.9887989,0.97946334,0.9897477,0.98349243,0.9882902,0.99037915,0.98922193,0.98831075,0.9864848,0.9849717,0.98548126,0.9887457,0.9865908,0.98914367,0.9874696,0.9819686,0.98642737,0.9854983,0.9850762,0.98666096,0.98737437,0.98874784,0.9862115,0.9820573,0.9869104,0.9933535,0.9931036,0.99167883,0.9807086,0.9868841,0.9887338,0.99114776,0.9887644,0.9876119,0.9861929,0.96439147,0.98827904,0.9868078,0.9857957,0.98510057,0.98709965,0.98606205,0.9851901,0.988719,0.9866249,0.98862195,0.9869698,0.98564464,0.9858949,0.98686105,0.98510325,0.9869527,0.9850701,0.9868259,0.9780063,0.98619807,0.98806727,0.98793405,0.98764807,0.98767984,0.9875197,0.98826694,0.9887394,0.98648995,0.9873041,0.98701626,0.98862976,0.98658353,0.9850894,0.98646164,0.9874023,0.9853641,0.9855956,0.9884432,0.987404,0.98651457,0.98716444,0.9798804,0.98567194,0.9846414,0.9862226,0.9839591,0.9856816,0.9876459,0.9852209,0.9850918,0.98705065,0.96853346,0.9867555,0.98926395,0.9908571,0.98387986,0.98726624,0.9877626,0.9768432,0.9869811,0.9864883,0.98769087,0.9780614,0.9844832,0.9872314,0.9861161,0.9857596,0.98477924,0.98615134,0.98498785,0.98855436,0.9880296,0.99223155,0.9925371,0.98998255,0.9881727,0.988513,0.98607266,0.98839086,0.9877793,0.9871747,0.9876865,0.97218174,0.9878682,0.9887457,0.9879375,0.9859222,0.98865396,0.98777425,0.9881073,0.986251,0.9895251,0.987347,0.9875759,0.9888113,0.98596716,0.9874576,0.9812552,0.9842275,0.9888631,0.9922563,0.98759174,0.9922197,0.9838453,0.98759407,0.9868789,0.98891336,0.9881617,0.9888547,0.9915402,0.9905555,0.98631686,0.9850776,0.9896084,0.9860416,0.9865006,0.98489964,0.98500836,0.9859363,0.974506,0.9706742,0.9816678
ipip210,0.9929766,0.985443,0.99013925,0.9836829,0.98881954,0.9844156,0.99351555,0.9873707,0.99246407,0.9840916,0.98631406,0.9916363,0.9884148,0.9858924,0.98286796,0.9910103,0.9926455,0.986278,0.9921123,0.9914061,0.99171174,0.9892159,0.9901643,0.99127716,0.98600024,0.99272984,0.9842618,0.99159,0.98992467,0.9895137,0.9915941,0.9907787,0.98874843,0.99258137,0.9932095,0.98997,0.9947723,0.9927291,0.9918394,0.9905715,0.9837928,0.9907677,0.98786986,0.98497903,0.9825208,0.9906016,0.9865892,0.98447293,0.9905648,0.9864601,0.9866628,0.9666257,0.9892885,0.98519385,0.98171306,0.98733914,0.9761917,0.9838522,0.985699,0.989804,0.99107784,0.9882428,0.9927295,0.9882586,0.9885036,0.9864265,0.9942052,0.99142945,0.989338,0.98602474,0.9920104,0.9909252,0.98176146,0.98722297,0.98881185,0.96516675,0.9883124,0.9916857,0.98905814,0.98995525,0.9893215,0.9930983,0.98645145,0.9912555,0.9905307,0.99446,0.9940914,0.98554975,0.9826413,0.9905717,0.9920144,0.9935434,0.9923167,0.988095,0.9796855,0.9818336,0.9912445,0.9876284,0.9816547,0.97743136,0.9906122,0.99242437,0.9929611,0.99017096,0.9923414,0.97927165,0.99330825,0.98594683,0.9924604,0.9940728,0.99413294,0.98705703,0.98894626,0.9946042,0.9952109,0.9878063,1.0000002,0.993942,0.99334747,0.9893983,0.9931854,0.99095374,0.9911242,0.99035895,0.9933804,0.98691064,0.9886161,0.99153167,0.9863635,0.9892406,0.99212366,0.9777281,0.9848169,0.98454326,0.99140966,0.98987174,0.98902786,0.990741,0.9941839,0.9915243,0.99321896,0.9927725,0.9887692,0.99102885,0.9926486,0.983505,0.9909905,0.98951894,0.98068565,0.9910348,0.9931016,0.9895371,0.9837818,0.9807415,0.99427783,0.9892605,0.9884856,0.98815787,0.9822913,0.99421525,0.9827809,0.99313504,0.99091214,0.9863304,0.99285036,0.9608631,0.9923129,0.98795664,0.9898544,0.9888305,0.9917472,0.9840391,0.99296564,0.99111533,0.9906495,0.992965,0.9931759,0.9900169,0.9886311,0.99143827,0.9882262,0.98899007,0.98679954,0.9888978,0.97861934,0.9875933,0.9942421,0.9940326,0.9940437,0.9872375,0.9937616,0.9928396,0.99316555,0.99138826,0.99282277,0.9935226,0.99277145,0.99304,0.98716015,0.9864903,0.99105257,0.99332035,0.98528814,0.9924037,0.98986554,0.98846334,0.9935657,0.97837913,0.98784673,0.9842518,0.9872004,0.99120224,0.99061567,0.9897263,0.9865277,0.984804,0.9903897,0.96528894,0.99052876,0.99296635,0.991004,0.9858834,0.99130315,0.98796797,0.97684246,0.9919726,0.99459046,0.99356323,0.9756362,0.9865333,0.99249905,0.9915714,0.9906852,0.9886442,0.99293846,0.9886414,0.9909712,0.98750454,0.9909081,0.98708665,0.9917957,0.98974055,0.9930834,0.9869399,0.989847,0.9920638,0.9841902,0.9915628,0.9689235,0.98576266,0.9906305,0.99116975,0.9844104,0.99141073,0.98754233,0.99173045,0.99023825,0.9910468,0.9856877,0.99107414,0.99295944,0.9852122,0.9884229,0.98068815,0.9856545,0.98970586,0.98860556,0.9883557,0.9899071,0.9785373,0.9936069,0.98414826,0.9900712,0.99275833,0.9898571,0.9889284,0.9881129,0.9899442,0.98685485,0.9900785,0.9868198,0.99214154,0.987698,0.98632795,0.9908296,0.9719321,0.9673084,0.9813906
ipip240,0.99339557,0.98551536,0.9908373,0.98412937,0.9900344,0.98478025,0.9937859,0.9863276,0.99154997,0.9842895,0.9871142,0.9918034,0.98649937,0.9850343,0.9824123,0.98973423,0.9914573,0.9862348,0.99098927,0.9894861,0.9927973,0.98802274,0.9916725,0.99129313,0.98741156,0.9912924,0.9834412,0.9928224,0.9877142,0.9885671,0.9923204,0.989123,0.987166,0.99210376,0.9937773,0.9912434,0.99367887,0.9933885,0.99130833,0.9903854,0.9816441,0.9902894,0.9886983,0.9843459,0.9828065,0.9906497,0.9871273,0.9853177,0.9905814,0.9863335,0.98636836,0.9647647,0.98814476,0.98413795,0.982079,0.9860995,0.9753285,0.9831465,0.9842757,0.98977166,0.9923537,0.9891699,0.99333864,0.98813176,0.98951906,0.986686,0.99300045,0.99272007,0.99000496,0.98637617,0.9934042,0.9911769,0.98113704,0.98793596,0.9906049,0.96033067,0.9860481,0.98977184,0.9891909,0.9906466,0.9897436,0.9930939,0.9851082,0.99241257,0.9911544,0.9951579,0.9933679,0.9849993,0.98558074,0.9903964,0.989702,0.99449146,0.9913252,0.9838777,0.9820656,0.98056847,0.99264526,0.9871966,0.9823189,0.9748643,0.989864,0.9930946,0.991478,0.9885959,0.99249184,0.9756113,0.9929882,0.9837309,0.99088603,0.993676,0.9942104,0.9866807,0.9882344,0.9900895,0.9948801,0.98834074,0.993942,1.0000001,0.99374205,0.9883969,0.9939779,0.9873343,0.99089384,0.99117786,0.99317634,0.9861979,0.9870954,0.9895617,0.9869598,0.98731977,0.99380624,0.9774248,0.9847298,0.98313856,0.9927841,0.99039775,0.989507,0.99098265,0.9939328,0.99258983,0.9936545,0.9919189,0.98938006,0.99058753,0.99245006,0.97895336,0.99023336,0.9907129,0.97928214,0.9898368,0.993375,0.9885546,0.9871134,0.981007,0.9939677,0.9894549,0.98875,0.9886196,0.9782266,0.9938938,0.98248625,0.994343,0.9937268,0.9872936,0.994368,0.96131426,0.99273837,0.98978114,0.99114555,0.9872671,0.99343723,0.9828614,0.9933016,0.9922251,0.99182147,0.99366814,0.9930451,0.9886738,0.9888598,0.990462,0.984744,0.98870564,0.9859003,0.9883163,0.97819173,0.98601025,0.9933035,0.99325305,0.9931537,0.9859244,0.99268895,0.9932765,0.99392414,0.99196327,0.9929094,0.99423784,0.9933949,0.99351084,0.98515135,0.98615986,0.99039036,0.9940477,0.98375964,0.99333584,0.9898916,0.98867524,0.9930614,0.97870207,0.98521304,0.9815772,0.98704284,0.9892544,0.99160814,0.9892178,0.9867562,0.98364073,0.9899509,0.9685323,0.99252707,0.9927952,0.99273646,0.9849601,0.9901166,0.98832166,0.97520083,0.99274635,0.99400336,0.99155825,0.97276115,0.9858849,0.99037904,0.99022967,0.99255544,0.9898345,0.9920724,0.9877544,0.9921342,0.9880506,0.99235946,0.9863554,0.9917395,0.98908454,0.99375296,0.9896024,0.98847145,0.9919957,0.9847202,0.9935392,0.9689045,0.9869209,0.9938245,0.9938873,0.9849734,0.994192,0.9895957,0.9910748,0.9898296,0.99215883,0.9854356,0.99167794,0.99363333,0.9848367,0.9870849,0.98005754,0.98545563,0.9893358,0.9891064,0.98954725,0.9902308,0.97731906,0.994125,0.9840605,0.99151456,0.99297243,0.9903631,0.9909802,0.9891732,0.9913558,0.9881625,0.9915831,0.98798406,0.9924673,0.9876457,0.9868597,0.98978955,0.972165,0.96564823,0.9815955
ipip270,0.993722,0.9846118,0.9906209,0.9831354,0.9896453,0.984299,0.99360085,0.9853852,0.991423,0.9831791,0.9849611,0.9917818,0.9854005,0.98492676,0.9811949,0.98862433,0.99115515,0.9871587,0.9906316,0.9892473,0.9915408,0.9884927,0.9899769,0.99065465,0.9854429,0.9912184,0.98351485,0.99130595,0.988951,0.98942095,0.9908967,0.98854667,0.9874022,0.99097043,0.9943658,0.98927355,0.9930964,0.9934963,0.99024373,0.9898615,0.9811782,0.991029,0.988248,0.98281664,0.9818864,0.9909643,0.98524773,0.9842789,0.9898684,0.9857746,0.9853724,0.96201646,0.98832166,0.9822572,0.9817439,0.9839695,0.97581565,0.984066,0.98283386,0.9884191,0.99214137,0.98714954,0.9930159,0.987848,0.9875617,0.98448527,0.9928237,0.99201554,0.9897862,0.98556626,0.9931493,0.9891204,0.9802831,0.98646814,0.98810357,0.958332,0.98388743,0.9888478,0.9879954,0.99080706,0.98933756,0.9923712,0.9837968,0.993168,0.99104714,0.9945661,0.9924003,0.9824926,0.9834534,0.9909973,0.9895048,0.99392724,0.9920332,0.98360765,0.9788724,0.97820175,0.99302393,0.98691875,0.97915184,0.9726759,0.98754805,0.9932765,0.9918104,0.988749,0.9919866,0.9729704,0.99197084,0.98246163,0.9896519,0.9941141,0.9941595,0.98859847,0.9874282,0.9916852,0.9941147,0.98855495,0.99334747,0.99374205,1.0,0.9861304,0.99239445,0.9870442,0.9901989,0.99320036,0.9921652,0.98425704,0.9854823,0.98984665,0.98697543,0.98697937,0.9915941,0.9744198,0.9837834,0.9814206,0.99031883,0.99017054,0.98917097,0.9889703,0.9936613,0.993044,0.99466544,0.9915494,0.98777765,0.9905952,0.99234575,0.9793938,0.99018955,0.99046105,0.9780569,0.99089915,0.992663,0.9878001,0.9812924,0.97924453,0.99518025,0.9874426,0.98646176,0.98659766,0.9785673,0.99515873,0.9805459,0.9936118,0.9934321,0.985565,0.9937349,0.9560275,0.99147755,0.98631305,0.9914911,0.9862464,0.99279016,0.98163575,0.99364525,0.9911959,0.9920215,0.9928491,0.9914885,0.988148,0.9867984,0.98813236,0.9826861,0.98796153,0.9845103,0.9880558,0.9766154,0.9850781,0.992422,0.9920895,0.9917772,0.98395485,0.9925429,0.99233794,0.99270546,0.9922224,0.992547,0.9937838,0.9922525,0.993504,0.9833039,0.984685,0.98846924,0.993442,0.9826486,0.9927857,0.9896939,0.9875521,0.9925556,0.97520065,0.98294246,0.98125124,0.98673666,0.98914105,0.9921161,0.98821187,0.98562944,0.98362803,0.98784614,0.96203846,0.9893362,0.99046415,0.9911601,0.98338664,0.9892918,0.98743075,0.97493076,0.9921052,0.9937322,0.99082476,0.9713151,0.98473173,0.98908955,0.9913093,0.99106264,0.98939544,0.9918917,0.9873223,0.990644,0.98593056,0.9902839,0.98471737,0.9898564,0.9882014,0.9929861,0.9881705,0.98754036,0.9909442,0.98351794,0.992677,0.96570367,0.9845796,0.99171644,0.99172515,0.9814068,0.99156237,0.9866748,0.9899147,0.98978996,0.99015373,0.9841322,0.9916851,0.9928745,0.98559743,0.98715365,0.97693515,0.98367155,0.9882416,0.9857644,0.9865302,0.9872969,0.9750343,0.99379385,0.9829442,0.99059,0.9914428,0.989581,0.9879301,0.9856506,0.9897864,0.986053,0.99119496,0.9886132,0.9927605,0.9864095,0.9882149,0.9887504,0.9711367,0.961644,0.98045474
ipip300,0.9849738,0.98425347,0.98433983,0.9820449,0.9831793,0.98189497,0.98590076,0.98647463,0.9878025,0.9820168,0.98653287,0.98614234,0.98721874,0.9849598,0.98168886,0.987151,0.9876023,0.9824685,0.98825806,0.9879877,0.98914117,0.9854793,0.9864616,0.9868419,0.9848348,0.9877248,0.98262376,0.98899525,0.98603797,0.98630744,0.9870271,0.98730177,0.98472595,0.9891816,0.98531586,0.9862732,0.98765343,0.98411715,0.9871496,0.98747563,0.9849007,0.9874588,0.98623437,0.9853151,0.9806997,0.9858411,0.9865082,0.9829523,0.98564714,0.9860602,0.98350644,0.97022307,0.98614657,0.9842705,0.9803287,0.9877075,0.9743909,0.98328847,0.98365074,0.98693925,0.9845974,0.9846713,0.9868997,0.9833783,0.9857856,0.98374,0.98925316,0.9860629,0.98553616,0.98459476,0.9848869,0.9881047,0.98077536,0.98484117,0.98845017,0.97363865,0.9873548,0.9886081,0.9857265,0.98486376,0.98475784,0.9897307,0.9861324,0.9836141,0.9871829,0.98706496,0.98866725,0.9856153,0.982542,0.9868114,0.98566604,0.98689735,0.9895867,0.9830195,0.9800945,0.9843613,0.983432,0.9860043,0.98246413,0.9804154,0.9874741,0.9881871,0.98718786,0.985813,0.9880144,0.98112506,0.98792756,0.98339605,0.9903097,0.9879883,0.9883427,0.9821405,0.9863142,0.9884569,0.9919794,0.9881154,0.9893983,0.9883969,0.9861304,1.0000001,0.98992985,0.9870708,0.98677015,0.9847833,0.98662627,0.9839115,0.9899521,0.98710924,0.9831256,0.9875572,0.98782367,0.97926575,0.98509616,0.9824669,0.9879689,0.986032,0.98579943,0.9894324,0.9879202,0.9836022,0.9848307,0.9879154,0.98535794,0.9867459,0.9858979,0.9829155,0.98755974,0.9858827,0.98288506,0.9873187,0.98914355,0.9890339,0.9863675,0.98225677,0.986619,0.9876825,0.9885303,0.98722,0.9809947,0.98713017,0.9843791,0.987868,0.9845358,0.98467654,0.98507315,0.9658767,0.98842865,0.98741335,0.9835144,0.98343503,0.98437953,0.9838757,0.9849473,0.98581654,0.98609203,0.9889155,0.98750216,0.9854041,0.9864598,0.98835844,0.9861096,0.98612326,0.98605627,0.9866736,0.9801279,0.9869734,0.98932177,0.98876584,0.98902,0.9896444,0.98902136,0.9893309,0.9902892,0.9864905,0.98883975,0.9885489,0.99032384,0.9860152,0.9864004,0.98745626,0.99050117,0.9862392,0.9862481,0.98926,0.9853101,0.9847268,0.9880393,0.9806763,0.9871021,0.9841485,0.9856328,0.9851118,0.98533404,0.9872645,0.98539174,0.98249245,0.99062586,0.97071713,0.9893261,0.9887589,0.98655915,0.9857322,0.987884,0.9861932,0.9794379,0.98730475,0.9877464,0.9890106,0.97752583,0.98666996,0.9883455,0.98721164,0.985993,0.9830999,0.98760617,0.98628545,0.98765266,0.98453164,0.988022,0.98661274,0.98659825,0.9875527,0.9896713,0.9860736,0.9901459,0.98848945,0.9829091,0.9851217,0.9726165,0.983377,0.98732257,0.9874092,0.9865433,0.98834604,0.9872109,0.9870859,0.9864059,0.9872668,0.98460156,0.98478365,0.9896225,0.9844113,0.9890793,0.98265487,0.98486656,0.9877652,0.98848015,0.9852754,0.98826534,0.98041743,0.98753834,0.98526454,0.98642004,0.988792,0.9861971,0.9881754,0.98744583,0.98625886,0.9839888,0.9857444,0.9839086,0.98773235,0.9872509,0.98307925,0.98872334,0.97276765,0.9727832,0.9820573
ipip2,0.99458253,0.98788375,0.99137896,0.9862236,0.99085927,0.9850195,0.9945016,0.9876658,0.99293536,0.9859084,0.9874395,0.99157995,0.9899021,0.98732525,0.9832282,0.99161404,0.99240047,0.98689306,0.99287766,0.9909693,0.99526256,0.9892751,0.9933879,0.99193937,0.9881831,0.9921309,0.9856667,0.9944673,0.9885995,0.98930997,0.994423,0.9901089,0.9873348,0.9930513,0.9936763,0.99157006,0.99318546,0.99334,0.99233013,0.9913975,0.98429024,0.9918054,0.9901885,0.9852852,0.9848898,0.9922306,0.9888555,0.9865664,0.9912729,0.9887366,0.98819256,0.9673986,0.9909141,0.98534596,0.9833211,0.98849654,0.9759164,0.9825125,0.9855868,0.9904577,0.9932923,0.98970836,0.99404556,0.9884423,0.99064535,0.98747694,0.99323314,0.99193954,0.9904849,0.98544747,0.9935114,0.9928633,0.9804956,0.98830974,0.9889919,0.96275944,0.98704445,0.991021,0.9899076,0.9904681,0.9896676,0.99475133,0.98812306,0.99199283,0.9918267,0.9944145,0.99365705,0.98653966,0.981943,0.9904689,0.9888808,0.99503565,0.992267,0.9838621,0.98013043,0.9831807,0.99149376,0.9886636,0.9817151,0.97592837,0.9914262,0.99384147,0.99195623,0.9904366,0.99216,0.9783804,0.9926837,0.9846979,0.992402,0.99373007,0.9950533,0.9881495,0.98879814,0.9903056,0.9953271,0.9883274,0.9931854,0.9939779,0.99239445,0.98992985,0.99999976,0.99181294,0.9939851,0.99388385,0.9945197,0.9883608,0.9902737,0.99229866,0.9877296,0.98994064,0.9941045,0.9796477,0.98759484,0.98370373,0.99316686,0.9919093,0.99003124,0.9916856,0.99468464,0.99193096,0.99337137,0.99320465,0.98969007,0.99217665,0.99219084,0.98193747,0.9908782,0.9908538,0.9818399,0.9907775,0.9937424,0.9890652,0.9851461,0.9823509,0.99485457,0.99069124,0.9898226,0.98994267,0.9791523,0.99446565,0.9845909,0.9943022,0.9906628,0.98738426,0.99335235,0.96051925,0.9931176,0.98976576,0.9907945,0.988199,0.99378824,0.98453563,0.99341846,0.99382854,0.9928546,0.99428815,0.99248946,0.9879541,0.9893508,0.9926858,0.9860058,0.9901783,0.988493,0.990049,0.97818476,0.9907788,0.9958388,0.99531686,0.99550205,0.9870922,0.99370843,0.9943763,0.9949334,0.99339736,0.9940158,0.99476886,0.99406725,0.99430907,0.98533475,0.9877808,0.991862,0.99331856,0.9858559,0.9940028,0.9929617,0.99012524,0.99464035,0.97707605,0.9885504,0.98408705,0.9901377,0.9893075,0.99338675,0.9919361,0.98815274,0.9863941,0.9911161,0.9645966,0.9901657,0.992259,0.9932175,0.9848903,0.99281925,0.99025995,0.97677356,0.99198335,0.9951418,0.9921742,0.9742,0.98754525,0.9918604,0.9920498,0.9926857,0.99023587,0.99413806,0.98880386,0.99273413,0.9868054,0.9922604,0.98787504,0.99122846,0.9892515,0.99375314,0.9889243,0.9905884,0.9925892,0.9861518,0.9943604,0.9713165,0.98868716,0.992951,0.9929583,0.9854042,0.9931687,0.98901635,0.9924698,0.99200386,0.9924901,0.98726064,0.9924342,0.99457806,0.9876762,0.9889935,0.9814364,0.9868321,0.9910429,0.99106485,0.9899587,0.991388,0.9786287,0.99429566,0.98514616,0.9917186,0.994141,0.9906604,0.9917277,0.9902932,0.99249053,0.988161,0.9914548,0.9882712,0.9933827,0.9893526,0.98746806,0.99129766,0.972085,0.9670042,0.98284376
ipip32,0.98802793,0.9851264,0.98619163,0.98260504,0.9860452,0.98277426,0.9881584,0.9860891,0.9899698,0.982083,0.98510987,0.9870652,0.9881469,0.98497295,0.9823208,0.9875254,0.98769414,0.9853908,0.9891709,0.9879982,0.9901379,0.9879046,0.9881331,0.98769385,0.9859118,0.98977065,0.9850322,0.9886115,0.9875888,0.98711884,0.9895837,0.9871846,0.9852194,0.9883406,0.9872084,0.98750466,0.9896012,0.9861204,0.989269,0.9871547,0.9835257,0.98838073,0.98578805,0.9863681,0.9822154,0.9892074,0.986068,0.98284185,0.9881852,0.9859044,0.98636067,0.9698282,0.98732555,0.98365456,0.98037857,0.98832273,0.9758326,0.9819626,0.9839979,0.9876866,0.9859098,0.985981,0.9880725,0.9858519,0.9863174,0.98392767,0.9885388,0.98616374,0.98501414,0.9830932,0.98651767,0.9895661,0.97969985,0.9857937,0.9851161,0.9663151,0.9848399,0.9878174,0.987335,0.98698914,0.98456657,0.9898395,0.98546845,0.98551774,0.98834115,0.9880808,0.988921,0.9842145,0.9794621,0.98566496,0.9867543,0.9878393,0.9884508,0.98520315,0.97814256,0.98353124,0.9848047,0.9857874,0.9793889,0.9768218,0.9889745,0.988218,0.9890358,0.98736376,0.9871562,0.9782737,0.987636,0.9824695,0.9884971,0.9879988,0.9887835,0.9845978,0.98611933,0.9896269,0.9892853,0.9869582,0.99095374,0.9873343,0.9870442,0.9870708,0.99181294,1.0000002,0.9909898,0.9899357,0.9912319,0.98611504,0.9887522,0.9887045,0.9837787,0.9885789,0.98843116,0.97871345,0.9842539,0.9820506,0.98780453,0.9873549,0.9856522,0.9883893,0.9891239,0.98555666,0.9860828,0.98812383,0.98650765,0.9869834,0.98765033,0.98403263,0.9876906,0.985161,0.9829,0.98852485,0.98760265,0.9855828,0.9825049,0.9808896,0.9903898,0.9879232,0.98713225,0.98755956,0.9801782,0.98970497,0.98373574,0.98922646,0.9865618,0.9845185,0.9862984,0.9625341,0.9889196,0.98481077,0.9867549,0.98741025,0.9867922,0.98480684,0.9882979,0.98900455,0.98780787,0.99002635,0.9877689,0.98609436,0.9861831,0.989695,0.9848761,0.98790526,0.9881322,0.9881381,0.97821295,0.9902976,0.9909944,0.990814,0.99090856,0.98437786,0.9888749,0.98975885,0.99042916,0.9883611,0.99027926,0.98879427,0.9892409,0.9878356,0.9846889,0.9852829,0.9883185,0.9867691,0.98316455,0.989987,0.990129,0.9875268,0.9895946,0.9749904,0.985823,0.98456544,0.9874718,0.9863414,0.9883108,0.9895942,0.9862809,0.98575777,0.9872799,0.96427685,0.9858084,0.9880942,0.9874773,0.9848122,0.99005663,0.987291,0.9772213,0.9877266,0.9900585,0.9889147,0.97377187,0.98349935,0.98919606,0.98999625,0.98685485,0.98524296,0.9905987,0.98858976,0.98750275,0.98559505,0.98843527,0.9867552,0.9877215,0.98665136,0.9895047,0.98401314,0.9893914,0.9879727,0.98254234,0.9863898,0.97156304,0.9851725,0.9866858,0.98677415,0.9828893,0.98721004,0.9857161,0.989256,0.988607,0.987291,0.9853391,0.986419,0.9900566,0.98571277,0.9877605,0.98315334,0.9850705,0.98876506,0.9874955,0.9844037,0.9886808,0.9789604,0.98810774,0.98282945,0.98650885,0.98924625,0.9874491,0.98687345,0.98693156,0.9864812,0.98491246,0.98628217,0.9834811,0.98770154,0.98511374,0.9828786,0.9879967,0.97107,0.96840453,0.97884536
ipip62,0.99248046,0.98888105,0.9917004,0.9883725,0.99097085,0.98638135,0.99350804,0.9873578,0.9934928,0.98750204,0.9850093,0.9905234,0.9875379,0.98544985,0.9849383,0.9873355,0.99173784,0.9874911,0.9910096,0.98889464,0.9943248,0.98877627,0.99250203,0.9927413,0.9886784,0.99185824,0.98865134,0.9939689,0.98771954,0.98804224,0.9926287,0.991122,0.98813814,0.99138296,0.99051005,0.9906766,0.99159545,0.9905302,0.98966265,0.98973554,0.9865374,0.9919589,0.99093044,0.98360074,0.9862531,0.9917997,0.98921156,0.9857562,0.9894762,0.98690295,0.9892148,0.9727738,0.9900419,0.9855114,0.9855169,0.99020875,0.9769064,0.9837908,0.9866929,0.9913578,0.9886329,0.98837453,0.991271,0.9890752,0.9880133,0.98699176,0.990625,0.99116206,0.9892378,0.9863645,0.9909007,0.99134475,0.98240316,0.9879143,0.98730016,0.9646052,0.9860403,0.9897868,0.99138975,0.9911135,0.9879149,0.99203503,0.98487574,0.98926556,0.98996353,0.991125,0.99029493,0.98411584,0.9803705,0.9881178,0.98748386,0.9916437,0.9891824,0.98397285,0.97887546,0.9820167,0.98914987,0.9883731,0.97928715,0.9763623,0.98800427,0.9920456,0.9887034,0.98761934,0.98909307,0.9801076,0.9902598,0.983559,0.990793,0.9904102,0.9919715,0.9856513,0.98833257,0.98913455,0.9905107,0.98778576,0.9911242,0.99089384,0.9901989,0.98677015,0.9939851,0.9909898,0.99999976,0.99505526,0.99276215,0.98767114,0.99447405,0.99181944,0.98940915,0.9895527,0.99206895,0.9810107,0.98937327,0.9834263,0.9909235,0.99223876,0.9899406,0.9920386,0.99290437,0.9898811,0.98990136,0.99096876,0.98901844,0.9902215,0.99045795,0.9817155,0.98970026,0.9900054,0.983516,0.9898656,0.99206525,0.9886028,0.9833611,0.98225355,0.9919097,0.9901253,0.9895082,0.98993486,0.97921515,0.99178237,0.98728824,0.99321246,0.9887418,0.98743945,0.9902128,0.96079856,0.9919717,0.98940796,0.9893621,0.9870934,0.99204737,0.98542154,0.9905783,0.99180704,0.9913329,0.99265105,0.9923185,0.9888826,0.9903654,0.9906429,0.98554707,0.9910093,0.9899036,0.9903357,0.98074543,0.98965853,0.99276763,0.99282783,0.9927108,0.98846126,0.9909404,0.99271905,0.9927809,0.99202424,0.99203664,0.99223846,0.9939564,0.99229306,0.9866297,0.98864824,0.9905925,0.99312544,0.9882545,0.99400663,0.99733377,0.9914444,0.993184,0.9787569,0.9896841,0.985885,0.994508,0.98768514,0.9923571,0.99502206,0.9903199,0.9873888,0.98913586,0.9664026,0.98770905,0.9891914,0.99207467,0.9841707,0.9907254,0.9901694,0.97693,0.98952377,0.99272126,0.9916134,0.98004866,0.9859502,0.9916257,0.9920021,0.9910969,0.9897187,0.99140847,0.990667,0.991054,0.9862826,0.9916452,0.9881239,0.98992157,0.9898495,0.9916856,0.98815036,0.9901446,0.99223375,0.9873721,0.9918026,0.9743518,0.9895746,0.9914927,0.9915291,0.9860427,0.9919697,0.98877525,0.9919804,0.9934807,0.99212897,0.9873993,0.99062353,0.9930963,0.98884404,0.98976856,0.9835758,0.9883981,0.99023956,0.9906879,0.9897145,0.9898445,0.9823178,0.99238056,0.9874588,0.9910575,0.9920726,0.9912734,0.98998696,0.9900972,0.98999864,0.9886869,0.9912831,0.9889435,0.99147254,0.9890749,0.9879059,0.98992866,0.974835,0.96869195,0.9825267
ipip92,0.9936937,0.986573,0.99054027,0.9838941,0.9894894,0.9839993,0.99280035,0.9849485,0.99217,0.9829151,0.9831307,0.99077076,0.98595667,0.9855414,0.9816416,0.98643047,0.98983157,0.98847526,0.99075615,0.9885938,0.9923331,0.98889875,0.99163175,0.99131185,0.9868172,0.9906171,0.9854634,0.99143827,0.9867213,0.9886889,0.99238265,0.9884195,0.98654646,0.9895237,0.9929719,0.9894602,0.99046046,0.99140656,0.9896899,0.9889952,0.98231363,0.99077094,0.989203,0.9828324,0.98366886,0.99071634,0.9864435,0.98398894,0.989432,0.9858527,0.9869544,0.9654621,0.98907137,0.9832962,0.9836387,0.98575675,0.97423023,0.98106045,0.9827919,0.98806465,0.99151164,0.9885085,0.9930528,0.9883808,0.9873045,0.98498815,0.9908872,0.9898528,0.9892098,0.9834485,0.9919515,0.9899522,0.9802073,0.98752743,0.9867082,0.9581036,0.98337877,0.9878008,0.98941505,0.99106485,0.98779553,0.99141043,0.9829485,0.99044794,0.98956394,0.9912953,0.9894002,0.98288333,0.9799595,0.98904854,0.9873655,0.9922023,0.9894947,0.98365813,0.97820103,0.9795608,0.99035454,0.9869454,0.97808075,0.9719214,0.9873328,0.992228,0.9900669,0.98786813,0.9901389,0.973955,0.9890438,0.981461,0.9887119,0.99116063,0.99204224,0.98770577,0.98728853,0.9869482,0.9905981,0.9885557,0.99035895,0.99117786,0.99320036,0.9847833,0.99388385,0.9899357,0.99505526,1.0000004,0.99220467,0.98577875,0.98899645,0.99089986,0.9879766,0.98849213,0.99155045,0.9784607,0.98675126,0.9827123,0.98922485,0.9913205,0.9878584,0.9887163,0.9923581,0.990995,0.9921107,0.99141175,0.98875827,0.9904737,0.99063885,0.97989726,0.98932815,0.9894161,0.9788384,0.9891641,0.9912948,0.98723006,0.9816707,0.9817908,0.99376166,0.98897,0.9876635,0.98862624,0.9783198,0.99325556,0.9836248,0.99296606,0.9917341,0.9857204,0.9910919,0.95586437,0.99021465,0.9864658,0.9905589,0.98595184,0.991692,0.9820793,0.9913353,0.9920718,0.9916777,0.99278337,0.99022436,0.9865488,0.98688847,0.98785746,0.9821686,0.98956,0.9877703,0.98930126,0.9765418,0.9889765,0.9911345,0.9914027,0.990965,0.98465097,0.9897797,0.9919721,0.99177426,0.9922978,0.99149567,0.992621,0.99123836,0.99155575,0.9832047,0.9848203,0.9873774,0.9912259,0.9819884,0.99203914,0.99452186,0.98953456,0.99256504,0.9742801,0.9850989,0.981067,0.99144113,0.9881786,0.9927169,0.9930326,0.9882525,0.985517,0.9866272,0.96031255,0.98681206,0.9889056,0.9907234,0.98355675,0.98956555,0.9884335,0.97470105,0.9902235,0.9926477,0.98986644,0.9727856,0.9830726,0.98836297,0.99155366,0.9916187,0.9893896,0.99228585,0.9889519,0.98966426,0.9854144,0.98964787,0.98538244,0.98966175,0.98710734,0.9912176,0.9868163,0.98748857,0.9898861,0.9841285,0.9916652,0.9686617,0.9868758,0.99057776,0.9905179,0.9816958,0.9906043,0.98621076,0.99015975,0.99105644,0.9907965,0.9854509,0.99057835,0.9921431,0.9874069,0.98695916,0.9786663,0.9837632,0.9890244,0.9878067,0.98746693,0.9886733,0.9785454,0.9919733,0.982314,0.99108064,0.9904553,0.99099994,0.9886604,0.98731244,0.98990095,0.9881499,0.98990387,0.98802245,0.99132925,0.9862381,0.98741996,0.9883207,0.9707419,0.96210504,0.9795914
ipip122,0.9936909,0.986715,0.99135256,0.98557544,0.9906509,0.98485947,0.9941268,0.98620397,0.9917377,0.9849062,0.98627365,0.9906501,0.98887485,0.98515606,0.9806948,0.9902918,0.9929278,0.98763376,0.99126214,0.99150074,0.99540293,0.9893996,0.99338335,0.9916751,0.9881013,0.9925663,0.9850966,0.9940919,0.9886522,0.98842067,0.9912384,0.9891998,0.9873701,0.99127966,0.9935081,0.99131083,0.9951285,0.99400234,0.9919793,0.9908316,0.9839176,0.99137396,0.98882043,0.9856853,0.9829285,0.9916877,0.9868146,0.98485136,0.9915658,0.9866123,0.98906237,0.9688867,0.99000984,0.98586774,0.98210645,0.98717815,0.9768434,0.9823519,0.9867557,0.98945725,0.99135476,0.9884094,0.99274975,0.98692536,0.988561,0.9850289,0.99178165,0.9910381,0.9887569,0.9842364,0.99306256,0.99210733,0.9802199,0.9879374,0.98753494,0.9615446,0.9856042,0.9895897,0.9885389,0.98930293,0.9878495,0.99324685,0.98663014,0.9915978,0.99127424,0.99343264,0.9922101,0.9849324,0.9807006,0.9891229,0.98868924,0.9938756,0.9915015,0.9836508,0.978045,0.9810641,0.99136776,0.98683995,0.97907,0.97444165,0.98985827,0.99235785,0.9904513,0.9883711,0.9908534,0.9753035,0.99228466,0.9845543,0.9901845,0.9931114,0.993775,0.9871332,0.98754495,0.98980635,0.99260837,0.9875884,0.9933804,0.99317634,0.9921652,0.98662627,0.9945197,0.9912319,0.99276215,0.99220467,0.99999994,0.9849975,0.9882302,0.99075085,0.9858432,0.9891988,0.9934038,0.9775888,0.9863378,0.98285156,0.993333,0.9905631,0.9887947,0.9907431,0.99424446,0.99219704,0.99256605,0.99238443,0.98951215,0.9916355,0.9908851,0.98245376,0.9899631,0.9892602,0.9808731,0.99063534,0.99196994,0.9874446,0.98239726,0.9792115,0.9939108,0.989304,0.98793036,0.9891337,0.97829914,0.9935496,0.9843089,0.9936176,0.99094146,0.98510605,0.9929372,0.9602737,0.99319726,0.9875593,0.99179655,0.9897676,0.9937302,0.98516154,0.9942539,0.99350053,0.99085325,0.993774,0.99274004,0.98928845,0.9880594,0.9908376,0.98442775,0.9879712,0.98712915,0.98773587,0.9772934,0.9862007,0.9938175,0.9935732,0.9937222,0.9854503,0.99252635,0.99286747,0.9933822,0.99104935,0.99331504,0.99405587,0.99356776,0.99394757,0.9859868,0.98588735,0.9900555,0.99355435,0.9840715,0.99359417,0.99138904,0.9895282,0.9928774,0.9746115,0.98529077,0.983662,0.9879668,0.988996,0.9911872,0.9891496,0.9860465,0.98573905,0.98891205,0.9616574,0.98872584,0.990968,0.9925375,0.983847,0.99000317,0.9880163,0.9750429,0.9919194,0.9944667,0.9912243,0.97235495,0.9845958,0.99107987,0.9920764,0.99038804,0.9886075,0.9927431,0.98842144,0.9906343,0.98723567,0.9923593,0.9867249,0.9903197,0.9892897,0.9933713,0.98647124,0.9883891,0.9908442,0.98551834,0.99370044,0.9703586,0.9883088,0.9913014,0.99160165,0.9836507,0.99182713,0.9881174,0.9911363,0.9921854,0.9918175,0.9858601,0.99070954,0.99316365,0.9844406,0.9871311,0.97985876,0.98621446,0.98964006,0.9889938,0.9876186,0.98905885,0.9765617,0.993586,0.9829221,0.98955196,0.9925388,0.98858577,0.9893939,0.98892266,0.9900795,0.9863062,0.99122506,0.98617774,0.99246395,0.98630404,0.9855857,0.9897121,0.97032666,0.96604174,0.98155504
ipip152,0.98467267,0.98235285,0.983666,0.9808786,0.9827807,0.9813201,0.98613644,0.9822146,0.98914367,0.98106945,0.9820271,0.9847646,0.9846608,0.9824457,0.9823498,0.98612696,0.9856641,0.98398477,0.98634726,0.9835119,0.9871546,0.9820169,0.9858379,0.987783,0.9839027,0.9860955,0.98426557,0.9877297,0.98430336,0.98566,0.9924042,0.9868896,0.98589045,0.98714215,0.9839928,0.9848586,0.9848634,0.9829296,0.9874212,0.9853623,0.9830683,0.9866944,0.9856238,0.98224485,0.982869,0.98508626,0.98477376,0.98149556,0.98324084,0.9843028,0.9821715,0.968508,0.98241353,0.9819483,0.9828788,0.985719,0.9711958,0.9830503,0.9807592,0.9873118,0.9821733,0.98372567,0.98431057,0.9863912,0.98405063,0.9853153,0.9861372,0.986734,0.98765284,0.98244566,0.983682,0.9862268,0.97892994,0.9809708,0.98363996,0.9648011,0.98252374,0.9845801,0.9884437,0.9880986,0.9841187,0.98568875,0.9803641,0.9829703,0.9842346,0.98500776,0.98627007,0.9841585,0.9787229,0.9839739,0.984087,0.98626924,0.9839109,0.9803168,0.97773474,0.9785067,0.9830424,0.98910594,0.98065794,0.9759219,0.9846345,0.98682624,0.98333985,0.98763,0.9847704,0.98694056,0.98614234,0.9849578,0.98876655,0.984224,0.98527557,0.9797772,0.9843798,0.98532134,0.98636734,0.9840469,0.98691064,0.9861979,0.98425704,0.9839115,0.9883608,0.98611504,0.98767114,0.98577875,0.9849975,0.99999964,0.9869246,0.9861531,0.9876863,0.986565,0.9847264,0.97873366,0.9836769,0.9804201,0.98346263,0.9868166,0.98705685,0.9863716,0.98549044,0.9840867,0.9844518,0.987753,0.9854061,0.9860882,0.9856336,0.9804755,0.98563415,0.9881257,0.9819772,0.9856974,0.9878991,0.986921,0.98203427,0.97934747,0.9847787,0.9874763,0.9864694,0.9841549,0.9759448,0.98574805,0.98161,0.9864854,0.98398894,0.9837693,0.984405,0.9582233,0.9851825,0.9862757,0.9824224,0.98147404,0.9834454,0.9801656,0.98280376,0.98747694,0.9901979,0.98723376,0.9866135,0.98403406,0.986353,0.98791605,0.98620266,0.99043864,0.98561597,0.9894819,0.9777911,0.9844705,0.9888399,0.9890454,0.9890357,0.98740196,0.9875488,0.988808,0.989136,0.9904496,0.98625875,0.9864687,0.9873733,0.9855684,0.9861359,0.98577803,0.9852637,0.9862077,0.98380595,0.98753816,0.98690593,0.9860393,0.9896652,0.98084855,0.9902149,0.98485816,0.98556745,0.9843955,0.9881192,0.9869923,0.9884527,0.9844813,0.98489845,0.96959734,0.9845233,0.9856181,0.9854839,0.98049897,0.9867174,0.98617476,0.9737138,0.98424953,0.9863992,0.9878032,0.98047745,0.9865754,0.98761255,0.98526436,0.9853128,0.984701,0.98564744,0.98513144,0.9854386,0.9802825,0.98564756,0.9865872,0.98406625,0.9841578,0.98639613,0.9874898,0.98805296,0.9885516,0.98031646,0.9837623,0.9686908,0.9817752,0.9875877,0.98713267,0.9846631,0.987458,0.984288,0.9853478,0.9850218,0.9864349,0.98296237,0.98770165,0.98919713,0.98818254,0.985029,0.97952884,0.9852135,0.98329824,0.9856292,0.9850523,0.9855223,0.97895163,0.98552257,0.9834125,0.98683524,0.98652214,0.9872298,0.986325,0.9852912,0.98496217,0.9846223,0.9848364,0.9861947,0.98491895,0.98708135,0.9850614,0.98686415,0.971609,0.9662536,0.9763439
ipip182,0.9867398,0.9868863,0.9858792,0.9856556,0.98566926,0.9831661,0.9893963,0.98916143,0.99262905,0.9866817,0.9858326,0.9854322,0.98683786,0.9855863,0.98309463,0.98636466,0.98891056,0.9857033,0.98902017,0.98910135,0.99023134,0.9855663,0.98888284,0.99161303,0.9849898,0.9907032,0.9897592,0.99182034,0.9868876,0.98617715,0.98901016,0.99143547,0.9868266,0.98926604,0.9863315,0.9872896,0.9893737,0.9857752,0.9876844,0.98769736,0.98903495,0.9907751,0.9887444,0.9846263,0.98524135,0.98784906,0.9878771,0.9829436,0.9867216,0.9845779,0.98771954,0.9779315,0.9878303,0.98854136,0.9851845,0.9920024,0.97457206,0.98490494,0.98568714,0.9909387,0.98256,0.98502785,0.9862679,0.98452497,0.9838724,0.98384947,0.9886048,0.98868936,0.985987,0.9863048,0.98475033,0.98858345,0.9809094,0.9854177,0.98542225,0.97308534,0.9863169,0.9879881,0.9896051,0.9881615,0.98436856,0.98849785,0.98366636,0.98313266,0.9867448,0.98693836,0.9881877,0.9860026,0.9805808,0.98575515,0.9830741,0.9869657,0.9861986,0.9826751,0.9786978,0.983959,0.9829105,0.98890483,0.9793861,0.97916955,0.9857258,0.9879509,0.9842265,0.9846866,0.98547333,0.9847829,0.9880901,0.98241544,0.99108374,0.98572785,0.98842007,0.9802792,0.985331,0.9884642,0.98833656,0.98680973,0.9886161,0.9870954,0.9854823,0.9899521,0.9902737,0.9887522,0.99447405,0.98899645,0.9882302,0.9869246,1.0000002,0.9917799,0.9879839,0.9898861,0.9877609,0.9815363,0.98782027,0.9837433,0.98748,0.9890305,0.98806465,0.99223655,0.9898388,0.9842645,0.9833868,0.9885471,0.9861583,0.9880912,0.9856171,0.98232055,0.98677725,0.98669,0.9871495,0.9880868,0.99033386,0.9886716,0.9840572,0.98107034,0.98659563,0.98785776,0.9878164,0.9872869,0.97875875,0.98799103,0.9872884,0.9894409,0.98468477,0.98517025,0.9851549,0.9651374,0.99057627,0.98793983,0.98491824,0.9844542,0.98578835,0.9844422,0.9861681,0.9877766,0.9886571,0.9905201,0.9907315,0.98825336,0.99144536,0.9920394,0.9879616,0.99040926,0.98894316,0.9901232,0.9820305,0.98820734,0.9922949,0.9922841,0.992329,0.99271345,0.9896177,0.9911173,0.99137145,0.98922175,0.98829263,0.9889224,0.99418736,0.98935,0.98978364,0.9906742,0.9922614,0.9895139,0.99097747,0.9923084,0.99212193,0.98816943,0.9912438,0.98266333,0.99285847,0.9892255,0.9918644,0.98584855,0.98875415,0.99189484,0.9900485,0.9851283,0.9914736,0.9730487,0.9877633,0.9872872,0.98782575,0.9851918,0.9901443,0.98765284,0.9781622,0.9858114,0.99037826,0.99199146,0.9849891,0.9854367,0.99285865,0.9888652,0.98601097,0.98448104,0.9879237,0.9896749,0.9881152,0.98365706,0.9886271,0.9876748,0.9875041,0.9885538,0.98959196,0.98697704,0.99150413,0.99157953,0.9851409,0.9860176,0.9776077,0.98676467,0.9892382,0.9891431,0.9889419,0.9900775,0.9894275,0.9910843,0.99201435,0.98914695,0.9874352,0.9870422,0.99173254,0.9892999,0.99215794,0.9878692,0.98992485,0.98870194,0.98935246,0.9874123,0.9874197,0.9817713,0.9887982,0.9890335,0.9872154,0.99022603,0.987869,0.9884814,0.9888636,0.98561054,0.98443687,0.98739225,0.9867985,0.98905724,0.9904585,0.98563224,0.9901862,0.97567916,0.9743092,0.98248845
ipip212,0.9909344,0.9864445,0.9888268,0.9839647,0.9871598,0.98279303,0.9928731,0.9890286,0.99277633,0.9846623,0.9869913,0.9897461,0.98829824,0.9880161,0.98331624,0.9895193,0.99113315,0.98687637,0.9915765,0.9920749,0.9903991,0.988203,0.9895023,0.99110204,0.9842648,0.9918495,0.9887435,0.99079764,0.98985887,0.9900395,0.98927385,0.9924401,0.9862212,0.98951393,0.9909626,0.98807126,0.992152,0.9900794,0.99060893,0.9893118,0.9866935,0.9922585,0.987941,0.9851692,0.9831448,0.98791045,0.98579663,0.98347574,0.9890002,0.98557323,0.98791033,0.971366,0.99051744,0.9874241,0.9856429,0.98966485,0.9760035,0.9865371,0.98613024,0.9903168,0.9878112,0.9858052,0.99050367,0.98516953,0.9852808,0.98447084,0.9910654,0.989721,0.98780984,0.9868279,0.9886097,0.98912686,0.97991633,0.9864889,0.9875683,0.9674465,0.9875775,0.9911308,0.990207,0.99006706,0.98796,0.9911878,0.9859945,0.98779094,0.98909324,0.9910065,0.99121255,0.9876684,0.9826627,0.9886422,0.9871899,0.9894363,0.990403,0.9851776,0.978828,0.98228383,0.9875932,0.9882065,0.9804589,0.9785552,0.9882215,0.98940307,0.9884886,0.98754936,0.98997426,0.9798263,0.9908283,0.9826772,0.9914255,0.9915721,0.9936098,0.9853458,0.9885362,0.9898016,0.99087155,0.98642504,0.99153167,0.9895617,0.98984665,0.98710924,0.99229866,0.9887045,0.99181944,0.99089986,0.99075085,0.9861531,0.9917799,0.9999999,0.9879944,0.99202263,0.98980474,0.97990584,0.9867838,0.9856211,0.9891008,0.9908042,0.98891234,0.9926319,0.9949798,0.9886456,0.98869324,0.9913402,0.98806405,0.9907069,0.9902296,0.9841658,0.98978996,0.9882005,0.98563516,0.99086833,0.99027175,0.98755336,0.98229384,0.9805107,0.99018294,0.98770624,0.9871272,0.98746425,0.9811381,0.9909881,0.98481953,0.9912669,0.9872461,0.98465407,0.9897034,0.964475,0.99184036,0.98594195,0.98742783,0.9851494,0.98875237,0.9838988,0.9886724,0.989461,0.98977816,0.99198264,0.9906895,0.98820835,0.98851424,0.9897045,0.98665315,0.9900356,0.9863279,0.9900824,0.9810851,0.98817056,0.99171066,0.9919425,0.99162465,0.98690057,0.99129415,0.99182034,0.99171257,0.99037856,0.9910987,0.9914989,0.99091595,0.99163586,0.9862043,0.98794866,0.99007577,0.98977035,0.98604304,0.9914871,0.98992187,0.98620975,0.9913562,0.97748977,0.9894718,0.987045,0.99006313,0.98731506,0.9892993,0.99026173,0.9894784,0.98438025,0.9889333,0.9665776,0.98811704,0.9903046,0.9889604,0.98510563,0.99113995,0.9888173,0.97816694,0.98950493,0.991391,0.99154323,0.9780124,0.9844282,0.99103457,0.9901399,0.98872477,0.9867943,0.9911051,0.9879685,0.98830265,0.9852723,0.9881852,0.985937,0.99012035,0.9886089,0.99080867,0.98746926,0.989601,0.99108654,0.9842072,0.9886692,0.9724848,0.9862407,0.99084574,0.9906182,0.9873497,0.99160415,0.9896518,0.9904944,0.990315,0.9892215,0.9862334,0.98892,0.992212,0.98868537,0.990427,0.9840941,0.9876001,0.99063647,0.9888001,0.98564285,0.9873018,0.98188996,0.9925914,0.98725057,0.9883683,0.9925316,0.9897411,0.9879686,0.98743427,0.9873826,0.9856751,0.9874663,0.98808956,0.99316823,0.98851275,0.9873614,0.9931996,0.9737962,0.97026044,0.98213667
ipip242,0.9882258,0.9870083,0.9867036,0.9846702,0.98636514,0.9839772,0.98934305,0.9850166,0.9929547,0.984995,0.9844675,0.9867081,0.9835659,0.9840391,0.9820154,0.984176,0.98572636,0.9870059,0.9880806,0.9854965,0.98707706,0.98481554,0.9892172,0.9925846,0.98528016,0.98891914,0.9897218,0.98743767,0.98540646,0.9880865,0.98997945,0.98848224,0.98651904,0.98782074,0.98728645,0.98657614,0.986371,0.9861154,0.9867031,0.98603857,0.9844644,0.99089235,0.98885274,0.9816793,0.986622,0.9884083,0.98744875,0.98335123,0.9857861,0.9827865,0.985725,0.97044593,0.9861409,0.98241735,0.9952254,0.9862872,0.97384703,0.9858181,0.9821759,0.9890895,0.9839703,0.98476565,0.98544055,0.98761076,0.9836752,0.9837179,0.9870724,0.99091023,0.9893518,0.98751414,0.9865723,0.9877534,0.98070043,0.98309195,0.98392546,0.9627471,0.9825415,0.98503745,0.99378675,0.9940761,0.9863166,0.9872158,0.98113924,0.98532933,0.9860187,0.9858074,0.9858988,0.98260283,0.98198164,0.9872115,0.983597,0.987301,0.983936,0.9795962,0.9786288,0.97933424,0.9853128,0.99345535,0.97766846,0.9762414,0.98262346,0.9900822,0.985029,0.98528683,0.98530865,0.97973293,0.9876003,0.98263377,0.98843485,0.9862959,0.9872619,0.9814981,0.98513734,0.9852953,0.9859242,0.985259,0.9863635,0.9869598,0.98697543,0.9831256,0.9877296,0.9837787,0.98940915,0.9879766,0.9858432,0.9876863,0.9879839,0.9879944,1.0,0.98584235,0.98738563,0.9779197,0.9851531,0.98225236,0.9855498,0.99009037,0.9902669,0.990339,0.98775315,0.98592657,0.98609996,0.98862344,0.98561436,0.988371,0.9862116,0.97990125,0.9864284,0.9895793,0.9854917,0.98653966,0.99114907,0.98863035,0.982538,0.97915834,0.9860964,0.98744625,0.987334,0.9854859,0.9750323,0.98695093,0.9822006,0.98923415,0.984764,0.9870528,0.9862683,0.95808434,0.98800296,0.987676,0.9842884,0.98012954,0.9870834,0.98176694,0.98466676,0.9893179,0.9940297,0.9890257,0.9879793,0.9854901,0.98861164,0.98555887,0.98386693,0.9930078,0.9859766,0.9921666,0.9822496,0.9822502,0.98780817,0.9881939,0.9878117,0.9875308,0.98721516,0.98992026,0.9895245,0.9939413,0.98693687,0.9891676,0.988916,0.9887567,0.9853513,0.9879272,0.9855609,0.9881418,0.9848139,0.9894625,0.98925585,0.9903327,0.99062544,0.9805144,0.98790354,0.9854124,0.98887396,0.98345494,0.992862,0.9891876,0.9921182,0.98413265,0.98588824,0.96889025,0.98504484,0.9852027,0.9886671,0.981562,0.98530453,0.98808837,0.97626925,0.9874423,0.98677003,0.9872215,0.9797459,0.9858322,0.9871172,0.986248,0.98641604,0.98595065,0.98562753,0.98558307,0.98781383,0.9814302,0.98731905,0.9861765,0.98655784,0.9859609,0.9877252,0.991741,0.98761505,0.98937285,0.9853728,0.98745906,0.9725946,0.9844972,0.9930155,0.9928059,0.98716146,0.9926054,0.98918325,0.98595697,0.9878277,0.99065554,0.9843595,0.9887041,0.9904089,0.9917227,0.9873337,0.97950244,0.9876948,0.9860125,0.98682684,0.9914276,0.987166,0.9814745,0.9888035,0.9884398,0.9885933,0.9887178,0.98923516,0.986773,0.98675644,0.987152,0.9856282,0.9878955,0.9962847,0.9883901,0.98721313,0.99590415,0.9865759,0.9767994,0.96762425,0.97863495
ipip272,0.98817223,0.9868777,0.9867752,0.9840124,0.9853802,0.98252094,0.98898315,0.9875105,0.9908854,0.9842708,0.985009,0.9886518,0.9873557,0.98884976,0.9826208,0.9877506,0.9912837,0.98613495,0.990342,0.9912915,0.99042636,0.98717153,0.98660517,0.9892654,0.9847434,0.9915229,0.9865931,0.990815,0.9896053,0.9895497,0.9874471,0.9884756,0.98434365,0.98867565,0.98782384,0.9857547,0.989803,0.98631686,0.99121755,0.9899494,0.98652637,0.9879702,0.98760283,0.98465985,0.9843323,0.9871762,0.9867296,0.9815436,0.98703647,0.98792464,0.98502284,0.97235453,0.98714083,0.98716784,0.98421687,0.98787785,0.9774817,0.9843811,0.98610526,0.9887747,0.98405385,0.9861584,0.98655295,0.98505986,0.9835589,0.98389524,0.9884884,0.98632836,0.98613566,0.98429847,0.9849513,0.9866732,0.98105294,0.9837323,0.9879284,0.9707061,0.98800737,0.99012876,0.9879433,0.9874144,0.9851946,0.99163383,0.98442036,0.9849854,0.98728406,0.98855305,0.98943603,0.988713,0.982728,0.9864508,0.9866692,0.9866343,0.98792994,0.9842258,0.98126,0.98540956,0.9838844,0.98608667,0.98135215,0.97913766,0.98762584,0.98802197,0.98655885,0.98696077,0.987852,0.98029304,0.9886889,0.9817725,0.9882851,0.9881326,0.98939943,0.98358744,0.98844635,0.9883198,0.9888815,0.98550314,0.9892406,0.98731977,0.98697937,0.9875572,0.98994064,0.9885789,0.9895527,0.98849213,0.9891988,0.986565,0.9898861,0.99202263,0.98584235,0.9999998,0.9866461,0.9807532,0.9863475,0.9863286,0.98532647,0.98850936,0.9880783,0.988268,0.9898875,0.98521847,0.9860636,0.989648,0.98801225,0.9882445,0.9888235,0.9858002,0.99265814,0.9863389,0.9833401,0.9910755,0.9884041,0.98811585,0.98378426,0.9835173,0.9872036,0.9865819,0.9862618,0.9861516,0.9849062,0.9879368,0.9845203,0.98794675,0.98496294,0.98234653,0.98567194,0.96230084,0.987838,0.9853468,0.98524207,0.98455125,0.98480517,0.9843601,0.98565173,0.98784536,0.9870774,0.98828655,0.9880165,0.98685014,0.98731714,0.98795944,0.9870344,0.987975,0.98664737,0.9882382,0.98045844,0.9864125,0.98954576,0.98950064,0.98968494,0.98719376,0.9892613,0.98907256,0.98950195,0.9879084,0.9919878,0.98803586,0.989011,0.9877778,0.98647666,0.98791105,0.98748726,0.9863798,0.9854067,0.9893385,0.987653,0.9849996,0.989472,0.97983223,0.98823625,0.98612535,0.98752874,0.98569024,0.9869371,0.9879812,0.9867698,0.98518366,0.9874491,0.9692895,0.98866606,0.9879866,0.98560125,0.9836994,0.98827904,0.987497,0.978542,0.9871833,0.9882275,0.9891802,0.97809047,0.9840341,0.98890084,0.98933136,0.985715,0.98427093,0.9887198,0.98752487,0.98648834,0.9819848,0.9858079,0.98512036,0.9871685,0.98685956,0.9882024,0.9857824,0.98878276,0.9880896,0.98344195,0.984469,0.9734219,0.9840257,0.9875414,0.9871162,0.98431563,0.9876942,0.9859232,0.98818624,0.9897649,0.98657376,0.9846787,0.9859399,0.9894044,0.98637736,0.98753303,0.98271203,0.98630375,0.98704153,0.9859585,0.98368824,0.98585725,0.98191124,0.9880732,0.9838918,0.9870343,0.98862785,0.9878093,0.9849363,0.9846893,0.98561937,0.98492116,0.98482364,0.98427194,0.98813397,0.9852029,0.98360825,0.98909134,0.9741872,0.9707066,0.98133814
ipip7,0.99391276,0.98679036,0.9906327,0.9853982,0.9914716,0.98553103,0.9940242,0.98650014,0.9920251,0.9853029,0.9862496,0.9906494,0.98659825,0.984219,0.98077285,0.9883581,0.99088305,0.9846562,0.9903298,0.9888371,0.9921989,0.98852164,0.99483114,0.99178076,0.98795587,0.99111587,0.98378307,0.9908893,0.9862864,0.98711723,0.99210674,0.989512,0.9872977,0.99231327,0.9930924,0.9953612,0.9926283,0.993137,0.98933476,0.9904001,0.98416424,0.9920601,0.9883802,0.983013,0.98304176,0.9917203,0.98811716,0.9852844,0.9905283,0.9843402,0.9880188,0.9652409,0.99084705,0.98371774,0.9831916,0.9876666,0.977007,0.98106366,0.98429275,0.9899765,0.99109644,0.9878533,0.992647,0.9873254,0.98769736,0.98443997,0.9917525,0.9920471,0.9896953,0.985241,0.99567646,0.9931617,0.98119575,0.9913245,0.98642546,0.95915824,0.98552495,0.9888816,0.9891433,0.99032235,0.9883499,0.99271613,0.9849746,0.9906809,0.9903666,0.99346584,0.9918229,0.98213863,0.9798798,0.98954606,0.9881005,0.9939851,0.99039286,0.9830282,0.97602963,0.98055863,0.99366397,0.987305,0.9767828,0.97318596,0.98783773,0.9930047,0.9898453,0.98801684,0.9899942,0.9743103,0.991732,0.9840058,0.9908811,0.9933194,0.99367505,0.98550683,0.9871697,0.98816085,0.9927951,0.9887989,0.99212366,0.99380624,0.9915941,0.98782367,0.9941045,0.98843116,0.99206895,0.99155045,0.9934038,0.9847264,0.9877609,0.98980474,0.98738563,0.9866461,0.9999992,0.9773112,0.98865557,0.98023254,0.9964035,0.99226344,0.9904755,0.9937535,0.9947512,0.99300545,0.99277943,0.9914859,0.986067,0.9910348,0.9902498,0.9805829,0.98870724,0.9904428,0.98070514,0.98856527,0.99319196,0.9877947,0.98260087,0.98031944,0.9934836,0.9907026,0.99003017,0.9917867,0.9764742,0.9934528,0.98691934,0.99543715,0.9913102,0.98644555,0.9940979,0.9603547,0.9955486,0.99036455,0.9912248,0.9864548,0.996627,0.98368186,0.9936028,0.99216884,0.9919763,0.99328625,0.99219364,0.989217,0.98919463,0.9893619,0.9827292,0.9874975,0.9865514,0.9878209,0.976313,0.9867078,0.9931272,0.9927126,0.99263906,0.985327,0.9921342,0.9931388,0.9933754,0.9918078,0.99198204,0.994258,0.99354404,0.99428535,0.98456144,0.9864659,0.9906571,0.9935223,0.98411137,0.99353456,0.99057657,0.99040735,0.9933787,0.97397476,0.98520243,0.98174524,0.98791116,0.9873493,0.99169827,0.9902,0.98678076,0.98296857,0.9902298,0.96011215,0.98695517,0.99126774,0.9960475,0.9840295,0.9898687,0.9879078,0.9742772,0.99281055,0.9940583,0.9911266,0.96992815,0.983723,0.99028486,0.99051964,0.9923597,0.988184,0.991836,0.98739624,0.99250275,0.9898419,0.99503297,0.9885036,0.9905592,0.9874312,0.99389505,0.9880396,0.9883354,0.9915159,0.9875218,0.9962852,0.96911454,0.99086285,0.9937361,0.9939528,0.9857533,0.99434423,0.9901042,0.9905668,0.9897843,0.99387723,0.98608005,0.990376,0.9935887,0.9845304,0.98714674,0.9800942,0.98552644,0.9921936,0.992104,0.9907587,0.9911823,0.97742397,0.99562943,0.9863346,0.9912168,0.9951778,0.99083257,0.9928984,0.99282354,0.9926678,0.9882967,0.99249107,0.9892602,0.99323994,0.9887428,0.9885974,0.9903575,0.97311676,0.9677612,0.98297966
ipip37,0.9740619,0.9779595,0.9777216,0.97536814,0.97322065,0.9732881,0.9754865,0.975557,0.9789631,0.974402,0.9752224,0.97510284,0.9787894,0.9780003,0.9752539,0.97555417,0.9792623,0.9782591,0.97888076,0.9762249,0.98057574,0.9760134,0.97872096,0.97835624,0.9795076,0.9786312,0.9782449,0.9801003,0.97778463,0.97798765,0.97710407,0.978298,0.97367764,0.97806394,0.97397774,0.9783806,0.9797437,0.9735049,0.9784016,0.97724086,0.9753178,0.9808238,0.9787551,0.9761408,0.9760038,0.9767929,0.98072076,0.97730863,0.97621495,0.9769823,0.97624415,0.96730727,0.9746217,0.9763039,0.9782468,0.9792256,0.9658014,0.9773153,0.97535545,0.97720706,0.97170985,0.9763769,0.9761916,0.97533864,0.9774804,0.9769276,0.9755136,0.97620493,0.97540194,0.9757786,0.97094053,0.9777945,0.9706484,0.97216016,0.98072565,0.9637558,0.9788014,0.9774953,0.9792293,0.9758029,0.97538704,0.9768729,0.9777111,0.97566235,0.9802581,0.9734806,0.97557473,0.9797106,0.97498316,0.9736997,0.9759575,0.97571015,0.9761956,0.97665817,0.9748237,0.9764407,0.9684357,0.9765197,0.97270864,0.9737821,0.9771717,0.97514564,0.9757489,0.9786636,0.9778224,0.9731817,0.97553325,0.97137463,0.9770582,0.9728109,0.9737817,0.9722805,0.9758574,0.9790459,0.9773018,0.97946334,0.9777281,0.9774248,0.9744198,0.97926575,0.9796477,0.97871345,0.9810107,0.9784607,0.9775888,0.97873366,0.9815363,0.97990584,0.9779197,0.9807532,0.9773112,1.0000006,0.97983545,0.97955215,0.97459406,0.97518986,0.97488797,0.97953725,0.9751045,0.96977955,0.97255963,0.97963566,0.98269075,0.9762271,0.97703904,0.9754081,0.9772442,0.976394,0.9774387,0.976693,0.976838,0.97944355,0.9839231,0.98056465,0.97375107,0.9789287,0.9802473,0.9771183,0.97354233,0.9736745,0.98056144,0.975182,0.9753983,0.9756212,0.970398,0.95572555,0.9767532,0.98219955,0.97243196,0.9758583,0.9723706,0.9783461,0.9723482,0.97845995,0.97513473,0.977534,0.97747654,0.974139,0.9791078,0.97774786,0.97874534,0.978988,0.97991806,0.97843856,0.9745915,0.9770535,0.9774541,0.9771369,0.9774192,0.98080444,0.9764973,0.9774179,0.9780519,0.9761009,0.9763057,0.9753718,0.97729546,0.97265667,0.9765228,0.9796013,0.9775401,0.97211343,0.97567743,0.976346,0.9774304,0.9767791,0.9760406,0.97284293,0.97967607,0.9770117,0.9781308,0.974621,0.97550577,0.97870314,0.979799,0.97722197,0.98028904,0.9694319,0.9786521,0.978746,0.9775762,0.9722442,0.9757652,0.9778218,0.96859676,0.9731509,0.9742297,0.97794473,0.9723702,0.9747104,0.97788167,0.97457325,0.97610193,0.97387594,0.9735937,0.97793055,0.97738796,0.9740795,0.9782716,0.9801041,0.9774372,0.98130363,0.97657657,0.97741306,0.9805917,0.97754085,0.97583055,0.9733865,0.967805,0.9750553,0.97751325,0.976854,0.9804869,0.9785706,0.9792209,0.97818214,0.97855157,0.97836244,0.97840536,0.97666943,0.97778994,0.9778143,0.9785902,0.97519004,0.98009473,0.9744831,0.98198134,0.978914,0.97869456,0.9749125,0.97337705,0.9769045,0.9774805,0.9763396,0.9770899,0.9793076,0.9805826,0.9772544,0.9807065,0.9783931,0.9756823,0.9761438,0.97650975,0.9756874,0.9776962,0.9657757,0.96817684,0.9691806
ipip67,0.98452634,0.9857828,0.9842894,0.9845588,0.98544455,0.9827161,0.9851244,0.98379886,0.98780656,0.9841478,0.983209,0.98549163,0.9850276,0.98493546,0.9821202,0.9841265,0.9864847,0.98422325,0.9875451,0.9857294,0.9877607,0.98465514,0.99006385,0.98742276,0.9860684,0.9856665,0.98501515,0.9861401,0.98419034,0.98447376,0.98607427,0.98507154,0.9824572,0.98622143,0.9828935,0.9892348,0.9844542,0.9817403,0.9851308,0.9865547,0.9882261,0.98739314,0.98827535,0.98187715,0.9841548,0.986393,0.9867672,0.98046875,0.9860296,0.98544526,0.985445,0.9728916,0.9876862,0.9831434,0.9831698,0.98646784,0.97691125,0.98225343,0.9834221,0.98560876,0.9828545,0.98614395,0.9850683,0.9835411,0.982936,0.98404485,0.9843948,0.98395073,0.9843137,0.9831664,0.985008,0.9886634,0.9811821,0.9862106,0.9864104,0.9679051,0.9851269,0.9850439,0.98662156,0.98625875,0.9850165,0.9862726,0.9825618,0.9811987,0.98651093,0.9836877,0.9841255,0.98393327,0.97884786,0.983281,0.98338366,0.9850424,0.9854982,0.9832081,0.97751087,0.9813033,0.98250216,0.98561716,0.97914475,0.9777937,0.984052,0.98589045,0.98405486,0.9857178,0.9863591,0.9800886,0.9851161,0.98153174,0.9873249,0.9834866,0.98455954,0.98094195,0.9870902,0.9856271,0.984901,0.9897477,0.9848169,0.9847298,0.9837834,0.98509616,0.98759484,0.9842539,0.98937327,0.98675126,0.9863378,0.9836769,0.98782027,0.9867838,0.9851531,0.9863475,0.98865557,0.97983545,0.99999994,0.9849575,0.98674697,0.9899145,0.9878438,0.9883269,0.98618317,0.9831943,0.98347396,0.9880238,0.98433,0.98747873,0.9855915,0.9826956,0.98568094,0.9840642,0.98304033,0.98485637,0.986343,0.98659873,0.9846882,0.9819148,0.98352957,0.98841,0.98901045,0.9890142,0.97851694,0.98355216,0.9974556,0.9906665,0.98340887,0.9851038,0.983374,0.9629143,0.98706245,0.9874548,0.98395044,0.9821853,0.9857847,0.9836531,0.9823851,0.98686147,0.98485076,0.98606133,0.98528165,0.98405653,0.98498684,0.9845287,0.98499894,0.9859455,0.98611397,0.98637927,0.9778122,0.9853039,0.9855729,0.9855462,0.9855251,0.9871234,0.98531085,0.9863268,0.98657364,0.9853939,0.9855935,0.9850955,0.9871714,0.98502946,0.9839392,0.98616004,0.98566437,0.9836481,0.9857051,0.9868585,0.98781013,0.98692906,0.98624307,0.9778437,0.9860671,0.9832856,0.9871058,0.9807098,0.9843624,0.9878682,0.9861067,0.98504496,0.9856259,0.9669295,0.98383296,0.98600644,0.988389,0.9807592,0.98413634,0.98740745,0.9748746,0.98418325,0.9838836,0.9873823,0.9783061,0.98128825,0.9859109,0.9860301,0.98478585,0.9830067,0.98532385,0.9853314,0.98703086,0.9853087,0.9892116,0.9888959,0.9870617,0.98717463,0.9863698,0.9851177,0.98694277,0.9866103,0.9878995,0.98583746,0.9734625,0.9893884,0.98688304,0.98643804,0.9871138,0.9870374,0.9877901,0.9864731,0.9861637,0.98920375,0.987104,0.9856484,0.9869903,0.9853007,0.98571736,0.98064214,0.98438865,0.988055,0.99009377,0.9863178,0.98907477,0.98390335,0.9859629,0.9859236,0.9876974,0.98680717,0.9880651,0.9888345,0.9894354,0.9861147,0.98503435,0.9884476,0.98490006,0.985076,0.9849264,0.9840518,0.98552555,0.9744423,0.97222936,0.98069227
ipip97,0.98103744,0.98343545,0.9845212,0.98007894,0.97899693,0.9787924,0.98129714,0.9839413,0.984748,0.97980225,0.9810202,0.98121136,0.9844269,0.9879837,0.9803253,0.9835583,0.9861061,0.98330176,0.9868988,0.98720646,0.98531884,0.9829625,0.9827319,0.984865,0.98121184,0.9841553,0.9828705,0.9852284,0.9838516,0.9843367,0.98182124,0.9819499,0.9773518,0.9816473,0.98173875,0.9804053,0.9834193,0.97982794,0.98427725,0.9823886,0.9816118,0.9836648,0.98212934,0.98007023,0.9813547,0.9812467,0.98163193,0.9786054,0.9832275,0.98355573,0.98023945,0.97179747,0.9822132,0.9837498,0.9820996,0.9806772,0.9727231,0.9802166,0.98106945,0.9815302,0.9796135,0.98656154,0.98190635,0.98106855,0.9801902,0.98314196,0.9832232,0.98136806,0.9811628,0.9820845,0.97798854,0.98150015,0.9789764,0.9782636,0.98645115,0.9689612,0.984185,0.9842565,0.98319644,0.9817636,0.98098975,0.98292935,0.980991,0.97932094,0.9828642,0.9814997,0.9834954,0.988225,0.9840934,0.982827,0.9812527,0.98084366,0.9841805,0.98236126,0.9839365,0.97971225,0.9762781,0.9823605,0.97969925,0.9795136,0.98359734,0.9812152,0.98308253,0.98253334,0.9854592,0.9764873,0.9832587,0.97705966,0.98379385,0.9809929,0.9817243,0.9782078,0.9831303,0.98561877,0.98267365,0.98349243,0.98454326,0.98313856,0.9814206,0.9824669,0.98370373,0.9820506,0.9834263,0.9827123,0.98285156,0.9804201,0.9837433,0.9856211,0.98225236,0.9863286,0.98023254,0.97955215,0.9849575,1.0000002,0.9799244,0.98197395,0.98258597,0.98270786,0.9812471,0.9766744,0.97974813,0.986248,0.987257,0.9847053,0.9845043,0.98265296,0.9834211,0.9807498,0.9800038,0.9834146,0.98208696,0.9824234,0.9853339,0.98086715,0.97988427,0.98195285,0.98266894,0.9802212,0.98020124,0.9800686,0.98298925,0.98242116,0.9796893,0.98071134,0.97877437,0.95916766,0.98092175,0.98175794,0.9795464,0.97955394,0.97832775,0.98030025,0.9783504,0.9840724,0.9802917,0.9817322,0.98254967,0.9795274,0.98158747,0.98125416,0.98486674,0.98357916,0.9808117,0.98330927,0.97933,0.9815296,0.9822822,0.9820493,0.9821474,0.9820518,0.98225063,0.98148507,0.98145676,0.9812938,0.98177874,0.9803019,0.9815199,0.979965,0.9797008,0.98172206,0.9812465,0.97841525,0.9814176,0.9810305,0.9817096,0.980821,0.9821581,0.979681,0.9834495,0.9821158,0.98240995,0.9802229,0.98058915,0.9836999,0.98305416,0.9814708,0.98184013,0.9737358,0.98746467,0.9832755,0.9803739,0.9785069,0.98199046,0.98334444,0.9763159,0.9799708,0.9799911,0.98492885,0.9770197,0.9780717,0.98306787,0.98151743,0.9807204,0.98040783,0.98142993,0.9818034,0.9814003,0.97654194,0.98062295,0.9811552,0.9848547,0.9854057,0.9808546,0.9805357,0.98249924,0.983391,0.9801364,0.9782199,0.9729612,0.97912014,0.9821178,0.98160595,0.98133487,0.98217607,0.9825041,0.9843005,0.98450106,0.98356247,0.9829104,0.9822298,0.98220444,0.9825842,0.98319554,0.9782407,0.9831489,0.9815988,0.9821739,0.9817042,0.9834252,0.98145103,0.9807852,0.98027825,0.9811089,0.9815533,0.9828735,0.9821385,0.981668,0.98042756,0.9809684,0.981633,0.98080957,0.9811165,0.98113954,0.9796977,0.9831963,0.9713444,0.9697818,0.97635853
ipip127,0.9922173,0.98554784,0.9892286,0.984143,0.9902597,0.98377615,0.99271834,0.9876286,0.99073,0.9839808,0.987525,0.98946786,0.9869785,0.9828655,0.98043954,0.989002,0.9901209,0.9847167,0.9893822,0.9887597,0.99145895,0.9875373,0.9935164,0.99025977,0.9867524,0.9897381,0.9835026,0.9902899,0.98610455,0.9858744,0.9904068,0.989586,0.9873885,0.99108475,0.9916835,0.9939579,0.9919379,0.99212486,0.9895134,0.9899638,0.98399585,0.9910775,0.9868179,0.98292255,0.9815319,0.9898662,0.98601264,0.9843941,0.9896024,0.98321027,0.9879767,0.96635497,0.99010676,0.9840918,0.98188436,0.9873303,0.97764254,0.980796,0.98408616,0.9891279,0.98944354,0.9865591,0.99084824,0.9860642,0.9865669,0.9836584,0.99131215,0.99059653,0.9869793,0.98451054,0.9936212,0.9924378,0.9802887,0.9899008,0.9853544,0.96157646,0.985084,0.98848957,0.98784155,0.9884781,0.98744184,0.9922528,0.98478305,0.9896131,0.9900209,0.9923542,0.9915617,0.9819578,0.97962785,0.9887127,0.9870432,0.9920059,0.9897128,0.9817147,0.9754598,0.9796014,0.9916405,0.9855864,0.9762858,0.972783,0.9879596,0.9913185,0.98873717,0.9868132,0.98887026,0.97424036,0.9906495,0.98362356,0.9901471,0.9924066,0.99296886,0.98448217,0.9865216,0.98812085,0.99174243,0.9882902,0.99140966,0.9927841,0.99031883,0.9879689,0.99316686,0.98780453,0.9909235,0.98922485,0.993333,0.98346263,0.98748,0.9891008,0.9855498,0.98532647,0.9964035,0.97459406,0.98674697,0.9799244,0.9999994,0.99085516,0.98937434,0.9927609,0.99357337,0.9914105,0.99076027,0.9899234,0.985315,0.9898078,0.9889958,0.97988683,0.9873887,0.9878286,0.980964,0.98805356,0.9912848,0.9860452,0.9812081,0.9775266,0.991773,0.9897418,0.98920256,0.9905172,0.9757796,0.99170905,0.9849956,0.99407303,0.9898938,0.9863917,0.9927335,0.96300024,0.99428904,0.98807126,0.99036485,0.98704445,0.99506456,0.98342264,0.9928449,0.99178797,0.9905101,0.9928012,0.9910302,0.988636,0.98820263,0.98923993,0.98297685,0.9863161,0.9850952,0.9866311,0.9761986,0.9862183,0.992583,0.9921016,0.99221164,0.9838573,0.99177927,0.9920036,0.99240005,0.99014115,0.991182,0.9931065,0.9923182,0.9931092,0.9833782,0.9851806,0.9905402,0.9925981,0.98411554,0.9922993,0.98972493,0.98911315,0.9920124,0.97392976,0.9848757,0.98249525,0.98692507,0.9868823,0.9905148,0.9892687,0.98553747,0.9819226,0.988286,0.9607413,0.986767,0.98982275,0.99422956,0.9835188,0.9899271,0.98668873,0.9740938,0.9920825,0.9932763,0.9903786,0.96980494,0.98371106,0.99030995,0.9899483,0.99009174,0.9869612,0.9909583,0.98609525,0.99150395,0.9891748,0.99451643,0.988385,0.99006546,0.9868977,0.9930043,0.98637104,0.9880501,0.9906542,0.98669225,0.9945531,0.97004,0.99000883,0.9920413,0.9925888,0.98546886,0.99304616,0.9896769,0.9899522,0.9892589,0.99250656,0.98532414,0.98933405,0.99244964,0.9835622,0.98710024,0.97937936,0.98549944,0.99186146,0.9912515,0.989283,0.9900772,0.97679025,0.9941016,0.9856732,0.98939306,0.9940587,0.98863715,0.99159783,0.99159455,0.990143,0.9846876,0.990929,0.9875194,0.9922456,0.9879725,0.98679674,0.98964465,0.9721568,0.96709424,0.9828036
ipip157,0.991919,0.9873863,0.98930347,0.986198,0.9898355,0.9860071,0.99219584,0.986248,0.9929323,0.98637754,0.9869629,0.99154866,0.9870554,0.9857234,0.9826327,0.98840916,0.9896326,0.9875887,0.9907384,0.98797256,0.990701,0.9879415,0.99301666,0.9920564,0.98664874,0.9909454,0.9870615,0.9901135,0.9881637,0.988149,0.9920907,0.9897521,0.98817563,0.99073416,0.9905938,0.9912094,0.98973876,0.98990214,0.9888655,0.9895783,0.9863938,0.9915848,0.99025756,0.98440224,0.9873525,0.9910734,0.9878563,0.983312,0.98928297,0.9861849,0.9887737,0.9707663,0.99061227,0.9838297,0.98568124,0.9888729,0.9775376,0.9850885,0.98651713,0.98941183,0.9882465,0.9883092,0.98984367,0.98785967,0.98610216,0.98515,0.99033225,0.9900176,0.9896415,0.98537403,0.99231076,0.9927865,0.98396313,0.9884453,0.98680264,0.96355677,0.9860791,0.9891875,0.99035484,0.9919285,0.98980457,0.99215794,0.98464,0.9891523,0.9904172,0.9908175,0.9901422,0.9838564,0.98205435,0.9890656,0.9882392,0.9912296,0.9886819,0.9820041,0.9789571,0.98101556,0.9907,0.989365,0.97955996,0.9749307,0.9865292,0.9924862,0.9881385,0.98850054,0.9895836,0.97944915,0.9909699,0.98442143,0.9899427,0.99155784,0.9921623,0.9880344,0.990406,0.98728746,0.99057627,0.99037915,0.98987174,0.99039775,0.99017054,0.986032,0.9919093,0.9873549,0.99223876,0.9913205,0.9905631,0.9868166,0.9890305,0.9908042,0.99009037,0.98850936,0.99226344,0.97518986,0.9899145,0.98197395,0.99085516,1.0000004,0.994276,0.99149305,0.9931346,0.99187154,0.99064267,0.99217105,0.98611814,0.9919817,0.98972994,0.98348194,0.9899456,0.9903756,0.9842241,0.9900341,0.99244255,0.989082,0.98236316,0.98014206,0.9909042,0.9928684,0.99260074,0.99124354,0.97892374,0.99143976,0.98716545,0.99472976,0.98824954,0.9882431,0.9917793,0.9612018,0.9920512,0.9878022,0.9885502,0.9851055,0.99205405,0.98393357,0.9898897,0.99109674,0.9922589,0.99212134,0.99078727,0.989039,0.9887632,0.9886394,0.9842234,0.9899616,0.98810625,0.98983264,0.9782897,0.98659265,0.99142283,0.99152917,0.99149966,0.9873575,0.99127537,0.99229383,0.99238765,0.9924119,0.9919725,0.9929544,0.99260974,0.99294674,0.98631656,0.9876196,0.9892349,0.99180955,0.98593664,0.99286336,0.99245733,0.99040556,0.99289316,0.9789596,0.98815286,0.9849533,0.99115324,0.98716927,0.99166566,0.99104905,0.9882823,0.9863011,0.98848164,0.96442,0.98771036,0.9895733,0.9931358,0.98439336,0.9890005,0.9895353,0.977502,0.9905818,0.99160284,0.9901326,0.97645056,0.98546475,0.98966515,0.99078155,0.9896509,0.9886757,0.99061555,0.98727363,0.9906507,0.9868646,0.9926428,0.9901393,0.9903369,0.9883026,0.9919199,0.9887725,0.9891397,0.990669,0.9874195,0.9921464,0.9713295,0.9895329,0.9926386,0.99297994,0.985834,0.9928075,0.98920494,0.9901294,0.98954153,0.99143636,0.98704976,0.99188995,0.99285007,0.98810434,0.9881841,0.9802436,0.9851047,0.9934791,0.9914535,0.9894361,0.9912987,0.9859514,0.9929971,0.9875147,0.9905718,0.99196154,0.9913097,0.991079,0.9899817,0.98985225,0.98641205,0.99056315,0.98987955,0.9917004,0.98746306,0.9892607,0.9892691,0.9752876,0.96771646,0.9835439
ipip187,0.9894999,0.9860594,0.9880713,0.9840996,0.9875693,0.9861095,0.9902611,0.98636353,0.991814,0.9849435,0.9872274,0.98945934,0.9877185,0.9853949,0.98380756,0.98904973,0.9900126,0.98696184,0.9893774,0.98793787,0.99019957,0.98655504,0.9909233,0.9916679,0.98705477,0.9898458,0.98623586,0.9899957,0.9880439,0.98722786,0.99018186,0.9895679,0.9879668,0.9898065,0.98876286,0.9898905,0.98966455,0.98844075,0.9893965,0.9888551,0.986154,0.9903899,0.9880133,0.9821971,0.98550886,0.9893469,0.98713666,0.983396,0.98726827,0.98640543,0.9865469,0.9698471,0.9877111,0.9830241,0.9867394,0.98670363,0.9765556,0.98559946,0.9858206,0.98976266,0.9868463,0.9861839,0.9879269,0.9868979,0.98524207,0.98629594,0.98896074,0.99009943,0.989137,0.9868588,0.99003714,0.99060756,0.9880226,0.98608947,0.9860793,0.9658727,0.9872368,0.9891798,0.9894845,0.990202,0.9895317,0.9905577,0.9841531,0.9880108,0.98843575,0.98943543,0.98901033,0.9848823,0.9834971,0.9884127,0.9879038,0.9899821,0.98805594,0.980887,0.97914773,0.9809855,0.9896097,0.9896026,0.98063505,0.9767918,0.98706573,0.9907756,0.9879809,0.98866814,0.98840076,0.9805944,0.99050665,0.9884507,0.9900699,0.9895099,0.99009186,0.98467386,0.9880302,0.9875514,0.989489,0.98922193,0.98902786,0.989507,0.98917097,0.98579943,0.99003124,0.9856522,0.9899406,0.9878584,0.9887947,0.98705685,0.98806465,0.98891234,0.9902669,0.9880783,0.9904755,0.97488797,0.9878438,0.98258597,0.98937434,0.994276,0.9999996,0.99089223,0.9904542,0.98990744,0.98895687,0.9913403,0.98679155,0.9918176,0.98959345,0.98345584,0.98900324,0.98995954,0.9841371,0.9887081,0.99127364,0.9885485,0.9825522,0.9796434,0.988813,0.99067545,0.99008566,0.9884865,0.9781507,0.9895956,0.9855108,0.9921458,0.98781407,0.98843586,0.9904706,0.9615673,0.9903171,0.98834735,0.9869193,0.98321056,0.9900675,0.98323774,0.9881332,0.98920757,0.9906676,0.9893737,0.99000174,0.9880347,0.98827916,0.9885038,0.98500675,0.98875076,0.9858259,0.9885399,0.97929156,0.9839557,0.99055636,0.99045444,0.99048114,0.9871614,0.9905726,0.9900978,0.99042034,0.9908292,0.9905666,0.98989516,0.9909637,0.9913641,0.9849093,0.9877434,0.98830587,0.9911283,0.9864202,0.9901789,0.98994577,0.9894125,0.99119306,0.98155594,0.9872177,0.98614633,0.988166,0.98504794,0.9901157,0.9881803,0.987021,0.9854776,0.9881171,0.9659422,0.9877086,0.9886442,0.99139184,0.98219144,0.98775727,0.9890524,0.97673476,0.9887893,0.98984367,0.98966306,0.97873724,0.9872032,0.9892809,0.98910373,0.9878884,0.98786837,0.9879425,0.9860469,0.98937976,0.98396856,0.99071467,0.989308,0.9879538,0.9871135,0.98915905,0.9889601,0.98739165,0.9902588,0.98551434,0.9897492,0.96978444,0.98574746,0.9915324,0.99162984,0.9853185,0.99164003,0.98798305,0.9871987,0.9883888,0.9898386,0.9847725,0.99101305,0.9904995,0.9866609,0.9863796,0.9780815,0.9856958,0.98888665,0.98959,0.98968023,0.98961407,0.9821799,0.9909558,0.98774093,0.9883036,0.9906432,0.98898524,0.98944026,0.98849493,0.9887206,0.9859484,0.98858273,0.9897372,0.98915136,0.98667216,0.9893394,0.987716,0.97568583,0.9696294,0.98294485
ipip217,0.98991835,0.9872714,0.98845047,0.9856434,0.98853046,0.98512113,0.99262893,0.98924226,0.9929907,0.9862828,0.98878306,0.9892391,0.9883212,0.9856377,0.9836285,0.98913246,0.9905271,0.98548025,0.98985386,0.9905512,0.99089915,0.98722434,0.9909386,0.99153805,0.98693377,0.99140453,0.9883847,0.99111795,0.9876061,0.9879593,0.99025196,0.9938335,0.98899907,0.9907388,0.9902319,0.99146956,0.99151784,0.990042,0.9888986,0.9897724,0.98935735,0.9937507,0.9891231,0.9854891,0.98437035,0.99007916,0.98874754,0.98466134,0.98890245,0.98498815,0.98930466,0.9733715,0.99105936,0.9868676,0.9878248,0.9919411,0.9774794,0.9864442,0.9868184,0.99317247,0.9863319,0.9862286,0.9887427,0.98611885,0.98596656,0.9849064,0.9910391,0.9937504,0.9885847,0.9908813,0.9905531,0.9918136,0.9828434,0.9895019,0.9872885,0.9688207,0.98755497,0.9891909,0.9924474,0.9917831,0.9879597,0.99034715,0.9856673,0.9871613,0.9891715,0.9906783,0.99042296,0.9858335,0.9835424,0.98958015,0.9870185,0.9902861,0.9887544,0.98220295,0.97907096,0.98323095,0.98882145,0.9903127,0.98010314,0.9790515,0.9882611,0.98969805,0.9875534,0.9872114,0.9879079,0.98145455,0.99034303,0.98479545,0.9919502,0.99065626,0.992005,0.98304397,0.98772013,0.98951745,0.99114585,0.98831075,0.990741,0.99098265,0.9889703,0.9894324,0.9916856,0.9883893,0.9920386,0.9887163,0.9907431,0.9863716,0.99223655,0.9926319,0.990339,0.988268,0.9937535,0.97953725,0.9883269,0.98270786,0.9927609,0.99149305,0.99089223,0.99999917,0.9945184,0.98919755,0.9879678,0.9902583,0.9868533,0.9898,0.9884467,0.98323524,0.9880935,0.98909,0.99079096,0.9891299,0.99118394,0.9880722,0.98444194,0.98143154,0.9895494,0.98989016,0.9892567,0.9904337,0.97889876,0.99051386,0.9883132,0.99257207,0.9879611,0.9872149,0.99015385,0.9684295,0.99569535,0.98911613,0.98749435,0.9848532,0.99065304,0.9855348,0.9892087,0.98976225,0.99187744,0.99263316,0.99101657,0.98959714,0.9905886,0.99119025,0.9859704,0.99053967,0.987817,0.99101776,0.98401904,0.98769796,0.9927146,0.9926048,0.99249864,0.98843396,0.9912902,0.992485,0.99276584,0.99162793,0.9897778,0.99208903,0.9923841,0.9925735,0.9868954,0.99036074,0.99167275,0.99133456,0.98843277,0.9925913,0.99047446,0.9891803,0.99227273,0.9807074,0.9898111,0.9881241,0.9900051,0.9863552,0.99129367,0.99138325,0.99130505,0.9845893,0.9906689,0.9706073,0.9879869,0.9898366,0.9916848,0.9861741,0.9908419,0.9884049,0.9790351,0.99088734,0.9920638,0.9917557,0.97890055,0.9874849,0.9919209,0.98944515,0.9889628,0.9864199,0.99011195,0.98890984,0.9906133,0.98745793,0.99185413,0.98868215,0.98888266,0.98738045,0.99263704,0.99134266,0.9908591,0.99225885,0.9875294,0.99129844,0.975364,0.9894475,0.99495417,0.99481755,0.9921905,0.9960508,0.9940115,0.9900251,0.9901628,0.9913217,0.9860349,0.9887131,0.9931206,0.9888516,0.9902265,0.9843891,0.9918765,0.99255335,0.9917996,0.9894926,0.9894033,0.9822511,0.99377006,0.99368924,0.9889074,0.9949361,0.9902328,0.9908873,0.9913594,0.98919934,0.9864168,0.98886734,0.99108243,0.9928765,0.99055254,0.9906983,0.9928316,0.9771784,0.97384,0.9849347
ipip247,0.9952376,0.9852227,0.99082285,0.98405147,0.990111,0.98351824,0.9964424,0.9873415,0.99411637,0.98430145,0.9870076,0.99245733,0.9872159,0.98473,0.981974,0.9900898,0.99243647,0.9861744,0.99188066,0.9916706,0.99273854,0.9891714,0.99218094,0.9927028,0.98559177,0.9925151,0.9848656,0.99222004,0.98873764,0.98877466,0.99242526,0.99171203,0.9885576,0.99234474,0.99491966,0.9910171,0.99415827,0.9946824,0.9910331,0.9911658,0.9849289,0.9925744,0.98955035,0.9844359,0.9818065,0.99076146,0.9863232,0.98474115,0.9906895,0.9851466,0.98827815,0.96512103,0.9911911,0.9849208,0.98298216,0.98812544,0.9752393,0.98371774,0.98498625,0.99082434,0.9919588,0.9873241,0.993759,0.9869266,0.9872053,0.9841216,0.99383545,0.9927676,0.9904401,0.98583066,0.99486285,0.99187773,0.9793978,0.9885088,0.986887,0.96045244,0.98622704,0.9913794,0.9903472,0.9920567,0.9898057,0.9940185,0.9856081,0.9918235,0.9909079,0.99545354,0.9934872,0.98369646,0.98118204,0.9909808,0.9890201,0.9945668,0.99151,0.9825244,0.9770105,0.97987044,0.9936334,0.9880345,0.97849536,0.9731385,0.9888545,0.99402684,0.99071604,0.98824507,0.9910614,0.9755284,0.99342793,0.98389184,0.9923492,0.9956667,0.99777836,0.98741,0.9885733,0.9895848,0.9941307,0.9864848,0.9941839,0.9939328,0.9936613,0.9879202,0.99468464,0.9891239,0.99290437,0.9923581,0.99424446,0.98549044,0.9898388,0.9949798,0.98775315,0.9898875,0.9947512,0.9751045,0.98618317,0.9812471,0.99357337,0.9931346,0.9904542,0.9945184,0.99999887,0.99490875,0.9940969,0.992409,0.9865166,0.9921122,0.9912142,0.98079866,0.9911936,0.9908974,0.9817917,0.99126685,0.9942903,0.988923,0.9815647,0.9787732,0.995031,0.9888978,0.9882548,0.9894662,0.9774972,0.9955272,0.98375016,0.99508816,0.99061334,0.9858146,0.99543357,0.9606397,0.9951932,0.9880004,0.99064684,0.985778,0.9944043,0.9823884,0.99388564,0.99213415,0.9933122,0.99500376,0.99347246,0.9900116,0.98981684,0.99119097,0.98424757,0.9894269,0.98638916,0.9895102,0.9769532,0.987745,0.9945055,0.9946408,0.99442554,0.98621756,0.9936511,0.9950752,0.9951106,0.99352455,0.9940609,0.9962441,0.99435365,0.9956461,0.98566085,0.9869384,0.99172074,0.9950253,0.98425215,0.9948625,0.99112225,0.9879421,0.9954672,0.97458607,0.9869074,0.9842151,0.9888598,0.9898666,0.9930973,0.99086416,0.9882461,0.9833729,0.9905782,0.9610222,0.98847145,0.99234724,0.99325275,0.98612076,0.99220294,0.9887755,0.9765255,0.9940231,0.9961362,0.9928338,0.9720701,0.98493737,0.99223876,0.99234205,0.99204206,0.98958814,0.99423766,0.9881782,0.99215096,0.98720443,0.9920161,0.9859543,0.9910372,0.9879523,0.99512184,0.9886259,0.9897603,0.99279493,0.98482966,0.99471706,0.9679605,0.9881128,0.9935378,0.99378407,0.98545027,0.9942027,0.9895445,0.99133855,0.9911735,0.992263,0.98464954,0.9913248,0.9953604,0.9864393,0.9889828,0.9801682,0.9856666,0.9925919,0.98963207,0.98873395,0.9885521,0.9773885,0.9965003,0.9855006,0.9911015,0.99524546,0.9908893,0.98988295,0.9889149,0.99166083,0.9867242,0.9903768,0.98904943,0.9961215,0.98883635,0.98837245,0.9935003,0.970479,0.964486,0.9821226
ipip277,0.99453664,0.98336023,0.9896003,0.981413,0.98960286,0.9832815,0.99380434,0.9839466,0.99171245,0.98094034,0.98263085,0.99125254,0.9829978,0.9808352,0.97809017,0.9863182,0.9891388,0.9837124,0.9883523,0.9872187,0.99065363,0.9879933,0.9907117,0.9914842,0.98520607,0.98911434,0.9807005,0.9891616,0.9853382,0.9861996,0.99145365,0.9867338,0.98594254,0.9914418,0.99356914,0.98998666,0.99051183,0.9924671,0.98831743,0.9895367,0.9792727,0.9892428,0.9860371,0.9804019,0.9796665,0.98971504,0.9840213,0.98331076,0.9888755,0.9825447,0.98600674,0.9587525,0.98822725,0.9803069,0.97948664,0.9831324,0.9734635,0.9798794,0.98058873,0.98659605,0.99195015,0.9859321,0.9926181,0.9869433,0.98595583,0.9824514,0.99094236,0.9912448,0.9900553,0.9829596,0.9954246,0.99032825,0.97914433,0.98771954,0.98403794,0.9533099,0.98197836,0.98785824,0.9865237,0.98989207,0.9889696,0.992244,0.9813306,0.99170774,0.98989624,0.9936008,0.99095273,0.9780736,0.977217,0.9890809,0.987766,0.9942951,0.98916894,0.9804104,0.9737664,0.9755709,0.9956142,0.98529667,0.97486496,0.9681345,0.9853868,0.9929898,0.9890041,0.986859,0.9895656,0.97153705,0.991022,0.9841451,0.98957473,0.9942238,0.9942258,0.98752856,0.98659074,0.9857879,0.99193656,0.9849717,0.9915243,0.99258983,0.993044,0.9836022,0.99193096,0.98555666,0.9898811,0.990995,0.99219704,0.9840867,0.9842645,0.9886456,0.98592657,0.98521847,0.99300545,0.96977955,0.9831943,0.9766744,0.9914105,0.99187154,0.98990744,0.98919755,0.99490875,1.0,0.99432963,0.99096715,0.9836912,0.99324024,0.9894807,0.9772357,0.98965776,0.9909242,0.9747271,0.98869574,0.99277234,0.98628086,0.97829145,0.9754497,0.9943233,0.9879944,0.9870786,0.98842824,0.974092,0.9942329,0.9797221,0.9937763,0.9897299,0.98475736,0.9973732,0.952085,0.99252605,0.9867744,0.99128413,0.98313266,0.99434114,0.9792067,0.9931172,0.9909113,0.9917207,0.99206436,0.9918008,0.98845106,0.98625594,0.9871947,0.9798705,0.9862884,0.98329693,0.9865557,0.9714862,0.9832151,0.9913443,0.9917235,0.9912936,0.9824201,0.9911643,0.9923976,0.9922496,0.9917797,0.9928329,0.99450517,0.99285275,0.99356174,0.9822932,0.9828369,0.98839146,0.99499017,0.98173684,0.99292064,0.98937446,0.987514,0.99334145,0.97078913,0.9829806,0.97841465,0.98582834,0.9885138,0.9909842,0.98758274,0.98376465,0.98008364,0.9863644,0.95414114,0.9854782,0.9893122,0.9921974,0.9812284,0.98818666,0.98603666,0.97056454,0.9919753,0.9939423,0.9895933,0.96745175,0.9823284,0.98838425,0.9907681,0.99077094,0.98886716,0.9921423,0.9857877,0.9915139,0.9861734,0.9906588,0.9848809,0.9893998,0.986368,0.9927328,0.98642683,0.9859537,0.99036765,0.9838434,0.9949298,0.96314746,0.9871532,0.99154246,0.99209636,0.9797136,0.9915397,0.98544484,0.98883814,0.9885401,0.99135447,0.9827673,0.9916704,0.9927103,0.98220927,0.984714,0.97475743,0.9802019,0.9897905,0.9875075,0.9889514,0.9875781,0.9737744,0.99460584,0.980637,0.98959804,0.9918841,0.98931146,0.9884255,0.98697025,0.9914862,0.98476607,0.99065983,0.98788863,0.9928374,0.9862631,0.9872747,0.9885535,0.9687509,0.9588648,0.9787063
ipip12,0.995463,0.9836208,0.9910839,0.98200834,0.9895944,0.9835504,0.9942652,0.98328066,0.991796,0.9811088,0.9834482,0.9931821,0.98471475,0.9831287,0.9807063,0.9881518,0.9914838,0.98532933,0.99254143,0.9876801,0.99195015,0.9881479,0.99114877,0.9916078,0.9858891,0.99044335,0.9801885,0.9905637,0.9871571,0.9894647,0.9916656,0.9874963,0.9859546,0.99214286,0.9944824,0.9894594,0.9917214,0.9934372,0.9905302,0.9910025,0.9791252,0.9891321,0.98814744,0.9805229,0.9812691,0.99173254,0.9862179,0.9840228,0.989416,0.98525727,0.9851912,0.95778745,0.98808306,0.9793804,0.97928447,0.9820646,0.97291905,0.9799821,0.98197824,0.9874363,0.994266,0.987962,0.99505854,0.98914164,0.9880844,0.9851787,0.9924137,0.9920249,0.9908016,0.98325694,0.9954114,0.99067396,0.97806656,0.9862241,0.9870609,0.95357877,0.983426,0.9892352,0.98661166,0.99003726,0.9903303,0.99373496,0.98374844,0.9936285,0.99071026,0.99534714,0.9924956,0.98095626,0.9796406,0.99026215,0.98949903,0.9956823,0.9915667,0.9819069,0.9770518,0.97736716,0.9948855,0.9862097,0.97724813,0.96922505,0.98756677,0.9949122,0.99221367,0.9898759,0.99348825,0.972318,0.9923443,0.98420876,0.99043036,0.9950968,0.99487185,0.9882964,0.9879521,0.98741966,0.9934385,0.98548126,0.99321896,0.9936545,0.99466544,0.9848307,0.99337137,0.9860828,0.98990136,0.9921107,0.99256605,0.9844518,0.9833868,0.98869324,0.98609996,0.9860636,0.99277943,0.97255963,0.98347396,0.97974813,0.99076027,0.99064267,0.98895687,0.9879678,0.9940969,0.99432963,1.0000008,0.99324596,0.9856503,0.9913526,0.9950307,0.9782216,0.9915659,0.99107283,0.9746619,0.9902073,0.99384725,0.9883599,0.9811166,0.9783399,0.99536705,0.9895512,0.98876053,0.9865103,0.9749428,0.99475497,0.9785239,0.9935338,0.9903056,0.9852846,0.99495214,0.95203817,0.99060345,0.9878279,0.99009705,0.98388517,0.99451417,0.9799698,0.9931511,0.9919569,0.9915188,0.99178976,0.9919406,0.9876811,0.98592865,0.9879842,0.98211867,0.98603696,0.983876,0.98605615,0.9728301,0.9843742,0.9921304,0.9921753,0.9919906,0.9824676,0.9923338,0.9922378,0.9923613,0.9920961,0.99384344,0.99440104,0.9922459,0.9938037,0.9823621,0.9839635,0.9881865,0.99441826,0.9809341,0.99197036,0.9897627,0.98841393,0.99356073,0.9721473,0.98284394,0.97899026,0.98581547,0.9888758,0.9920507,0.98774326,0.98341423,0.9832889,0.98693734,0.95622665,0.98692226,0.99122304,0.99259776,0.9818823,0.98765033,0.9879084,0.9713955,0.9922786,0.9938914,0.99074036,0.9688228,0.98439145,0.9889693,0.99071985,0.99263364,0.9912839,0.9927322,0.98515326,0.99172366,0.98393816,0.99021673,0.983633,0.9897758,0.987099,0.992053,0.9872191,0.98525107,0.99011856,0.98383564,0.9944622,0.96089303,0.98460275,0.9917346,0.9920108,0.97953314,0.9919265,0.98521304,0.9888741,0.98806304,0.9918925,0.98298097,0.9924851,0.9923062,0.9824426,0.9838263,0.97306556,0.9810815,0.9878852,0.9865536,0.9882595,0.98803717,0.9734901,0.99462926,0.98092824,0.99050987,0.99112505,0.99042153,0.9883741,0.9858179,0.99226093,0.9872268,0.99053866,0.98736995,0.99202776,0.9858202,0.98700976,0.98731065,0.9684927,0.9590206,0.9791959
ipip42,0.99280727,0.989011,0.99080086,0.986098,0.98921365,0.9865986,0.9920968,0.9879495,0.9930029,0.98573136,0.9868242,0.9919159,0.9897087,0.98869646,0.98508525,0.990836,0.99283755,0.9891135,0.9933986,0.991389,0.9929906,0.98963076,0.9928902,0.99240977,0.98795474,0.9919899,0.9852123,0.9920162,0.98959166,0.990178,0.9915733,0.98980546,0.98738956,0.9916161,0.9925539,0.9898165,0.9922562,0.9909666,0.9915056,0.99044794,0.9837989,0.9904182,0.9898633,0.98477405,0.98723197,0.991155,0.98821276,0.98542124,0.9902762,0.98748344,0.98783815,0.96890515,0.9894337,0.98527616,0.9844358,0.98762953,0.9761987,0.9873423,0.9866844,0.98994213,0.99097943,0.98902184,0.9922178,0.9886028,0.9894477,0.9882434,0.9917689,0.9910361,0.99072677,0.9870417,0.99198514,0.99165285,0.98232865,0.9873055,0.989581,0.9640989,0.9863095,0.9896197,0.98883176,0.9899471,0.9946458,0.992696,0.9857849,0.9915311,0.99143624,0.9924754,0.9916999,0.9879757,0.9840495,0.9902586,0.9900148,0.99353164,0.9919382,0.9855318,0.9809453,0.98368436,0.9905901,0.9896637,0.9816864,0.97873485,0.98828256,0.9927701,0.99153465,0.98990595,0.99308497,0.98055655,0.9921495,0.98701143,0.99291927,0.9924739,0.9927525,0.98717964,0.99021405,0.98977596,0.9924237,0.9887457,0.9927725,0.9919189,0.9915494,0.9879154,0.99320465,0.98812383,0.99096876,0.99141175,0.99238443,0.987753,0.9885471,0.9913402,0.98862344,0.989648,0.9914859,0.97963566,0.9880238,0.986248,0.9899234,0.99217105,0.9913403,0.9902583,0.992409,0.99096715,0.99324596,0.99999934,0.99059534,0.9946364,0.99252105,0.987273,0.99136627,0.99051684,0.98236096,0.99122065,0.992298,0.9888704,0.98495185,0.98310494,0.99227566,0.9908882,0.99054253,0.9884174,0.9805404,0.99224854,0.98455286,0.99268717,0.98929447,0.9890347,0.99208325,0.9604046,0.990327,0.9896932,0.9887582,0.98611474,0.9910525,0.9841798,0.99029124,0.992104,0.99074197,0.99135554,0.991318,0.9885151,0.98814106,0.9892162,0.98618585,0.98855734,0.9870433,0.98875725,0.97860837,0.98671573,0.99197555,0.9918441,0.9915507,0.9863463,0.99232864,0.9918787,0.9920035,0.99145544,0.99234563,0.99221253,0.99208623,0.9915728,0.9849079,0.987489,0.98926765,0.99164736,0.9861186,0.99145484,0.99023205,0.98942584,0.99263555,0.98020446,0.98949873,0.98528737,0.988936,0.9888791,0.9907231,0.98868805,0.98711413,0.98746717,0.98925376,0.96723056,0.9897063,0.9912405,0.9914796,0.98386157,0.9903455,0.9906754,0.97693086,0.99043286,0.99181694,0.99122095,0.9780328,0.9868931,0.99007535,0.9903709,0.99101996,0.99025077,0.9917397,0.9870479,0.9910242,0.98565507,0.9905195,0.9880323,0.99034506,0.9900933,0.99137497,0.98873824,0.98869693,0.9919104,0.9866756,0.9913684,0.9703649,0.9869303,0.99180186,0.99188536,0.9850593,0.9919744,0.9885192,0.9900782,0.9906926,0.9918464,0.98728794,0.99581856,0.99187106,0.9863149,0.98790103,0.9796481,0.9861792,0.98953164,0.9896401,0.98907727,0.9909167,0.9813475,0.9923762,0.9858655,0.9895052,0.99087965,0.9905121,0.9909423,0.988884,0.9908492,0.9880068,0.9906123,0.98801696,0.99137115,0.9889702,0.98783344,0.98983395,0.9741388,0.9693607,0.9830745
ipip72,0.9876112,0.987769,0.98874724,0.9847554,0.9858993,0.98445284,0.98750854,0.9860657,0.9883507,0.9842867,0.9853529,0.986465,0.9883479,0.98866916,0.9850463,0.9878603,0.9892652,0.98634624,0.98916024,0.9894773,0.9907057,0.98635703,0.98806316,0.98751765,0.98630697,0.9888204,0.9845914,0.9903842,0.98688066,0.98775697,0.9880981,0.9884204,0.9839744,0.9867603,0.9879867,0.9862536,0.9895449,0.9865375,0.9891699,0.9856352,0.9823802,0.9896702,0.98577833,0.9832776,0.9844931,0.98684853,0.98524684,0.9854025,0.98757154,0.9860253,0.9832857,0.97088516,0.9860885,0.9845445,0.9846483,0.98552305,0.976212,0.98379624,0.98579735,0.9881943,0.98591435,0.98633975,0.9875426,0.9852329,0.9868752,0.9888458,0.98733056,0.98724264,0.98560655,0.985261,0.98468864,0.98655856,0.98207307,0.98231536,0.9887978,0.968633,0.98368543,0.98573446,0.98677635,0.98590255,0.98609805,0.98821115,0.98377705,0.98703223,0.9866527,0.9871249,0.9874204,0.990413,0.98459524,0.985613,0.98594344,0.9867831,0.98904324,0.98262024,0.98259455,0.98120713,0.9837878,0.98541963,0.9825604,0.9776845,0.98811835,0.98649335,0.98708427,0.9860497,0.98831105,0.97929716,0.9872327,0.98254573,0.9877389,0.9873256,0.98725796,0.9827301,0.9856417,0.9886279,0.9884639,0.9865908,0.9887692,0.98938006,0.98777765,0.98535794,0.98969007,0.98650765,0.98901844,0.98875827,0.98951215,0.9854061,0.9861583,0.98806405,0.98561436,0.98801225,0.986067,0.98269075,0.98433,0.987257,0.985315,0.98611814,0.98679155,0.9868533,0.9865166,0.9836912,0.9856503,0.99059534,0.9999991,0.9887507,0.9891106,0.9839051,0.9861816,0.9861263,0.9819746,0.98731506,0.986534,0.9845716,0.9845364,0.98488384,0.9863805,0.98651606,0.985824,0.98403746,0.98119515,0.9862192,0.9828547,0.98762417,0.9860552,0.9867223,0.98526645,0.9620618,0.98654354,0.98551166,0.98436075,0.98479176,0.98477566,0.9823634,0.9853104,0.9876566,0.9863229,0.9877342,0.98760635,0.98379666,0.985623,0.98593664,0.98410606,0.9878523,0.98421043,0.98681056,0.9818076,0.985108,0.987929,0.98749393,0.9874488,0.9840722,0.98713,0.9871378,0.9878559,0.9870291,0.9871946,0.9871201,0.9867358,0.9860171,0.9826302,0.9845502,0.9851384,0.98515874,0.9831381,0.9869159,0.9872279,0.9850524,0.987243,0.9812856,0.986207,0.9835381,0.9863839,0.98427874,0.9865205,0.98703367,0.9862862,0.98663104,0.98628175,0.970984,0.9895534,0.98720264,0.98603714,0.9810248,0.9878836,0.9886413,0.97725797,0.9852223,0.9864379,0.9867218,0.9782543,0.9859394,0.98589253,0.98610497,0.98888695,0.98665535,0.98708385,0.9861248,0.985988,0.98207116,0.98630553,0.985318,0.98675376,0.9876858,0.98668945,0.98572284,0.986585,0.9888002,0.9831005,0.98499894,0.9746468,0.98206073,0.9876409,0.98740536,0.9842699,0.9878506,0.9860595,0.9866887,0.98883426,0.98646694,0.9847695,0.98754394,0.98750484,0.98493814,0.9851375,0.97892785,0.98621774,0.9848191,0.9859897,0.98483115,0.98670256,0.9816664,0.986707,0.98378646,0.9856171,0.98706686,0.9858863,0.9872289,0.9854949,0.9852429,0.9877822,0.9882671,0.9848259,0.9874881,0.9850369,0.9847999,0.986787,0.9745448,0.9719454,0.98094344
ipip102,0.9927446,0.988953,0.99003404,0.9861122,0.990168,0.98596495,0.9923113,0.9897491,0.993686,0.9865499,0.9858961,0.99028885,0.9890663,0.9875183,0.9830391,0.98920095,0.9910388,0.98849386,0.99209607,0.9911389,0.9917106,0.9915353,0.9927086,0.99361706,0.9872403,0.9913955,0.98630303,0.9908316,0.9873558,0.98830825,0.99086416,0.98915935,0.9873085,0.9910066,0.99193126,0.9901768,0.990597,0.99029976,0.9897327,0.9907943,0.9839376,0.99000156,0.9890298,0.98418975,0.986299,0.9908865,0.98831934,0.9851227,0.99064475,0.9863774,0.9884625,0.9691182,0.9908572,0.9861223,0.98458844,0.9873836,0.978062,0.98394877,0.98684686,0.98829174,0.9896848,0.98852175,0.99114424,0.98863906,0.9879755,0.986332,0.9911638,0.9904685,0.9900641,0.98712534,0.99121124,0.99054885,0.9829203,0.9873308,0.9876498,0.96225166,0.9843788,0.9880657,0.9882518,0.99007577,0.99053735,0.9915038,0.98431015,0.9895474,0.9903676,0.99101615,0.98994243,0.9853298,0.98238677,0.9900709,0.9877052,0.9918113,0.9906724,0.9843305,0.9792625,0.98278916,0.9914333,0.98960054,0.979276,0.97634345,0.9862832,0.9913975,0.98859626,0.98775303,0.9913762,0.978789,0.9906864,0.9878233,0.9913663,0.9919286,0.9921932,0.9871027,0.98917574,0.9877803,0.9917334,0.98914367,0.99102885,0.99058753,0.9905952,0.9867459,0.99217665,0.9869834,0.9902215,0.9904737,0.9916355,0.9860882,0.9880912,0.9907069,0.988371,0.9882445,0.9910348,0.9762271,0.98747873,0.9847053,0.9898078,0.9919817,0.9918176,0.9898,0.9921122,0.99324024,0.9913526,0.9946364,0.9887507,0.9999994,0.99039245,0.98449725,0.98884004,0.98966014,0.9820085,0.99025583,0.99092996,0.98772955,0.9828763,0.98048615,0.99094373,0.98929363,0.9892319,0.9883113,0.97862583,0.9911192,0.9843313,0.9925203,0.9878488,0.98836225,0.9943605,0.9578491,0.99026126,0.9878798,0.9890023,0.9841619,0.99072754,0.9831146,0.9894221,0.99156,0.9906175,0.990648,0.9913327,0.9898876,0.9883652,0.98805004,0.9839258,0.9883449,0.9846173,0.98897433,0.97689164,0.9863024,0.99080414,0.99106175,0.9907091,0.985551,0.9906237,0.9910554,0.9909927,0.9908497,0.99076295,0.9915532,0.9915232,0.99159443,0.98448634,0.9874428,0.9892833,0.9916225,0.98666465,0.99103343,0.9894906,0.98914754,0.99258566,0.9791233,0.9892982,0.98551536,0.9873597,0.98794174,0.98984426,0.98895353,0.98690957,0.98490596,0.98770905,0.96346515,0.9882569,0.98915637,0.9912681,0.9829128,0.99024975,0.9900849,0.9752954,0.98962426,0.9910721,0.9910593,0.97674656,0.9855334,0.9898427,0.9901311,0.9903078,0.98858345,0.9919418,0.9867683,0.9910754,0.9862727,0.99033034,0.9881048,0.99083793,0.9895915,0.99059963,0.98753357,0.9878068,0.99155796,0.98866856,0.99099445,0.9719899,0.98771715,0.9910102,0.9910633,0.9840019,0.99103117,0.9879208,0.99016917,0.9906408,0.9930011,0.9873828,0.99284333,0.99147195,0.9868261,0.98788553,0.97987735,0.98515457,0.9900836,0.9901377,0.99072504,0.9905727,0.9805033,0.99239284,0.98548967,0.99010104,0.99126315,0.99027044,0.9913209,0.98973477,0.9905491,0.98646444,0.9906148,0.9891169,0.991683,0.9892249,0.98864883,0.9895305,0.97542197,0.9696072,0.98400027
ipip132,0.99202,0.9856191,0.9910042,0.98384607,0.9885748,0.98543733,0.9918431,0.98595357,0.9909955,0.9838943,0.98510754,0.9924838,0.9880264,0.9872475,0.98637044,0.9898435,0.9923499,0.98696035,0.99360067,0.98967487,0.9922569,0.9886944,0.9896244,0.99029785,0.98634243,0.9908154,0.98419297,0.9918922,0.98940486,0.9910355,0.9902052,0.9890925,0.9857563,0.99083626,0.9912513,0.9887285,0.9912464,0.9907248,0.991447,0.9903811,0.9832257,0.989382,0.987954,0.9822551,0.98408,0.99047965,0.98723966,0.9853216,0.9887933,0.98925966,0.98525393,0.9654226,0.9881892,0.98290735,0.98235923,0.98491454,0.97625244,0.9835439,0.98498577,0.9890675,0.99141014,0.9881245,0.993031,0.9892024,0.9878469,0.98923117,0.99156547,0.9909786,0.98870534,0.98698866,0.9912264,0.99016505,0.98290014,0.98724383,0.9899659,0.9632231,0.98647326,0.98999536,0.98808295,0.98979497,0.99018216,0.99277234,0.98579633,0.99124676,0.99061894,0.9935701,0.99219984,0.9858194,0.98385316,0.9899245,0.9898966,0.99157083,0.9921215,0.9847016,0.98036903,0.9816696,0.9908647,0.98641616,0.9803628,0.9759472,0.98973083,0.9918197,0.99183637,0.9904099,0.99333394,0.97758937,0.99125177,0.98352534,0.9904138,0.9924064,0.99207747,0.9872894,0.9891476,0.9897902,0.9923945,0.9874696,0.9926486,0.99245006,0.99234575,0.9858979,0.99219084,0.98765033,0.99045795,0.99063885,0.9908851,0.9856336,0.9856171,0.9902296,0.9862116,0.9888235,0.9902498,0.97703904,0.9855915,0.9845043,0.9889958,0.98972994,0.98959345,0.9884467,0.9912142,0.9894807,0.9950307,0.99252105,0.9891106,0.99039245,0.9999994,0.98261905,0.99132997,0.9890944,0.9800203,0.99100125,0.9905402,0.9878387,0.9830683,0.98359424,0.99222505,0.9900002,0.98930466,0.98642784,0.9808219,0.99181354,0.9825432,0.9918226,0.98993504,0.98546994,0.9911076,0.9583338,0.98984057,0.988026,0.9883523,0.98543173,0.99076974,0.9839846,0.98942286,0.99046385,0.98895085,0.98948425,0.9912129,0.98828256,0.98731816,0.988362,0.98604584,0.98802215,0.9857641,0.98782134,0.9795835,0.9866083,0.9910758,0.9910894,0.99083835,0.98398626,0.99187046,0.9904139,0.99061215,0.98988646,0.992886,0.9906007,0.9901619,0.9911128,0.9829364,0.9861797,0.9878138,0.99086744,0.9841461,0.99013627,0.990043,0.98791015,0.9907512,0.97781616,0.9856335,0.9833305,0.98757935,0.98745507,0.9894617,0.9889367,0.9859109,0.98662233,0.9875139,0.9645663,0.9890995,0.99071753,0.99030393,0.98282087,0.98918664,0.9920084,0.97512734,0.9894007,0.9909419,0.99126995,0.9759622,0.9857473,0.9896044,0.99060977,0.9915659,0.99070174,0.9909663,0.98716694,0.9896427,0.98497903,0.98886156,0.9858169,0.9897979,0.98886937,0.98949885,0.9876954,0.98711556,0.99054873,0.98535943,0.99014944,0.9682899,0.9855798,0.99064934,0.99017626,0.9831688,0.99075025,0.9868536,0.9895937,0.9887309,0.9896003,0.9858481,0.9912017,0.990537,0.9853029,0.9860302,0.97817194,0.9850325,0.9877894,0.98706836,0.9866304,0.98842484,0.9800044,0.9922674,0.9849861,0.99007,0.9904101,0.9902949,0.98857284,0.9863761,0.9893507,0.98892385,0.98992133,0.9869951,0.9899879,0.9865853,0.9863528,0.9880636,0.9731108,0.9673249,0.9817932
ipip162,0.98034716,0.9850726,0.9818305,0.9798408,0.9803087,0.98109514,0.9800538,0.98424333,0.98451877,0.98023015,0.9809752,0.9818001,0.9848587,0.98510206,0.9804249,0.9839697,0.98297274,0.98253477,0.9845958,0.98625624,0.98383623,0.9849418,0.98233056,0.9824207,0.98016214,0.9849318,0.98311394,0.9822279,0.98373413,0.9843819,0.9811332,0.98225206,0.98011595,0.98057705,0.9792106,0.98100895,0.9818725,0.9766962,0.982371,0.9821433,0.98296714,0.9820179,0.98069626,0.98168933,0.98130405,0.9813621,0.98082674,0.97791225,0.9811484,0.98315936,0.98117703,0.9735495,0.98301715,0.98257667,0.98053026,0.98280275,0.97639275,0.9816869,0.98464346,0.98292613,0.9767493,0.98013186,0.97907066,0.9807731,0.9782029,0.98130447,0.9815729,0.9786132,0.9795278,0.9814154,0.97763205,0.98094773,0.9793293,0.98028606,0.9833943,0.9687324,0.9829683,0.9827085,0.98247325,0.98108584,0.98283106,0.9820495,0.9803174,0.9785596,0.9831379,0.9794667,0.98176396,0.9861178,0.97987807,0.98043776,0.98310554,0.97905505,0.9825525,0.98054314,0.977464,0.98262405,0.9767827,0.98248535,0.9788104,0.97799003,0.9812451,0.9805494,0.9818014,0.98224515,0.9827464,0.9787292,0.98219407,0.98063123,0.9829995,0.9815459,0.9800042,0.9781303,0.98481095,0.9842851,0.98187065,0.9819686,0.983505,0.97895336,0.9793938,0.9829155,0.98193747,0.98403263,0.9817155,0.97989726,0.98245376,0.9804755,0.98232055,0.9841658,0.97990125,0.9858002,0.9805829,0.9754081,0.9826956,0.98265296,0.97988683,0.98348194,0.98345584,0.98323524,0.98079866,0.9772357,0.9782216,0.987273,0.9839051,0.98449725,0.98261905,1.0000006,0.98205036,0.97961044,0.98208195,0.9848546,0.9800691,0.98133856,0.978632,0.9790619,0.9789323,0.9822131,0.98288965,0.98163587,0.9836495,0.9793494,0.9825666,0.9811503,0.9779701,0.9808146,0.97879,0.9624068,0.9810668,0.9792112,0.97828007,0.98001164,0.9772631,0.98225915,0.97745603,0.98167527,0.97985107,0.9807719,0.9806841,0.98296094,0.9806395,0.97942346,0.9815048,0.98216873,0.9815763,0.9829848,0.9793001,0.9805383,0.9807572,0.9803988,0.980344,0.97996944,0.98163235,0.98063916,0.98122233,0.98023593,0.9814148,0.9794425,0.98041296,0.9788936,0.97975117,0.9814187,0.97998387,0.97785324,0.98196334,0.98082244,0.9806882,0.98115027,0.98071414,0.97887444,0.9835223,0.9841172,0.9821013,0.979013,0.97896934,0.981361,0.98172796,0.98258114,0.98035747,0.96671975,0.9815553,0.9811223,0.9796793,0.97792625,0.9825649,0.98267716,0.974121,0.97904825,0.97915334,0.9825789,0.97498196,0.97975874,0.9816088,0.9822467,0.9785123,0.9789652,0.9810678,0.98173106,0.9793813,0.97966695,0.98188496,0.98264015,0.98124117,0.98230666,0.9814255,0.9798741,0.98360515,0.9809383,0.9805428,0.97650343,0.97326994,0.98025537,0.97979826,0.97992235,0.9805294,0.98052824,0.9823874,0.9804619,0.9828062,0.9806729,0.981064,0.9811709,0.9810109,0.9814165,0.98232245,0.9774413,0.98254675,0.98282516,0.98201936,0.97739214,0.9823742,0.98119074,0.97993916,0.98158896,0.9796918,0.9814326,0.98154616,0.980331,0.9813248,0.9779172,0.9791374,0.9787756,0.97887224,0.9799691,0.97927773,0.97904456,0.98292214,0.9736179,0.9728221,0.9788397
ipip192,0.9904221,0.98515254,0.988528,0.98287076,0.987397,0.98414665,0.9899346,0.9853415,0.9904151,0.9819552,0.98394334,0.9930235,0.9864108,0.985477,0.98364055,0.9876518,0.9909776,0.9858645,0.9905596,0.9873068,0.9908821,0.9873961,0.9886093,0.98981225,0.9870244,0.99036473,0.9829246,0.9903126,0.9888815,0.98847234,0.9894095,0.9872305,0.9853243,0.9906119,0.9899686,0.9872221,0.9889996,0.9882951,0.99065304,0.9906973,0.9823983,0.9880146,0.9879957,0.9845745,0.98311687,0.9892601,0.9873429,0.9835573,0.988303,0.9869674,0.9852624,0.96495813,0.98596394,0.9819636,0.98146564,0.98533887,0.97642654,0.9844835,0.98319656,0.9878979,0.9889814,0.9874553,0.99063677,0.98792404,0.98700106,0.9857167,0.9899258,0.9894385,0.98935646,0.98542845,0.9896683,0.9899407,0.981137,0.9851743,0.9888811,0.96728396,0.98882204,0.9918294,0.9874721,0.98889494,0.98974895,0.9952711,0.98507184,0.98981166,0.99057007,0.99168557,0.99112606,0.9843709,0.98205847,0.98925453,0.98921865,0.99076015,0.98977137,0.9837469,0.9801564,0.98089474,0.98865634,0.9861414,0.9802954,0.9769171,0.9879363,0.9922067,0.98980856,0.9890153,0.99153244,0.977999,0.990802,0.983533,0.989586,0.9910299,0.991682,0.985936,0.99015254,0.9881569,0.99040943,0.98642737,0.9909905,0.99023336,0.99018955,0.98755974,0.9908782,0.9876906,0.98970026,0.98932815,0.9899631,0.98563415,0.98677725,0.98978996,0.9864284,0.99265814,0.98870724,0.9772442,0.98568094,0.9834211,0.9873887,0.9899456,0.98900324,0.9880935,0.9911936,0.98965776,0.9915659,0.99136627,0.9861816,0.98884004,0.99132997,0.98205036,1.0000002,0.9896631,0.97993165,0.9920696,0.9918611,0.99086386,0.985785,0.98170996,0.99071765,0.98891145,0.9884778,0.9869715,0.97944057,0.99074334,0.98246485,0.99049693,0.98683023,0.98359305,0.98929983,0.95753074,0.98869354,0.98825574,0.9876606,0.98385936,0.98886377,0.9838081,0.9884301,0.990084,0.98893577,0.9900448,0.98996747,0.98768574,0.9859097,0.987721,0.9865751,0.987321,0.9860062,0.9872073,0.9780973,0.9846408,0.9900809,0.9902339,0.9902392,0.98704326,0.99101025,0.9907351,0.9907314,0.989721,0.9960071,0.9914132,0.9912529,0.9893895,0.98640704,0.9866386,0.98786575,0.98984766,0.98385125,0.9912615,0.989195,0.9867723,0.99081874,0.977142,0.985202,0.9822523,0.9880659,0.98713017,0.9889453,0.98829335,0.984812,0.98437476,0.9877407,0.96580166,0.9887128,0.9907912,0.9895579,0.9838513,0.9873825,0.988371,0.97639686,0.9901223,0.9902734,0.98935527,0.97461236,0.9851535,0.9884657,0.9904736,0.9887499,0.98809594,0.98991233,0.98650414,0.9899178,0.9835284,0.98832864,0.98672086,0.9896287,0.9883606,0.9902471,0.9877781,0.9885753,0.9891992,0.9853599,0.9891604,0.96743006,0.9851804,0.98947924,0.9896806,0.9824909,0.98960274,0.9858302,0.98863566,0.98805857,0.9887007,0.9839045,0.98953396,0.9909098,0.9845272,0.9866977,0.97835827,0.98328966,0.9872581,0.987117,0.9867742,0.98795205,0.9806252,0.99026865,0.9830382,0.9892824,0.98889244,0.9894318,0.98677844,0.9857333,0.99001443,0.986969,0.9883453,0.9858553,0.9896887,0.9855444,0.9856165,0.9879163,0.9721201,0.9656667,0.9800643
ipip222,0.99100006,0.9856035,0.98928785,0.9828772,0.9876698,0.98501784,0.9913952,0.9843937,0.9912647,0.98258734,0.9835911,0.989952,0.9847795,0.9826983,0.98142755,0.98676765,0.9885756,0.9846953,0.9889125,0.98590595,0.9897933,0.9858475,0.99017453,0.9908669,0.98956853,0.9890465,0.98429066,0.9894607,0.9858709,0.9883863,0.9916761,0.98785526,0.9875565,0.99226314,0.9907287,0.9881914,0.9887716,0.98938584,0.987889,0.98948437,0.98149693,0.9905185,0.9889149,0.98428065,0.9831682,0.9899813,0.98888046,0.98592293,0.9877502,0.9833822,0.9855855,0.965816,0.9862217,0.9818624,0.9838772,0.9852098,0.9727529,0.9825486,0.98218393,0.9886864,0.9890054,0.9872148,0.99042267,0.9878616,0.9881144,0.98561853,0.99009466,0.9921452,0.9987069,0.98638034,0.99064577,0.98927784,0.98159385,0.98438615,0.98615074,0.9604258,0.98573107,0.9888897,0.9886395,0.9902837,0.98860484,0.99115205,0.98273575,0.98997533,0.9879586,0.99069464,0.98997104,0.98225343,0.9819114,0.98914343,0.9856038,0.9915645,0.9876434,0.9814979,0.97960395,0.97863907,0.9901551,0.98976576,0.9804195,0.97810644,0.9859546,0.99138653,0.9883854,0.9878989,0.9890018,0.9797498,0.99087244,0.98582876,0.9916581,0.9910474,0.99108535,0.98589915,0.9868416,0.9868946,0.99056333,0.9854983,0.98951894,0.9907129,0.99046105,0.9858827,0.9908538,0.985161,0.9900054,0.9894161,0.9892602,0.9881257,0.98669,0.9882005,0.9895793,0.9863389,0.9904428,0.976394,0.9840642,0.9807498,0.9878286,0.9903756,0.98995954,0.98909,0.9908974,0.9909242,0.99107283,0.99051684,0.9861263,0.98966014,0.9890944,0.97961044,0.9896631,0.9999999,0.9799395,0.9897105,0.991877,0.9878517,0.9840265,0.9801961,0.99066246,0.98878795,0.98812276,0.98709357,0.9766835,0.99163496,0.9805115,0.9905116,0.9869058,0.98613465,0.99066216,0.95438063,0.9899223,0.9917722,0.98907894,0.9824734,0.99083006,0.98131657,0.98930204,0.9904616,0.9920995,0.9921709,0.9910141,0.9878546,0.98841375,0.9876773,0.98346186,0.9892671,0.986691,0.9881753,0.9785644,0.9843896,0.990544,0.99091303,0.99071723,0.98646677,0.9907672,0.9926974,0.99274623,0.99205756,0.9912182,0.99326766,0.99200875,0.99160945,0.9857741,0.98908097,0.9893506,0.9923266,0.9854364,0.9928355,0.9897722,0.9890124,0.9919775,0.9781882,0.98730993,0.9821699,0.987318,0.98838,0.99122745,0.9878419,0.98691124,0.9831136,0.98778856,0.9656295,0.988034,0.98777544,0.9905086,0.9833506,0.98738164,0.9872013,0.9751557,0.9893742,0.9910954,0.9891197,0.97602594,0.9866206,0.98855656,0.9888238,0.99005324,0.9889022,0.98933387,0.9859935,0.99204844,0.9826904,0.98938656,0.985645,0.988129,0.98765415,0.991655,0.9917664,0.9885602,0.9922436,0.983855,0.9911682,0.9678493,0.9845526,0.99198496,0.99254656,0.9830886,0.9917834,0.9864325,0.9883716,0.98819906,0.99012244,0.9834683,0.9903673,0.9933298,0.9863245,0.9873247,0.980895,0.9842757,0.9879209,0.98738426,0.98978674,0.988551,0.9785446,0.99197966,0.98501533,0.98934615,0.99103,0.9897885,0.98841554,0.9872105,0.9926918,0.98879313,0.9895178,0.98936546,0.9905469,0.98875064,0.9890684,0.9883338,0.9732841,0.9644088,0.9784557
ipip252,0.97646457,0.98211265,0.9784246,0.97982717,0.9790822,0.97819656,0.9805019,0.9841044,0.9849601,0.9808404,0.98420554,0.980189,0.98531836,0.9817319,0.9809204,0.9829614,0.9817877,0.98226875,0.9831591,0.9832082,0.9830219,0.9793512,0.9829429,0.98276293,0.9794528,0.98510957,0.98709476,0.98368055,0.98278344,0.9834812,0.98114884,0.98777384,0.9847764,0.98112375,0.97716355,0.9823244,0.98188096,0.9769561,0.9809913,0.98169976,0.99017626,0.9887239,0.982802,0.98535967,0.98140734,0.9834932,0.98429203,0.9767665,0.9824802,0.98374677,0.9834546,0.9773723,0.98350304,0.98246056,0.9853901,0.9887394,0.97546965,0.98668253,0.983679,0.98675364,0.9726584,0.98006696,0.9762664,0.97894484,0.97769153,0.98008525,0.9811088,0.983793,0.9796973,0.9862348,0.97579706,0.984675,0.97863954,0.9802631,0.9813181,0.9737162,0.9821811,0.9808378,0.98700434,0.9844881,0.9797536,0.9807173,0.98025906,0.9756698,0.9819594,0.9781071,0.9804376,0.983728,0.98011494,0.98099846,0.979142,0.97774184,0.9795469,0.97696966,0.9767317,0.98225486,0.9740206,0.9865644,0.9776514,0.98133844,0.98035234,0.97790223,0.9771757,0.97965217,0.9795457,0.982875,0.98049194,0.97783774,0.9830403,0.9778238,0.9802237,0.97472006,0.9824144,0.98410434,0.98078114,0.9850762,0.98068565,0.97928214,0.9780569,0.98288506,0.9818399,0.9829,0.983516,0.9788384,0.9808731,0.9819772,0.9871495,0.98563516,0.9854917,0.9833401,0.98070514,0.9774387,0.98304033,0.9800038,0.980964,0.9842241,0.9841371,0.99079096,0.9817917,0.9747271,0.9746619,0.98236096,0.9819746,0.9820085,0.9800203,0.98208195,0.97993165,0.9799395,1.0000008,0.983637,0.97950685,0.98090035,0.9802383,0.977403,0.9766088,0.98516756,0.985117,0.9830798,0.9768918,0.97792304,0.9846872,0.9822517,0.97792083,0.9800935,0.9767471,0.968757,0.9853404,0.98015964,0.97727114,0.97985166,0.9769582,0.98404425,0.9766966,0.9811897,0.98261195,0.9832858,0.98138285,0.98198956,0.98353064,0.9834517,0.9828138,0.9864121,0.9816715,0.9864957,0.98383534,0.9818715,0.98277646,0.98271376,0.98259413,0.9831942,0.9824196,0.9828025,0.98348475,0.982761,0.98039347,0.98062646,0.9822516,0.9814218,0.98186165,0.98685175,0.98158765,0.9780403,0.9851416,0.9833029,0.98336023,0.9828759,0.9813239,0.981008,0.98676944,0.99369425,0.9837296,0.97704107,0.98247313,0.98391604,0.9872003,0.98280466,0.98299533,0.97429657,0.9813275,0.9798512,0.98130655,0.98095447,0.98354614,0.9824804,0.9774717,0.98000425,0.97944975,0.9825498,0.98113066,0.9830908,0.98377335,0.98124826,0.97715944,0.97722775,0.97926635,0.9820101,0.9802487,0.9796921,0.9835794,0.9862948,0.9814211,0.9826452,0.98238665,0.98541945,0.9870927,0.9837744,0.98272705,0.97722423,0.97789055,0.9823513,0.9863759,0.98563826,0.9901829,0.98636776,0.9888669,0.98198766,0.9819725,0.98188716,0.98331267,0.9805249,0.983409,0.9867106,0.9866154,0.9822229,0.9888162,0.9839651,0.9853219,0.98057806,0.98337275,0.9831439,0.98121965,0.9910906,0.9793113,0.98468256,0.98216563,0.9831315,0.98482746,0.97751266,0.9788462,0.98041624,0.9846175,0.98258567,0.9833765,0.98410285,0.9855589,0.9753193,0.9774624,0.97966427
ipip282,0.9901566,0.98699766,0.98889786,0.98444366,0.9887322,0.98391336,0.99112254,0.9891234,0.99223226,0.98429114,0.9863797,0.9919106,0.9877189,0.9864789,0.9829954,0.98880106,0.99106383,0.98791987,0.9911548,0.99055696,0.99116564,0.9885626,0.9882674,0.9901871,0.98659015,0.9918772,0.9872529,0.99103594,0.99065024,0.9894324,0.98895156,0.9894108,0.988149,0.99132544,0.99046224,0.9874688,0.99070597,0.9890838,0.9907719,0.9935788,0.98454434,0.99063706,0.98833233,0.9867896,0.98445535,0.9907794,0.9891157,0.9847282,0.99042225,0.9872907,0.98736364,0.9697511,0.989135,0.98553634,0.983069,0.9880374,0.97805715,0.98611325,0.9859732,0.98915505,0.9874858,0.9870569,0.98960537,0.9891138,0.987038,0.9846338,0.99131346,0.9892598,0.9893134,0.9866893,0.9878308,0.9882862,0.9797706,0.98476064,0.9879631,0.9671413,0.9868641,0.99019444,0.98818415,0.98917353,0.9884831,0.99317974,0.9861825,0.98953056,0.99150777,0.99122894,0.9921366,0.9857495,0.9839831,0.99049085,0.9878278,0.99031836,0.98993486,0.9850847,0.9801854,0.98373747,0.98827195,0.9877471,0.9800656,0.978857,0.98714185,0.9903228,0.9882515,0.98698395,0.991942,0.97901314,0.9913747,0.9830685,0.9897952,0.9922053,0.9917335,0.98853064,0.9912543,0.98978114,0.9921768,0.98666096,0.9910348,0.9898368,0.99089915,0.9873187,0.9907775,0.98852485,0.9898656,0.9891641,0.99063534,0.9856974,0.9880868,0.99086833,0.98653966,0.9910755,0.98856527,0.976693,0.98485637,0.9834146,0.98805356,0.9900341,0.9887081,0.9891299,0.99126685,0.98869574,0.9902073,0.99122065,0.98731506,0.99025583,0.99100125,0.9848546,0.9920696,0.9897105,0.983637,1.0,0.989591,0.98698866,0.98304695,0.98006696,0.9903657,0.98803365,0.98810303,0.9862234,0.98120236,0.99104387,0.98276776,0.9905107,0.98773867,0.98482215,0.9892579,0.9612319,0.99007696,0.98732483,0.98847365,0.9863712,0.9881692,0.9845789,0.9893192,0.99007154,0.9890335,0.99056053,0.990101,0.9889129,0.98797995,0.98839635,0.98703563,0.9881867,0.9862448,0.9884552,0.97942406,0.9850899,0.9909063,0.9906121,0.99077934,0.9856831,0.9927113,0.9906069,0.99131936,0.9896028,0.99340224,0.9911867,0.9906214,0.9909687,0.9857575,0.9894257,0.98937625,0.98998964,0.98623055,0.9912708,0.98992366,0.98790807,0.9905414,0.9798236,0.9868904,0.98672247,0.9880625,0.9893101,0.98965234,0.98810345,0.98647165,0.9869307,0.98753965,0.9667896,0.98906505,0.9893842,0.98835576,0.98531073,0.9897041,0.9898867,0.97707516,0.98940474,0.99047405,0.990199,0.9772325,0.98726326,0.99040294,0.9914716,0.988494,0.9873222,0.99100393,0.987612,0.9897568,0.9850849,0.98828655,0.9864149,0.9906693,0.98925245,0.9902561,0.98811746,0.98929644,0.9901077,0.9858353,0.98780656,0.9703126,0.9849018,0.98983425,0.98998696,0.98418474,0.9899132,0.98776746,0.99069655,0.9902007,0.9892402,0.98644316,0.9896484,0.99137026,0.9875057,0.9895466,0.9823047,0.9857192,0.98777014,0.9857101,0.98573834,0.9866099,0.98081976,0.99094236,0.984942,0.9876887,0.9901034,0.9891543,0.98684186,0.98662573,0.98934335,0.98655653,0.9879889,0.9872521,0.9910461,0.9879205,0.9872294,0.9896791,0.97529995,0.969289,0.98287684
ipip17,0.9935966,0.9858691,0.98977387,0.98527503,0.9895737,0.98567766,0.9935526,0.9850903,0.9941499,0.9853155,0.9864786,0.991654,0.98618865,0.9847305,0.98215455,0.98859674,0.9908533,0.98594433,0.9910613,0.9884688,0.9920317,0.9881199,0.99251044,0.9942531,0.9877318,0.9909958,0.9852408,0.9916797,0.9876761,0.98843926,0.9944527,0.98986095,0.98760825,0.9933624,0.99274373,0.99039257,0.9918596,0.99194676,0.98995453,0.9902025,0.9837887,0.9908062,0.99067056,0.98336494,0.9851282,0.9909424,0.98840016,0.9855413,0.9899243,0.98532027,0.9869147,0.9661433,0.98853153,0.98311174,0.984946,0.98612076,0.97430116,0.98300904,0.98298335,0.9901997,0.9921244,0.9888164,0.9934745,0.98981476,0.9883058,0.9857026,0.99227554,0.9925003,0.99140155,0.9851311,0.9935994,0.9919757,0.98170936,0.9876574,0.988065,0.9613662,0.98622155,0.9900409,0.99129194,0.9932004,0.9897252,0.99402195,0.98622644,0.9910094,0.990418,0.99365443,0.99246806,0.9837911,0.9817376,0.9897572,0.9885546,0.9952965,0.9907322,0.983527,0.9793978,0.98059005,0.99236685,0.99130625,0.9800952,0.97392553,0.98880726,0.9977301,0.99178195,0.9905154,0.9916798,0.97833997,0.9935345,0.9852354,0.9929866,0.99330896,0.9943749,0.9862312,0.9881936,0.98859215,0.9929343,0.98737437,0.9931016,0.993375,0.992663,0.98914355,0.9937424,0.98760265,0.99206525,0.9912948,0.99196994,0.9878991,0.99033386,0.99027175,0.99114907,0.9884041,0.99319196,0.976838,0.986343,0.98208696,0.9912848,0.99244255,0.99127364,0.99118394,0.9942903,0.99277234,0.99384725,0.992298,0.986534,0.99092996,0.9905402,0.9800691,0.9918611,0.991877,0.97950685,0.989591,0.9999991,0.9955555,0.9849823,0.98174095,0.9938194,0.98962575,0.98964673,0.9887015,0.97745407,0.9943014,0.98296,0.99400204,0.98959196,0.98759466,0.9929373,0.9568285,0.99242,0.99126685,0.98896724,0.9848093,0.99380875,0.9824726,0.9919473,0.99352574,0.9949917,0.99312,0.9929694,0.9887626,0.9906257,0.9914054,0.98680073,0.9914586,0.98940516,0.9914243,0.9777358,0.98626876,0.9943115,0.9941727,0.9940846,0.991543,0.9932357,0.9944707,0.99459195,0.99534476,0.9938286,0.99511826,0.9957743,0.99384737,0.9890245,0.98782206,0.9917535,0.9948209,0.9864053,0.9945495,0.9915404,0.9918169,0.9960176,0.9788294,0.987264,0.9835888,0.98916495,0.98901206,0.9942928,0.9915587,0.9887092,0.985589,0.99142045,0.96419394,0.9891258,0.9915371,0.993436,0.9843221,0.989446,0.99038833,0.97671574,0.9926332,0.994372,0.9934823,0.9764839,0.98663694,0.99228454,0.9915928,0.9922343,0.9899977,0.99226445,0.98931533,0.9928223,0.9846374,0.9920896,0.98697186,0.9902932,0.98899037,0.9935082,0.98997855,0.98971903,0.9922057,0.98568946,0.99393326,0.9672337,0.98738885,0.9932825,0.993597,0.98460555,0.9935792,0.98848677,0.99120355,0.99018574,0.9941124,0.98526496,0.99212056,0.9946289,0.9882802,0.9885602,0.9794606,0.98479104,0.99003935,0.9895872,0.99186677,0.98994213,0.97774106,0.9943422,0.9848502,0.9932639,0.9924763,0.9917953,0.99035895,0.98909,0.9927516,0.9884482,0.990923,0.9908979,0.99239945,0.9889451,0.99014086,0.98946404,0.9730352,0.96489304,0.98179525
ipip47,0.9869708,0.98345834,0.98506105,0.982726,0.98517835,0.9832566,0.98705554,0.9822747,0.9905705,0.9827696,0.98514193,0.9885346,0.98522943,0.98421484,0.9829305,0.9855697,0.98787487,0.98398566,0.98836756,0.9848682,0.98849005,0.985132,0.988583,0.99032664,0.9862139,0.98865634,0.9846659,0.98780376,0.98699456,0.98679316,0.9904213,0.9873525,0.9845297,0.9902224,0.9857558,0.98761916,0.98701733,0.984579,0.987164,0.98746675,0.9849483,0.986973,0.988467,0.9828762,0.98377097,0.9866958,0.98721534,0.98257214,0.9859778,0.98560095,0.9842155,0.9682861,0.98487145,0.9816193,0.98333377,0.9844408,0.9749152,0.9829707,0.98213273,0.9872653,0.9857494,0.9870367,0.98841274,0.98787725,0.98562896,0.9847725,0.987236,0.9869664,0.9873223,0.98308945,0.98697066,0.98893267,0.98103714,0.98458064,0.9879313,0.9660883,0.98626554,0.9884074,0.98862964,0.98973346,0.9863704,0.99037504,0.98618495,0.98566633,0.9881427,0.98743254,0.9876884,0.98352545,0.9815375,0.98524696,0.98802686,0.98914826,0.98822135,0.98420167,0.9800554,0.98058105,0.98517156,0.9893706,0.9805583,0.97528857,0.98716444,0.9939449,0.98846567,0.9891019,0.9893728,0.98021495,0.9883741,0.9834415,0.9893757,0.98703325,0.988287,0.9833174,0.9874211,0.987091,0.9884743,0.98874784,0.9895371,0.9885546,0.9878001,0.9890339,0.9890652,0.9855828,0.9886028,0.98723006,0.9874446,0.986921,0.9886716,0.98755336,0.98863035,0.98811585,0.9877947,0.97944355,0.98659873,0.9824234,0.9860452,0.989082,0.9885485,0.9880722,0.988923,0.98628086,0.9883599,0.9888704,0.9845716,0.98772955,0.9878387,0.98133856,0.99086386,0.9878517,0.98090035,0.98698866,0.9955555,1.0000001,0.9867392,0.98345786,0.9880258,0.98852515,0.9895142,0.98682666,0.97878295,0.9882952,0.98420876,0.98921496,0.98539644,0.98571396,0.98661155,0.9605912,0.9873829,0.98887503,0.98350143,0.9828724,0.98728174,0.983578,0.98537433,0.98949575,0.99071234,0.9881026,0.98798734,0.98590034,0.98718923,0.9883376,0.9867961,0.98973227,0.98865694,0.98980016,0.9778684,0.98481685,0.9895696,0.9894355,0.98944575,0.99285924,0.98912716,0.9899045,0.9901092,0.99123824,0.9903964,0.98899674,0.99148417,0.98709434,0.9900113,0.9865633,0.9887854,0.9882369,0.9854948,0.99000126,0.9876316,0.9887461,0.99129224,0.97973603,0.9859553,0.9836438,0.98677397,0.98564124,0.9895405,0.9891345,0.987106,0.98600537,0.98831534,0.96670717,0.98661846,0.99035245,0.9892008,0.9828879,0.9861618,0.98936504,0.977588,0.988006,0.98816663,0.99006826,0.97842354,0.98516047,0.98889697,0.98882544,0.9870197,0.98583,0.9877655,0.98773164,0.98934793,0.98269403,0.9891319,0.9873661,0.9876491,0.98731774,0.9888756,0.9881488,0.9888926,0.98800385,0.98466533,0.98758125,0.9680505,0.9852151,0.98904276,0.98907775,0.9849284,0.9896048,0.9866552,0.98800987,0.9864955,0.99072874,0.98371214,0.987415,0.99018395,0.9878098,0.98665047,0.97912246,0.98308134,0.9863352,0.9885564,0.98865587,0.9881031,0.97926116,0.98808867,0.9839315,0.99109054,0.9874039,0.98971295,0.98726445,0.9868709,0.9884313,0.98610616,0.9867225,0.9874081,0.9869162,0.98504424,0.98670053,0.9858573,0.97381514,0.96662927,0.9794278
ipip77,0.97976434,0.98106956,0.9805574,0.978759,0.97946346,0.97904617,0.9805191,0.9812742,0.98370385,0.97842616,0.98234683,0.98167354,0.9833775,0.9841779,0.97987527,0.9824584,0.98361474,0.9808538,0.9856221,0.98158735,0.9842668,0.98121953,0.9842834,0.98338795,0.98400754,0.9835442,0.98033637,0.9837902,0.98239815,0.98443913,0.98371065,0.98191595,0.9785544,0.98427594,0.97890294,0.98307323,0.9821405,0.97802407,0.9832924,0.98382324,0.9792246,0.982307,0.98403984,0.98227036,0.97963756,0.98303723,0.986196,0.9800161,0.9828477,0.98235893,0.9801315,0.968913,0.9808224,0.9813571,0.9794079,0.9821218,0.97166365,0.9815571,0.9793842,0.9824159,0.98109376,0.98719656,0.98338634,0.98242205,0.9830914,0.9832936,0.9824438,0.9824293,0.98378116,0.98203146,0.97924614,0.9853953,0.97750396,0.9794283,0.9890947,0.96920663,0.9871662,0.98468524,0.98311836,0.9821438,0.9820524,0.98452395,0.98416233,0.97933865,0.98476964,0.9809857,0.98305154,0.98561496,0.98371917,0.9806996,0.9829498,0.9844245,0.98360693,0.9833583,0.9855505,0.9810892,0.9774961,0.9838075,0.9842281,0.98208326,0.9853621,0.9828982,0.98451716,0.98527175,0.9869637,0.97940725,0.985679,0.9800263,0.9852932,0.9806582,0.98157793,0.9784094,0.9837914,0.98449093,0.9841988,0.9862115,0.9837818,0.9871134,0.9812924,0.9863675,0.9851461,0.9825049,0.9833611,0.9816707,0.98239726,0.98203427,0.9840572,0.98229384,0.982538,0.98378426,0.98260087,0.9839231,0.9846882,0.9853339,0.9812081,0.98236316,0.9825522,0.98444194,0.9815647,0.97829145,0.9811166,0.98495185,0.9845364,0.9828763,0.9830683,0.978632,0.985785,0.9840265,0.9802383,0.98304695,0.9849823,0.9867392,1.0000001,0.98512405,0.9805812,0.9859145,0.9875983,0.9855878,0.9787349,0.9807763,0.98355734,0.9833531,0.9801824,0.9831566,0.979211,0.9609841,0.9822744,0.98853767,0.97901297,0.98071355,0.9803136,0.98222476,0.97895104,0.9850607,0.98179555,0.98323923,0.9832155,0.9803327,0.98382527,0.9847153,0.98428065,0.98367584,0.9853903,0.9832441,0.97887784,0.9818104,0.9834813,0.983512,0.9835863,0.9864656,0.983858,0.983558,0.9843003,0.98229367,0.98437965,0.98222584,0.9842802,0.9801188,0.9833387,0.9854362,0.98422885,0.9800074,0.9834704,0.9834279,0.9820697,0.982982,0.98293924,0.9807472,0.98310536,0.9797735,0.98168856,0.9795542,0.9816823,0.9837944,0.9824467,0.9817705,0.98607415,0.97647345,0.9882517,0.9858793,0.98411715,0.98048973,0.98211783,0.98459786,0.9763152,0.9820922,0.98115677,0.9841667,0.9769378,0.9818159,0.9835022,0.9815622,0.9824991,0.98098326,0.9812183,0.9828635,0.9853311,0.9804941,0.98523164,0.9853584,0.9858895,0.9870139,0.98387814,0.9858496,0.98575693,0.9839917,0.9819576,0.98101383,0.9709299,0.98219526,0.98580694,0.9851584,0.9857235,0.9860327,0.9860043,0.984605,0.9819449,0.98567677,0.98368615,0.98295516,0.98395216,0.98217154,0.98349965,0.9796463,0.98141885,0.982495,0.9859967,0.98630375,0.9857594,0.9795647,0.98070705,0.9815291,0.984303,0.9820801,0.9831146,0.9854659,0.98514146,0.984592,0.9855061,0.9837552,0.9809662,0.9811163,0.98177165,0.9801436,0.98280823,0.97106326,0.97145677,0.9751984
ipip107,0.9790453,0.980814,0.9806712,0.9779235,0.9783416,0.9798173,0.97814554,0.9787312,0.98132026,0.9775598,0.97944814,0.9807974,0.98148745,0.98274434,0.9831615,0.9799829,0.9815657,0.9782254,0.98243654,0.98020583,0.9814426,0.9821658,0.9811841,0.9808473,0.98153657,0.98041344,0.97953266,0.9803043,0.9798127,0.98185736,0.9821093,0.9819045,0.9757953,0.98137444,0.977614,0.9801032,0.97917295,0.9760408,0.98075503,0.9798896,0.9789862,0.9799297,0.98097813,0.9773083,0.9797049,0.9804596,0.9826728,0.9822604,0.9794774,0.9817478,0.97800976,0.967309,0.9805896,0.97782296,0.97837853,0.978363,0.97108585,0.9786185,0.9789523,0.9817677,0.9798083,0.98326653,0.98309815,0.98135245,0.9803434,0.9847594,0.9801753,0.9802529,0.980407,0.9810726,0.97729325,0.981033,0.97923714,0.9800761,0.98582196,0.9670993,0.9811614,0.98000467,0.9820703,0.98176366,0.9809892,0.98185605,0.98129994,0.9769764,0.9801101,0.9785102,0.97938305,0.9819093,0.9786688,0.97879136,0.980891,0.9797234,0.9822182,0.9819264,0.980484,0.9803067,0.9761712,0.98022157,0.9782911,0.9754343,0.9833724,0.9816322,0.9835041,0.98320466,0.9826294,0.9767669,0.98081976,0.97670174,0.9830233,0.97892064,0.9792734,0.97666854,0.98076403,0.9816761,0.9808249,0.9820573,0.9807415,0.981007,0.97924453,0.98225677,0.9823509,0.9808896,0.98225355,0.9817908,0.9792115,0.97934747,0.98107034,0.9805107,0.97915834,0.9835173,0.98031944,0.98056465,0.9819148,0.98086715,0.9775266,0.98014206,0.9796434,0.98143154,0.9787732,0.9754497,0.9783399,0.98310494,0.98488384,0.98048615,0.98359424,0.9790619,0.98170996,0.9801961,0.977403,0.98006696,0.98174095,0.98345786,0.98512405,0.9999999,0.97964334,0.9807533,0.9816341,0.98011655,0.9816276,0.9789153,0.980883,0.98041415,0.97765636,0.9813236,0.9767778,0.9580123,0.9787421,0.98394626,0.97560954,0.9775547,0.9772591,0.98002964,0.9757082,0.98094743,0.97953963,0.979993,0.98046905,0.97881275,0.9824443,0.9803031,0.9802515,0.98332256,0.98500365,0.98328984,0.9800781,0.983164,0.98053646,0.9804738,0.98005503,0.98160493,0.979738,0.98092985,0.9815301,0.9808337,0.981542,0.97934556,0.98009735,0.9770794,0.97857755,0.98089606,0.979836,0.97660077,0.9793751,0.9803181,0.9812679,0.98097473,0.9802646,0.97786623,0.9810763,0.9781952,0.9799136,0.97657835,0.9800139,0.9836392,0.982256,0.9834496,0.9810688,0.9685203,0.9823627,0.97994393,0.97907406,0.97581124,0.9815075,0.9863124,0.9762782,0.97851104,0.978573,0.981913,0.9764325,0.9807307,0.98083115,0.98269105,0.9861084,0.98132485,0.9807541,0.98360735,0.9808893,0.97708124,0.9800803,0.98031205,0.97998077,0.982218,0.979746,0.981358,0.98280454,0.98269373,0.979753,0.9767699,0.9708692,0.97996336,0.97996825,0.97937673,0.97906965,0.9800655,0.98002535,0.9812512,0.9797664,0.98084784,0.98124135,0.98074365,0.9807009,0.98179364,0.9807233,0.9768168,0.9788422,0.98101944,0.98175615,0.98226875,0.98168653,0.9794804,0.97900915,0.98020136,0.9810367,0.9791093,0.9815365,0.9833156,0.98109996,0.98098266,0.98944354,0.98091364,0.9790774,0.9784006,0.98030114,0.97833055,0.98012626,0.974178,0.96984017,0.9759268
ipip137,0.9952568,0.9845188,0.9910716,0.98282844,0.9897213,0.9837728,0.9946152,0.9851625,0.9920674,0.9824028,0.9847225,0.9921242,0.98628473,0.9830672,0.9811804,0.98921156,0.9910657,0.98474497,0.9911255,0.9892931,0.9924665,0.9896363,0.9912586,0.99121827,0.98588073,0.9914662,0.9825033,0.99164253,0.9876241,0.98781294,0.992751,0.98864025,0.9869788,0.9925977,0.99533325,0.9898628,0.9935712,0.9945032,0.9914628,0.98981124,0.9807668,0.9903017,0.9877816,0.98276293,0.98189306,0.9917225,0.9858586,0.9854364,0.9902546,0.98492086,0.9866578,0.96049833,0.9889215,0.9814412,0.97990865,0.98481345,0.9735306,0.9805578,0.9816625,0.9883879,0.9944462,0.9884196,0.9952165,0.9882294,0.98927236,0.9851542,0.9934988,0.99221903,0.99041754,0.9841699,0.99526596,0.9908542,0.97925466,0.98788905,0.9871138,0.9558807,0.98400456,0.98918587,0.9876878,0.99063855,0.9896914,0.9940304,0.98524386,0.9935461,0.9915906,0.9954409,0.9934031,0.98141533,0.98045063,0.9911123,0.9889459,0.99555635,0.9917395,0.9825713,0.9770118,0.97843796,0.9943383,0.9869461,0.9781079,0.97073925,0.9895223,0.9948565,0.9928874,0.98889166,0.991665,0.97308135,0.99223024,0.9835401,0.9909978,0.9952072,0.99548906,0.9886934,0.9872099,0.98879933,0.9949585,0.9869104,0.99427783,0.9939677,0.99518025,0.986619,0.99485457,0.9903898,0.9919097,0.99376166,0.9939108,0.9847787,0.98659563,0.99018294,0.9860964,0.9872036,0.9934836,0.97375107,0.98352957,0.97988427,0.991773,0.9909042,0.988813,0.9895494,0.995031,0.9943233,0.99536705,0.99227566,0.9863805,0.99094373,0.99222505,0.9789323,0.99071765,0.99066246,0.9766088,0.9903657,0.9938194,0.9880258,0.9805812,0.97964334,1.0000001,0.9882036,0.98721415,0.9876748,0.9771315,0.9989908,0.9802134,0.9944366,0.9921314,0.985101,0.99479073,0.95415145,0.9930439,0.9875691,0.9914022,0.98656636,0.99445856,0.9816332,0.99521685,0.992118,0.99254084,0.9937429,0.99220216,0.98781693,0.9868684,0.9905903,0.98278874,0.9877881,0.9861868,0.9883485,0.9742689,0.9884278,0.9946332,0.99474806,0.994414,0.98384964,0.9929218,0.9944816,0.9942334,0.99321604,0.9943051,0.9956679,0.9936502,0.99460393,0.9832944,0.9844594,0.99021053,0.9948632,0.98182374,0.9939096,0.99150014,0.9893339,0.9946176,0.9729702,0.98417467,0.98018175,0.9872699,0.989765,0.9930944,0.98961765,0.98538655,0.9835475,0.9885407,0.9590042,0.9884292,0.99122083,0.99232787,0.9840908,0.99123144,0.98869556,0.9730224,0.99287075,0.9960295,0.9916326,0.97016,0.98408,0.99078524,0.9928792,0.99329096,0.9910835,0.9946328,0.98768806,0.9922334,0.9857964,0.9906154,0.98393124,0.9899524,0.9875923,0.9935297,0.9869928,0.9873015,0.99135923,0.9830323,0.9948729,0.96453685,0.9861561,0.9917621,0.9920969,0.98021907,0.99207526,0.98622036,0.991942,0.99067414,0.99116004,0.98411584,0.991893,0.9943087,0.9852646,0.9882219,0.9782875,0.98314816,0.9900589,0.98713654,0.98804194,0.98850495,0.97445095,0.9953023,0.9818827,0.9906545,0.9929447,0.99006367,0.9894713,0.987227,0.99188954,0.98764616,0.99057215,0.9873073,0.9926988,0.9869603,0.98677915,0.9895991,0.96922445,0.9600722,0.9800629
ipip167,0.98841596,0.9857712,0.9874981,0.98375285,0.98696285,0.98514175,0.9881338,0.9839361,0.9898311,0.98329204,0.9856779,0.98946446,0.9874527,0.9845543,0.9838156,0.9875716,0.98821574,0.9857448,0.99134415,0.98526555,0.98986703,0.98579395,0.9927046,0.98917377,0.98683614,0.98969156,0.98426,0.9888822,0.98659444,0.989777,0.9913329,0.98840755,0.98728406,0.9895963,0.9865971,0.9914992,0.9878755,0.9861418,0.9885929,0.98836845,0.9840614,0.9900328,0.98840404,0.9853265,0.9841141,0.9902704,0.98814857,0.98249453,0.98735124,0.9852616,0.9861499,0.9691291,0.9873758,0.9822538,0.983028,0.9883292,0.976775,0.9854884,0.98437655,0.98849,0.98584855,0.98669404,0.98809516,0.9865591,0.9862561,0.9872182,0.9884007,0.98855066,0.9878663,0.9848928,0.9898733,0.9945912,0.9833939,0.9873099,0.9871176,0.96744084,0.9859397,0.9883063,0.98781645,0.98808014,0.98891926,0.9901945,0.98463887,0.9865583,0.9898939,0.98820937,0.988159,0.984189,0.9811494,0.9860883,0.9881705,0.98905754,0.9879439,0.98261636,0.9785818,0.98172843,0.9865043,0.98754716,0.98075783,0.9777011,0.98760533,0.98913187,0.98793966,0.98910844,0.98915595,0.98307323,0.988951,0.98558885,0.98935956,0.9878508,0.98888373,0.98497486,0.9881309,0.98813635,0.98914033,0.9933535,0.9892605,0.9894549,0.9874426,0.9876825,0.99069124,0.9879232,0.9901253,0.98897,0.989304,0.9874763,0.98785776,0.98770624,0.98744625,0.9865819,0.9907026,0.9789287,0.98841,0.98195285,0.9897418,0.9928684,0.99067545,0.98989016,0.9888978,0.9879944,0.9895512,0.9908882,0.98651606,0.98929363,0.9900002,0.9822131,0.98891145,0.98878795,0.98516756,0.98803365,0.98962575,0.98852515,0.9859145,0.9807533,0.9882036,0.9999991,0.9979037,0.99270695,0.9805546,0.9882784,0.98654485,0.99258614,0.9871889,0.98835224,0.9883362,0.96317065,0.9898866,0.98890203,0.9863772,0.98634416,0.99003327,0.9868394,0.9870961,0.9902559,0.9891343,0.9903283,0.98935103,0.98654765,0.9872614,0.9897581,0.98607934,0.9887688,0.98794484,0.98781013,0.97900116,0.98602736,0.9905364,0.9908372,0.990797,0.9871097,0.9895321,0.9906412,0.9909412,0.9893355,0.99072397,0.98983186,0.99100786,0.9891349,0.9863611,0.98726517,0.9881768,0.9882587,0.9858247,0.9904415,0.9902461,0.9889984,0.9900962,0.97869706,0.9887475,0.9843935,0.98769176,0.98557734,0.9885451,0.9887149,0.98620355,0.98559827,0.98962444,0.96670294,0.9867942,0.98984677,0.9933557,0.9848218,0.98824865,0.987933,0.9770829,0.9885013,0.98890656,0.98858696,0.9776282,0.98592186,0.9887456,0.98784214,0.987367,0.9873782,0.98816675,0.9859267,0.9891066,0.98735183,0.9934286,0.99356526,0.9901558,0.98920685,0.98995686,0.9872271,0.98922044,0.9894134,0.9871996,0.9906113,0.9727693,0.98965174,0.9908217,0.99066275,0.98679703,0.9910693,0.9881437,0.98828745,0.9869026,0.99003255,0.98786765,0.99028134,0.9905771,0.98577315,0.9867131,0.98021555,0.9847709,0.9894987,0.9934763,0.9893678,0.99310964,0.9842752,0.98973125,0.98751855,0.988412,0.98972833,0.98948485,0.992158,0.99171245,0.9880322,0.98623395,0.9913962,0.9873405,0.98826605,0.9869756,0.9864226,0.98786294,0.9742836,0.9703554,0.9815186
ipip197,0.98752904,0.98545027,0.986808,0.9834406,0.98612994,0.9837907,0.9873171,0.9836351,0.98971665,0.9827777,0.98622465,0.9887668,0.98673767,0.9848155,0.98395914,0.9866483,0.987724,0.9853139,0.9911011,0.98497355,0.9893463,0.98592937,0.99265325,0.9889932,0.98634183,0.98888594,0.9844248,0.98817474,0.9868596,0.99043703,0.9900509,0.9876777,0.98610336,0.9895485,0.9852649,0.99094504,0.987079,0.9846707,0.98749954,0.9879083,0.9840991,0.98936003,0.98808444,0.9849517,0.9842532,0.9892892,0.9887013,0.9826593,0.98715025,0.98502296,0.9857158,0.96906984,0.98700297,0.982335,0.9834149,0.98783135,0.9765021,0.9853095,0.98361146,0.9877412,0.9851086,0.98695284,0.9874644,0.98680496,0.9859405,0.9866778,0.9875629,0.98747945,0.9873232,0.9846218,0.98886645,0.99411434,0.98186785,0.986897,0.9870856,0.9688354,0.9867915,0.988763,0.9875938,0.9874978,0.98858196,0.99048847,0.9857411,0.9860288,0.99041915,0.98709667,0.98802924,0.98455906,0.9813612,0.9852688,0.9870929,0.9883509,0.9874048,0.9832851,0.97913325,0.9826316,0.98574525,0.9875139,0.98013353,0.9792282,0.9866852,0.9891005,0.9871669,0.98816246,0.9893663,0.9824833,0.9893591,0.9846042,0.9893178,0.9871752,0.9880997,0.9856772,0.988521,0.9877203,0.9886584,0.9931036,0.9884856,0.98875,0.98646176,0.9885303,0.9898226,0.98713225,0.9895082,0.9876635,0.98793036,0.9864694,0.9878164,0.9871272,0.987334,0.9862618,0.99003017,0.9802473,0.98901045,0.98266894,0.98920256,0.99260074,0.99008566,0.9892567,0.9882548,0.9870786,0.98876053,0.99054253,0.985824,0.9892319,0.98930466,0.98288965,0.9884778,0.98812276,0.985117,0.98810303,0.98964673,0.9895142,0.9875983,0.9816341,0.98721415,0.9979037,0.9999995,0.9923765,0.9804497,0.9873444,0.9873147,0.9917511,0.9853992,0.9880882,0.9869547,0.96274155,0.9893073,0.98960173,0.9854053,0.98581076,0.9891009,0.9862603,0.9857453,0.9900994,0.9881237,0.98878926,0.98866194,0.9860997,0.9873652,0.98853195,0.9864341,0.98785156,0.98749673,0.9871781,0.97836775,0.98543733,0.98930234,0.9894361,0.9895006,0.9876208,0.98970634,0.9898296,0.9901419,0.98848534,0.9906701,0.9887686,0.99019337,0.9879888,0.9858358,0.9876045,0.98836434,0.9869082,0.9862153,0.98946345,0.9893438,0.9886892,0.9891982,0.97964555,0.98830616,0.9844747,0.98744935,0.9855399,0.98762804,0.9885158,0.98568434,0.9855256,0.9892198,0.96814454,0.98693687,0.98920006,0.9930561,0.9837231,0.987297,0.9888467,0.97789365,0.9874754,0.9875652,0.9882727,0.9781768,0.9858833,0.9885247,0.98723584,0.98689836,0.98664355,0.9870902,0.9854585,0.989413,0.9866934,0.9931423,0.99372566,0.98988724,0.98976815,0.9888752,0.9873411,0.9891767,0.9890381,0.9876181,0.9896579,0.97274655,0.9895251,0.99030906,0.9901402,0.98723227,0.9905523,0.98836184,0.98886305,0.98663527,0.9902447,0.9884756,0.9898636,0.9899695,0.9861327,0.98774624,0.98065734,0.98460233,0.989335,0.9938245,0.9896609,0.9930335,0.9848061,0.9887672,0.98716205,0.9879799,0.9890455,0.989429,0.9923686,0.99164784,0.98823136,0.9863037,0.9907736,0.9867611,0.98728484,0.9868235,0.9859728,0.98693734,0.9742247,0.97074246,0.98080766
ipip227,0.9875632,0.9851247,0.9857023,0.9838036,0.9871551,0.98256695,0.9883853,0.98511666,0.98930144,0.9830398,0.9844209,0.9873126,0.9864059,0.9836147,0.98050696,0.98592335,0.986162,0.9841708,0.9882358,0.9862543,0.9884874,0.98569304,0.990775,0.98816776,0.9864371,0.98820084,0.9850399,0.98745924,0.98451626,0.9855971,0.98946285,0.9871677,0.9850528,0.9895412,0.9860013,0.9921176,0.9870949,0.98595136,0.98624206,0.9880027,0.98420036,0.98918295,0.98832244,0.98411375,0.9819518,0.98874617,0.9875073,0.98098505,0.9881886,0.9834665,0.98773676,0.9694787,0.9883271,0.9840882,0.9822174,0.98926497,0.9760833,0.9822383,0.9835459,0.98711586,0.9851352,0.9856798,0.9879773,0.98404175,0.9842123,0.9828931,0.9874382,0.9860689,0.9863782,0.9829157,0.9898484,0.9927183,0.9814044,0.9893301,0.9860984,0.96324384,0.9861265,0.9876326,0.9877142,0.9878812,0.9858612,0.98860264,0.98345494,0.9844326,0.9888325,0.9868042,0.9866711,0.98222244,0.9783009,0.9852496,0.98604536,0.9883892,0.9867363,0.9827908,0.97556573,0.98106164,0.9869187,0.9861255,0.9782023,0.9768546,0.98626536,0.98770535,0.9863075,0.9861373,0.98768294,0.9782779,0.9886584,0.9826005,0.98860556,0.9879096,0.9882964,0.98335755,0.9870847,0.98631924,0.9885541,0.99167883,0.98815787,0.9886196,0.98659766,0.98722,0.98994267,0.98755956,0.98993486,0.98862624,0.9891337,0.9841549,0.9872869,0.98746425,0.9854859,0.9861516,0.9917867,0.9771183,0.9890142,0.9802212,0.9905172,0.99124354,0.9884865,0.9904337,0.9894662,0.98842824,0.9865103,0.9884174,0.98403746,0.9883113,0.98642784,0.98163587,0.9869715,0.98709357,0.9830798,0.9862234,0.9887015,0.98682666,0.9855878,0.98011655,0.9876748,0.99270695,0.9923765,1.0,0.98044926,0.98808116,0.98811406,0.9930714,0.98769075,0.9858298,0.9882263,0.9627758,0.9914544,0.9883187,0.98810405,0.98645645,0.99015945,0.9848583,0.98724437,0.9899587,0.98799974,0.9903647,0.9880462,0.98611045,0.9863546,0.9878784,0.9830074,0.9869639,0.9878775,0.9864555,0.9769155,0.9859973,0.98877937,0.9893488,0.9886293,0.9867116,0.9884971,0.98999506,0.9899766,0.9880106,0.98883146,0.98972017,0.9898485,0.989302,0.9847503,0.98699695,0.98953015,0.9878933,0.9864541,0.9904519,0.9893932,0.98772246,0.98932827,0.975269,0.98561746,0.9823688,0.98734045,0.9840352,0.98700386,0.98905724,0.9869706,0.98237944,0.9875287,0.9626623,0.9852866,0.9880958,0.9916934,0.9846576,0.98832047,0.9865471,0.97558933,0.9884934,0.9886251,0.98798573,0.97423375,0.9824658,0.9876881,0.9871352,0.9865554,0.9846933,0.9880062,0.9861101,0.9900883,0.989808,0.99310654,0.9912831,0.99083406,0.9876414,0.99082977,0.98628753,0.98900616,0.9886191,0.9861996,0.990814,0.9708103,0.9914807,0.9897153,0.98965937,0.9859505,0.9902202,0.9886942,0.9887823,0.9869067,0.99054486,0.9876628,0.98716575,0.9902877,0.9844484,0.98763025,0.9821969,0.98330605,0.9915243,0.99198043,0.9887331,0.99087477,0.9812051,0.9902649,0.98600507,0.9893119,0.9905418,0.989565,0.99072105,0.9914298,0.9892601,0.9850061,0.9902177,0.9862751,0.98974866,0.98645824,0.9861946,0.9890702,0.9731261,0.96888626,0.9814797
ipip257,0.9767789,0.9798234,0.9789831,0.9774726,0.9764712,0.97938424,0.9771107,0.9794085,0.9793821,0.9777543,0.977688,0.9797107,0.9802613,0.9826945,0.97743654,0.9797248,0.98080856,0.97641826,0.9807178,0.98321,0.9800222,0.97969353,0.97663784,0.977178,0.9764983,0.97972524,0.978287,0.9793349,0.9804806,0.9813451,0.97808933,0.97888076,0.9758653,0.978379,0.97550863,0.97679615,0.97933483,0.9736646,0.97951496,0.978451,0.9783303,0.9782697,0.9785671,0.9787648,0.97533953,0.9773102,0.977219,0.97404057,0.97808236,0.98052865,0.9758683,0.9684333,0.97992384,0.9789937,0.9752084,0.9797843,0.97201604,0.9789321,0.9815352,0.9781265,0.97490823,0.9786159,0.97872293,0.9781399,0.9745396,0.979549,0.9794457,0.9761062,0.9766639,0.97859323,0.9744812,0.97806585,0.9789033,0.9783298,0.9842753,0.97030914,0.9819196,0.98200125,0.97952265,0.9790793,0.9782345,0.9802212,0.9792078,0.9749306,0.979961,0.97747785,0.97926855,0.9817262,0.97785974,0.9769143,0.981545,0.97582585,0.9814717,0.9815443,0.977049,0.9800228,0.9733302,0.97722757,0.9790202,0.97709644,0.98226196,0.97694427,0.98143417,0.979776,0.98158777,0.9750294,0.9798897,0.97445893,0.9797221,0.9790838,0.9775946,0.97657055,0.9828256,0.98302877,0.98038775,0.9807086,0.9822913,0.9782266,0.9785673,0.9809947,0.9791523,0.9801782,0.97921515,0.9783198,0.97829914,0.9759448,0.97875875,0.9811381,0.9750323,0.9849062,0.9764742,0.97354233,0.97851694,0.98020124,0.9757796,0.97892374,0.9781507,0.97889876,0.9774972,0.974092,0.9749428,0.9805404,0.98119515,0.97862583,0.9808219,0.9836495,0.97944057,0.9766835,0.9768918,0.98120236,0.97745407,0.97878295,0.9787349,0.9816276,0.9771315,0.9805546,0.9804497,0.98044926,1.0000002,0.9772628,0.97827655,0.97887653,0.97682035,0.97736704,0.9747592,0.9579999,0.97772723,0.9770625,0.9757834,0.98044765,0.97446066,0.9796692,0.97525865,0.9779381,0.97583705,0.97845155,0.97828317,0.9780927,0.977101,0.9785844,0.98025656,0.9809871,0.9818621,0.9814679,0.9807325,0.9800634,0.97866064,0.9787621,0.9788038,0.9775206,0.9795313,0.9787301,0.97938246,0.9773754,0.9803715,0.9768164,0.97709507,0.97588825,0.9774866,0.9782118,0.9784558,0.9741951,0.97976196,0.97833294,0.97818506,0.97648853,0.97711664,0.9757037,0.97911286,0.9777808,0.9776739,0.97671026,0.97531205,0.9798476,0.97882587,0.9773291,0.9784027,0.966084,0.9813886,0.97881365,0.9749434,0.9765509,0.9804503,0.979635,0.973911,0.9769662,0.9764543,0.9809197,0.9738781,0.97638285,0.9792359,0.9816433,0.9770556,0.97574496,0.97959876,0.9820176,0.9763867,0.97722965,0.9776156,0.9785346,0.98055196,0.98115236,0.9789468,0.9760253,0.9810724,0.97851545,0.97653836,0.973177,0.9715844,0.9773798,0.9766582,0.97607565,0.97744465,0.9768309,0.9780552,0.9805816,0.97880024,0.9765352,0.9799355,0.97736484,0.97864,0.9793037,0.9808241,0.97666323,0.97788674,0.9801352,0.9783335,0.97450525,0.9790215,0.9794605,0.9774446,0.9775492,0.9776534,0.9780287,0.9795213,0.9771826,0.9769443,0.9747231,0.9777483,0.97723204,0.9747643,0.9776375,0.9760929,0.9745183,0.97952235,0.972064,0.96997213,0.97706074
ipip287,0.9950707,0.9846688,0.99082303,0.98314226,0.98980415,0.98377436,0.995373,0.9864289,0.99301195,0.98319954,0.98509014,0.9918742,0.98656076,0.9833049,0.98084253,0.98956126,0.991358,0.9849354,0.9909946,0.9899731,0.9923061,0.98906,0.99110717,0.99189687,0.9855669,0.9920635,0.9836278,0.9922332,0.988048,0.9879716,0.99288243,0.9896152,0.98793125,0.99276537,0.99542415,0.9897851,0.99384063,0.9947497,0.9914787,0.9904292,0.9817923,0.99127555,0.98853004,0.98341346,0.9821757,0.99165064,0.98598707,0.98510945,0.9900811,0.9845804,0.9871511,0.9624294,0.988956,0.9830896,0.9809695,0.986219,0.9734449,0.9813051,0.982083,0.98962855,0.9937357,0.98796684,0.99476075,0.98752886,0.9885114,0.984563,0.9942293,0.99330914,0.9913163,0.98516876,0.99493235,0.99073243,0.9795728,0.98764104,0.9868695,0.9578754,0.98518616,0.98976755,0.9884893,0.9911218,0.98952246,0.9938473,0.9851196,0.9929156,0.9914389,0.9955672,0.9940887,0.9822758,0.98115104,0.9917703,0.98812515,0.99531066,0.99159867,0.98213416,0.97705764,0.9786286,0.99414545,0.98823005,0.9783468,0.9719567,0.98906606,0.99448645,0.9921426,0.98861676,0.9912481,0.97498596,0.99317926,0.98405755,0.9921882,0.9954581,0.9958471,0.98811835,0.98719585,0.98890126,0.99527365,0.9868841,0.99421525,0.9938938,0.99515873,0.98713017,0.99446565,0.98970497,0.99178237,0.99325556,0.9935496,0.98574805,0.98799103,0.9909881,0.98695093,0.9879368,0.9934528,0.9736745,0.98355216,0.9800686,0.99170905,0.99143976,0.9895956,0.99051386,0.9955272,0.9942329,0.99475497,0.99224854,0.9862192,0.9911192,0.99181354,0.9793494,0.99074334,0.99163496,0.97792304,0.99104387,0.9943014,0.9882952,0.9807763,0.9789153,0.9989908,0.9882784,0.9873444,0.98808116,0.9772628,1.000001,0.98030424,0.9943394,0.9919806,0.98499393,0.99459994,0.95458883,0.99375784,0.9874563,0.99122995,0.98610425,0.9942664,0.98158586,0.994824,0.9918467,0.99316984,0.99415547,0.99302214,0.9886704,0.9880136,0.9917708,0.98388886,0.98849326,0.98651886,0.98891544,0.97491634,0.9880415,0.995405,0.9955988,0.9953061,0.98539704,0.9940641,0.99497324,0.9948093,0.99357176,0.99402106,0.9960339,0.99461794,0.9956206,0.9850199,0.9861067,0.9913009,0.99558145,0.98354167,0.9946071,0.99142814,0.9891023,0.9952748,0.974611,0.985514,0.9814424,0.98780686,0.9903862,0.9932091,0.9894941,0.98614484,0.9831813,0.9893044,0.96113855,0.9892501,0.9914492,0.9921712,0.9846225,0.9914825,0.98878247,0.9735878,0.993073,0.99672914,0.9924268,0.97216475,0.9849401,0.9918471,0.99281824,0.99278635,0.99056125,0.99419653,0.9878536,0.991954,0.9854432,0.9908658,0.98458356,0.9900225,0.9880887,0.99407625,0.9881188,0.98834103,0.99236494,0.98281413,0.9945984,0.9651186,0.98608035,0.9924297,0.9928023,0.98162913,0.99276584,0.98720366,0.99236226,0.9912221,0.9912906,0.9843923,0.9921843,0.9950374,0.9861361,0.98940575,0.9796032,0.98451287,0.99044544,0.9870493,0.9881018,0.9882898,0.974863,0.99600554,0.9832001,0.9908979,0.99383557,0.9904807,0.9896338,0.98754984,0.99162596,0.98711985,0.9905492,0.9880559,0.9933429,0.9883941,0.9876484,0.9906656,0.96962774,0.9613631,0.980367
ipip112,0.9801025,0.98368466,0.98123723,0.98251987,0.9823783,0.9802652,0.9814855,0.98298514,0.9850827,0.9828767,0.9821168,0.9820139,0.9844855,0.98323596,0.9804989,0.98250407,0.9841028,0.9823728,0.984632,0.9840703,0.9855969,0.9823745,0.9871395,0.9839833,0.9837222,0.984144,0.9845388,0.98429006,0.98264086,0.9824669,0.98325765,0.9843894,0.9816409,0.9841783,0.97941744,0.9880111,0.98321944,0.97873247,0.98225224,0.9842012,0.98853534,0.9857826,0.98566145,0.9820193,0.9820281,0.98360354,0.98515177,0.9781266,0.98393446,0.98416877,0.9839455,0.97472644,0.985313,0.98299915,0.9814074,0.9868156,0.9769154,0.9811838,0.98289216,0.9846891,0.97808003,0.9835877,0.98131055,0.98074394,0.97985023,0.9814284,0.981499,0.9803684,0.98042345,0.9818654,0.98070085,0.9865762,0.97999835,0.9845831,0.98360664,0.9691048,0.984396,0.9825159,0.98562086,0.9837535,0.9812474,0.9829551,0.98150843,0.9775634,0.9849103,0.98010635,0.9811942,0.9827871,0.97755307,0.9803901,0.98150116,0.98127097,0.98253465,0.9823964,0.97548795,0.9808055,0.97843194,0.98364437,0.9781555,0.9780832,0.9824542,0.98194385,0.98089814,0.98291546,0.98284173,0.9794618,0.9822611,0.9789387,0.98428446,0.97960836,0.98082185,0.97747076,0.9845996,0.9847466,0.98275363,0.9887338,0.9827809,0.98248625,0.9805459,0.9843791,0.9845909,0.98373574,0.98728824,0.9836248,0.9843089,0.98161,0.9872884,0.98481953,0.9822006,0.9845203,0.98691934,0.98056144,0.9974556,0.98298925,0.9849956,0.98716545,0.9855108,0.9883132,0.98375016,0.9797221,0.9785239,0.98455286,0.9828547,0.9843313,0.9825432,0.9825666,0.98246485,0.9805115,0.9846872,0.98276776,0.98296,0.98420876,0.98355734,0.980883,0.9802134,0.98654485,0.9873147,0.98811406,0.97827655,0.98030424,1.0000001,0.9886022,0.9826193,0.98297,0.9800372,0.9660593,0.98744345,0.9852795,0.981779,0.9824866,0.9819609,0.9838888,0.9805551,0.9839632,0.9821006,0.9839615,0.98194486,0.9822018,0.9833643,0.9828956,0.98370856,0.98434615,0.9849374,0.9850597,0.9771531,0.98355263,0.98343843,0.9831816,0.9831265,0.98620254,0.983008,0.9836535,0.9841362,0.98249245,0.9827619,0.9818517,0.9845709,0.98178786,0.98337847,0.98511875,0.98434645,0.9801868,0.9846816,0.984612,0.9852997,0.98448753,0.9832615,0.97684854,0.9843044,0.9838856,0.98509675,0.9782157,0.9814956,0.9865202,0.9851898,0.9840787,0.98475415,0.9672947,0.9815652,0.9835644,0.9858396,0.98065466,0.98318243,0.98550427,0.97508067,0.98153436,0.9811461,0.98537564,0.9772425,0.97928727,0.9842417,0.984206,0.98131025,0.9793377,0.9826404,0.98508346,0.9844136,0.9855426,0.987683,0.98851675,0.98502374,0.9845411,0.9841497,0.98251766,0.98636705,0.98387426,0.98574835,0.9819083,0.97530943,0.9881743,0.9842528,0.9836923,0.98733455,0.9847737,0.98722374,0.9848236,0.9840212,0.9861306,0.9854873,0.98148775,0.9842958,0.9840915,0.9851258,0.9819749,0.98407125,0.9863949,0.98861825,0.9828948,0.9866307,0.9830839,0.98256063,0.9851429,0.9849414,0.985062,0.9851261,0.9866881,0.98869336,0.9828431,0.98301935,0.9850431,0.98196936,0.982116,0.98272884,0.9810788,0.98437464,0.9741129,0.97489846,0.9801256
ipip142,0.99421257,0.9873507,0.99099624,0.98612964,0.9915736,0.98575604,0.9946011,0.9876226,0.99367714,0.9865833,0.98751897,0.9920263,0.9884333,0.9858368,0.9833655,0.99051255,0.99099135,0.9877592,0.99244773,0.9902279,0.9927466,0.9893703,0.9943655,0.99270386,0.9872844,0.992034,0.98654795,0.991971,0.9879737,0.98866534,0.9933751,0.99072665,0.98904425,0.99285746,0.9933483,0.99367243,0.99301445,0.9936136,0.99091053,0.9910445,0.9863295,0.99280405,0.99066585,0.98573077,0.9847371,0.9927033,0.9884958,0.98450804,0.99258554,0.98623204,0.9891828,0.9676579,0.991937,0.9850702,0.9840697,0.9893033,0.9771697,0.9836683,0.9857235,0.99055904,0.9917886,0.98962957,0.99340165,0.98849726,0.9876121,0.9865409,0.99293095,0.99195,0.99030554,0.98669165,0.9948703,0.9937538,0.98315203,0.99086875,0.9873632,0.96174276,0.98619044,0.9901868,0.9909158,0.99273515,0.99002033,0.99389344,0.98524225,0.99113846,0.9920827,0.9941065,0.99251795,0.9841435,0.9813162,0.9908463,0.9888686,0.99418354,0.9907793,0.984732,0.97820145,0.98142123,0.9935266,0.9896376,0.9804076,0.9749546,0.98913294,0.9940781,0.99073714,0.9890523,0.99178404,0.9773957,0.9930765,0.9849162,0.9918633,0.9937175,0.99487114,0.98741114,0.98945975,0.9902437,0.9940934,0.99114776,0.99313504,0.994343,0.9936118,0.987868,0.9943022,0.98922646,0.99321246,0.99296606,0.9936176,0.9864854,0.9894409,0.9912669,0.98923415,0.98794675,0.99543715,0.975182,0.9906665,0.98242116,0.99407303,0.99472976,0.9921458,0.99257207,0.99508816,0.9937763,0.9935338,0.99268717,0.98762417,0.9925203,0.9918226,0.9811503,0.99049693,0.9905116,0.9822517,0.9905107,0.99400204,0.98921496,0.9833531,0.98041415,0.9944366,0.99258614,0.9917511,0.9930714,0.97887653,0.9943394,0.9886022,1.0000001,0.99306667,0.9890284,0.99516785,0.96259487,0.9950059,0.98979086,0.99208504,0.98792356,0.9953042,0.9837273,0.9935692,0.9930812,0.9933719,0.994865,0.992728,0.9898776,0.98928064,0.99121726,0.98533905,0.9902844,0.98771477,0.9901892,0.9776944,0.98790145,0.99426204,0.9944163,0.9939537,0.98731554,0.9934865,0.99491227,0.9949105,0.99358535,0.9936505,0.99539673,0.99433637,0.9952815,0.98633224,0.9875149,0.99160886,0.9944805,0.986081,0.99479276,0.9928873,0.99135363,0.9948118,0.9762025,0.98696643,0.9836578,0.98953223,0.9889191,0.99317133,0.9918962,0.9885303,0.9855992,0.9904809,0.962704,0.9891284,0.9920265,0.9951864,0.9872188,0.99157304,0.9904353,0.9768641,0.99354833,0.994575,0.9927041,0.97429734,0.9849593,0.9919011,0.99241716,0.9921901,0.9901487,0.99413407,0.9890254,0.99298954,0.9910834,0.99471426,0.9901869,0.9935196,0.98980194,0.9946306,0.98878497,0.990312,0.9926888,0.98789775,0.99530077,0.97073936,0.99190307,0.99347216,0.99370736,0.9864155,0.9937997,0.9905287,0.9928167,0.9908048,0.9938145,0.9890111,0.9921307,0.9952101,0.98756033,0.9897921,0.98206383,0.9863005,0.99302846,0.9917046,0.9907818,0.9919499,0.9804872,0.99556,0.9866142,0.9923301,0.99434024,0.99199855,0.99239856,0.99237716,0.99220586,0.9878358,0.99382335,0.98986614,0.99397516,0.9888262,0.98960465,0.99131703,0.9734142,0.9672753,0.9842083
ipip172,0.9894932,0.9819304,0.9868769,0.9812017,0.9866776,0.9817138,0.9905266,0.9845754,0.98942757,0.9817894,0.9835758,0.989031,0.9857006,0.98271674,0.9797464,0.9876659,0.9880906,0.9872288,0.98761934,0.98745555,0.989948,0.98477596,0.9887034,0.9878126,0.98440456,0.98846084,0.9825039,0.98981875,0.98616564,0.98517245,0.9894582,0.9868012,0.98697966,0.989114,0.99088705,0.98977524,0.9917292,0.9913579,0.9884499,0.98798054,0.98125005,0.988452,0.98614675,0.9820068,0.9796444,0.9882063,0.9836123,0.98074204,0.98813826,0.985288,0.98428154,0.96318674,0.9860511,0.9810453,0.97992384,0.9846784,0.9734147,0.98071086,0.9816482,0.987526,0.9876743,0.9848372,0.9896338,0.9850357,0.985696,0.98210824,0.9898272,0.98787194,0.98624784,0.9821369,0.98992735,0.9885078,0.9792276,0.98667246,0.98473525,0.9560656,0.9831665,0.9864396,0.98688453,0.9879716,0.98628324,0.9886513,0.98088247,0.9896228,0.98781043,0.9914205,0.9891221,0.98070246,0.9810185,0.98839337,0.9873127,0.9907159,0.9883956,0.9824549,0.9756216,0.97782123,0.9894941,0.9849784,0.97692114,0.9721543,0.986378,0.9896917,0.9888528,0.98610246,0.988533,0.9717324,0.9895178,0.98099345,0.9863428,0.9897026,0.990083,0.9844635,0.98556876,0.98798776,0.9920026,0.9887644,0.99091214,0.9937268,0.9934321,0.9845358,0.9906628,0.9865618,0.9887418,0.9917341,0.99094146,0.98398894,0.98468477,0.9872461,0.984764,0.98496294,0.9913102,0.9753983,0.98340887,0.9796893,0.9898938,0.98824954,0.98781407,0.9879611,0.99061334,0.9897299,0.9903056,0.98929447,0.9860552,0.9878488,0.98993504,0.9779701,0.98683023,0.9869058,0.97792083,0.98773867,0.98959196,0.98539644,0.9801824,0.97765636,0.9921314,0.9871889,0.9853992,0.98769075,0.97682035,0.9919806,0.9826193,0.99306667,0.9999998,0.9844886,0.99131465,0.9608795,0.9906777,0.9854997,0.9914811,0.98605657,0.9902879,0.9809222,0.9912918,0.9901647,0.9892272,0.99189675,0.9883081,0.98579204,0.98470116,0.98740715,0.9820915,0.9857347,0.9840596,0.98583895,0.97373044,0.98397714,0.99070823,0.9904854,0.9901579,0.98344386,0.9899484,0.99018466,0.99070513,0.9892891,0.9898,0.99060464,0.99004644,0.9903609,0.98294246,0.9829116,0.9876149,0.99081045,0.98072654,0.9902784,0.98780966,0.98570275,0.98998016,0.9732322,0.9812388,0.9802993,0.9853521,0.9862354,0.98901224,0.98673004,0.98434234,0.98192924,0.9864372,0.9608874,0.98600805,0.9892449,0.98988867,0.9833584,0.987844,0.9858672,0.97257376,0.990031,0.9915284,0.9888385,0.9690762,0.98273104,0.9874042,0.98905545,0.9885759,0.9864457,0.98855805,0.9865116,0.98913616,0.9889966,0.9901284,0.98500377,0.98969454,0.98460704,0.9906156,0.9850452,0.9857506,0.9877437,0.98107076,0.9901509,0.96517533,0.98414534,0.9890064,0.98867387,0.98027754,0.9889164,0.985369,0.98821205,0.9872785,0.9890788,0.9834488,0.9883074,0.99060637,0.98337436,0.9850558,0.9780689,0.9828756,0.9873947,0.9858437,0.9849202,0.9866539,0.97431165,0.99051696,0.98144954,0.9896074,0.9898803,0.9880924,0.9874411,0.9863607,0.98809344,0.984584,0.9876743,0.98610336,0.98980683,0.9840317,0.9851932,0.9867123,0.9688045,0.9623132,0.9785745
ipip202,0.9860129,0.98412657,0.9855513,0.9824487,0.9858272,0.9837948,0.98602265,0.98402065,0.98855275,0.98233587,0.98541224,0.98664224,0.9848268,0.9826114,0.98195463,0.9850703,0.98537385,0.9839954,0.9870394,0.9832674,0.98639894,0.98412466,0.98830956,0.98758364,0.9858292,0.9848077,0.98317397,0.9853871,0.9830519,0.98453575,0.988362,0.9869393,0.9844442,0.9868857,0.9844301,0.9874476,0.9847409,0.98348856,0.98467106,0.9852458,0.9808844,0.98636043,0.9867029,0.9805153,0.98308617,0.986331,0.9853146,0.98254174,0.98520637,0.9812529,0.98365134,0.96882087,0.98602843,0.980268,0.9834721,0.9848594,0.9749016,0.9820371,0.98239464,0.98729783,0.98386484,0.98505837,0.98536897,0.985458,0.9847733,0.9845047,0.9855826,0.9863263,0.98624414,0.98314,0.98507124,0.98716503,0.9824643,0.9830086,0.9846574,0.9626723,0.98133314,0.9832612,0.985816,0.9863161,0.987778,0.9870264,0.98185736,0.98391366,0.9850564,0.9852573,0.9851684,0.9809143,0.980975,0.98385596,0.9850326,0.98680955,0.9853718,0.98250264,0.97838247,0.97981894,0.985539,0.98729837,0.9799102,0.9760703,0.98408586,0.98805815,0.9867756,0.9855773,0.98554015,0.9778879,0.98634124,0.9852786,0.9878204,0.9856571,0.9861823,0.9824211,0.9864537,0.9860517,0.9863936,0.9876119,0.9863304,0.9872936,0.985565,0.98467654,0.98738426,0.9845185,0.98743945,0.9857204,0.98510605,0.9837693,0.98517025,0.98465407,0.9870528,0.98234653,0.98644555,0.9756212,0.9851038,0.98071134,0.9863917,0.9882431,0.98843586,0.9872149,0.9858146,0.98475736,0.9852846,0.9890347,0.9867223,0.98836225,0.98546994,0.9808146,0.98359305,0.98613465,0.9800935,0.98482215,0.98759466,0.98571396,0.9831566,0.9813236,0.985101,0.98835224,0.9880882,0.9858298,0.97736704,0.98499393,0.98297,0.9890284,0.9844886,0.9999995,0.9868355,0.9635406,0.98535234,0.98591775,0.98303,0.98229116,0.9858997,0.98078424,0.98423874,0.986714,0.98808783,0.9875846,0.9855954,0.9845603,0.98624456,0.9850225,0.98067856,0.98662996,0.9845569,0.98593336,0.9780854,0.9838145,0.98649836,0.98653346,0.98621154,0.9837971,0.9858611,0.9868989,0.9871205,0.9878812,0.9856035,0.98720443,0.9867139,0.98570496,0.9819761,0.98461473,0.9852935,0.98667806,0.9837918,0.9864603,0.9870676,0.9872467,0.9879894,0.98020124,0.9852578,0.9818277,0.98587364,0.98204833,0.98757994,0.98767346,0.9846169,0.9841618,0.98445743,0.9658514,0.9847053,0.98497844,0.98712486,0.9815586,0.9865468,0.98713154,0.97754586,0.98605484,0.98623055,0.9852601,0.97649944,0.9850646,0.9848416,0.9857441,0.9863114,0.9851725,0.9866426,0.9843978,0.98748064,0.9840134,0.98757106,0.98628587,0.9864174,0.9851199,0.9863238,0.98573315,0.9850961,0.9877495,0.9842942,0.9857035,0.9703445,0.9834162,0.9873978,0.9877729,0.983042,0.987825,0.98544127,0.9856965,0.98446345,0.9884938,0.9837657,0.988626,0.9869661,0.98395056,0.98361826,0.9779024,0.9826711,0.9875688,0.98828775,0.9896248,0.9890727,0.9818861,0.9863189,0.9855263,0.9866595,0.98705775,0.9868899,0.98732275,0.9875458,0.9861467,0.9852778,0.98667914,0.98708814,0.98598754,0.98455375,0.9870668,0.9851942,0.9743803,0.9669878,0.9800233
ipip232,0.99516296,0.9845321,0.9905963,0.98288226,0.99098694,0.9837374,0.9950581,0.9863657,0.9926987,0.9834426,0.9846328,0.9918281,0.98567843,0.98308134,0.9798029,0.9888293,0.99070084,0.9851356,0.990525,0.98884517,0.9914745,0.9892853,0.99169636,0.99229693,0.9860287,0.99073917,0.982068,0.99065053,0.98619276,0.987,0.9921947,0.9887815,0.9871779,0.9924864,0.99467283,0.9917793,0.9921194,0.9945946,0.98960745,0.9907339,0.98070586,0.990399,0.9870031,0.9820342,0.9811227,0.9911506,0.98585135,0.9844414,0.9905117,0.98420715,0.98698217,0.9608627,0.99004555,0.98264533,0.9809462,0.98468715,0.9755276,0.9801854,0.9836026,0.9885391,0.99266374,0.98716766,0.99338275,0.9877157,0.9874594,0.98375386,0.992768,0.99226415,0.99019694,0.9848853,0.9956971,0.9903496,0.97974974,0.98804,0.9853767,0.9534439,0.98262346,0.98811597,0.98721266,0.99042565,0.98951405,0.99280953,0.9823362,0.9925833,0.99023825,0.9951782,0.9922924,0.98021597,0.97979075,0.99066675,0.9886834,0.9948396,0.99038655,0.98161775,0.9757585,0.9774929,0.9960706,0.98692507,0.9766311,0.9695646,0.9861078,0.9934672,0.99023294,0.9870829,0.9907468,0.97227836,0.9921287,0.9853485,0.9909515,0.99493766,0.99558544,0.9875788,0.98742163,0.9873749,0.99357116,0.9861929,0.99285036,0.994368,0.9937349,0.98507315,0.99335235,0.9862984,0.9902128,0.9910919,0.9929372,0.984405,0.9851549,0.9897034,0.9862683,0.98567194,0.9940979,0.970398,0.983374,0.97877437,0.9927335,0.9917793,0.9904706,0.99015385,0.99543357,0.9973732,0.99495214,0.99208325,0.98526645,0.9943605,0.9911076,0.97879,0.98929983,0.99066216,0.9767471,0.9892579,0.9929373,0.98661155,0.979211,0.9767778,0.99479073,0.9883362,0.9869547,0.9882263,0.9747592,0.99459994,0.9800372,0.99516785,0.99131465,0.9868355,0.99999976,0.9562603,0.99282444,0.98741597,0.99151134,0.98466045,0.9950884,0.9803385,0.99373996,0.9918606,0.9922922,0.9932006,0.99293035,0.9902943,0.9883033,0.98816216,0.9808593,0.9869181,0.98312163,0.98717666,0.97361326,0.9848452,0.9925571,0.99262166,0.9920798,0.9831127,0.9922686,0.99277335,0.99297076,0.9922492,0.99250495,0.9950032,0.99318117,0.9948673,0.98272556,0.98458624,0.98923546,0.9956953,0.9829562,0.9932175,0.9895624,0.9880514,0.994062,0.9728791,0.98442805,0.98091394,0.9858486,0.98882097,0.9919107,0.98862326,0.9850732,0.9812875,0.98742974,0.95647347,0.9871221,0.99061304,0.99287724,0.9825865,0.99002075,0.9869023,0.97200906,0.99261767,0.99493855,0.9906006,0.96828216,0.98341686,0.9892594,0.99118435,0.9923124,0.98952883,0.99302346,0.9861323,0.9922074,0.98748,0.99162024,0.98529184,0.9908079,0.9866055,0.99366605,0.98735374,0.98656607,0.9916316,0.98516774,0.9952021,0.9652963,0.9877069,0.99254227,0.9930003,0.98090255,0.9924058,0.9867702,0.9898795,0.98931766,0.99243075,0.98408353,0.9923033,0.9932589,0.9831917,0.9853527,0.9761306,0.98206866,0.9907831,0.98835003,0.98996663,0.98903024,0.97448987,0.99550724,0.9827813,0.9909772,0.9933904,0.989738,0.9899969,0.98859483,0.99199605,0.98600984,0.99109936,0.98887783,0.99399394,0.9876266,0.9880902,0.9901321,0.97039986,0.96127427,0.98074776
ipip262,0.95377743,0.9591294,0.9565273,0.9591451,0.9582547,0.957867,0.9570342,0.9619075,0.9603461,0.9606897,0.9720021,0.9567642,0.9655917,0.9589855,0.95827687,0.963255,0.96212846,0.9571272,0.96000516,0.96252733,0.9605515,0.95506746,0.9587748,0.9573583,0.95706147,0.96304345,0.96090853,0.96095514,0.96330845,0.96143556,0.95738393,0.96693027,0.96001816,0.9611884,0.9537534,0.96184224,0.9622997,0.9552396,0.9611527,0.96309364,0.9655042,0.96264935,0.958899,0.96557057,0.9576873,0.9572276,0.96009696,0.9522385,0.95838463,0.95964473,0.96192974,0.95781565,0.9625151,0.9628925,0.95845103,0.96691906,0.95816344,0.9630937,0.9656251,0.9654303,0.95034397,0.9572299,0.95341456,0.95511425,0.955598,0.95767695,0.9587568,0.9573556,0.9547827,0.961603,0.9524664,0.96127963,0.95716214,0.95917606,0.9603037,0.95546997,0.96212333,0.9611067,0.96269274,0.95888495,0.95591515,0.9592423,0.96239185,0.9525293,0.96065277,0.9569197,0.9607627,0.96266556,0.9602642,0.9562306,0.9621656,0.95514756,0.9594108,0.9595966,0.9550013,0.9598517,0.95109874,0.9621166,0.96020126,0.9610247,0.9621657,0.9557339,0.9567161,0.95953375,0.9588991,0.961549,0.95878506,0.9561601,0.96138096,0.956542,0.95762455,0.95131,0.9624169,0.96712214,0.96025085,0.96439147,0.9608631,0.96131426,0.9560275,0.9658767,0.96051925,0.9625341,0.96079856,0.95586437,0.9602737,0.9582233,0.9651374,0.964475,0.95808434,0.96230084,0.9603547,0.95572555,0.9629143,0.95916766,0.96300024,0.9612018,0.9615673,0.9684295,0.9606397,0.952085,0.95203817,0.9604046,0.9620618,0.9578491,0.9583338,0.9624068,0.95753074,0.95438063,0.968757,0.9612319,0.9568285,0.9605912,0.9609841,0.9580123,0.95415145,0.96317065,0.96274155,0.9627758,0.9579999,0.95458883,0.9660593,0.96259487,0.9608795,0.9635406,0.9562603,1.0,0.96371317,0.9577901,0.9571934,0.96350956,0.9547044,0.9627441,0.9570178,0.95781416,0.9586632,0.96255535,0.9573486,0.95953476,0.96152186,0.9628776,0.9615717,0.96151876,0.9603966,0.9619566,0.96162874,0.9606548,0.9620575,0.9609587,0.96095383,0.9620937,0.9613779,0.9615205,0.9628561,0.95861393,0.95928174,0.9583335,0.96047235,0.9570542,0.96205807,0.9629696,0.9646291,0.9554225,0.96244127,0.961641,0.9588906,0.9574993,0.9588332,0.9602999,0.9632586,0.9661267,0.96172774,0.95658046,0.95865434,0.9619032,0.96362096,0.9638639,0.96308327,0.9517,0.96152455,0.9660097,0.95951843,0.9664071,0.9636518,0.96263725,0.9635582,0.96437687,0.9583944,0.9609661,0.956966,0.9613158,0.96142995,0.9609174,0.95493793,0.95423007,0.958511,0.96178854,0.95837617,0.9658433,0.96464485,0.9641591,0.961315,0.9596392,0.96442103,0.9615558,0.9670698,0.96122426,0.9593861,0.9544124,0.9572059,0.96095675,0.96252877,0.96236885,0.97193855,0.96414435,0.970723,0.96033764,0.9588075,0.9589913,0.96140987,0.95553565,0.961626,0.9611032,0.9627993,0.9644219,0.9664131,0.96302587,0.96466,0.9551859,0.96057874,0.9610649,0.9578441,0.96678096,0.95865315,0.96249825,0.9588932,0.9597181,0.9634908,0.954882,0.9549311,0.9557309,0.9585006,0.961318,0.9597197,0.9573562,0.96458834,0.9577145,0.9604154,0.9614661
ipip292,0.9925036,0.9866017,0.99011946,0.98526144,0.9901815,0.98445773,0.9945573,0.9887547,0.99301946,0.98586726,0.9877708,0.9901076,0.98826027,0.984833,0.9819592,0.9898235,0.9911902,0.9845649,0.99001014,0.99061483,0.99192715,0.9878488,0.99215204,0.99153775,0.98697406,0.9922551,0.98692244,0.99215096,0.9880489,0.987799,0.9911866,0.99200886,0.98954487,0.9929388,0.9930413,0.9931839,0.9942703,0.9935017,0.9899171,0.99060446,0.98719674,0.99434215,0.9881229,0.98533857,0.98329705,0.9913227,0.9880644,0.98535097,0.99081624,0.9845127,0.98956025,0.9697757,0.9910842,0.98615223,0.984463,0.99074167,0.97782195,0.9834479,0.98534375,0.9919927,0.98888355,0.9876899,0.9910327,0.98684657,0.9860352,0.98452556,0.9925654,0.9923627,0.9888678,0.9867085,0.9936087,0.9928443,0.9813168,0.9900352,0.9860594,0.9643981,0.9871666,0.98972476,0.9910134,0.9913778,0.9876868,0.9921917,0.9860594,0.9901355,0.992019,0.99334836,0.99236107,0.9842233,0.98186415,0.99047923,0.98757154,0.992863,0.9894994,0.98231876,0.9764078,0.9817419,0.9922104,0.98885405,0.9785452,0.97623324,0.98876286,0.9913896,0.9887673,0.98738223,0.98895794,0.97777045,0.9918378,0.98358715,0.99170977,0.9928607,0.99400586,0.98536235,0.9875801,0.9894669,0.9936072,0.98827904,0.9923129,0.99273837,0.99147755,0.98842865,0.9931176,0.9889196,0.9919717,0.99021465,0.99319726,0.9851825,0.99057627,0.99184036,0.98800296,0.987838,0.9955486,0.9767532,0.98706245,0.98092175,0.99428904,0.9920512,0.9903171,0.99569535,0.9951932,0.99252605,0.99060345,0.990327,0.98654354,0.99026126,0.98984057,0.9810668,0.98869354,0.9899223,0.9853404,0.99007696,0.99242,0.9873829,0.9822744,0.9787421,0.9930439,0.9898866,0.9893073,0.9914544,0.97772723,0.99375784,0.98744345,0.9950059,0.9906777,0.98535234,0.99282444,0.96371317,0.9999993,0.9886836,0.9905022,0.9873375,0.9938362,0.9843955,0.9936681,0.9912693,0.9922209,0.99386525,0.99223316,0.9900262,0.99004805,0.991452,0.9845657,0.9892191,0.9870375,0.98975843,0.9784081,0.9872928,0.99441737,0.99421793,0.9941032,0.9874349,0.99338984,0.9935779,0.9939791,0.9922852,0.9921907,0.99433017,0.99401575,0.99553275,0.9866021,0.9888897,0.9925417,0.99344337,0.9865726,0.99431205,0.99091554,0.989507,0.99364215,0.97679186,0.9871972,0.9854956,0.9891695,0.9883941,0.9917008,0.990814,0.98870647,0.9839409,0.99144804,0.9640842,0.98816097,0.99052364,0.9939977,0.98568,0.99143237,0.98882693,0.97585064,0.99182564,0.99422777,0.99204856,0.97413176,0.9853161,0.9921551,0.99097294,0.9900504,0.98802614,0.9921258,0.9885171,0.9916444,0.98875564,0.99320376,0.98791736,0.9901484,0.9872058,0.99393916,0.98883164,0.98971266,0.9923288,0.9871377,0.99529237,0.9723254,0.99031043,0.9948381,0.9949285,0.9885472,0.99541056,0.99239385,0.9921149,0.9909717,0.99217325,0.98612094,0.9894793,0.9941482,0.9870269,0.9902976,0.9833977,0.9882301,0.9924648,0.99082166,0.98873734,0.9895866,0.9788892,0.9962706,0.988917,0.989842,0.9968791,0.9900023,0.9912337,0.99170125,0.9905639,0.98603296,0.99048394,0.98947847,0.993875,0.989805,0.9891591,0.992763,0.97462666,0.97114533,0.984919
ipip57,0.98736316,0.9866231,0.9860518,0.9837475,0.9859746,0.98494744,0.98753667,0.9841316,0.9897732,0.98359233,0.9838737,0.9879772,0.98560864,0.9839055,0.9840232,0.9861783,0.9881727,0.9830189,0.9888934,0.98496765,0.98932785,0.98526573,0.990514,0.9898506,0.9924218,0.9869845,0.9836601,0.9887635,0.9845336,0.98581964,0.98975086,0.98730403,0.98455495,0.99347603,0.9863605,0.9900351,0.9870025,0.9858119,0.98768604,0.9896649,0.9812756,0.98768145,0.9877029,0.98184437,0.98420745,0.9887869,0.99263674,0.986506,0.9873182,0.9837249,0.9856356,0.968519,0.98526657,0.98290026,0.98362786,0.9854632,0.97319424,0.9823553,0.9810562,0.9877634,0.98663294,0.9870367,0.9891517,0.9878721,0.9888796,0.98713684,0.98718506,0.9892282,0.9913585,0.9863008,0.9880487,0.98945355,0.9808913,0.9849298,0.9876448,0.9648273,0.98684365,0.98711497,0.9876231,0.98791814,0.9880772,0.9899096,0.9838878,0.98667926,0.98786867,0.9874423,0.98778284,0.9835635,0.98116344,0.98659515,0.98567295,0.98993385,0.98676884,0.984067,0.9789149,0.9808798,0.98677164,0.9879295,0.9794328,0.978754,0.9862268,0.9900107,0.9869184,0.9878875,0.98954535,0.981064,0.9894699,0.9856604,0.9917076,0.9870431,0.98784214,0.9819234,0.98632133,0.9861188,0.9886772,0.9868078,0.98795664,0.98978114,0.98631305,0.98741335,0.98976576,0.98481077,0.98940796,0.9864658,0.9875593,0.9862757,0.98793983,0.98594195,0.987676,0.9853468,0.99036455,0.98219955,0.9874548,0.98175794,0.98807126,0.9878022,0.98834735,0.98911613,0.9880004,0.9867744,0.9878279,0.9896932,0.98551166,0.9878798,0.988026,0.9792112,0.98825574,0.9917722,0.98015964,0.98732483,0.99126685,0.98887503,0.98853767,0.98394626,0.9875691,0.98890203,0.98960173,0.9883187,0.9770625,0.9874563,0.9852795,0.98979086,0.9854997,0.98591775,0.98741597,0.9577901,0.9886836,1.0000002,0.98629713,0.9835038,0.9892826,0.9833879,0.9868194,0.99044716,0.98854804,0.9880907,0.9891268,0.98682785,0.9893701,0.98784775,0.986441,0.9872789,0.9874966,0.9867415,0.9796448,0.98365134,0.9895625,0.9894206,0.98944557,0.98933566,0.9896743,0.9896665,0.98999447,0.98881453,0.98999554,0.9885651,0.9912206,0.9878536,0.98560375,0.9909553,0.99066055,0.9890746,0.9870228,0.9895384,0.9889366,0.9896298,0.989392,0.9801992,0.98748475,0.9820844,0.9864978,0.9849508,0.9878643,0.9875596,0.9862658,0.98438793,0.9895244,0.96976584,0.98686486,0.98833334,0.9909977,0.98117423,0.9863008,0.98905647,0.9751098,0.98699874,0.98788357,0.9890249,0.978947,0.98632085,0.9893317,0.985844,0.98982686,0.9876638,0.9870519,0.985254,0.99426675,0.98556226,0.9895046,0.9879996,0.98874617,0.9880184,0.9878771,0.9911439,0.98803234,0.9917276,0.9863174,0.9893928,0.9697162,0.98803914,0.9904987,0.99031705,0.9859954,0.99060076,0.98756653,0.98856634,0.98734534,0.9908485,0.9852885,0.98880327,0.98996496,0.98510414,0.98615456,0.9813326,0.98475015,0.9868453,0.9890048,0.9915162,0.98875856,0.97921103,0.9883818,0.986224,0.989198,0.98849845,0.98832667,0.99019563,0.98927987,0.9944339,0.9919319,0.9895668,0.98728186,0.987362,0.9893447,0.98663414,0.9866431,0.9747561,0.970335,0.97886294
ipip87,0.99071354,0.98403037,0.9878003,0.9826279,0.98899573,0.9823135,0.99059397,0.98460597,0.98951864,0.98205274,0.9827319,0.98877317,0.9846843,0.98221946,0.9775688,0.98591685,0.98845094,0.98634917,0.9878292,0.98777014,0.9903485,0.9864967,0.98905885,0.9890959,0.98550546,0.9890323,0.9838476,0.98953855,0.985614,0.9860922,0.99005103,0.98650736,0.9858572,0.98922604,0.9912328,0.98813266,0.9902643,0.9906105,0.98823184,0.98914057,0.98031086,0.9887092,0.98686755,0.98257816,0.98005486,0.98931736,0.9848859,0.9812072,0.98944277,0.983759,0.9871869,0.96472394,0.98667425,0.9834584,0.9800743,0.9850567,0.97428995,0.9798043,0.98116934,0.9867244,0.9890676,0.98483723,0.989698,0.985971,0.9847591,0.9810667,0.9895212,0.98928773,0.9882413,0.98338497,0.9911816,0.9877654,0.9786834,0.9870205,0.983983,0.9566715,0.9833341,0.9869764,0.9862158,0.9880295,0.9860593,0.9902147,0.98114115,0.9897139,0.9887739,0.99084896,0.9897793,0.980406,0.97826207,0.98894036,0.98555225,0.99031544,0.98767346,0.9830203,0.97476935,0.9780093,0.99045104,0.98473793,0.9755707,0.9729909,0.98542935,0.98907566,0.9873849,0.9856679,0.9885667,0.97237855,0.9896799,0.9809447,0.98759294,0.9904568,0.99049014,0.98504657,0.9860133,0.9867232,0.9902242,0.9857957,0.9898544,0.99114555,0.9914911,0.9835144,0.9907945,0.9867549,0.9893621,0.9905589,0.99179655,0.9824224,0.98491824,0.98742783,0.9842884,0.98524207,0.9912248,0.97243196,0.98395044,0.9795464,0.99036485,0.9885502,0.9869193,0.98749435,0.99064684,0.99128413,0.99009705,0.9887582,0.98436075,0.9890023,0.9883523,0.97828007,0.9876606,0.98907894,0.97727114,0.98847365,0.98896724,0.98350143,0.97901297,0.97560954,0.9914022,0.9863772,0.9854053,0.98810405,0.9757834,0.99122995,0.981779,0.99208504,0.9914811,0.98303,0.99151134,0.9571934,0.9905022,0.98629713,0.9999996,0.9870578,0.9917529,0.98212385,0.992629,0.99140185,0.9894197,0.9907655,0.9891271,0.9868933,0.98562783,0.987085,0.9818118,0.98562753,0.98413354,0.98591477,0.97371566,0.9835237,0.9906258,0.9905104,0.99040294,0.9823125,0.9906278,0.9900213,0.99037284,0.9895052,0.9905159,0.9911371,0.99122,0.9913493,0.9826195,0.9842406,0.988161,0.9917482,0.9828219,0.991408,0.98944557,0.98775226,0.9909315,0.97266316,0.9828071,0.9806556,0.98636365,0.98720384,0.98950714,0.9868265,0.9842185,0.98182267,0.9855969,0.9593166,0.9859463,0.98774564,0.99002755,0.98312485,0.9881794,0.98559463,0.97117174,0.9895974,0.99173874,0.9892194,0.969556,0.9818846,0.98883396,0.9892608,0.98859096,0.98591757,0.9893721,0.9860845,0.99056137,0.98887634,0.9907552,0.9846337,0.9902452,0.9868593,0.99146366,0.9856925,0.985993,0.9893787,0.9838966,0.99100864,0.96711904,0.9874085,0.98978615,0.9900843,0.9811705,0.989473,0.986852,0.99052364,0.989803,0.9894663,0.9846201,0.989024,0.991241,0.9835887,0.9861112,0.97981924,0.98353386,0.9878934,0.98554784,0.98539865,0.987286,0.9735587,0.991012,0.98124814,0.98854214,0.9904771,0.98939973,0.98712975,0.9862919,0.98938626,0.98378706,0.98879987,0.98662347,0.99071515,0.98673075,0.98531383,0.9874654,0.96985257,0.96289015,0.9785305
ipip117,0.98479927,0.9820634,0.9843681,0.9819679,0.9857838,0.9816906,0.9854415,0.9826277,0.9858813,0.9820077,0.98451006,0.9843441,0.9859934,0.9829918,0.9793399,0.9864357,0.98566985,0.9817916,0.9858734,0.9846504,0.98783803,0.9825426,0.98591435,0.9834972,0.98329765,0.98812664,0.9825795,0.986976,0.9864904,0.9854568,0.98571557,0.98508424,0.9827808,0.98635095,0.9847844,0.9876403,0.98883164,0.9848129,0.98680305,0.98580045,0.9818391,0.986626,0.9842575,0.984434,0.9797553,0.98676604,0.9839028,0.97970873,0.9869492,0.9843304,0.98427963,0.9695966,0.98530966,0.9833716,0.9777745,0.985233,0.97784954,0.9814105,0.9829614,0.98485696,0.9827254,0.9846466,0.9851548,0.9840334,0.9824276,0.98203593,0.98535365,0.98367834,0.9817327,0.980298,0.9839544,0.98600787,0.97809976,0.98303527,0.98364747,0.9627602,0.98373556,0.9850091,0.9846326,0.98418385,0.982263,0.98728275,0.9833915,0.9846184,0.9879081,0.98570275,0.98671687,0.9815104,0.97864306,0.9827371,0.9862854,0.9864036,0.98594475,0.9849462,0.9752015,0.97970206,0.98296773,0.9831192,0.9793327,0.9754748,0.98606455,0.98473936,0.9848947,0.98455554,0.9862002,0.9759154,0.9872188,0.97826266,0.9845015,0.98494244,0.985856,0.98269796,0.9851597,0.9881335,0.98686904,0.98510057,0.9888305,0.9872671,0.9862464,0.98343503,0.988199,0.98741025,0.9870934,0.98595184,0.9897676,0.98147404,0.9844542,0.9851494,0.98012954,0.98455125,0.9864548,0.9758583,0.9821853,0.97955394,0.98704445,0.9851055,0.98321056,0.9848532,0.985778,0.98313266,0.98388517,0.98611474,0.98479176,0.9841619,0.98543173,0.98001164,0.98385936,0.9824734,0.97985166,0.9863712,0.9848093,0.9828724,0.98071355,0.9775547,0.98656636,0.98634416,0.98581076,0.98645645,0.98044765,0.98610425,0.9824866,0.98792356,0.98605657,0.98229116,0.98466045,0.96350956,0.9873375,0.9835038,0.9870578,0.9999998,0.987012,0.9861949,0.9910543,0.9878378,0.98511356,0.98789454,0.9856579,0.9853128,0.98410404,0.98667496,0.9829869,0.9848388,0.98626006,0.9845121,0.9767979,0.9831222,0.98820686,0.98801565,0.98801607,0.9824641,0.9881492,0.9867717,0.9874118,0.9853299,0.98734784,0.98653203,0.9873323,0.98721033,0.9839229,0.98379713,0.9855848,0.98538834,0.98375094,0.9877762,0.986876,0.98516715,0.9859259,0.97513384,0.9824704,0.9819937,0.9833577,0.98602635,0.98535305,0.98498577,0.98283976,0.9832833,0.9845128,0.96416736,0.9851888,0.98545134,0.98621416,0.98026174,0.9862579,0.9840797,0.9747568,0.98540455,0.9870415,0.98614866,0.972741,0.9817344,0.98662955,0.98724246,0.9834402,0.98303956,0.98677284,0.9854391,0.9851106,0.9859262,0.98819226,0.98572314,0.9871691,0.9852964,0.98771596,0.98173136,0.9867253,0.9857691,0.9821679,0.9852841,0.97236294,0.9857649,0.9854523,0.98551375,0.98249906,0.9856468,0.9853471,0.98855656,0.9863108,0.98460627,0.98536134,0.98479986,0.98686576,0.9827291,0.985458,0.9810997,0.98312145,0.9858808,0.9843621,0.98116547,0.9845401,0.9759508,0.98583174,0.9807521,0.98495615,0.98611265,0.9837392,0.98423433,0.9850323,0.98302025,0.9811549,0.985287,0.98057926,0.9857599,0.9818982,0.9799177,0.9850695,0.9717296,0.96802753,0.97801775
ipip147,0.9953025,0.9853098,0.99142855,0.9847404,0.9930012,0.9854931,0.9948083,0.98417395,0.9916185,0.98430717,0.98502666,0.9914579,0.9847313,0.9825642,0.98016846,0.9876389,0.9898842,0.9834105,0.99002725,0.98700273,0.99208647,0.987896,0.99512887,0.99167883,0.98754895,0.9905326,0.9828104,0.9904356,0.98603576,0.98677593,0.99203724,0.98814124,0.9868473,0.9917579,0.993661,0.9940368,0.9918593,0.9939333,0.98933977,0.989651,0.9808944,0.99123824,0.9881815,0.9813458,0.98217076,0.992585,0.98692715,0.9849528,0.99046093,0.98298293,0.9879495,0.9625613,0.9898189,0.98181355,0.9816986,0.9849249,0.9761974,0.9795305,0.9826567,0.98891056,0.99253756,0.9882725,0.9933278,0.98808616,0.9876099,0.9846117,0.9917965,0.992728,0.98998755,0.9838835,0.99665844,0.99243575,0.98009473,0.9897323,0.98487955,0.9547577,0.9835231,0.98836464,0.9874829,0.9901293,0.9888839,0.9932511,0.9840312,0.9922562,0.99064654,0.99422336,0.9918661,0.97945577,0.9783919,0.98967373,0.9875619,0.9953228,0.9898567,0.9816789,0.9748536,0.9774742,0.99506235,0.9865789,0.9755465,0.9697671,0.98667306,0.99381703,0.9898333,0.98816615,0.9902745,0.9720885,0.99250203,0.9834287,0.9899924,0.99378276,0.99463236,0.9869377,0.9872842,0.9869499,0.99195665,0.98709965,0.9917472,0.99343723,0.99279016,0.98437953,0.99378824,0.9867922,0.99204737,0.991692,0.9937302,0.9834454,0.98578835,0.98875237,0.9870834,0.98480517,0.996627,0.9723706,0.9857847,0.97832775,0.99506456,0.99205405,0.9900675,0.99065304,0.9944043,0.99434114,0.99451417,0.9910525,0.98477566,0.99072754,0.99076974,0.9772631,0.98886377,0.99083006,0.9769582,0.9881692,0.99380875,0.98728174,0.9803136,0.9772591,0.99445856,0.99003327,0.9891009,0.99015945,0.97446066,0.9942664,0.9819609,0.9953042,0.9902879,0.9858997,0.9950884,0.9547044,0.9938362,0.9892826,0.9917529,0.987012,1.0000002,0.98302287,0.99430746,0.9926379,0.99197394,0.99272263,0.9927034,0.9892633,0.9881784,0.98884195,0.9811318,0.98674214,0.98555255,0.98656446,0.97443694,0.9852127,0.99278235,0.99269724,0.9925913,0.98335785,0.99240136,0.9929803,0.9931447,0.9921074,0.99290156,0.9949956,0.99398607,0.9959395,0.98303616,0.9851439,0.98922884,0.99527717,0.984354,0.9938909,0.991799,0.9906589,0.9932476,0.97192734,0.9835766,0.9793545,0.98688394,0.9883937,0.9921567,0.98894626,0.9843336,0.9822421,0.9884997,0.9574507,0.986559,0.9899039,0.9964699,0.98182786,0.98846114,0.9871677,0.97214353,0.9925019,0.99461204,0.9904632,0.96876925,0.9834676,0.98976487,0.99046373,0.99233985,0.9902099,0.9923054,0.9854989,0.99268913,0.9874678,0.9945154,0.9866849,0.99019575,0.98742086,0.9934159,0.98749864,0.9864871,0.99106395,0.9871367,0.99761045,0.96670955,0.9909678,0.9935984,0.9938512,0.982301,0.99342996,0.98747677,0.99061567,0.98978746,0.99343944,0.98586655,0.99174607,0.9933959,0.983407,0.9859219,0.9767814,0.98337173,0.9907876,0.99016064,0.99078363,0.9900483,0.97482747,0.9957962,0.9839693,0.9911984,0.9939084,0.98991627,0.99122596,0.99087274,0.9926007,0.98714316,0.992696,0.9886207,0.9925707,0.98690987,0.987698,0.98841685,0.9713671,0.96199346,0.98087305
ipip177,0.9811704,0.9850188,0.9832042,0.9833788,0.984491,0.9832683,0.98167235,0.98378295,0.985151,0.9831915,0.9821375,0.9838879,0.98524284,0.9827389,0.9816999,0.9836791,0.9840862,0.98280627,0.98628753,0.98291725,0.98533475,0.9837578,0.9843932,0.9842252,0.98461735,0.9890516,0.9846776,0.9841873,0.9865297,0.98394,0.98324376,0.9841074,0.98151064,0.9845488,0.97974294,0.9850026,0.9836013,0.9791319,0.98474437,0.98430926,0.9837847,0.98478365,0.9845916,0.9823714,0.98195505,0.9861106,0.98609287,0.9796777,0.98460126,0.98488176,0.98461276,0.9750994,0.98346204,0.98177725,0.98067504,0.9853885,0.9808041,0.98530424,0.9834187,0.9844911,0.97819406,0.98358285,0.98127353,0.9840442,0.98234415,0.98212266,0.98303896,0.9824398,0.9805618,0.98492354,0.980298,0.98608524,0.9800425,0.9826941,0.98502856,0.96844715,0.9844562,0.9835031,0.98478144,0.98312694,0.98308855,0.98428446,0.9831142,0.9813704,0.98623854,0.98143715,0.9830083,0.9817949,0.9820281,0.98268974,0.9851289,0.9818865,0.984619,0.98182505,0.97665673,0.9831048,0.9789811,0.9834282,0.97892916,0.97919756,0.9839119,0.98192286,0.98230505,0.9843746,0.9834761,0.97999585,0.98390394,0.9788215,0.98335814,0.98109984,0.9820463,0.98001766,0.98553604,0.98532367,0.98360914,0.98606205,0.9840391,0.9828614,0.98163575,0.9838757,0.98453563,0.98480684,0.98542154,0.9820793,0.98516154,0.9801656,0.9844422,0.9838988,0.98176694,0.9843601,0.98368186,0.9783461,0.9836531,0.98030025,0.98342264,0.98393357,0.98323774,0.9855348,0.9823884,0.9792067,0.9799698,0.9841798,0.9823634,0.9831146,0.9839846,0.98225915,0.9838081,0.98131657,0.98404425,0.9845789,0.9824726,0.983578,0.98222476,0.98002964,0.9816332,0.9868394,0.9862603,0.9848583,0.9796692,0.98158586,0.9838888,0.9837273,0.9809222,0.98078424,0.9803385,0.9627441,0.9843955,0.9833879,0.98212385,0.9861949,0.98302287,0.9999993,0.9816512,0.98415303,0.98240066,0.98312443,0.9842194,0.98462915,0.9838593,0.98412913,0.9835425,0.985077,0.9854082,0.98475003,0.9804337,0.9834652,0.9845088,0.9840604,0.9843818,0.98430115,0.98425275,0.9833312,0.98406994,0.9829606,0.9846707,0.98225677,0.98541075,0.98248637,0.98439527,0.98621076,0.98356307,0.98127,0.9853257,0.98545754,0.98511696,0.9850043,0.98267466,0.97813696,0.9847592,0.98445845,0.9829195,0.9807751,0.9819887,0.9841917,0.9837023,0.98404276,0.98304015,0.9689268,0.9827921,0.9835779,0.98411673,0.97815436,0.983778,0.9840942,0.9754128,0.981591,0.98173624,0.9840759,0.9764223,0.98165625,0.98442733,0.98477936,0.981753,0.98074985,0.98331803,0.9843892,0.9845742,0.9822597,0.98569036,0.98576576,0.98407286,0.9875064,0.9838651,0.9838254,0.9855304,0.98461956,0.98564315,0.9810722,0.9789858,0.9873646,0.9848239,0.98407954,0.98462737,0.984532,0.98576707,0.9847792,0.9844724,0.98386663,0.98618853,0.9837348,0.9835359,0.9838238,0.9853817,0.9814696,0.9838195,0.9838844,0.9861144,0.98216283,0.98519886,0.98033404,0.9825012,0.9855899,0.9829074,0.9843094,0.98354906,0.9849338,0.98585504,0.98195404,0.9815726,0.9846832,0.98255247,0.9826848,0.9830819,0.9809649,0.98492444,0.97728074,0.9726429,0.979238
ipip207,0.99374586,0.9831839,0.9897207,0.98198205,0.9894004,0.9830733,0.99351954,0.9846212,0.991116,0.9817934,0.98482734,0.9897089,0.98469496,0.98159206,0.9784211,0.9882273,0.9898289,0.98410076,0.9889904,0.98801446,0.99102336,0.9867611,0.990346,0.9902221,0.9853257,0.9915263,0.9818966,0.9905553,0.9872376,0.9862735,0.9905886,0.9880447,0.9867046,0.9915558,0.9945836,0.9903876,0.9943155,0.99426854,0.99024546,0.98941267,0.9806654,0.99055266,0.9862641,0.9827486,0.97998697,0.9910942,0.9850006,0.9839066,0.99026865,0.9834828,0.9867045,0.96166855,0.98778194,0.9819041,0.978695,0.98389316,0.97402287,0.9793128,0.9817063,0.9872591,0.9914054,0.9863501,0.9920436,0.98696345,0.9867797,0.98229396,0.9917115,0.991188,0.9881966,0.98302656,0.9937337,0.99004096,0.9774755,0.9863661,0.9845324,0.9560465,0.9835005,0.9884822,0.98663497,0.9890992,0.9875566,0.9921814,0.9833283,0.99302083,0.99066216,0.9939004,0.9917933,0.97984713,0.9790893,0.98966455,0.98783296,0.99427533,0.98927724,0.98151636,0.9742468,0.97711766,0.9930505,0.985293,0.9763617,0.9699335,0.9875242,0.9922816,0.9899003,0.9875755,0.98923683,0.9723145,0.9916062,0.9816723,0.9890491,0.99337643,0.99386436,0.986039,0.98514324,0.9884907,0.9929738,0.9851901,0.99296564,0.9933016,0.99364525,0.9849473,0.99341846,0.9882979,0.9905783,0.9913353,0.9942539,0.98280376,0.9861681,0.9886724,0.98466676,0.98565173,0.9936028,0.9723482,0.9823851,0.9783504,0.9928449,0.9898897,0.9881332,0.9892087,0.99388564,0.9931172,0.9931511,0.99029124,0.9853104,0.9894221,0.98942286,0.97745603,0.9884301,0.98930204,0.9766966,0.9893192,0.9919473,0.98537433,0.97895104,0.9757082,0.99521685,0.9870961,0.9857453,0.98724437,0.97525865,0.994824,0.9805551,0.9935692,0.9912918,0.98423874,0.99373996,0.9570178,0.9936681,0.9868194,0.992629,0.9910543,0.99430746,0.9816512,1.0000006,0.99211,0.9920515,0.9939567,0.9915375,0.98851234,0.9869273,0.98967844,0.9816853,0.9863633,0.9853747,0.98676074,0.9730205,0.9845327,0.9937992,0.9936192,0.993646,0.98292726,0.9929344,0.9928795,0.9933186,0.99181557,0.9927013,0.9944972,0.9933664,0.99467754,0.9841596,0.9840009,0.98956406,0.99455994,0.9813036,0.99340063,0.99029297,0.98929924,0.9934761,0.9723176,0.9828054,0.98060656,0.9857951,0.99043757,0.9922953,0.98775184,0.98370034,0.9827998,0.98836595,0.9575508,0.98711,0.99003243,0.9922403,0.9830546,0.9893964,0.98573905,0.97132266,0.9919629,0.9952089,0.9903195,0.96749955,0.98331714,0.9901477,0.9909539,0.9899574,0.9884233,0.99235535,0.98663354,0.9911493,0.9867424,0.9911667,0.9845385,0.9896561,0.98628116,0.9933103,0.98554486,0.98723346,0.9904346,0.9824937,0.9943013,0.9651992,0.9864696,0.99136376,0.992032,0.98087686,0.99181193,0.9868711,0.99085647,0.99015206,0.98981905,0.9835095,0.99044096,0.9931849,0.98299474,0.9864488,0.9776003,0.9827571,0.98837864,0.986115,0.9865292,0.98685455,0.97139543,0.9940226,0.9810836,0.98879284,0.9924086,0.98758304,0.9875954,0.98685664,0.99006873,0.9845889,0.98984563,0.9862135,0.9922249,0.9859843,0.98579717,0.98832786,0.9688191,0.9610547,0.9796571
ipip237,0.9925285,0.98607,0.98986554,0.9842751,0.9891147,0.9846012,0.9922042,0.9859423,0.99316657,0.98370963,0.985385,0.99022716,0.98748606,0.98664033,0.98178416,0.9882015,0.9902663,0.98894584,0.991556,0.9894456,0.9926697,0.98844784,0.99240786,0.99297523,0.9885224,0.99082625,0.98565966,0.9919446,0.9887542,0.98810786,0.9936085,0.9888661,0.987287,0.99147874,0.99247766,0.9911395,0.991577,0.9916677,0.9911472,0.990575,0.9826401,0.9901103,0.98951066,0.98518544,0.9844954,0.9910179,0.98821867,0.98481816,0.9908792,0.9868436,0.98864126,0.9674909,0.98748976,0.9850628,0.98484594,0.985943,0.975301,0.9822297,0.98376787,0.98897594,0.9904851,0.9879685,0.9913693,0.9902124,0.9888606,0.98480093,0.9915351,0.99106956,0.99001276,0.9846756,0.9922676,0.99180126,0.9792226,0.9864965,0.98674244,0.95997244,0.9868425,0.9897429,0.9905617,0.99181545,0.9886082,0.99240875,0.9858396,0.991287,0.9916432,0.99171466,0.99137235,0.9849869,0.98116785,0.9901404,0.9873142,0.99262184,0.98938775,0.98364973,0.9777449,0.9801774,0.990057,0.9887451,0.9783753,0.9748897,0.9876701,0.99326164,0.98954064,0.98982006,0.9914309,0.97702056,0.9927048,0.9836614,0.99040717,0.991613,0.99196583,0.9864624,0.98763,0.98783624,0.9911891,0.988719,0.99111533,0.9922251,0.9911959,0.98581654,0.99382854,0.98900455,0.99180704,0.9920718,0.99350053,0.98747694,0.9877766,0.989461,0.9893179,0.98784536,0.99216884,0.97845995,0.98686147,0.9840724,0.99178797,0.99109674,0.98920757,0.98976225,0.99213415,0.9909113,0.9919569,0.992104,0.9876566,0.99156,0.99046385,0.98167527,0.990084,0.9904616,0.9811897,0.99007154,0.99352574,0.98949575,0.9850607,0.98094743,0.992118,0.9902559,0.9900994,0.9899587,0.9779381,0.9918467,0.9839632,0.9930812,0.9901647,0.986714,0.9918606,0.95781416,0.9912693,0.99044716,0.99140185,0.9878378,0.9926379,0.98415303,0.99211,0.9999995,0.9934432,0.99236465,0.9913827,0.98840964,0.9892802,0.98926514,0.9859263,0.99020433,0.9888585,0.9897506,0.97649354,0.98553205,0.9921054,0.9925141,0.9921153,0.9874463,0.99226975,0.9919817,0.9921615,0.9933229,0.99273443,0.9922814,0.99253243,0.99248856,0.986641,0.98689294,0.98931074,0.99195606,0.98423654,0.99233013,0.99153227,0.992176,0.9935918,0.9778741,0.98657256,0.9848802,0.98867327,0.98917747,0.9927269,0.9904326,0.9884136,0.98579556,0.98823386,0.96476454,0.98793286,0.9907955,0.9928726,0.98339885,0.9896155,0.9901426,0.9748506,0.99064124,0.992108,0.99118173,0.9744168,0.9866295,0.9903833,0.98955905,0.99033505,0.9886644,0.9907988,0.9875843,0.99213773,0.9870236,0.9924651,0.9884483,0.9924115,0.98881125,0.9921406,0.98892105,0.9885589,0.99132454,0.9855343,0.9929181,0.969564,0.98891973,0.99232006,0.99203473,0.98465073,0.99232197,0.988646,0.990919,0.9907944,0.9926533,0.9873249,0.9918843,0.99220425,0.9876868,0.9874236,0.97865903,0.9855429,0.988816,0.9898882,0.9905719,0.9901443,0.9777953,0.992172,0.9841415,0.99185467,0.9913451,0.9909578,0.9902016,0.9893917,0.99131566,0.9869404,0.99095935,0.989243,0.99119145,0.9878266,0.9884822,0.98863167,0.970351,0.9645282,0.97905695
ipip267,0.9925984,0.9858073,0.9890526,0.9848233,0.98963535,0.98504645,0.9932042,0.98557127,0.9944529,0.9852228,0.98622996,0.9898622,0.9857872,0.9836395,0.9815839,0.98744327,0.98899055,0.98700225,0.98966587,0.98762965,0.9905574,0.9873951,0.991234,0.993259,0.9867226,0.9904176,0.98738825,0.99066234,0.9868021,0.9886914,0.9957125,0.99058396,0.9890011,0.99183846,0.99221635,0.9902466,0.9905753,0.99170524,0.9892008,0.9894158,0.9841327,0.99160874,0.9903899,0.9844547,0.98530996,0.9909764,0.9877063,0.98499334,0.98900574,0.9846917,0.98704135,0.96677977,0.98791015,0.9830596,0.9881885,0.98734194,0.9749531,0.98390913,0.98277706,0.99081117,0.98977214,0.98699635,0.9911683,0.99004734,0.98689836,0.9842744,0.9914507,0.99296016,0.9914889,0.9864373,0.9919568,0.99052346,0.98047507,0.9861746,0.9853151,0.9599388,0.98419714,0.98771155,0.9941381,0.9957802,0.98842174,0.99155515,0.98406416,0.9900395,0.9889496,0.9913913,0.99043643,0.98220843,0.9814792,0.9900309,0.98615384,0.9926975,0.9880293,0.98134243,0.97770643,0.97970253,0.991553,0.9936346,0.979388,0.97396475,0.98656017,0.99480164,0.988815,0.9883125,0.9890645,0.97877014,0.99099153,0.98430175,0.9909909,0.99164706,0.99294627,0.98624355,0.98671323,0.98736024,0.99145067,0.9866249,0.9906495,0.99182147,0.9920215,0.98609203,0.9928546,0.98780787,0.9913329,0.9916777,0.99085325,0.9901979,0.9886571,0.98977816,0.9940297,0.9870774,0.9919763,0.97513473,0.98485076,0.9802917,0.9905101,0.9922589,0.9906676,0.99187744,0.9933122,0.9917207,0.9915188,0.99074197,0.9863229,0.9906175,0.98895085,0.97985107,0.98893577,0.9920995,0.98261195,0.9890335,0.9949917,0.99071234,0.98179555,0.97953963,0.99254084,0.9891343,0.9881237,0.98799974,0.97583705,0.99316984,0.9821006,0.9933719,0.9892272,0.98808783,0.9922922,0.9586632,0.9922209,0.98854804,0.9894197,0.98511356,0.99197394,0.98240066,0.9920515,0.9934432,1.0000001,0.9940673,0.9908881,0.988482,0.9902107,0.9902599,0.9838664,0.9954541,0.9881129,0.99506754,0.9783083,0.9865828,0.9933383,0.9936923,0.99333763,0.98886275,0.9916463,0.9944781,0.9943017,0.9989314,0.9917561,0.9944681,0.9934113,0.9933545,0.9876782,0.98763007,0.9894332,0.9932892,0.98430043,0.9940604,0.99143994,0.99219084,0.9966342,0.97880954,0.98780674,0.985115,0.98880774,0.9884424,0.99731815,0.9914408,0.99242103,0.98540896,0.9886543,0.96417314,0.9872384,0.9890414,0.9918325,0.98420316,0.9906364,0.98941827,0.97585255,0.99190027,0.9934406,0.9910047,0.9756903,0.9872296,0.99045634,0.9910096,0.99104017,0.98884165,0.9919481,0.9891061,0.9916225,0.9848414,0.9907362,0.98622394,0.9889655,0.9862833,0.99312496,0.9922707,0.98960525,0.99193794,0.98476696,0.99233264,0.9700953,0.9869046,0.9944689,0.99469185,0.985734,0.99429953,0.9896809,0.9897774,0.9895509,0.9923737,0.98486125,0.99114007,0.9947643,0.99311954,0.9883094,0.980388,0.9862966,0.98927885,0.98766184,0.9902779,0.9885205,0.97758156,0.9933137,0.98631424,0.99258286,0.992535,0.9913045,0.9892397,0.9886322,0.9907748,0.98722553,0.9895954,0.99383193,0.99246144,0.98896384,0.9932749,0.99040204,0.9736467,0.9640961,0.9806951
ipip297,0.9933568,0.98562884,0.99053603,0.9844125,0.9894746,0.9836536,0.99443346,0.9873509,0.9928865,0.9843998,0.9877337,0.99171233,0.9880114,0.9842585,0.9823875,0.9896454,0.99036044,0.9873796,0.99041575,0.98989713,0.99151677,0.98790675,0.99205863,0.99146295,0.9868578,0.9916076,0.9858004,0.9915057,0.9875326,0.9890577,0.99261564,0.9907698,0.98961705,0.9920334,0.99386317,0.99107486,0.9936247,0.99384797,0.990055,0.9903436,0.9846053,0.9935813,0.9895566,0.9894157,0.9820752,0.99155354,0.9872018,0.9853901,0.991188,0.9851032,0.9879234,0.96674055,0.99064195,0.9844046,0.9842046,0.9896616,0.97497445,0.9832976,0.98516715,0.9902483,0.9905094,0.98750657,0.9927174,0.9873095,0.9876987,0.98465526,0.99324733,0.99260634,0.9915003,0.98679227,0.9928756,0.9922421,0.9803839,0.9885584,0.98712224,0.9631738,0.98563594,0.99004585,0.9911188,0.9920714,0.9891052,0.9931155,0.98484164,0.9912176,0.9903947,0.99345565,0.99202895,0.9834546,0.9818515,0.99120164,0.9875584,0.99366665,0.9897178,0.9830402,0.978468,0.9811369,0.99161553,0.989405,0.9800338,0.9764641,0.98886883,0.9925472,0.99061424,0.98821336,0.98964864,0.9776997,0.9921692,0.98342067,0.99156463,0.9938237,0.99479395,0.9871461,0.9882132,0.9898996,0.99364567,0.98862195,0.992965,0.99366814,0.9928491,0.9889155,0.99428815,0.99002635,0.99265105,0.99278337,0.993774,0.98723376,0.9905201,0.99198264,0.9890257,0.98828655,0.99328625,0.977534,0.98606133,0.9817322,0.9928012,0.99212134,0.9893737,0.99263316,0.99500376,0.99206436,0.99178976,0.99135554,0.9877342,0.990648,0.98948425,0.9807719,0.9900448,0.9921709,0.9832858,0.99056053,0.99312,0.9881026,0.98323923,0.979993,0.9937429,0.9903283,0.98878926,0.9903647,0.97845155,0.99415547,0.9839615,0.994865,0.99189675,0.9875846,0.9932006,0.96255535,0.99386525,0.9880907,0.9907655,0.98789454,0.99272263,0.98312443,0.9939567,0.99236465,0.9940673,0.99999976,0.99235183,0.9888324,0.9885908,0.9910651,0.98394567,0.99116635,0.9884402,0.99050605,0.9792218,0.98795253,0.99387145,0.99416614,0.99384797,0.98698634,0.9923643,0.9962108,0.996607,0.99385214,0.9930292,0.9970622,0.99428034,0.9940376,0.98658353,0.98731595,0.9912112,0.99329215,0.9841427,0.9959867,0.991352,0.98901373,0.9940317,0.9756826,0.9875883,0.98361194,0.9895529,0.9902945,0.9935416,0.9907783,0.98946327,0.9831764,0.99014765,0.96443444,0.9890051,0.990934,0.99229026,0.98834383,0.9913668,0.98691577,0.9773585,0.994129,0.99480134,0.99089944,0.97286254,0.9853433,0.99036175,0.991743,0.99107707,0.988904,0.9930064,0.98890793,0.9911065,0.9878701,0.9925707,0.9873754,0.99115443,0.98910636,0.99662256,0.9889715,0.99222803,0.99271554,0.98476017,0.99339175,0.9699008,0.98723334,0.99291104,0.9934908,0.98546416,0.9932414,0.98932016,0.99061686,0.98980707,0.99149626,0.9862391,0.99058956,0.99656236,0.98763525,0.9906412,0.9825298,0.98658186,0.9920159,0.98973536,0.9892745,0.98968786,0.9795169,0.9945188,0.9862243,0.99081856,0.99353284,0.99036777,0.99053,0.9903063,0.99081254,0.98675114,0.99142766,0.9897319,0.9949772,0.9890487,0.9895806,0.99214786,0.97232836,0.9661662,0.9826599
ipip1,0.99394566,0.98700976,0.99219257,0.98550814,0.9902132,0.9870675,0.99483365,0.98834896,0.9949164,0.9857291,0.98519826,0.99091667,0.98632574,0.98429024,0.982813,0.98873067,0.99145114,0.9878839,0.99084437,0.9892615,0.99170953,0.98987657,0.99182075,0.99622583,0.98719716,0.9918865,0.9854408,0.9921872,0.9868891,0.98777246,0.9917533,0.9901133,0.98839563,0.9912927,0.99238753,0.99039954,0.99263656,0.992132,0.9902533,0.99041563,0.9838195,0.9922963,0.98904777,0.9828814,0.98433226,0.9916687,0.98784256,0.9866033,0.9909342,0.98468494,0.9884342,0.9696054,0.9890915,0.9864956,0.98355514,0.98770154,0.9763753,0.9855831,0.9862757,0.9899875,0.9897276,0.98806906,0.9920058,0.9888876,0.9874615,0.9867082,0.99292034,0.9936232,0.9902465,0.9875965,0.99274325,0.991363,0.98280686,0.9878353,0.9879043,0.9637945,0.9858425,0.9899301,0.9892206,0.9907945,0.9887523,0.9925663,0.98481727,0.99061596,0.9900702,0.9932877,0.99238163,0.98348576,0.98106134,0.9897378,0.986664,0.99316114,0.9897771,0.98293257,0.9791626,0.9816691,0.99144095,0.98758113,0.9791229,0.9746387,0.98749083,0.99215066,0.98915386,0.9877309,0.9899146,0.9791834,0.9924385,0.9846448,0.99217266,0.9929331,0.9939058,0.9861672,0.98686826,0.98938,0.99244267,0.9869698,0.9931759,0.9930451,0.9914885,0.98750216,0.99248946,0.9877689,0.9923185,0.99022436,0.99274004,0.9866135,0.9907315,0.9906895,0.9879793,0.9880165,0.99219364,0.97747654,0.98528165,0.98254967,0.9910302,0.99078727,0.99000174,0.99101657,0.99347246,0.9918008,0.9919406,0.991318,0.98760635,0.9913327,0.9912129,0.9806841,0.98996747,0.9910141,0.98138285,0.990101,0.9929694,0.98798734,0.9832155,0.98046905,0.99220216,0.98935103,0.98866194,0.9880462,0.97828317,0.99302214,0.98194486,0.992728,0.9883081,0.9855954,0.99293035,0.9573486,0.99223316,0.9891268,0.9891271,0.9856579,0.9927034,0.9842194,0.9915375,0.9913827,0.9908881,0.99235183,0.9999999,0.9945775,0.9934971,0.9925525,0.9870927,0.99029475,0.98681766,0.9892951,0.9836793,0.9858904,0.99381435,0.9941257,0.9942617,0.9877859,0.9929598,0.99283224,0.99293256,0.99149287,0.9920028,0.9938037,0.9945946,0.99418855,0.9869596,0.9884517,0.99085736,0.994504,0.98682004,0.99340063,0.9915506,0.9895403,0.99391866,0.98120755,0.9886227,0.9860771,0.9887444,0.9892987,0.99108016,0.9895997,0.98760515,0.9834678,0.99016815,0.9666888,0.99048615,0.99057126,0.9921661,0.98324,0.9900775,0.9878972,0.97480404,0.99010235,0.99536866,0.9932623,0.97812784,0.98591185,0.992743,0.9907138,0.991338,0.99007094,0.9913483,0.9882705,0.99117637,0.98517084,0.9916234,0.9872508,0.9903003,0.9909824,0.9925601,0.9882419,0.98915374,0.99388045,0.98703986,0.9925572,0.97067475,0.9870187,0.9919763,0.9921941,0.98432314,0.99255806,0.9877995,0.9915777,0.9915475,0.9922238,0.98658115,0.9918505,0.9931256,0.9861748,0.98872757,0.98112845,0.98671997,0.9895734,0.98867536,0.9909549,0.98922265,0.97951734,0.99441653,0.98703456,0.98955137,0.99272877,0.98966205,0.9908156,0.98903686,0.9898079,0.98768485,0.9934792,0.98822844,0.9926914,0.9894239,0.98770803,0.99032885,0.9735024,0.96822965,0.98205835
ipip31,0.9904021,0.98723936,0.98910964,0.9853075,0.9902472,0.9876332,0.9914705,0.98905057,0.9935035,0.9863241,0.98554474,0.9890551,0.98595,0.9842941,0.9817838,0.9876364,0.9889677,0.9877995,0.988402,0.9872325,0.98849565,0.9888831,0.98892444,0.99315137,0.9870075,0.99033767,0.9860494,0.9887536,0.9863963,0.9866121,0.9881414,0.9893095,0.98876554,0.989799,0.98857254,0.99002725,0.9893282,0.98798347,0.9876789,0.9897178,0.98456097,0.9891541,0.9875516,0.98236567,0.9851538,0.99033266,0.98793465,0.9844978,0.98905534,0.983484,0.9888444,0.9746756,0.98819584,0.9866939,0.98201877,0.9874518,0.9804761,0.98509645,0.9874575,0.989419,0.9850687,0.9859324,0.9875847,0.988819,0.9840431,0.98347586,0.9902821,0.98968226,0.9873729,0.9866725,0.9883763,0.9878737,0.98228353,0.9865081,0.98498213,0.9641578,0.98447967,0.9863928,0.9875067,0.98867685,0.987244,0.9893291,0.98258203,0.9877539,0.987975,0.98936856,0.98951155,0.9817653,0.9810314,0.9887497,0.9865926,0.98872215,0.98662996,0.9832495,0.977373,0.9823416,0.98851734,0.98707956,0.9782333,0.9755389,0.98434323,0.98886496,0.98590964,0.985552,0.9870062,0.9786364,0.98968035,0.9835685,0.9894703,0.98920715,0.9903596,0.9844038,0.9873646,0.9868965,0.9894353,0.98564464,0.9900169,0.9886738,0.988148,0.9854041,0.9879541,0.98609436,0.9888826,0.9865488,0.98928845,0.98403406,0.98825336,0.98820835,0.9854901,0.98685014,0.989217,0.974139,0.98405653,0.9795274,0.988636,0.989039,0.9880347,0.98959714,0.9900116,0.98845106,0.9876811,0.9885151,0.98379666,0.9898876,0.98828256,0.98296094,0.98768574,0.9878546,0.98198956,0.9889129,0.9887626,0.98590034,0.9803327,0.97881275,0.98781693,0.98654765,0.9860997,0.98611045,0.9780927,0.9886704,0.9822018,0.9898776,0.98579204,0.9845603,0.9902943,0.95953476,0.9900262,0.98682785,0.9868933,0.9853128,0.9892633,0.98462915,0.98851234,0.98840964,0.988482,0.9888324,0.9945775,1.0000005,0.9927564,0.988459,0.9850955,0.98728454,0.9854143,0.9875335,0.9819829,0.98393077,0.9898207,0.990039,0.99010205,0.98644435,0.9903902,0.9889138,0.98910105,0.9885278,0.98907316,0.98949975,0.9910998,0.9913526,0.98667705,0.9890466,0.9880859,0.99179286,0.9870521,0.99030966,0.9890295,0.98856235,0.9908942,0.98386455,0.9871175,0.987815,0.98685586,0.9875123,0.988121,0.9878928,0.9862386,0.98348933,0.9868497,0.9653256,0.98657167,0.9868303,0.98889846,0.981441,0.9875818,0.98652637,0.97443897,0.9873339,0.9917082,0.99006087,0.9774776,0.9852168,0.98980933,0.98919296,0.9877709,0.98679155,0.9885521,0.98758036,0.989172,0.98559695,0.9888257,0.98623604,0.9879638,0.98611546,0.9887848,0.98714083,0.98754925,0.9906384,0.9881387,0.98780364,0.9717403,0.9867971,0.989425,0.9895313,0.98356086,0.9896107,0.9865819,0.9886479,0.9887192,0.9890922,0.9844367,0.98820716,0.9893095,0.9850291,0.9866141,0.9814075,0.98536605,0.98854303,0.9863226,0.9868198,0.9866649,0.9789909,0.9909265,0.987615,0.9879159,0.9904252,0.9875639,0.98766285,0.98717916,0.98715323,0.98506445,0.9880775,0.9860474,0.9893257,0.98714495,0.98594487,0.988571,0.9771689,0.9712919,0.98315823
ipip61,0.98870033,0.98680663,0.98783016,0.98568046,0.9881864,0.985146,0.99036705,0.987543,0.99405706,0.9868096,0.98494947,0.9863632,0.9850145,0.9839063,0.9819341,0.98629904,0.9882836,0.9866493,0.98843753,0.986806,0.9889055,0.98702765,0.98905826,0.9932866,0.9863067,0.989611,0.9875915,0.98983824,0.985939,0.9862832,0.9898461,0.9894867,0.9870022,0.9894765,0.9870189,0.98894083,0.98865914,0.9870133,0.98717153,0.9882302,0.98469764,0.9902347,0.9885884,0.98192996,0.98603857,0.9895465,0.9886041,0.9862865,0.9879184,0.9831716,0.98667735,0.9744062,0.986191,0.9864415,0.9850388,0.9884662,0.9768889,0.9851505,0.9851653,0.9900363,0.98414075,0.9862905,0.98639554,0.98842204,0.9843949,0.9845625,0.9890912,0.9898935,0.98742145,0.98589927,0.9868497,0.9881483,0.9806749,0.9844696,0.98582643,0.96670216,0.9850231,0.9860927,0.9897995,0.98958176,0.9853949,0.98849607,0.98275465,0.9855067,0.9865202,0.98797154,0.98871756,0.9829803,0.9811283,0.9866041,0.98371017,0.98802644,0.98590595,0.98198384,0.9780968,0.9823988,0.9854118,0.98890066,0.97702557,0.9763879,0.98414165,0.98961765,0.98496217,0.9849161,0.98600405,0.97987664,0.988552,0.98244554,0.9903013,0.98737794,0.9893632,0.981941,0.9851197,0.9870023,0.9884897,0.9858949,0.9886311,0.9888598,0.9867984,0.9864598,0.9893508,0.9861831,0.9903654,0.98688847,0.9880594,0.986353,0.99144536,0.98851424,0.98861164,0.98731714,0.98919463,0.9791078,0.98498684,0.98158747,0.98820263,0.9887632,0.98827916,0.9905886,0.98981684,0.98625594,0.98592865,0.98814106,0.985623,0.9883652,0.98731816,0.9806395,0.9859097,0.98841375,0.98353064,0.98797995,0.9906257,0.98718923,0.98382527,0.9824443,0.9868684,0.9872614,0.9873652,0.9863546,0.977101,0.9880136,0.9833643,0.98928064,0.98470116,0.98624456,0.9883033,0.96152186,0.99004805,0.9893701,0.98562783,0.98410404,0.9881784,0.9838593,0.9869273,0.9892802,0.9902107,0.9885908,0.9934971,0.9927564,1.0000005,0.9900367,0.9853396,0.99052876,0.98813087,0.98973525,0.9822779,0.9850765,0.991013,0.9906252,0.9909079,0.9897372,0.9896013,0.989461,0.9902868,0.9904122,0.9876526,0.9891912,0.9919641,0.99060637,0.9869977,0.9901164,0.9889422,0.9902437,0.9875904,0.9907299,0.9898344,0.98978317,0.99236286,0.9858027,0.98923767,0.99019295,0.98773605,0.98527545,0.9904912,0.99026614,0.9890748,0.9851476,0.9895901,0.9709572,0.9876098,0.9866929,0.98946166,0.98092675,0.9883572,0.98850405,0.9750767,0.9856132,0.9911813,0.99051976,0.9807467,0.9852555,0.9907335,0.98803866,0.98755294,0.98650736,0.9872072,0.9884791,0.9893561,0.9834673,0.9890619,0.9863923,0.987076,0.986762,0.98878384,0.98859215,0.9886053,0.99223316,0.98695517,0.98777056,0.9743339,0.98650587,0.99064875,0.9906755,0.98626363,0.99071306,0.98825157,0.98938805,0.9890864,0.9906494,0.98542196,0.9884838,0.99023914,0.98824567,0.98754567,0.9833577,0.9865873,0.98726285,0.9883404,0.99065125,0.98787314,0.97977746,0.98986876,0.98754907,0.9891456,0.991224,0.98871195,0.98854685,0.9883222,0.9872857,0.9864369,0.9888065,0.98833144,0.9890766,0.9892985,0.987343,0.9890184,0.9760715,0.97142136,0.9816029
ipip91,0.9888366,0.9838216,0.9866084,0.98274356,0.9860351,0.9826844,0.990684,0.986888,0.9912994,0.9838432,0.9862991,0.98748463,0.9880316,0.98326236,0.9822478,0.98971814,0.9905373,0.9840365,0.98957795,0.988078,0.9901398,0.98584247,0.989083,0.99082863,0.98402905,0.9902253,0.9852297,0.991282,0.9864831,0.9861381,0.99149007,0.99077237,0.98696315,0.990364,0.98820585,0.9880608,0.9916798,0.98869556,0.9912189,0.988801,0.9854282,0.989771,0.98793274,0.98378444,0.9821233,0.9895587,0.98709005,0.9828611,0.987431,0.98485655,0.98700523,0.9711801,0.987128,0.98597413,0.98085207,0.9890846,0.9730172,0.9842583,0.98390305,0.9901242,0.9869534,0.986618,0.98919505,0.9858785,0.9862245,0.9857845,0.99092054,0.9903673,0.98714536,0.9847579,0.98801106,0.9904839,0.9800417,0.98569185,0.9858039,0.9677544,0.986931,0.98858285,0.98875904,0.98861593,0.986083,0.99023986,0.98614407,0.9857744,0.98821133,0.9902957,0.990743,0.98578614,0.97994876,0.98714757,0.98591655,0.99072975,0.98796266,0.98287356,0.97893304,0.98361593,0.9866298,0.9889721,0.98183495,0.97741467,0.9912326,0.9893952,0.9882136,0.9893233,0.987774,0.983544,0.99096173,0.9858204,0.9916953,0.98909366,0.9910577,0.9822742,0.98572797,0.9889626,0.99176913,0.98686105,0.99143827,0.990462,0.98813236,0.98835844,0.9926858,0.989695,0.9906429,0.98785746,0.9908376,0.98791605,0.9920394,0.9897045,0.98555887,0.98795944,0.9893619,0.97774786,0.9845287,0.98125416,0.98923993,0.9886394,0.9885038,0.99119025,0.99119097,0.9871947,0.9879842,0.9892162,0.98593664,0.98805004,0.988362,0.97942346,0.987721,0.9876773,0.9834517,0.98839635,0.9914054,0.9883376,0.9847153,0.9803031,0.9905903,0.9897581,0.98853195,0.9878784,0.9785844,0.9917708,0.9828956,0.99121726,0.98740715,0.9850225,0.98816216,0.9628776,0.991452,0.98784775,0.987085,0.98667496,0.98884195,0.98412913,0.98967844,0.98926514,0.9902599,0.9910651,0.9925525,0.988459,0.9900367,0.9999998,0.9910784,0.99017304,0.98973703,0.9900005,0.98002183,0.9887121,0.9972915,0.99765253,0.99788916,0.989736,0.9934478,0.99354523,0.9935703,0.99105567,0.9909177,0.9910947,0.9939973,0.99164844,0.9890229,0.9887546,0.9925262,0.9923449,0.9880421,0.99230593,0.9903818,0.98834836,0.99396986,0.9797185,0.98949057,0.9857705,0.98740727,0.98783517,0.9908778,0.9889519,0.9875189,0.9849844,0.99125594,0.96904546,0.98866475,0.9902335,0.98961645,0.9855348,0.991632,0.9881376,0.9759193,0.9885131,0.9948999,0.99424917,0.9800195,0.98626775,0.9962347,0.9910785,0.98861146,0.9869661,0.9907985,0.9893778,0.9897546,0.9844182,0.9898941,0.98863184,0.9890407,0.98887974,0.9906851,0.9875129,0.9914428,0.9914423,0.9834167,0.9890061,0.9709252,0.9863225,0.9901282,0.99000114,0.9862338,0.990923,0.9881076,0.99263304,0.9899734,0.98935765,0.9859436,0.9894047,0.9934038,0.98805064,0.9893983,0.9853972,0.9882868,0.9884718,0.9881522,0.9873898,0.987601,0.97725856,0.990825,0.98575234,0.98772657,0.9913154,0.9880024,0.98982644,0.988627,0.9875795,0.9853235,0.98829013,0.98564535,0.9896316,0.98955315,0.9848878,0.99016213,0.97185796,0.9696223,0.9812279
ipip121,0.9813618,0.98239934,0.9823336,0.9802247,0.98104244,0.9801409,0.98353374,0.98482573,0.98717076,0.980901,0.9829184,0.98520523,0.98615736,0.984075,0.9834326,0.98692137,0.98700213,0.98314023,0.98734844,0.98604137,0.9856698,0.9821674,0.98386735,0.9867693,0.9824566,0.98678666,0.98383945,0.98680854,0.9861553,0.9850307,0.9853349,0.9879262,0.9837886,0.9861258,0.9821346,0.98442703,0.98573965,0.98095137,0.98915887,0.9864223,0.9851494,0.985865,0.9846101,0.98105717,0.98154855,0.98386973,0.9849849,0.97976106,0.9834978,0.984862,0.98413,0.97376424,0.9823354,0.9858165,0.9816772,0.98510045,0.97330356,0.98529816,0.98207104,0.98663586,0.9811694,0.98437995,0.98372006,0.9839508,0.9848861,0.9851503,0.9872061,0.9848444,0.9835168,0.9837193,0.98009264,0.9853594,0.97890836,0.9802968,0.9851498,0.97141284,0.9869801,0.98627883,0.98627007,0.9849055,0.9839681,0.98614097,0.98355854,0.980355,0.985608,0.9845705,0.98702055,0.98657286,0.9805449,0.9842694,0.9844457,0.9837606,0.9849813,0.9849938,0.9792507,0.98203933,0.97865254,0.98566216,0.98188007,0.98002064,0.98806065,0.98417693,0.98487425,0.9878824,0.9866932,0.98742694,0.98803794,0.98361623,0.9888815,0.9830656,0.9844669,0.979191,0.98645127,0.9882253,0.98647237,0.98510325,0.9882262,0.984744,0.9826861,0.9861096,0.9860058,0.9848761,0.98554707,0.9821686,0.98442775,0.98620266,0.9879616,0.98665315,0.98386693,0.9870344,0.9827292,0.97874534,0.98499894,0.98486674,0.98297685,0.9842234,0.98500675,0.9859704,0.98424757,0.9798705,0.98211867,0.98618585,0.98410606,0.9839258,0.98604584,0.9815048,0.9865751,0.98346186,0.9828138,0.98703563,0.98680073,0.9867961,0.98428065,0.9802515,0.98278874,0.98607934,0.9864341,0.9830074,0.98025656,0.98388886,0.98370856,0.98533905,0.9820915,0.98067856,0.9808593,0.9615717,0.9845657,0.986441,0.9818118,0.9829869,0.9811318,0.9835425,0.9816853,0.9859263,0.9838664,0.98394567,0.9870927,0.9850955,0.9853396,0.9910784,1.0000001,0.9871076,0.9849382,0.9871931,0.9809027,0.98400027,0.98970914,0.99004704,0.99028474,0.98901254,0.9891961,0.98724574,0.9871879,0.9848331,0.9866296,0.9834815,0.9872737,0.9843181,0.98839784,0.986788,0.98683697,0.98476726,0.9867594,0.98572665,0.9854345,0.9844245,0.98662657,0.9822863,0.98844224,0.985693,0.9848055,0.9858555,0.98321277,0.9853779,0.9859208,0.9843355,0.9864692,0.972896,0.9865474,0.9876076,0.9837057,0.9823991,0.9862881,0.98693675,0.9756519,0.9831933,0.98571575,0.991764,0.98363113,0.9864075,0.9929373,0.9852426,0.98391795,0.9829762,0.98489577,0.98502547,0.98563236,0.9819927,0.9848764,0.9890516,0.9888487,0.9877649,0.9839811,0.9846411,0.9901735,0.98734355,0.98193294,0.9808796,0.97136986,0.98271126,0.9844433,0.98443013,0.9848202,0.98503566,0.98495656,0.98815,0.98607004,0.98524207,0.9845267,0.9854947,0.98719037,0.9868568,0.9871771,0.98276573,0.9873212,0.982893,0.9843221,0.9835223,0.9848738,0.9801363,0.98388875,0.98413795,0.9840516,0.9848588,0.98588485,0.986211,0.98450303,0.98340106,0.98336434,0.98405814,0.98306054,0.9838334,0.9865681,0.98203975,0.98596954,0.9725419,0.97202045,0.9770504
ipip151,0.98811716,0.9867437,0.98737586,0.98550594,0.98684454,0.98520046,0.98955977,0.98625326,0.9928429,0.9859828,0.985873,0.9878513,0.9862836,0.9853042,0.9840452,0.9860718,0.9879012,0.9872129,0.9889001,0.98767745,0.98886895,0.98641515,0.98880494,0.9916487,0.9856834,0.98932225,0.9903768,0.98937523,0.9867949,0.989323,0.99327576,0.9904319,0.98800254,0.98868215,0.98748267,0.9873472,0.98808783,0.986356,0.9876443,0.9875755,0.98703,0.9904599,0.989395,0.9854949,0.9862838,0.9888533,0.9872684,0.98427725,0.987671,0.98595625,0.9860798,0.9738132,0.98708194,0.98589706,0.9895534,0.9888797,0.9756206,0.98735225,0.9847019,0.9904358,0.984854,0.98629594,0.9882602,0.9892011,0.98484826,0.98598075,0.9890696,0.9899994,0.9888296,0.98759127,0.98641634,0.98890984,0.982642,0.9855489,0.9870247,0.96828127,0.9854732,0.98726517,0.99623185,0.99610764,0.9865256,0.9889424,0.9839728,0.9851782,0.98664695,0.9874888,0.9879894,0.9849072,0.9823743,0.98736554,0.98476636,0.98780197,0.98645556,0.9835946,0.9804551,0.98294073,0.98538005,0.99237734,0.98132527,0.97923887,0.9869174,0.99063456,0.98658067,0.9866327,0.98709255,0.9834241,0.9886736,0.9825151,0.989701,0.9873317,0.9893477,0.9837797,0.98702204,0.9881698,0.98834133,0.9869527,0.98899007,0.98870564,0.98796153,0.98612326,0.9901783,0.98790526,0.9910093,0.98956,0.9879712,0.99043864,0.99040926,0.9900356,0.9930078,0.987975,0.9874975,0.978988,0.9859455,0.98357916,0.9863161,0.9899616,0.98875076,0.99053967,0.9894269,0.9862884,0.98603696,0.98855734,0.9878523,0.9883449,0.98802215,0.98216873,0.987321,0.9892671,0.9864121,0.9881867,0.9914586,0.98973227,0.98367584,0.98332256,0.9877881,0.9887688,0.98785156,0.9869639,0.9809871,0.98849326,0.98434615,0.9902844,0.9857347,0.98662996,0.9869181,0.96151876,0.9892191,0.9872789,0.98562753,0.9848388,0.98674214,0.985077,0.9863633,0.99020433,0.9954541,0.99116635,0.99029475,0.98728454,0.99052876,0.99017304,0.9871076,1.0000004,0.98978966,0.99831086,0.98573595,0.987948,0.9909165,0.99167484,0.991288,0.99017334,0.98883235,0.99265265,0.9924428,0.9965506,0.9891184,0.9908005,0.99058276,0.9890074,0.98874456,0.98805237,0.9876938,0.9883702,0.98606235,0.9919349,0.9905013,0.99044824,0.9931077,0.982646,0.98994315,0.98746294,0.9885778,0.98667043,0.9943179,0.9916376,0.99555874,0.9865149,0.9875947,0.9712896,0.98767215,0.98718107,0.9876386,0.9846792,0.99066615,0.98942286,0.97844046,0.9878311,0.9894844,0.99093807,0.9818183,0.98632395,0.9902735,0.99050283,0.9887696,0.98641235,0.9901683,0.99085015,0.9878836,0.9831363,0.98792136,0.9869804,0.9875844,0.98834807,0.9899891,0.9902974,0.99137086,0.9909099,0.9849041,0.9863192,0.9765173,0.9862433,0.9909334,0.9908892,0.98673123,0.99086636,0.9883564,0.98878855,0.9884125,0.9898346,0.98653597,0.9883791,0.9922368,0.99647844,0.98955387,0.98401034,0.987627,0.98785573,0.98696536,0.9883728,0.98766583,0.9828679,0.9895968,0.9876785,0.9903762,0.9894671,0.990044,0.9883878,0.98779243,0.98664504,0.9873658,0.9885766,0.9917075,0.9891451,0.98820937,0.9908067,0.9897616,0.9776779,0.96981955,0.9810727
ipip181,0.9854294,0.9843663,0.984539,0.9842612,0.9843628,0.9850954,0.98570144,0.98298806,0.98876846,0.98359406,0.9838694,0.9858608,0.98437554,0.9835071,0.9812817,0.98443943,0.98578256,0.9834705,0.98691386,0.9846604,0.9871121,0.9843243,0.9866433,0.9880259,0.9852783,0.9869486,0.9864963,0.9867737,0.98544407,0.98553324,0.9896252,0.98621386,0.9834429,0.9871034,0.9840895,0.98578745,0.98596436,0.9829671,0.98530465,0.9855286,0.98416334,0.986574,0.9877025,0.98449636,0.9833713,0.98787415,0.98740715,0.98294294,0.9852436,0.98443013,0.9848607,0.972975,0.98522145,0.98260415,0.98207325,0.98665434,0.9727617,0.9832728,0.9823968,0.98640996,0.98416394,0.98583144,0.9862088,0.9870941,0.98374665,0.9831974,0.9860207,0.98549104,0.9859987,0.98320776,0.98397624,0.9876152,0.9803074,0.98430115,0.98592335,0.9670229,0.9860289,0.9865253,0.9887899,0.9884117,0.9846188,0.9874075,0.9844008,0.98347,0.9859615,0.9852999,0.98624486,0.98260707,0.98014295,0.9839075,0.98485744,0.9864838,0.98527604,0.9840009,0.9787603,0.9824767,0.9823144,0.98874104,0.9801604,0.97809654,0.98671657,0.9885174,0.98634917,0.9867162,0.9858967,0.98039585,0.9874705,0.9805285,0.9875666,0.9855788,0.9861117,0.9813099,0.9856835,0.9850072,0.9866989,0.9850701,0.98679954,0.9859003,0.9845103,0.98605627,0.988493,0.9881322,0.9899036,0.9877703,0.98712915,0.98561597,0.98894316,0.9863279,0.9859766,0.98664737,0.9865514,0.97991806,0.98611397,0.9808117,0.9850952,0.98810625,0.9858259,0.987817,0.98638916,0.98329693,0.983876,0.9870433,0.98421043,0.9846173,0.9857641,0.9815763,0.9860062,0.986691,0.9816715,0.9862448,0.98940516,0.98865694,0.9853903,0.98500365,0.9861868,0.98794484,0.98749673,0.9878775,0.9818621,0.98651886,0.9849374,0.98771477,0.9840596,0.9845569,0.98312163,0.9603966,0.9870375,0.9874966,0.98413354,0.98626006,0.98555255,0.9854082,0.9853747,0.9888585,0.9881129,0.9884402,0.98681766,0.9854143,0.98813087,0.98973703,0.9849382,0.98978966,1.0000005,0.98974895,0.98126584,0.9865863,0.98892087,0.989071,0.9891567,0.9894826,0.98774105,0.98979175,0.99012095,0.98945266,0.9882231,0.98823494,0.9894863,0.98644805,0.9884246,0.98717374,0.988138,0.9864199,0.9854463,0.990075,0.99003106,0.989502,0.9886984,0.97931385,0.9858534,0.98330736,0.9871854,0.98331743,0.988868,0.98954594,0.988132,0.98568267,0.98777837,0.97063226,0.9851996,0.9855783,0.98664755,0.98402613,0.9867089,0.9879646,0.976941,0.9850407,0.9878198,0.9884269,0.9772963,0.98394805,0.98834395,0.9893259,0.9858971,0.98426795,0.98698646,0.9906052,0.98637116,0.98242974,0.98771477,0.98624796,0.9863546,0.9872185,0.9884583,0.98583794,0.9900151,0.98701334,0.9831026,0.9846836,0.97107935,0.9859777,0.98668957,0.98659384,0.98432815,0.98727727,0.98562473,0.9885056,0.9862245,0.9873977,0.98560596,0.9864242,0.98968184,0.9884798,0.98814666,0.9848205,0.9837779,0.98695326,0.9865783,0.9862149,0.98623824,0.980045,0.98635644,0.9839132,0.9872094,0.9864677,0.9876002,0.9865529,0.98629695,0.98555934,0.9859439,0.9857179,0.98507774,0.986086,0.9850211,0.984656,0.98618895,0.97507584,0.96931523,0.9798418
ipip211,0.988099,0.98675436,0.986877,0.9853983,0.98699707,0.98496073,0.9895468,0.9868557,0.9928223,0.9860128,0.98610467,0.9876153,0.9866489,0.98552406,0.98356575,0.9863635,0.98778635,0.9864495,0.98883814,0.9883101,0.988624,0.9870275,0.9883372,0.99130166,0.98507166,0.9891023,0.99027425,0.98887837,0.98683834,0.98904085,0.9925922,0.990546,0.98732257,0.98873603,0.9877324,0.9871718,0.988201,0.98634714,0.9875384,0.9877074,0.98736304,0.98995024,0.98872745,0.98481065,0.9860816,0.98850304,0.98706675,0.98410195,0.98728025,0.98589957,0.98599,0.97302955,0.98777145,0.9859147,0.988815,0.98848224,0.97627467,0.9864827,0.9840713,0.99013424,0.98539674,0.9862628,0.9882845,0.9891233,0.9843416,0.98509264,0.98961496,0.98953325,0.98800105,0.98765486,0.9861956,0.9882542,0.98177356,0.98598665,0.9870493,0.96756375,0.9858207,0.987036,0.99503,0.9953263,0.986387,0.98898304,0.98419476,0.9854002,0.9874037,0.9877516,0.9882327,0.9846528,0.982467,0.988111,0.984779,0.98790056,0.9872375,0.9839311,0.9797967,0.9830749,0.9853607,0.99255526,0.98073274,0.9785332,0.9866702,0.99093294,0.9870706,0.98667663,0.9877613,0.98287135,0.9882247,0.9823373,0.9900633,0.98797476,0.9894307,0.98416406,0.98706144,0.98784685,0.9890738,0.9868259,0.9888978,0.9883163,0.9880558,0.9866736,0.990049,0.9881381,0.9903357,0.98930126,0.98773587,0.9894819,0.9901232,0.9900824,0.9921666,0.9882382,0.9878209,0.97843856,0.98637927,0.98330927,0.9866311,0.98983264,0.9885399,0.99101776,0.9895102,0.9865557,0.98605615,0.98875725,0.98681056,0.98897433,0.98782134,0.9829848,0.9872073,0.9881753,0.9864957,0.9884552,0.9914243,0.98980016,0.9832441,0.98328984,0.9883485,0.98781013,0.9871781,0.9864555,0.9814679,0.98891544,0.9850597,0.9901892,0.98583895,0.98593336,0.98717666,0.9619566,0.98975843,0.9867415,0.98591477,0.9845121,0.98656446,0.98475003,0.98676074,0.9897506,0.99506754,0.99050605,0.9892951,0.9875335,0.98973525,0.9900005,0.9871931,0.99831086,0.98974895,1.0000005,0.9848965,0.98893005,0.99104017,0.99149406,0.9913408,0.98992354,0.9892542,0.9922865,0.9920507,0.9961661,0.9891436,0.9904264,0.9904703,0.9887342,0.98865,0.98795193,0.9883184,0.98834306,0.98611677,0.9915724,0.98974043,0.990187,0.9932839,0.98263615,0.98957705,0.9879612,0.98797107,0.98646915,0.9941429,0.99194825,0.99474216,0.98655105,0.9874313,0.9700436,0.9873644,0.9870972,0.98742175,0.9847201,0.9909379,0.9898434,0.9776701,0.9879825,0.98975945,0.99224097,0.98097605,0.9859508,0.99072856,0.9917792,0.98870486,0.98591673,0.99079514,0.9924089,0.9881793,0.98406804,0.98783094,0.9867656,0.98747516,0.9878805,0.9900357,0.99001014,0.9914467,0.9903686,0.98535544,0.98604894,0.9759432,0.9865265,0.990865,0.990749,0.98702127,0.9909449,0.9892691,0.9894581,0.98863083,0.9898829,0.98666966,0.9881795,0.9920821,0.99687797,0.9899725,0.9846427,0.98765475,0.9881722,0.98698336,0.9875654,0.9873788,0.9815682,0.98979104,0.9874216,0.9902589,0.98953766,0.9899392,0.98828274,0.98776644,0.9867031,0.9867567,0.9872529,0.9916052,0.9892537,0.9886332,0.99095327,0.9897607,0.9781081,0.9696485,0.9819349
ipip241,0.9760764,0.9833583,0.98050964,0.9797045,0.97761035,0.98244697,0.9777972,0.9803838,0.98142064,0.98004055,0.9804685,0.978679,0.9798423,0.979687,0.98090535,0.97952473,0.9795001,0.97854924,0.9798063,0.98008937,0.9794903,0.9790313,0.9781601,0.9813161,0.9793085,0.9801974,0.9829135,0.9802684,0.97800505,0.98218536,0.9783398,0.98262227,0.97778964,0.97763807,0.9748207,0.97757787,0.977757,0.9736094,0.9779745,0.97817004,0.9801873,0.9824594,0.9795724,0.9775814,0.9800587,0.9793253,0.9803352,0.9790187,0.97875124,0.97789073,0.97813094,0.9762275,0.97931594,0.9815556,0.9832082,0.98186594,0.9726123,0.9850287,0.98098147,0.98250455,0.97337556,0.9790684,0.97648525,0.9789765,0.9756571,0.98270655,0.97915286,0.98209643,0.9781116,0.9858767,0.9733065,0.97803503,0.9806243,0.9773488,0.9831515,0.9722035,0.9796037,0.97846013,0.9844341,0.98285586,0.9776254,0.9793546,0.97763926,0.9743944,0.97747487,0.976446,0.9785419,0.9806044,0.9800765,0.97827715,0.976793,0.97546905,0.9786043,0.9766902,0.979435,0.97859377,0.97170573,0.98099643,0.977592,0.97751945,0.97992885,0.97713184,0.97745365,0.97673315,0.9778818,0.97769886,0.9784742,0.974104,0.98131454,0.9769752,0.9779181,0.9727481,0.9797071,0.9820196,0.97816396,0.9780063,0.97861934,0.97819173,0.9766154,0.9801279,0.97818476,0.97821295,0.98074543,0.9765418,0.9772934,0.9777911,0.9820305,0.9810851,0.9822496,0.98045844,0.976313,0.9745915,0.9778122,0.97933,0.9761986,0.9782897,0.97929156,0.98401904,0.9769532,0.9714862,0.9728301,0.97860837,0.9818076,0.97689164,0.9795835,0.9793001,0.9780973,0.9785644,0.98383534,0.97942406,0.9777358,0.9778684,0.97887784,0.9800781,0.9742689,0.97900116,0.97836775,0.9769155,0.9807325,0.97491634,0.9771531,0.9776944,0.97373044,0.9780854,0.97361326,0.96162874,0.9784081,0.9796448,0.97371566,0.9767979,0.97443694,0.9804337,0.9730205,0.97649354,0.9783083,0.9792218,0.9836793,0.9819829,0.9822779,0.98002183,0.9809027,0.98573595,0.98126584,0.9848965,1.0,0.97853315,0.97910154,0.97904617,0.97924954,0.98000896,0.97889805,0.9803373,0.9808264,0.9797419,0.97779447,0.97829616,0.97874486,0.97668934,0.9781951,0.98188645,0.978705,0.9757161,0.98177606,0.9801755,0.980269,0.97881925,0.9771749,0.98122835,0.9813561,0.98141235,0.98068386,0.9742641,0.97905666,0.9813021,0.98503906,0.97821754,0.97979015,0.97612715,0.983321,0.97688603,0.9760942,0.9769399,0.97980034,0.98005563,0.97815716,0.9771914,0.97733283,0.98059255,0.98003936,0.9786194,0.98001254,0.9797621,0.9778335,0.97857875,0.9780729,0.98264986,0.97729206,0.97446007,0.9780724,0.97893804,0.97706574,0.9819936,0.97934467,0.98255724,0.9836822,0.9822925,0.9794031,0.97299695,0.9767766,0.9765178,0.98074687,0.9807858,0.9819309,0.98135024,0.98191404,0.9784941,0.9797844,0.97757775,0.9787426,0.97726864,0.98028207,0.9836691,0.98207724,0.9789377,0.98548406,0.97900105,0.9784058,0.9778539,0.9784735,0.98337126,0.9780805,0.9858265,0.9770558,0.97926617,0.978284,0.9785943,0.9781215,0.9755493,0.97993994,0.9794009,0.9811263,0.97877264,0.98001945,0.98033607,0.98080033,0.97786796,0.9739848,0.9772631
ipip271,0.9860314,0.9840142,0.9845703,0.98241496,0.984968,0.98156977,0.9869127,0.98549235,0.9876789,0.98222655,0.98327243,0.9863744,0.9871532,0.9849437,0.982036,0.9859453,0.98645073,0.9821551,0.98816967,0.9869594,0.987701,0.98755807,0.9866082,0.9857618,0.9826255,0.9868854,0.98456794,0.9869364,0.98401636,0.9846918,0.98884,0.98708946,0.98299557,0.9863995,0.9855831,0.9853482,0.98557,0.9838137,0.9858328,0.984149,0.98394006,0.9871566,0.985636,0.9823886,0.9812792,0.98655504,0.98497754,0.9816057,0.98559874,0.9839771,0.9846314,0.9698195,0.9878804,0.9818141,0.97966176,0.98662263,0.97445923,0.9808682,0.98332727,0.9862868,0.9851796,0.9865029,0.9879463,0.9837509,0.98481536,0.98395056,0.98851794,0.98548234,0.98439187,0.98265034,0.9844266,0.9873664,0.978932,0.98472166,0.9864369,0.9674711,0.9834499,0.9853968,0.9859237,0.98586226,0.9840849,0.98774695,0.9832918,0.9828423,0.9854078,0.9866977,0.9867029,0.98355156,0.97959,0.9856058,0.983243,0.98643297,0.98780006,0.9836787,0.97831583,0.9836809,0.9834641,0.9851414,0.98016226,0.9766825,0.9868867,0.98682046,0.98660743,0.98461324,0.98603725,0.979458,0.9855406,0.9813803,0.9886189,0.9866796,0.98823345,0.9822367,0.9867433,0.98709184,0.98862886,0.98619807,0.9875933,0.98601025,0.9850781,0.9869734,0.9907788,0.9902976,0.98965853,0.9889765,0.9862007,0.9844705,0.98820734,0.98817056,0.9822502,0.9864125,0.9867078,0.9770535,0.9853039,0.9815296,0.9862183,0.98659265,0.9839557,0.98769796,0.987745,0.9832151,0.9843742,0.98671573,0.985108,0.9863024,0.9866083,0.9805383,0.9846408,0.9843896,0.9818715,0.9850899,0.98626876,0.98481685,0.9818104,0.983164,0.9884278,0.98602736,0.98543733,0.9859973,0.9800634,0.9880415,0.98355263,0.98790145,0.98397714,0.9838145,0.9848452,0.9606548,0.9872928,0.98365134,0.9835237,0.9831222,0.9852127,0.9834652,0.9845327,0.98553205,0.9865828,0.98795253,0.9858904,0.98393077,0.9850765,0.9887121,0.98400027,0.987948,0.9865863,0.98893005,0.97853315,1.0000006,0.989328,0.98948014,0.9893872,0.9844786,0.98682964,0.9885311,0.9888208,0.98759484,0.98743,0.9875999,0.98737085,0.98636687,0.9829615,0.9850895,0.9878966,0.9853229,0.98463887,0.9882301,0.98888147,0.9856998,0.9890601,0.976033,0.98671436,0.9828516,0.9859087,0.98351645,0.98732597,0.99271387,0.9870211,0.98410803,0.9858811,0.9644249,0.9852086,0.9849847,0.98516166,0.9825884,0.9905342,0.98681056,0.9753691,0.9847584,0.9884195,0.9885228,0.97598326,0.9821876,0.98807824,0.9894507,0.98827136,0.98448795,0.9903585,0.9889598,0.98695946,0.9834479,0.9862731,0.98463726,0.9863564,0.9858802,0.9877097,0.9841442,0.9881914,0.98856455,0.9832658,0.9849143,0.9728245,0.9852005,0.9859627,0.9856304,0.9828348,0.98596233,0.98447305,0.98853284,0.98662466,0.9866902,0.9859943,0.9857158,0.9889137,0.9877608,0.98786247,0.9826058,0.9837272,0.9894187,0.98869395,0.98418486,0.9884218,0.9801912,0.98831606,0.98460126,0.9865405,0.98994416,0.98820806,0.9882331,0.9874581,0.98548406,0.9848108,0.98478657,0.98403674,0.98715216,0.9875953,0.98269403,0.98881936,0.9738188,0.9691093,0.9808731
ipip6,0.993263,0.9866025,0.99012864,0.98554826,0.9897139,0.9848532,0.9943649,0.988391,0.9936013,0.98652625,0.98784655,0.9905246,0.9895839,0.9857157,0.98308694,0.9918024,0.992651,0.9859263,0.99191326,0.9905709,0.9928942,0.98860055,0.9917386,0.9927813,0.9865675,0.99285626,0.98666906,0.9937197,0.9889824,0.9885367,0.993801,0.9921182,0.9886219,0.9936263,0.9930916,0.9909895,0.9952015,0.9935314,0.9936512,0.991725,0.9858205,0.9920581,0.9897858,0.98467654,0.9844114,0.99192226,0.9884262,0.9853887,0.99003476,0.98623276,0.9885328,0.9694644,0.9895238,0.9865842,0.982712,0.9899081,0.9761646,0.98419,0.9851019,0.99202883,0.99056506,0.98788655,0.9921665,0.9881321,0.98833466,0.9867946,0.99356526,0.9930817,0.9897294,0.9864172,0.9926934,0.9921252,0.98080605,0.9880653,0.9873014,0.96514946,0.98746246,0.9905394,0.99025494,0.9907471,0.9885139,0.99370605,0.9873521,0.9906896,0.9910086,0.9941683,0.9939147,0.9867801,0.9818038,0.9902745,0.98845834,0.9940745,0.9907722,0.98345035,0.9788773,0.9827381,0.9912066,0.98946136,0.98144424,0.9764483,0.99215394,0.99294525,0.99045765,0.99072486,0.9904123,0.981714,0.9932738,0.9861395,0.99300164,0.9929249,0.9945883,0.9860293,0.9873958,0.99099797,0.99484646,0.98806727,0.9942421,0.9933035,0.992422,0.98932177,0.9958388,0.9909944,0.99276763,0.9911345,0.9938175,0.9888399,0.9922949,0.99171066,0.98780817,0.98954576,0.9931272,0.9774541,0.9855729,0.9822822,0.992583,0.99142283,0.99055636,0.9927146,0.9945055,0.9913443,0.9921304,0.99197555,0.987929,0.99080414,0.9910758,0.9807572,0.9900809,0.990544,0.98277646,0.9909063,0.9943115,0.9895696,0.9834813,0.98053646,0.9946332,0.9905364,0.98930234,0.98877937,0.97866064,0.995405,0.98343843,0.99426204,0.99070823,0.98649836,0.9925571,0.9620575,0.99441737,0.9895625,0.9906258,0.98820686,0.99278235,0.9845088,0.9937992,0.9921054,0.9933383,0.99387145,0.99381435,0.9898207,0.991013,0.9972915,0.98970914,0.9909165,0.98892087,0.99104017,0.97910154,0.989328,0.99999934,0.99922115,0.9994352,0.99003947,0.9961708,0.9960314,0.9964906,0.99397486,0.9938447,0.9947098,0.9959979,0.9952203,0.9887413,0.98938066,0.9941119,0.9951986,0.98761994,0.9948324,0.99213046,0.9903224,0.9960027,0.979141,0.98988783,0.9855366,0.9891797,0.99002844,0.9936111,0.9904977,0.98807997,0.9860912,0.99257267,0.9670734,0.9903308,0.9924638,0.99262136,0.98622656,0.99310243,0.9899521,0.9769448,0.9918433,0.99713117,0.994695,0.9777677,0.9875769,0.9962888,0.9928742,0.9912529,0.9892452,0.9933632,0.98991066,0.99248725,0.9864842,0.992047,0.9884382,0.99110454,0.98915863,0.993708,0.98916113,0.9915975,0.993447,0.98533356,0.99331415,0.97114533,0.98806626,0.99303687,0.9931171,0.98624617,0.9933121,0.9891842,0.99415654,0.9926514,0.9916462,0.9866738,0.9919681,0.9961295,0.98893374,0.99078166,0.9841117,0.98963517,0.99054104,0.9895947,0.98905295,0.98962855,0.97710305,0.9946889,0.9867408,0.99040294,0.99438024,0.98981464,0.9907165,0.9895179,0.99098456,0.98702604,0.99043566,0.9881766,0.99270177,0.99093556,0.98729706,0.99167687,0.97302955,0.96818674,0.9832237
ipip36,0.993254,0.98623574,0.9900197,0.98483723,0.9894246,0.98441625,0.9945613,0.9885486,0.99386567,0.9857905,0.9872908,0.9906741,0.98926187,0.9849876,0.983117,0.99127036,0.99235034,0.9861296,0.99176276,0.9904145,0.992546,0.98864657,0.99173695,0.99300146,0.98624355,0.9925877,0.9864991,0.99345905,0.9882893,0.9883565,0.99413073,0.9923369,0.98924,0.99327785,0.99316263,0.9906758,0.99471354,0.9933904,0.99335825,0.99144614,0.98596156,0.9921236,0.9898257,0.984897,0.9840238,0.991963,0.9882252,0.98491895,0.9900988,0.986118,0.9889449,0.9692463,0.9896123,0.9867616,0.9829172,0.989962,0.9753866,0.9843571,0.98485345,0.99190086,0.99069136,0.98796874,0.9925908,0.9882613,0.9884715,0.9867757,0.99385417,0.99317735,0.9904403,0.98652416,0.9927221,0.9922675,0.98097014,0.9882103,0.9869246,0.9647415,0.9871762,0.9905971,0.99092984,0.9916417,0.988713,0.9934756,0.98669004,0.99017835,0.9908362,0.99384123,0.99346936,0.9861342,0.9812738,0.9904513,0.9880078,0.9938459,0.99011815,0.9833681,0.9786321,0.9825672,0.99144006,0.9898097,0.98140913,0.9763423,0.9917432,0.99293107,0.99055403,0.99077636,0.99024004,0.9819644,0.9934633,0.986596,0.99318296,0.99308044,0.9946919,0.9859321,0.9875314,0.99030656,0.9945,0.98793405,0.9940326,0.99325305,0.9920895,0.98876584,0.99531686,0.990814,0.99282783,0.9914027,0.9935732,0.9890454,0.9922841,0.9919425,0.9881939,0.98950064,0.9927126,0.9771369,0.9855462,0.9820493,0.9921016,0.99152917,0.99045444,0.9926048,0.9946408,0.9917235,0.9921753,0.9918441,0.98749393,0.99106175,0.9910894,0.9803988,0.9902339,0.99091303,0.98271376,0.9906121,0.9941727,0.9894355,0.983512,0.9804738,0.99474806,0.9908372,0.9894361,0.9893488,0.9787621,0.9955988,0.9831816,0.9944163,0.9904854,0.98653346,0.99262166,0.9609587,0.99421793,0.9894206,0.9905104,0.98801565,0.99269724,0.9840604,0.9936192,0.9925141,0.9936923,0.99416614,0.9941257,0.990039,0.9906252,0.99765253,0.99004704,0.99167484,0.989071,0.99149406,0.97904617,0.98948014,0.99922115,0.9999996,0.9993653,0.9898063,0.99568784,0.9967847,0.9963607,0.9944313,0.9939311,0.9948837,0.99590486,0.99535865,0.98870975,0.989205,0.99380517,0.9955618,0.98751557,0.99484545,0.9924248,0.9905869,0.996541,0.9786733,0.99011433,0.98538613,0.9892803,0.99073374,0.99391913,0.99076116,0.98883677,0.98540163,0.9920124,0.9665837,0.9901792,0.99226505,0.9924786,0.98642087,0.99318355,0.98992497,0.9762518,0.9918856,0.9973127,0.9950358,0.9781227,0.9873613,0.9965287,0.9929027,0.99151534,0.9896302,0.9936224,0.9900482,0.99238926,0.9865633,0.9918157,0.9886801,0.99152714,0.9891815,0.9935284,0.9891781,0.9916674,0.99360186,0.98496705,0.9931483,0.9709339,0.98825026,0.9928457,0.99296886,0.9860164,0.99330217,0.98899114,0.9941766,0.99239993,0.9917185,0.98682696,0.9920191,0.99624586,0.98920393,0.99094516,0.9842052,0.98916405,0.9910089,0.98948973,0.9893794,0.9895692,0.9774338,0.9948243,0.98661965,0.9907042,0.99413383,0.9904624,0.9907967,0.9895995,0.9908941,0.9873877,0.99066436,0.9885041,0.9930076,0.9910434,0.9877885,0.99190754,0.97242975,0.9676653,0.98239166
ipip66,0.9930829,0.9861419,0.9899132,0.9847623,0.98921204,0.98453265,0.99432606,0.9880354,0.99371773,0.98566365,0.9871795,0.9903066,0.98908776,0.98510987,0.98278725,0.9913349,0.99251914,0.9859019,0.99168175,0.99025565,0.9926897,0.98831534,0.9915641,0.9930223,0.9863329,0.99263865,0.9864423,0.99357694,0.9886229,0.9885553,0.99381804,0.9920471,0.98888046,0.99310964,0.9927353,0.99056166,0.9945755,0.99296856,0.99362725,0.9911641,0.9857827,0.9919853,0.989599,0.9844501,0.98397404,0.99169916,0.9881306,0.9848779,0.9896672,0.9861545,0.98859036,0.9695331,0.98926985,0.9863276,0.98239326,0.98971605,0.97523224,0.98419183,0.98484427,0.99155515,0.9903844,0.98784834,0.9920396,0.98816544,0.9884602,0.9866447,0.99361956,0.9931059,0.98996395,0.9861963,0.9924464,0.9922616,0.9807104,0.98770005,0.9870669,0.9655045,0.9875038,0.9907978,0.99044347,0.9910847,0.9882958,0.9935242,0.9869556,0.99039465,0.9906893,0.9938639,0.9936419,0.98628336,0.9813087,0.99021584,0.98796755,0.99383664,0.99027896,0.98312706,0.9787316,0.9827543,0.99092096,0.98947984,0.9812289,0.97652537,0.99194413,0.992756,0.9902725,0.99083614,0.9901811,0.9822976,0.9932778,0.9863248,0.9929626,0.9928758,0.9945082,0.9857921,0.98727965,0.99032104,0.99458367,0.98764807,0.9940437,0.9931537,0.9917772,0.98902,0.99550205,0.99090856,0.9927108,0.990965,0.9937222,0.9890357,0.992329,0.99162465,0.9878117,0.98968494,0.99263906,0.9774192,0.9855251,0.9821474,0.99221164,0.99149966,0.99048114,0.99249864,0.99442554,0.9912936,0.9919906,0.9915507,0.9874488,0.9907091,0.99083835,0.980344,0.9902392,0.99071723,0.98259413,0.99077934,0.9940846,0.98944575,0.9835863,0.98005503,0.994414,0.990797,0.9895006,0.9886293,0.9788038,0.9953061,0.9831265,0.9939537,0.9901579,0.98621154,0.9920798,0.96095383,0.9941032,0.98944557,0.99040294,0.98801607,0.9925913,0.9843818,0.993646,0.9921153,0.99333763,0.99384797,0.9942617,0.99010205,0.9909079,0.99788916,0.99028474,0.991288,0.9891567,0.9913408,0.97924954,0.9893872,0.9994352,0.9993653,0.99999934,0.9898349,0.9958067,0.99600726,0.99626446,0.9939896,0.9938342,0.9945744,0.9959622,0.99517894,0.9893603,0.9892916,0.9940477,0.99530566,0.98741627,0.99484104,0.99223995,0.9903842,0.99627197,0.9791583,0.99001575,0.98547196,0.98900723,0.9906315,0.99362695,0.9905628,0.988293,0.9858628,0.9922234,0.96718943,0.99027586,0.9923451,0.99243045,0.9861499,0.99290144,0.98952675,0.9764406,0.9917665,0.997321,0.99500215,0.9779964,0.98801357,0.9966076,0.99269545,0.9911128,0.9893171,0.99356097,0.9897725,0.9923597,0.9860288,0.991683,0.988424,0.99091077,0.9893479,0.99338585,0.9891002,0.99164194,0.9933867,0.9849193,0.99299455,0.9708358,0.9877709,0.99274087,0.9928536,0.98598117,0.9932073,0.98899424,0.9942231,0.9923596,0.99159867,0.9864721,0.9918462,0.9961651,0.9890639,0.9906748,0.9842189,0.9892558,0.99047804,0.9895032,0.98900527,0.9894156,0.9772752,0.99454814,0.98643637,0.9901282,0.9941485,0.9900063,0.99061966,0.9893823,0.9905851,0.9867131,0.99025786,0.98797286,0.9924387,0.99078834,0.9871309,0.99163383,0.9726157,0.96748316,0.98235434
ipip96,0.9829793,0.98431325,0.9823295,0.9838354,0.98350304,0.98184615,0.98537403,0.9848344,0.9902651,0.9846873,0.9842868,0.9843842,0.98490345,0.98343027,0.9811278,0.9844772,0.9869139,0.98345035,0.9866054,0.98501384,0.98707265,0.9825164,0.9856192,0.9896034,0.9861939,0.98747617,0.98739225,0.98829454,0.9849295,0.98435587,0.9892683,0.98845536,0.9847095,0.9899304,0.98281986,0.9870887,0.9866447,0.98276955,0.9855693,0.9878187,0.9868423,0.9872461,0.988164,0.9825246,0.9845827,0.9857347,0.9890391,0.9815756,0.98490185,0.983928,0.98478156,0.97577643,0.9833947,0.9858156,0.98375523,0.98892003,0.97405785,0.9840857,0.9817557,0.9886156,0.9811223,0.9846488,0.98441124,0.9853478,0.9840575,0.9826235,0.98693794,0.9856361,0.98544973,0.983643,0.9826206,0.9870185,0.98054177,0.98241276,0.9861712,0.97042376,0.9875979,0.98587596,0.9889817,0.9881443,0.98346543,0.9865149,0.98384506,0.9814566,0.9849735,0.9844693,0.98632085,0.983987,0.9807611,0.9842558,0.9832298,0.9852586,0.98479164,0.982718,0.9773563,0.9815185,0.98118377,0.98999405,0.9788865,0.97892696,0.98458683,0.9888148,0.9833455,0.9849072,0.98556364,0.9842211,0.987474,0.9826243,0.9894759,0.9835298,0.9856421,0.9795193,0.98482627,0.9860419,0.9874149,0.98767984,0.9872375,0.9859244,0.98395485,0.9896444,0.9870922,0.98437786,0.98846126,0.98465097,0.9854503,0.98740196,0.99271345,0.98690057,0.9875308,0.98719376,0.985327,0.98080444,0.9871234,0.9820518,0.9838573,0.9873575,0.9871614,0.98843396,0.98621756,0.9824201,0.9824676,0.9863463,0.9840722,0.985551,0.98398626,0.97996944,0.98704326,0.98646677,0.9831942,0.9856831,0.991543,0.99285924,0.9864656,0.98160493,0.98384964,0.9871097,0.9876208,0.9867116,0.9775206,0.98539704,0.98620254,0.98731554,0.98344386,0.9837971,0.9831127,0.9620937,0.9874349,0.98933566,0.9823125,0.9824641,0.98335785,0.98430115,0.98292726,0.9874463,0.98886275,0.98698634,0.9877859,0.98644435,0.9897372,0.989736,0.98901254,0.99017334,0.9894826,0.98992354,0.98000896,0.9844786,0.99003947,0.9898063,0.9898349,0.99999964,0.98901033,0.9891871,0.9896956,0.9895601,0.9867835,0.986836,0.9923881,0.9863697,0.993835,0.9912839,0.9916366,0.987269,0.98945206,0.9899998,0.9875921,0.9883247,0.9902353,0.98427993,0.98886144,0.9860632,0.9870735,0.9833072,0.987475,0.98938936,0.9890363,0.984503,0.9901641,0.9722763,0.9867082,0.98800427,0.9862419,0.98265594,0.98647785,0.98810256,0.9762994,0.98365515,0.9870647,0.9899057,0.98467547,0.9859379,0.9902217,0.9869005,0.9846016,0.98275965,0.9850409,0.98933864,0.98841447,0.9818702,0.9873267,0.9872562,0.98687714,0.9866255,0.9875283,0.9888685,0.9899393,0.988602,0.9837866,0.9837459,0.9720916,0.9843636,0.9878538,0.98777723,0.987168,0.98831016,0.98693895,0.98876494,0.98752207,0.988593,0.98491955,0.98516923,0.9895242,0.98975396,0.98898846,0.98523104,0.98595613,0.9850446,0.9872569,0.9867976,0.9861286,0.9800457,0.9859799,0.9861565,0.9887424,0.98692757,0.98712987,0.98713905,0.98643726,0.9865876,0.98463064,0.98494107,0.9863067,0.98584884,0.987091,0.9853879,0.9868567,0.97472465,0.971463,0.97976744
ipip126,0.9924054,0.98553634,0.98918736,0.9841544,0.9888755,0.98402715,0.99354285,0.9880809,0.9927102,0.9846968,0.9883663,0.9913989,0.9887294,0.98633736,0.9826737,0.99095774,0.99253887,0.98596144,0.99201053,0.9906927,0.9924372,0.98773783,0.9905405,0.99165523,0.9866858,0.992609,0.98600173,0.9930095,0.9906515,0.9893554,0.9919779,0.9911609,0.98806334,0.99339116,0.9927489,0.9904711,0.99440014,0.9930904,0.99283725,0.9923728,0.98518926,0.99123824,0.9887594,0.985379,0.9835476,0.9908191,0.9881973,0.9844629,0.99042916,0.9867461,0.988431,0.9689447,0.9888689,0.9873013,0.98295295,0.98847187,0.9762386,0.98445225,0.98444223,0.99141943,0.99061435,0.98740834,0.99141544,0.98792624,0.9877817,0.9855474,0.9940993,0.9922951,0.99033237,0.98727673,0.99171203,0.99101317,0.98001754,0.9864691,0.98717546,0.96703607,0.98967665,0.9924904,0.9894614,0.9903043,0.98912543,0.9943922,0.988252,0.99137414,0.99214554,0.99460405,0.9956465,0.98623717,0.98255855,0.9916728,0.9882046,0.9932557,0.99038535,0.98380095,0.9778744,0.9813645,0.991034,0.9886905,0.97970676,0.97778016,0.9895486,0.99209195,0.9895576,0.99003375,0.99147046,0.980654,0.9951466,0.9850459,0.99264336,0.9934943,0.9943778,0.9863301,0.9888941,0.9904882,0.99447566,0.9875197,0.9937616,0.99268895,0.9925429,0.98902136,0.99370843,0.9888749,0.9909404,0.9897797,0.99252635,0.9875488,0.9896177,0.99129415,0.98721516,0.9892613,0.9921342,0.9764973,0.98531085,0.98225063,0.99177927,0.99127537,0.9905726,0.9912902,0.9936511,0.9911643,0.9923338,0.99232864,0.98713,0.9906237,0.99187046,0.98163235,0.99101025,0.9907672,0.9824196,0.9927113,0.9932357,0.98912716,0.983858,0.979738,0.9929218,0.9895321,0.98970634,0.9884971,0.9795313,0.9940641,0.983008,0.9934865,0.9899484,0.9858611,0.9922686,0.9613779,0.99338984,0.9896743,0.9906278,0.9881492,0.99240136,0.98425275,0.9929344,0.99226975,0.9916463,0.9923643,0.9929598,0.9903902,0.9896013,0.9934478,0.9891961,0.98883235,0.98774105,0.9892542,0.97889805,0.98682964,0.9961708,0.99568784,0.9958067,0.98901033,1.0000006,0.9942783,0.9949284,0.9921835,0.99444085,0.9937905,0.9942715,0.99436903,0.9879538,0.9896212,0.9928758,0.9941487,0.98788357,0.9937908,0.9906265,0.9891942,0.9939193,0.97965914,0.9883587,0.9852076,0.9880543,0.99081683,0.99169177,0.98908895,0.9867531,0.9854272,0.9909218,0.9667248,0.99058306,0.9920957,0.9917918,0.9852977,0.9916752,0.9901337,0.9777073,0.9919453,0.99480045,0.99368656,0.977505,0.98809785,0.99413323,0.9919471,0.99032927,0.9885272,0.9921489,0.98812443,0.991877,0.98625195,0.99122876,0.9884863,0.99146396,0.98961717,0.99294007,0.98955834,0.99124384,0.9925329,0.984642,0.99228144,0.96927035,0.9874378,0.9922892,0.99246955,0.9855836,0.99282753,0.9889152,0.99342406,0.9918656,0.9907625,0.9864207,0.9915428,0.99468625,0.98767823,0.9908072,0.9829615,0.9881381,0.98922575,0.98869306,0.98774886,0.98892534,0.97742736,0.9941521,0.98622173,0.9902981,0.99331725,0.98940134,0.989554,0.9880049,0.9909878,0.9865876,0.98919094,0.98746854,0.9922355,0.98942024,0.9868695,0.99046105,0.97264963,0.96746445,0.98207027
ipip156,0.99322075,0.98625904,0.9902852,0.98520577,0.9894031,0.98462343,0.9942558,0.9868596,0.993231,0.9851952,0.9881423,0.9913547,0.9879389,0.98400414,0.9832337,0.98986435,0.9909426,0.986152,0.99102837,0.9896827,0.9923821,0.9885796,0.99220353,0.9920643,0.9866941,0.9914886,0.9866417,0.99231476,0.98748195,0.98958004,0.99349976,0.99136084,0.989451,0.99249494,0.9929531,0.99059385,0.99337655,0.992844,0.9916327,0.9906,0.98544264,0.9923035,0.989972,0.98735154,0.983466,0.99133813,0.9880485,0.9849594,0.9901369,0.9851065,0.9880115,0.9680753,0.9895677,0.98550606,0.98432636,0.98952,0.9747486,0.9852275,0.9845054,0.99137914,0.9909193,0.988073,0.9928682,0.9881208,0.98791546,0.9864242,0.9932069,0.9927359,0.9924459,0.9872315,0.99269295,0.99196094,0.9808461,0.988474,0.9870387,0.9641058,0.98608375,0.9901585,0.99196815,0.99316573,0.98950946,0.9938204,0.98635185,0.9904358,0.9906165,0.99342084,0.9926792,0.9846976,0.982069,0.99055696,0.9878241,0.9934258,0.989419,0.98293734,0.97913456,0.9813264,0.99169403,0.990547,0.9809524,0.9772153,0.9901272,0.993961,0.99007785,0.9895921,0.9901988,0.980783,0.9929072,0.98521376,0.9925847,0.99346083,0.99523085,0.98603284,0.9879776,0.98909885,0.99351627,0.98826694,0.9928396,0.9932765,0.99233794,0.9893309,0.9943763,0.98975885,0.99271905,0.9919721,0.99286747,0.988808,0.9911173,0.99182034,0.98992026,0.98907256,0.9931388,0.9774179,0.9863268,0.98148507,0.9920036,0.99229383,0.9900978,0.992485,0.9950752,0.9923976,0.9922378,0.9918787,0.9871378,0.9910554,0.9904139,0.98063916,0.9907351,0.9926974,0.9828025,0.9906069,0.9944707,0.9899045,0.983558,0.98092985,0.9944816,0.9906412,0.9898296,0.98999506,0.9787301,0.99497324,0.9836535,0.99491227,0.99018466,0.9868989,0.99277335,0.9615205,0.9935779,0.9896665,0.9900213,0.9867717,0.9929803,0.9833312,0.9928795,0.9919817,0.9944781,0.9962108,0.99283224,0.9889138,0.989461,0.99354523,0.98724574,0.99265265,0.98979175,0.9922865,0.9803373,0.9885311,0.9960314,0.9967847,0.99600726,0.9891871,0.9942783,0.99999875,0.99903435,0.99537534,0.994046,0.9976335,0.99527305,0.9942482,0.9874305,0.9883324,0.9925272,0.9945641,0.98608184,0.99717504,0.9918814,0.99027705,0.99513316,0.97759783,0.9892285,0.98401314,0.9898545,0.98988974,0.9944429,0.9909992,0.9904532,0.9847858,0.99112684,0.96593094,0.9895464,0.99152464,0.9927596,0.98959893,0.9923687,0.9900545,0.9790729,0.9944278,0.99533576,0.99294025,0.9767759,0.9862639,0.9933526,0.99252295,0.9917581,0.98972696,0.9937974,0.98975676,0.99196607,0.98688173,0.99201125,0.988326,0.99144405,0.9892363,0.9958249,0.99020165,0.9942901,0.99330837,0.9850461,0.9930628,0.97022915,0.98788744,0.99309355,0.9934499,0.9862448,0.9935273,0.98918974,0.99275446,0.9911703,0.9917436,0.9863212,0.99132,0.99877226,0.99016595,0.99314153,0.9853213,0.98815477,0.9911039,0.9897433,0.9894595,0.98954654,0.97894025,0.9946947,0.98617667,0.99098706,0.99359995,0.99057794,0.9906819,0.9898818,0.9915806,0.98821807,0.99088305,0.98964655,0.9940494,0.98973,0.9893013,0.9920663,0.9733733,0.9663954,0.98210156
ipip186,0.9932076,0.98649985,0.99036855,0.98554677,0.9897734,0.9853079,0.9942723,0.9870281,0.99333054,0.9856055,0.9888537,0.99139565,0.9882897,0.98479396,0.983351,0.990418,0.9911421,0.98637897,0.99125797,0.9899624,0.99283725,0.9885202,0.99223155,0.99206126,0.98740876,0.9922404,0.98682255,0.99264425,0.988635,0.98988813,0.9935679,0.9917601,0.989513,0.9928917,0.9928824,0.99117965,0.9939834,0.99287945,0.9922147,0.99114835,0.9859642,0.9925159,0.99047834,0.98847705,0.98363465,0.9920001,0.9886358,0.9855398,0.99055696,0.9862818,0.9881745,0.9687643,0.9898539,0.98592395,0.98395514,0.99015355,0.97550243,0.98540133,0.9855342,0.9918311,0.9906524,0.98844177,0.99259216,0.98849267,0.9883609,0.98678774,0.9934947,0.99292904,0.9919883,0.9875089,0.99278957,0.9924024,0.98096496,0.9884705,0.9876889,0.9649984,0.9865241,0.9903809,0.99173737,0.9928052,0.98923737,0.99425995,0.98685616,0.9910793,0.99121815,0.99360055,0.99304456,0.9857169,0.98258436,0.99080795,0.98834723,0.99382895,0.99022025,0.9834202,0.9798354,0.9824269,0.99151796,0.9905602,0.981423,0.97786826,0.9906395,0.99394864,0.99021924,0.9900112,0.9904144,0.9809484,0.99296665,0.9849828,0.99257463,0.99355674,0.99522245,0.98626375,0.9883271,0.98991215,0.9941819,0.9887394,0.99316555,0.99392414,0.99270546,0.9902892,0.9949334,0.99042916,0.9927809,0.99177426,0.9933822,0.989136,0.99137145,0.99171257,0.9895245,0.98950195,0.9933754,0.9780519,0.98657364,0.98145676,0.99240005,0.99238765,0.99042034,0.99276584,0.9951106,0.9922496,0.9923613,0.9920035,0.9878559,0.9909927,0.99061215,0.98122233,0.9907314,0.99274623,0.98348475,0.99131936,0.99459195,0.9901092,0.9843003,0.9815301,0.9942334,0.9909412,0.9901419,0.9899766,0.97938246,0.9948093,0.9841362,0.9949105,0.99070513,0.9871205,0.99297076,0.9628561,0.9939791,0.98999447,0.99037284,0.9874118,0.9931447,0.98406994,0.9933186,0.9921615,0.9943017,0.996607,0.99293256,0.98910105,0.9902868,0.9935703,0.9871879,0.9924428,0.99012095,0.9920507,0.9808264,0.9888208,0.9964906,0.9963607,0.99626446,0.9896956,0.9949284,0.99903435,0.9999999,0.9950254,0.99441797,0.99742866,0.99564856,0.9945377,0.98818874,0.9889788,0.993018,0.9943922,0.9864712,0.99761224,0.9919869,0.9905996,0.99490225,0.97830266,0.9890292,0.98447967,0.98960626,0.98992664,0.9943118,0.9908047,0.98997545,0.98573786,0.99192697,0.96706337,0.99016136,0.9920659,0.9930103,0.98967093,0.99263805,0.9899144,0.9799393,0.9946122,0.99526554,0.9928691,0.9767239,0.9873607,0.9933105,0.9925548,0.9915637,0.9896873,0.9938706,0.9899941,0.99204093,0.9868811,0.9926423,0.9886622,0.99128944,0.9896171,0.9965753,0.99039805,0.99482715,0.9933311,0.98528534,0.9931965,0.9709412,0.98789823,0.9934832,0.9937509,0.9867712,0.99389845,0.989775,0.9926518,0.9913427,0.99184686,0.9867806,0.991457,0.9988846,0.9898938,0.9926439,0.9852031,0.9884963,0.99091595,0.99013877,0.989387,0.99019283,0.97918594,0.9947365,0.9866215,0.9910806,0.99414426,0.99041396,0.9907798,0.98992616,0.9915324,0.98810744,0.991138,0.9892545,0.9937577,0.9896369,0.9886369,0.9918486,0.9737595,0.9672619,0.982975
ipip216,0.9931695,0.9866998,0.9897167,0.9855304,0.9899352,0.98572206,0.9935472,0.9860341,0.9948059,0.98588514,0.98703825,0.99066836,0.9865842,0.98460203,0.98269534,0.9880279,0.9896928,0.98739654,0.9905337,0.98844856,0.9910725,0.98797846,0.991553,0.993724,0.9869051,0.99109155,0.9876726,0.9911301,0.9874818,0.9895973,0.9960376,0.99109244,0.9893434,0.99240917,0.99266416,0.99004567,0.9912972,0.9919419,0.9897802,0.9899137,0.9845318,0.9916537,0.9909717,0.98498577,0.9861938,0.9915534,0.9884104,0.985371,0.9894943,0.985441,0.9874637,0.9678216,0.98849285,0.9839765,0.98834884,0.9878828,0.975502,0.9848919,0.9833345,0.991356,0.99021405,0.98778594,0.9919599,0.990931,0.98731107,0.9854574,0.9918497,0.99284303,0.9915971,0.98661107,0.9920826,0.9908821,0.9809036,0.9866697,0.98636234,0.96054953,0.98499167,0.98847055,0.9950202,0.9965971,0.98912936,0.9924139,0.9851,0.9904705,0.9893949,0.9921076,0.991329,0.9830004,0.9818155,0.99020684,0.98680466,0.993123,0.9887287,0.9822061,0.9785957,0.9809473,0.9916351,0.99358153,0.97975564,0.9745282,0.9875241,0.99533063,0.98951876,0.98850715,0.9897968,0.9791443,0.9914172,0.9840545,0.9912292,0.9919848,0.9935676,0.98660696,0.98762846,0.98774713,0.99180615,0.98648995,0.99138826,0.99196327,0.9922224,0.9864905,0.99339736,0.9883611,0.99202424,0.9922978,0.99104935,0.9904496,0.98922175,0.99037856,0.9939413,0.9879084,0.9918078,0.9761009,0.9853939,0.9812938,0.99014115,0.9924119,0.9908292,0.99162793,0.99352455,0.9917797,0.9920961,0.99145544,0.9870291,0.9908497,0.98988646,0.98023593,0.989721,0.99205756,0.982761,0.9896028,0.99534476,0.99123824,0.98229367,0.9808337,0.99321604,0.9893355,0.98848534,0.9880106,0.9773754,0.99357176,0.98249245,0.99358535,0.9892891,0.9878812,0.9922492,0.95861393,0.9922852,0.98881453,0.9895052,0.9853299,0.9921074,0.9829606,0.99181557,0.9933229,0.9989314,0.99385214,0.99149287,0.9885278,0.9904122,0.99105567,0.9848331,0.9965506,0.98945266,0.9961661,0.9797419,0.98759484,0.99397486,0.9944313,0.9939896,0.9895601,0.9921835,0.99537534,0.9950254,1.0000001,0.9926351,0.9951461,0.99367255,0.99363524,0.9882722,0.9881153,0.9896962,0.993457,0.98471624,0.9944884,0.9921099,0.9926008,0.99683154,0.9793985,0.9883007,0.98524696,0.9890245,0.98884827,0.9980134,0.9921981,0.9931657,0.98643076,0.9891353,0.9648996,0.98787373,0.989529,0.9917134,0.9850682,0.9911411,0.99034584,0.9765046,0.991867,0.9938509,0.99163437,0.9765754,0.98707396,0.99102795,0.9922929,0.9917273,0.98973423,0.9929072,0.9903451,0.9915976,0.98448914,0.99067104,0.986083,0.9892725,0.9872128,0.99322057,0.9920284,0.9901669,0.99189824,0.9851361,0.9920503,0.9701348,0.9868942,0.99420416,0.99443984,0.98543894,0.9940058,0.9890712,0.99052924,0.9900979,0.992504,0.9856827,0.99173474,0.99498266,0.99408823,0.9890269,0.9809741,0.98645926,0.9893298,0.9876828,0.9901664,0.98881155,0.97833395,0.99358416,0.9862069,0.9927281,0.99256665,0.9918192,0.9894606,0.98840743,0.9911306,0.98801404,0.98969483,0.9934322,0.99250245,0.9890096,0.992836,0.99041015,0.9745205,0.96452314,0.9814666
ipip246,0.9932371,0.9858511,0.99046624,0.9843679,0.98966235,0.9853044,0.9929108,0.9860259,0.9922291,0.98369056,0.9869486,0.9941213,0.9880632,0.9857751,0.984491,0.9895961,0.9920338,0.9864627,0.99152756,0.98921156,0.99312425,0.98882633,0.99157804,0.9915299,0.987906,0.9917047,0.98380375,0.9922788,0.9895438,0.989246,0.99202955,0.98948,0.98769987,0.99324185,0.9928217,0.9903087,0.99248,0.9917743,0.99185103,0.9923296,0.983166,0.99034077,0.9893031,0.9864092,0.983299,0.9917519,0.98857933,0.98526496,0.990842,0.9874741,0.9867148,0.9648988,0.98897165,0.9833812,0.98175913,0.98701525,0.9764608,0.9839049,0.98484504,0.98988694,0.99106276,0.98871195,0.9933468,0.989705,0.98878556,0.98715,0.9920923,0.9913244,0.99053156,0.98572594,0.99286294,0.99216384,0.981414,0.98774266,0.9886703,0.96497345,0.988194,0.9926662,0.989003,0.9906543,0.99059796,0.9981075,0.9875698,0.99219775,0.9927277,0.9943424,0.99367213,0.9845862,0.98214376,0.99024296,0.989579,0.99392563,0.99124295,0.98420334,0.9792749,0.9822253,0.99218833,0.9873978,0.9804829,0.9762077,0.98998016,0.9944467,0.991112,0.9899175,0.9928389,0.9778164,0.9930496,0.98483485,0.9911381,0.9935468,0.9947708,0.9887289,0.9910417,0.9896276,0.99353063,0.9873041,0.99282277,0.9929094,0.992547,0.98883975,0.9940158,0.99027926,0.99203664,0.99149567,0.99331504,0.98625875,0.98829263,0.9910987,0.98693687,0.9919878,0.99198204,0.9763057,0.9855935,0.98177874,0.991182,0.9919725,0.9905666,0.9897778,0.9940609,0.9928329,0.99384344,0.99234563,0.9871946,0.99076295,0.992886,0.9814148,0.9960071,0.9912182,0.98039347,0.99340224,0.9938286,0.9903964,0.98437965,0.981542,0.9943051,0.99072397,0.9906701,0.98883146,0.9803715,0.99402106,0.9827619,0.9936505,0.9898,0.9856035,0.99250495,0.95928174,0.9921907,0.98999554,0.9905159,0.98734784,0.99290156,0.9846707,0.9927013,0.99273443,0.9917561,0.9930292,0.9920028,0.98907316,0.9876526,0.9909177,0.9866296,0.9891184,0.9882231,0.9891436,0.97779447,0.98743,0.9938447,0.9939311,0.9938342,0.9867835,0.99444085,0.994046,0.99441797,0.9926351,0.99999994,0.9945512,0.9940966,0.9930383,0.9862217,0.98755866,0.9909077,0.9932521,0.985167,0.99427813,0.9918935,0.9896192,0.9933562,0.97620213,0.98619366,0.98276067,0.9887516,0.9895891,0.9919003,0.9896244,0.9858718,0.98595935,0.9900634,0.9636313,0.98953575,0.9914659,0.99265224,0.9850696,0.99049234,0.9908177,0.977326,0.99261075,0.99383086,0.9912104,0.9744815,0.98710036,0.9911591,0.9939851,0.9917369,0.9909136,0.9928486,0.98903537,0.9919829,0.98623055,0.9911034,0.9877655,0.99107534,0.98912704,0.99263716,0.9883269,0.99000305,0.99129874,0.98558706,0.99269927,0.96813565,0.9876466,0.9915733,0.99177706,0.982949,0.9916742,0.98720163,0.99135303,0.9903252,0.99091554,0.98589396,0.9914598,0.9938476,0.9864895,0.9885987,0.97975427,0.9848909,0.98980975,0.9888075,0.98835814,0.9894501,0.97991544,0.9934682,0.9842143,0.99077004,0.99191594,0.9903741,0.9894419,0.9881659,0.991945,0.98835874,0.9904961,0.9870738,0.99227,0.98746884,0.9866783,0.9897271,0.97236687,0.9651344,0.98237807
ipip276,0.99533117,0.98591185,0.99164975,0.9847516,0.9909422,0.98486745,0.9958513,0.98643744,0.99335885,0.9843796,0.9878994,0.99269897,0.98703885,0.9836441,0.98160034,0.9895311,0.9909927,0.98631245,0.99115473,0.98963714,0.9924791,0.9889507,0.9929096,0.9927601,0.98695564,0.99183536,0.9848792,0.9919316,0.9872924,0.9887951,0.993419,0.990613,0.98973733,0.99280065,0.9953251,0.99121726,0.99386114,0.9949916,0.9905265,0.9911076,0.98331183,0.99338365,0.9899033,0.9872169,0.9826712,0.99247634,0.98773056,0.9859712,0.9920235,0.9840304,0.9884542,0.96544063,0.9905938,0.9840259,0.983675,0.98809713,0.9746975,0.98349106,0.9843061,0.99060595,0.99282753,0.9882974,0.9940579,0.9880606,0.98812854,0.9851875,0.99368984,0.9934859,0.99282384,0.9861411,0.9949222,0.9922372,0.9798244,0.98839694,0.9872809,0.96021897,0.9855842,0.99039286,0.9907552,0.9928691,0.9903331,0.9950901,0.9860652,0.9929513,0.991278,0.9953548,0.993756,0.9824684,0.98139066,0.9917125,0.9877058,0.9954636,0.9905915,0.98192734,0.9782508,0.98007196,0.9944716,0.9893758,0.9790662,0.9739636,0.988653,0.9950544,0.9907066,0.9880844,0.99096304,0.9761529,0.99322057,0.9837674,0.9919394,0.99549323,0.99663454,0.98805493,0.9883952,0.9887393,0.9942692,0.98701626,0.9935226,0.99423784,0.9937838,0.9885489,0.99476886,0.98879427,0.99223846,0.992621,0.99405587,0.9864687,0.9889224,0.9914989,0.9891676,0.98803586,0.994258,0.9753718,0.9850955,0.9803019,0.9931065,0.9929544,0.98989516,0.99208903,0.9962441,0.99450517,0.99440104,0.99221253,0.9871201,0.9915532,0.9906007,0.9794425,0.9914132,0.99326766,0.98062646,0.9911867,0.99511826,0.98899674,0.98222584,0.97934556,0.9956679,0.98983186,0.9887686,0.98972017,0.9768164,0.9960339,0.9818517,0.99539673,0.99060464,0.98720443,0.9950032,0.9583335,0.99433017,0.9885651,0.9911371,0.98653203,0.9949956,0.98225677,0.9944972,0.9922814,0.9944681,0.9970622,0.9938037,0.98949975,0.9891912,0.9910947,0.9834815,0.9908005,0.98823494,0.9904264,0.97829616,0.9875999,0.9947098,0.9948837,0.9945744,0.986836,0.9937905,0.9976335,0.99742866,0.9951461,0.9945512,0.99999976,0.9953847,0.9958457,0.98621386,0.987416,0.99143976,0.99559104,0.9841889,0.99702555,0.99169743,0.9900872,0.9951995,0.9750297,0.98690295,0.98225087,0.9889306,0.9902198,0.9947078,0.9905837,0.98846275,0.98361117,0.99046886,0.9619066,0.989295,0.9912059,0.99351716,0.98786604,0.9913534,0.98856646,0.97706145,0.9951374,0.99609846,0.9915235,0.9719822,0.9856239,0.9908771,0.9925927,0.9927812,0.9905772,0.9943931,0.9883065,0.99221796,0.986648,0.9926977,0.98621476,0.99112743,0.9889398,0.99678355,0.98944676,0.99137163,0.99286836,0.98523575,0.99513,0.96738183,0.98738813,0.9937589,0.9945863,0.9840848,0.99422795,0.9886069,0.99164844,0.99051875,0.992617,0.9857512,0.9919254,0.9973023,0.9872939,0.99072075,0.98125917,0.98536974,0.9919254,0.9893934,0.98991233,0.98952025,0.97745955,0.99647796,0.9848358,0.99145776,0.994489,0.9908144,0.990688,0.98955977,0.99245566,0.98752993,0.9917,0.98976374,0.9954367,0.9885542,0.9898061,0.99173963,0.9721438,0.9637418,0.982486
ipip11,0.9932312,0.9871611,0.9903353,0.9867659,0.9911206,0.9861924,0.9941299,0.98830473,0.9940551,0.98710364,0.987261,0.9909656,0.98785263,0.98459494,0.98227984,0.98895663,0.99156624,0.9861841,0.99123055,0.9893661,0.99333775,0.98816246,0.99272597,0.99400014,0.98802847,0.9926839,0.9868502,0.9936444,0.9883137,0.98776805,0.99322927,0.99079174,0.9889922,0.99410725,0.99262303,0.99158,0.99312466,0.99257034,0.99075234,0.99174494,0.9855129,0.99200594,0.9907618,0.986425,0.98530364,0.99272484,0.98959786,0.9854812,0.9908303,0.9856862,0.98941755,0.97063196,0.9893801,0.98636115,0.9832339,0.9903578,0.9764307,0.98444265,0.98527485,0.9915456,0.9901959,0.9885201,0.9922541,0.98891693,0.98827124,0.9856222,0.99270475,0.9931633,0.9910211,0.9868576,0.9931545,0.99228275,0.9814459,0.98830515,0.9875618,0.96468985,0.9866356,0.98981375,0.9898838,0.99113476,0.9891796,0.99394447,0.9861705,0.9906143,0.99125314,0.993756,0.993197,0.98386556,0.981251,0.9903229,0.9875329,0.9941363,0.99068934,0.98346,0.97831446,0.9815827,0.9920798,0.9901426,0.9792849,0.9756772,0.9880876,0.99416536,0.98910904,0.9884906,0.9905694,0.9807633,0.9931692,0.9856234,0.9931037,0.99283373,0.9939883,0.98606896,0.98807174,0.98958576,0.99335724,0.98862976,0.99277145,0.9933949,0.9922525,0.99032384,0.99406725,0.9892409,0.9939564,0.99123836,0.99356776,0.9873733,0.99418736,0.99091595,0.988916,0.989011,0.99354404,0.97729546,0.9871714,0.9815199,0.9923182,0.99260974,0.9909637,0.9923841,0.99435365,0.99285275,0.9922459,0.99208623,0.9867358,0.9915232,0.9901619,0.98041296,0.9912529,0.99200875,0.9822516,0.9906214,0.9957743,0.99148417,0.9842802,0.98009735,0.9936502,0.99100786,0.99019337,0.9898485,0.97709507,0.99461794,0.9845709,0.99433637,0.99004644,0.9867139,0.99318117,0.96047235,0.99401575,0.9912206,0.99122,0.9873323,0.99398607,0.98541075,0.9933664,0.99253243,0.9934113,0.99428034,0.9945946,0.9910998,0.9919641,0.9939973,0.9872737,0.99058276,0.9894863,0.9904703,0.97874486,0.98737085,0.9959979,0.99590486,0.9959622,0.9923881,0.9942715,0.99527305,0.99564856,0.99367255,0.9940966,0.9953847,0.9999994,0.99515665,0.991508,0.99033916,0.9947147,0.9966503,0.98993456,0.99799675,0.9935689,0.99137396,0.9956795,0.9792785,0.98972726,0.9855611,0.990691,0.9896859,0.99309903,0.9906969,0.9883106,0.984892,0.993024,0.9668822,0.9901773,0.9920373,0.99366957,0.98610747,0.9913236,0.9893948,0.97644037,0.9925366,0.99578744,0.99377775,0.97906125,0.9872479,0.9942045,0.9920268,0.99131495,0.9895487,0.99237096,0.98959404,0.993332,0.9876465,0.9935318,0.9888951,0.99148715,0.9908213,0.9949805,0.9901503,0.99173176,0.99404323,0.9873018,0.9941981,0.9715702,0.9893291,0.99361855,0.9940134,0.98641443,0.9939068,0.9897418,0.9936983,0.99342334,0.9933496,0.987428,0.99210644,0.99603504,0.98839915,0.9912663,0.98485297,0.9876469,0.99083227,0.9904039,0.990875,0.990298,0.97850037,0.99456674,0.98708147,0.99157655,0.99367756,0.9909799,0.9913927,0.99046224,0.99173856,0.9872481,0.99230516,0.98949057,0.9932807,0.9910121,0.98848075,0.9909901,0.97396094,0.9685366,0.9832346
ipip41,0.9955002,0.98611766,0.9914944,0.9848901,0.9917899,0.9849041,0.99710697,0.98775184,0.99457896,0.9859053,0.9869983,0.9912281,0.98697835,0.9850529,0.98070115,0.990054,0.9916219,0.9857571,0.9914796,0.9902337,0.9924544,0.9882818,0.992599,0.99339855,0.9865379,0.99342346,0.9863415,0.99285305,0.98873466,0.9882262,0.9924408,0.9912326,0.9893851,0.992955,0.9953569,0.9919003,0.9946117,0.9957402,0.99151754,0.99143577,0.9849375,0.99426264,0.990637,0.9842679,0.9846413,0.99386877,0.9886985,0.9849972,0.9919956,0.9851982,0.9898811,0.9675552,0.9903933,0.98556477,0.9836029,0.9885263,0.97595954,0.98280823,0.9851558,0.99146664,0.9913792,0.9883355,0.9923834,0.98832536,0.9872713,0.9841836,0.99381244,0.99429744,0.990723,0.98594534,0.9952024,0.9919796,0.9802554,0.9881521,0.98512834,0.959127,0.98566025,0.98990136,0.99005383,0.99202955,0.9886992,0.99333173,0.9844934,0.99219346,0.9910568,0.9952153,0.994007,0.98290807,0.981104,0.99148065,0.9871971,0.99464685,0.99012864,0.98165137,0.97658384,0.98051673,0.99415225,0.98949575,0.9778042,0.9730803,0.9876145,0.9934479,0.98938555,0.9877797,0.99031365,0.9757237,0.9940157,0.9839848,0.9918731,0.99469584,0.9958711,0.98699933,0.9880468,0.98871815,0.9940146,0.98658353,0.99304,0.99351084,0.993504,0.9860152,0.99430907,0.9878356,0.99229306,0.99155575,0.99394757,0.9855684,0.98935,0.99163586,0.9887567,0.9877778,0.99428535,0.97265667,0.98502946,0.979965,0.9931092,0.99294674,0.9913641,0.9925735,0.9956461,0.99356174,0.9938037,0.9915728,0.9860171,0.99159443,0.9911128,0.9788936,0.9893895,0.99160945,0.9814218,0.9909687,0.99384737,0.98709434,0.9801188,0.9770794,0.99460393,0.9891349,0.9879888,0.989302,0.97588825,0.9956206,0.98178786,0.9952815,0.9903609,0.98570496,0.9948673,0.9570542,0.99553275,0.9878536,0.9913493,0.98721033,0.9959395,0.98248637,0.99467754,0.99248856,0.9933545,0.9940376,0.99418855,0.9913526,0.99060637,0.99164844,0.9843181,0.9890074,0.98644805,0.9887342,0.97668934,0.98636687,0.9952203,0.99535865,0.99517894,0.9863697,0.99436903,0.9942482,0.9945377,0.99363524,0.9930383,0.9958457,0.99515665,1.0000006,0.9865424,0.9897798,0.9915356,0.99672365,0.9866141,0.9949744,0.9933368,0.99149424,0.99527,0.9766068,0.9867876,0.9840868,0.988923,0.9899826,0.99356025,0.9902923,0.98720664,0.983755,0.989866,0.96255565,0.9892781,0.99069065,0.99378425,0.9838828,0.99072397,0.98843724,0.9737734,0.99263906,0.99636513,0.9923862,0.9739106,0.9864738,0.9925356,0.9911722,0.991193,0.9899935,0.9934669,0.98708713,0.9920081,0.98605853,0.9927095,0.98609906,0.99111557,0.98750275,0.9943624,0.9893558,0.98828214,0.99293125,0.98562783,0.99555075,0.9681765,0.98807603,0.99482393,0.9950519,0.9844726,0.9948133,0.98909926,0.99232084,0.9917701,0.9924088,0.9870556,0.99295765,0.99472076,0.986489,0.98892754,0.98013,0.9865423,0.9910407,0.9887275,0.9890878,0.98926,0.9764144,0.99741364,0.9870544,0.990478,0.99613607,0.9906845,0.9900768,0.9887891,0.9911354,0.98555386,0.9912024,0.98953557,0.99428594,0.9891523,0.9890167,0.9908903,0.9721905,0.9643418,0.9817708
ipip71,0.9827994,0.9822353,0.98191595,0.98194987,0.9834148,0.980831,0.9853463,0.9841192,0.9890457,0.983078,0.9834566,0.9836991,0.98364276,0.9819654,0.9790232,0.98349637,0.9858854,0.98163897,0.9853141,0.9839199,0.98499745,0.98174,0.98435456,0.9879004,0.9832183,0.9892925,0.98619616,0.98605293,0.98532027,0.9837618,0.9874166,0.9872936,0.9845712,0.9880956,0.9826428,0.98539466,0.98609596,0.982428,0.98579544,0.986252,0.9853203,0.98628014,0.9863669,0.9832986,0.98200965,0.9854778,0.9864199,0.97986555,0.9841067,0.98234385,0.9857062,0.975297,0.98269755,0.9846188,0.98112494,0.9877523,0.97430176,0.98283345,0.9822495,0.98722214,0.9796002,0.9836612,0.98318434,0.9847762,0.9833112,0.9804111,0.98574674,0.9849212,0.9848911,0.9819835,0.9818682,0.98621345,0.97773206,0.98131084,0.9834779,0.96776044,0.9854351,0.9851306,0.98724735,0.9869717,0.981505,0.9853139,0.982345,0.98090065,0.98408484,0.984172,0.9857693,0.98176247,0.97864044,0.9831043,0.9834771,0.9843321,0.9843506,0.9827803,0.97570133,0.9801373,0.9808569,0.98861504,0.97870326,0.97687846,0.984006,0.9864729,0.98239666,0.98424643,0.9842558,0.9851268,0.9869695,0.9817403,0.98788404,0.9836618,0.98442733,0.97866267,0.98434836,0.98619896,0.98622745,0.9850894,0.98716015,0.98515135,0.9833039,0.9864004,0.98533475,0.9846889,0.9866297,0.9832047,0.9859868,0.9861359,0.98978364,0.9862043,0.9853513,0.98647666,0.98456144,0.9765228,0.9839392,0.9797008,0.9833782,0.98631656,0.9849093,0.9868954,0.98566085,0.9822932,0.9823621,0.9849079,0.9826302,0.98448634,0.9829364,0.97975117,0.98640704,0.9857741,0.98186165,0.9857575,0.9890245,0.9900113,0.9833387,0.97857755,0.9832944,0.9863611,0.9858358,0.9847503,0.9774866,0.9850199,0.98337847,0.98633224,0.98294246,0.9819761,0.98272556,0.96205807,0.9866021,0.98560375,0.9826195,0.9839229,0.98303616,0.98439527,0.9841596,0.986641,0.9876782,0.98658353,0.9869596,0.98667705,0.9869977,0.9890229,0.98839784,0.98874456,0.9884246,0.98865,0.9781951,0.9829615,0.9887413,0.98870975,0.9893603,0.993835,0.9879538,0.9874305,0.98818874,0.9882722,0.9862217,0.98621386,0.991508,0.9865424,1.0000001,0.98924196,0.98975724,0.98705935,0.9870746,0.9898634,0.9863496,0.98667467,0.9893928,0.9805731,0.98664546,0.9846724,0.9846921,0.9852258,0.98620147,0.9873419,0.98697376,0.98397493,0.9871741,0.9689729,0.9849161,0.98721194,0.9846892,0.98344463,0.98569596,0.98523474,0.97449785,0.9840159,0.98684144,0.989089,0.9799153,0.98521924,0.98972565,0.98705876,0.9830492,0.98126364,0.98548365,0.9876205,0.98641276,0.98291373,0.9871696,0.98679423,0.9867233,0.9862185,0.9876693,0.9860126,0.98931575,0.98741734,0.98175395,0.98266995,0.97101206,0.9832379,0.98599106,0.9865083,0.98483014,0.98679304,0.98554426,0.9870851,0.9856541,0.98715925,0.98406196,0.98397774,0.98809487,0.9875457,0.9863411,0.9842922,0.98424137,0.98417175,0.9847297,0.9839714,0.98408306,0.9774051,0.98578143,0.98397714,0.98707986,0.9861636,0.9868177,0.9849624,0.9845841,0.9838284,0.98147196,0.9841467,0.9845442,0.984959,0.9856766,0.98370343,0.9856904,0.9725696,0.96990055,0.97788846
ipip101,0.98548645,0.9876145,0.9852814,0.9861609,0.98717535,0.9831888,0.98843473,0.9883789,0.99183404,0.98707974,0.9868048,0.9862207,0.98790044,0.9860728,0.98370624,0.9871665,0.9884623,0.98493373,0.9888923,0.9867449,0.9875384,0.9851532,0.9868008,0.9902148,0.9897409,0.9909839,0.98920965,0.9886654,0.986196,0.98646826,0.9880367,0.9896807,0.9862335,0.9922304,0.9849207,0.9876714,0.9876029,0.98524,0.9865748,0.9904846,0.9865636,0.98992705,0.99159306,0.98556244,0.98752964,0.9915683,0.9971178,0.9842182,0.98893285,0.9845523,0.988403,0.9780293,0.98772496,0.98618495,0.9857484,0.9906672,0.9777571,0.98536146,0.9855853,0.9907251,0.9820367,0.98661053,0.9851025,0.98775434,0.985556,0.98471296,0.9884067,0.9884176,0.98868835,0.987366,0.98369724,0.9871058,0.97999686,0.98369974,0.9863079,0.96937555,0.987775,0.98614407,0.988997,0.98806566,0.98536783,0.988127,0.98495865,0.98361295,0.98693043,0.9860606,0.988068,0.9852893,0.9832585,0.98723966,0.9838121,0.98644644,0.9852739,0.9820191,0.9799036,0.9876994,0.9838552,0.9913935,0.9810526,0.9834268,0.98471075,0.9861555,0.98352355,0.9848913,0.98659325,0.9843346,0.98814994,0.98453087,0.9911158,0.98567307,0.98694545,0.9809896,0.9873121,0.9865065,0.98810756,0.98646164,0.9864903,0.98615986,0.984685,0.98745626,0.9877808,0.9852829,0.98864824,0.9848203,0.98588735,0.98577803,0.9906742,0.98794866,0.9879272,0.98791105,0.9864659,0.9796013,0.98616004,0.98172206,0.9851806,0.9876196,0.9877434,0.99036074,0.9869384,0.9828369,0.9839635,0.987489,0.9845502,0.9874428,0.9861797,0.9814187,0.9866386,0.98908097,0.98685175,0.9894257,0.98782206,0.9865633,0.9854362,0.98089606,0.9844594,0.98726517,0.9876045,0.98699695,0.9782118,0.9861067,0.98511875,0.9875149,0.9829116,0.98461473,0.98458624,0.9629696,0.9888897,0.9909553,0.9842406,0.98379713,0.9851439,0.98621076,0.9840009,0.98689294,0.98763007,0.98731595,0.9884517,0.9890466,0.9901164,0.9887546,0.986788,0.98805237,0.98717374,0.98795193,0.98188645,0.9850895,0.98938066,0.989205,0.9892916,0.9912839,0.9896212,0.9883324,0.9889788,0.9881153,0.98755866,0.987416,0.99033916,0.9897798,0.98924196,1.0000008,0.9909566,0.98768044,0.9915794,0.9893066,0.98984843,0.98996353,0.9890883,0.9843966,0.99009544,0.9884395,0.9874607,0.9841281,0.9877393,0.98884296,0.98834866,0.98607284,0.9883965,0.97267663,0.98678607,0.98579013,0.986371,0.98216593,0.9869413,0.9887308,0.97682005,0.9845086,0.98743683,0.9884955,0.98367614,0.98663664,0.9897123,0.98690283,0.9861753,0.9848995,0.98625994,0.9869736,0.9911512,0.9830408,0.98724735,0.9864331,0.9871309,0.98668575,0.9874375,0.992021,0.9886802,0.9913088,0.9878455,0.98458344,0.9746266,0.9858481,0.9902255,0.9901459,0.9884281,0.9900337,0.9887559,0.9889478,0.9878333,0.9893045,0.98763895,0.9872764,0.9890836,0.9884794,0.989249,0.98679584,0.98881596,0.9868172,0.9868524,0.9871419,0.98594916,0.9819296,0.98771524,0.99049723,0.9874428,0.98950726,0.988235,0.9880444,0.98760146,0.98973894,0.9857163,0.9858806,0.9879552,0.98761845,0.990744,0.98719007,0.98850197,0.97876054,0.97570825,0.98303694
ipip131,0.9889669,0.98597425,0.9864793,0.98532486,0.9874207,0.98284435,0.99083346,0.9891777,0.99158037,0.9854399,0.98669773,0.9880364,0.9874448,0.9840157,0.98118687,0.98793834,0.9899446,0.9831955,0.9889728,0.98875093,0.9902366,0.98662096,0.98814535,0.99070126,0.9870164,0.98965836,0.98629946,0.99083275,0.98632437,0.98576874,0.9901981,0.9902979,0.98617613,0.9935243,0.98897177,0.9889696,0.9908075,0.9885848,0.9880504,0.9906819,0.98481494,0.99004966,0.98831344,0.9841546,0.9825771,0.988736,0.9897102,0.9833753,0.98848647,0.98338354,0.98748255,0.9708335,0.9887494,0.9867828,0.98132247,0.989865,0.9743425,0.98223734,0.98417205,0.9891079,0.9868808,0.9856525,0.98998076,0.9854444,0.9863803,0.9832282,0.9911154,0.98936206,0.98862654,0.9858798,0.98921883,0.9897766,0.9799762,0.9871664,0.98653024,0.9667969,0.98688835,0.98903143,0.9877025,0.98786414,0.98658144,0.9910514,0.9862047,0.98651135,0.9890091,0.9905789,0.9911002,0.9840532,0.98041564,0.9882774,0.98560154,0.98994017,0.9891305,0.9834103,0.9770066,0.982463,0.98826563,0.98833513,0.978421,0.9774111,0.98756635,0.9897543,0.9867295,0.9856124,0.9893235,0.9805944,0.99039453,0.9846796,0.99302065,0.99044037,0.9911148,0.98351943,0.9869724,0.98924124,0.99279785,0.9874023,0.99105257,0.99039036,0.98846924,0.99050117,0.991862,0.9883185,0.9905925,0.9873774,0.9900555,0.9852637,0.9922614,0.99007577,0.9855609,0.98748726,0.9906571,0.9775401,0.98566437,0.9812465,0.9905402,0.9892349,0.98830587,0.99167275,0.99172074,0.98839146,0.9881865,0.98926765,0.9851384,0.9892833,0.9878138,0.97998387,0.98786575,0.9893506,0.98158765,0.98937625,0.9917535,0.9887854,0.98422885,0.979836,0.99021053,0.9881768,0.98836434,0.98953015,0.9784558,0.9913009,0.98434645,0.99160886,0.9876149,0.9852935,0.98923546,0.9646291,0.9925417,0.99066055,0.988161,0.9855848,0.98922884,0.98356307,0.98956406,0.98931074,0.9894332,0.9912112,0.99085736,0.9880859,0.9889422,0.9925262,0.98683697,0.9876938,0.988138,0.9883184,0.978705,0.9878966,0.9941119,0.99380517,0.9940477,0.9916366,0.9928758,0.9925272,0.993018,0.9896962,0.9909077,0.99143976,0.9947147,0.9915356,0.98975724,0.9909566,0.99999946,0.9918681,0.98979443,0.99327064,0.98969305,0.9878072,0.9923978,0.978364,0.9885541,0.9839328,0.98786175,0.98734266,0.98879886,0.9894222,0.9872657,0.98367953,0.9909769,0.9666933,0.9884353,0.9912648,0.9898095,0.98585474,0.99085295,0.9894047,0.9762593,0.9890808,0.9926338,0.992524,0.9786111,0.9859533,0.9934823,0.98989856,0.98900926,0.98579884,0.9903531,0.98880595,0.99322104,0.98733693,0.99058545,0.98713964,0.990201,0.9888413,0.9921637,0.98838764,0.99063873,0.99287707,0.98487073,0.9902578,0.9704691,0.9869541,0.99005926,0.99055344,0.98612595,0.9911319,0.9892285,0.9934992,0.99097526,0.9911791,0.9865036,0.98835313,0.9935076,0.987331,0.9916308,0.98755115,0.9869732,0.9904784,0.9889927,0.9882122,0.987614,0.9783589,0.991951,0.9865936,0.9888404,0.99196744,0.98847014,0.98977345,0.98914665,0.9911937,0.9853803,0.9885366,0.98654157,0.99140334,0.9910787,0.9862522,0.99048287,0.97420394,0.97042745,0.98331165
ipip161,0.99465847,0.98528564,0.99075365,0.9844618,0.9911474,0.9851567,0.995693,0.9866307,0.99371195,0.9847892,0.98518103,0.991521,0.9854979,0.98194385,0.9800361,0.9888433,0.9916449,0.9856403,0.99017066,0.98849326,0.9928715,0.9879145,0.9917062,0.99377406,0.9863313,0.991506,0.98504317,0.993181,0.98681045,0.98647875,0.99287295,0.9904368,0.9897534,0.9931974,0.9941967,0.9906237,0.99326414,0.9945998,0.9905078,0.9910501,0.98264414,0.99140644,0.98938835,0.981648,0.9831058,0.9921255,0.9872874,0.9847964,0.9898484,0.98395044,0.98892975,0.9662068,0.98866284,0.9838835,0.98183817,0.9865034,0.9737233,0.98234713,0.9837789,0.9905889,0.99197346,0.9869869,0.99291134,0.9886764,0.9873969,0.9841666,0.993307,0.994075,0.9914584,0.9855826,0.99470097,0.99051607,0.9803095,0.987113,0.98519635,0.9567683,0.98445076,0.9889167,0.9888596,0.9912513,0.9893819,0.99299437,0.9832846,0.99209815,0.9899856,0.9948947,0.9931648,0.980784,0.97958124,0.9909042,0.9880059,0.99499416,0.9899748,0.9814924,0.9758333,0.977938,0.99481535,0.9887758,0.9770219,0.9712914,0.98715574,0.9941779,0.9896628,0.9879523,0.9898437,0.9765596,0.99362725,0.98616445,0.99213916,0.9946954,0.9950741,0.98587596,0.9870573,0.9880067,0.9937709,0.9853641,0.99332035,0.9940477,0.993442,0.9862392,0.99331856,0.9867691,0.99312544,0.9912259,0.99355435,0.9862077,0.9895139,0.98977035,0.9881418,0.9863798,0.9935223,0.97211343,0.9836481,0.97841525,0.9925981,0.99180955,0.9911283,0.99133456,0.9950253,0.99499017,0.99441826,0.99164736,0.98515874,0.9916225,0.99086744,0.97785324,0.98984766,0.9923266,0.9780403,0.98998964,0.9948209,0.9882369,0.9800074,0.97660077,0.9948632,0.9882587,0.9869082,0.9878933,0.9741951,0.99558145,0.9801868,0.9944805,0.99081045,0.98667806,0.9956953,0.9554225,0.99344337,0.9890746,0.9917482,0.98538834,0.99527717,0.98127,0.99455994,0.99195606,0.9932892,0.99329215,0.994504,0.99179286,0.9902437,0.9923449,0.98476726,0.9883702,0.9864199,0.98834306,0.9757161,0.9853229,0.9951986,0.9955618,0.99530566,0.987269,0.9941487,0.9945641,0.9943922,0.993457,0.9932521,0.99559104,0.9966503,0.99672365,0.98705935,0.98768044,0.9918681,1.0000004,0.98720884,0.9955569,0.9932402,0.99111676,0.9958662,0.9764589,0.98681664,0.98290616,0.9888947,0.9898347,0.99338555,0.98988914,0.98652476,0.98293924,0.9891829,0.9606844,0.9879763,0.9906058,0.9929273,0.983384,0.99030644,0.9879724,0.9724458,0.9924585,0.9971248,0.99341506,0.97529864,0.98686403,0.9935118,0.9920503,0.99197733,0.99032897,0.9927092,0.98821115,0.9930989,0.98611367,0.9918906,0.98572415,0.99077785,0.9879705,0.9936848,0.98928297,0.98827064,0.99320894,0.9850231,0.99489385,0.9654219,0.98703486,0.9931967,0.9939211,0.98251635,0.9934908,0.9874891,0.99228173,0.99232453,0.99292916,0.98411727,0.992697,0.9950404,0.9855555,0.98782426,0.9797117,0.985453,0.9896039,0.9874103,0.99003494,0.9880546,0.97426814,0.99578553,0.9848414,0.99101985,0.9936362,0.99031013,0.98935145,0.98802334,0.9917861,0.98655194,0.990935,0.9895169,0.99368507,0.9893928,0.9888437,0.99006647,0.9708745,0.9622728,0.980737
ipip191,0.9823383,0.9875745,0.9832533,0.9875879,0.9857884,0.9852894,0.9849994,0.988109,0.98854476,0.98815894,0.9846192,0.98373157,0.9857553,0.98334837,0.9820527,0.98503685,0.9858054,0.9808837,0.985813,0.9853677,0.9870403,0.98359966,0.98530656,0.9873963,0.9842306,0.9866171,0.9880038,0.98750067,0.98410106,0.9839674,0.98555684,0.9883269,0.9838341,0.9877533,0.9810697,0.985073,0.98419416,0.98032796,0.98364365,0.986458,0.9864523,0.98719674,0.9885716,0.98158044,0.9872839,0.9871574,0.9887349,0.9814038,0.9848611,0.9834444,0.9862947,0.97860736,0.9863129,0.9853805,0.9822243,0.98854107,0.9767693,0.9836284,0.98594964,0.98854244,0.9799025,0.98478985,0.9830197,0.98427206,0.9819529,0.98419875,0.9861465,0.98623604,0.984942,0.9866339,0.98141074,0.9856475,0.98199636,0.9832803,0.98498195,0.9714204,0.9857808,0.9847405,0.9857462,0.9849776,0.98326284,0.985782,0.98344934,0.9795576,0.98480976,0.9837281,0.9859156,0.98361063,0.9802737,0.9840954,0.98205966,0.9840005,0.9857171,0.9830015,0.9785999,0.98406917,0.9812477,0.988732,0.97955114,0.98184645,0.98391587,0.9838916,0.9815255,0.9828864,0.9848094,0.9858876,0.9873455,0.98401076,0.98970646,0.9833044,0.98421574,0.9786851,0.9865322,0.98684657,0.98605645,0.9855956,0.98528814,0.98375964,0.9826486,0.9862481,0.9858559,0.98316455,0.9882545,0.9819884,0.9840715,0.98380595,0.99097747,0.98604304,0.9848139,0.9854067,0.98411137,0.97567743,0.9857051,0.9814176,0.98411554,0.98593664,0.9864202,0.98843277,0.98425215,0.98173684,0.9809341,0.9861186,0.9831381,0.98666465,0.9841461,0.98196334,0.98385125,0.9854364,0.9851416,0.98623055,0.9864053,0.9854948,0.9834704,0.9793751,0.98182374,0.9858247,0.9862153,0.9864541,0.97976196,0.98354167,0.9846816,0.986081,0.98072654,0.9837918,0.9829562,0.96244127,0.9865726,0.9870228,0.9828219,0.98375094,0.984354,0.9853257,0.9813036,0.98423654,0.98430043,0.9841427,0.98682004,0.9870521,0.9875904,0.9880421,0.9867594,0.98606235,0.9854463,0.98611677,0.98177606,0.98463887,0.98761994,0.98751557,0.98741627,0.98945206,0.98788357,0.98608184,0.9864712,0.98471624,0.985167,0.9841889,0.98993456,0.9866141,0.9870746,0.9915794,0.98979443,0.98720884,0.99999994,0.9884424,0.98907095,0.9865378,0.9865345,0.984572,0.9909366,0.9873025,0.9869257,0.9817642,0.9837008,0.9874397,0.9860226,0.9839786,0.98644745,0.97275394,0.98598236,0.983193,0.9846383,0.9799606,0.98587847,0.9871431,0.97620064,0.9825042,0.9851779,0.9892317,0.98948145,0.9852441,0.98993814,0.9855087,0.98363346,0.98290765,0.9846128,0.9863507,0.98767525,0.9826555,0.9868162,0.98649526,0.9859635,0.98778504,0.98608595,0.9873714,0.988197,0.98936105,0.98752034,0.9825831,0.9770587,0.98610336,0.9870228,0.9867646,0.9871212,0.9869704,0.9878497,0.9893168,0.98813707,0.9877731,0.98784906,0.9856087,0.98706067,0.9864255,0.98980176,0.986716,0.98760104,0.98701185,0.98637974,0.9850778,0.98558164,0.98263425,0.985696,0.9890546,0.98539686,0.9872873,0.9857001,0.98668325,0.987068,0.9847893,0.9825304,0.9851251,0.9852406,0.9853682,0.9890097,0.98428994,0.9868705,0.98055905,0.9780235,0.98359376
ipip221,0.993258,0.9871056,0.99062294,0.9867709,0.99114215,0.9863686,0.99431497,0.9878548,0.9934699,0.98659104,0.9877704,0.9914677,0.9875177,0.9843893,0.98238677,0.988754,0.9909645,0.98629886,0.99076074,0.9895206,0.9932539,0.9885312,0.9920705,0.99256957,0.9874335,0.9924313,0.98772055,0.9931822,0.9882916,0.989226,0.9931901,0.9907393,0.98950267,0.99300104,0.9927361,0.9911354,0.99285513,0.9925584,0.9903416,0.99103737,0.9859465,0.99262804,0.99063486,0.98869467,0.98460263,0.99243677,0.98856866,0.98495466,0.99107766,0.9859917,0.9891779,0.9703433,0.98972356,0.9859394,0.9838245,0.99058706,0.9768281,0.9854106,0.98578864,0.99142075,0.9902185,0.98852134,0.9924773,0.9889927,0.9874953,0.98551106,0.9928575,0.99282795,0.9918293,0.98749757,0.993061,0.9920307,0.9815356,0.988527,0.9875731,0.9639181,0.98611444,0.9897788,0.99129814,0.9926629,0.98899835,0.9938719,0.98632276,0.990775,0.9914272,0.9937395,0.992872,0.98353535,0.98179704,0.99060285,0.98778075,0.9934649,0.9903955,0.9835193,0.9787377,0.9815011,0.9921095,0.9901225,0.9795816,0.9770578,0.9885849,0.993859,0.9892097,0.988062,0.99025506,0.979918,0.99301004,0.9841094,0.9920837,0.99358696,0.9946461,0.9866555,0.9886291,0.9895458,0.99320513,0.9884432,0.9924037,0.99333584,0.9927857,0.98926,0.9940028,0.989987,0.99400663,0.99203914,0.99359417,0.98753816,0.9923084,0.9914871,0.9894625,0.9893385,0.99353456,0.976346,0.9868585,0.9810305,0.9922993,0.99286336,0.9901789,0.9925913,0.9948625,0.99292064,0.99197036,0.99145484,0.9869159,0.99103343,0.99013627,0.98082244,0.9912615,0.9928355,0.9833029,0.9912708,0.9945495,0.99000126,0.9834279,0.9803181,0.9939096,0.9904415,0.98946345,0.9904519,0.97833294,0.9946071,0.984612,0.99479276,0.9902784,0.9864603,0.9932175,0.961641,0.99431205,0.9895384,0.991408,0.9877762,0.9938909,0.98545754,0.99340063,0.99233013,0.9940604,0.9959867,0.99340063,0.99030966,0.9907299,0.99230593,0.98572665,0.9919349,0.990075,0.9915724,0.9801755,0.9882301,0.9948324,0.99484545,0.99484104,0.9899998,0.9937908,0.99717504,0.99761224,0.9944884,0.99427813,0.99702555,0.99799675,0.9949744,0.9898634,0.9893066,0.99327064,0.9955569,0.9884424,0.99999964,0.99359906,0.9908322,0.99479127,0.97812223,0.9886582,0.98504937,0.99106246,0.9894743,0.993922,0.99132615,0.98990816,0.985052,0.9913833,0.9664393,0.9898268,0.9912497,0.9932027,0.9885342,0.99203926,0.9892749,0.9789797,0.99448556,0.9950463,0.9924165,0.9776857,0.9866436,0.9924707,0.9925368,0.9912242,0.9895364,0.9932368,0.9901295,0.99214613,0.98787826,0.9930846,0.988262,0.9915319,0.9904551,0.99675035,0.9901409,0.9939316,0.993578,0.986562,0.9937378,0.9719532,0.9892186,0.9936321,0.9940517,0.986409,0.9938696,0.98995215,0.9933443,0.99269456,0.9923354,0.9870953,0.991318,0.9978101,0.9896789,0.99281937,0.9865231,0.9875408,0.99144256,0.9899528,0.98952115,0.9900268,0.97942686,0.9950094,0.9869195,0.9914819,0.99416536,0.9908582,0.9904908,0.9900652,0.9910406,0.98733205,0.9918342,0.9898965,0.99408853,0.9897475,0.98926103,0.99164003,0.9747423,0.96741265,0.9832501
ipip251,0.99198854,0.9883852,0.99022514,0.98680425,0.9908496,0.9868048,0.9921418,0.9863941,0.9931214,0.98596823,0.985442,0.9905001,0.9871632,0.98481166,0.984243,0.98727506,0.9896682,0.98684466,0.99029416,0.98700833,0.9928874,0.98800206,0.99169475,0.9923471,0.98834974,0.990917,0.988219,0.99248,0.9867518,0.9873891,0.9928877,0.99024135,0.98823434,0.99090654,0.9901047,0.9896242,0.9896527,0.9895578,0.98885757,0.9893673,0.98522913,0.9916504,0.99130064,0.9840913,0.9876481,0.9933624,0.9905501,0.98510903,0.99045753,0.9867548,0.9897353,0.97217834,0.9894639,0.98371714,0.9844422,0.98887116,0.9764764,0.9834133,0.9855525,0.9904201,0.9889074,0.9890379,0.9907764,0.9910338,0.9879826,0.9870036,0.9902706,0.9910163,0.98902786,0.98608536,0.990293,0.99113595,0.98241675,0.9871311,0.9859413,0.9633244,0.98504037,0.98771524,0.9907437,0.9915732,0.98813486,0.991785,0.984925,0.9887325,0.9899947,0.99025625,0.98993933,0.98280305,0.97963876,0.9882964,0.98658603,0.9912006,0.9883909,0.9835945,0.9785954,0.9832164,0.98934245,0.989489,0.97950315,0.97607905,0.9873785,0.991946,0.98772776,0.98735714,0.9889386,0.98017794,0.98982847,0.98417246,0.9903198,0.98987585,0.9912467,0.9861039,0.9888924,0.9879322,0.99010605,0.987404,0.98986554,0.9898916,0.9896939,0.9853101,0.9929617,0.990129,0.99733377,0.99452186,0.99138904,0.98690593,0.99212193,0.98992187,0.98925585,0.987653,0.99057657,0.9774304,0.98781013,0.9817096,0.98972493,0.99245733,0.98994577,0.99047446,0.99112225,0.98937446,0.9897627,0.99023205,0.9872279,0.9894906,0.990043,0.9806882,0.989195,0.9897722,0.98336023,0.98992366,0.9915404,0.9876316,0.9820697,0.9812679,0.99150014,0.9902461,0.9893438,0.9893932,0.97818506,0.99142814,0.9852997,0.9928873,0.98780966,0.9870676,0.9895624,0.9588906,0.99091554,0.9889366,0.98944557,0.986876,0.991799,0.98511696,0.99029297,0.99153227,0.99143994,0.991352,0.9915506,0.9890295,0.9898344,0.9903818,0.9854345,0.9905013,0.99003106,0.98974043,0.980269,0.98888147,0.99213046,0.9924248,0.99223995,0.9875921,0.9906265,0.9918814,0.9919869,0.9921099,0.9918935,0.99169743,0.9935689,0.9933368,0.9863496,0.98984843,0.98969305,0.9932402,0.98907095,0.99359906,1.0000001,0.9941681,0.99277717,0.9794593,0.9887732,0.9859898,0.99441934,0.98744965,0.9929094,0.99460226,0.9896384,0.9885287,0.9879649,0.9655827,0.98709255,0.987744,0.9911371,0.98336214,0.9901024,0.9904294,0.97641927,0.98902583,0.992303,0.9908963,0.980626,0.9867865,0.99139524,0.9915019,0.9905369,0.9903796,0.9915368,0.98993295,0.99105245,0.9855516,0.99106586,0.98772055,0.99013877,0.98909825,0.99075437,0.98887044,0.98913544,0.9916609,0.98754495,0.9909901,0.972655,0.9893556,0.9914394,0.9916579,0.98481286,0.9916094,0.988069,0.991665,0.9919962,0.9915481,0.9885028,0.9918045,0.9922895,0.98901755,0.98908275,0.9825821,0.9865884,0.9893782,0.98902065,0.98880786,0.9894828,0.98245174,0.9917418,0.9873231,0.9899098,0.9912409,0.9913244,0.9892173,0.98904335,0.9898279,0.9880321,0.99041957,0.98912394,0.99058694,0.9889256,0.9882784,0.988655,0.9752153,0.96799767,0.9820367
ipip281,0.9895994,0.98745084,0.98797864,0.98513263,0.98921734,0.98708403,0.9894209,0.9844755,0.99290437,0.9850814,0.98560023,0.9881108,0.98606724,0.9839158,0.9822313,0.9861906,0.98717463,0.9864517,0.9893331,0.98528975,0.98969334,0.98715115,0.99131215,0.9927405,0.9886484,0.99027133,0.98732126,0.9888906,0.98569554,0.98584765,0.99216646,0.9887918,0.98774564,0.99025625,0.98836756,0.9897438,0.988423,0.98721886,0.98778796,0.9884592,0.9844005,0.98996246,0.99035364,0.9833318,0.9882252,0.9938956,0.99219227,0.98449147,0.99036115,0.98539615,0.9890471,0.97281647,0.987776,0.9827286,0.98521644,0.98656577,0.9758411,0.98247725,0.98379874,0.989163,0.9874043,0.98886967,0.9885224,0.99174136,0.9870999,0.9853039,0.9886564,0.98976785,0.98831356,0.98509985,0.98887557,0.9899113,0.9816568,0.98642695,0.9854437,0.9618504,0.9840907,0.98533654,0.9907427,0.9918859,0.9875464,0.98998284,0.9846564,0.9872549,0.98834467,0.9877225,0.98810965,0.9819991,0.9801113,0.98752934,0.985342,0.9902027,0.98618245,0.9829251,0.97813153,0.9839645,0.98828727,0.9910038,0.9786266,0.9760763,0.9855609,0.99228346,0.9863949,0.98785824,0.9880007,0.9789002,0.9883061,0.98386765,0.9887025,0.9878808,0.9881588,0.9843392,0.9868951,0.98534536,0.9884616,0.98651457,0.98846334,0.98867524,0.9875521,0.9847268,0.99012524,0.9875268,0.9914444,0.98953456,0.9895282,0.9860393,0.98816943,0.98620975,0.9903327,0.9849996,0.99040735,0.9767791,0.98692906,0.980821,0.98911315,0.99040556,0.9894125,0.9891803,0.9879421,0.987514,0.98841393,0.98942584,0.9850524,0.98914754,0.98791015,0.98115027,0.9867723,0.9890124,0.9828759,0.98790807,0.9918169,0.9887461,0.982982,0.98097473,0.9893339,0.9889984,0.9886892,0.98772246,0.97648853,0.9891023,0.98448753,0.99135363,0.98570275,0.9872467,0.9880514,0.9574993,0.989507,0.9896298,0.98775226,0.98516715,0.9906589,0.9850043,0.98929924,0.992176,0.99219084,0.98901373,0.9895403,0.98856235,0.98978317,0.98834836,0.9844245,0.99044824,0.989502,0.990187,0.97881925,0.9856998,0.9903224,0.9905869,0.9903842,0.9883247,0.9891942,0.99027705,0.9905996,0.9926008,0.9896192,0.9900872,0.99137396,0.99149424,0.98667467,0.98996353,0.9878072,0.99111676,0.9865378,0.9908322,0.9941681,1.0,0.9919837,0.9810512,0.9870611,0.98603,0.98891926,0.9860285,0.99250335,0.9911501,0.9888626,0.9880927,0.9866235,0.96523404,0.98569393,0.98625255,0.9905478,0.9813236,0.9868854,0.9898333,0.9743948,0.9873123,0.98970807,0.98953176,0.978698,0.9865451,0.989517,0.98961633,0.9886147,0.98791826,0.98931694,0.9887119,0.99058586,0.9842686,0.9904626,0.9871179,0.98835725,0.987333,0.9888335,0.98923784,0.98738647,0.9896753,0.9872995,0.98954135,0.9713278,0.98852396,0.99115133,0.991453,0.98471373,0.9913501,0.98791915,0.9888765,0.98824,0.99193484,0.9874271,0.99042827,0.9903634,0.9884088,0.986343,0.9806523,0.9856541,0.98723394,0.9883323,0.99009347,0.9888209,0.9801408,0.9899347,0.9864234,0.9897525,0.98944104,0.9907304,0.9886275,0.9889499,0.9894753,0.9868299,0.98900545,0.98962283,0.9876218,0.98752725,0.9891415,0.9861284,0.9750758,0.96808875,0.9808643
ipip16,0.9945736,0.98658246,0.99046206,0.9860032,0.9906896,0.98485106,0.99522215,0.98802394,0.9959655,0.9863938,0.98667675,0.99106634,0.9876966,0.9846552,0.98205644,0.9896389,0.99189895,0.9873347,0.99192137,0.98999804,0.99222064,0.98901445,0.99196845,0.9949796,0.98661625,0.9925245,0.9868122,0.9922578,0.9877448,0.98836744,0.99633026,0.99181914,0.9893683,0.9937645,0.993742,0.99066156,0.99304456,0.9934797,0.99115807,0.99125004,0.9853155,0.99204063,0.99133253,0.98387367,0.9857188,0.9920705,0.98865557,0.9852243,0.9905695,0.9856154,0.9891745,0.96792614,0.98972744,0.98526603,0.98456115,0.98887795,0.97570264,0.98317397,0.98460937,0.9914986,0.99140054,0.9888559,0.9930698,0.99028116,0.9875623,0.985136,0.9939235,0.99310637,0.9918034,0.9857151,0.993558,0.9918864,0.98075324,0.9873946,0.9865382,0.9608049,0.9857221,0.98977244,0.9921206,0.9936328,0.98926944,0.99319434,0.98500305,0.99097323,0.99054176,0.99379075,0.9928523,0.9839,0.9805928,0.99113953,0.9877146,0.9943643,0.9899387,0.98296803,0.97807443,0.9812972,0.9926021,0.9918698,0.97978556,0.9743486,0.9884228,0.99562436,0.9902956,0.9891273,0.9904436,0.9795314,0.9931925,0.9859865,0.99321556,0.99368244,0.99508506,0.9864123,0.9879203,0.9889625,0.99366635,0.98716444,0.9935657,0.9930614,0.9925556,0.9880393,0.99464035,0.9895946,0.993184,0.99256504,0.9928774,0.9896652,0.9912438,0.9913562,0.99062544,0.989472,0.9933787,0.9760406,0.98624307,0.9821581,0.9920124,0.99289316,0.99119306,0.99227273,0.9954672,0.99334145,0.99356073,0.99263555,0.987243,0.99258566,0.9907512,0.98071414,0.99081874,0.9919775,0.9813239,0.9905414,0.9960176,0.99129224,0.98293924,0.9802646,0.9946176,0.9900962,0.9891982,0.98932827,0.97711664,0.9952748,0.9832615,0.9948118,0.98998016,0.9879894,0.994062,0.9588332,0.99364215,0.989392,0.9909315,0.9859259,0.9932476,0.98267466,0.9934761,0.9935918,0.9966342,0.9940317,0.99391866,0.9908942,0.99236286,0.99396986,0.98662657,0.9931077,0.9886984,0.9932839,0.9771749,0.9890601,0.9960027,0.996541,0.99627197,0.9902353,0.9939193,0.99513316,0.99490225,0.99683154,0.9933562,0.9951995,0.9956795,0.99527,0.9893928,0.9890883,0.9923978,0.9958662,0.9865345,0.99479127,0.99277717,0.9919837,0.99999976,0.97975093,0.9896142,0.986377,0.98978364,0.99059665,0.9960799,0.9929344,0.99033123,0.98608255,0.9909419,0.9636109,0.98903555,0.9912199,0.99277806,0.98553747,0.9931726,0.9905703,0.9754454,0.99239904,0.9968668,0.99460196,0.97699136,0.9867837,0.99429435,0.9927384,0.99234414,0.9901515,0.9943047,0.990696,0.99356675,0.98591256,0.9918267,0.9869341,0.9911133,0.9882878,0.993914,0.99012464,0.989999,0.9937054,0.98602945,0.99366814,0.9689966,0.9877967,0.9933584,0.9936222,0.9849253,0.99368846,0.98882324,0.99298215,0.9917403,0.9936907,0.9864199,0.9925201,0.9953588,0.9908178,0.9892203,0.98164535,0.98659074,0.9907124,0.98883283,0.9908561,0.98934925,0.9774524,0.9950513,0.98564166,0.99295133,0.99404997,0.9924507,0.9905337,0.9894789,0.9920735,0.98767185,0.9905096,0.99085784,0.9935209,0.9908459,0.99021184,0.9916117,0.97280616,0.9658529,0.9824228
ipip46,0.9741399,0.9826649,0.97774035,0.98095375,0.97710687,0.9826907,0.97630537,0.98035395,0.98323655,0.9822458,0.98081374,0.9764557,0.9796495,0.97917235,0.97890997,0.97953784,0.97947407,0.97912854,0.980109,0.9785232,0.97930366,0.97767925,0.9770291,0.9823722,0.9789531,0.9796798,0.9816451,0.98106116,0.978619,0.979165,0.9796296,0.98186725,0.98033243,0.97892666,0.9731189,0.9769193,0.97715527,0.972093,0.97823954,0.97847056,0.97928125,0.979108,0.9806779,0.9748222,0.9849799,0.9786427,0.981511,0.9766594,0.9771495,0.9778885,0.97804224,0.9756735,0.97552717,0.9804661,0.97918373,0.9816402,0.97108656,0.9829398,0.98041123,0.9827951,0.9720432,0.9786054,0.97423106,0.9818055,0.9770836,0.98070335,0.9800988,0.97950846,0.9784041,0.98246413,0.9711943,0.9769584,0.9790799,0.97337717,0.9824221,0.9704077,0.9800618,0.976908,0.9818875,0.9803673,0.97951543,0.9770415,0.9758656,0.9736972,0.97720486,0.97561055,0.97905946,0.98202425,0.98269,0.9791693,0.977132,0.9750365,0.97651434,0.9755027,0.9787647,0.9775512,0.9710646,0.9829998,0.97941256,0.97887725,0.9780751,0.9777899,0.9755674,0.9776614,0.978585,0.982579,0.98013234,0.976984,0.98169136,0.97464067,0.97636503,0.9717694,0.9789599,0.98016626,0.9790808,0.9798804,0.97837913,0.97870207,0.97520065,0.9806763,0.97707605,0.9749904,0.9787569,0.9742801,0.9746115,0.98084855,0.98266333,0.97748977,0.9805144,0.97983223,0.97397476,0.97284293,0.9778437,0.979681,0.97392976,0.9789596,0.98155594,0.9807074,0.97458607,0.97078913,0.9721473,0.98020446,0.9812856,0.9791233,0.97781616,0.97887444,0.977142,0.9781882,0.981008,0.9798236,0.9788294,0.97973603,0.9807472,0.97786623,0.9729702,0.97869706,0.97964555,0.975269,0.9757037,0.974611,0.97684854,0.9762025,0.9732322,0.98020124,0.9728791,0.9602999,0.97679186,0.9801992,0.97266316,0.97513384,0.97192734,0.97813696,0.9723176,0.9778741,0.97880954,0.9756826,0.98120755,0.98386455,0.9858027,0.9797185,0.9822863,0.982646,0.97931385,0.98263615,0.98122835,0.976033,0.979141,0.9786733,0.9791583,0.98427993,0.97965914,0.97759783,0.97830266,0.9793985,0.97620213,0.9750297,0.9792785,0.9766068,0.9805731,0.9843966,0.978364,0.9764589,0.984572,0.97812223,0.9794593,0.9810512,0.97975093,1.0000008,0.9852673,0.9870173,0.98009497,0.97564346,0.97783214,0.98069674,0.9826209,0.98058105,0.9803706,0.9796977,0.9836823,0.9771389,0.9756127,0.9738801,0.97862434,0.98162353,0.97256154,0.9741481,0.976151,0.9814151,0.9871677,0.98235726,0.98118186,0.9766364,0.97623384,0.9772938,0.97522837,0.9798643,0.9774946,0.9720839,0.9768957,0.9784343,0.97709596,0.9790925,0.97605616,0.9832922,0.98046976,0.9817762,0.9793753,0.97103566,0.9718288,0.97533613,0.9810931,0.98065877,0.98240185,0.98084295,0.98206615,0.9788725,0.97918284,0.9777903,0.9778136,0.979339,0.9779922,0.9826822,0.98066247,0.9774261,0.9824141,0.9761166,0.9779317,0.9772523,0.97852916,0.97985864,0.97609097,0.9842983,0.97762895,0.97814864,0.9792298,0.97878444,0.9774187,0.9748769,0.97807574,0.9759638,0.9786312,0.9754995,0.98036605,0.97795457,0.9788103,0.9786891,0.97435176,0.9767261
ipip76,0.98494256,0.9872027,0.9847248,0.9855703,0.98470736,0.9835893,0.9872248,0.98756194,0.99100435,0.98644435,0.984884,0.9850399,0.98751915,0.984898,0.9841829,0.98624307,0.9866988,0.9841455,0.9888168,0.98738664,0.9874635,0.98525995,0.9873786,0.99007267,0.98398924,0.9890223,0.98789245,0.9885184,0.98517907,0.98658484,0.98900867,0.99124426,0.9859887,0.9882296,0.98420167,0.9856937,0.9862559,0.9831085,0.9866818,0.9867621,0.98593146,0.98895174,0.9877554,0.98290986,0.9859607,0.9868331,0.98775965,0.98231083,0.9847633,0.98323625,0.9867606,0.9761741,0.9866529,0.98588705,0.9857466,0.9901783,0.9746958,0.98569596,0.985931,0.9902509,0.9818639,0.9846546,0.98494977,0.98476595,0.98474365,0.98579025,0.9880361,0.98872966,0.9873913,0.9876665,0.98278177,0.98708534,0.98012555,0.98258245,0.98520386,0.9722554,0.98491514,0.98561037,0.9889386,0.98768926,0.9865471,0.9865267,0.9829642,0.9819316,0.9850726,0.98521256,0.98708177,0.98583925,0.98082,0.9860212,0.983364,0.985167,0.9853519,0.9826167,0.9786109,0.9839515,0.9820384,0.9894708,0.9798902,0.980841,0.98492455,0.9854112,0.98368305,0.9851725,0.9854548,0.9933537,0.9871648,0.9857313,0.99292856,0.9850157,0.9868715,0.9806677,0.9858503,0.9875393,0.98702824,0.98567194,0.98784673,0.98521304,0.98294246,0.9871021,0.9885504,0.985823,0.9896841,0.9850989,0.98529077,0.9902149,0.99285847,0.9894718,0.98790354,0.98823625,0.98520243,0.97967607,0.9860671,0.9834495,0.9848757,0.98815286,0.9872177,0.9898111,0.9869074,0.9829806,0.98284394,0.98949873,0.986207,0.9892982,0.9856335,0.9835223,0.985202,0.98730993,0.98676944,0.9868904,0.987264,0.9859553,0.98310536,0.9810763,0.98417467,0.9887475,0.98830616,0.98561746,0.97911286,0.985514,0.9843044,0.98696643,0.9812388,0.9852578,0.98442805,0.9632586,0.9871972,0.98748475,0.9828071,0.9824704,0.9835766,0.9847592,0.9828054,0.98657256,0.98780674,0.9875883,0.9886227,0.9871175,0.98923767,0.98949057,0.98844224,0.98994315,0.9858534,0.98957705,0.9813561,0.98671436,0.98988783,0.99011433,0.99001575,0.98886144,0.9883587,0.9892285,0.9890292,0.9883007,0.98619366,0.98690295,0.98972726,0.9867876,0.98664546,0.99009544,0.9885541,0.98681664,0.9909366,0.9886582,0.9887732,0.9870611,0.9896142,0.9852673,1.0000002,0.98907983,0.98775935,0.98632616,0.98663414,0.9887218,0.9902895,0.98575693,0.9876793,0.97389746,0.98630655,0.98503774,0.9859602,0.9822002,0.98867196,0.98809,0.9772635,0.98431844,0.9870498,0.99006283,0.98787636,0.9879104,0.99064463,0.98598486,0.98652405,0.98450005,0.98686117,0.98598224,0.987217,0.98269945,0.98663235,0.98706275,0.98635477,0.9879672,0.9872227,0.98824453,0.98946404,0.9923584,0.9858638,0.9835783,0.9766399,0.98571515,0.9886997,0.9886001,0.98867613,0.9887529,0.98858577,0.98855656,0.9883869,0.9880797,0.98642975,0.98839384,0.98930514,0.98861325,0.9897267,0.9852418,0.98941034,0.98724663,0.98844033,0.9869276,0.9878641,0.98328865,0.9870657,0.9894714,0.9849779,0.98881245,0.98700005,0.98926246,0.9885299,0.9852344,0.98469067,0.9865999,0.9871521,0.9876306,0.99216515,0.98645073,0.9905458,0.9787897,0.97490424,0.9823001
ipip106,0.98059475,0.9841099,0.98185074,0.98289555,0.98236847,0.98142177,0.98386866,0.98698837,0.989788,0.98401433,0.9845593,0.98202115,0.9863237,0.98241484,0.9813055,0.9853109,0.985475,0.9860625,0.9857396,0.98527855,0.98577976,0.9822055,0.98369575,0.98802894,0.98116434,0.98723507,0.98782974,0.98657084,0.9850536,0.9841696,0.98452276,0.9884956,0.9868932,0.9843156,0.98013234,0.9829834,0.9845243,0.980085,0.98384637,0.9844348,0.98880845,0.9883857,0.98520494,0.983823,0.9847648,0.9855224,0.9858021,0.97932017,0.98457533,0.985673,0.98528916,0.9789401,0.983489,0.9843905,0.98395026,0.98803145,0.97747827,0.9864486,0.9859706,0.9877078,0.9763438,0.9814766,0.97940546,0.9840939,0.98001117,0.98117375,0.98432416,0.98364687,0.98210293,0.98470104,0.9778654,0.98428446,0.9788996,0.9795954,0.9823412,0.97173566,0.98378396,0.9830173,0.9874518,0.98582387,0.9819605,0.9828852,0.98141634,0.9794056,0.9841459,0.981532,0.9835842,0.98401845,0.9798202,0.98322517,0.9811379,0.980769,0.98235583,0.97943985,0.9763456,0.9828268,0.9774415,0.988,0.9778114,0.9798648,0.9813759,0.9827157,0.98009247,0.9823056,0.98244506,0.9840409,0.9836545,0.9809751,0.98628646,0.98104167,0.9833012,0.9772014,0.9837308,0.9857527,0.9839399,0.9846414,0.9842518,0.9815772,0.98125124,0.9841485,0.98408705,0.98456544,0.985885,0.981067,0.983662,0.98485816,0.9892255,0.987045,0.9854124,0.98612535,0.98174524,0.9770117,0.9832856,0.9821158,0.98249525,0.9849533,0.98614633,0.9881241,0.9842151,0.97841465,0.97899026,0.98528737,0.9835381,0.98551536,0.9833305,0.9841172,0.9822523,0.9821699,0.99369425,0.98672247,0.9835888,0.9836438,0.9797735,0.9781952,0.98018175,0.9843935,0.9844747,0.9823688,0.9777808,0.9814424,0.9838856,0.9836578,0.9802993,0.9818277,0.98091394,0.9661267,0.9854956,0.9820844,0.9806556,0.9819937,0.9793545,0.98445845,0.98060656,0.9848802,0.985115,0.98361194,0.9860771,0.987815,0.99019295,0.9857705,0.985693,0.98746294,0.98330736,0.9879612,0.98141235,0.9828516,0.9855366,0.98538613,0.98547196,0.9860632,0.9852076,0.98401314,0.98447967,0.98524696,0.98276067,0.98225087,0.9855611,0.9840868,0.9846724,0.9884395,0.9839328,0.98290616,0.9873025,0.98504937,0.9859898,0.98603,0.986377,0.9870173,0.98907983,1.0000002,0.9852785,0.98057157,0.98528,0.9864587,0.9877761,0.986402,0.98450553,0.97129923,0.9830327,0.9822863,0.9822701,0.9795066,0.985669,0.98595923,0.97555804,0.9804431,0.9836249,0.9868655,0.98378193,0.9850804,0.98730576,0.9845782,0.9801414,0.9805552,0.9819427,0.98533005,0.98375744,0.9803144,0.98417276,0.98547596,0.9835126,0.98427737,0.98339057,0.9850335,0.98694867,0.9869766,0.98419577,0.9789239,0.9763238,0.9823526,0.9856914,0.985062,0.9877017,0.9855081,0.9876392,0.9849526,0.98504364,0.9851323,0.98451763,0.984043,0.9846478,0.98772746,0.9873382,0.98217016,0.98712194,0.98338884,0.98448503,0.98218894,0.9835913,0.9805423,0.9829221,0.9872866,0.9826848,0.9856491,0.98492706,0.9832088,0.98464775,0.98018354,0.9802504,0.98182726,0.98511845,0.9844265,0.9858684,0.984331,0.98692465,0.97577214,0.9769686,0.98097223
ipip136,0.98849475,0.98719466,0.98797065,0.9854727,0.9871743,0.9847,0.9895471,0.98623365,0.99108636,0.9848814,0.98451674,0.98862684,0.98607254,0.9852192,0.98267436,0.9858457,0.9883745,0.98555076,0.9884329,0.9865131,0.99030745,0.98488045,0.98907495,0.9900345,0.9857324,0.9886227,0.98778313,0.9906959,0.9856495,0.98674506,0.9894675,0.9887623,0.9864062,0.98801106,0.98678744,0.98713225,0.98754036,0.9861485,0.98676413,0.98736393,0.9849799,0.9896386,0.98793346,0.98266786,0.98563075,0.9879144,0.9864741,0.9825102,0.9868104,0.9847522,0.9870486,0.97301936,0.98747295,0.98423016,0.9856272,0.9888395,0.9755624,0.9838552,0.9848352,0.9893843,0.9848792,0.9859542,0.9871251,0.9866689,0.98404175,0.9841587,0.98750216,0.9883674,0.98699135,0.98544204,0.986953,0.9884498,0.982637,0.98566616,0.98531485,0.9655785,0.98400325,0.9862519,0.9895019,0.9891775,0.9862213,0.989117,0.9831411,0.9852651,0.98829967,0.98697937,0.98706776,0.9839776,0.9800565,0.9855779,0.9847067,0.98740965,0.9863084,0.9827045,0.9783635,0.98098695,0.98523283,0.9876713,0.98029584,0.9774177,0.98530585,0.98888505,0.9853499,0.9851117,0.986304,0.980025,0.98738456,0.98200876,0.98860276,0.98683417,0.98804665,0.9828463,0.98785484,0.9864833,0.9872078,0.9862226,0.9872004,0.98704284,0.98673666,0.9856328,0.9901377,0.9874718,0.994508,0.99144113,0.9879668,0.98556745,0.9918644,0.99006313,0.98887396,0.98752874,0.98791116,0.9781308,0.9871058,0.98240995,0.98692507,0.99115324,0.988166,0.9900051,0.9888598,0.98582834,0.98581547,0.988936,0.9863839,0.9873597,0.98757935,0.9821013,0.9880659,0.987318,0.9837296,0.9880625,0.98916495,0.98677397,0.98168856,0.9799136,0.9872699,0.98769176,0.98744935,0.98734045,0.9776739,0.98780686,0.98509675,0.98953223,0.9853521,0.98587364,0.9858486,0.96172774,0.9891695,0.9864978,0.98636365,0.9833577,0.98688394,0.9829195,0.9857951,0.98867327,0.98880774,0.9895529,0.9887444,0.98685586,0.98773605,0.98740727,0.9848055,0.9885778,0.9871854,0.98797107,0.98068386,0.9859087,0.9891797,0.9892803,0.98900723,0.9870735,0.9880543,0.9898545,0.98960626,0.9890245,0.9887516,0.9889306,0.990691,0.988923,0.9846921,0.9874607,0.98786175,0.9888947,0.9869257,0.99106246,0.99441934,0.98891926,0.98978364,0.98009497,0.98775935,0.9852785,1.0000001,0.98389417,0.9888623,0.9919407,0.9887334,0.9852162,0.9868934,0.9681953,0.9858802,0.98670566,0.9884834,0.98340195,0.98787045,0.9885767,0.97906405,0.98741424,0.9886419,0.9886069,0.9810647,0.9849249,0.98869383,0.98790395,0.9865591,0.9864121,0.9874385,0.9877174,0.9871648,0.9835015,0.98802716,0.9859123,0.9881257,0.9866473,0.9884858,0.98722845,0.98798907,0.98925537,0.9854057,0.9872721,0.97325265,0.9858631,0.989591,0.9895839,0.98581165,0.99025023,0.9881081,0.9889436,0.9897861,0.98877394,0.98530793,0.9878975,0.99015933,0.98736715,0.98862803,0.9830999,0.9870021,0.9885124,0.98737234,0.9862063,0.98717076,0.9854364,0.98896784,0.9867972,0.98804235,0.9893382,0.98964876,0.98663133,0.9869034,0.9860322,0.98535186,0.98683745,0.9878844,0.9886655,0.9868097,0.9873521,0.98762196,0.97461957,0.97033525,0.98140717
ipip166,0.98906153,0.9816605,0.98730415,0.9787389,0.9850962,0.98019135,0.98949045,0.98358244,0.9895998,0.97882056,0.9838512,0.9885464,0.9843531,0.982359,0.97995526,0.98529357,0.9874366,0.9832248,0.9876888,0.9867402,0.98764855,0.98532075,0.98697656,0.988165,0.9845401,0.9896114,0.9815204,0.9876985,0.9877157,0.98554677,0.9883311,0.9873258,0.98639035,0.9900412,0.9903606,0.98665106,0.98962677,0.9888677,0.98781955,0.98766595,0.9803519,0.98837596,0.9847097,0.98340476,0.9793923,0.98753846,0.9838523,0.98263067,0.98788756,0.98270035,0.9851518,0.96393394,0.98476374,0.9823071,0.9791873,0.98364615,0.9732103,0.9807087,0.98116523,0.9862042,0.98701334,0.9855936,0.9888839,0.9871373,0.98639524,0.98227096,0.99085724,0.98925924,0.9876588,0.9830884,0.9884447,0.98710424,0.9762928,0.983357,0.983681,0.96144235,0.98397404,0.9879418,0.98623216,0.9878989,0.98675364,0.9894154,0.9814714,0.9880027,0.9884341,0.98993355,0.99063814,0.98020464,0.9792116,0.9890974,0.9865514,0.989412,0.9872278,0.98311824,0.97633463,0.97779816,0.9873692,0.9844597,0.9768131,0.9725762,0.985006,0.9885115,0.9869155,0.9857702,0.987921,0.97777057,0.99023086,0.982596,0.98943305,0.9897189,0.9906492,0.9881279,0.98646593,0.98768604,0.99038666,0.9839591,0.99120224,0.9892544,0.98914105,0.9851118,0.9893075,0.9863414,0.98768514,0.9881786,0.988996,0.9843955,0.98584855,0.98731506,0.98345494,0.98569024,0.9873493,0.974621,0.9807098,0.9802229,0.9868823,0.98716927,0.98504794,0.9863552,0.9898666,0.9885138,0.9888758,0.9888791,0.98427874,0.98794174,0.98745507,0.979013,0.98713017,0.98838,0.97704107,0.9893101,0.98901206,0.98564124,0.9795542,0.97657835,0.989765,0.98557734,0.9855399,0.9840352,0.97671026,0.9903862,0.9782157,0.9889191,0.9862354,0.98204833,0.98882097,0.95658046,0.9883941,0.9849508,0.98720384,0.98602635,0.9883937,0.9807751,0.99043757,0.98917747,0.9884424,0.9902945,0.9892987,0.9875123,0.98527545,0.98783517,0.9858555,0.98667043,0.98331743,0.98646915,0.9742641,0.98351645,0.99002844,0.99073374,0.9906315,0.9833072,0.99081683,0.98988974,0.98992664,0.98884827,0.9895891,0.9902198,0.9896859,0.9899826,0.9852258,0.9841281,0.98734266,0.9898347,0.9817642,0.9894743,0.98744965,0.9860285,0.99059665,0.97564346,0.98632616,0.98057157,0.98389417,0.9999992,0.98852813,0.9865766,0.98480266,0.98302746,0.98555404,0.96354586,0.9857942,0.9879282,0.98766094,0.98299176,0.9867907,0.9853726,0.9723755,0.98845106,0.9908713,0.9899474,0.9719127,0.98575556,0.9898055,0.98840106,0.98750615,0.98606616,0.99005556,0.9842107,0.98878956,0.98426485,0.9874512,0.9845289,0.98843586,0.9861489,0.9895411,0.9851516,0.9878632,0.9897176,0.9805956,0.988338,0.96548545,0.98298615,0.987717,0.98875976,0.9801232,0.9880767,0.9841574,0.9881351,0.9870399,0.98724157,0.9828277,0.98840266,0.990128,0.98357236,0.9857495,0.9767161,0.98238844,0.9855518,0.98432,0.98479134,0.98543143,0.97479594,0.9895457,0.9805306,0.98697364,0.98836815,0.9867391,0.98613507,0.98468286,0.98802036,0.9832182,0.98664236,0.98445845,0.98885185,0.98686296,0.98363036,0.9873645,0.9687593,0.96143997,0.9767138
ipip196,0.9930285,0.98607635,0.9896315,0.98494565,0.99008685,0.98440146,0.9932796,0.985543,0.99397886,0.9849218,0.9870472,0.9901807,0.9859305,0.98313004,0.9816634,0.98758584,0.98937285,0.9872498,0.99013263,0.9874597,0.9908149,0.9876473,0.9914118,0.99314445,0.9863998,0.9907199,0.9868694,0.990627,0.98706555,0.98902404,0.9944281,0.99040526,0.9892061,0.99153405,0.99259055,0.9894454,0.99093115,0.9920462,0.98935646,0.98937577,0.9838201,0.99157035,0.99024355,0.9845503,0.9852424,0.99204004,0.9883488,0.9852917,0.98958784,0.9847536,0.9874505,0.9668806,0.9885792,0.98264533,0.9871534,0.9868147,0.9748014,0.98364174,0.98284686,0.9906809,0.98998743,0.98771375,0.9911048,0.9907865,0.9866603,0.9846467,0.99172986,0.9925312,0.990692,0.9860766,0.9916371,0.99031293,0.97973776,0.98572344,0.9849969,0.9594836,0.9841156,0.9876108,0.9940977,0.9956099,0.98803025,0.99201965,0.98428553,0.9907834,0.98886406,0.991713,0.9906312,0.981586,0.98085266,0.99022985,0.9861778,0.9929295,0.9880605,0.9807718,0.97802436,0.980492,0.99117047,0.9923436,0.9783575,0.9731867,0.98709553,0.9946609,0.98911667,0.9876106,0.9885521,0.9763573,0.99063814,0.9831196,0.9902558,0.99156743,0.99345005,0.98659134,0.98660874,0.9873349,0.99128544,0.9856816,0.99061567,0.99160814,0.9921161,0.98533404,0.99338675,0.9883108,0.9923571,0.9927169,0.9911872,0.9881192,0.98875415,0.9892993,0.992862,0.9869371,0.99169827,0.97550577,0.9843624,0.98058915,0.9905148,0.99166566,0.9901157,0.99129367,0.9930973,0.9909842,0.9920507,0.9907231,0.9865205,0.98984426,0.9894617,0.97896934,0.9889453,0.99122745,0.98247313,0.98965234,0.9942928,0.9895405,0.9816823,0.9800139,0.9930944,0.9885451,0.98762804,0.98700386,0.97531205,0.9932091,0.9814956,0.99317133,0.98901224,0.98757994,0.9919107,0.95865434,0.9917008,0.9878643,0.98950714,0.98535305,0.9921567,0.9819887,0.9922953,0.9927269,0.99731815,0.9935416,0.99108016,0.988121,0.9904912,0.9908778,0.98321277,0.9943179,0.988868,0.9941429,0.97905666,0.98732597,0.9936111,0.99391913,0.99362695,0.987475,0.99169177,0.9944429,0.9943118,0.9980134,0.9919003,0.9947078,0.99309903,0.99356025,0.98620147,0.9877393,0.98879886,0.99338555,0.9837008,0.993922,0.9929094,0.99250335,0.9960799,0.97783214,0.98663414,0.98528,0.9888623,0.98852813,1.0000004,0.99250036,0.99224836,0.98686343,0.9882716,0.96373576,0.98717064,0.9886821,0.99121755,0.98412,0.99049693,0.98951524,0.9759097,0.99161524,0.9941916,0.99070144,0.9740061,0.98597986,0.9904951,0.9921909,0.9908855,0.98939687,0.992358,0.9899529,0.99156225,0.9836949,0.99047387,0.9853547,0.9883679,0.9865941,0.9927857,0.99134403,0.98960876,0.99154305,0.98510337,0.99206275,0.9695618,0.98625535,0.99382395,0.9941029,0.984449,0.9936583,0.98857445,0.99053085,0.9900888,0.9924455,0.98510283,0.99136084,0.99446326,0.99212414,0.98798597,0.9803163,0.9859848,0.98851234,0.9871922,0.9897784,0.9880846,0.9766182,0.9929596,0.9854219,0.9918039,0.9919176,0.99077004,0.98843074,0.9878641,0.9907422,0.98678327,0.98905945,0.99276245,0.99205154,0.98829204,0.99216276,0.98940223,0.97378224,0.9635386,0.9809527
ipip226,0.98976797,0.98715395,0.9879902,0.9862372,0.9888265,0.98464185,0.9907239,0.98733765,0.9927643,0.98586833,0.9848682,0.988886,0.9868085,0.98552096,0.9840474,0.986447,0.98907053,0.9859379,0.9895987,0.98799765,0.99078846,0.9885413,0.98980665,0.99153465,0.9863788,0.98973155,0.9886973,0.9905351,0.9858826,0.9870968,0.9921372,0.99111766,0.9863419,0.9901372,0.98838633,0.98878986,0.98810714,0.987656,0.9867655,0.9877951,0.9868198,0.9906279,0.9899197,0.9830002,0.9861289,0.9893728,0.9888389,0.9853457,0.98817,0.98557043,0.9883945,0.9729516,0.98976934,0.9844486,0.985777,0.9884407,0.9770259,0.98298115,0.98499084,0.98993284,0.987624,0.9888315,0.98996717,0.9898535,0.9866422,0.9860248,0.9909084,0.98943514,0.98748285,0.98559123,0.9881147,0.98985803,0.98128605,0.9870256,0.9871447,0.9661997,0.9859011,0.9878937,0.9917356,0.9920319,0.9862714,0.98992723,0.983878,0.9863324,0.9879343,0.9891225,0.98868906,0.98319185,0.98095244,0.98801744,0.98634464,0.9891634,0.98878145,0.9840723,0.9796754,0.98320633,0.98682183,0.9901506,0.97933257,0.97665495,0.98691815,0.99180436,0.988028,0.9862495,0.9880575,0.98007107,0.9880943,0.98288816,0.9909612,0.98888195,0.9906568,0.9838865,0.9883826,0.98858535,0.98993534,0.9876459,0.9897263,0.9892178,0.98821187,0.9872645,0.9919361,0.9895942,0.99502206,0.9930326,0.9891496,0.9869923,0.99189484,0.99026173,0.9891876,0.9879812,0.9902,0.97870314,0.9878682,0.9836999,0.9892687,0.99104905,0.9881803,0.99138325,0.99086416,0.98758274,0.98774326,0.98868805,0.98703367,0.98895353,0.9889367,0.981361,0.98829335,0.9878419,0.98391604,0.98810345,0.9915587,0.9891345,0.9837944,0.9836392,0.98961765,0.9887149,0.9885158,0.98905724,0.9798476,0.9894941,0.9865202,0.9918962,0.98673004,0.98767346,0.98862326,0.9619032,0.990814,0.9875596,0.9868265,0.98498577,0.98894626,0.9841917,0.98775184,0.9904326,0.9914408,0.9907783,0.9895997,0.9878928,0.99026614,0.9889519,0.9853779,0.9916376,0.98954594,0.99194825,0.9813021,0.99271387,0.9904977,0.99076116,0.9905628,0.98938936,0.98908895,0.9909992,0.9908047,0.9921981,0.9896244,0.9905837,0.9906969,0.9902923,0.9873419,0.98884296,0.9894222,0.98988914,0.9874397,0.99132615,0.99460226,0.9911501,0.9929344,0.98069674,0.9887218,0.9864587,0.9919407,0.9865766,0.99250036,0.9999996,0.99241686,0.9884058,0.98757476,0.9662485,0.9867935,0.98732376,0.98917794,0.98430294,0.99042577,0.9908887,0.97710437,0.9878176,0.9908831,0.9908814,0.97985154,0.98516804,0.99020284,0.9917523,0.9910111,0.98826844,0.99133134,0.99284095,0.9904265,0.98576707,0.9895683,0.98748195,0.9890497,0.9873258,0.9901906,0.98815596,0.9901426,0.991218,0.98679537,0.9887101,0.97431624,0.9879828,0.9900935,0.9901562,0.98593247,0.99047434,0.9882029,0.9910525,0.9897312,0.9916505,0.9875174,0.98885757,0.99132293,0.9902503,0.98940754,0.9837808,0.9865794,0.9903766,0.9904974,0.989071,0.9898627,0.98291546,0.9908713,0.98734504,0.9911908,0.9917378,0.9916849,0.990088,0.98979217,0.98909,0.98788637,0.988229,0.9899838,0.9905333,0.9897733,0.9890479,0.99029225,0.9764289,0.96909386,0.9823603
ipip256,0.9854884,0.9862413,0.98521394,0.985097,0.9856147,0.98314226,0.98780924,0.98600805,0.99125767,0.9850859,0.9857055,0.98590577,0.98574674,0.9843307,0.983749,0.98488766,0.986836,0.98612624,0.9875086,0.98706025,0.9874435,0.985215,0.9868319,0.9902836,0.98482174,0.98776925,0.9906909,0.98836154,0.9853933,0.9877176,0.99025077,0.9908897,0.98724204,0.98728776,0.98551786,0.98677534,0.9863419,0.9848988,0.98574615,0.9861789,0.98734075,0.9905818,0.9881721,0.9837166,0.9849741,0.9868646,0.9870406,0.98360693,0.98607236,0.98423475,0.9874558,0.97526526,0.9871559,0.986088,0.99047554,0.9897462,0.9735953,0.98724633,0.9844392,0.99002,0.98309094,0.9844513,0.9864388,0.98714864,0.98368317,0.9842336,0.9882281,0.9883331,0.9869495,0.98734593,0.9838898,0.98641455,0.9804665,0.9841485,0.9852895,0.96691513,0.98418915,0.9849545,0.99645627,0.9954586,0.9851349,0.98583484,0.98296225,0.9829481,0.9848313,0.9854999,0.9861106,0.9840371,0.9821295,0.9868505,0.98327035,0.98552525,0.98506135,0.98170596,0.9788139,0.9823598,0.9833074,0.9919681,0.98004276,0.9797977,0.98523295,0.9878084,0.9843138,0.98431194,0.9849117,0.98362637,0.9868776,0.9813812,0.989431,0.98593307,0.9875628,0.98121357,0.98591745,0.9865624,0.98676336,0.9852209,0.9865277,0.9867562,0.98562944,0.98539174,0.98815274,0.9862809,0.9903199,0.9882525,0.9860465,0.9884527,0.9900485,0.9894784,0.9921182,0.9867698,0.98678076,0.979799,0.9861067,0.98305416,0.98553747,0.9882823,0.987021,0.99130505,0.9882461,0.98376465,0.98341423,0.98711413,0.9862862,0.98690957,0.9859109,0.98172796,0.984812,0.98691124,0.9872003,0.98647165,0.9887092,0.987106,0.9824467,0.982256,0.98538655,0.98620355,0.98568434,0.9869706,0.97882587,0.98614484,0.9851898,0.9885303,0.98434234,0.9846169,0.9850732,0.96362096,0.98870647,0.9862658,0.9842185,0.98283976,0.9843336,0.9837023,0.98370034,0.9884136,0.99242103,0.98946327,0.98760515,0.9862386,0.9890748,0.9875189,0.9859208,0.99555874,0.988132,0.99474216,0.98503906,0.9870211,0.98807997,0.98883677,0.988293,0.9890363,0.9867531,0.9904532,0.98997545,0.9931657,0.9858718,0.98846275,0.9883106,0.98720664,0.98697376,0.98834866,0.9872657,0.98652476,0.9860226,0.98990816,0.9896384,0.9888626,0.99033123,0.9826209,0.9902895,0.9877761,0.9887334,0.98480266,0.99224836,0.99241686,1.0000005,0.98636156,0.9856284,0.9715551,0.9855972,0.98556876,0.9856245,0.98389894,0.98886704,0.9886075,0.97790337,0.9862536,0.9868827,0.98949087,0.98184586,0.9847599,0.988918,0.98839396,0.9882776,0.98523706,0.98836726,0.98992836,0.9866909,0.9832599,0.986716,0.9854577,0.98602873,0.9864,0.98867935,0.99014336,0.990378,0.98973614,0.98416704,0.9840786,0.9746514,0.9853364,0.9904155,0.9903838,0.98857987,0.99040604,0.98978597,0.9874375,0.98730123,0.98907584,0.9849206,0.98637825,0.9905832,0.9939946,0.989341,0.9852606,0.98872757,0.987287,0.9860653,0.98598886,0.9855255,0.9820641,0.9880368,0.98856944,0.98758614,0.98905766,0.98915887,0.9883045,0.98789614,0.98559713,0.98627794,0.9862507,0.99202967,0.98995495,0.989124,0.9917257,0.9915021,0.97777796,0.9717448,0.98086584
ipip286,0.98252004,0.9839158,0.9829264,0.9829834,0.98388857,0.9829669,0.982536,0.9811074,0.98712754,0.98266554,0.98426235,0.98526776,0.98543364,0.9847025,0.9848716,0.9850742,0.98571104,0.98468804,0.98701245,0.9838414,0.986967,0.9840492,0.9859694,0.9864347,0.9849008,0.9873783,0.9848764,0.9858126,0.9863816,0.9848461,0.98675543,0.9881768,0.9821835,0.9863307,0.98175675,0.9841455,0.9847492,0.98063904,0.98612034,0.98499537,0.98365295,0.98559916,0.98746157,0.9816916,0.9858512,0.9860891,0.9866706,0.98219174,0.9853904,0.98612106,0.98522455,0.97397923,0.9839829,0.9812028,0.98141193,0.9833449,0.9765252,0.98261607,0.98572457,0.98836046,0.9822344,0.98576444,0.9836907,0.986947,0.9848789,0.98635066,0.9834688,0.9833554,0.9828979,0.982376,0.9806553,0.98564047,0.9789307,0.98046905,0.98465335,0.9674254,0.9827333,0.98340905,0.9865621,0.9862647,0.9845151,0.9858652,0.98449373,0.9826026,0.98556155,0.9833292,0.98474383,0.9836714,0.97979295,0.98293465,0.9855318,0.98474467,0.9848293,0.98108655,0.9786951,0.9823175,0.9803884,0.98710805,0.97992253,0.9764284,0.9854468,0.98641497,0.984514,0.9865958,0.9861465,0.9821387,0.98358727,0.9815206,0.9864827,0.9820673,0.98349524,0.9799719,0.98623633,0.9856467,0.9847807,0.9850918,0.984804,0.98364073,0.98362803,0.98249245,0.9863941,0.98575777,0.9873888,0.985517,0.98573905,0.9844813,0.9851283,0.98438025,0.98413265,0.98518366,0.98296857,0.97722197,0.98504496,0.9814708,0.9819226,0.9863011,0.9854776,0.9845893,0.9833729,0.98008364,0.9832889,0.98746717,0.98663104,0.98490596,0.98662233,0.98258114,0.98437476,0.9831136,0.98280466,0.9869307,0.985589,0.98600537,0.9817705,0.9834496,0.9835475,0.98559827,0.9855256,0.98237944,0.9773291,0.9831813,0.9840787,0.9855992,0.98192924,0.9841618,0.9812875,0.9638639,0.9839409,0.98438793,0.98182267,0.9832833,0.9822421,0.98404276,0.9827998,0.98579556,0.98540896,0.9831764,0.9834678,0.98348933,0.9851476,0.9849844,0.9843355,0.9865149,0.98568267,0.98655105,0.97821754,0.98410803,0.9860912,0.98540163,0.9858628,0.984503,0.9854272,0.9847858,0.98573786,0.98643076,0.98595935,0.98361117,0.984892,0.983755,0.98397493,0.98607284,0.98367953,0.98293924,0.9839786,0.985052,0.9885287,0.9880927,0.98608255,0.98058105,0.98575693,0.986402,0.9852162,0.98302746,0.98686343,0.9884058,0.98636156,0.99999964,0.98393565,0.96680236,0.983158,0.98442787,0.98452944,0.9796347,0.98478115,0.9920413,0.976774,0.9826472,0.98335254,0.98550296,0.98053813,0.98543996,0.98554486,0.9864715,0.9859712,0.98582166,0.9858866,0.9861217,0.9857994,0.9808439,0.9850059,0.9844944,0.98364466,0.9847057,0.98361075,0.9852975,0.9859555,0.98593396,0.98327386,0.98116237,0.9712806,0.98287994,0.98506814,0.98478794,0.98323816,0.98522073,0.9857394,0.9857779,0.9847038,0.9859474,0.9849523,0.9865473,0.9852274,0.9856556,0.98396695,0.9795759,0.98374945,0.98242193,0.98378,0.9814437,0.9842048,0.9801615,0.9823893,0.98220986,0.98552126,0.98341084,0.98555607,0.9845228,0.9845496,0.98449063,0.98589444,0.98274636,0.9836541,0.98273194,0.98373705,0.98301464,0.98371375,0.9748702,0.97032243,0.9803191
ipip21,0.98820394,0.9848738,0.9869378,0.9840123,0.98595333,0.983312,0.9893025,0.9851207,0.98983383,0.98479104,0.98677754,0.9871347,0.98666716,0.9853815,0.98264194,0.9888449,0.98933977,0.9832284,0.98995847,0.9879453,0.9895448,0.98542845,0.98943603,0.9894528,0.9850469,0.99005586,0.984061,0.99002284,0.98651725,0.98739785,0.9897881,0.98819304,0.9860231,0.9902852,0.98793447,0.98875177,0.9905455,0.9882175,0.988129,0.98744214,0.9839559,0.98996705,0.98776996,0.9852216,0.9834009,0.9885387,0.987565,0.98456275,0.9876158,0.9843237,0.98458576,0.9704873,0.9866875,0.98547,0.98188984,0.98812807,0.97535056,0.9852152,0.983711,0.9889963,0.986009,0.98574823,0.98770374,0.98383904,0.985318,0.9853017,0.98976946,0.9889719,0.98699147,0.9854082,0.98779064,0.9901575,0.98073643,0.9850036,0.986901,0.97041345,0.98748064,0.98891014,0.98760456,0.98713475,0.98661554,0.9901787,0.9868078,0.98635024,0.9891304,0.98951715,0.99010164,0.98539025,0.98251295,0.9871653,0.9859771,0.98995346,0.98751044,0.98182046,0.9802342,0.98230034,0.9859512,0.98707753,0.9815306,0.97891027,0.98774713,0.98937947,0.9865388,0.9864598,0.9878242,0.98016346,0.99062526,0.98261744,0.9899204,0.9884104,0.990336,0.98212194,0.9859463,0.98888874,0.9912031,0.98705065,0.9903897,0.9899509,0.98784614,0.99062586,0.9911161,0.9872799,0.98913586,0.9866272,0.98891205,0.98489845,0.9914736,0.9889333,0.98588824,0.9874491,0.9902298,0.98028904,0.9856259,0.98184013,0.988286,0.98848164,0.9881171,0.9906689,0.9905782,0.9863644,0.98693734,0.98925376,0.98628175,0.98770905,0.9875139,0.98035747,0.9877407,0.98778856,0.98299533,0.98753965,0.99142045,0.98831534,0.98607415,0.9810688,0.9885407,0.98962444,0.9892198,0.9875287,0.9784027,0.9893044,0.98475415,0.9904809,0.9864372,0.98445743,0.98742974,0.96308327,0.99144804,0.9895244,0.9855969,0.9845128,0.9884997,0.98304015,0.98836595,0.98823386,0.9886543,0.99014765,0.99016815,0.9868497,0.9895901,0.99125594,0.9864692,0.9875947,0.98777837,0.9874313,0.97979015,0.9858811,0.99257267,0.9920124,0.9922234,0.9901641,0.9909218,0.99112684,0.99192697,0.9891353,0.9900634,0.99046886,0.993024,0.989866,0.9871741,0.9883965,0.9909769,0.9891829,0.98644745,0.9913833,0.9879649,0.9866235,0.9909419,0.9803706,0.9876793,0.98450553,0.9868934,0.98555404,0.9882716,0.98757476,0.9856284,0.98393565,1.0000004,0.97022676,0.9888961,0.9909697,0.99250466,0.98829156,0.98994374,0.988133,0.980201,0.9885826,0.9905997,0.99063927,0.97756886,0.9846556,0.9908223,0.98730415,0.98713565,0.9867996,0.98804235,0.9860999,0.9886485,0.98414403,0.98988205,0.98681647,0.98912823,0.9879061,0.9906183,0.98707044,0.98963284,0.9899863,0.98444617,0.98912114,0.9721184,0.9863651,0.9901931,0.9902052,0.98690027,0.9907437,0.9887363,0.98966616,0.9883829,0.98854166,0.9859744,0.98806554,0.99150676,0.98591435,0.9890354,0.98318106,0.9860453,0.9882229,0.98923814,0.9873309,0.9875376,0.9789704,0.98987013,0.98592913,0.9876895,0.99126244,0.986796,0.9887522,0.98934716,0.9882523,0.986848,0.9883812,0.98543465,0.98907167,0.9875802,0.9847266,0.98968124,0.97357047,0.9758109,0.9821258
ipip51,0.9584421,0.96939,0.9651994,0.9673466,0.9614096,0.9667323,0.9614838,0.96910995,0.9674719,0.9680754,0.9690491,0.9629335,0.96686286,0.97048604,0.9698272,0.96700275,0.96669966,0.9655579,0.96771973,0.96701866,0.96653897,0.96428716,0.9640702,0.96611434,0.96646744,0.9676302,0.97197384,0.96919924,0.96807563,0.9691823,0.9651153,0.96960497,0.96633947,0.96463656,0.95934826,0.9637352,0.96589077,0.9581601,0.96639884,0.9645304,0.96893066,0.9673705,0.9676914,0.9676939,0.97036505,0.9647627,0.9692423,0.966632,0.96451455,0.96717894,0.9653016,0.9677123,0.9615939,0.9701291,0.9692452,0.9716161,0.957878,0.9745971,0.96728826,0.9706813,0.95768553,0.96879447,0.9599217,0.96663666,0.9653749,0.9705195,0.96640533,0.9697079,0.9650061,0.9747389,0.9563797,0.9650705,0.965564,0.9614572,0.9739849,0.96644086,0.9708603,0.96662205,0.9706997,0.9671009,0.9655358,0.9644085,0.96553886,0.9595853,0.9659549,0.9616319,0.9662864,0.9747125,0.9751952,0.96515256,0.96377593,0.96069175,0.96450955,0.9661404,0.9742344,0.9689092,0.9546297,0.9707053,0.9712815,0.97206265,0.96728534,0.96151876,0.962512,0.9645589,0.96624076,0.9729232,0.9676391,0.9633793,0.96956456,0.9603423,0.9619069,0.95928156,0.96726394,0.9702497,0.9665747,0.96853346,0.96528894,0.9685323,0.96203846,0.97071713,0.9645966,0.96427685,0.9664026,0.96031255,0.9616574,0.96959734,0.9730487,0.9665776,0.96889025,0.9692895,0.96011215,0.9694319,0.9669295,0.9737358,0.9607413,0.96442,0.9659422,0.9706073,0.9610222,0.95414114,0.95622665,0.96723056,0.970984,0.96346515,0.9645663,0.96671975,0.96580166,0.9656295,0.97429657,0.9667896,0.96419394,0.96670717,0.97647345,0.9685203,0.9590042,0.96670294,0.96814454,0.9626623,0.966084,0.96113855,0.9672947,0.962704,0.9608874,0.9658514,0.95647347,0.9517,0.9640842,0.96976584,0.9593166,0.96416736,0.9574507,0.9689268,0.9575508,0.96476454,0.96417314,0.96443444,0.9666888,0.9653256,0.9709572,0.96904546,0.972896,0.9712896,0.97063226,0.9700436,0.97612715,0.9644249,0.9670734,0.9665837,0.96718943,0.9722763,0.9667248,0.96593094,0.96706337,0.9648996,0.9636313,0.9619066,0.9668822,0.96255565,0.9689729,0.97267663,0.9666933,0.9606844,0.97275394,0.9664393,0.9655827,0.96523404,0.9636109,0.9796977,0.97389746,0.97129923,0.9681953,0.96354586,0.96373576,0.9662485,0.9715551,0.96680236,0.97022676,1.000001,0.9774715,0.9667551,0.96253747,0.9655039,0.96688974,0.96782917,0.96664953,0.96192867,0.9616607,0.96838886,0.9764257,0.97081405,0.9692636,0.962458,0.96191174,0.96469694,0.9618273,0.96676743,0.96409357,0.95978636,0.96457493,0.9667374,0.96586776,0.97062874,0.96450216,0.9726547,0.9709229,0.96915317,0.96568406,0.956849,0.96753496,0.96312755,0.96984345,0.96892107,0.97521937,0.96973425,0.9721224,0.96825415,0.9686217,0.9638306,0.9690233,0.96654606,0.9669268,0.9717651,0.9730903,0.97079533,0.97752506,0.96431714,0.9663513,0.96478707,0.9670012,0.9714979,0.96161115,0.97434384,0.96386015,0.9653685,0.9651301,0.96716875,0.96647286,0.96100086,0.96675533,0.9643154,0.96541035,0.9621389,0.96856046,0.96400195,0.9674751,0.96472436,0.9651056,0.9626911
ipip81,0.98809534,0.9859062,0.98824555,0.9837625,0.98560673,0.98302627,0.98895586,0.9869121,0.98926646,0.98402154,0.98629427,0.9877001,0.986903,0.98774207,0.98240584,0.9886906,0.98996925,0.9846069,0.989942,0.98920137,0.990104,0.98639154,0.9875583,0.98860705,0.9851033,0.9896699,0.9838423,0.9910567,0.98732257,0.98848206,0.98812383,0.9874036,0.984148,0.98804176,0.98870075,0.9862173,0.99025244,0.9879619,0.9900428,0.98821163,0.9825424,0.9882264,0.9866467,0.98447955,0.9840535,0.9872961,0.9860039,0.9838755,0.98807395,0.9856733,0.9840487,0.9711556,0.9857357,0.98609525,0.9820623,0.9861433,0.9753363,0.9843924,0.98433024,0.98732126,0.98801744,0.9892045,0.9891761,0.98570085,0.98663014,0.9865195,0.990674,0.9892239,0.9875448,0.9868601,0.98630553,0.98757035,0.98191154,0.9841475,0.9916568,0.96988624,0.9878314,0.9892582,0.9869211,0.98702955,0.98673564,0.9905515,0.9861063,0.9870953,0.98866206,0.99039567,0.99118656,0.98847854,0.9874863,0.9882871,0.9863433,0.98910934,0.989497,0.9833115,0.985732,0.9829072,0.98526126,0.9866629,0.9851009,0.9801791,0.989453,0.98827195,0.9888532,0.9868121,0.9906321,0.97928554,0.99046165,0.9813607,0.9896503,0.98972493,0.9900591,0.9843097,0.98708665,0.98923254,0.99219155,0.9867555,0.99052876,0.99252707,0.9893362,0.9893261,0.9901657,0.9858084,0.98770905,0.98681206,0.98872584,0.9845233,0.9877633,0.98811704,0.98504484,0.98866606,0.98695517,0.9786521,0.98383296,0.98746467,0.986767,0.98771036,0.9877086,0.9879869,0.98847145,0.9854782,0.98692226,0.9897063,0.9895534,0.9882569,0.9890995,0.9815553,0.9887128,0.988034,0.9813275,0.98906505,0.9891258,0.98661846,0.9882517,0.9823627,0.9884292,0.9867942,0.98693687,0.9852866,0.9813886,0.9892501,0.9815652,0.9891284,0.98600805,0.9847053,0.9871221,0.96152455,0.98816097,0.98686486,0.9859463,0.9851888,0.986559,0.9827921,0.98711,0.98793286,0.9872384,0.9890051,0.99048615,0.98657167,0.9876098,0.98866475,0.9865474,0.98767215,0.9851996,0.9873644,0.983321,0.9852086,0.9903308,0.9901792,0.99027586,0.9867082,0.99058306,0.9895464,0.99016136,0.98787373,0.98953575,0.989295,0.9901773,0.9892781,0.9849161,0.98678607,0.9884353,0.9879763,0.98598236,0.9898268,0.98709255,0.98569393,0.98903555,0.9836823,0.98630655,0.9830327,0.9858802,0.9857942,0.98717064,0.9867935,0.9855972,0.983158,0.9888961,0.9774715,1.0000011,0.9897743,0.9871807,0.98423016,0.9885722,0.9869081,0.97966725,0.9878519,0.98882955,0.9896589,0.9788125,0.9844926,0.98888296,0.98763704,0.9875201,0.986038,0.9891124,0.98617995,0.9870452,0.98229516,0.98764247,0.98469245,0.9885745,0.9896302,0.98964226,0.9874668,0.98803896,0.9895132,0.98261327,0.9863739,0.97465754,0.98337525,0.99013245,0.98986876,0.98603773,0.99034953,0.987692,0.99003696,0.98910636,0.987561,0.9860543,0.9884047,0.99005246,0.98550874,0.98840714,0.98281986,0.98663896,0.98708576,0.98649824,0.98576206,0.98794526,0.98201346,0.989151,0.9843299,0.98677164,0.98905396,0.9869168,0.9876348,0.9857626,0.9858724,0.985243,0.98772967,0.9844763,0.9881093,0.9860791,0.9838209,0.9880358,0.9737555,0.97035515,0.9818161
ipip111,0.99016666,0.98404,0.98815554,0.98260665,0.9869015,0.9826408,0.9906544,0.98537713,0.99031025,0.9824762,0.98625636,0.9902684,0.98779,0.98560333,0.9824442,0.9897089,0.9912875,0.98484176,0.9909061,0.98869824,0.9905091,0.985753,0.98893917,0.9894961,0.9858151,0.99093366,0.9822953,0.99047416,0.9892931,0.98807806,0.9898728,0.9888385,0.9857396,0.9909165,0.9901821,0.98969036,0.9920126,0.9901049,0.99223864,0.9906587,0.982064,0.98883426,0.98679435,0.98428947,0.9818052,0.9879285,0.9860804,0.98294216,0.9886906,0.9855601,0.98516965,0.9658039,0.9861316,0.9849892,0.9804446,0.9856951,0.9751087,0.98361176,0.9837655,0.98782045,0.9893785,0.98648816,0.9905476,0.9861812,0.98809093,0.98462737,0.9908259,0.98923093,0.98726714,0.98483646,0.99060684,0.9902954,0.97942656,0.98567826,0.988881,0.9636931,0.9882949,0.99067414,0.98766035,0.98855644,0.9888084,0.9916539,0.9876141,0.98942065,0.9912256,0.9923702,0.99218315,0.9859036,0.98236084,0.9883712,0.99097735,0.9916281,0.99071425,0.98416066,0.9783945,0.9798486,0.988605,0.9862492,0.98089224,0.9756924,0.98954004,0.99043137,0.9906008,0.9899927,0.99243915,0.97810537,0.99141246,0.9837886,0.9904835,0.9915895,0.99180526,0.9846439,0.9883257,0.9895302,0.99280554,0.98926395,0.99296635,0.9927952,0.99046415,0.9887589,0.992259,0.9880942,0.9891914,0.9889056,0.990968,0.9856181,0.9872872,0.9903046,0.9852027,0.9879866,0.99126774,0.978746,0.98600644,0.9832755,0.98982275,0.9895733,0.9886442,0.9898366,0.99234724,0.9893122,0.99122304,0.9912405,0.98720264,0.98915637,0.99071753,0.9811223,0.9907912,0.98777544,0.9798512,0.9893842,0.9915371,0.99035245,0.9858793,0.97994393,0.99122083,0.98984677,0.98920006,0.9880958,0.97881365,0.9914492,0.9835644,0.9920265,0.9892449,0.98497844,0.99061304,0.9660097,0.99052364,0.98833334,0.98774564,0.98545134,0.9899039,0.9835779,0.99003243,0.9907955,0.9890414,0.990934,0.99057126,0.9868303,0.9866929,0.9902335,0.9876076,0.98718107,0.9855783,0.9870972,0.97688603,0.9849847,0.9924638,0.99226505,0.9923451,0.98800427,0.9920957,0.99152464,0.9920659,0.989529,0.9914659,0.9912059,0.9920373,0.99069065,0.98721194,0.98579013,0.9912648,0.9906058,0.983193,0.9912497,0.987744,0.98625255,0.9912199,0.9771389,0.98503774,0.9822863,0.98670566,0.9879282,0.9886821,0.98732376,0.98556876,0.98442787,0.9909697,0.9667551,0.9897743,1.0000004,0.9916263,0.98645115,0.9894629,0.98880225,0.97667605,0.99148035,0.99151134,0.9916131,0.9732321,0.98532784,0.99080116,0.9884695,0.98853,0.9871275,0.9900941,0.9859954,0.99002767,0.9868151,0.99098116,0.98704505,0.99204266,0.9889832,0.99178046,0.98723835,0.9884486,0.989442,0.9834692,0.9907745,0.9667511,0.9856499,0.9905522,0.99040484,0.9868262,0.991592,0.98857725,0.99018776,0.98835933,0.98997176,0.9848672,0.9897494,0.9918924,0.9846411,0.98685235,0.9804695,0.98493505,0.9881144,0.9890792,0.98668385,0.98894465,0.97789574,0.99143547,0.9835219,0.9895148,0.9907331,0.98914135,0.9881018,0.98749584,0.9891884,0.98565865,0.9885119,0.98528385,0.9902458,0.98549783,0.9846957,0.9886851,0.9707293,0.96782285,0.9798781
ipip141,0.9928264,0.98590404,0.990567,0.98518604,0.9907951,0.98512787,0.9929069,0.98444515,0.9916458,0.98504275,0.9861634,0.9910411,0.9866284,0.98397535,0.98279345,0.98875433,0.98978233,0.9855071,0.99079996,0.98662734,0.99203384,0.987886,0.9963123,0.99192655,0.9882491,0.99075085,0.9842007,0.9907363,0.98644215,0.9873457,0.9924748,0.9890499,0.98807114,0.9919648,0.9911539,0.99513066,0.9917126,0.99184406,0.9893973,0.9901022,0.9828597,0.9919048,0.9886522,0.98370755,0.9836796,0.9914117,0.9880481,0.9857775,0.9902125,0.98417985,0.98802274,0.9656067,0.9887203,0.9829739,0.9834488,0.98706603,0.97750866,0.9829618,0.9837552,0.9896094,0.99005824,0.98876166,0.9916717,0.9876817,0.9877972,0.9864477,0.9903624,0.99167234,0.9894966,0.98494875,0.9948952,0.99491584,0.98134196,0.98977476,0.9862511,0.9607418,0.98574877,0.989322,0.9889804,0.9902147,0.9895079,0.9927845,0.9856653,0.9907802,0.991928,0.99226147,0.9908772,0.98221976,0.98070526,0.9886891,0.98817325,0.993773,0.98907614,0.9821173,0.97654307,0.9790149,0.9923321,0.98767585,0.977769,0.9731275,0.98719645,0.9930578,0.98909163,0.9894297,0.9906528,0.9764611,0.9916417,0.9848958,0.9901991,0.99162453,0.9929221,0.9859065,0.9879465,0.98770726,0.9914306,0.9908571,0.991004,0.99273646,0.9911601,0.98655915,0.9932175,0.9874773,0.99207467,0.9907234,0.9925375,0.9854839,0.98782575,0.9889604,0.9886671,0.98560125,0.9960475,0.9775762,0.988389,0.9803739,0.99422956,0.9931358,0.99139184,0.9916848,0.99325275,0.9921974,0.99259776,0.9914796,0.98603714,0.9912681,0.99030393,0.9796793,0.9895579,0.9905086,0.98130655,0.98835576,0.993436,0.9892008,0.98411715,0.97907406,0.99232787,0.9933557,0.9930561,0.9916934,0.9749434,0.9921712,0.9858396,0.9951864,0.98988867,0.98712486,0.99287724,0.95951843,0.9939977,0.9909977,0.99002755,0.98621416,0.9964699,0.98411673,0.9922403,0.9928726,0.9918325,0.99229026,0.9921661,0.98889846,0.98946166,0.98961645,0.9837057,0.9876386,0.98664755,0.98742175,0.9760942,0.98516166,0.99262136,0.9924786,0.99243045,0.9862419,0.9917918,0.9927596,0.9930103,0.9917134,0.99265224,0.99351716,0.99366957,0.99378425,0.9846892,0.986371,0.9898095,0.9929273,0.9846383,0.9932027,0.9911371,0.9905478,0.99277806,0.9756127,0.9859602,0.9822701,0.9884834,0.98766094,0.99121755,0.98917794,0.9856245,0.98452944,0.99250466,0.96253747,0.9871807,0.9916263,0.9999995,0.9842673,0.989152,0.98941875,0.9753576,0.99197215,0.9926369,0.9902471,0.9730108,0.9849595,0.9900843,0.98874044,0.99096465,0.99023634,0.9904445,0.98535556,0.99226445,0.9885035,0.99627036,0.99059343,0.99161583,0.9885741,0.99265677,0.9881624,0.98816675,0.9910045,0.98819566,0.9963623,0.9695678,0.9918619,0.99387884,0.99380225,0.98629874,0.99406356,0.9903215,0.990501,0.98939437,0.99392027,0.9868433,0.9915431,0.9932438,0.9849714,0.9871601,0.9790368,0.98488826,0.99068874,0.9935349,0.9919708,0.992084,0.9796417,0.99414647,0.98606896,0.9915737,0.99377054,0.99042815,0.99331194,0.9937326,0.99210083,0.9881256,0.99357146,0.9892172,0.9915481,0.98752034,0.9884684,0.98884547,0.9723482,0.9673643,0.981956
ipip171,0.9830087,0.97987664,0.9820988,0.9787934,0.98150504,0.97797865,0.98419416,0.9820963,0.98455477,0.9788393,0.98428136,0.98341686,0.9832972,0.9797571,0.97733516,0.98438835,0.98349494,0.98006004,0.98517954,0.98398584,0.9831507,0.9810294,0.98285186,0.982538,0.9785981,0.9852354,0.98149806,0.9833853,0.98225313,0.983039,0.98427665,0.9855611,0.98363906,0.9840243,0.9827449,0.9827723,0.98477757,0.9824958,0.98375267,0.98415035,0.9821583,0.9846651,0.98328155,0.9849782,0.9771838,0.9835573,0.98160094,0.9763458,0.98346484,0.9799055,0.98240626,0.967553,0.9837559,0.98187715,0.9771001,0.9857079,0.9716757,0.9811518,0.9809687,0.9847172,0.9801862,0.9826554,0.98249054,0.97975165,0.9794948,0.9787641,0.9867919,0.9832198,0.9834478,0.9810749,0.9816565,0.9846778,0.976507,0.98218477,0.98101854,0.9661512,0.9813641,0.9838124,0.9838871,0.9844026,0.98128206,0.9850092,0.98056597,0.9806063,0.983661,0.9841862,0.9848225,0.9792327,0.9782082,0.98482877,0.9818871,0.98324007,0.9820829,0.98024255,0.97777003,0.978204,0.98062867,0.98382187,0.97903144,0.9762809,0.9830511,0.98355,0.98137754,0.980434,0.9824986,0.9766269,0.9846997,0.9764059,0.9839419,0.98448753,0.9857164,0.9787971,0.9827972,0.9844037,0.9860836,0.98387986,0.9858834,0.9849601,0.98338664,0.9857322,0.9848903,0.9848122,0.9841707,0.98355675,0.983847,0.98049897,0.9851918,0.98510563,0.981562,0.9836994,0.9840295,0.9722442,0.9807592,0.9785069,0.9835188,0.98439336,0.98219144,0.9861741,0.98612076,0.9812284,0.9818823,0.98386157,0.9810248,0.9829128,0.98282087,0.97792625,0.9838513,0.9833506,0.98095447,0.98531073,0.9843221,0.9828879,0.98048973,0.97581124,0.9840908,0.9848218,0.9837231,0.9846576,0.9765509,0.9846225,0.98065466,0.9872188,0.9833584,0.9815586,0.9825865,0.9664071,0.98568,0.98117423,0.98312485,0.98026174,0.98182786,0.97815436,0.9830546,0.98339885,0.98420316,0.98834383,0.98324,0.981441,0.98092675,0.9855348,0.9823991,0.9846792,0.98402613,0.9847201,0.9769399,0.9825884,0.98622656,0.98642087,0.9861499,0.98265594,0.9852977,0.98959893,0.98967093,0.9850682,0.9850696,0.98786604,0.98610747,0.9838828,0.98344463,0.98216593,0.98585474,0.983384,0.9799606,0.9885342,0.98336214,0.9813236,0.98553747,0.9738801,0.9822002,0.9795066,0.98340195,0.98299176,0.98412,0.98430294,0.98389894,0.9796347,0.98829156,0.9655039,0.98423016,0.98645115,0.9842673,1.0000005,0.9874686,0.9834777,0.9813168,0.9890467,0.9854098,0.9861474,0.97224784,0.9803968,0.9861424,0.98511714,0.981877,0.980649,0.9861234,0.982906,0.9832514,0.9834738,0.985578,0.98367894,0.9884933,0.98339605,0.9889588,0.9817222,0.9895292,0.98434377,0.97930014,0.9812982,0.96746475,0.98062223,0.9841436,0.98443466,0.98200697,0.98473275,0.9840248,0.9852629,0.98230886,0.9827728,0.98104995,0.98180264,0.989351,0.98361903,0.98716605,0.9821466,0.9820268,0.985392,0.9828263,0.9804892,0.98279554,0.9775345,0.98475784,0.9807821,0.9818266,0.98548406,0.9834566,0.9827106,0.98405683,0.98241746,0.9811163,0.98201036,0.98130476,0.9853423,0.98236865,0.9809889,0.9862382,0.9698776,0.9691114,0.9776551
ipip201,0.9899302,0.98595816,0.9881372,0.98453313,0.98773974,0.98265225,0.9910507,0.989084,0.9910675,0.98520744,0.9870502,0.9891163,0.9886064,0.9855918,0.98343515,0.9901142,0.98982865,0.9851305,0.9908561,0.9908967,0.99011886,0.9881673,0.988608,0.98883146,0.9839791,0.99016064,0.98684746,0.99015635,0.98694205,0.98737633,0.9920561,0.9914633,0.9872003,0.98958784,0.9901379,0.9887836,0.99069893,0.98950726,0.98900795,0.9891612,0.98550034,0.9896045,0.9874057,0.98523074,0.98283637,0.9889569,0.98588604,0.9849805,0.989596,0.985448,0.98781997,0.9699386,0.98898506,0.9864931,0.9820115,0.99002784,0.9760694,0.9849237,0.98561656,0.99040794,0.9882434,0.9869673,0.9901599,0.98628783,0.98678505,0.9852292,0.99171764,0.98894715,0.9874883,0.98603857,0.98840266,0.9894131,0.98050624,0.98708934,0.9863965,0.9666367,0.98562926,0.988183,0.98911846,0.9892763,0.9875381,0.99100745,0.9854091,0.9876781,0.9893061,0.9907593,0.9911647,0.98538697,0.9820849,0.9895643,0.9866311,0.98933953,0.98979616,0.9840158,0.9784582,0.98307663,0.9881035,0.9882954,0.98038363,0.97834903,0.9893243,0.9895183,0.98823184,0.98616207,0.9890424,0.98051476,0.9907504,0.9833325,0.9911317,0.99099404,0.9926406,0.9841715,0.98812485,0.98945767,0.99214137,0.98726624,0.99130315,0.9901166,0.9892918,0.987884,0.99281925,0.99005663,0.9907254,0.98956555,0.99000317,0.9867174,0.9901443,0.99113995,0.98530453,0.98827904,0.9898687,0.9757652,0.98413634,0.98199046,0.9899271,0.9890005,0.98775727,0.9908419,0.99220294,0.98818666,0.98765033,0.9903455,0.9878836,0.99024975,0.98918664,0.9825649,0.9873825,0.98738164,0.98354614,0.9897041,0.989446,0.9861618,0.98211783,0.9815075,0.99123144,0.98824865,0.987297,0.98832047,0.9804503,0.9914825,0.98318243,0.99157304,0.987844,0.9865468,0.99002075,0.9636518,0.99143237,0.9863008,0.9881794,0.9862579,0.98846114,0.983778,0.9893964,0.9896155,0.9906364,0.9913668,0.9900775,0.9875818,0.9883572,0.991632,0.9862881,0.99066615,0.9867089,0.9909379,0.97980034,0.9905342,0.99310243,0.99318355,0.99290144,0.98647785,0.9916752,0.9923687,0.99263805,0.9911411,0.99049234,0.9913534,0.9913236,0.99072397,0.98569596,0.9869413,0.99085295,0.99030644,0.98587847,0.99203926,0.9901024,0.9868854,0.9931726,0.97862434,0.98867196,0.985669,0.98787045,0.9867907,0.99049693,0.99042577,0.98886704,0.98478115,0.98994374,0.96688974,0.9885722,0.9894629,0.989152,0.9874686,1.0000004,0.98962253,0.9785241,0.9900888,0.9924859,0.99164647,0.9773591,0.9852014,0.9917139,0.9912582,0.98961926,0.98717153,0.9936138,0.9892593,0.98943746,0.9865217,0.98939306,0.986478,0.9906886,0.988274,0.9916259,0.9863106,0.990738,0.99146223,0.9847293,0.9884274,0.97268105,0.98685557,0.9893992,0.989384,0.98511916,0.9898333,0.988031,0.99145,0.9896913,0.98950195,0.98682123,0.98918116,0.99247193,0.9892584,0.99018574,0.9846157,0.9862405,0.9906405,0.9875736,0.9862142,0.98797333,0.97910124,0.9915089,0.986137,0.9878481,0.99210995,0.98859316,0.9895945,0.9890474,0.98767096,0.9859648,0.98791945,0.986655,0.99162006,0.98927563,0.98601836,0.99226356,0.97484636,0.9710492,0.98335296
ipip231,0.98790824,0.9869325,0.9870579,0.98560417,0.98723555,0.98519033,0.98815584,0.98641026,0.99152845,0.9858389,0.986872,0.9889128,0.9885711,0.9868746,0.98862106,0.9882206,0.98891324,0.9858083,0.99017215,0.9880407,0.99000084,0.98809826,0.9892767,0.9905375,0.98736775,0.9886846,0.98749983,0.98944664,0.98743117,0.9866374,0.99066865,0.9899357,0.98449,0.99074274,0.98668545,0.9876241,0.9880077,0.98563415,0.98819625,0.98888505,0.9850249,0.988356,0.9890613,0.98320186,0.9874637,0.9881956,0.98919165,0.9866815,0.9885781,0.9870503,0.9866426,0.97127765,0.9877124,0.9846248,0.984756,0.98665476,0.97624713,0.9850037,0.9841495,0.9899855,0.9876257,0.9884908,0.9895064,0.98974496,0.98725194,0.98941,0.98849064,0.9878305,0.9872731,0.98648524,0.9869488,0.98881775,0.98191994,0.98576695,0.988108,0.96652555,0.9862152,0.98731446,0.98986095,0.9906661,0.9888779,0.99096036,0.9876475,0.98680973,0.9900883,0.9883279,0.9892605,0.98599356,0.9823762,0.98763245,0.98640406,0.98842335,0.98937017,0.9837282,0.9788979,0.9830716,0.9866015,0.9894811,0.9799777,0.9779618,0.9878037,0.9911611,0.98764855,0.9882193,0.9908503,0.9814132,0.98904794,0.98388636,0.9907571,0.98810923,0.9891755,0.98447436,0.9888264,0.98652714,0.989408,0.9877626,0.98796797,0.98832166,0.98743075,0.9861932,0.99025995,0.987291,0.9901694,0.9884335,0.9880163,0.98617476,0.98765284,0.9888173,0.98808837,0.987497,0.9879078,0.9778218,0.98740745,0.98334444,0.98668873,0.9895353,0.9890524,0.9884049,0.9887755,0.98603666,0.9879084,0.9906754,0.9886413,0.9900849,0.9920084,0.98267716,0.988371,0.9872013,0.9824804,0.9898867,0.99038833,0.98936504,0.98459786,0.9863124,0.98869556,0.987933,0.9888467,0.9865471,0.979635,0.98878247,0.98550427,0.9904353,0.9858672,0.98713154,0.9869023,0.96263725,0.98882693,0.98905647,0.98559463,0.9840797,0.9871677,0.9840942,0.98573905,0.9901426,0.98941827,0.98691577,0.9878972,0.98652637,0.98850405,0.9881376,0.98693675,0.98942286,0.9879646,0.9898434,0.98005563,0.98681056,0.9899521,0.98992497,0.98952675,0.98810256,0.9901337,0.9900545,0.9899144,0.99034584,0.9908177,0.98856646,0.9893948,0.98843724,0.98523474,0.9887308,0.9894047,0.9879724,0.9871431,0.9892749,0.9904294,0.9898333,0.9905703,0.98162353,0.98809,0.98595923,0.9885767,0.9853726,0.98951524,0.9908887,0.9886075,0.9920413,0.988133,0.96782917,0.9869081,0.98880225,0.98941875,0.9834777,0.98962253,1.0000007,0.9777701,0.9872658,0.98800623,0.9898669,0.982167,0.9876076,0.9897193,0.9898192,0.99123186,0.99044526,0.98978883,0.98856294,0.99079514,0.9848285,0.98857236,0.9869925,0.98978674,0.98761094,0.9877041,0.9889911,0.98846257,0.9906598,0.9866995,0.98719645,0.9719356,0.9870535,0.98933154,0.98902446,0.985538,0.9895031,0.98847306,0.9907882,0.9887097,0.99051356,0.9876894,0.9901199,0.9899148,0.9897302,0.98933595,0.98255754,0.98591775,0.98760885,0.98740774,0.9871103,0.98740643,0.9820597,0.98899835,0.98620075,0.99031603,0.9887674,0.99021393,0.9893622,0.9880956,0.9899195,0.9900839,0.9872852,0.988022,0.9880264,0.98839426,0.98767716,0.9879788,0.9768006,0.9712806,0.9825465
ipip261,0.9734493,0.9759436,0.9756402,0.97505575,0.97380656,0.9737973,0.9742748,0.9753194,0.9765048,0.97470546,0.98173875,0.976215,0.9781232,0.9776489,0.97436947,0.97807306,0.9771373,0.9740118,0.9786484,0.9773569,0.97687376,0.9749341,0.9755434,0.9750052,0.9736929,0.9777487,0.97613496,0.97654366,0.9762755,0.9803245,0.9763615,0.9793588,0.97534007,0.9754423,0.9727503,0.9750437,0.9758218,0.9718908,0.97602665,0.97452855,0.97707844,0.9771216,0.97677726,0.9771385,0.97590774,0.9751893,0.9756259,0.97214866,0.97563803,0.97557056,0.97437495,0.96969956,0.97785926,0.97513074,0.9746176,0.9774983,0.96984243,0.97875756,0.9771676,0.9794754,0.97120255,0.9780161,0.9732412,0.9734514,0.9716212,0.97562015,0.97636735,0.97477555,0.9757996,0.97674245,0.9713737,0.97651047,0.97426057,0.974118,0.9775359,0.9685888,0.9763215,0.977214,0.9787726,0.97718173,0.9740467,0.97870684,0.9817953,0.97148,0.97642094,0.97429156,0.9769877,0.97684234,0.97694093,0.9754841,0.9766107,0.974652,0.97685057,0.9757607,0.979092,0.9754121,0.97044754,0.9776194,0.97830606,0.97574365,0.9779253,0.9763617,0.9750619,0.97552264,0.97566617,0.9732117,0.97841877,0.9707982,0.9771025,0.97511834,0.9764303,0.9718993,0.978,0.97986066,0.97647876,0.9768432,0.97684246,0.97520083,0.97493076,0.9794379,0.97677356,0.9772213,0.97693,0.97470105,0.9750429,0.9737138,0.9781622,0.97816694,0.97626925,0.978542,0.9742772,0.96859676,0.9748746,0.9763159,0.9740938,0.977502,0.97673476,0.9790351,0.9765255,0.97056454,0.9713955,0.97693086,0.97725797,0.9752954,0.97512734,0.974121,0.97639686,0.9751557,0.9774717,0.97707516,0.97671574,0.977588,0.9763152,0.9762782,0.9730224,0.9770829,0.97789365,0.97558933,0.973911,0.9735878,0.97508067,0.9768641,0.97257376,0.97754586,0.97200906,0.9635582,0.97585064,0.9751098,0.97117174,0.9747568,0.97214353,0.9754128,0.97132266,0.9748506,0.97585255,0.9773585,0.97480404,0.97443897,0.9750767,0.9759193,0.9756519,0.97844046,0.976941,0.9776701,0.97815716,0.9753691,0.9769448,0.9762518,0.9764406,0.9762994,0.9777073,0.9790729,0.9799393,0.9765046,0.977326,0.97706145,0.97644037,0.9737734,0.97449785,0.97682005,0.9762593,0.9724458,0.97620064,0.9789797,0.97641927,0.9743948,0.9754454,0.97256154,0.9772635,0.97555804,0.97906405,0.9723755,0.9759097,0.97710437,0.97790337,0.976774,0.980201,0.96664953,0.97966725,0.97667605,0.9753576,0.9813168,0.9785241,0.9777701,0.99999946,0.98209536,0.9745713,0.97670937,0.97197205,0.9763155,0.97635895,0.9768539,0.97403234,0.97353345,0.9766458,0.97627825,0.973866,0.97292745,0.975568,0.97608125,0.9766402,0.9779895,0.9775789,0.97693044,0.98133665,0.9768367,0.97368324,0.9709904,0.97031456,0.97315055,0.9764578,0.9761921,0.97752565,0.97699565,0.97720665,0.976595,0.9750207,0.9749377,0.9752538,0.9739912,0.9788445,0.9775759,0.97942275,0.9750631,0.977586,0.9784662,0.97712886,0.9731847,0.9759025,0.9789285,0.97486055,0.97667277,0.97413427,0.976273,0.97465897,0.97481865,0.9769608,0.9735349,0.97563463,0.9729097,0.97429734,0.9754481,0.97376585,0.973846,0.9785283,0.96978605,0.9705892,0.9740969
ipip291,0.99272937,0.98393625,0.98939866,0.9826997,0.98844045,0.98355967,0.9929766,0.9849046,0.99074394,0.9824949,0.9881696,0.9911038,0.9869894,0.98309857,0.9802704,0.9886082,0.98992616,0.9839485,0.9898385,0.98872066,0.9902369,0.9868344,0.9903128,0.9891973,0.98496795,0.99042386,0.98213375,0.9894205,0.987106,0.98902756,0.99042076,0.98959047,0.9876012,0.9911848,0.99241036,0.989577,0.9915535,0.99205244,0.9898388,0.99012166,0.98261863,0.98988014,0.98716426,0.9863382,0.9809627,0.98939866,0.98474973,0.9822871,0.9893057,0.98409134,0.9868109,0.96379876,0.9885547,0.98299664,0.9820231,0.9860629,0.9752404,0.98253596,0.98420143,0.98947483,0.990714,0.9873157,0.99160415,0.98608506,0.98608196,0.98351985,0.99180627,0.99130946,0.9895603,0.985754,0.9928332,0.9907671,0.98020524,0.98715156,0.98572755,0.9610871,0.9846071,0.98899513,0.9892943,0.99085194,0.9879885,0.9928028,0.98569256,0.99038404,0.989687,0.99315816,0.9919838,0.9815862,0.9811264,0.9904514,0.9886509,0.9927191,0.99005955,0.9832826,0.9777683,0.9784765,0.9917078,0.9875488,0.97905815,0.9747242,0.9881344,0.9927322,0.99012655,0.98741895,0.98993367,0.9751427,0.99230176,0.9832655,0.990219,0.99351233,0.99398595,0.985669,0.9878677,0.98838687,0.9921442,0.9869811,0.9919726,0.99274635,0.9921052,0.98730475,0.99198335,0.9877266,0.98952377,0.9902235,0.9919194,0.98424953,0.9858114,0.98950493,0.9874423,0.9871833,0.99281055,0.9731509,0.98418325,0.9799708,0.9920825,0.9905818,0.9887893,0.99088734,0.9940231,0.9919753,0.9922786,0.99043286,0.9852223,0.98962426,0.9894007,0.97904825,0.9901223,0.9893742,0.98000425,0.98940474,0.9926332,0.988006,0.9820922,0.97851104,0.99287075,0.9885013,0.9874754,0.9884934,0.9769662,0.993073,0.98153436,0.99354833,0.990031,0.98605484,0.99261767,0.96437687,0.99182564,0.98699874,0.9895974,0.98540455,0.9925019,0.981591,0.9919629,0.99064124,0.99190027,0.994129,0.99010235,0.9873339,0.9856132,0.9885131,0.9831933,0.9878311,0.9850407,0.9879825,0.9771914,0.9847584,0.9918433,0.9918856,0.9917665,0.98365515,0.9919453,0.9944278,0.9946122,0.991867,0.99261075,0.9951374,0.9925366,0.99263906,0.9840159,0.9845086,0.9890808,0.9924585,0.9825042,0.99448556,0.98902583,0.9873123,0.99239904,0.9741481,0.98431844,0.9804431,0.98741424,0.98845106,0.99161524,0.9878176,0.9862536,0.9826472,0.9885826,0.96192867,0.9878519,0.99148035,0.99197215,0.9890467,0.9900888,0.9872658,0.98209536,0.9999995,0.99318695,0.99005485,0.9712154,0.9854574,0.98904735,0.9899759,0.9901071,0.98822594,0.99229217,0.985576,0.9900952,0.9869442,0.99146134,0.9856666,0.9906474,0.9874999,0.9948144,0.98836863,0.989834,0.99031967,0.98352766,0.9922054,0.966595,0.9856425,0.9923473,0.99255896,0.9842502,0.9926522,0.98826313,0.98908854,0.9880882,0.9905034,0.9832063,0.9893151,0.9942951,0.9846906,0.9876451,0.9787836,0.98476845,0.9900039,0.9879797,0.9872795,0.9879949,0.9774509,0.99384236,0.98423344,0.98930514,0.99237067,0.9884994,0.988276,0.98780227,0.9901867,0.9853827,0.98853755,0.9878681,0.9921839,0.9860114,0.9872359,0.9894441,0.9723295,0.9648847,0.9809649
ipip26,0.99499553,0.9847538,0.99072784,0.9837899,0.99047196,0.9844685,0.9959692,0.9875042,0.99397284,0.9842642,0.9860481,0.99130166,0.9871611,0.9832778,0.98010606,0.9904112,0.99207926,0.985968,0.99074775,0.9901902,0.9923332,0.98895323,0.99187285,0.9932546,0.98543507,0.99208504,0.9843719,0.9927238,0.9871844,0.98775893,0.99350643,0.99106836,0.98932654,0.99292314,0.99486834,0.99071676,0.9944325,0.9949556,0.99100435,0.991,0.9835041,0.992019,0.98894465,0.9833557,0.9822518,0.9919466,0.9867943,0.98489976,0.9901167,0.98433745,0.9883762,0.9650693,0.98973095,0.9849042,0.9810864,0.9877678,0.9745127,0.98236907,0.9840723,0.9906324,0.9923899,0.9877904,0.993606,0.98762953,0.98747355,0.98390573,0.9944524,0.9934329,0.99049026,0.9851008,0.994482,0.99163824,0.9797282,0.98798054,0.985865,0.9598222,0.9856309,0.9898606,0.9891516,0.99076533,0.9885992,0.99359334,0.9848137,0.9918293,0.9903129,0.9951874,0.993729,0.982311,0.9796678,0.9910522,0.9876176,0.99511355,0.9908316,0.98298645,0.9766923,0.9798952,0.9934756,0.9884586,0.97837096,0.9726302,0.988951,0.99376935,0.9909641,0.9884279,0.9900353,0.97645307,0.9934219,0.9853907,0.99259406,0.99489975,0.99602604,0.9867567,0.98689157,0.98971546,0.9948731,0.9864883,0.99459046,0.99400336,0.9937322,0.9877464,0.9951418,0.9900585,0.99272126,0.9926477,0.9944667,0.9863992,0.99037826,0.991391,0.98677003,0.9882275,0.9940583,0.9742297,0.9838836,0.9799911,0.9932763,0.99160284,0.98984367,0.9920638,0.9961362,0.9939423,0.9938914,0.99181694,0.9864379,0.9910721,0.9909419,0.97915334,0.9902734,0.9910954,0.97944975,0.99047405,0.994372,0.98816663,0.98115677,0.978573,0.9960295,0.98890656,0.9875652,0.9886251,0.9764543,0.99672914,0.9811461,0.994575,0.9915284,0.98623055,0.99493855,0.9583944,0.99422777,0.98788357,0.99173874,0.9870415,0.99461204,0.98173624,0.9952089,0.992108,0.9934406,0.99480134,0.99536866,0.9917082,0.9911813,0.9948999,0.98571575,0.9894844,0.9878198,0.98975945,0.97733283,0.9884195,0.99713117,0.9973127,0.997321,0.9870647,0.99480045,0.99533576,0.99526554,0.9938509,0.99383086,0.99609846,0.99578744,0.99636513,0.98684144,0.98743683,0.9926338,0.9971248,0.9851779,0.9950463,0.992303,0.98970807,0.9968668,0.976151,0.9870498,0.9836249,0.9886419,0.9908713,0.9941916,0.9908831,0.9868827,0.98335254,0.9905997,0.9616607,0.98882955,0.99151134,0.9926369,0.9854098,0.9924859,0.98800623,0.9745713,0.99318695,1.0000006,0.99410236,0.97321755,0.9858862,0.99412674,0.9934312,0.9921842,0.98965937,0.9940948,0.98981565,0.992659,0.986498,0.9921965,0.986195,0.990829,0.9879163,0.99465996,0.98836887,0.98984313,0.9934041,0.98416275,0.99446017,0.9667211,0.98672986,0.9925059,0.9930631,0.9828592,0.9929037,0.98751724,0.99304193,0.9917376,0.9920539,0.98496515,0.99194443,0.9955058,0.9865012,0.9889326,0.9809036,0.9857895,0.99112725,0.98805016,0.9890398,0.98871136,0.9748635,0.9957921,0.98460686,0.9905948,0.9944136,0.98968184,0.990055,0.98870635,0.9912875,0.9864255,0.9906781,0.9880434,0.9941879,0.9895979,0.9874489,0.99161655,0.9703079,0.96312386,0.98136127
ipip56,0.990608,0.9857495,0.9885034,0.98451555,0.9876393,0.9846888,0.99215,0.9883435,0.993373,0.9853439,0.98593986,0.9891083,0.98789614,0.9856439,0.9831991,0.989696,0.9917858,0.98602605,0.99168813,0.99056005,0.9916639,0.98836493,0.98966974,0.99268895,0.98523414,0.990932,0.9871303,0.9921756,0.9890858,0.9883659,0.9918104,0.991903,0.98781484,0.9907825,0.99085546,0.9887469,0.9920365,0.9900334,0.99131733,0.99008816,0.98738474,0.99076396,0.9892935,0.9831852,0.98446655,0.9895729,0.9871075,0.9846886,0.9892108,0.98700213,0.9877348,0.9712998,0.98916036,0.98787117,0.9832545,0.9879436,0.97484815,0.9848984,0.9850932,0.99042124,0.99000335,0.9882358,0.991378,0.98763335,0.9876062,0.98595357,0.99301636,0.99138975,0.98918104,0.9872076,0.98994887,0.98978776,0.98223233,0.98725945,0.9874278,0.96629685,0.988079,0.9901947,0.9905474,0.991367,0.9878938,0.9910262,0.9851843,0.9877488,0.9897019,0.9923002,0.9925035,0.98632455,0.9820279,0.99003685,0.98739654,0.99114347,0.9910352,0.9864157,0.98035854,0.98292786,0.9887772,0.99011856,0.98110884,0.9775657,0.989691,0.9919106,0.9896759,0.9895601,0.99073595,0.9825705,0.99241024,0.9858771,0.9931227,0.99203277,0.992517,0.9842468,0.9874711,0.99069786,0.993102,0.98769087,0.99356323,0.99155825,0.99082476,0.9890106,0.9921742,0.9889147,0.9916134,0.98986644,0.9912243,0.9878032,0.99199146,0.99154323,0.9872215,0.9891802,0.9911266,0.97794473,0.9873823,0.98492885,0.9903786,0.9901326,0.98966306,0.9917557,0.9928338,0.9895933,0.99074036,0.99122095,0.9867218,0.9910593,0.99126995,0.9825789,0.98935527,0.9891197,0.9825498,0.990199,0.9934823,0.99006826,0.9841667,0.981913,0.9916326,0.98858696,0.9882727,0.98798573,0.9809197,0.9924268,0.98537564,0.9927041,0.9888385,0.9852601,0.9906006,0.9609661,0.99204856,0.9890249,0.9892194,0.98614866,0.9904632,0.9840759,0.9903195,0.99118173,0.9910047,0.99089944,0.9932623,0.99006087,0.99051976,0.99424917,0.991764,0.99093807,0.9884269,0.99224097,0.98059255,0.9885228,0.994695,0.9950358,0.99500215,0.9899057,0.99368656,0.99294025,0.9928691,0.99163437,0.9912104,0.9915235,0.99377775,0.9923862,0.989089,0.9884955,0.992524,0.99341506,0.9892317,0.9924165,0.9908963,0.98953176,0.99460196,0.9814151,0.99006283,0.9868655,0.9886069,0.9899474,0.99070144,0.9908814,0.98949087,0.98550296,0.99063927,0.96838886,0.9896589,0.9916131,0.9902471,0.9861474,0.99164647,0.9898669,0.97670937,0.99005485,0.99410236,0.99999946,0.9817828,0.9869707,0.9977957,0.9920238,0.99066913,0.9880674,0.99295354,0.99021506,0.9911746,0.9865774,0.99050426,0.9880818,0.99138004,0.9903712,0.99151146,0.98793846,0.9908213,0.9925277,0.98562914,0.98984337,0.9712015,0.98769915,0.99052536,0.99064094,0.98630077,0.9914724,0.9892592,0.99341017,0.9914017,0.99205655,0.9873742,0.9906148,0.99328727,0.9893579,0.9903382,0.98472476,0.98826677,0.98974985,0.98832136,0.9882716,0.9886943,0.97885776,0.99294955,0.986393,0.9901696,0.99225694,0.99061334,0.9903238,0.9892027,0.98939604,0.987443,0.9895966,0.9882874,0.9915059,0.9910381,0.9874685,0.99118924,0.9735313,0.97016007,0.98176074
ipip86,0.96958596,0.9798293,0.9732298,0.97921604,0.9728556,0.97842294,0.973144,0.9780197,0.98034513,0.9800576,0.9755635,0.9733979,0.97808945,0.97595865,0.9787088,0.9762106,0.97693735,0.9750567,0.97762114,0.9763945,0.9773441,0.9742853,0.9746493,0.97935545,0.97526824,0.9770017,0.9823661,0.9793131,0.9753432,0.9763945,0.97699106,0.98316175,0.97646165,0.9769236,0.9685982,0.97348607,0.97406363,0.96788,0.9754519,0.97649455,0.9803197,0.9780979,0.980553,0.9723701,0.9831604,0.9759162,0.97958606,0.9733517,0.973644,0.97569674,0.9769484,0.976307,0.97413474,0.97883654,0.978018,0.9818931,0.96638644,0.9815706,0.97910213,0.98251015,0.9681861,0.97645,0.9730329,0.97666824,0.97390854,0.9803346,0.9762214,0.978107,0.97591823,0.9808451,0.96730685,0.97572005,0.9771698,0.9710142,0.97825235,0.97087336,0.9775006,0.97472745,0.9801988,0.978315,0.9753146,0.97410506,0.973892,0.96724284,0.9740165,0.9711884,0.9746559,0.9794402,0.97451097,0.9740911,0.9721518,0.97132176,0.97484815,0.9755126,0.9744645,0.97599584,0.96718335,0.9819406,0.9745735,0.9774572,0.9758771,0.97413945,0.9716279,0.97482497,0.97520065,0.986986,0.9764613,0.9772325,0.9820261,0.97096133,0.972255,0.96661174,0.9762585,0.97872967,0.97456354,0.9780614,0.9756362,0.97276115,0.9713151,0.97752583,0.9742,0.97377187,0.98004866,0.9727856,0.97235495,0.98047745,0.9849891,0.9780124,0.9797459,0.97809047,0.96992815,0.9723702,0.9783061,0.9770197,0.96980494,0.97645056,0.97873724,0.97890055,0.9720701,0.96745175,0.9688228,0.9780328,0.9782543,0.97674656,0.9759622,0.97498196,0.97461236,0.97602594,0.98113066,0.9772325,0.9764839,0.97842354,0.9769378,0.9764325,0.97016,0.9776282,0.9781768,0.97423375,0.9738781,0.97216475,0.9772425,0.97429734,0.9690762,0.97649944,0.96828216,0.956966,0.97413176,0.978947,0.969556,0.972741,0.96876925,0.9764223,0.96749955,0.9744168,0.9756903,0.97286254,0.97812784,0.9774776,0.9807467,0.9800195,0.98363113,0.9818183,0.9772963,0.98097605,0.98003936,0.97598326,0.9777677,0.9781227,0.9779964,0.98467547,0.977505,0.9767759,0.9767239,0.9765754,0.9744815,0.9719822,0.97906125,0.9739106,0.9799153,0.98367614,0.9786111,0.97529864,0.98948145,0.9776857,0.980626,0.978698,0.97699136,0.9871677,0.98787636,0.98378193,0.9810647,0.9719127,0.9740061,0.97985154,0.98184586,0.98053813,0.97756886,0.9764257,0.9788125,0.9732321,0.9730108,0.97224784,0.9773591,0.982167,0.97197205,0.9712154,0.97321755,0.9817828,0.9999994,0.9817896,0.9827775,0.9752616,0.9752313,0.9763612,0.97407055,0.9786327,0.97528386,0.96993804,0.97496897,0.9780356,0.97585803,0.97986215,0.9736984,0.9803302,0.9801033,0.98158646,0.9774704,0.9676354,0.9723123,0.9741927,0.9773463,0.97661537,0.9816188,0.97745484,0.97980136,0.9792944,0.9798645,0.9765391,0.9784163,0.9773265,0.9771468,0.98246443,0.98246443,0.9798076,0.9832737,0.9742234,0.97604465,0.9757376,0.9761696,0.981086,0.973368,0.9832987,0.97475696,0.9754222,0.97749466,0.97769994,0.97670263,0.9721315,0.97811,0.97526425,0.9774631,0.973517,0.9815107,0.9766321,0.97773826,0.9750213,0.972704,0.9741235
ipip116,0.9835555,0.9821052,0.9832049,0.97970694,0.9827776,0.9822481,0.9854073,0.98337865,0.9877337,0.9801973,0.9846647,0.98564154,0.98492175,0.98220295,0.9822445,0.98552984,0.9855317,0.98188096,0.9860504,0.98442096,0.98727405,0.9816336,0.9848655,0.9863634,0.98463154,0.98667866,0.983674,0.98796844,0.9862803,0.9846163,0.9867623,0.9905945,0.98541814,0.98754215,0.98428994,0.9852567,0.985168,0.982906,0.9866108,0.9865977,0.98242503,0.9866494,0.98468,0.9808119,0.98169434,0.98571193,0.9857216,0.9816309,0.98408574,0.98540044,0.9832008,0.9693559,0.9830099,0.9812933,0.9823821,0.98449564,0.97229415,0.98354983,0.98279524,0.9900888,0.98250866,0.9834632,0.98332775,0.9859976,0.9872787,0.9843257,0.98701644,0.98830944,0.98625064,0.9856227,0.983115,0.9862125,0.980546,0.9806254,0.98435533,0.967316,0.9843362,0.9845361,0.98659354,0.9863953,0.9853177,0.9869275,0.9818922,0.9839394,0.9846382,0.9849902,0.98699284,0.9822182,0.9803407,0.98577994,0.9836691,0.98499215,0.9856462,0.97968453,0.97646356,0.97960246,0.98308057,0.98747075,0.9785186,0.9762803,0.9838052,0.98637336,0.98393005,0.98544073,0.9857519,0.98455036,0.9870889,0.9856049,0.9887194,0.9859265,0.98562026,0.9817956,0.98573226,0.9851523,0.9886969,0.9844832,0.9865333,0.9858849,0.98473173,0.98666996,0.98754525,0.98349935,0.9859502,0.9830726,0.9845958,0.9865754,0.9854367,0.9844282,0.9858322,0.9840341,0.983723,0.9747104,0.98128825,0.9780717,0.98371106,0.98546475,0.9872032,0.9874849,0.98493737,0.9823284,0.98439145,0.9868931,0.9859394,0.9855334,0.9857473,0.97975874,0.9851535,0.9866206,0.9830908,0.98726326,0.98663694,0.98516047,0.9818159,0.9807307,0.98408,0.98592186,0.9858833,0.9824658,0.97638285,0.9849401,0.97928727,0.9849593,0.98273104,0.9850646,0.98341686,0.9613158,0.9853161,0.98632085,0.9818846,0.9817344,0.9834676,0.98165625,0.98331714,0.9866295,0.9872296,0.9853433,0.98591185,0.9852168,0.9852555,0.98626775,0.9864075,0.98632395,0.98394805,0.9859508,0.9786194,0.9821876,0.9875769,0.9873613,0.98801357,0.9859379,0.98809785,0.9862639,0.9873607,0.98707396,0.98710036,0.9856239,0.9872479,0.9864738,0.98521924,0.98663664,0.9859533,0.98686403,0.9852441,0.9866436,0.9867865,0.9865451,0.9867837,0.98235726,0.9879104,0.9850804,0.9849249,0.98575556,0.98597986,0.98516804,0.9847599,0.98543996,0.9846556,0.97081405,0.9844926,0.98532784,0.9849595,0.9803968,0.9852014,0.9876076,0.9763155,0.9854574,0.9858862,0.9869707,0.9817896,0.9999996,0.987602,0.9846676,0.98600996,0.9853046,0.98455805,0.9830461,0.986901,0.9806699,0.9856025,0.98491967,0.984946,0.9836296,0.9855018,0.9890757,0.9862876,0.9887495,0.9816719,0.9834217,0.9691791,0.98110116,0.9882815,0.98807055,0.98439395,0.988135,0.98548687,0.9842301,0.9851932,0.9850946,0.98151237,0.9871452,0.98684597,0.98524296,0.9844904,0.97713566,0.9857285,0.9840002,0.9839421,0.9843887,0.98513705,0.9787531,0.9862128,0.98690695,0.98467356,0.98651475,0.985485,0.9852705,0.9830608,0.98485285,0.9850413,0.98362625,0.9857294,0.9850278,0.9865289,0.9847455,0.9846339,0.9743421,0.9665727,0.97747415
ipip146,0.989832,0.98572874,0.98785317,0.98444,0.98761475,0.9835298,0.9916652,0.98872185,0.9929955,0.98534274,0.98607093,0.9882821,0.98839074,0.98447365,0.9835362,0.98980874,0.99120086,0.9849714,0.99087936,0.9894948,0.99098665,0.98779136,0.9896149,0.9921417,0.98508507,0.9911148,0.98803276,0.9918437,0.98769754,0.9873406,0.99098355,0.9923016,0.9881432,0.99118304,0.989553,0.98865616,0.99203366,0.98950255,0.99196434,0.9901262,0.986911,0.9907902,0.98860717,0.9831997,0.9838932,0.98965806,0.9879934,0.9841286,0.9884744,0.9850622,0.9888028,0.972849,0.9889397,0.98768866,0.982907,0.9893371,0.9749245,0.9852382,0.98483044,0.9909603,0.987836,0.987167,0.9900586,0.9871164,0.986853,0.9861429,0.9922697,0.99144536,0.9881915,0.9867655,0.9889799,0.99006593,0.98107976,0.98677564,0.98594195,0.96757376,0.9872369,0.9891722,0.99015343,0.99032754,0.98722494,0.99084055,0.98556095,0.98647183,0.9896444,0.9910019,0.9915502,0.9866132,0.9809982,0.9889803,0.98649406,0.9901708,0.98879147,0.9850912,0.9795562,0.9834357,0.987959,0.9897453,0.98103696,0.97761536,0.99032116,0.9904364,0.98795223,0.9890765,0.98881304,0.9841436,0.9919864,0.98673123,0.99275666,0.99051493,0.99184525,0.9834195,0.986561,0.99032605,0.99226373,0.9872314,0.99249905,0.99037904,0.98908955,0.9883455,0.9918604,0.98919606,0.9916257,0.98836297,0.99107987,0.98761255,0.99285865,0.99103457,0.9871172,0.98890084,0.99028486,0.97788167,0.9859109,0.98306787,0.99030995,0.98966515,0.9892809,0.9919209,0.99223876,0.98838425,0.9889693,0.99007535,0.98589253,0.9898427,0.9896044,0.9816088,0.9884657,0.98855656,0.98377335,0.99040294,0.99228454,0.98889697,0.9835022,0.98083115,0.99078524,0.9887456,0.9885247,0.9876881,0.9792359,0.9918471,0.9842417,0.9919011,0.9874042,0.9848416,0.9892594,0.96142995,0.9921551,0.9893317,0.98883396,0.98662955,0.98976487,0.98442733,0.9901477,0.9903833,0.99045634,0.99036175,0.992743,0.98980933,0.9907335,0.9962347,0.9929373,0.9902735,0.98834395,0.99072856,0.98001254,0.98807824,0.9962888,0.9965287,0.9966076,0.9902217,0.99413323,0.9933526,0.9933105,0.99102795,0.9911591,0.9908771,0.9942045,0.9925356,0.98972565,0.9897123,0.9934823,0.9935118,0.98993814,0.9924707,0.99139524,0.989517,0.99429435,0.98118186,0.99064463,0.98730576,0.98869383,0.9898055,0.9904951,0.99020284,0.988918,0.98554486,0.9908223,0.9692636,0.98888296,0.99080116,0.9900843,0.9861424,0.9917139,0.9897193,0.97635895,0.98904735,0.99412674,0.9977957,0.9827775,0.987602,1.0000005,0.9912444,0.98988897,0.9877792,0.9915995,0.9891839,0.99154156,0.9866215,0.9906669,0.9894,0.991111,0.9897387,0.9908434,0.98828214,0.9917029,0.99291545,0.98567766,0.98962426,0.9720953,0.98808074,0.9905474,0.9907931,0.9867283,0.99121636,0.98911804,0.9943445,0.992248,0.99118686,0.98705107,0.9903926,0.9940237,0.9896503,0.9912102,0.9863797,0.9903514,0.9893922,0.98797524,0.98832035,0.9879439,0.97847104,0.991912,0.9870546,0.9885655,0.9921274,0.9897012,0.9900787,0.98931277,0.9891718,0.9872033,0.9889753,0.9880386,0.9909,0.9920844,0.98696256,0.9911607,0.9738199,0.9713209,0.9815885
ipip176,0.99158794,0.985997,0.98902375,0.9846382,0.98951644,0.9846379,0.99169517,0.98725694,0.99170077,0.98448485,0.9866835,0.991599,0.98758036,0.98444897,0.9828709,0.98840487,0.991956,0.98631257,0.9896398,0.9888234,0.9911447,0.98879325,0.9895821,0.99059564,0.98500705,0.9908378,0.9859947,0.9905189,0.9877776,0.98837006,0.9907044,0.9897997,0.98773813,0.99064535,0.9908288,0.9886807,0.99061686,0.98974365,0.9891346,0.9899022,0.9855569,0.98938715,0.9882524,0.9840699,0.98375803,0.99034715,0.9869184,0.98477346,0.98895854,0.9864861,0.9870886,0.969229,0.9907719,0.98347056,0.98189414,0.9869346,0.97746855,0.9836895,0.98482966,0.9892499,0.98981524,0.9883327,0.9920164,0.98943293,0.9865863,0.9849802,0.99165714,0.9896365,0.9885008,0.98472446,0.98983896,0.9890796,0.9810537,0.98782885,0.98752904,0.9637284,0.986203,0.988942,0.98941696,0.99089384,0.9882335,0.9928374,0.98602575,0.98856866,0.9897589,0.9919619,0.9911574,0.9826304,0.9812605,0.98935735,0.98819757,0.9914619,0.9908424,0.9849667,0.9792571,0.98315847,0.9901308,0.9885954,0.9797427,0.97593397,0.9889133,0.99248314,0.9899644,0.9877749,0.9897134,0.9783824,0.9901704,0.98364276,0.99038243,0.99215955,0.9927799,0.9872991,0.9895584,0.9891231,0.99215907,0.9861161,0.9915714,0.99022967,0.9913093,0.98721164,0.9920498,0.98999625,0.9920021,0.99155366,0.9920764,0.98526436,0.9888652,0.9901399,0.986248,0.98933136,0.99051964,0.97457325,0.9860301,0.98151743,0.9899483,0.99078155,0.98910373,0.98944515,0.99234205,0.9907681,0.99071985,0.9903709,0.98610497,0.9901311,0.99060977,0.9822467,0.9904736,0.9888238,0.98124826,0.9914716,0.9915928,0.98882544,0.9815622,0.98269105,0.9928792,0.98784214,0.98723584,0.9871352,0.9816433,0.99281824,0.984206,0.99241716,0.98905545,0.9857441,0.99118435,0.9609174,0.99097294,0.985844,0.9892608,0.98724246,0.99046373,0.98477936,0.9909539,0.98955905,0.9910096,0.991743,0.9907138,0.98919296,0.98803866,0.9910785,0.9852426,0.99050283,0.9893259,0.9917792,0.9797621,0.9894507,0.9928742,0.9929027,0.99269545,0.9869005,0.9919471,0.99252295,0.9925548,0.9922929,0.9939851,0.9925927,0.9920268,0.9911722,0.98705876,0.98690283,0.98989856,0.9920503,0.9855087,0.9925368,0.9915019,0.98961633,0.9927384,0.9766364,0.98598486,0.9845782,0.98790395,0.98840106,0.9921909,0.9917523,0.98839396,0.9864715,0.98730415,0.962458,0.98763704,0.9884695,0.98874044,0.98511714,0.9912582,0.9898192,0.9768539,0.9899759,0.9934312,0.9920238,0.9752616,0.9846676,0.9912444,0.9999991,0.99139565,0.9885937,0.99329513,0.99449027,0.9897446,0.9852163,0.9890681,0.9859304,0.98834676,0.9881325,0.9911485,0.98688793,0.9896461,0.99012506,0.9857229,0.98944956,0.97083217,0.9868229,0.98949075,0.9899184,0.9826987,0.9897164,0.9867165,0.9904494,0.98941535,0.9902227,0.98552316,0.9899017,0.9921883,0.98872405,0.9882642,0.9816458,0.985138,0.9903172,0.98642206,0.98648995,0.987315,0.97916996,0.9919174,0.98399353,0.9894103,0.990507,0.9892897,0.98879755,0.987333,0.9888198,0.9870532,0.98816574,0.98749334,0.9912154,0.987885,0.9870684,0.9897263,0.9745149,0.966752,0.9835435
ipip206,0.99250484,0.98585385,0.9895831,0.98418134,0.9897177,0.9852353,0.99204504,0.9855316,0.9909146,0.983907,0.9844947,0.9912316,0.98609823,0.9844515,0.98529255,0.9874261,0.9902231,0.9841392,0.98988205,0.98792803,0.9907591,0.9895964,0.99154085,0.9910393,0.9877351,0.9890296,0.9831386,0.9900528,0.98458874,0.98672736,0.992249,0.99069095,0.98539126,0.99181026,0.99209666,0.9898178,0.9896326,0.9911744,0.9882723,0.98914486,0.98051786,0.9892496,0.98844403,0.9806771,0.9833714,0.9900235,0.98818344,0.9889107,0.98881274,0.9840975,0.9864524,0.96396023,0.989654,0.98174703,0.9829795,0.9846906,0.9736139,0.98081994,0.9831889,0.99028367,0.99389124,0.989368,0.99596477,0.9889401,0.99029666,0.9885773,0.9918858,0.99191195,0.9903252,0.98578167,0.9921458,0.9893144,0.9804934,0.98741764,0.9881215,0.95850635,0.9833735,0.98698753,0.98876876,0.99080855,0.9898518,0.9920061,0.98471034,0.98981875,0.98855,0.9928362,0.9906086,0.9823229,0.9806049,0.9902636,0.9870655,0.9931189,0.9907157,0.98387724,0.9791154,0.98117733,0.99247825,0.98733264,0.9787891,0.97289634,0.98800415,0.99293095,0.9907892,0.9879504,0.9913806,0.9769665,0.99055016,0.9842786,0.9921959,0.9928326,0.9933327,0.9864803,0.98747045,0.9866854,0.99228346,0.9857596,0.9906852,0.99255544,0.99106264,0.985993,0.9926857,0.98685485,0.9910969,0.9916187,0.99038804,0.9853128,0.98601097,0.98872477,0.98641604,0.985715,0.9923597,0.97610193,0.98478585,0.9807204,0.99009174,0.9896509,0.9878884,0.9889628,0.99204206,0.99077094,0.99263364,0.99101996,0.98888695,0.9903078,0.9915659,0.9785123,0.9887499,0.99005324,0.97715944,0.988494,0.9922343,0.9870197,0.9824991,0.9861084,0.99329096,0.987367,0.98689836,0.9865554,0.9770556,0.99278635,0.98131025,0.9921901,0.9885759,0.9863114,0.9923124,0.95493793,0.9900504,0.98982686,0.98859096,0.9834402,0.99233985,0.981753,0.9899574,0.99033505,0.99104017,0.99107707,0.991338,0.9877709,0.98755294,0.98861146,0.98391795,0.9887696,0.9858971,0.98870486,0.9778335,0.98827136,0.9912529,0.99151534,0.9911128,0.9846016,0.99032927,0.9917581,0.9915637,0.9917273,0.9917369,0.9927812,0.99131495,0.991193,0.9830492,0.9861753,0.98900926,0.99197733,0.98363346,0.9912242,0.9905369,0.9886147,0.99234414,0.97623384,0.98652405,0.9801414,0.9865591,0.98750615,0.9908855,0.9910111,0.9882776,0.9859712,0.98713565,0.96191174,0.9875201,0.98853,0.99096465,0.981877,0.98961926,0.99123186,0.97403234,0.9901071,0.9921842,0.99066913,0.9752313,0.98600996,0.98988897,0.99139565,0.9999997,0.9919663,0.9928878,0.98815227,0.9923401,0.9857518,0.9896742,0.9850705,0.98865753,0.9878801,0.9906303,0.98830324,0.98735636,0.9921548,0.9855502,0.9916866,0.96771,0.98686755,0.9908136,0.99100745,0.98145753,0.9907154,0.9862616,0.990143,0.9883786,0.9919931,0.9852952,0.9914573,0.9918414,0.9860497,0.9862878,0.97876936,0.9840563,0.9894855,0.98747313,0.98961663,0.9882596,0.9780249,0.9926233,0.9838133,0.9901284,0.9908183,0.9900727,0.9942682,0.989928,0.99303746,0.9945447,0.9911763,0.989306,0.9920691,0.99052405,0.9884502,0.9905085,0.97464335,0.96458405,0.98198843
ipip236,0.9907607,0.9859296,0.98954237,0.9833922,0.988258,0.98564386,0.99012464,0.9833369,0.9902449,0.9825176,0.9840119,0.9903805,0.98498076,0.9826667,0.9925166,0.98742616,0.9874764,0.9841766,0.98915917,0.98531884,0.9893983,0.9876543,0.98987037,0.9899152,0.98719734,0.9876769,0.98231894,0.98824155,0.98452324,0.9863539,0.9897495,0.98778033,0.98579997,0.98978776,0.9894995,0.9879169,0.98762053,0.9883103,0.9880611,0.98771316,0.97918123,0.9884396,0.9871481,0.98033476,0.9833927,0.989744,0.98679274,0.9902308,0.9876254,0.98294884,0.9864782,0.96486014,0.98633575,0.97995913,0.98160225,0.98328704,0.9742462,0.98293704,0.98296326,0.9878247,0.9893685,0.9880108,0.991206,0.9895971,0.9880922,0.9949451,0.9897094,0.99045974,0.98845404,0.98474354,0.99025697,0.98885727,0.9803723,0.98481584,0.98704267,0.95834315,0.9814629,0.98569584,0.9872537,0.98958415,0.98981833,0.990554,0.98392993,0.9893103,0.9887477,0.9903485,0.98867667,0.9814741,0.98101544,0.98848665,0.9864016,0.9908612,0.98810154,0.97947687,0.97811925,0.97846484,0.9894288,0.9859343,0.9789743,0.97071755,0.9872464,0.9917719,0.9883005,0.98722124,0.9890631,0.9760336,0.98838526,0.9834719,0.98877007,0.98999876,0.99083,0.98500746,0.98668444,0.9848873,0.98946756,0.98477924,0.9886442,0.9898345,0.98939544,0.9830999,0.99023587,0.98524296,0.9897187,0.9893896,0.9886075,0.984701,0.98448104,0.9867943,0.98595065,0.98427093,0.988184,0.97387594,0.9830067,0.98040783,0.9869612,0.9886757,0.98786837,0.9864199,0.98958814,0.98886716,0.9912839,0.99025077,0.98665535,0.98858345,0.99070174,0.9789652,0.98809594,0.9889022,0.97722775,0.9873222,0.9899977,0.98583,0.98098326,0.98132485,0.9910835,0.9873782,0.98664355,0.9846933,0.97574496,0.99056125,0.9793377,0.9901487,0.9864457,0.9851725,0.98952883,0.95423007,0.98802614,0.9876638,0.98591757,0.98303956,0.9902099,0.98074985,0.9884233,0.9886644,0.98884165,0.988904,0.99007094,0.98679155,0.98650736,0.9869661,0.9829762,0.98641235,0.98426795,0.98591673,0.97857875,0.98448795,0.9892452,0.9896302,0.9893171,0.98275965,0.9885272,0.98972696,0.9896873,0.98973423,0.9909136,0.9905772,0.9895487,0.9899935,0.98126364,0.9848995,0.98579884,0.99032897,0.98290765,0.9895364,0.9903796,0.98791826,0.9901515,0.9772938,0.98450005,0.9805552,0.9864121,0.98606616,0.98939687,0.98826844,0.98523706,0.98582166,0.9867996,0.96469694,0.986038,0.9871275,0.99023634,0.980649,0.98717153,0.99044526,0.97353345,0.98822594,0.98965937,0.9880674,0.9763612,0.9853046,0.9877792,0.9885937,0.9919663,1.0000005,0.99012697,0.98514295,0.9898124,0.98137295,0.988284,0.9834516,0.98632187,0.98553276,0.98855686,0.9872827,0.9851205,0.98918134,0.9846826,0.9896466,0.96591634,0.98461175,0.98981625,0.98994595,0.98069304,0.9897662,0.98508495,0.9872005,0.9871146,0.98905474,0.98283166,0.99130857,0.9896357,0.98369294,0.98471063,0.97523457,0.9837564,0.9866093,0.9854416,0.9871403,0.9864637,0.9788657,0.9902887,0.98332876,0.98778284,0.9885818,0.98896366,0.9886016,0.9853734,0.99014777,0.98938394,0.9885454,0.9868768,0.98864585,0.986408,0.98628145,0.98583233,0.97346205,0.9644217,0.98023325
ipip266,0.9935234,0.986357,0.9899148,0.9841628,0.989738,0.9846628,0.99330175,0.9870163,0.99248224,0.9841791,0.9862284,0.9915116,0.9875029,0.98523843,0.9830919,0.9899237,0.99076545,0.9844976,0.99156517,0.9910993,0.9912167,0.9904954,0.99081355,0.9906574,0.9860949,0.9910896,0.98447454,0.99012756,0.9881564,0.9883531,0.9926217,0.99078494,0.98684835,0.9916362,0.99363,0.9896258,0.991409,0.99137723,0.9910736,0.9905079,0.9832242,0.9902258,0.98861843,0.9849973,0.9836084,0.99132806,0.9868052,0.9860586,0.99168766,0.9853429,0.9882477,0.9663201,0.9912152,0.98446625,0.9805495,0.9874184,0.9749895,0.98202646,0.98475784,0.98983735,0.9929953,0.9899622,0.9941329,0.98901427,0.9888739,0.98613536,0.99308455,0.9907719,0.9897295,0.98525006,0.99198943,0.99027187,0.9800518,0.9881895,0.98731285,0.9610763,0.98417515,0.98898816,0.9892523,0.9915126,0.9885925,0.993442,0.98571813,0.99020433,0.99020797,0.9936848,0.9928756,0.9836316,0.9809067,0.99070793,0.9887846,0.99334383,0.99206394,0.98608613,0.9785833,0.9830653,0.99183744,0.98878735,0.9802764,0.9746872,0.99035543,0.9935245,0.9916343,0.98843706,0.9918724,0.9773423,0.99153054,0.98431677,0.99218595,0.99425066,0.99506027,0.9871555,0.98954856,0.98887706,0.9936011,0.98615134,0.99293846,0.9920724,0.9918917,0.98760617,0.99413806,0.9905987,0.99140847,0.99228585,0.9927431,0.98564744,0.9879237,0.9911051,0.98562753,0.9887198,0.991836,0.9735937,0.98532385,0.98142993,0.9909583,0.99061555,0.9879425,0.99011195,0.99423766,0.9921423,0.9927322,0.9917397,0.98708385,0.9919418,0.9909663,0.9810678,0.98991233,0.98933387,0.97926635,0.99100393,0.99226445,0.9877655,0.9812183,0.9807541,0.9946328,0.98816675,0.9870902,0.9880062,0.97959876,0.99419653,0.9826404,0.99413407,0.98855805,0.9866426,0.99302346,0.958511,0.9921258,0.9870519,0.9893721,0.98677284,0.9923054,0.98331803,0.99235535,0.9907988,0.9919481,0.9930064,0.9913483,0.9885521,0.9872072,0.9907985,0.98489577,0.9901683,0.98698646,0.99079514,0.9780729,0.9903585,0.9933632,0.9936224,0.99356097,0.9850409,0.9921489,0.9937974,0.9938706,0.9929072,0.9928486,0.9943931,0.99237096,0.9934669,0.98548365,0.98625994,0.9903531,0.9927092,0.9846128,0.9932368,0.9915368,0.98931694,0.9943047,0.97522837,0.98686117,0.9819427,0.9874385,0.99005556,0.992358,0.99133134,0.98836726,0.9858866,0.98804235,0.9618273,0.9891124,0.9900941,0.9904445,0.9861234,0.9936138,0.98978883,0.9766458,0.99229217,0.9940948,0.99295354,0.97407055,0.98455805,0.9915995,0.99329513,0.9928878,0.99012697,1.0000002,0.9891074,0.9914194,0.98667663,0.9900833,0.98485583,0.9906604,0.98837173,0.99317425,0.98706615,0.98926836,0.9912542,0.9847307,0.99135655,0.9690379,0.9869522,0.99067616,0.99112695,0.9830062,0.99122286,0.98705,0.9913518,0.98928577,0.99146426,0.9864476,0.9906333,0.99350554,0.9872198,0.9884197,0.98101515,0.9840409,0.9911656,0.9870656,0.98671234,0.98857075,0.97806025,0.9941275,0.98343164,0.9896101,0.99248105,0.9900587,0.9901179,0.9888079,0.99096876,0.98752075,0.989254,0.98703295,0.99275005,0.9886247,0.98668844,0.99154216,0.97303957,0.9651941,0.9826234
ipip296,0.9868099,0.9855524,0.9853354,0.984566,0.98639643,0.98423016,0.987769,0.9863803,0.9905053,0.984462,0.9846795,0.98686516,0.9853936,0.98401916,0.9812214,0.985781,0.9879183,0.9852144,0.98667336,0.98704445,0.98865145,0.98587435,0.9863014,0.9891211,0.98439986,0.9880045,0.9875713,0.988473,0.9851383,0.98644114,0.9895625,0.98924965,0.98548317,0.9885362,0.9862454,0.98636705,0.9877326,0.9849002,0.98544306,0.9868756,0.98532456,0.98746043,0.9873167,0.9831844,0.9839028,0.9872353,0.98622966,0.98298407,0.9861096,0.98468196,0.98543453,0.9738803,0.9879077,0.98402476,0.98202896,0.98717564,0.97660863,0.98357564,0.98352325,0.98815185,0.98479426,0.98597693,0.9880959,0.98752856,0.9836754,0.98330444,0.9888501,0.9863938,0.985211,0.9842862,0.98467237,0.9867889,0.98128825,0.9856521,0.9865018,0.9659784,0.985269,0.9851796,0.9895494,0.9894983,0.9842828,0.98806834,0.9837879,0.9846394,0.9862481,0.98726207,0.98728156,0.9826799,0.9806449,0.9857839,0.9850814,0.986871,0.98776996,0.9840522,0.9787034,0.983325,0.9840164,0.9881406,0.9795324,0.97750056,0.9866744,0.989178,0.9867375,0.98510116,0.98639035,0.9787855,0.9869336,0.9810934,0.98854715,0.9872697,0.98799384,0.98265153,0.9862822,0.987632,0.9888416,0.98498785,0.9886414,0.9877544,0.9873223,0.98628545,0.98880386,0.98858976,0.990667,0.9889519,0.98842144,0.98513144,0.9896749,0.9879685,0.98558307,0.98752487,0.98739624,0.97793055,0.9853314,0.9818034,0.98609525,0.98727363,0.9860469,0.98890984,0.9881782,0.9857877,0.98515326,0.9870479,0.9861248,0.9867683,0.98716694,0.98173106,0.98650414,0.9859935,0.9820101,0.987612,0.98931533,0.98773164,0.9828635,0.98360735,0.98768806,0.9859267,0.9854585,0.9861101,0.9820176,0.9878536,0.98508346,0.9890254,0.9865116,0.9843978,0.9861323,0.96178854,0.9885171,0.985254,0.9860845,0.9854391,0.9854989,0.9843892,0.98663354,0.9875843,0.9891061,0.98890793,0.9882705,0.98758036,0.9884791,0.9893778,0.98502547,0.99085015,0.9906052,0.9924089,0.98264986,0.9889598,0.98991066,0.9900482,0.9897725,0.98933864,0.98812443,0.98975676,0.9899941,0.9903451,0.98903537,0.9883065,0.98959404,0.98708713,0.9876205,0.9869736,0.98880595,0.98821115,0.9863507,0.9901295,0.98993295,0.9887119,0.990696,0.9798643,0.98598224,0.98533005,0.9877174,0.9842107,0.9899529,0.99284095,0.98992836,0.9861217,0.9860999,0.96676743,0.98617995,0.9859954,0.98535556,0.982906,0.9892593,0.98856294,0.97627825,0.985576,0.98981565,0.99021506,0.9786327,0.9830461,0.9891839,0.99449027,0.98815227,0.98514295,0.9891074,0.9999996,0.9873862,0.98312867,0.9864496,0.9847582,0.98621106,0.98677975,0.988327,0.98584604,0.98928565,0.9882601,0.98422027,0.9845244,0.97447574,0.9851425,0.9870193,0.9870292,0.9838702,0.9875104,0.986295,0.98894334,0.988079,0.987983,0.9854595,0.98615915,0.98966545,0.98955655,0.987827,0.9839889,0.98524606,0.9876899,0.98537964,0.98464507,0.98567426,0.979154,0.9876568,0.98400867,0.9879567,0.98781896,0.9880059,0.98711765,0.98588794,0.9856011,0.9855384,0.98538107,0.98599416,0.9879049,0.9865217,0.98561645,0.9875417,0.9755937,0.9694477,0.981997
ipip3,0.9914833,0.9873869,0.9886154,0.98557806,0.99048656,0.98449343,0.9916214,0.9872288,0.99254227,0.9851491,0.98553145,0.9906867,0.9866826,0.983831,0.9832278,0.98754233,0.9900379,0.98526883,0.9899986,0.9873297,0.99085444,0.988376,0.99144757,0.99181294,0.9917889,0.98961717,0.9848702,0.99001396,0.9860048,0.9859548,0.9918534,0.9895393,0.9860896,0.996108,0.9906949,0.9916844,0.98971206,0.9898688,0.98855734,0.99194807,0.98222196,0.9899009,0.9903064,0.98252946,0.9849455,0.991471,0.9927603,0.9868453,0.9904605,0.9848601,0.98883265,0.96689993,0.9885642,0.9834004,0.98239595,0.98649955,0.97685194,0.9824743,0.9827955,0.9891356,0.99008864,0.98879695,0.99166155,0.9900415,0.9905509,0.9863159,0.99125063,0.9913297,0.9915859,0.9859818,0.99170786,0.9912136,0.98054194,0.987272,0.9876108,0.961022,0.9863118,0.98866516,0.9882888,0.9898429,0.9891642,0.9925113,0.9846957,0.9905184,0.9907063,0.991231,0.9906574,0.98195016,0.98069155,0.9902011,0.9872344,0.9925658,0.9897494,0.9843921,0.9773745,0.98200804,0.99117726,0.9888233,0.97792387,0.97521645,0.98710924,0.99282724,0.9889387,0.9879231,0.99115247,0.9780973,0.9908695,0.9863357,0.99286944,0.9908852,0.99200195,0.98682463,0.98863703,0.98804665,0.9921691,0.98855436,0.9909712,0.9921342,0.990644,0.98765266,0.99273413,0.98750275,0.991054,0.98966426,0.9906343,0.9854386,0.9881152,0.98830265,0.98781383,0.98648834,0.99250275,0.97738796,0.98703086,0.9814003,0.99150395,0.9906507,0.98937976,0.9906133,0.99215096,0.9915139,0.99172366,0.9910242,0.985988,0.9910754,0.9896427,0.9793813,0.9899178,0.99204844,0.9802487,0.9897568,0.9928223,0.98934793,0.9853311,0.9808893,0.9922334,0.9891066,0.989413,0.9900883,0.9763867,0.991954,0.9844136,0.99298954,0.98913616,0.98748064,0.9922074,0.95837617,0.9916444,0.99426675,0.99056137,0.9851106,0.99268913,0.9845742,0.9911493,0.99213773,0.9916225,0.9911065,0.99117637,0.989172,0.9893561,0.9897546,0.98563236,0.9878836,0.98637116,0.9881793,0.97729206,0.98695946,0.99248725,0.99238926,0.9923597,0.98841447,0.991877,0.99196607,0.99204093,0.9915976,0.9919829,0.99221796,0.993332,0.9920081,0.98641276,0.9911512,0.99322104,0.9930989,0.98767525,0.99214613,0.99105245,0.99058586,0.99356675,0.9774946,0.987217,0.98375744,0.9871648,0.98878956,0.99156225,0.9904265,0.9866909,0.9857994,0.9886485,0.96409357,0.9870452,0.99002767,0.99226445,0.9832514,0.98943746,0.99079514,0.973866,0.9900952,0.992659,0.9911746,0.97528386,0.986901,0.99154156,0.9897446,0.9923401,0.9898124,0.9914194,0.9873862,0.9999997,0.9890218,0.9923547,0.9884516,0.99205023,0.989064,0.99191195,0.9924993,0.98923695,0.99473625,0.98840874,0.9929247,0.969959,0.98944026,0.99213696,0.9925266,0.98476565,0.99205524,0.9886276,0.9924994,0.9901001,0.99370295,0.9871925,0.99158275,0.992733,0.9866111,0.98838395,0.9814275,0.98508745,0.9899188,0.9897476,0.9913551,0.989698,0.97786766,0.99210995,0.9859182,0.9923701,0.9915864,0.9907629,0.9915124,0.990718,0.9970941,0.98943985,0.99153674,0.9896315,0.99155915,0.99174845,0.98857963,0.98956394,0.9747855,0.9663888,0.9813273
ipip33,0.9845221,0.9824024,0.9833777,0.9810494,0.98602504,0.98113763,0.98546624,0.9846168,0.98619896,0.9814683,0.98311156,0.9855173,0.9850177,0.9810766,0.9787347,0.98381263,0.9837967,0.9819185,0.98479295,0.9846929,0.9860522,0.9843287,0.98759675,0.98398054,0.98336893,0.98505265,0.98203075,0.9848212,0.9823361,0.98217785,0.98529094,0.98542404,0.98314244,0.9867884,0.98440033,0.9895627,0.9858843,0.98449385,0.9836361,0.9856752,0.9809269,0.986488,0.98313886,0.98275214,0.97786653,0.98629445,0.9843806,0.9789564,0.98699504,0.9815246,0.9849508,0.9675814,0.98597497,0.98217034,0.9782738,0.98594415,0.97563607,0.9798913,0.9819826,0.9850567,0.9832539,0.98340607,0.985837,0.9828626,0.9829946,0.98046404,0.9854922,0.98410535,0.9821409,0.98198843,0.9858708,0.9869724,0.9778579,0.98687315,0.9822635,0.9605799,0.98139596,0.9836026,0.9837189,0.984285,0.98374885,0.98626554,0.97993684,0.9827119,0.9863642,0.98550564,0.98526126,0.9782998,0.97628164,0.9842,0.9856953,0.98544604,0.9860724,0.98532003,0.9732921,0.9787398,0.9852169,0.98260003,0.9752776,0.9731066,0.98332417,0.9845654,0.98441845,0.98338693,0.986344,0.9757772,0.9860638,0.9803549,0.98613197,0.9858121,0.9861982,0.98197246,0.9854567,0.9867402,0.987299,0.9880296,0.98750454,0.9880506,0.98593056,0.98453164,0.9868054,0.98559505,0.9862826,0.9854144,0.98723567,0.9802825,0.98365706,0.9852723,0.9814302,0.9819848,0.9898419,0.9740795,0.9853087,0.97654194,0.9891748,0.9868646,0.98396856,0.98745793,0.98720443,0.9861734,0.98393816,0.98565507,0.98207116,0.9862727,0.98497903,0.97966695,0.9835284,0.9826904,0.9796921,0.9850849,0.9846374,0.98269403,0.9804941,0.97708124,0.9857964,0.98735183,0.9866934,0.989808,0.97722965,0.9854432,0.9855426,0.9910834,0.9889966,0.9840134,0.98748,0.9658433,0.98875564,0.98556226,0.98887634,0.9859262,0.9874678,0.9822597,0.9867424,0.9870236,0.9848414,0.9878701,0.98517084,0.98559695,0.9834673,0.9844182,0.9819927,0.9831363,0.98242974,0.98406804,0.97446007,0.9834479,0.9864842,0.9865633,0.9860288,0.9818702,0.98625195,0.98688173,0.9868811,0.98448914,0.98623055,0.986648,0.9876465,0.98605853,0.98291373,0.9830408,0.98733693,0.98611367,0.9826555,0.98787826,0.9855516,0.9842686,0.98591256,0.9720839,0.98269945,0.9803144,0.9835015,0.98426485,0.9836949,0.98576707,0.9832599,0.9808439,0.98414403,0.95978636,0.98229516,0.9868151,0.9885035,0.9834738,0.9865217,0.9848285,0.97292745,0.9869442,0.986498,0.9865774,0.96993804,0.9806699,0.9866215,0.9852163,0.9857518,0.98137295,0.98667663,0.98312867,0.9890218,1.0000004,0.9916397,0.9893712,0.9914311,0.9856339,0.98908323,0.9830154,0.9874481,0.9877419,0.9843927,0.9869763,0.9704615,0.9898637,0.98625433,0.9867241,0.9841746,0.986461,0.98739547,0.9875453,0.98470795,0.98814934,0.9857454,0.9849086,0.98732686,0.9813679,0.98488367,0.981089,0.98186064,0.98855096,0.98827064,0.9849924,0.9867183,0.97773635,0.9869557,0.9826351,0.9868216,0.9879602,0.9862695,0.9879385,0.9896647,0.9863477,0.98283345,0.9883817,0.9847868,0.9882561,0.98584783,0.9840829,0.9873447,0.9714452,0.9690762,0.97927773
ipip63,0.99079275,0.98598987,0.989164,0.9852022,0.99053264,0.985095,0.9914341,0.98563224,0.99124426,0.9850787,0.986656,0.98967975,0.9878618,0.9835253,0.98235065,0.9882263,0.988704,0.98574495,0.9894851,0.98691684,0.9911082,0.98765886,0.9950332,0.9906202,0.9876677,0.99047315,0.98489285,0.9899524,0.98655653,0.9871266,0.99135643,0.9898917,0.9884073,0.9909938,0.98963326,0.99439335,0.99107134,0.98991126,0.9883438,0.9904279,0.98474133,0.9920885,0.9890949,0.9860021,0.9834279,0.9916056,0.98834,0.98453164,0.9904315,0.98451877,0.9887908,0.9685508,0.9887357,0.98450315,0.98344684,0.98932797,0.97827494,0.9841335,0.9850739,0.9900455,0.9882037,0.9880251,0.9902591,0.9873865,0.9873918,0.98575175,0.99022216,0.9906378,0.9880979,0.98495775,0.99251837,0.9941757,0.9819816,0.9899941,0.9861425,0.96342015,0.9859651,0.9883476,0.9887732,0.98961306,0.9878064,0.9914666,0.98535395,0.9886812,0.9909752,0.99043304,0.9898345,0.9826726,0.9805379,0.988111,0.98762256,0.9919244,0.9892023,0.98411375,0.97683567,0.9810009,0.9902326,0.98810697,0.97855455,0.97513616,0.98761725,0.9913378,0.988909,0.98848385,0.98956996,0.97896844,0.99108577,0.98496085,0.9903974,0.9906871,0.9912963,0.9855494,0.98804015,0.9889948,0.99107885,0.99223155,0.9909081,0.99235946,0.9902839,0.988022,0.9922604,0.98843527,0.9916452,0.98964787,0.9923593,0.98564756,0.9886271,0.9881852,0.98731905,0.9858079,0.99503297,0.9782716,0.9892116,0.98062295,0.99451643,0.9926428,0.99071467,0.99185413,0.9920161,0.9906588,0.99021673,0.9905195,0.98630553,0.99033034,0.98886156,0.98188496,0.98832864,0.98938656,0.9835794,0.98828655,0.9920896,0.9891319,0.98523164,0.9800803,0.9906154,0.9934286,0.9931423,0.99310654,0.9776156,0.9908658,0.987683,0.99471426,0.9901284,0.98757106,0.99162024,0.96464485,0.99320376,0.9895046,0.9907552,0.98819226,0.9945154,0.98569036,0.9911667,0.9924651,0.9907362,0.9925707,0.9916234,0.9888257,0.9890619,0.9898941,0.9848764,0.98792136,0.98771477,0.98783094,0.9780724,0.9862731,0.992047,0.9918157,0.991683,0.9873267,0.99122876,0.99201125,0.9926423,0.99067104,0.9911034,0.9926977,0.9935318,0.9927095,0.9871696,0.98724735,0.99058545,0.9918906,0.9868162,0.9930846,0.99106586,0.9904626,0.9918267,0.9768957,0.98663235,0.98417276,0.98802716,0.9874512,0.99047387,0.9895683,0.986716,0.9850059,0.98988205,0.96457493,0.98764247,0.99098116,0.99627036,0.985578,0.98939306,0.98857236,0.975568,0.99146134,0.9921965,0.99050426,0.97496897,0.9856025,0.9906669,0.9890681,0.9896742,0.988284,0.9900833,0.9864496,0.9923547,0.9916397,1.0000008,0.9930365,0.9925599,0.9901588,0.9957091,0.98816365,0.99024516,0.9913943,0.98816454,0.99372965,0.9716224,0.99187535,0.9924792,0.9927906,0.9875403,0.99279654,0.9906228,0.99083596,0.989456,0.993474,0.9885654,0.990703,0.99284244,0.9854659,0.98836046,0.98169655,0.98629344,0.99131,0.99347395,0.9908223,0.9927559,0.9807953,0.99276084,0.9873034,0.9909532,0.9929411,0.9904056,0.99314725,0.99393815,0.9902816,0.98659086,0.9937076,0.98902905,0.9914525,0.98845965,0.9881601,0.989304,0.9737422,0.969371,0.9822997
ipip93,0.984195,0.9845492,0.9840791,0.9819897,0.9850639,0.98288184,0.9849781,0.98516876,0.98791456,0.98216844,0.9840917,0.98606926,0.98716295,0.9829986,0.9829728,0.98623484,0.98577225,0.9850625,0.9871349,0.9838915,0.9875356,0.9843502,0.99096495,0.9872967,0.98527646,0.98768914,0.9845476,0.9865219,0.9853367,0.9849118,0.9871939,0.98690283,0.98526883,0.987098,0.98308927,0.9903079,0.9856852,0.98232734,0.9868512,0.9865832,0.9852609,0.98879355,0.985862,0.98445433,0.9824226,0.9876603,0.9868985,0.98157644,0.98547566,0.98455167,0.9855616,0.9717672,0.9855599,0.983199,0.98300135,0.98762023,0.97671694,0.9850971,0.98377997,0.9864651,0.9819814,0.9850567,0.98465294,0.9845817,0.984869,0.9853893,0.98616713,0.9859895,0.98478866,0.98341644,0.98569554,0.9922112,0.98211867,0.9863975,0.984301,0.9705924,0.985464,0.98610747,0.98659456,0.98598236,0.9856057,0.98752856,0.9828371,0.9826955,0.9886251,0.9840805,0.9848668,0.98384196,0.98001087,0.9841318,0.9854017,0.98515487,0.98544925,0.984552,0.9768031,0.98138154,0.98255366,0.9862995,0.9791245,0.97767484,0.98595923,0.985776,0.9846156,0.9873001,0.98564905,0.98372287,0.9868701,0.9848052,0.9880083,0.98423404,0.9854418,0.9820359,0.9865182,0.9883547,0.9862455,0.9925371,0.98708665,0.9863554,0.98471737,0.98661274,0.98787504,0.9867552,0.9881239,0.98538244,0.9867249,0.9865872,0.9876748,0.985937,0.9861765,0.98512036,0.9885036,0.9801041,0.9888959,0.9811552,0.988385,0.9901393,0.989308,0.98868215,0.9859543,0.9848809,0.983633,0.9880323,0.985318,0.9881048,0.9858169,0.98264015,0.98672086,0.985645,0.9862948,0.9864149,0.98697186,0.9873661,0.9853584,0.98031205,0.98393124,0.99356526,0.99372566,0.9912831,0.9785346,0.98458356,0.98851675,0.9901869,0.98500377,0.98628587,0.98529184,0.9641591,0.98791736,0.9879996,0.9846337,0.98572314,0.9866849,0.98576576,0.9845385,0.9884483,0.98622394,0.9873754,0.9872508,0.98623604,0.9863923,0.98863184,0.9890516,0.9869804,0.98624796,0.9867656,0.97893804,0.98463726,0.9884382,0.9886801,0.988424,0.9872562,0.9884863,0.988326,0.9886622,0.986083,0.9877655,0.98621476,0.9888951,0.98609906,0.98679423,0.9864331,0.98713964,0.98572415,0.98649526,0.988262,0.98772055,0.9871179,0.9869341,0.9784343,0.98706275,0.98547596,0.9859123,0.9845289,0.9853547,0.98748195,0.9854577,0.9844944,0.98681647,0.9667374,0.98469245,0.98704505,0.99059343,0.98367894,0.986478,0.9869925,0.97608125,0.9856666,0.986195,0.9880818,0.9780356,0.98491967,0.9894,0.9859304,0.9850705,0.9834516,0.98485583,0.9847582,0.9884516,0.9893712,0.9930365,1.0000005,0.9899109,0.98921067,0.98788154,0.98596054,0.99352527,0.98910177,0.98621243,0.98701453,0.9742443,0.9893788,0.98783946,0.9879107,0.9869933,0.98819864,0.98763716,0.9876996,0.9860936,0.9886028,0.9883235,0.988318,0.9887286,0.985409,0.9867879,0.9815212,0.98568755,0.9877744,0.99319494,0.9888779,0.9915558,0.98353803,0.9862397,0.9864223,0.9868265,0.98732007,0.9874386,0.99206316,0.9923744,0.9864218,0.98488116,0.9909189,0.98622364,0.98652226,0.98725456,0.9855329,0.9870706,0.9736992,0.9714561,0.97954893
ipip123,0.99006915,0.9851548,0.9880971,0.98372823,0.98852557,0.98271346,0.99051625,0.98756105,0.9909686,0.9840188,0.98586035,0.99045753,0.9872047,0.98642975,0.98087615,0.98836243,0.9889284,0.9871181,0.99140364,0.9889665,0.99000853,0.9883012,0.9899022,0.9899007,0.98540694,0.9900716,0.98644096,0.98975426,0.98779607,0.98710304,0.9902645,0.9884785,0.9854552,0.99036705,0.98970306,0.99004155,0.9903592,0.9896984,0.98928773,0.99061877,0.9836079,0.98980093,0.98843306,0.9855039,0.9828807,0.9898938,0.9877081,0.98229617,0.9916498,0.9863806,0.98829585,0.96835,0.98764515,0.9866243,0.9824846,0.9876151,0.97623926,0.98494154,0.98412985,0.98762107,0.98808086,0.98848903,0.99010986,0.98728806,0.98660517,0.98362803,0.99049246,0.98851115,0.9879532,0.9850851,0.9891976,0.99028456,0.97986186,0.9864901,0.98719406,0.9632062,0.98713386,0.98938453,0.9876089,0.988672,0.98790693,0.9913175,0.9851661,0.98861915,0.991883,0.9901825,0.9905516,0.9846001,0.981192,0.9886516,0.9879956,0.99007255,0.98915386,0.9885509,0.978553,0.98140293,0.9885327,0.98677063,0.979787,0.97759986,0.98728913,0.98964095,0.9881596,0.9876874,0.99244684,0.9786087,0.99220717,0.9826855,0.9893087,0.9907192,0.9910387,0.9859574,0.99010915,0.9895823,0.9910324,0.98998255,0.9917957,0.9917395,0.9898564,0.98659825,0.99122846,0.9877215,0.98992157,0.98966175,0.9903197,0.98406625,0.9875041,0.99012035,0.98655784,0.9871685,0.9905592,0.9774372,0.9870617,0.9848547,0.99006546,0.9903369,0.9879538,0.98888266,0.9910372,0.9893998,0.9897758,0.99034506,0.98675376,0.99083793,0.9897979,0.98124117,0.9896287,0.988129,0.9814211,0.9906693,0.9902932,0.9876491,0.9858895,0.97998077,0.9899524,0.9901558,0.98988724,0.99083406,0.98055196,0.9900225,0.98502374,0.9935196,0.98969454,0.9864174,0.9908079,0.961315,0.9901484,0.98874617,0.9902452,0.9871691,0.99019575,0.98407286,0.9896561,0.9924115,0.9889655,0.99115443,0.9903003,0.9879638,0.987076,0.9890407,0.9888487,0.9875844,0.9863546,0.98747516,0.97706574,0.9863564,0.99110454,0.99152714,0.99091077,0.98687714,0.99146396,0.99144405,0.99128944,0.9892725,0.99107534,0.99112743,0.99148715,0.99111557,0.9867233,0.9871309,0.990201,0.99077785,0.9859635,0.9915319,0.99013877,0.98835725,0.9911133,0.97709596,0.98635477,0.9835126,0.9881257,0.98843586,0.9883679,0.9890497,0.98602873,0.98364466,0.98912823,0.96586776,0.9885745,0.99204266,0.99161583,0.9884933,0.9906886,0.98978674,0.9766402,0.9906474,0.990829,0.99138004,0.97585803,0.984946,0.991111,0.98834676,0.98865753,0.98632187,0.9906604,0.98621106,0.99205023,0.9914311,0.9925599,0.9899109,0.99999994,0.99115866,0.9918758,0.9869089,0.98982596,0.9907654,0.9864729,0.9900794,0.9696618,0.989487,0.9898347,0.99005586,0.9851871,0.99020123,0.9888323,0.99296975,0.9896023,0.9912623,0.9895841,0.9900989,0.9917561,0.98656,0.98928416,0.9828196,0.98432595,0.9895902,0.98920256,0.9889851,0.98946553,0.9804711,0.9908594,0.9842337,0.989931,0.9906368,0.9900621,0.9891142,0.9898478,0.98983157,0.986423,0.99100566,0.9876138,0.9910657,0.98743033,0.9870499,0.9892377,0.97170484,0.96813923,0.9800227
ipip153,0.9875438,0.9863199,0.98828846,0.984839,0.98626834,0.98412794,0.98793536,0.9862668,0.98914343,0.98412406,0.9842044,0.98866796,0.98642004,0.9845929,0.9823868,0.9860691,0.9894692,0.98594934,0.9898339,0.98710936,0.98964757,0.9868968,0.9886974,0.98967856,0.98539007,0.98979485,0.98585826,0.98934484,0.9874085,0.98844665,0.9877129,0.98705065,0.98380935,0.987852,0.9866575,0.98637927,0.98873055,0.9858711,0.98780364,0.98778284,0.983297,0.98923165,0.98787785,0.9838507,0.9831792,0.98902625,0.9869055,0.9836862,0.98853964,0.9854919,0.986752,0.9712425,0.9871895,0.98481286,0.98285687,0.9861892,0.97613317,0.986737,0.98447627,0.98610395,0.98699534,0.9872367,0.98917896,0.9859632,0.9866606,0.9856088,0.9887095,0.9883407,0.98735464,0.9869027,0.9860146,0.9892767,0.98114675,0.9848114,0.98958874,0.96904165,0.98641974,0.98861706,0.9869587,0.9870838,0.98800915,0.98979914,0.9864767,0.9863934,0.9903162,0.9877268,0.9881377,0.9844204,0.98223406,0.98728,0.98609763,0.98919594,0.99006367,0.9861322,0.98013645,0.9841165,0.98513776,0.98627776,0.9807766,0.98209727,0.98741555,0.98801917,0.9878515,0.9867172,0.9900042,0.98162425,0.9911718,0.9822026,0.98985726,0.9889923,0.9884667,0.98529637,0.9883071,0.9898448,0.98907024,0.9881727,0.98974055,0.98908454,0.9882014,0.9875527,0.9892515,0.98665136,0.9898495,0.98710734,0.9892897,0.9841578,0.9885538,0.9886089,0.9859609,0.98685956,0.9874312,0.98130363,0.98717463,0.9854057,0.9868977,0.9883026,0.9871135,0.98738045,0.9879523,0.986368,0.987099,0.9900933,0.9876858,0.9895915,0.98886937,0.98230666,0.9883606,0.98765415,0.9826452,0.98925245,0.98899037,0.98731774,0.9870139,0.982218,0.9875923,0.98920685,0.98976815,0.9876414,0.98115236,0.9880887,0.9845411,0.98980194,0.98460704,0.9851199,0.9866055,0.9596392,0.9872058,0.9880184,0.9868593,0.9852964,0.98742086,0.9875064,0.98628116,0.98881125,0.9862833,0.98910636,0.9909824,0.98611546,0.986762,0.98887974,0.9877649,0.98834807,0.9872185,0.9878805,0.9819936,0.9858802,0.98915863,0.9891815,0.9893479,0.9866255,0.98961717,0.9892363,0.9896171,0.9872128,0.98912704,0.9889398,0.9908213,0.98750275,0.9862185,0.98668575,0.9888413,0.9879705,0.98778504,0.9904551,0.98909825,0.987333,0.9882878,0.9790925,0.9879672,0.98427737,0.9866473,0.9861489,0.9865941,0.9873258,0.9864,0.9847057,0.9879061,0.97062874,0.9896302,0.9889832,0.9885741,0.98339605,0.988274,0.98761094,0.9779895,0.9874999,0.9879163,0.9903712,0.97986215,0.9836296,0.9897387,0.9881325,0.9878801,0.98553276,0.98837173,0.98677975,0.989064,0.9856339,0.9901588,0.98921067,0.99115866,1.0000001,0.98999333,0.9858439,0.9902256,0.99098986,0.98686534,0.987081,0.9739402,0.98781943,0.9879853,0.98808557,0.9857833,0.9882357,0.9882833,0.9909321,0.9889777,0.990235,0.9911746,0.99050266,0.98987645,0.9860736,0.98935,0.9832528,0.9854198,0.9869285,0.98878276,0.9886535,0.9884641,0.98211807,0.9885242,0.984658,0.9869714,0.98754746,0.98772085,0.9894145,0.9900759,0.98750025,0.9862187,0.9932521,0.98661,0.98945606,0.9880994,0.986014,0.9889777,0.97413033,0.97220397,0.9812248
ipip183,0.99305004,0.98546267,0.9902883,0.9849531,0.990103,0.9847166,0.9942254,0.98675203,0.992485,0.9848165,0.9876787,0.99078494,0.98745775,0.98378426,0.9811157,0.9889668,0.9903686,0.98525363,0.990129,0.9897879,0.9916027,0.9883758,0.99124265,0.9909258,0.9863562,0.99172145,0.9850769,0.99114466,0.9877994,0.9890486,0.9922121,0.99040836,0.98825604,0.99191636,0.9930123,0.99088323,0.9930927,0.9928504,0.989415,0.99086285,0.98463887,0.99281317,0.98995847,0.98887205,0.9821202,0.9914202,0.9871322,0.98455834,0.9908462,0.9851919,0.9880627,0.9665354,0.989538,0.9850767,0.98302263,0.9897317,0.976087,0.9845176,0.9853131,0.9904153,0.99065155,0.9876106,0.99230665,0.98730063,0.9870485,0.98459846,0.993084,0.9926372,0.99063116,0.9867953,0.9931655,0.99172777,0.9804,0.98870724,0.9874493,0.9632191,0.9860562,0.98991907,0.9900256,0.9915491,0.9882686,0.9929939,0.9860052,0.99092406,0.9911207,0.99342376,0.9923084,0.9830824,0.9815462,0.99068344,0.9880795,0.993668,0.990774,0.9835966,0.97813296,0.9809481,0.99179846,0.98912215,0.97952515,0.9765254,0.9889652,0.9930189,0.9906044,0.98789567,0.99044037,0.9780482,0.99262065,0.98350185,0.99205416,0.99424946,0.9945777,0.98675406,0.9881822,0.9898573,0.9937112,0.988513,0.9930834,0.99375296,0.9929861,0.9896713,0.99375314,0.9895047,0.9916856,0.9912176,0.9933713,0.98639613,0.98959196,0.99080867,0.9877252,0.9882024,0.99389505,0.97657657,0.9863698,0.9808546,0.9930043,0.9919199,0.98915905,0.99263704,0.99512184,0.9927328,0.992053,0.99137497,0.98668945,0.99059963,0.98949885,0.9814255,0.9902471,0.991655,0.98238665,0.9902561,0.9935082,0.9888756,0.98387814,0.979746,0.9935297,0.98995686,0.9888752,0.99082977,0.9789468,0.99407625,0.9841497,0.9946306,0.9906156,0.9863238,0.99366605,0.96442103,0.99393916,0.9878771,0.99146366,0.98771596,0.9934159,0.9838651,0.9933103,0.9921406,0.99312496,0.99662256,0.9925601,0.9887848,0.98878384,0.9906851,0.9839811,0.9899891,0.9884583,0.9900357,0.97934467,0.9877097,0.993708,0.9935284,0.99338585,0.9875283,0.99294007,0.9958249,0.9965753,0.99322057,0.99263716,0.99678355,0.9949805,0.9943624,0.9876693,0.9874375,0.9921637,0.9936848,0.98608595,0.99675035,0.99075437,0.9888335,0.993914,0.97605616,0.9872227,0.98339057,0.9884858,0.9895411,0.9927857,0.9901906,0.98867935,0.98361075,0.9906183,0.96450216,0.98964226,0.99178046,0.99265677,0.9889588,0.9916259,0.9877041,0.9775789,0.9948144,0.99465996,0.99151146,0.9736984,0.9855018,0.9908434,0.9911485,0.9906303,0.98855686,0.99317425,0.988327,0.99191195,0.98908323,0.9957091,0.98788154,0.9918758,0.98999333,1.0000001,0.989341,0.99304795,0.9931134,0.98527,0.9934531,0.969935,0.988244,0.9930999,0.99360085,0.98653376,0.993448,0.99030477,0.9916832,0.9903802,0.9918191,0.9869196,0.9908314,0.99670076,0.98711807,0.9914586,0.98375976,0.98670906,0.99192554,0.98987883,0.9885832,0.99011034,0.9785067,0.99468285,0.9860871,0.9910919,0.99421024,0.99012184,0.99011743,0.9899407,0.99062043,0.986092,0.99171335,0.9893217,0.99468315,0.9892801,0.9887941,0.99218136,0.9730192,0.9666157,0.9822795
ipip213,0.9872919,0.9870868,0.98611635,0.9837387,0.9873096,0.98438597,0.9885977,0.984284,0.9904389,0.98406374,0.9859258,0.98741686,0.98567694,0.984088,0.983445,0.98602664,0.9873944,0.98436654,0.98833716,0.9854506,0.98850685,0.98496944,0.98823136,0.989482,0.98976415,0.98842347,0.9861685,0.9886879,0.9855765,0.98871666,0.98961586,0.98938954,0.98593056,0.9912771,0.98701346,0.98857236,0.98655987,0.98613346,0.9869609,0.9888643,0.9830665,0.98972446,0.9890882,0.9834661,0.9857416,0.9888552,0.9911416,0.9842112,0.9868139,0.9838523,0.9859255,0.96998227,0.98589605,0.9826838,0.9877361,0.9863945,0.9750384,0.98631084,0.98249406,0.99009335,0.9858599,0.98643833,0.98699176,0.98794025,0.988046,0.9859265,0.9888249,0.99240524,0.9913951,0.9898523,0.98695815,0.98813534,0.98118913,0.9839237,0.9879086,0.9654126,0.985611,0.98611087,0.9910544,0.9918238,0.9879832,0.9886731,0.9834779,0.9864812,0.9871655,0.9875785,0.9883629,0.98396534,0.98461956,0.9885776,0.98533785,0.9885337,0.9864618,0.9809637,0.98006797,0.9809038,0.9869256,0.9923867,0.9811919,0.9791709,0.98550504,0.9895385,0.98594606,0.98656636,0.98832536,0.98238367,0.989001,0.9851945,0.99124366,0.98729503,0.9886706,0.98305786,0.98591334,0.9865043,0.9885339,0.98607266,0.9869399,0.9896024,0.9881705,0.9860736,0.9889243,0.98401314,0.98815036,0.9868163,0.98647124,0.9874898,0.98697704,0.98746926,0.991741,0.9857824,0.9880396,0.97741306,0.9851177,0.9805357,0.98637104,0.9887725,0.9889601,0.99134266,0.9886259,0.98642683,0.9872191,0.98873824,0.98572284,0.98753357,0.9876954,0.9798741,0.9877781,0.9917664,0.98541945,0.98811746,0.98997855,0.9881488,0.9858496,0.981358,0.9869928,0.9872271,0.9873411,0.98628753,0.9760253,0.9881188,0.98251766,0.98878497,0.9850452,0.98573315,0.98735374,0.9615558,0.98883164,0.9911439,0.9856925,0.98173136,0.98749864,0.9838254,0.98554486,0.98892105,0.9922707,0.9889715,0.9882419,0.98714083,0.98859215,0.9875129,0.9846411,0.9902974,0.98583794,0.99001014,0.98255724,0.9841442,0.98916113,0.9891781,0.9891002,0.9888685,0.98955834,0.99020165,0.99039805,0.9920284,0.9883269,0.98944676,0.9901503,0.9893558,0.9860126,0.992021,0.98838764,0.98928297,0.9873714,0.9901409,0.98887044,0.98923784,0.99012464,0.9832922,0.98824453,0.9850335,0.98722845,0.9851516,0.99134403,0.98815596,0.99014336,0.9852975,0.98707044,0.9726547,0.9874668,0.98723835,0.9881624,0.9817222,0.9863106,0.9889911,0.97693044,0.98836863,0.98836887,0.98793846,0.9803302,0.9890757,0.98828214,0.98688793,0.98830324,0.9872827,0.98706615,0.98584604,0.9924993,0.9830154,0.98816365,0.98596054,0.9869089,0.9858439,0.989341,1.0000001,0.9886363,0.99266607,0.985943,0.9875317,0.97204435,0.98578525,0.9948055,0.99478626,0.989949,0.9943867,0.99172616,0.98755795,0.9871979,0.989059,0.9841055,0.9892748,0.991005,0.9896769,0.98749495,0.98185676,0.98836595,0.98677385,0.98667675,0.9877093,0.987351,0.9799168,0.9891548,0.9898409,0.9887329,0.98974115,0.988711,0.98807573,0.9868271,0.9909758,0.98775196,0.9872772,0.99156797,0.9889173,0.9898005,0.9907889,0.98868537,0.9779716,0.9685404,0.9799662
ipip243,0.9864464,0.98550594,0.98597944,0.98373115,0.9857243,0.98373437,0.988259,0.9874074,0.99018997,0.98399454,0.9875865,0.98739094,0.98753184,0.9843227,0.9839034,0.9879001,0.9880166,0.9850136,0.98832,0.98794967,0.9891665,0.986136,0.9883133,0.98847175,0.98521036,0.98971415,0.9873692,0.9890014,0.9873949,0.9883703,0.9889572,0.98948634,0.98677796,0.9890253,0.9863033,0.9878368,0.9887298,0.9853089,0.988361,0.9880697,0.98737,0.9904101,0.98821336,0.9884393,0.98273486,0.98840517,0.9874492,0.9838184,0.9868683,0.9859625,0.9865987,0.9736925,0.9872582,0.98619473,0.98401046,0.9899313,0.97621644,0.9872893,0.9851736,0.9892293,0.9846939,0.9865154,0.9875575,0.98607224,0.9854979,0.98581433,0.9898151,0.98866135,0.98797727,0.9867192,0.98537683,0.9894326,0.98040324,0.98586065,0.98654747,0.9735262,0.98744,0.9886654,0.9903573,0.98964125,0.98577625,0.9899049,0.9856228,0.98476654,0.988921,0.9873155,0.9884518,0.98536915,0.98233265,0.987344,0.986206,0.9875472,0.98733085,0.98539495,0.9800693,0.9833701,0.98358303,0.9891853,0.9815173,0.98158157,0.9887222,0.9885463,0.98646384,0.98744893,0.9872091,0.9848865,0.98944026,0.9832686,0.9907804,0.9878388,0.989458,0.9833412,0.987656,0.9902207,0.98971903,0.98839086,0.989847,0.98847145,0.98754036,0.9901459,0.9905884,0.9893914,0.9901446,0.98748857,0.9883891,0.98805296,0.99150413,0.989601,0.98761505,0.98878276,0.9883354,0.9805917,0.98694277,0.98249924,0.9880501,0.9891397,0.98739165,0.9908591,0.9897603,0.9859537,0.98525107,0.98869693,0.986585,0.9878068,0.98711556,0.98360515,0.9885753,0.9885602,0.9870927,0.98929644,0.98971903,0.9888926,0.98575693,0.98280454,0.9873015,0.98922044,0.9891767,0.98900616,0.9810724,0.98834103,0.98636705,0.990312,0.9857506,0.9850961,0.98656607,0.9670698,0.98971266,0.98803234,0.985993,0.9867253,0.9864871,0.9855304,0.98723346,0.9885589,0.98960525,0.99222803,0.98915374,0.98754925,0.9886053,0.9914428,0.9901735,0.99137086,0.9900151,0.9914467,0.9836822,0.9881914,0.9915975,0.9916674,0.99164194,0.9899393,0.99124384,0.9942901,0.99482715,0.9901669,0.99000305,0.99137163,0.99173176,0.98828214,0.98931575,0.9886802,0.99063873,0.98827064,0.988197,0.9939316,0.98913544,0.98738647,0.989999,0.98046976,0.98946404,0.98694867,0.98798907,0.9878632,0.98960876,0.9901426,0.990378,0.9859555,0.98963284,0.9709229,0.98803896,0.9884486,0.98816675,0.9895292,0.990738,0.98846257,0.98133665,0.989834,0.98984313,0.9908213,0.9801033,0.9862876,0.9917029,0.9896461,0.98735636,0.9851205,0.98926836,0.98928565,0.98923695,0.9874481,0.99024516,0.99352527,0.98982596,0.9902256,0.99304795,0.9886363,0.9999999,0.99166363,0.9846812,0.9862478,0.9752164,0.98695534,0.98896426,0.9891934,0.98827165,0.9894556,0.98917234,0.9905267,0.9884094,0.9882295,0.9876928,0.98793745,0.9945127,0.9899894,0.99265766,0.98746204,0.9886563,0.9887222,0.9894239,0.98709637,0.9883566,0.9818345,0.9885743,0.98690116,0.98803157,0.9895996,0.98754454,0.98919207,0.9894835,0.98754823,0.9861206,0.9890306,0.9874926,0.99044216,0.98945326,0.98713624,0.9909038,0.97584736,0.9723868,0.98133844
ipip273,0.9914661,0.98814195,0.9902198,0.98633254,0.989725,0.9857539,0.9930396,0.9888397,0.9934972,0.98671156,0.98646826,0.9894633,0.9879433,0.9854505,0.98468024,0.98875517,0.99138635,0.98650634,0.9905851,0.98971957,0.99149954,0.98922193,0.9908201,0.9928855,0.9887694,0.99129343,0.9868494,0.99191666,0.9873609,0.9877618,0.99170184,0.99169534,0.98744345,0.9928173,0.9913661,0.9898737,0.9908996,0.9904486,0.9892515,0.9899665,0.9845304,0.9924882,0.9902668,0.984155,0.9855395,0.9910284,0.9904241,0.9866976,0.989876,0.98529196,0.98792773,0.97063375,0.9893879,0.9860139,0.9852896,0.9887137,0.9760833,0.9857662,0.9858318,0.99115527,0.9894063,0.9881006,0.9915498,0.98889065,0.9888248,0.988051,0.9928815,0.99427015,0.9918582,0.9900368,0.9911475,0.9907964,0.9833168,0.9876411,0.9884613,0.96841323,0.9863383,0.9894259,0.9902172,0.9910156,0.9894942,0.99201506,0.98433584,0.9889458,0.98964334,0.9916455,0.9915554,0.9850274,0.9832207,0.990817,0.9866504,0.99158806,0.99056184,0.98434603,0.9790336,0.98305523,0.99055326,0.9898711,0.98002136,0.9788511,0.98813564,0.9913758,0.98876095,0.9875738,0.99000674,0.9844583,0.9916457,0.9870235,0.9961231,0.99177194,0.99299264,0.9855572,0.98724854,0.99072754,0.9919751,0.9877793,0.9920638,0.9919957,0.9909442,0.98848945,0.9925892,0.9879727,0.99223375,0.9898861,0.9908442,0.9885516,0.99157953,0.99108654,0.98937285,0.9880896,0.9915159,0.97754085,0.9866103,0.983391,0.9906542,0.990669,0.9902588,0.99225885,0.99279493,0.99036765,0.99011856,0.9919104,0.9888002,0.99155796,0.99054873,0.9809383,0.9891992,0.9922436,0.9837744,0.9901077,0.9922057,0.98800385,0.9839917,0.98269373,0.99135923,0.9894134,0.9890381,0.9886191,0.97851545,0.99236494,0.98387426,0.9926888,0.9877437,0.9877495,0.9916316,0.96122426,0.9923288,0.9917276,0.9893787,0.9857691,0.99106395,0.98461956,0.9904346,0.99132454,0.99193794,0.99271554,0.99388045,0.9906384,0.99223316,0.9914423,0.98734355,0.9909099,0.98701334,0.9903686,0.9822925,0.98856455,0.993447,0.99360186,0.9933867,0.988602,0.9925329,0.99330837,0.9933311,0.99189824,0.99129874,0.99286836,0.99404323,0.99293125,0.98741734,0.9913088,0.99287707,0.99320894,0.98936105,0.993578,0.9916609,0.9896753,0.9937054,0.9817762,0.9923584,0.9869766,0.98925537,0.9897176,0.99154305,0.991218,0.98973614,0.98593396,0.9899863,0.96915317,0.9895132,0.989442,0.9910045,0.98434377,0.99146223,0.9906598,0.9768367,0.99031967,0.9934041,0.9925277,0.98158646,0.9887495,0.99291545,0.99012506,0.9921548,0.98918134,0.9912542,0.9882601,0.99473625,0.9877419,0.9913943,0.98910177,0.9907654,0.99098986,0.9931134,0.99266607,0.99166363,0.9999997,0.9877123,0.99169105,0.97388285,0.98863834,0.9930808,0.993306,0.9877997,0.9930245,0.9905984,0.9926579,0.99142903,0.9920234,0.98828894,0.99283373,0.9941415,0.98870164,0.99114823,0.9849099,0.98912066,0.990637,0.98993987,0.99099445,0.9898855,0.9811811,0.99349993,0.98910683,0.9905416,0.99315244,0.9904666,0.9918446,0.9907468,0.99233425,0.988655,0.9931088,0.9906695,0.99305046,0.9955363,0.98980886,0.9928325,0.9766372,0.9699396,0.98271596
ipip8,0.9868048,0.9910183,0.9881587,0.9911677,0.9936211,0.9872287,0.986669,0.98628426,0.98881686,0.990412,0.9835494,0.98784846,0.98454064,0.9825592,0.982892,0.9833298,0.9856079,0.9835885,0.9872033,0.9833754,0.98665386,0.9870824,0.9893967,0.98862696,0.9867191,0.9859272,0.98591495,0.9849414,0.9823396,0.9840845,0.98513556,0.9854978,0.9833398,0.9866578,0.983597,0.989213,0.98386735,0.9825292,0.9833046,0.98709977,0.9829228,0.9866288,0.98754996,0.97987497,0.98852956,0.9899469,0.98982424,0.9837326,0.9873445,0.98227227,0.98853254,0.97246236,0.98934066,0.98151344,0.98286253,0.98626405,0.98490953,0.98331004,0.9872994,0.98670185,0.98199874,0.98667836,0.9838838,0.9881192,0.9837391,0.98467994,0.9850227,0.9862933,0.98374104,0.98589367,0.9851947,0.9875269,0.9810294,0.9867089,0.9861046,0.96517843,0.9815934,0.9823109,0.985422,0.98596597,0.9863947,0.9876686,0.982865,0.9838122,0.9868669,0.98451877,0.98475754,0.979773,0.979739,0.9853581,0.98360986,0.98556525,0.9845953,0.9813709,0.9775638,0.98332393,0.9850387,0.9854918,0.97633874,0.97661453,0.98213494,0.9858272,0.9825944,0.9832439,0.98560655,0.9776409,0.98446715,0.98162454,0.9860689,0.98426086,0.9851761,0.9823665,0.98783046,0.9836951,0.9848972,0.9871747,0.9841902,0.9847202,0.98351794,0.9829091,0.9861518,0.98254234,0.9873721,0.9841285,0.98551834,0.98031646,0.9851409,0.9842072,0.9853728,0.98344195,0.9875218,0.97583055,0.9878995,0.9801364,0.98669225,0.9874195,0.98551434,0.9875294,0.98482966,0.9838434,0.98383564,0.9866756,0.9831005,0.98866856,0.98535943,0.9805428,0.9853599,0.983855,0.98272705,0.9858353,0.98568946,0.98466533,0.9819576,0.979753,0.9830323,0.9871996,0.9876181,0.9861996,0.97653836,0.98281413,0.98574835,0.98789775,0.98107076,0.9842942,0.98516774,0.9593861,0.9871377,0.9863174,0.9838966,0.9821679,0.9871367,0.98564315,0.9824937,0.9855343,0.98476696,0.98476017,0.98703986,0.9881387,0.98695517,0.9834167,0.98193294,0.9849041,0.9831026,0.98535544,0.9794031,0.9832658,0.98533356,0.98496705,0.9849193,0.9837866,0.984642,0.9850461,0.98528534,0.9851361,0.98558706,0.98523575,0.9873018,0.98562783,0.98175395,0.9878455,0.98487073,0.9850231,0.98752034,0.986562,0.98754495,0.9872995,0.98602945,0.9793753,0.9858638,0.98419577,0.9854057,0.9805956,0.98510337,0.98679537,0.98416704,0.98327386,0.98444617,0.96568406,0.98261327,0.9834692,0.98819566,0.97930014,0.9847293,0.9866995,0.97368324,0.98352766,0.98416275,0.98562914,0.9774704,0.9816719,0.98567766,0.9857229,0.9855502,0.9846826,0.9847307,0.98422027,0.98840874,0.9843927,0.98816454,0.98621243,0.9864729,0.98686534,0.98527,0.985943,0.9846812,0.9877123,0.99999905,0.986697,0.97604406,0.99049205,0.9887291,0.98806953,0.9852742,0.98756844,0.9866228,0.9865019,0.98558676,0.9907418,0.985678,0.9867991,0.98605734,0.9848183,0.98532796,0.9795867,0.98498404,0.98735845,0.98821473,0.988371,0.98792857,0.9823913,0.9865739,0.98851013,0.9864123,0.987258,0.98823655,0.9881993,0.9889201,0.9866386,0.9845038,0.98832273,0.9872424,0.98664916,0.9870457,0.98646796,0.9848313,0.98490673,0.9777927,0.9876461
ipip38,0.99530154,0.98482543,0.9910756,0.98358566,0.99133414,0.9837278,0.9947865,0.9840798,0.99153566,0.98273796,0.984512,0.99133885,0.9848345,0.98199105,0.97957456,0.98769945,0.989987,0.98328483,0.9896891,0.9869293,0.99198794,0.98746896,0.994316,0.9918483,0.9872206,0.99035585,0.9819219,0.9907374,0.98525035,0.98579496,0.99217373,0.98730946,0.98647624,0.99231726,0.99419045,0.99311256,0.99219203,0.9943765,0.9893592,0.9893368,0.9803008,0.9916159,0.987666,0.9813786,0.9814564,0.9914701,0.98649514,0.9851471,0.9900558,0.9824196,0.98731023,0.9603528,0.98923975,0.98087895,0.98151773,0.9846295,0.97408575,0.9789134,0.9810821,0.9878651,0.9925479,0.9877225,0.9931187,0.98692167,0.98773503,0.9841526,0.9917785,0.9929581,0.9902535,0.98330504,0.99763846,0.99368626,0.97895336,0.9890653,0.9854483,0.95453113,0.9833839,0.98847467,0.9871974,0.98971874,0.9893176,0.9931353,0.9840766,0.9925182,0.9919196,0.99430543,0.9916609,0.9796139,0.9781213,0.9895583,0.9871836,0.9953466,0.9895392,0.979918,0.9742733,0.9766283,0.9949079,0.98601073,0.97511244,0.9691068,0.9867792,0.9937441,0.98986554,0.9876858,0.9898772,0.97182703,0.9916967,0.9835477,0.99060386,0.99385154,0.9946707,0.9868657,0.9866614,0.98695356,0.9924465,0.9876865,0.9915628,0.9935392,0.992677,0.9851217,0.9943604,0.9863898,0.9918026,0.9916652,0.99370044,0.9837623,0.9860176,0.9886692,0.98745906,0.984469,0.9962852,0.9733865,0.98583746,0.9782199,0.9945531,0.9921464,0.9897492,0.99129844,0.99471706,0.9949298,0.9944622,0.9913684,0.98499894,0.99099445,0.99014944,0.97650343,0.9891604,0.9911682,0.97722423,0.98780656,0.99393326,0.98758125,0.98101383,0.9767699,0.9948729,0.9906113,0.9896579,0.990814,0.973177,0.9945984,0.9819083,0.99530077,0.9901509,0.9857035,0.9952021,0.9544124,0.99529237,0.9893928,0.99100864,0.9852841,0.99761045,0.9810722,0.9943013,0.9929181,0.99233264,0.99339175,0.9925572,0.98780364,0.98777056,0.9890061,0.9808796,0.9863192,0.9846836,0.98604894,0.97299695,0.9849143,0.99331415,0.9931483,0.99299455,0.9837459,0.99228144,0.9930628,0.9931965,0.9920503,0.99269927,0.99513,0.9941981,0.99555075,0.98266995,0.98458344,0.9902578,0.99489385,0.9825831,0.9937378,0.9909901,0.98954135,0.99366814,0.97103566,0.9835783,0.9789239,0.9872721,0.988338,0.99206275,0.9887101,0.9840786,0.98116237,0.98912114,0.956849,0.9863739,0.9907745,0.9963623,0.9812982,0.9884274,0.98719645,0.9709904,0.9922054,0.99446017,0.98984337,0.9676354,0.9834217,0.98962426,0.98944956,0.9916866,0.9896466,0.99135655,0.9845244,0.9929247,0.9869763,0.99372965,0.98701453,0.9900794,0.987081,0.9934531,0.9875317,0.9862478,0.99169105,0.986697,1.0000006,0.96543616,0.9902864,0.99454844,0.99478936,0.9827893,0.99460965,0.9883676,0.99044335,0.98991644,0.99362695,0.9845358,0.9919987,0.99372315,0.983036,0.98595095,0.97577983,0.98294806,0.99067354,0.9911877,0.9919293,0.99069136,0.97472936,0.9961394,0.9837992,0.99084413,0.99443454,0.98996323,0.9916141,0.9908147,0.9930414,0.986349,0.9931123,0.9889108,0.9931976,0.987481,0.9882129,0.98897326,0.9691776,0.96115094,0.9801814
ipip68,0.9667656,0.9786954,0.97141075,0.9763444,0.97210366,0.9730612,0.9687445,0.9775939,0.973225,0.9773339,0.9722235,0.9664075,0.9737941,0.97448426,0.96993834,0.9705544,0.9710467,0.9710264,0.9727204,0.97345614,0.9729651,0.97238076,0.972893,0.9711819,0.9708655,0.9753975,0.97666484,0.97338974,0.97094965,0.972909,0.969712,0.97379506,0.9695258,0.96949553,0.9655374,0.97173095,0.96950674,0.9647987,0.96979195,0.9695849,0.97554606,0.97217226,0.97297424,0.97149134,0.9754762,0.9722271,0.9730134,0.9682456,0.97158074,0.97125167,0.9727608,0.97580695,0.97466433,0.97496974,0.97376454,0.9775347,0.9711539,0.97327554,0.9753193,0.9749359,0.9615874,0.9723529,0.96547973,0.9692376,0.967272,0.9724792,0.97005004,0.970427,0.96782905,0.97660655,0.96367383,0.9720404,0.9711394,0.9710662,0.9714809,0.9678872,0.97147924,0.96878684,0.9754451,0.9719466,0.9662708,0.9696834,0.9689199,0.96318895,0.9702311,0.9656056,0.96816164,0.9739719,0.97035676,0.9687285,0.96637064,0.96505696,0.9694054,0.9701281,0.970394,0.9739701,0.9624454,0.97248703,0.969382,0.97140914,0.97024876,0.96603787,0.96541345,0.9668964,0.9667581,0.97092426,0.9690743,0.96552056,0.970958,0.96426994,0.967299,0.9651804,0.97104853,0.9743079,0.96910995,0.97218174,0.9689235,0.9689045,0.96570367,0.9726165,0.9713165,0.97156304,0.9743518,0.9686617,0.9703586,0.9686908,0.9776077,0.9724848,0.9725946,0.9734219,0.96911454,0.967805,0.9734625,0.9729612,0.97004,0.9713295,0.96978444,0.975364,0.9679605,0.96314746,0.96089303,0.9703649,0.9746468,0.9719899,0.9682899,0.97326994,0.96743006,0.9678493,0.97789055,0.9703126,0.9672337,0.9680505,0.9709299,0.9708692,0.96453685,0.9727693,0.97274655,0.9708103,0.9715844,0.9651186,0.97530943,0.97073936,0.96517533,0.9703445,0.9652963,0.9572059,0.9723254,0.9697162,0.96711904,0.97236294,0.96670955,0.9789858,0.9651992,0.969564,0.9700953,0.9699008,0.97067475,0.9717403,0.9743339,0.9709252,0.97136986,0.9765173,0.97107935,0.9759432,0.9767766,0.9728245,0.97114533,0.9709339,0.9708358,0.9720916,0.96927035,0.97022915,0.9709412,0.9701348,0.96813565,0.96738183,0.9715702,0.9681765,0.97101206,0.9746266,0.9704691,0.9654219,0.9770587,0.9719532,0.972655,0.9713278,0.9689966,0.9718288,0.9766399,0.9763238,0.97325265,0.96548545,0.9695618,0.97431624,0.9746514,0.9712806,0.9721184,0.96753496,0.97465754,0.9667511,0.9695678,0.96746475,0.97268105,0.9719356,0.97031456,0.966595,0.9667211,0.9712015,0.9723123,0.9691791,0.9720953,0.97083217,0.96771,0.96591634,0.9690379,0.97447574,0.969959,0.9704615,0.9716224,0.9742443,0.9696618,0.9739402,0.969935,0.97204435,0.9752164,0.97388285,0.97604406,0.96543616,1.0000005,0.97814405,0.97344166,0.97249657,0.97761035,0.9725059,0.97673583,0.97329044,0.97503114,0.97102666,0.97544396,0.9685142,0.9708985,0.9754737,0.9769478,0.97542185,0.9786685,0.9743444,0.9751687,0.97042054,0.9727309,0.97735196,0.9684511,0.9771368,0.9702416,0.97256696,0.97058636,0.97265416,0.9750172,0.96616393,0.9692445,0.9715144,0.97186303,0.96890783,0.9738427,0.96954465,0.97294205,0.97260004,0.97213256,0.97198164
ipip128,0.9865728,0.98641557,0.9855429,0.9850598,0.98871183,0.98359996,0.98686105,0.9845431,0.98826075,0.9847536,0.9833424,0.9863467,0.9846252,0.9827843,0.98156166,0.9843435,0.985689,0.9830051,0.98796064,0.98442596,0.98857135,0.98627293,0.9913558,0.9876334,0.9856777,0.987756,0.98589987,0.9870681,0.9835123,0.9841442,0.98780185,0.98590684,0.9823553,0.98761356,0.9846132,0.99135095,0.98548436,0.9849849,0.9851374,0.9865602,0.9840034,0.9875062,0.9862342,0.9813806,0.98291343,0.988535,0.9871088,0.9814929,0.9885581,0.9832141,0.9883968,0.97131836,0.98835194,0.98383576,0.9815136,0.98646194,0.9771138,0.98148346,0.98214877,0.9861332,0.9845976,0.98642325,0.98702705,0.9844754,0.9838856,0.9837723,0.9859952,0.98664033,0.9842698,0.9853465,0.98830724,0.9905516,0.98065865,0.98915863,0.9845619,0.9628097,0.9836634,0.9846123,0.9867491,0.98731405,0.98615396,0.9878717,0.9827261,0.9838399,0.988432,0.98604375,0.98589134,0.9802971,0.97792757,0.9853861,0.98450387,0.9872534,0.98485905,0.9823735,0.97452116,0.98055315,0.98664755,0.9847689,0.9767206,0.97512406,0.9844014,0.986834,0.9837578,0.98505294,0.9863131,0.97763926,0.9872051,0.9804268,0.98702246,0.98517215,0.98726094,0.98225063,0.9856637,0.98445237,0.9861037,0.9878682,0.98576266,0.9869209,0.9845796,0.983377,0.98868716,0.9851725,0.9895746,0.9868758,0.9883088,0.9817752,0.98676467,0.9862407,0.9844972,0.9840257,0.99086285,0.9750553,0.9893884,0.97912014,0.99000883,0.9895329,0.98574746,0.9894475,0.9881128,0.9871532,0.98460275,0.9869303,0.98206073,0.98771715,0.9855798,0.98025537,0.9851804,0.9845526,0.9823513,0.9849018,0.98738885,0.9852151,0.98219526,0.97996336,0.9861561,0.98965174,0.9895251,0.9914807,0.9773798,0.98608035,0.9881743,0.99190307,0.98414534,0.9834162,0.9877069,0.96095675,0.99031043,0.98803914,0.9874085,0.9857649,0.9909678,0.9873646,0.9864696,0.98891973,0.9869046,0.98723334,0.9870187,0.9867971,0.98650587,0.9863225,0.98271126,0.9862433,0.9859777,0.9865265,0.9765178,0.9852005,0.98806626,0.98825026,0.9877709,0.9843636,0.9874378,0.98788744,0.98789823,0.9868942,0.9876466,0.98738813,0.9893291,0.98807603,0.9832379,0.9858481,0.9869541,0.98703486,0.98610336,0.9892186,0.9893556,0.98852396,0.9877967,0.97533613,0.98571515,0.9823526,0.9858631,0.98298615,0.98625535,0.9879828,0.9853364,0.98287994,0.9863651,0.96312755,0.98337525,0.9856499,0.9918619,0.98062223,0.98685557,0.9870535,0.97315055,0.9856425,0.98672986,0.98769915,0.9741927,0.98110116,0.98808074,0.9868229,0.98686755,0.98461175,0.9869522,0.9851425,0.98944026,0.9898637,0.99187535,0.9893788,0.989487,0.98781943,0.988244,0.98578525,0.98695534,0.98863834,0.99049205,0.9902864,0.97814405,0.9999997,0.9900155,0.9896987,0.9875711,0.9896091,0.99029666,0.9894744,0.9874481,0.9902311,0.9888424,0.9877114,0.98842263,0.98477626,0.98695767,0.9820877,0.984067,0.9901037,0.9914257,0.98822325,0.9890063,0.9794598,0.98879355,0.98673564,0.98822886,0.9893077,0.9879833,0.9900648,0.9916891,0.9880502,0.9852102,0.99040955,0.9861569,0.98780334,0.98726577,0.984999,0.9874756,0.97581816,0.97092557,0.9820974
ipip158,0.9926494,0.98792267,0.99053717,0.98634374,0.9909283,0.98629177,0.99393904,0.9869159,0.9937065,0.98664457,0.9883117,0.9907834,0.98744,0.9860028,0.9833987,0.9890108,0.99062216,0.9864038,0.99128836,0.9887851,0.99184686,0.9874363,0.9928278,0.9928912,0.9886101,0.99238557,0.9875435,0.9919375,0.9884665,0.9902992,0.99212515,0.99187064,0.9884827,0.99237216,0.9926008,0.9922863,0.9918897,0.99236095,0.9906987,0.99059254,0.9850834,0.9937633,0.99008423,0.9845313,0.98625654,0.99183303,0.98983014,0.98566216,0.99032855,0.9852664,0.98891264,0.96883166,0.9899029,0.98485714,0.98841363,0.98947597,0.9769879,0.98570323,0.9850996,0.9924082,0.98959595,0.9888889,0.9907165,0.9889383,0.9883537,0.98634183,0.99181473,0.9952576,0.9911519,0.989534,0.99359643,0.99285275,0.98197776,0.9886638,0.9887331,0.96260923,0.98641,0.98882186,0.99249274,0.9937792,0.98984045,0.99183,0.98544294,0.9907762,0.991019,0.99269027,0.9917622,0.98513275,0.98550546,0.9911351,0.9877143,0.9932307,0.9893315,0.98146,0.9801012,0.98146206,0.9921593,0.9914966,0.98174185,0.9772305,0.98798573,0.99263054,0.9888576,0.98848194,0.9902486,0.97943354,0.9920416,0.9840462,0.9920404,0.99196845,0.9933774,0.98587275,0.98811376,0.98822254,0.9920698,0.9887457,0.9906305,0.9938245,0.99171644,0.98732257,0.992951,0.9866858,0.9914927,0.99057776,0.9913014,0.9875877,0.9892382,0.99084574,0.9930155,0.9875414,0.9937361,0.97751325,0.98688304,0.9821178,0.9920413,0.9926386,0.9915324,0.99495417,0.9935378,0.99154246,0.9917346,0.99180186,0.9876409,0.9910102,0.99064934,0.97979826,0.98947924,0.99198496,0.9863759,0.98983425,0.9932825,0.98904276,0.98580694,0.97996825,0.9917621,0.9908217,0.99030906,0.9897153,0.9766582,0.9924297,0.9842528,0.99347216,0.9890064,0.9873978,0.99254227,0.96252877,0.9948381,0.9904987,0.98978615,0.9854523,0.9935984,0.9848239,0.99136376,0.99232006,0.9944689,0.99291104,0.9919763,0.989425,0.99064875,0.9901282,0.9844433,0.9909334,0.98668957,0.990865,0.98074687,0.9859627,0.99303687,0.9928457,0.99274087,0.9878538,0.9922892,0.99309355,0.9934832,0.99420416,0.9915733,0.9937589,0.99361855,0.99482393,0.98599106,0.9902255,0.99005926,0.9931967,0.9870228,0.9936321,0.9914394,0.99115133,0.9933584,0.9810931,0.9886997,0.9856914,0.989591,0.987717,0.99382395,0.9900935,0.9904155,0.98506814,0.9901931,0.96984345,0.99013245,0.9905522,0.99387884,0.9841436,0.9893992,0.98933154,0.9764578,0.9923473,0.9925059,0.99052536,0.9773463,0.9882815,0.9905474,0.98949075,0.9908136,0.98981625,0.99067616,0.9870193,0.99213696,0.98625433,0.9924792,0.98783946,0.9898347,0.9879853,0.9930999,0.9948055,0.98896426,0.9930808,0.9887291,0.99454844,0.97344166,0.9900155,0.999999,0.9991494,0.99216497,0.9988072,0.9948849,0.99018157,0.99056655,0.9928506,0.9864478,0.9921962,0.9938755,0.98903626,0.98878646,0.98109955,0.98976225,0.99110603,0.99061537,0.991119,0.9905729,0.9805943,0.995069,0.99114317,0.99082285,0.9950104,0.9913317,0.9913564,0.99052274,0.9915275,0.98765373,0.9911409,0.9934462,0.99344146,0.99056786,0.9925287,0.9914022,0.97692376,0.9694649,0.98330253
ipip188,0.9929213,0.98790526,0.9906568,0.98601013,0.9911541,0.98607177,0.99405706,0.98683214,0.9936157,0.98613364,0.9884833,0.9911054,0.98711807,0.9850297,0.9830638,0.9887203,0.99047214,0.98617566,0.99084467,0.9884522,0.99184245,0.98775625,0.99290687,0.99280137,0.98881465,0.99241,0.9872813,0.9919148,0.9878193,0.98992485,0.99220616,0.9917886,0.9889359,0.99281025,0.993111,0.99235445,0.99188477,0.99270916,0.99010414,0.9906218,0.98452,0.99408144,0.9896906,0.98486793,0.986002,0.99222636,0.98977745,0.98620206,0.9906612,0.9843618,0.9893748,0.968824,0.99015236,0.9848564,0.9882216,0.9893582,0.97638243,0.9855506,0.9849626,0.99219537,0.99012184,0.9886804,0.990996,0.98884845,0.98885834,0.9861474,0.99223316,0.99537843,0.99169636,0.98938924,0.9937714,0.9927497,0.98194885,0.9886595,0.9883713,0.96194434,0.98594534,0.98858917,0.9923397,0.99385583,0.99030846,0.99240834,0.9852173,0.9911033,0.9911689,0.9929007,0.9921986,0.9844357,0.9852068,0.9914677,0.9878406,0.9931871,0.98922056,0.98170614,0.9799836,0.98105454,0.992688,0.9915288,0.9811909,0.97638,0.98769414,0.99301374,0.9888491,0.98798555,0.9902099,0.9792911,0.99217176,0.98446894,0.9922283,0.9925507,0.9937951,0.98658925,0.988085,0.9888299,0.99223447,0.9879375,0.99116975,0.9938873,0.99172515,0.9874092,0.9929583,0.98677415,0.9915291,0.9905179,0.99160165,0.98713267,0.9891431,0.9906182,0.9928059,0.9871162,0.9939528,0.976854,0.98643804,0.98160595,0.9925888,0.99297994,0.99162984,0.99481755,0.99378407,0.99209636,0.9920108,0.99188536,0.98740536,0.9910633,0.99017626,0.97992235,0.9896806,0.99254656,0.98563826,0.98998696,0.993597,0.98907775,0.9851584,0.97937673,0.9920969,0.99066275,0.9901402,0.98965937,0.97607565,0.9928023,0.9836923,0.99370736,0.98867387,0.9877729,0.9930003,0.96236885,0.9949285,0.99031705,0.9900843,0.98551375,0.9938512,0.98407954,0.992032,0.99203473,0.99469185,0.9934908,0.9921941,0.9895313,0.9906755,0.99000114,0.98443013,0.9908892,0.98659384,0.990749,0.9807858,0.9856304,0.9931171,0.99296886,0.9928536,0.98777723,0.99246955,0.9934499,0.9937509,0.99443984,0.99177706,0.9945863,0.9940134,0.9950519,0.9865083,0.9901459,0.99055344,0.9939211,0.9867646,0.9940517,0.9916579,0.991453,0.9936222,0.98065877,0.9886001,0.985062,0.9895839,0.98875976,0.9941029,0.9901562,0.9903838,0.98478794,0.9902052,0.96892107,0.98986876,0.99040484,0.99380225,0.98443466,0.989384,0.98902446,0.9761921,0.99255896,0.9930631,0.99064094,0.97661537,0.98807055,0.9907931,0.9899184,0.99100745,0.98994595,0.99112695,0.9870292,0.9925266,0.9867241,0.9927906,0.9879107,0.99005586,0.98808557,0.99360085,0.99478626,0.9891934,0.993306,0.98806953,0.99478936,0.97249657,0.9896987,0.9991494,1.0000007,0.9909785,0.9987066,0.99464417,0.99030715,0.99073005,0.992958,0.9860211,0.99234617,0.99420255,0.98873276,0.9886855,0.98089874,0.9893128,0.9914169,0.99040216,0.9912538,0.9904755,0.9804232,0.9952177,0.9905032,0.9907411,0.9950681,0.9911281,0.99154496,0.9907388,0.99205464,0.9875668,0.9914194,0.99359715,0.99402183,0.9907952,0.99289304,0.99165654,0.97627807,0.96891606,0.98345
ipip218,0.9807058,0.983847,0.9818492,0.9826902,0.98247963,0.98132837,0.98395073,0.9843142,0.9869154,0.98366493,0.98595226,0.9821253,0.98540777,0.98308223,0.9819832,0.98465425,0.9849452,0.9819909,0.9853922,0.98470354,0.9860769,0.9804206,0.98563653,0.9851436,0.9829208,0.98657906,0.98610306,0.98641753,0.98434985,0.9855299,0.98403054,0.98847324,0.98301774,0.9848955,0.9804503,0.98598987,0.98497844,0.9807794,0.9846331,0.98512393,0.98649794,0.98912185,0.9846033,0.9831149,0.98189247,0.98371404,0.9858521,0.9795922,0.9836664,0.98232263,0.9846782,0.97463304,0.98468184,0.98429626,0.9852495,0.9886917,0.9744294,0.9854157,0.9831956,0.9875083,0.97904557,0.98296493,0.9816939,0.98106295,0.98187935,0.98315567,0.9837737,0.98648494,0.98260033,0.9864043,0.98080987,0.98707587,0.97915983,0.98289317,0.9858881,0.9724461,0.9856688,0.98439723,0.9885119,0.9866317,0.98270124,0.98373854,0.9839312,0.9792296,0.98553413,0.98222446,0.98419285,0.98554635,0.9823213,0.98296374,0.9836685,0.9831535,0.9840552,0.9802357,0.9775289,0.98112446,0.97923166,0.98846346,0.98158854,0.9810959,0.98500586,0.98247457,0.98145515,0.9845703,0.98435235,0.984915,0.98493063,0.980345,0.9882143,0.98212636,0.983536,0.9762352,0.9836821,0.98570585,0.9845697,0.9859222,0.9844104,0.9849734,0.9814068,0.9865433,0.9854042,0.9828893,0.9860427,0.9816958,0.9836507,0.9846631,0.9889419,0.9873497,0.98716146,0.98431563,0.9857533,0.9804869,0.9871138,0.98133487,0.98546886,0.985834,0.9853185,0.9921905,0.98545027,0.9797136,0.97953314,0.9850593,0.9842699,0.9840019,0.9831688,0.9805294,0.9824909,0.9830886,0.9901829,0.98418474,0.98460555,0.9849284,0.9857235,0.97906965,0.98021907,0.98679703,0.98723227,0.9859505,0.97744465,0.98162913,0.98733455,0.9864155,0.98027754,0.983042,0.98090255,0.97193855,0.9885472,0.9859954,0.9811705,0.98249906,0.982301,0.98462737,0.98087686,0.98465073,0.985734,0.98546416,0.98432314,0.98356086,0.98626363,0.9862338,0.9848202,0.98673123,0.98432815,0.98702127,0.9819309,0.9828348,0.98624617,0.9860164,0.98598117,0.987168,0.9855836,0.9862448,0.9867712,0.98543894,0.982949,0.9840848,0.98641443,0.9844726,0.98483014,0.9884281,0.98612595,0.98251635,0.9871212,0.986409,0.98481286,0.98471373,0.9849253,0.98240185,0.98867613,0.9877017,0.98581165,0.9801232,0.984449,0.98593247,0.98857987,0.98323816,0.98690027,0.97521937,0.98603773,0.9868262,0.98629874,0.98200697,0.98511916,0.985538,0.97752565,0.9842502,0.9828592,0.98630077,0.9816188,0.98439395,0.9867283,0.9826987,0.98145753,0.98069304,0.9830062,0.9838702,0.98476565,0.9841746,0.9875403,0.9869933,0.9851871,0.9857833,0.98653376,0.989949,0.98827165,0.9877997,0.9852742,0.9827893,0.97761035,0.9875711,0.99216497,0.9909785,0.99999934,0.99218106,0.99553823,0.9853829,0.9845383,0.98619694,0.9853566,0.9838077,0.98685825,0.98615825,0.9874765,0.9834893,0.98930305,0.98627055,0.9890899,0.98413163,0.98584396,0.98201966,0.9849384,0.99017465,0.98367774,0.9883317,0.9853029,0.98608935,0.9880577,0.98250157,0.9815529,0.9846875,0.98669463,0.986286,0.987083,0.9860512,0.988616,0.97570056,0.9780068,0.98163617
ipip248,0.9927114,0.98771024,0.9903428,0.98555946,0.9902945,0.9861161,0.9939808,0.98699415,0.9936701,0.9857834,0.9888951,0.9907775,0.98712,0.9853886,0.98334867,0.98890024,0.9908627,0.9863716,0.99116564,0.9892194,0.9921237,0.98765814,0.9926679,0.99321705,0.98837405,0.9925845,0.9872483,0.9922155,0.9883844,0.98984456,0.99202055,0.99272865,0.9885089,0.9923026,0.9927519,0.99234957,0.9925583,0.9924106,0.9908115,0.9907596,0.9854483,0.99384,0.9897425,0.98498344,0.9858375,0.9916499,0.9894696,0.985912,0.9902357,0.9850613,0.9892971,0.9692861,0.98984414,0.98553413,0.9879871,0.98929816,0.9759842,0.9856054,0.98514116,0.9922729,0.99006706,0.9884728,0.9911233,0.98848486,0.98855895,0.9864609,0.9922145,0.9952061,0.9909834,0.98983926,0.9935463,0.9930225,0.9820318,0.98855,0.9890181,0.96299565,0.98676306,0.9894555,0.99235266,0.9936201,0.9899107,0.99224883,0.98613125,0.9907499,0.99178356,0.99283093,0.992313,0.98547953,0.98517567,0.9907232,0.9880928,0.9931746,0.9897609,0.9819668,0.9801441,0.9814451,0.99176025,0.9913672,0.9813623,0.9763496,0.9887389,0.99290544,0.98929065,0.98905236,0.9909532,0.9797681,0.99182147,0.98438776,0.992454,0.9925075,0.9935073,0.98535043,0.98802304,0.98879176,0.99238497,0.98865396,0.99141073,0.994192,0.99156237,0.98834604,0.9931687,0.98721004,0.9919697,0.9906043,0.99182713,0.987458,0.9900775,0.99160415,0.9926054,0.9876942,0.99434423,0.9785706,0.9870374,0.98217607,0.99304616,0.9928075,0.99164003,0.9960508,0.9942027,0.9915397,0.9919265,0.9919744,0.9878506,0.99103117,0.99075025,0.98052824,0.98960274,0.9917834,0.98636776,0.9899132,0.9935792,0.9896048,0.9860327,0.9800655,0.99207526,0.9910693,0.9905523,0.9902202,0.9768309,0.99276584,0.9847737,0.9937997,0.9889164,0.987825,0.9924058,0.96414435,0.99541056,0.99060076,0.989473,0.9856468,0.99342996,0.984532,0.99181193,0.99232197,0.99429953,0.9932414,0.99255806,0.9896107,0.99071306,0.990923,0.98503566,0.99086636,0.98727727,0.9909449,0.98135024,0.98596233,0.9933121,0.99330217,0.9932073,0.98831016,0.99282753,0.9935273,0.99389845,0.9940058,0.9916742,0.99422795,0.9939068,0.9948133,0.98679304,0.9900337,0.9911319,0.9934908,0.9869704,0.9938696,0.9916094,0.9913501,0.99368846,0.98084295,0.9887529,0.9855081,0.99025023,0.9880767,0.9936583,0.99047434,0.99040604,0.98522073,0.9907437,0.96973425,0.99034953,0.991592,0.99406356,0.98473275,0.9898333,0.9895031,0.97699565,0.9926522,0.9929037,0.9914724,0.97745484,0.988135,0.99121636,0.9897164,0.9907154,0.9897662,0.99122286,0.9875104,0.99205524,0.986461,0.99279654,0.98819864,0.99020123,0.9882357,0.993448,0.9943867,0.9894556,0.9930245,0.98756844,0.99460965,0.9725059,0.9896091,0.9988072,0.9987066,0.99218106,0.9999996,0.995586,0.99084604,0.9907425,0.9929946,0.9863031,0.9919296,0.994112,0.98858887,0.989026,0.9819881,0.9896881,0.9911574,0.99131703,0.99100494,0.9908081,0.98055196,0.995406,0.99094766,0.9907333,0.9952382,0.9913192,0.99151367,0.99050295,0.9910487,0.9874646,0.991096,0.99260044,0.99350893,0.9899796,0.9922549,0.99108,0.97578555,0.96939987,0.9837542
ipip278,0.98597544,0.98610216,0.9858942,0.9842154,0.9863698,0.9836907,0.9883152,0.986537,0.9898827,0.984746,0.98796564,0.9858795,0.9864148,0.98390776,0.9824866,0.9866508,0.9874638,0.9846348,0.9879612,0.9871306,0.9892079,0.9844422,0.98874617,0.98876923,0.9854468,0.98986834,0.98714083,0.98919725,0.98655516,0.98748267,0.98740643,0.9907565,0.9854754,0.9883387,0.9857636,0.9896694,0.98849845,0.9860268,0.98699605,0.98797363,0.9865109,0.9916711,0.9870182,0.9842536,0.9836475,0.98727286,0.9870811,0.9827138,0.9872301,0.9840354,0.98766273,0.97331256,0.98806435,0.98576003,0.98664516,0.9891317,0.97617286,0.98604614,0.98458725,0.98980284,0.9847112,0.9861399,0.9869005,0.9841404,0.9842475,0.9844883,0.98810863,0.9902774,0.9861015,0.98871034,0.98648185,0.98945946,0.9806467,0.9860632,0.98734087,0.9676798,0.9863826,0.9865652,0.99029917,0.99000365,0.9863462,0.9876336,0.9848856,0.98459566,0.98980284,0.9870569,0.98784626,0.9852449,0.9842096,0.9872808,0.9852621,0.9877161,0.98698866,0.98206687,0.97920793,0.98142964,0.9853135,0.98976785,0.98147815,0.9796232,0.9872157,0.9872088,0.98550355,0.9860752,0.98790574,0.98230606,0.98847425,0.9818496,0.9904433,0.98709965,0.9884845,0.9810718,0.9861782,0.9879236,0.9884985,0.98777425,0.98754233,0.9895957,0.9866748,0.9872109,0.98901635,0.9857161,0.98877525,0.98621076,0.9881174,0.984288,0.9894275,0.9896518,0.98918325,0.9859232,0.9901042,0.9792209,0.9877901,0.9825041,0.9896769,0.98920494,0.98798305,0.9940115,0.9895445,0.98544484,0.98521304,0.9885192,0.9860595,0.9879208,0.9868536,0.9823874,0.9858302,0.9864325,0.9888669,0.98776746,0.98848677,0.9866552,0.9860043,0.98002535,0.98622036,0.9881437,0.98836184,0.9886942,0.9780552,0.98720366,0.98722374,0.9905287,0.985369,0.98544127,0.9867702,0.970723,0.99239385,0.98756653,0.986852,0.9853471,0.98747677,0.98576707,0.9868711,0.988646,0.9896809,0.98932016,0.9877995,0.9865819,0.98825157,0.9881076,0.98495656,0.9883564,0.98562473,0.9892691,0.98191404,0.98447305,0.9891842,0.98899114,0.98899424,0.98693895,0.9889152,0.98918974,0.989775,0.9890712,0.98720163,0.9886069,0.9897418,0.98909926,0.98554426,0.9887559,0.9892285,0.9874891,0.9878497,0.98995215,0.988069,0.98791915,0.98882324,0.98206615,0.98858577,0.9876392,0.9881081,0.9841574,0.98857445,0.9882029,0.98978597,0.9857394,0.9887363,0.9721224,0.987692,0.98857725,0.9903215,0.9840248,0.988031,0.98847306,0.97720665,0.98826313,0.98751724,0.9892592,0.97980136,0.98548687,0.98911804,0.9867165,0.9862616,0.98508495,0.98705,0.986295,0.9886276,0.98739547,0.9906228,0.98763716,0.9888323,0.9882833,0.99030477,0.99172616,0.98917234,0.9905984,0.9866228,0.9883676,0.97673583,0.99029666,0.9948849,0.99464417,0.99553823,0.995586,0.9999997,0.98914826,0.9877757,0.98981017,0.98767793,0.9876234,0.9901651,0.9874419,0.9893419,0.98464656,0.98960215,0.9892435,0.9896791,0.98704505,0.987698,0.98151505,0.98975396,0.99002916,0.9867763,0.99168384,0.987579,0.989012,0.9906715,0.986705,0.984296,0.98853415,0.98966545,0.99056876,0.98907787,0.9896766,0.9909719,0.9764703,0.97474027,0.98338103
ipip13,0.9902612,0.986947,0.9884471,0.9861026,0.98919004,0.9832706,0.99145174,0.98882765,0.99165696,0.9863656,0.9856898,0.98847383,0.9868956,0.98585504,0.98163235,0.98769265,0.99042344,0.98531157,0.9904861,0.98918945,0.991507,0.98920536,0.9896233,0.99120796,0.98545504,0.9902094,0.9882564,0.9918638,0.98687446,0.9873546,0.9909295,0.9899871,0.9854559,0.99146926,0.9896189,0.9888915,0.9914935,0.9898927,0.9894865,0.99001706,0.9853798,0.99032414,0.9895939,0.9847525,0.98457384,0.9902848,0.98860145,0.9842549,0.9900919,0.9858631,0.9888195,0.9719919,0.9889184,0.9881409,0.9822387,0.9888772,0.97652864,0.9837035,0.98412204,0.98895293,0.98925585,0.98892665,0.9909058,0.9877037,0.98627204,0.985196,0.9916533,0.989947,0.98815924,0.9865717,0.9891893,0.9892865,0.9805882,0.98696953,0.9869591,0.9647325,0.9868436,0.9895423,0.98817325,0.9888406,0.98678535,0.9917906,0.98671603,0.98802507,0.99164563,0.9907198,0.9913791,0.98527944,0.98111314,0.9887876,0.9859591,0.9909332,0.98928314,0.98629797,0.9791834,0.983476,0.9887589,0.9882896,0.9795709,0.97786623,0.9887966,0.99036586,0.98853457,0.9875147,0.99115855,0.9793854,0.99137753,0.98205245,0.9911116,0.9903554,0.99142504,0.9861021,0.9877735,0.9896406,0.99189377,0.9881073,0.99173045,0.9910748,0.9899147,0.9870859,0.9924698,0.989256,0.9919804,0.99015975,0.9911363,0.9853478,0.9910843,0.9904944,0.98595697,0.98818624,0.9905668,0.97818214,0.9864731,0.9843005,0.9899522,0.9901294,0.9871987,0.9900251,0.99133855,0.98883814,0.9888741,0.9900782,0.9866887,0.99016917,0.9895937,0.9804619,0.98863566,0.9883716,0.98198766,0.99069655,0.99120355,0.98800987,0.984605,0.9812512,0.991942,0.98828745,0.98886305,0.9887823,0.9805816,0.99236226,0.9848236,0.9928167,0.98821205,0.9856965,0.9898795,0.96033764,0.9921149,0.98856634,0.99052364,0.98855656,0.99061567,0.9847792,0.99085647,0.990919,0.9897774,0.99061686,0.9915777,0.9886479,0.98938805,0.99263304,0.98815,0.98878855,0.9885056,0.9894581,0.9784941,0.98853284,0.99415654,0.9941766,0.9942231,0.98876494,0.99342406,0.99275446,0.9926518,0.99052924,0.99135303,0.99164844,0.9936983,0.99232084,0.9870851,0.9889478,0.9934992,0.99228173,0.9893168,0.9933443,0.991665,0.9888765,0.99298215,0.9788725,0.98855656,0.9849526,0.9889436,0.9881351,0.99053085,0.9910525,0.9874375,0.9857779,0.98966616,0.96825415,0.99003696,0.99018776,0.990501,0.9852629,0.99145,0.9907882,0.976595,0.98908854,0.99304193,0.99341017,0.9792944,0.9842301,0.9943445,0.9904494,0.990143,0.9872005,0.9913518,0.98894334,0.9924994,0.9875453,0.99083596,0.9876996,0.99296975,0.9909321,0.9916832,0.98755795,0.9905267,0.9926579,0.9865019,0.99044335,0.97329044,0.9894744,0.99018157,0.99030715,0.9853829,0.99084604,0.98914826,0.99999917,0.9942467,0.99167997,0.9899126,0.99070853,0.994086,0.9895908,0.9935202,0.9899917,0.9879113,0.98981625,0.988636,0.9879674,0.98881114,0.9789168,0.9916958,0.98489165,0.9899108,0.9917906,0.9893656,0.9899385,0.9898083,0.98987156,0.98699015,0.9899204,0.98689735,0.9909322,0.9901333,0.9862604,0.9901614,0.9740405,0.9689863,0.9825534
ipip43,0.99162555,0.98987174,0.98985803,0.98680186,0.98936594,0.9843884,0.9919523,0.98975235,0.9926897,0.9864676,0.98451424,0.98795885,0.98649436,0.98750603,0.98142135,0.98666847,0.9905621,0.9877431,0.99078435,0.9912761,0.99342436,0.99044675,0.99047756,0.99278635,0.9862491,0.9919904,0.98968345,0.99370843,0.98786694,0.98793775,0.9898428,0.9895211,0.9861292,0.9902336,0.99104464,0.9881529,0.99150974,0.9902866,0.9903257,0.989648,0.9852409,0.9900467,0.9888532,0.98348415,0.9856314,0.9899136,0.987319,0.9849404,0.98883003,0.9859891,0.9889293,0.9743615,0.98815215,0.9911485,0.98610246,0.9886589,0.976579,0.98371667,0.98553675,0.98971814,0.9873107,0.9863407,0.9890479,0.9870123,0.9859414,0.9848302,0.990763,0.99039596,0.98752254,0.9867519,0.98895884,0.98803616,0.9811368,0.9855247,0.9858441,0.9636335,0.9846998,0.98807603,0.9881872,0.9882713,0.98618895,0.9909234,0.9842336,0.9883347,0.9900114,0.9902128,0.9903847,0.9873101,0.9814898,0.98827755,0.9847723,0.98962903,0.98856753,0.9828647,0.9791112,0.98162335,0.9878277,0.98658466,0.9774895,0.9750082,0.986609,0.9897193,0.9867458,0.9855893,0.9884694,0.9778114,0.99018896,0.98165226,0.98944557,0.9897451,0.9907962,0.9847046,0.98650736,0.98860925,0.99059576,0.986251,0.99023825,0.9898296,0.98978996,0.9864059,0.99200386,0.988607,0.9934807,0.99105644,0.9921854,0.9850218,0.99201435,0.990315,0.9878277,0.9897649,0.9897843,0.97855157,0.9861637,0.98450106,0.9892589,0.98954153,0.9883888,0.9901628,0.9911735,0.9885401,0.98806304,0.9906926,0.98883426,0.9906408,0.9887309,0.9828062,0.98805857,0.98819906,0.9819725,0.9902007,0.99018574,0.9864955,0.9819449,0.9797664,0.99067414,0.9869026,0.98663527,0.9869067,0.97880024,0.9912221,0.9840212,0.9908048,0.9872785,0.98446345,0.98931766,0.9588075,0.9909717,0.98734534,0.989803,0.9863108,0.98978746,0.9844724,0.99015206,0.9907944,0.9895509,0.98980707,0.9915475,0.9887192,0.9890864,0.9899734,0.98607004,0.9884125,0.9862245,0.98863083,0.9797844,0.98662466,0.9926514,0.99239993,0.9923596,0.98752207,0.9918656,0.9911703,0.9913427,0.9900979,0.9903252,0.99051875,0.99342334,0.9917701,0.9856541,0.9878333,0.99097526,0.99232453,0.98813707,0.99269456,0.9919962,0.98824,0.9917403,0.97918284,0.9883869,0.98504364,0.9897861,0.9870399,0.9900888,0.9897312,0.98730123,0.9847038,0.9883829,0.9686217,0.98910636,0.98835933,0.98939437,0.98230886,0.9896913,0.9887097,0.9750207,0.9880882,0.9917376,0.9914017,0.9798645,0.9851932,0.992248,0.98941535,0.9883786,0.9871146,0.98928577,0.988079,0.9901001,0.98470795,0.989456,0.9860936,0.9896023,0.9889777,0.9903802,0.9871979,0.9884094,0.99142903,0.98558676,0.98991644,0.97503114,0.9874481,0.99056655,0.99073005,0.9845383,0.9907425,0.9877757,0.9942467,1.0000007,0.99026585,0.9868307,0.98956096,0.99247205,0.9884443,0.9910356,0.98502475,0.9891554,0.98763895,0.98745435,0.98748094,0.98757625,0.97814375,0.9912997,0.9853046,0.98867315,0.9916066,0.98836,0.9877459,0.9873975,0.9883413,0.985869,0.98903453,0.9870834,0.9902214,0.9885035,0.985907,0.9889026,0.97375596,0.96831214,0.98122835
ipip73,0.99177295,0.98828924,0.98960775,0.987739,0.9915926,0.98519826,0.9925661,0.9876472,0.9939678,0.9871848,0.9858578,0.9908199,0.98654944,0.98450243,0.9826478,0.98743445,0.9900184,0.9873498,0.9905848,0.98833275,0.99171025,0.9891856,0.99419427,0.9947731,0.9889454,0.9900063,0.9880041,0.9906113,0.9858834,0.9867218,0.9924713,0.9900422,0.9875688,0.99258804,0.990858,0.9924552,0.99022216,0.99039024,0.9882187,0.99126095,0.98454565,0.991421,0.9909946,0.98320234,0.9859864,0.9917502,0.9905813,0.9866842,0.9911173,0.9847288,0.9909492,0.97119063,0.990907,0.98513436,0.9861973,0.98832595,0.97770774,0.9828306,0.98546684,0.9902524,0.9898335,0.99058366,0.99201345,0.99004495,0.98877764,0.9857923,0.99101526,0.9911588,0.990184,0.98583907,0.99217594,0.9919597,0.9803482,0.98837507,0.9873892,0.9608308,0.98492265,0.98790413,0.99080914,0.9919949,0.9889329,0.99192554,0.9854444,0.9886551,0.9902523,0.9914082,0.9903533,0.98244125,0.9812036,0.989736,0.9874111,0.99313956,0.9902114,0.98455095,0.9789954,0.98323387,0.9913289,0.991374,0.97832304,0.9753608,0.98664165,0.99356574,0.98909616,0.9878053,0.9907257,0.97794765,0.99057525,0.9859905,0.992202,0.99145794,0.9921908,0.9857509,0.98954314,0.9875014,0.9915442,0.9895251,0.9910468,0.99215883,0.99015373,0.9872668,0.9924901,0.987291,0.99212897,0.9907965,0.9918175,0.9864349,0.98914695,0.9892215,0.99065554,0.98657376,0.99387723,0.97836244,0.98920375,0.98356247,0.99250656,0.99143636,0.9898386,0.9913217,0.992263,0.99135447,0.9918925,0.9918464,0.98646694,0.9930011,0.9896003,0.9806729,0.9887007,0.99012244,0.98188716,0.9892402,0.9941124,0.99072874,0.98567677,0.98084784,0.99116004,0.99003255,0.9902447,0.99054486,0.9765352,0.9912906,0.9861306,0.9938145,0.9890788,0.9884938,0.99243075,0.9589913,0.99217325,0.9908485,0.9894663,0.98460627,0.99343944,0.98386663,0.98981905,0.9926533,0.9923737,0.99149626,0.9922238,0.9890922,0.9906494,0.98935765,0.98524207,0.9898346,0.9873977,0.9898829,0.97757775,0.9866902,0.9916462,0.9917185,0.99159867,0.988593,0.9907625,0.9917436,0.99184686,0.992504,0.99091554,0.992617,0.9933496,0.9924088,0.98715925,0.9893045,0.9911791,0.99292916,0.9877731,0.9923354,0.9915481,0.99193484,0.9936907,0.9777903,0.9880797,0.9851323,0.98877394,0.98724157,0.9924455,0.9916505,0.98907584,0.9859474,0.98854166,0.9638306,0.987561,0.98997176,0.99392027,0.9827728,0.98950195,0.99051356,0.9749377,0.9905034,0.9920539,0.99205655,0.9765391,0.9850946,0.99118686,0.9902227,0.9919931,0.98905474,0.99146426,0.987983,0.99370295,0.98814934,0.993474,0.9886028,0.9912623,0.990235,0.9918191,0.989059,0.9882295,0.9920234,0.9907418,0.99362695,0.97102666,0.9902311,0.9928506,0.992958,0.98619694,0.9929946,0.98981017,0.99167997,0.99026585,1.0000001,0.9874862,0.9915359,0.9925486,0.987794,0.9881913,0.98139715,0.9860832,0.990377,0.99135506,0.994069,0.99093515,0.9805283,0.9932744,0.9866256,0.99285865,0.9923461,0.9930139,0.9929605,0.9930702,0.99281114,0.9878956,0.9925485,0.9922541,0.9924071,0.9908568,0.9913589,0.98990536,0.9757337,0.9698772,0.9840317
ipip103,0.9845185,0.9846012,0.98423475,0.98367375,0.9852472,0.98153883,0.98522395,0.9860492,0.9882883,0.9838588,0.98419845,0.98427165,0.98498833,0.9854722,0.98107576,0.9847106,0.98540753,0.983749,0.98732823,0.985459,0.9862897,0.9849562,0.98786473,0.98727846,0.98336583,0.98848474,0.9856507,0.9859355,0.9848163,0.9847318,0.986567,0.9856464,0.9815499,0.986195,0.9835131,0.98658234,0.9854637,0.9825354,0.98461103,0.9852776,0.9839008,0.9885813,0.9881269,0.9839949,0.98432034,0.98813444,0.9878578,0.9817408,0.9877336,0.9853534,0.985368,0.97283125,0.98707813,0.983829,0.9821694,0.98602647,0.9761232,0.98259586,0.9834821,0.9849044,0.9827809,0.98651344,0.98538697,0.9848433,0.98229605,0.9834065,0.9857745,0.9849224,0.9831597,0.98414296,0.98362666,0.9882819,0.97945374,0.9860812,0.9850493,0.967533,0.98497003,0.98536456,0.985671,0.985171,0.9841259,0.98653513,0.9829714,0.98203707,0.98846704,0.98405266,0.9853186,0.9835045,0.9788677,0.98416185,0.9822435,0.9853733,0.98599476,0.98492724,0.97745436,0.98562527,0.9824983,0.9855131,0.9791431,0.9792236,0.98401475,0.9849676,0.98321843,0.9834171,0.9872421,0.9795619,0.98626155,0.9795173,0.9868448,0.9843112,0.985101,0.9815554,0.9862085,0.9868601,0.98583573,0.987347,0.9856877,0.9854356,0.9841322,0.98460156,0.98726064,0.9853391,0.9873993,0.9854509,0.9858601,0.98296237,0.9874352,0.9862334,0.9843595,0.9846787,0.98608005,0.97840536,0.987104,0.9829104,0.98532414,0.98704976,0.9847725,0.9860349,0.98464954,0.9827673,0.98298097,0.98728794,0.9847695,0.9873828,0.9858481,0.981064,0.9839045,0.9834683,0.98331267,0.98644316,0.98526496,0.98371214,0.98368615,0.98124135,0.98411584,0.98786765,0.9884756,0.9876628,0.9799355,0.9843923,0.9854873,0.9890111,0.9834488,0.9837657,0.98408353,0.96140987,0.98612094,0.9852885,0.9846201,0.98536134,0.98586655,0.98618853,0.9835095,0.9873249,0.98486125,0.9862391,0.98658115,0.9844367,0.98542196,0.9859436,0.9845267,0.98653597,0.98560596,0.98666966,0.9787426,0.9859943,0.9866738,0.98682696,0.9864721,0.98491955,0.9864207,0.9863212,0.9867806,0.9856827,0.98589396,0.9857512,0.987428,0.9870556,0.98406196,0.98763895,0.9865036,0.98411727,0.98784906,0.9870953,0.9885028,0.9874271,0.9864199,0.9778136,0.98642975,0.98451763,0.98530793,0.9828277,0.98510283,0.9875174,0.9849206,0.9849523,0.9859744,0.9690233,0.9860543,0.9848672,0.9868433,0.98104995,0.98682123,0.9876894,0.9752538,0.9832063,0.98496515,0.9873742,0.9784163,0.98151237,0.98705107,0.98552316,0.9852952,0.98283166,0.9864476,0.9854595,0.9871925,0.9857454,0.9885654,0.9883235,0.9895841,0.9911746,0.9869196,0.9841055,0.9876928,0.98828894,0.985678,0.9845358,0.97544396,0.9888424,0.9864478,0.9860211,0.9853566,0.9863031,0.98767793,0.9899126,0.9868307,0.9874862,1.0000006,0.98897445,0.9870217,0.98618424,0.9894441,0.98417914,0.9842304,0.9868554,0.9883479,0.9863059,0.9875561,0.98173714,0.9857697,0.98373854,0.98579806,0.9867623,0.9857206,0.9887709,0.9900282,0.9851801,0.9837129,0.9898705,0.9844564,0.986759,0.9863982,0.9839713,0.98693585,0.974396,0.97153896,0.9801578
ipip133,0.99245894,0.98668224,0.99042726,0.9849619,0.98959315,0.985837,0.9921862,0.9861096,0.9924487,0.98466516,0.9849825,0.991342,0.9870558,0.98541826,0.98467696,0.9887609,0.9908608,0.9877524,0.9910639,0.98743355,0.9912795,0.9886304,0.99176335,0.99228776,0.98658884,0.99026763,0.98436135,0.99083287,0.9874496,0.98770636,0.99197054,0.98893577,0.98711014,0.9904823,0.99173045,0.9888534,0.9904772,0.99050194,0.989964,0.98887014,0.98127574,0.99093884,0.9900349,0.98244405,0.98610854,0.9918444,0.9881374,0.9859275,0.9896295,0.9862977,0.98775995,0.9665207,0.98792017,0.9823622,0.9832238,0.9853264,0.9743932,0.9869848,0.98417586,0.98866165,0.9912006,0.988055,0.9917853,0.9896086,0.989091,0.9880152,0.9917407,0.9934539,0.98971266,0.9870218,0.99210465,0.991296,0.98141354,0.98631495,0.98770374,0.96140796,0.9840035,0.9872911,0.98829687,0.9902195,0.99449795,0.9915038,0.9843047,0.9914333,0.9916142,0.99179226,0.99072814,0.9835821,0.98250455,0.9904709,0.9883609,0.99299824,0.9904518,0.98320174,0.9786878,0.98115665,0.9914862,0.9887335,0.9794294,0.9753002,0.9869281,0.99240965,0.9901118,0.9889738,0.9914292,0.9797571,0.99159527,0.9868417,0.992074,0.9920508,0.9924685,0.9869099,0.9884391,0.98837227,0.99118096,0.9875759,0.99107414,0.99167794,0.9916851,0.98478365,0.9924342,0.986419,0.99062353,0.99057835,0.99070954,0.98770165,0.9870422,0.98892,0.9887041,0.9859399,0.990376,0.97666943,0.9856484,0.9822298,0.98933405,0.99188995,0.99101305,0.9887131,0.9913248,0.9916704,0.9924851,0.99581856,0.98754394,0.99284333,0.9912017,0.9811709,0.98953396,0.9903673,0.9805249,0.9896484,0.99212056,0.987415,0.98295516,0.98074365,0.991893,0.99028134,0.9898636,0.98716575,0.97736484,0.9921843,0.98148775,0.9921307,0.9883074,0.988626,0.9923033,0.95553565,0.9894793,0.98880327,0.989024,0.98479986,0.99174607,0.9837348,0.99044096,0.9918843,0.99114007,0.99058956,0.9918505,0.98820716,0.9884838,0.9894047,0.9854947,0.9883791,0.9864242,0.9881795,0.97726864,0.9857158,0.9919681,0.9920191,0.9918462,0.98516923,0.9915428,0.99132,0.991457,0.99173474,0.9914598,0.9919254,0.99210644,0.99295765,0.98397774,0.9872764,0.98835313,0.992697,0.9856087,0.991318,0.9918045,0.99042827,0.9925201,0.979339,0.98839384,0.984043,0.9878975,0.98840266,0.99136084,0.98885757,0.98637825,0.9865473,0.98806554,0.96654606,0.9884047,0.9897494,0.9915431,0.98180264,0.98918116,0.9901199,0.9739912,0.9893151,0.99194443,0.9906148,0.9773265,0.9871452,0.9903926,0.9899017,0.9914573,0.99130857,0.9906333,0.98615915,0.99158275,0.9849086,0.990703,0.988318,0.9900989,0.99050266,0.9908314,0.9892748,0.98793745,0.99283373,0.9867991,0.9919987,0.9685142,0.9877114,0.9921962,0.99234617,0.9838077,0.9919296,0.9876234,0.99070853,0.98956096,0.9915359,0.98897445,1.0000002,0.9916842,0.9861232,0.98761296,0.9780109,0.98615587,0.98847127,0.9890121,0.99025714,0.99019223,0.9795843,0.9921968,0.9856055,0.9887918,0.9904154,0.99006695,0.9913047,0.98864776,0.9907091,0.98787767,0.9922242,0.98925996,0.9915607,0.99080396,0.9887657,0.9888137,0.9733244,0.96596134,0.9811302
ipip163,0.9934301,0.9867634,0.9906745,0.9860156,0.99032915,0.9849467,0.9946845,0.9876267,0.99361634,0.98596215,0.9878086,0.9912777,0.987977,0.98478174,0.9829173,0.9899228,0.99124897,0.98656994,0.9912789,0.98990476,0.99275887,0.98910797,0.99228877,0.99264777,0.98722476,0.99187857,0.9881174,0.9928037,0.9881899,0.98978806,0.99366194,0.9914874,0.98932564,0.9928658,0.9929773,0.9910405,0.9934219,0.9930527,0.9917816,0.99080956,0.98591983,0.99309504,0.99075794,0.9878587,0.98368174,0.9916315,0.98840696,0.98519534,0.99041045,0.98574305,0.98879117,0.968647,0.990061,0.9857636,0.9847539,0.990514,0.97549486,0.9853381,0.98522997,0.99150145,0.99105334,0.98839647,0.9927762,0.98840916,0.98792547,0.98633945,0.99349827,0.99344766,0.9926661,0.9879425,0.9930288,0.9920164,0.98095447,0.9886816,0.9874856,0.9645048,0.9863142,0.99053055,0.9916636,0.99293363,0.989091,0.9938515,0.98642963,0.9909317,0.9912418,0.9936633,0.99302626,0.9853674,0.9822841,0.99108726,0.9878073,0.9937658,0.9899758,0.9833006,0.9794492,0.98172724,0.9920807,0.99112874,0.98075485,0.9778262,0.98982096,0.993904,0.98989046,0.9896263,0.99065983,0.98078626,0.9929722,0.98522574,0.9928914,0.9939287,0.99514693,0.9868878,0.9882797,0.9897503,0.9939697,0.9888113,0.99295944,0.99363333,0.9928745,0.9896225,0.99457806,0.9900566,0.9930963,0.9921431,0.99316365,0.98919713,0.99173254,0.992212,0.9904089,0.9894044,0.9935887,0.97778994,0.9869903,0.98220444,0.99244964,0.99285007,0.9904995,0.9931206,0.9953604,0.9927103,0.9923062,0.99187106,0.98750484,0.99147195,0.990537,0.9810109,0.9909098,0.9933298,0.983409,0.99137026,0.9946289,0.99018395,0.98395216,0.9807009,0.9943087,0.9905771,0.9899695,0.9902877,0.97864,0.9950374,0.9842958,0.9952101,0.99060637,0.9869661,0.9932589,0.961626,0.9941482,0.98996496,0.991241,0.98686576,0.9933959,0.9835359,0.9931849,0.99220425,0.9947643,0.99656236,0.9931256,0.9893095,0.99023914,0.9934038,0.98719037,0.9922368,0.98968184,0.9920821,0.98028207,0.9889137,0.9961295,0.99624586,0.9961651,0.9895242,0.99468625,0.99877226,0.9988846,0.99498266,0.9938476,0.9973023,0.99603504,0.99472076,0.98809487,0.9890836,0.9935076,0.9950404,0.98706067,0.9978101,0.9922895,0.9903634,0.9953588,0.9779922,0.98930514,0.9846478,0.99015933,0.990128,0.99446326,0.99132293,0.9905832,0.9852274,0.99150676,0.9669268,0.99005246,0.9918924,0.9932438,0.989351,0.99247193,0.9899148,0.9788445,0.9942951,0.9955058,0.99328727,0.9771468,0.98684597,0.9940237,0.9921883,0.9918414,0.9896357,0.99350554,0.98966545,0.992733,0.98732686,0.99284244,0.9887286,0.9917561,0.98987645,0.99670076,0.991005,0.9945127,0.9941415,0.98605734,0.99372315,0.9708985,0.98842263,0.9938755,0.99420255,0.98685825,0.994112,0.9901651,0.994086,0.99247205,0.9925486,0.9870217,0.9916842,0.99999976,0.9908649,0.9940056,0.98681676,0.98946416,0.9914969,0.99004394,0.98997474,0.9902554,0.97942567,0.9949796,0.98677814,0.9914935,0.99444205,0.9914058,0.99099296,0.9905182,0.9919893,0.9882605,0.991363,0.9905829,0.9946832,0.9907766,0.9900622,0.9925512,0.9738721,0.96693784,0.98266125
ipip193,0.98495144,0.98598444,0.9846251,0.98492056,0.98529214,0.98249966,0.98674,0.9860159,0.9909861,0.9855484,0.9849683,0.98524076,0.985478,0.9849849,0.9823583,0.9843682,0.9857513,0.9853058,0.9870931,0.98587275,0.9864578,0.9851078,0.98618966,0.9893643,0.9832809,0.9872669,0.99181634,0.9873192,0.9852388,0.9875122,0.99066937,0.98866063,0.9857126,0.9865818,0.98435944,0.9849762,0.98529106,0.98338586,0.9852794,0.9854284,0.98696524,0.9885979,0.9881958,0.98359865,0.9861773,0.98685545,0.9871489,0.98193234,0.9852284,0.9847296,0.98536897,0.9743929,0.9859363,0.98543435,0.9891496,0.9885705,0.9752432,0.9864321,0.98256594,0.98870426,0.98181003,0.98473525,0.98484784,0.9876179,0.9825288,0.9829785,0.9871135,0.9869614,0.9862,0.9866424,0.9825337,0.9857124,0.9798298,0.98299885,0.98514545,0.96726674,0.98433936,0.98472637,0.99367553,0.9931876,0.9843021,0.98623836,0.9832358,0.982307,0.9858683,0.984076,0.9856205,0.98409885,0.98192894,0.98595834,0.98174316,0.9843336,0.98401856,0.9821544,0.9787892,0.98278785,0.98218197,0.9921897,0.9790487,0.97931707,0.98392636,0.9876911,0.98305696,0.98371816,0.9856315,0.982445,0.98634446,0.9801975,0.9871922,0.9844141,0.9864028,0.9824167,0.9862438,0.9857822,0.986327,0.98596716,0.9852122,0.9848367,0.98559743,0.9844113,0.9876762,0.98571277,0.98884404,0.9874069,0.9844406,0.98818254,0.9892999,0.98868537,0.9917227,0.98637736,0.9845304,0.9778143,0.9853007,0.9825842,0.9835622,0.98810434,0.9866609,0.9888516,0.9864393,0.98220927,0.9824426,0.9863149,0.98493814,0.9868261,0.9853029,0.9814165,0.9845272,0.9863245,0.9867106,0.9875057,0.9882802,0.9878098,0.98217154,0.98179364,0.9852646,0.98577315,0.9861327,0.9844484,0.9793037,0.9861361,0.9840915,0.98756033,0.98337436,0.98395056,0.9831917,0.9611032,0.9870269,0.98510414,0.9835887,0.9827291,0.983407,0.9838238,0.98299474,0.9876868,0.99311954,0.98763525,0.9861748,0.9850291,0.98824567,0.98805064,0.9868568,0.99647844,0.9884798,0.99687797,0.9836691,0.9877608,0.98893374,0.98920393,0.9890639,0.98975396,0.98767823,0.99016595,0.9898938,0.99408823,0.9864895,0.9872939,0.98839915,0.986489,0.9875457,0.9884794,0.987331,0.9855555,0.9864255,0.9896789,0.98901755,0.9884088,0.9908178,0.9826822,0.98861325,0.98772746,0.98736715,0.98357236,0.99212414,0.9902503,0.9939946,0.9856556,0.98591435,0.9717651,0.98550874,0.9846411,0.9849714,0.98361903,0.9892584,0.9897302,0.9775759,0.9846906,0.9865012,0.9893579,0.98246443,0.98524296,0.9896503,0.98872405,0.9860497,0.98369294,0.9872198,0.98955655,0.9866111,0.9813679,0.9854659,0.985409,0.98656,0.9860736,0.98711807,0.9896769,0.9899894,0.98870164,0.9848183,0.983036,0.9754737,0.98477626,0.98903626,0.98873276,0.98615825,0.98858887,0.9874419,0.9895908,0.9884443,0.987794,0.98618424,0.9861232,0.9908649,1.0000002,0.9911599,0.9860314,0.98795223,0.985751,0.98459834,0.985218,0.9848674,0.9816667,0.9866378,0.9872895,0.9881036,0.98736364,0.98859274,0.98621935,0.98574525,0.9846403,0.9856441,0.98438376,0.99082375,0.9867373,0.9875,0.9897046,0.9879539,0.9781858,0.970586,0.9801659
ipip223,0.986259,0.98612714,0.9861008,0.9856128,0.9858352,0.982401,0.9885899,0.9896427,0.9905931,0.9855897,0.9863536,0.9859851,0.98636436,0.9847834,0.98267615,0.98612183,0.987436,0.984579,0.98834026,0.9883922,0.98864627,0.98742086,0.98700863,0.9888942,0.9837381,0.9892817,0.9899896,0.98924893,0.98654795,0.987396,0.98785114,0.98932517,0.9857306,0.9883356,0.9862575,0.9860585,0.9888709,0.9857768,0.9864651,0.98696935,0.9870098,0.9905015,0.9880508,0.9870954,0.9837343,0.9872123,0.98678315,0.98294723,0.9878944,0.98424906,0.98701555,0.97400826,0.9874704,0.98656213,0.98438567,0.9904614,0.9753842,0.98660725,0.9838631,0.98854905,0.98395705,0.985348,0.9867587,0.9849112,0.98345625,0.98385245,0.98997223,0.98826444,0.9871513,0.98893654,0.98488903,0.9876544,0.9798282,0.98551434,0.9856034,0.9727084,0.98674494,0.98821145,0.9890706,0.9885852,0.98562044,0.988857,0.98559767,0.98427695,0.9893168,0.98717886,0.9889669,0.9849282,0.9820634,0.98798335,0.98291516,0.9862956,0.98681206,0.9830372,0.9788461,0.9830741,0.98407346,0.9888901,0.9792467,0.9822134,0.9861422,0.9873707,0.9850958,0.98378235,0.9870845,0.9824342,0.98917675,0.98154044,0.99012667,0.9877779,0.9892743,0.98283225,0.9865525,0.9883629,0.98987967,0.9874576,0.9884229,0.9870849,0.98715365,0.9890793,0.9889935,0.9877605,0.98976856,0.98695916,0.9871311,0.985029,0.99215794,0.990427,0.9873337,0.98753303,0.98714674,0.9785902,0.98571736,0.98319554,0.98710024,0.9881841,0.9863796,0.9902265,0.9889828,0.984714,0.9838263,0.98790103,0.9851375,0.98788553,0.9860302,0.98232245,0.9866977,0.9873247,0.9866154,0.9895466,0.9885602,0.98665047,0.98349965,0.9807233,0.9882219,0.9867131,0.98774624,0.98763025,0.9808241,0.98940575,0.9851258,0.9897921,0.9850558,0.98361826,0.9853527,0.9627993,0.9902976,0.98615456,0.9861112,0.985458,0.9859219,0.9853817,0.9864488,0.9874236,0.9883094,0.9906412,0.98872757,0.9866141,0.98754567,0.9893983,0.9871771,0.98955387,0.98814666,0.9899725,0.98207724,0.98786247,0.99078166,0.99094516,0.9906748,0.98898846,0.9908072,0.99314153,0.9926439,0.9890269,0.9885987,0.99072075,0.9912663,0.98892754,0.9863411,0.989249,0.9916308,0.98782426,0.98980176,0.99281937,0.98908275,0.986343,0.9892203,0.98066247,0.9897267,0.9873382,0.98862803,0.9857495,0.98798597,0.98940754,0.989341,0.98396695,0.9890354,0.9730903,0.98840714,0.98685235,0.9871601,0.98716605,0.99018574,0.98933595,0.97942275,0.9876451,0.9889326,0.9903382,0.98246443,0.9844904,0.9912102,0.9882642,0.9862878,0.98471063,0.9884197,0.987827,0.98838395,0.98488367,0.98836046,0.9867879,0.98928416,0.98935,0.9914586,0.98749495,0.99265766,0.99114823,0.98532796,0.98595095,0.9769478,0.98695767,0.98878646,0.9886855,0.9874765,0.989026,0.9893419,0.9935202,0.9910356,0.9881913,0.9894441,0.98761296,0.9940056,0.9911599,0.9999991,0.99069077,0.98905724,0.9888257,0.98783284,0.9856461,0.98699164,0.9814833,0.9891406,0.98741496,0.98654956,0.99033725,0.98724145,0.98790157,0.98819816,0.9861929,0.98485124,0.98709214,0.987219,0.99026656,0.9895267,0.9868448,0.99069387,0.9766418,0.9729469,0.9823958
ipip253,0.97621965,0.9819487,0.9771192,0.98161864,0.97960037,0.9764541,0.97938406,0.9838784,0.98293227,0.98236024,0.9795878,0.9771972,0.9813257,0.97967184,0.97607076,0.97985435,0.980548,0.9773133,0.98155046,0.9814614,0.9813797,0.97979766,0.97901875,0.98118734,0.97865665,0.9827534,0.986265,0.98294526,0.9789603,0.9816868,0.9809978,0.98369634,0.97804534,0.9818541,0.97580534,0.9801964,0.9810225,0.9759719,0.9798292,0.9811024,0.9831802,0.98208845,0.9823236,0.98237246,0.97892964,0.9808967,0.9836146,0.97573316,0.9804564,0.9783527,0.98147196,0.9760726,0.9818092,0.98447126,0.97792065,0.98763275,0.9716524,0.9807434,0.9799915,0.9834035,0.9747471,0.98016053,0.9783188,0.9777363,0.9771057,0.97713846,0.9813864,0.97923493,0.9806177,0.9826728,0.9741744,0.979257,0.97574,0.9797398,0.97964764,0.9678406,0.98039895,0.97990555,0.98289436,0.9807613,0.97669727,0.9798266,0.9793795,0.9735455,0.98000747,0.9781827,0.9807976,0.9805405,0.97652644,0.9783983,0.97656745,0.9773026,0.9793509,0.9799482,0.9743103,0.9821389,0.9744487,0.9843472,0.97733676,0.9812204,0.98111415,0.9776459,0.97748077,0.9775661,0.97962856,0.98050827,0.9806584,0.974754,0.9838857,0.97823817,0.97959423,0.9737703,0.9797375,0.98231137,0.981599,0.9812552,0.98068815,0.98005754,0.97693515,0.98265487,0.9814364,0.98315334,0.9835758,0.9786663,0.97985876,0.97952884,0.9878692,0.9840941,0.97950244,0.98271203,0.9800942,0.97519004,0.98064214,0.9782407,0.97937936,0.9802436,0.9780815,0.9843891,0.9801682,0.97475743,0.97306556,0.9796481,0.97892785,0.97987735,0.97817194,0.9774413,0.97835827,0.980895,0.9822229,0.9823047,0.9794606,0.97912246,0.9796463,0.9768168,0.9782875,0.98021555,0.98065734,0.9821969,0.97666323,0.9796032,0.9819749,0.98206383,0.9780689,0.9779024,0.9761306,0.9644219,0.9833977,0.9813326,0.97981924,0.9810997,0.9767814,0.9814696,0.9776003,0.97865903,0.980388,0.9825298,0.98112845,0.9814075,0.9833577,0.9853972,0.98276573,0.98401034,0.9848205,0.9846427,0.9789377,0.9826058,0.9841117,0.9842052,0.9842189,0.98523104,0.9829615,0.9853213,0.9852031,0.9809741,0.97975427,0.98125917,0.98485297,0.98013,0.9842922,0.98679584,0.98755115,0.9797117,0.986716,0.9865231,0.9825821,0.9806523,0.98164535,0.9774261,0.9852418,0.98217016,0.9830999,0.9767161,0.9803163,0.9837808,0.9852606,0.9795759,0.98318106,0.97079533,0.98281986,0.9804695,0.9790368,0.9821466,0.9846157,0.98255754,0.9750631,0.9787836,0.9809036,0.98472476,0.9798076,0.97713566,0.9863797,0.9816458,0.97876936,0.97523457,0.98101515,0.9839889,0.9814275,0.981089,0.98169655,0.9815212,0.9828196,0.9832528,0.98375976,0.98185676,0.98746204,0.9849099,0.9795867,0.97577983,0.97542185,0.9820877,0.98109955,0.98089874,0.9834893,0.9819881,0.98464656,0.9899917,0.98502475,0.98139715,0.98417914,0.9780109,0.98681676,0.9860314,0.99069077,1.0000002,0.9850996,0.98287016,0.9810567,0.9781542,0.98052585,0.9774113,0.98019844,0.98211074,0.97997254,0.983285,0.9808503,0.9818211,0.9831975,0.97827,0.9793112,0.9793061,0.9794053,0.981801,0.98406214,0.9789734,0.98494065,0.9758272,0.9736478,0.97830945
ipip283,0.983824,0.9872263,0.98658013,0.98649544,0.98538274,0.9825085,0.987363,0.98748285,0.98873746,0.9872847,0.9851064,0.98371685,0.9872618,0.9847165,0.9839651,0.98628986,0.98794824,0.9839182,0.98683757,0.9870319,0.9878746,0.98408705,0.9857743,0.9876833,0.98378325,0.98866934,0.9884228,0.98910123,0.9848481,0.9864833,0.9852836,0.9905569,0.9848667,0.98587793,0.9842293,0.9859952,0.9882219,0.9844511,0.98749393,0.9857178,0.98661107,0.9895828,0.9868919,0.9821764,0.98415387,0.9861673,0.98652065,0.9819199,0.98427397,0.98294425,0.9868255,0.9791537,0.9860876,0.98651737,0.98738533,0.9907102,0.9766785,0.9855837,0.98666626,0.9916942,0.98009694,0.98350406,0.9826313,0.983577,0.9823645,0.9852756,0.9868454,0.9914574,0.98378754,0.9898892,0.98208475,0.9846696,0.9802229,0.9834069,0.9848804,0.9707622,0.9834912,0.9835629,0.98965997,0.9870222,0.98316675,0.98533326,0.982102,0.9818008,0.98555917,0.98455054,0.985845,0.98730665,0.98299235,0.9854001,0.9826795,0.98362154,0.9838951,0.9799469,0.9787064,0.9820562,0.98105055,0.9876029,0.97981,0.97989476,0.9857182,0.98341393,0.98206115,0.9839077,0.9836634,0.9837589,0.9859449,0.98205024,0.98782134,0.98428833,0.9852119,0.97836936,0.9835115,0.98719805,0.9859113,0.9842275,0.9856545,0.98545563,0.98367155,0.98486656,0.9868321,0.9850705,0.9883981,0.9837632,0.98621446,0.9852135,0.98992485,0.9876001,0.9876948,0.98630375,0.98552644,0.98009473,0.98438865,0.9831489,0.98549944,0.9851047,0.9856958,0.9918765,0.9856666,0.9802019,0.9810815,0.9861792,0.98621774,0.98515457,0.9850325,0.98254675,0.98328966,0.9842757,0.9888162,0.9857192,0.98479104,0.98308134,0.98141885,0.9788422,0.98314816,0.9847709,0.98460233,0.98330605,0.97788674,0.98451287,0.98407125,0.9863005,0.9828756,0.9826711,0.98206866,0.9664131,0.9882301,0.98475015,0.98353386,0.98312145,0.98337173,0.9838195,0.9827571,0.9855429,0.9862966,0.98658186,0.98671997,0.98536605,0.9865873,0.9882868,0.9873212,0.987627,0.9837779,0.98765475,0.98548406,0.9837272,0.98963517,0.98916405,0.9892558,0.98595613,0.9881381,0.98815477,0.9884963,0.98645926,0.9848909,0.98536974,0.9876469,0.9865423,0.98424137,0.98881596,0.9869732,0.985453,0.98760104,0.9875408,0.9865884,0.9856541,0.98659074,0.9824141,0.98941034,0.98712194,0.9870021,0.98238844,0.9859848,0.9865794,0.98872757,0.98374945,0.9860453,0.97752506,0.98663896,0.98493505,0.98488826,0.9820268,0.9862405,0.98591775,0.977586,0.98476845,0.9857895,0.98826677,0.9832737,0.9857285,0.9903514,0.985138,0.9840563,0.9837564,0.9840409,0.98524606,0.98508745,0.98186064,0.98629344,0.98568755,0.98432595,0.9854198,0.98670906,0.98836595,0.9886563,0.98912066,0.98498404,0.98294806,0.9786685,0.984067,0.98976225,0.9893128,0.98930305,0.9896881,0.98960215,0.9879113,0.9891554,0.9860832,0.9842304,0.98615587,0.98946416,0.98795223,0.98905724,0.9850996,1.0000006,0.9858788,0.98514414,0.9841517,0.98436433,0.9821149,0.98646635,0.9910901,0.9841297,0.9886352,0.98581994,0.98594534,0.98616314,0.9830967,0.9831038,0.9844271,0.9872783,0.98684835,0.98979294,0.9862397,0.9880925,0.9777944,0.9765651,0.9820975
ipip18,0.9899665,0.98648554,0.98805475,0.9857693,0.989012,0.9841234,0.9912735,0.9883927,0.99106544,0.985934,0.98698306,0.9901801,0.98853004,0.9856756,0.9824866,0.9888975,0.9887894,0.9843279,0.9891291,0.9888726,0.98917013,0.9881843,0.9906357,0.98912984,0.9856385,0.9891466,0.985937,0.98845285,0.9855099,0.9864812,0.9898558,0.9902451,0.98659766,0.9895911,0.98982227,0.9909416,0.9886508,0.988218,0.9870684,0.988309,0.986093,0.99072176,0.9882371,0.9847875,0.98376423,0.9890017,0.9865144,0.9831574,0.9894594,0.98398906,0.9876566,0.97086644,0.9940799,0.98441803,0.9832728,0.9900459,0.97825944,0.98295534,0.98628163,0.98951405,0.98719,0.98772115,0.98990905,0.98530555,0.985505,0.98392624,0.9901878,0.98891515,0.98793703,0.9859645,0.9913013,0.99146014,0.98364747,0.99215645,0.9874886,0.9658324,0.98501617,0.987568,0.9887627,0.98957044,0.9878753,0.990919,0.98452,0.9863689,0.9885212,0.9901113,0.989451,0.9836023,0.98187625,0.98877525,0.98666954,0.9895853,0.98974854,0.9831765,0.97889745,0.98332083,0.99064046,0.9874268,0.9797152,0.9771514,0.98696727,0.9895537,0.98769987,0.985813,0.98843706,0.977898,0.9898964,0.98320836,0.990554,0.9913136,0.9921472,0.9862753,0.9894421,0.9874861,0.99065006,0.9888631,0.98970586,0.9893358,0.9882416,0.9877652,0.9910429,0.98876506,0.99023956,0.9890244,0.98964006,0.98329824,0.98870194,0.99063647,0.9860125,0.98704153,0.9921936,0.9744831,0.988055,0.9815988,0.99186146,0.9934791,0.98888665,0.99255335,0.9925919,0.9897905,0.9878852,0.98953164,0.9848191,0.9900836,0.9877894,0.98282516,0.9872581,0.9879209,0.9839651,0.98777014,0.99003935,0.9863352,0.982495,0.98101944,0.9900589,0.9894987,0.989335,0.9915243,0.9801352,0.99044544,0.9863949,0.99302846,0.9873947,0.9875688,0.9907831,0.96302587,0.9924648,0.9868453,0.9878934,0.9858808,0.9907876,0.9838844,0.98837864,0.988816,0.98927885,0.9920159,0.9895734,0.98854303,0.98726285,0.9884718,0.982893,0.98785573,0.98695326,0.9881722,0.97900105,0.9894187,0.99054104,0.9910089,0.99047804,0.9850446,0.98922575,0.9911039,0.99091595,0.9893298,0.98980975,0.9919254,0.99083227,0.9910407,0.98417175,0.9868172,0.9904784,0.9896039,0.98701185,0.99144256,0.9893782,0.98723394,0.9907124,0.9761166,0.98724663,0.98338884,0.9885124,0.9855518,0.98851234,0.9903766,0.987287,0.98242193,0.9882229,0.96431714,0.98708576,0.9881144,0.99068874,0.985392,0.9906405,0.98760885,0.9784662,0.9900039,0.99112725,0.98974985,0.9742234,0.9840002,0.9893922,0.9903172,0.9894855,0.9866093,0.9911656,0.9876899,0.9899188,0.98855096,0.99131,0.9877744,0.9895902,0.9869285,0.99192554,0.98677385,0.9887222,0.990637,0.98735845,0.99067354,0.9743444,0.9901037,0.99110603,0.9914169,0.98627055,0.9911574,0.9892435,0.98981625,0.98763895,0.990377,0.9868554,0.98847127,0.9914969,0.985751,0.9888257,0.98287016,0.9858788,1.0000008,0.99072874,0.988066,0.99021125,0.9847415,0.9929017,0.9886396,0.989091,0.992703,0.99077535,0.99080986,0.9907967,0.9892736,0.9859741,0.9889315,0.9881556,0.99222535,0.9889923,0.9875865,0.9914077,0.9768144,0.9718706,0.9848959
ipip48,0.9878732,0.9861252,0.9869526,0.98432666,0.9873104,0.983835,0.9885994,0.9854869,0.9895894,0.98393893,0.9853986,0.987705,0.98724693,0.9844223,0.9834884,0.986756,0.9876564,0.98490006,0.9889987,0.9860503,0.9902742,0.9865206,0.99334675,0.9891457,0.9870703,0.98879564,0.9843183,0.98870605,0.9851116,0.98568153,0.98898923,0.9877287,0.98516554,0.9885966,0.9861621,0.99160933,0.9877908,0.98605925,0.9872861,0.9872015,0.9851255,0.9900324,0.98736477,0.98416156,0.9834712,0.98853576,0.98776364,0.9838139,0.98748136,0.9842561,0.9868788,0.9708068,0.9878163,0.9827909,0.98398834,0.9879559,0.976703,0.9829244,0.9841918,0.9874389,0.9856556,0.98658156,0.9876788,0.9847402,0.9869212,0.98613137,0.98793334,0.98806864,0.9866862,0.9843144,0.98948514,0.9940391,0.981685,0.9881874,0.98689234,0.9690152,0.98685414,0.98901165,0.9875395,0.98704,0.9874731,0.9896532,0.9852549,0.9854588,0.9889896,0.9876637,0.9873844,0.98392916,0.9806511,0.9859244,0.9863482,0.98840326,0.9876698,0.9827906,0.9777257,0.9816583,0.9858412,0.986282,0.9785186,0.9770871,0.9866298,0.98840225,0.9869482,0.98784703,0.98760885,0.9804099,0.9876645,0.98481137,0.98945594,0.98739696,0.988644,0.98313385,0.98734343,0.9877551,0.98859215,0.9922563,0.98860556,0.9891064,0.9857644,0.98848015,0.99106485,0.9874955,0.9906879,0.9878067,0.9889938,0.9856292,0.98935246,0.9888001,0.98682684,0.9859585,0.992104,0.98198134,0.99009377,0.9821739,0.9912515,0.9914535,0.98959,0.9917996,0.98963207,0.9875075,0.9865536,0.9896401,0.9859897,0.9901377,0.98706836,0.98201936,0.987117,0.98738426,0.9853219,0.9857101,0.9895872,0.9885564,0.9859967,0.98175615,0.98713654,0.9934763,0.9938245,0.99198043,0.9783335,0.9870493,0.98861825,0.9917046,0.9858437,0.98828775,0.98835003,0.96466,0.99082166,0.9890048,0.98554784,0.9843621,0.99016064,0.9861144,0.986115,0.9898882,0.98766184,0.98973536,0.98867536,0.9863226,0.9883404,0.9881522,0.9843221,0.98696536,0.9865783,0.98698336,0.9784058,0.98869395,0.9895947,0.98948973,0.9895032,0.9872569,0.98869306,0.9897433,0.99013877,0.9876828,0.9888075,0.9893934,0.9904039,0.9887275,0.9847297,0.9868524,0.9889927,0.9874103,0.98637974,0.9899528,0.98902065,0.9883323,0.98883283,0.9779317,0.98844033,0.98448503,0.98737234,0.98432,0.9871922,0.9904974,0.9860653,0.98378,0.98923814,0.9663513,0.98649824,0.9890792,0.9935349,0.9828263,0.9875736,0.98740774,0.97712886,0.9879797,0.98805016,0.98832136,0.97604465,0.9839421,0.98797524,0.98642206,0.98747313,0.9854416,0.9870656,0.98537964,0.9897476,0.98827064,0.99347395,0.99319494,0.98920256,0.98878276,0.98987883,0.98667675,0.9894239,0.98993987,0.98821473,0.9911877,0.9751687,0.9914257,0.99061537,0.99040216,0.9890899,0.99131703,0.9896791,0.988636,0.98745435,0.99135506,0.9883479,0.9890121,0.99004394,0.98459834,0.98783284,0.9810567,0.98514414,0.99072874,0.9999999,0.9916618,0.9948993,0.9837063,0.9902387,0.98809856,0.9888419,0.9923581,0.9893686,0.9935386,0.99393064,0.98872125,0.98534465,0.9910449,0.98710215,0.98866385,0.9875699,0.98610264,0.98869437,0.97459763,0.97109556,0.98219824
ipip78,0.9894636,0.98590606,0.98780644,0.98395616,0.9880268,0.98366874,0.98967093,0.98522556,0.99148643,0.98361135,0.983027,0.98802084,0.9837829,0.9820735,0.98151267,0.98413974,0.9863466,0.9843483,0.9877468,0.98445785,0.98794717,0.98687994,0.9919434,0.99273056,0.9877356,0.98767567,0.98455065,0.9872182,0.9831231,0.98409957,0.99024034,0.9865571,0.98482966,0.9900376,0.9879332,0.9898058,0.98646325,0.9869984,0.9858654,0.9874952,0.98135924,0.98901707,0.98803395,0.9800831,0.98355424,0.98974615,0.98916197,0.9873075,0.9873929,0.98185134,0.9863297,0.96674013,0.9869012,0.981333,0.98725444,0.98497784,0.97422713,0.9808146,0.98150045,0.98678267,0.98707235,0.9881719,0.98890203,0.9873091,0.98677284,0.98563373,0.98783636,0.99117035,0.9895897,0.98527914,0.9898434,0.99075794,0.98114413,0.98549926,0.98565567,0.9607371,0.98313844,0.98572856,0.98780966,0.98891014,0.9876272,0.9893637,0.98228574,0.98608845,0.9872595,0.9873623,0.9865451,0.980036,0.9789622,0.9868246,0.9847978,0.990352,0.9860994,0.9819647,0.9782478,0.98001313,0.98831785,0.9885412,0.97631603,0.9737402,0.98404825,0.9905308,0.9872874,0.98598325,0.9868706,0.9775412,0.98809016,0.9854814,0.99028814,0.9881526,0.9886702,0.98312074,0.9857444,0.9859727,0.9875897,0.98759174,0.9883557,0.98954725,0.9865302,0.9852754,0.9899587,0.9844037,0.9897145,0.98746693,0.9876186,0.9850523,0.9874123,0.98564285,0.9914276,0.98368824,0.9907587,0.978914,0.9863178,0.9817042,0.989283,0.9894361,0.98968023,0.9894926,0.98873395,0.9889514,0.9882595,0.98907727,0.98483115,0.99072504,0.9866304,0.97739214,0.9867742,0.98978674,0.98057806,0.98573834,0.99186677,0.98865587,0.98630375,0.98226875,0.98804194,0.9893678,0.9896609,0.9887331,0.97450525,0.9881018,0.9828948,0.9907818,0.9849202,0.9896248,0.98996663,0.9551859,0.98873734,0.9915162,0.98539865,0.98116547,0.99078363,0.98216283,0.9865292,0.9905719,0.9902779,0.9892745,0.9909549,0.9868198,0.99065125,0.9873898,0.9835223,0.9883728,0.9862149,0.9875654,0.9778539,0.98418486,0.98905295,0.9893794,0.98900527,0.9867976,0.98774886,0.9894595,0.989387,0.9901664,0.98835814,0.98991233,0.990875,0.9890878,0.9839714,0.9871419,0.9882122,0.99003494,0.9850778,0.98952115,0.98880786,0.99009347,0.9908561,0.9772523,0.9869276,0.98218894,0.9862063,0.98479134,0.9897784,0.989071,0.98598886,0.9814437,0.9873309,0.96478707,0.98576206,0.98668385,0.9919708,0.9804892,0.9862142,0.9871103,0.9731847,0.9872795,0.9890398,0.9882716,0.9757376,0.9843887,0.98832035,0.98648995,0.98961663,0.9871403,0.98671234,0.98464507,0.9913551,0.9849924,0.9908223,0.9888779,0.9889851,0.9886535,0.9885832,0.9877093,0.98709637,0.99099445,0.988371,0.9919293,0.97042054,0.98822325,0.991119,0.9912538,0.98413163,0.99100494,0.98704505,0.9879674,0.98748094,0.994069,0.9863059,0.99025714,0.98997474,0.985218,0.9856461,0.9781542,0.9841517,0.988066,0.9916618,0.99999917,0.99139524,0.98047596,0.9899886,0.9857032,0.98937136,0.9899894,0.9892252,0.99147004,0.99151736,0.99139076,0.98827356,0.99276966,0.9916273,0.98907155,0.98877054,0.99096847,0.986686,0.9735857,0.9665774,0.9794998
ipip108,0.98857254,0.9869804,0.9873431,0.984084,0.98794043,0.9847891,0.98843503,0.98511815,0.9897642,0.9837518,0.98430336,0.98866045,0.98697567,0.98470354,0.9824693,0.9864484,0.9872943,0.9848415,0.9893211,0.986345,0.99011225,0.987842,0.9927844,0.989263,0.9881588,0.98871684,0.9833826,0.9888789,0.98553586,0.9869219,0.98982525,0.98723334,0.98600054,0.98927265,0.98759884,0.9909627,0.9873746,0.98624766,0.9880985,0.9874417,0.9838774,0.9895164,0.98772776,0.9843636,0.9847074,0.98961425,0.98738223,0.9838278,0.9878576,0.98541504,0.98544014,0.9675048,0.98747736,0.98182726,0.9837858,0.98737997,0.976584,0.9833742,0.983626,0.98736316,0.98785174,0.9882761,0.9885886,0.9862457,0.98879397,0.98673,0.9883992,0.98900205,0.98803276,0.984934,0.99021244,0.9937274,0.98301524,0.98824555,0.987828,0.96618253,0.9851898,0.9875721,0.98717475,0.987709,0.98827434,0.99027807,0.98394346,0.9866025,0.98852795,0.98845315,0.98843366,0.98378843,0.98137957,0.98643017,0.98679626,0.9891149,0.9892125,0.9843206,0.9792167,0.9822475,0.98683214,0.9874848,0.98007643,0.97693944,0.9874914,0.98984724,0.99102277,0.9880601,0.989062,0.9806581,0.9883796,0.9860581,0.9915135,0.98859054,0.98924404,0.9853586,0.9876799,0.9885412,0.9897102,0.9922197,0.9899071,0.9902308,0.9872969,0.98826534,0.991388,0.9886808,0.9898445,0.9886733,0.98905885,0.9855223,0.9874197,0.9873018,0.987166,0.98585725,0.9911823,0.97869456,0.98907477,0.9834252,0.9900772,0.9912987,0.98961407,0.9894033,0.9885521,0.9875781,0.98803717,0.9909167,0.98670256,0.9905727,0.98842484,0.9823742,0.98795205,0.988551,0.98337275,0.9866099,0.98994213,0.9881031,0.9857594,0.98168653,0.98850495,0.99310964,0.9930335,0.99087477,0.9790215,0.9882898,0.9866307,0.9919499,0.9866539,0.9890727,0.98903024,0.96057874,0.9895866,0.98875856,0.987286,0.9845401,0.9900483,0.98519886,0.98685455,0.9901443,0.9885205,0.98968786,0.98922265,0.9866649,0.98787314,0.987601,0.9848738,0.98766583,0.98623824,0.9873788,0.9784735,0.9884218,0.98962855,0.9895692,0.9894156,0.9861286,0.98892534,0.98954654,0.99019283,0.98881155,0.9894501,0.98952025,0.990298,0.98926,0.98408306,0.98594916,0.987614,0.9880546,0.98558164,0.9900268,0.9894828,0.9888209,0.98934925,0.97852916,0.9878641,0.9835913,0.98717076,0.98543143,0.9880846,0.9898627,0.9855255,0.9842048,0.9875376,0.9670012,0.98794526,0.98894465,0.992084,0.98279554,0.98797333,0.98740643,0.9759025,0.9879949,0.98871136,0.9886943,0.9761696,0.98513705,0.9879439,0.987315,0.9882596,0.9864637,0.98857075,0.98567426,0.989698,0.9867183,0.9927559,0.9915558,0.98946553,0.9884641,0.99011034,0.987351,0.9883566,0.9898855,0.98792857,0.99069136,0.9727309,0.9890063,0.9905729,0.9904755,0.98584396,0.9908081,0.987698,0.98881114,0.98757625,0.99093515,0.9875561,0.99019223,0.9902554,0.9848674,0.98699164,0.98052585,0.98436433,0.99021125,0.9948993,0.99139524,0.9999998,0.9833197,0.99058026,0.98713326,0.98892015,0.99240464,0.9899788,0.99305737,0.9918645,0.9888152,0.9862185,0.9914713,0.987686,0.9887002,0.9874212,0.98665357,0.98788494,0.9740768,0.9680225,0.9810579
ipip138,0.97631425,0.9831207,0.9808749,0.9815089,0.97867686,0.97988915,0.97756255,0.9803526,0.9813434,0.9811202,0.98043966,0.98331386,0.9823844,0.98159444,0.9816292,0.97989845,0.9792321,0.9786423,0.9811973,0.9790727,0.9794804,0.9788589,0.98109406,0.97984254,0.9797939,0.98000383,0.9815903,0.97923756,0.97937703,0.98010254,0.9794705,0.98199683,0.97890055,0.97912604,0.9746763,0.98006904,0.9762714,0.97258925,0.97775525,0.9792027,0.98113436,0.9819261,0.9818536,0.97922015,0.983202,0.97986656,0.98171335,0.9775139,0.97962207,0.9798269,0.9786869,0.9741746,0.9822059,0.97800314,0.98123795,0.9844775,0.97438776,0.9817677,0.9833033,0.9820979,0.97277546,0.98327136,0.97683614,0.98031586,0.97656375,0.9831138,0.9783108,0.9787919,0.9785438,0.9811599,0.97519374,0.9824416,0.9820618,0.980009,0.98355114,0.9717541,0.9794693,0.9789274,0.982405,0.98078746,0.98063177,0.98115164,0.97817814,0.9738486,0.97993845,0.9757373,0.9778692,0.9808688,0.979575,0.9779333,0.9794981,0.97569984,0.97959816,0.98007137,0.9787081,0.9799315,0.97388613,0.9810044,0.97872686,0.97815484,0.9786409,0.9776785,0.9773799,0.9780157,0.9791983,0.9794123,0.9779832,0.9767754,0.980907,0.9769373,0.97762966,0.9772492,0.9872793,0.9815677,0.97800726,0.9838453,0.9785373,0.97731906,0.9750343,0.98041743,0.9786287,0.9789604,0.9823178,0.9785454,0.9765617,0.97895163,0.9817713,0.98188996,0.9814745,0.98191124,0.97742397,0.9749125,0.98390335,0.98145103,0.97679025,0.9859514,0.9821799,0.9822511,0.9773885,0.9737744,0.9734901,0.9813475,0.9816664,0.9805033,0.9800044,0.98119074,0.9806252,0.9785446,0.9831439,0.98081976,0.97774106,0.97926116,0.9795647,0.9794804,0.97445095,0.9842752,0.9848061,0.9812051,0.9794605,0.974863,0.9830839,0.9804872,0.97431165,0.9818861,0.97448987,0.9610649,0.9788892,0.97921103,0.9735587,0.9759508,0.97482747,0.98033404,0.97139543,0.9777953,0.97758156,0.9795169,0.97951734,0.9789909,0.97977746,0.97725856,0.9801363,0.9828679,0.980045,0.9815682,0.98337126,0.9801912,0.97710305,0.9774338,0.9772752,0.9800457,0.97742736,0.97894025,0.97918594,0.97833395,0.97991544,0.97745955,0.97850037,0.9764144,0.9774051,0.9819296,0.9783589,0.97426814,0.98263425,0.97942686,0.98245174,0.9801408,0.9774524,0.97985864,0.98328865,0.9805423,0.9854364,0.97479594,0.9766182,0.98291546,0.9820641,0.9801615,0.9789704,0.9714979,0.98201346,0.97789574,0.9796417,0.9775345,0.97910124,0.9820597,0.9789285,0.9774509,0.9748635,0.97885776,0.981086,0.9787531,0.97847104,0.97916996,0.9780249,0.9788657,0.97806025,0.979154,0.97786766,0.97773635,0.9807953,0.98353803,0.9804711,0.98211807,0.9785067,0.9799168,0.9818345,0.9811811,0.9823913,0.97472936,0.97735196,0.9794598,0.9805943,0.9804232,0.98201966,0.98055196,0.98151505,0.9789168,0.97814375,0.9805283,0.98173714,0.9795843,0.97942567,0.9816667,0.9814833,0.9774113,0.9821149,0.9847415,0.9837063,0.98047596,0.9833197,0.9999995,0.9783306,0.9843552,0.97950286,0.9799949,0.9839279,0.98245317,0.9830406,0.9773218,0.97990906,0.98075926,0.9810493,0.9782484,0.9802255,0.9797582,0.9811625,0.97573817,0.97450936,0.97940314
ipip168,0.99570626,0.987089,0.99215645,0.98534226,0.99144363,0.9857117,0.99689007,0.98831326,0.9941549,0.9856083,0.98688143,0.99259293,0.9872259,0.9849672,0.9821286,0.98986715,0.99225485,0.98494875,0.99152243,0.9910676,0.9924566,0.9894501,0.9927057,0.99335986,0.9867926,0.99251956,0.98568636,0.9925571,0.9885442,0.9885864,0.99259806,0.9918385,0.989326,0.992861,0.9958965,0.99249136,0.99395984,0.9951546,0.9913769,0.99131835,0.98492503,0.99388164,0.9891475,0.983156,0.9839961,0.99240017,0.9874048,0.9861472,0.99119323,0.9846353,0.9889355,0.9658601,0.9916594,0.9849342,0.98413306,0.9884404,0.9760882,0.98304474,0.98479635,0.99130875,0.99243206,0.988061,0.9938885,0.9883156,0.9878995,0.98518556,0.9944433,0.9945405,0.9915434,0.98752815,0.99664927,0.9928309,0.98176646,0.99065685,0.9874824,0.96040523,0.9856489,0.990583,0.9905785,0.99295425,0.9901083,0.9939743,0.98513013,0.9924222,0.9909347,0.9961965,0.99435985,0.9833134,0.98235726,0.9922133,0.98785937,0.99485695,0.99217445,0.98215455,0.97723615,0.98045045,0.99533707,0.9886758,0.97758406,0.9738237,0.9885849,0.9941189,0.9907742,0.98818076,0.9911922,0.9761356,0.99360496,0.98459333,0.99291867,0.9963973,0.99690115,0.9877289,0.9887151,0.98916554,0.9947169,0.98759407,0.9936069,0.994125,0.99379385,0.98753834,0.99429566,0.98810774,0.99238056,0.9919733,0.993586,0.98552257,0.9887982,0.9925914,0.9888035,0.9880732,0.99562943,0.97337705,0.9859629,0.9807852,0.9941016,0.9929971,0.9909558,0.99377006,0.9965003,0.99460584,0.99462926,0.9923762,0.986707,0.99239284,0.9922674,0.97993916,0.99026865,0.99197966,0.98121965,0.99094236,0.9943422,0.98808867,0.98070705,0.97900915,0.9953023,0.98973125,0.9887672,0.9902649,0.9774446,0.99600554,0.98256063,0.99556,0.99051696,0.9863189,0.99550724,0.9578441,0.9962706,0.9883818,0.991012,0.98583174,0.9957962,0.9825012,0.9940226,0.992172,0.9933137,0.9945188,0.99441653,0.9909265,0.98986876,0.990825,0.98388875,0.9895968,0.98635644,0.98979104,0.9780805,0.98831606,0.9946889,0.9948243,0.99454814,0.9859799,0.9941521,0.9946947,0.9947365,0.99358416,0.9934682,0.99647796,0.99456674,0.99741364,0.98578143,0.98771524,0.991951,0.99578553,0.985696,0.9950094,0.9917418,0.9899347,0.9950513,0.97609097,0.9870657,0.9829221,0.98896784,0.9895457,0.9929596,0.9908713,0.9880368,0.9823893,0.98987013,0.96161115,0.989151,0.99143547,0.99414647,0.98475784,0.9915089,0.98899835,0.97486055,0.99384236,0.9957921,0.99294955,0.973368,0.9862128,0.991912,0.9919174,0.9926233,0.9902887,0.9941275,0.9876568,0.99210995,0.9869557,0.99276084,0.9862397,0.9908594,0.9885242,0.99468285,0.9891548,0.9885743,0.99349993,0.9865739,0.9961394,0.9684511,0.98879355,0.995069,0.9952177,0.9849384,0.995406,0.98975396,0.9916958,0.9912997,0.9932744,0.9857697,0.9921968,0.9949796,0.9866378,0.9891406,0.98019844,0.98646635,0.9929017,0.9902387,0.9899886,0.99058026,0.9783306,1.0000006,0.98900396,0.9911936,0.9971239,0.9921951,0.99151146,0.98991245,0.99169284,0.98686993,0.9922248,0.9905105,0.99532324,0.9900669,0.9901374,0.9921001,0.97403693,0.96596193,0.98375696
ipip198,0.9828367,0.9866183,0.98469466,0.9849989,0.985275,0.9845245,0.98614717,0.9869778,0.98928404,0.98619705,0.9860001,0.98521006,0.9863831,0.9837666,0.9848768,0.98520106,0.98583305,0.98212117,0.9862061,0.9853497,0.98558545,0.98403805,0.98635375,0.9875845,0.98486596,0.9868666,0.98800075,0.98669744,0.9845221,0.9849532,0.98508376,0.99077624,0.9867047,0.9862059,0.9830003,0.9876759,0.984723,0.98238957,0.9838907,0.9855058,0.98798275,0.9904456,0.9865137,0.98131216,0.98536855,0.98713577,0.9881223,0.9823117,0.9846212,0.9825099,0.98682547,0.9757243,0.9873147,0.98372954,0.98744345,0.990174,0.97741085,0.9874588,0.98471886,0.99043596,0.97868794,0.9826329,0.98194575,0.9840628,0.9831287,0.98413855,0.985677,0.9900952,0.9844852,0.9917039,0.98364013,0.987374,0.9828923,0.9856768,0.9849899,0.9706658,0.9837342,0.98307914,0.9890187,0.9880789,0.98563176,0.9849824,0.98147225,0.98150146,0.983939,0.9839938,0.9852894,0.98327637,0.9839984,0.98591214,0.98237103,0.98278517,0.9843744,0.97865576,0.9785334,0.9823106,0.98228633,0.98846376,0.97781307,0.98098326,0.9828169,0.98331416,0.9819547,0.9830431,0.98338395,0.9836794,0.98554575,0.9830677,0.98826134,0.98387134,0.98531663,0.97877526,0.9853108,0.9857263,0.9853448,0.9868789,0.98414826,0.9840605,0.9829442,0.98526454,0.98514616,0.98282945,0.9874588,0.982314,0.9829221,0.9834125,0.9890335,0.98725057,0.9884398,0.9838918,0.9863346,0.9769045,0.9859236,0.98027825,0.9856732,0.9875147,0.98774093,0.99368924,0.9855006,0.980637,0.98092824,0.9858655,0.98378646,0.98548967,0.9849861,0.98158896,0.9830382,0.98501533,0.9910906,0.984942,0.9848502,0.9839315,0.9815291,0.98020136,0.9818827,0.98751855,0.98716205,0.98600507,0.9775492,0.9832001,0.9851429,0.9866142,0.98144954,0.9855263,0.9827813,0.96678096,0.988917,0.986224,0.98124814,0.9807521,0.9839693,0.9855899,0.9810836,0.9841415,0.98631424,0.9862243,0.98703456,0.987615,0.98754907,0.98575234,0.98413795,0.9876785,0.9839132,0.9874216,0.9858265,0.98460126,0.9867408,0.98661965,0.98643637,0.9861565,0.98622173,0.98617667,0.9866215,0.9862069,0.9842143,0.9848358,0.98708147,0.9870544,0.98397714,0.99049723,0.9865936,0.9848414,0.9890546,0.9869195,0.9873231,0.9864234,0.98564166,0.9842983,0.9894714,0.9872866,0.9867972,0.9805306,0.9854219,0.98734504,0.98856944,0.98220986,0.98592913,0.97434384,0.9843299,0.9835219,0.98606896,0.9807821,0.986137,0.98620075,0.97667277,0.98423344,0.98460686,0.986393,0.9832987,0.98690695,0.9870546,0.98399353,0.9838133,0.98332876,0.98343164,0.98400867,0.9859182,0.9826351,0.9873034,0.9864223,0.9842337,0.984658,0.9860871,0.9898409,0.98690116,0.98910683,0.98851013,0.9837992,0.9771368,0.98673564,0.99114317,0.9905032,0.99017465,0.99094766,0.99002916,0.98489165,0.9853046,0.9866256,0.98373854,0.9856055,0.98677814,0.9872895,0.98741496,0.98211074,0.9910901,0.9886396,0.98809856,0.9857032,0.98713326,0.9843552,0.98900396,0.9999993,0.98448086,0.98999876,0.9868996,0.98764235,0.98706084,0.98330164,0.9838038,0.98571545,0.98952806,0.9869888,0.9890168,0.98851156,0.9875307,0.9820812,0.9774116,0.9836487
ipip228,0.9903177,0.98520267,0.98776233,0.9858334,0.9898965,0.98362315,0.9910536,0.98502755,0.9923849,0.9863111,0.9847819,0.99049336,0.9853157,0.9850362,0.98208404,0.98610854,0.9892194,0.985823,0.9895279,0.98664576,0.9908809,0.98741096,0.9907498,0.9912663,0.9878707,0.98878217,0.9860833,0.99035364,0.9862786,0.9864763,0.99254227,0.98848844,0.9857911,0.99212676,0.98956186,0.99066263,0.9889334,0.9891088,0.98759615,0.9903738,0.9842282,0.9886068,0.9911722,0.9833089,0.98442644,0.9886572,0.98820627,0.984055,0.9890126,0.986998,0.986057,0.96804345,0.9876751,0.9841725,0.9840755,0.9864355,0.9776174,0.9810618,0.983168,0.98916364,0.98833466,0.98784167,0.99039656,0.9894474,0.9868118,0.9849233,0.989373,0.98925453,0.9890416,0.9846482,0.99061906,0.98991627,0.9806975,0.9878431,0.98825026,0.9603553,0.9860738,0.98822415,0.99022675,0.9915917,0.98694015,0.991307,0.9840841,0.9886139,0.9890041,0.99072975,0.98974925,0.9822909,0.98113716,0.98781115,0.9871511,0.9914593,0.98864603,0.98345596,0.9777407,0.9795284,0.98951375,0.9885962,0.97860605,0.9737102,0.98614866,0.99318147,0.9882882,0.98801947,0.99022806,0.97619915,0.9895212,0.98275757,0.98944896,0.9893955,0.99036014,0.98533344,0.988232,0.9862873,0.9907556,0.98891336,0.9900712,0.99151456,0.99059,0.98642004,0.9917186,0.98650885,0.9910575,0.99108064,0.98955196,0.98683524,0.9872154,0.9883683,0.9885933,0.9870343,0.9912168,0.9774805,0.9876974,0.9811089,0.98939306,0.9905718,0.9883036,0.9889074,0.9911015,0.98959804,0.99050987,0.9895052,0.9856171,0.99010104,0.99007,0.9796918,0.9892824,0.98934615,0.9793113,0.9876887,0.9932639,0.99109054,0.984303,0.9810367,0.9906545,0.988412,0.9879799,0.9893119,0.9776534,0.9908979,0.9849414,0.9923301,0.9896074,0.9866595,0.9909772,0.95865315,0.989842,0.989198,0.98854214,0.98495615,0.9911984,0.9829074,0.98879284,0.99185467,0.99258286,0.99081856,0.98955137,0.9879159,0.9891456,0.98772657,0.9840516,0.9903762,0.9872094,0.9902589,0.9770558,0.9865405,0.99040294,0.9907042,0.9901282,0.9887424,0.9902981,0.99098706,0.9910806,0.9927281,0.99077004,0.99145776,0.99157655,0.990478,0.98707986,0.9874428,0.9888404,0.99101985,0.98539686,0.9914819,0.9899098,0.9897525,0.99295133,0.97762895,0.9849779,0.9826848,0.98804235,0.98697364,0.9918039,0.9911908,0.98758614,0.98552126,0.9876895,0.96386015,0.98677164,0.9895148,0.9915737,0.9818266,0.9878481,0.99031603,0.97413427,0.98930514,0.9905948,0.9901696,0.97475696,0.98467356,0.9885655,0.9894103,0.9901284,0.98778284,0.9896101,0.9879567,0.9923701,0.9868216,0.9909532,0.9868265,0.989931,0.9869714,0.9910919,0.9887329,0.98803157,0.9905416,0.9864123,0.99084413,0.9702416,0.98822886,0.99082285,0.9907411,0.98367774,0.9907333,0.9867763,0.9899108,0.98867315,0.99285865,0.98579806,0.9887918,0.9914935,0.9881036,0.98654956,0.97997254,0.9841297,0.989091,0.9888419,0.98937136,0.98892015,0.97950286,0.9911936,0.98448086,1.0000008,0.9905642,0.99210596,0.9890638,0.98857415,0.9914931,0.9877107,0.9890072,0.9892977,0.989576,0.9871722,0.9880442,0.98729473,0.97269654,0.96532637,0.9803935
ipip258,0.99340177,0.9874094,0.9907142,0.9856472,0.9908188,0.9849048,0.995404,0.9891502,0.9938221,0.98631203,0.9877131,0.99040675,0.98817134,0.9858032,0.9821381,0.9899349,0.9912318,0.98489904,0.99095964,0.9907959,0.9923041,0.98891085,0.99221677,0.9920803,0.98753357,0.9926855,0.98708135,0.9924004,0.9880885,0.9887319,0.9918025,0.9919358,0.9892551,0.9925556,0.9933246,0.9926033,0.9932176,0.99333537,0.9907362,0.9905047,0.9870219,0.99424404,0.9894422,0.98507744,0.9841344,0.99160415,0.9883295,0.986045,0.9907295,0.985,0.9889331,0.96935624,0.9910462,0.9862638,0.98567396,0.9906201,0.97805005,0.9841124,0.98615074,0.99201,0.98979557,0.9881851,0.9911505,0.986994,0.98778,0.9853882,0.99302053,0.9934176,0.99038994,0.9873856,0.9936249,0.9925195,0.9816717,0.98924875,0.98676616,0.96446365,0.98690593,0.9901659,0.9908598,0.9913811,0.9882348,0.99252164,0.9855376,0.99023104,0.9905319,0.9938798,0.9930096,0.98495436,0.9826609,0.99064565,0.9875456,0.9927852,0.990756,0.9827234,0.9780511,0.9822345,0.9923333,0.9895411,0.97897506,0.9770453,0.9892292,0.99191636,0.9895054,0.98754704,0.98917496,0.97883517,0.9923382,0.9851089,0.9928568,0.9938214,0.9947713,0.98574847,0.9884063,0.98970747,0.99391407,0.9881617,0.99275833,0.99297243,0.9914428,0.988792,0.994141,0.98924625,0.9920726,0.9904553,0.9925388,0.98652214,0.99022603,0.9925316,0.9887178,0.98862785,0.9951778,0.9763396,0.98680717,0.9815533,0.9940587,0.99196154,0.9906432,0.9949361,0.99524546,0.9918841,0.99112505,0.99087965,0.98706686,0.99126315,0.9904101,0.9814326,0.98889244,0.99103,0.98468256,0.9901034,0.9924763,0.9874039,0.9820801,0.9791093,0.9929447,0.98972833,0.9890455,0.9905418,0.9780287,0.99383557,0.985062,0.99434024,0.9898803,0.98705775,0.9933904,0.96249825,0.9968791,0.98849845,0.9904771,0.98611265,0.9939084,0.9843094,0.9924086,0.9913451,0.992535,0.99353284,0.99272877,0.9904252,0.991224,0.9913154,0.9848588,0.9894671,0.9864677,0.98953766,0.97926617,0.98994416,0.99438024,0.99413383,0.9941485,0.98692757,0.99331725,0.99359995,0.99414426,0.99256665,0.99191594,0.994489,0.99367756,0.99613607,0.9861636,0.98950726,0.99196744,0.9936362,0.9872873,0.99416536,0.9912409,0.98944104,0.99404997,0.97814864,0.98881245,0.9856491,0.9893382,0.98836815,0.9919176,0.9917378,0.98905766,0.98341084,0.99126244,0.9653685,0.98905396,0.9907331,0.99377054,0.98548406,0.99210995,0.9887674,0.976273,0.99237067,0.9944136,0.99225694,0.9754222,0.98651475,0.9921274,0.990507,0.9908183,0.9885818,0.99248105,0.98781896,0.9915864,0.9879602,0.9929411,0.98732007,0.9906368,0.98754746,0.99421024,0.98974115,0.9895996,0.99315244,0.987258,0.99443454,0.97256696,0.9893077,0.9950104,0.9950681,0.9883317,0.9952382,0.99168384,0.9917906,0.9916066,0.9923461,0.9867623,0.9904154,0.99444205,0.98736364,0.99033725,0.983285,0.9886352,0.992703,0.9923581,0.9899894,0.99240464,0.9799949,0.9971239,0.98999876,0.9905642,1.0000005,0.9911673,0.9915928,0.9914894,0.990969,0.986146,0.99080276,0.9904083,0.99439836,0.9908919,0.98973525,0.9933338,0.9748901,0.9701022,0.98403114
ipip288,0.9907938,0.987408,0.98944277,0.98631614,0.98982805,0.98428786,0.99123746,0.9865936,0.99292886,0.985797,0.9847534,0.99261034,0.9870041,0.98561394,0.98460263,0.98700726,0.98907495,0.9867226,0.9904,0.98796946,0.9898617,0.98752356,0.99048984,0.9920289,0.9875175,0.98979014,0.98712575,0.98922,0.9866774,0.987063,0.99187106,0.98949146,0.98714924,0.9907571,0.98982954,0.9896201,0.98823893,0.988094,0.9888694,0.98958856,0.9844711,0.98971415,0.9903021,0.983829,0.98593014,0.99044216,0.9890727,0.9841842,0.9891142,0.9857933,0.9886411,0.9698172,0.9887038,0.98405766,0.9852393,0.988772,0.97694814,0.9832209,0.9850643,0.98976004,0.9882311,0.9878715,0.9904638,0.9898874,0.98760784,0.98599505,0.989858,0.98970914,0.9899486,0.9859341,0.99078876,0.99085385,0.98171705,0.9895625,0.9887986,0.9635261,0.985028,0.98811173,0.99086666,0.99211407,0.9895832,0.9909347,0.98420715,0.9877558,0.989083,0.9904538,0.9896847,0.98374665,0.98237276,0.98905677,0.98776525,0.9901532,0.9889092,0.9837983,0.979384,0.98260486,0.98950386,0.98947024,0.97935724,0.9754271,0.98672414,0.99209386,0.98805684,0.9879592,0.9901549,0.97834605,0.988998,0.98396784,0.99005806,0.9899607,0.9904626,0.9853357,0.99117994,0.98663837,0.9900745,0.9888547,0.9898571,0.9903631,0.989581,0.9861971,0.9906604,0.9874491,0.9912734,0.99099994,0.98858577,0.9872298,0.987869,0.9897411,0.98923516,0.9878093,0.99083257,0.9770899,0.9880651,0.9828735,0.98863715,0.9913097,0.98898524,0.9902328,0.9908893,0.98931146,0.99042153,0.9905121,0.9858863,0.99027044,0.9902949,0.98154616,0.9894318,0.9897885,0.98216563,0.9891543,0.9917953,0.98971295,0.9831146,0.9815365,0.99006367,0.98948485,0.989429,0.989565,0.9795213,0.9904807,0.9851261,0.99199855,0.9880924,0.9868899,0.989738,0.9588932,0.9900023,0.98832667,0.98939973,0.9837392,0.98991627,0.98354906,0.98758304,0.9909578,0.9913045,0.99036777,0.98966205,0.9875639,0.98871195,0.9880024,0.98588485,0.990044,0.9876002,0.9899392,0.978284,0.98820806,0.98981464,0.9904624,0.9900063,0.98712987,0.98940134,0.99057794,0.99041396,0.9918192,0.9903741,0.9908144,0.9909799,0.9906845,0.9868177,0.988235,0.98847014,0.99031013,0.9857001,0.9908582,0.9913244,0.9907304,0.9924507,0.9792298,0.98700005,0.98492706,0.98964876,0.9867391,0.99077004,0.9916849,0.98915887,0.98555607,0.986796,0.9651301,0.9869168,0.98914135,0.99042815,0.9834566,0.98859316,0.99021393,0.97465897,0.9884994,0.98968184,0.99061334,0.97749466,0.985485,0.9897012,0.9892897,0.9900727,0.98896366,0.9900587,0.9880059,0.9907629,0.9862695,0.9904056,0.9874386,0.9900621,0.98772085,0.99012184,0.988711,0.98754454,0.9904666,0.98823655,0.98996323,0.97058636,0.9879833,0.9913317,0.9911281,0.9853029,0.9913192,0.987579,0.9893656,0.98836,0.9930139,0.9857206,0.99006695,0.9914058,0.98859274,0.98724145,0.9808503,0.98581994,0.99077535,0.9893686,0.9892252,0.9899788,0.9839279,0.9921951,0.9868996,0.99210596,0.9911673,1.0000007,0.98988307,0.98881686,0.9903286,0.98734593,0.98907995,0.99035585,0.99029124,0.9887092,0.9894409,0.9885253,0.97590035,0.9691213,0.9833002
ipip23,0.9890295,0.9864528,0.9874545,0.98504275,0.98838,0.9844309,0.9895346,0.98706937,0.9901063,0.9851042,0.9857741,0.98925906,0.98774165,0.98474747,0.98528814,0.9881393,0.9887951,0.98521817,0.98940873,0.9872385,0.98984236,0.9881057,0.9942256,0.99070543,0.9877495,0.98889965,0.9845464,0.9893784,0.9844409,0.98557657,0.9909654,0.98969,0.9865785,0.99077433,0.9888392,0.99265933,0.98849165,0.98795784,0.98716223,0.9883285,0.9839755,0.9907466,0.98804826,0.9831379,0.9845497,0.9897292,0.9891825,0.98767215,0.98848605,0.98404795,0.98771197,0.96952546,0.9896487,0.9838216,0.9842419,0.98837394,0.9759532,0.98341906,0.98454213,0.9889247,0.9894989,0.98900115,0.99168926,0.9867623,0.9903481,0.98794013,0.9904371,0.99040204,0.9882852,0.9860619,0.99105245,0.99363583,0.98204684,0.9897132,0.9880259,0.9652507,0.98491997,0.9866595,0.9883086,0.98887146,0.9895714,0.9900199,0.9850958,0.9866807,0.9888698,0.9901449,0.9893136,0.98413634,0.9823282,0.9886429,0.98582387,0.99057734,0.98962885,0.9840216,0.9789829,0.9836277,0.9887752,0.9885863,0.97964555,0.97675234,0.98737574,0.9897832,0.98856455,0.98733526,0.98935884,0.98162055,0.9890827,0.9856106,0.9920551,0.9894823,0.99083275,0.98485434,0.9874584,0.98784834,0.9906921,0.9915402,0.9889284,0.9909802,0.9879301,0.9881754,0.9917277,0.98687345,0.98998696,0.9886604,0.9893939,0.986325,0.9884814,0.9879686,0.986773,0.9849363,0.9928984,0.9793076,0.9888345,0.9821385,0.99159783,0.991079,0.98944026,0.9908873,0.98988295,0.9884255,0.9883741,0.9909423,0.9872289,0.9913209,0.98857284,0.980331,0.98677844,0.98841554,0.9831315,0.98684186,0.99035895,0.98726445,0.9854659,0.9833156,0.9894713,0.992158,0.9923686,0.99072105,0.9771826,0.9896338,0.9866881,0.99239856,0.9874411,0.98732275,0.9899969,0.9597181,0.9912337,0.99019563,0.98712975,0.98423433,0.99122596,0.9849338,0.9875954,0.9902016,0.9892397,0.99053,0.9908156,0.98766285,0.98854685,0.98982644,0.986211,0.9883878,0.9865529,0.98828274,0.9785943,0.9882331,0.9907165,0.9907967,0.99061966,0.98713905,0.989554,0.9906819,0.9907798,0.9894606,0.9894419,0.990688,0.9913927,0.9900768,0.9849624,0.9880444,0.98977345,0.98935145,0.98668325,0.9904908,0.9892173,0.9886275,0.9905337,0.97878444,0.98926246,0.9832088,0.98663133,0.98613507,0.98843074,0.990088,0.9883045,0.9845228,0.9887522,0.96716875,0.9876348,0.9881018,0.99331194,0.9827106,0.9895945,0.9893622,0.97481865,0.988276,0.990055,0.9903238,0.97769994,0.9852705,0.9900787,0.98879755,0.9942682,0.9886016,0.9901179,0.98711765,0.9915124,0.9879385,0.99314725,0.99206316,0.9891142,0.9894145,0.99011743,0.98807573,0.98919207,0.9918446,0.9881993,0.9916141,0.97265416,0.9900648,0.9913564,0.99154496,0.98608935,0.99151367,0.989012,0.9899385,0.9877459,0.9929605,0.9887709,0.9913047,0.99099296,0.98621935,0.98790157,0.9818211,0.98594534,0.99080986,0.9935386,0.99147004,0.99305737,0.98245317,0.99151146,0.98764235,0.9890638,0.9915928,0.98988307,1.0,0.99482405,0.9908939,0.9891777,0.99319553,0.9889796,0.99099773,0.99153054,0.9881817,0.9906196,0.97612244,0.97048545,0.9840624
ipip53,0.98751426,0.98613083,0.9870434,0.9853573,0.98837024,0.9833554,0.9885245,0.9862234,0.9894912,0.9852042,0.9852818,0.9875282,0.98739046,0.9837211,0.98257726,0.98699695,0.9871845,0.9840797,0.9879062,0.98587054,0.98908323,0.9866388,0.9934703,0.989428,0.98749775,0.98843163,0.9852435,0.9880684,0.983494,0.98492134,0.9898051,0.9891237,0.9864694,0.9898058,0.9865426,0.99308133,0.98788744,0.9863313,0.9855513,0.98801655,0.9846546,0.9907185,0.9878761,0.98433715,0.98309565,0.9893314,0.98881954,0.9853746,0.9882413,0.98302394,0.9873198,0.97132385,0.9895518,0.9836314,0.98409724,0.9891233,0.9770268,0.9826216,0.9849487,0.9888827,0.985879,0.9882638,0.9886653,0.98534244,0.98611873,0.98497343,0.98786944,0.98837614,0.9870464,0.9844306,0.98864585,0.99229866,0.9817071,0.98908997,0.98565173,0.9663179,0.9848965,0.98625845,0.9881071,0.9877357,0.9869852,0.989077,0.98475116,0.9850357,0.9894207,0.9874762,0.98711157,0.9829176,0.9803947,0.9866901,0.9848766,0.9891589,0.98715645,0.98449814,0.977816,0.98442674,0.9873565,0.9880829,0.97924805,0.9778181,0.9861061,0.98833025,0.9862577,0.98600656,0.98718417,0.9810004,0.9877998,0.9848328,0.9902946,0.9872073,0.98857445,0.9835311,0.98742414,0.987782,0.9888902,0.9905555,0.9881129,0.9891732,0.9856506,0.98744583,0.9902932,0.98693156,0.9900972,0.98731244,0.98892266,0.9852912,0.9888636,0.98743427,0.98675644,0.9846893,0.99282354,0.9805826,0.9894354,0.981668,0.99159455,0.9899817,0.98849493,0.9913594,0.9889149,0.98697025,0.9858179,0.988884,0.9854949,0.98973477,0.9863761,0.9813248,0.9857333,0.9872105,0.98482746,0.98662573,0.98909,0.9868709,0.98514146,0.98109996,0.987227,0.99171245,0.99164784,0.9914298,0.9769443,0.98754984,0.98869336,0.99237716,0.9863607,0.9875458,0.98859483,0.9634908,0.99170125,0.98927987,0.9862919,0.9850323,0.99087274,0.98585504,0.98685664,0.9893917,0.9886322,0.9903063,0.98903686,0.98717916,0.9883222,0.988627,0.98450303,0.98779243,0.98629695,0.98776644,0.9781215,0.9874581,0.9895179,0.9895995,0.9893823,0.98643726,0.9880049,0.9898818,0.98992616,0.98840743,0.9881659,0.98955977,0.99046224,0.9887891,0.9845841,0.98760146,0.98914665,0.98802334,0.987068,0.9900652,0.98904335,0.9889499,0.9894789,0.9774187,0.9885299,0.98464775,0.9869034,0.98468286,0.9878641,0.98979217,0.98789614,0.9845496,0.98934716,0.96647286,0.9857626,0.98749584,0.9937326,0.98405683,0.9890474,0.9880956,0.9769608,0.98780227,0.98870635,0.9892027,0.97670263,0.9830608,0.98931277,0.987333,0.989928,0.9853734,0.9888079,0.98588794,0.990718,0.9896647,0.99393815,0.9923744,0.9898478,0.9900759,0.9899407,0.9868271,0.9894835,0.9907468,0.9889201,0.9908147,0.9750172,0.9916891,0.99052274,0.9907388,0.9880577,0.99050295,0.9906715,0.9898083,0.9873975,0.9930702,0.9900282,0.98864776,0.9905182,0.98574525,0.98819816,0.9831975,0.98616314,0.9907967,0.99393064,0.99151736,0.9918645,0.9830406,0.98991245,0.98706084,0.98857415,0.9914894,0.98881686,0.99482405,1.0000004,0.99045986,0.9879212,0.9923561,0.9885762,0.99030036,0.9902472,0.9883485,0.9929097,0.9752397,0.9732733,0.9840142
ipip83,0.99189526,0.9863681,0.9889381,0.984197,0.9894456,0.98354715,0.9915433,0.98504055,0.9913166,0.9832458,0.98458284,0.99104947,0.9862393,0.9837406,0.9832551,0.9871397,0.9893002,0.98377234,0.9897785,0.98618877,0.9901842,0.9872797,0.99142677,0.990732,0.9924354,0.98871183,0.9826582,0.98875916,0.9848863,0.98566985,0.99156016,0.98744196,0.98490834,0.9958913,0.9911148,0.9909263,0.9888919,0.990204,0.987894,0.99138653,0.9800074,0.98888916,0.9894221,0.9821095,0.98332924,0.9908376,0.99239165,0.9878714,0.9904012,0.98352224,0.9868447,0.96364546,0.9880643,0.9819453,0.9820947,0.9848905,0.9740892,0.9797558,0.98138446,0.98822266,0.9909917,0.9886716,0.99244744,0.98884684,0.9900621,0.98644274,0.99029005,0.99082017,0.99264854,0.9848144,0.99204504,0.9903897,0.9799265,0.9867892,0.98697144,0.95828575,0.9855036,0.9881554,0.9874118,0.98916143,0.9894173,0.9925924,0.98424965,0.9905381,0.9896035,0.9913874,0.9901468,0.9811114,0.9799341,0.99004304,0.98671764,0.9930954,0.9886764,0.98287505,0.97699547,0.9806423,0.99189067,0.98780984,0.97729725,0.97392684,0.986452,0.99290055,0.98896205,0.9875074,0.99075025,0.97525346,0.9906023,0.98529357,0.9917948,0.9909673,0.99199533,0.9876192,0.9881262,0.98620605,0.9914526,0.98631686,0.9899442,0.9913558,0.9897864,0.98625886,0.99249053,0.9864812,0.98999864,0.98990095,0.9900795,0.98496217,0.98561054,0.9873826,0.987152,0.98561937,0.9926678,0.9772544,0.9861147,0.98042756,0.990143,0.98985225,0.9887206,0.98919934,0.99166083,0.9914862,0.99226093,0.9908492,0.9852429,0.9905491,0.9893507,0.9779172,0.99001443,0.9926918,0.97751266,0.98934335,0.9927516,0.9884313,0.984592,0.98098266,0.99188954,0.9880322,0.98823136,0.9892601,0.9747231,0.99162596,0.9828431,0.99220586,0.98809344,0.9861467,0.99199605,0.954882,0.9905639,0.9944339,0.98938626,0.98302025,0.9926007,0.98195404,0.99006873,0.99131566,0.9907748,0.99081254,0.9898079,0.98715323,0.9872857,0.9875795,0.98340106,0.98664504,0.98555934,0.9867031,0.9755493,0.98548406,0.99098456,0.9908941,0.9905851,0.9865876,0.9909878,0.9915806,0.9915324,0.9911306,0.991945,0.99245566,0.99173856,0.9911354,0.9838284,0.98973894,0.9911937,0.9917861,0.9847893,0.9910406,0.9898279,0.9894753,0.9920735,0.9748769,0.9852344,0.98018354,0.9860322,0.98802036,0.9907422,0.98909,0.98559713,0.98449063,0.9882523,0.96100086,0.9858724,0.9891884,0.99210083,0.98241746,0.98767096,0.9899195,0.9735349,0.9901867,0.9912875,0.98939604,0.9721315,0.98485285,0.9891718,0.9888198,0.99303746,0.99014777,0.99096876,0.9856011,0.9970941,0.9863477,0.9902816,0.9864218,0.98983157,0.98750025,0.99062043,0.9909758,0.98754823,0.99233425,0.9866386,0.9930414,0.96616393,0.9880502,0.9915275,0.99205464,0.98250157,0.9910487,0.986705,0.98987156,0.9883413,0.99281114,0.9851801,0.9907091,0.9919893,0.9846403,0.9861929,0.97827,0.9830967,0.9892736,0.98872125,0.99139076,0.9888152,0.9773218,0.99169284,0.98330164,0.9914931,0.990969,0.9903286,0.9908939,0.99045986,0.99999905,0.9908695,0.99051017,0.9888053,0.9912122,0.99000055,0.9880306,0.98925984,0.97294027,0.96476203,0.9802612
ipip113,0.9872179,0.984866,0.9871084,0.98243314,0.98590887,0.98444223,0.98681116,0.9823329,0.9877784,0.9817674,0.98156166,0.98801655,0.9843687,0.9834483,0.985537,0.9842943,0.9871278,0.9819869,0.9875767,0.98398113,0.9879001,0.98697484,0.98871255,0.9875692,0.9882299,0.9855345,0.98312277,0.98717386,0.98234284,0.9858956,0.9889749,0.98789346,0.9832515,0.98900014,0.9860283,0.9878465,0.98567724,0.9852588,0.98555535,0.98691106,0.9802054,0.98631614,0.9864823,0.980115,0.9826159,0.987395,0.9883332,0.98815733,0.9858325,0.98349875,0.98366666,0.96578455,0.9854879,0.9806961,0.98273087,0.9832187,0.97342527,0.981495,0.98132235,0.9879946,0.9878796,0.9874751,0.99091524,0.9873088,0.9873723,0.98839635,0.986936,0.9884419,0.9887952,0.98579603,0.9864068,0.98662245,0.9816274,0.98469186,0.9875493,0.9610897,0.9833035,0.9843315,0.9868821,0.987949,0.9872909,0.98813796,0.9828883,0.9857338,0.9862778,0.9863378,0.9855149,0.9820814,0.9800357,0.9864165,0.98526335,0.98804265,0.9860443,0.9840593,0.98014146,0.98028773,0.9866076,0.98561144,0.97948927,0.9757904,0.98559743,0.9889117,0.98713005,0.98629946,0.9887124,0.9775611,0.9871615,0.9832079,0.98816055,0.98668426,0.9873991,0.98274374,0.9853555,0.98425424,0.9874227,0.9850776,0.98685485,0.9881625,0.986053,0.9839888,0.988161,0.98491246,0.9886869,0.9881499,0.9863062,0.9846223,0.98443687,0.9856751,0.9856282,0.98492116,0.9882967,0.9807065,0.98503435,0.9809684,0.9846876,0.98641205,0.9859484,0.9864168,0.9867242,0.98476607,0.9872268,0.9880068,0.9877822,0.98646444,0.98892385,0.9791374,0.986969,0.98879313,0.9788462,0.98655653,0.9884482,0.98610616,0.9855061,0.98944354,0.98764616,0.98623395,0.9863037,0.9850061,0.9777483,0.98711985,0.98301935,0.9878358,0.984584,0.9852778,0.98600984,0.9549311,0.98603296,0.9919319,0.98378706,0.9811549,0.98714316,0.9815726,0.9845889,0.9869404,0.98722553,0.98675114,0.98768485,0.98506445,0.9864369,0.9853235,0.98336434,0.9873658,0.9859439,0.9867567,0.97993994,0.9848108,0.98702604,0.9873877,0.9867131,0.98463064,0.9865876,0.98821807,0.98810744,0.98801404,0.98835874,0.98752993,0.9872481,0.98555386,0.98147196,0.9857163,0.9853803,0.98655194,0.9825304,0.98733205,0.9880321,0.9868299,0.98767185,0.97807574,0.98469067,0.9802504,0.98535186,0.9832182,0.98678327,0.98788637,0.98627794,0.98589444,0.986848,0.96675533,0.985243,0.98565865,0.9881256,0.9811163,0.9859648,0.9900839,0.97563463,0.9853827,0.9864255,0.987443,0.97811,0.9850413,0.9872033,0.9870532,0.9945447,0.98938394,0.98752075,0.9855384,0.98943985,0.98283345,0.98659086,0.98488116,0.986423,0.9862187,0.986092,0.98775196,0.9861206,0.988655,0.9845038,0.986349,0.9692445,0.9852102,0.98765373,0.9875668,0.9815529,0.9874646,0.984296,0.98699015,0.985869,0.9878956,0.9837129,0.98787767,0.9882605,0.9856441,0.98485124,0.9793112,0.9831038,0.9859741,0.98534465,0.98827356,0.9862185,0.97990906,0.98686993,0.9838038,0.9877107,0.986146,0.98734593,0.9891777,0.9879212,0.9908695,1.0000002,0.9880027,0.9866258,0.9863588,0.98673815,0.9857426,0.9865937,0.9746934,0.9687182,0.9783533
ipip143,0.9911775,0.98724324,0.9903379,0.985472,0.9901358,0.98578644,0.9909988,0.98514646,0.9906013,0.9848389,0.9832558,0.98955935,0.98459375,0.98280895,0.98258436,0.98570156,0.9884493,0.9857872,0.9890907,0.9859264,0.99085504,0.9880037,0.9931124,0.9915854,0.9874895,0.98965394,0.9838302,0.9900175,0.9852611,0.9861754,0.9901348,0.9869064,0.9857233,0.9897895,0.9900414,0.99138653,0.9892202,0.98947924,0.98751545,0.9884863,0.9818971,0.99210197,0.9890049,0.9821868,0.98382676,0.9918485,0.98804563,0.98674494,0.98991483,0.9838413,0.9863799,0.9657016,0.98797464,0.9823565,0.9838939,0.9859791,0.9760165,0.9847325,0.9838969,0.9865346,0.9889293,0.9878986,0.9913319,0.9870715,0.9883749,0.98712116,0.98957455,0.99178576,0.9887277,0.9861814,0.99220335,0.99227524,0.98181504,0.98838204,0.9876546,0.9623621,0.9826964,0.98691785,0.98733133,0.9889875,0.98878473,0.991011,0.9821137,0.9888588,0.99015146,0.9899207,0.98849916,0.9815477,0.97982067,0.9877304,0.9859631,0.9913641,0.9894257,0.9826464,0.9775591,0.9803639,0.9899383,0.98594576,0.9775659,0.97356063,0.98582,0.9907458,0.98819536,0.98670816,0.9892544,0.9775936,0.9896089,0.9832529,0.9902518,0.99063456,0.9908795,0.9860145,0.98651457,0.98905045,0.9899136,0.9896084,0.9900785,0.9915831,0.99119496,0.9857444,0.9914548,0.98628217,0.9912831,0.98990387,0.99122506,0.9848364,0.98739225,0.9874663,0.9878955,0.98482364,0.99249107,0.9783931,0.9884476,0.981633,0.990929,0.99056315,0.98858273,0.98886734,0.9903768,0.99065983,0.99053866,0.9906123,0.9882671,0.9906148,0.98992133,0.9787756,0.9883453,0.9895178,0.98041624,0.9879889,0.990923,0.9867225,0.9837552,0.98091364,0.99057215,0.9913962,0.9907736,0.9902177,0.97723204,0.9905492,0.9850431,0.99382335,0.9876743,0.98667914,0.99109936,0.9557309,0.99048394,0.9895668,0.98879987,0.985287,0.992696,0.9846832,0.98984563,0.99095935,0.9895954,0.99142766,0.9934792,0.9880775,0.9888065,0.98829013,0.98405814,0.9885766,0.9857179,0.9872529,0.9794009,0.98478657,0.99043566,0.99066436,0.99025786,0.98494107,0.98919094,0.99088305,0.991138,0.98969483,0.9904961,0.9917,0.99230516,0.9912024,0.9841467,0.9858806,0.9885366,0.990935,0.9851251,0.9918342,0.99041957,0.98900545,0.9905096,0.9759638,0.9865999,0.98182726,0.98683745,0.98664236,0.98905945,0.988229,0.9862507,0.98274636,0.9883812,0.9643154,0.98772967,0.9885119,0.99357146,0.98201036,0.98791945,0.9872852,0.9729097,0.98853755,0.9906781,0.9895966,0.97526425,0.98362625,0.9889753,0.98816574,0.9911763,0.9885454,0.989254,0.98538107,0.99153674,0.9883817,0.9937076,0.9909189,0.99100566,0.9932521,0.99171335,0.9872772,0.9890306,0.9931088,0.98832273,0.9931123,0.9715144,0.99040955,0.9911409,0.9914194,0.9846875,0.991096,0.98853415,0.9899204,0.98903453,0.9925485,0.9898705,0.9922242,0.991363,0.98438376,0.98709214,0.9793061,0.9844271,0.9889315,0.9910449,0.99276966,0.9914713,0.98075926,0.9922248,0.98571545,0.9890072,0.99080276,0.98907995,0.99319553,0.9923561,0.99051017,0.9880027,1.0000011,0.9896672,0.99220425,0.98946524,0.9893127,0.988925,0.97370255,0.9670597,0.9810572
ipip173,0.9883243,0.98635066,0.9870209,0.98470503,0.988085,0.98377943,0.98982924,0.98581344,0.99211645,0.98501116,0.98453254,0.98816043,0.9843535,0.98278564,0.9824587,0.98472035,0.98632073,0.98517656,0.9874528,0.98572654,0.9870829,0.98594207,0.9892376,0.99146193,0.98573464,0.9881663,0.9891359,0.98738647,0.9848734,0.9871514,0.9902554,0.98943174,0.98704547,0.9886059,0.98863596,0.9878481,0.98641765,0.98770034,0.98539984,0.98705596,0.9838349,0.99195254,0.9884605,0.9813313,0.9847875,0.98893714,0.98771644,0.98542374,0.98710084,0.98253113,0.98675084,0.9681448,0.9881426,0.98102003,0.9936943,0.9865832,0.9751672,0.98523384,0.9817895,0.98958987,0.98598486,0.9853815,0.98741525,0.9882007,0.9852003,0.98432565,0.9882515,0.9920105,0.9891532,0.9884364,0.98826814,0.98771095,0.98027873,0.9851629,0.98461896,0.96135485,0.981934,0.9843099,0.9926142,0.99370915,0.9871533,0.98766357,0.98114747,0.98617536,0.98649824,0.98734516,0.9865794,0.98065674,0.9822294,0.98898774,0.98477125,0.9882476,0.98643535,0.9800409,0.9773752,0.97948533,0.98839384,0.99261975,0.97666574,0.97544324,0.982907,0.9902734,0.9860117,0.9849167,0.986304,0.97834027,0.98811066,0.9834932,0.98939526,0.98868346,0.9891221,0.9830483,0.98623633,0.98573077,0.9878378,0.9860416,0.9868198,0.98798406,0.9886132,0.9839086,0.9882712,0.9834811,0.9889435,0.98802245,0.98617774,0.9861947,0.9867985,0.98808956,0.9962847,0.98427194,0.9892602,0.9756823,0.98490006,0.98080957,0.9875194,0.98987955,0.9897372,0.99108243,0.98904943,0.98788863,0.98736995,0.98801696,0.9848259,0.9891169,0.9869951,0.97887224,0.9858553,0.98936546,0.9846175,0.9872521,0.9908979,0.9874081,0.9809662,0.9790774,0.9873073,0.9873405,0.9867611,0.9862751,0.9747643,0.9880559,0.98196936,0.98986614,0.98610336,0.98708814,0.98887783,0.9585006,0.98947847,0.98728186,0.98662347,0.98057926,0.9886207,0.98255247,0.9862135,0.989243,0.99383193,0.9897319,0.98822844,0.9860474,0.98833144,0.98564535,0.98306054,0.9917075,0.98507774,0.9916052,0.9811263,0.98403674,0.9881766,0.9885041,0.98797286,0.9863067,0.98746854,0.98964655,0.9892545,0.9934322,0.9870738,0.98976374,0.98949057,0.98953557,0.9845442,0.9879552,0.98654157,0.9895169,0.9852406,0.9898965,0.98912394,0.98962283,0.99085784,0.9786312,0.9871521,0.98511845,0.9878844,0.98445845,0.99276245,0.9899838,0.99202967,0.9836541,0.98543465,0.96541035,0.9844763,0.98528385,0.9892172,0.98130476,0.986655,0.988022,0.97429734,0.9878681,0.9880434,0.9882874,0.9774631,0.9857294,0.9880386,0.98749334,0.989306,0.9868768,0.98703295,0.98599416,0.9896315,0.9847868,0.98902905,0.98622364,0.9876138,0.98661,0.9893217,0.99156797,0.9874926,0.9906695,0.9872424,0.9889108,0.97186303,0.9861569,0.9934462,0.99359715,0.98669463,0.99260044,0.98966545,0.98689735,0.9870834,0.9922541,0.9844564,0.98925996,0.9905829,0.99082375,0.987219,0.9794053,0.9872783,0.9881556,0.98710215,0.9916273,0.987686,0.9810493,0.9905105,0.98952806,0.9892977,0.9904083,0.99035585,0.9889796,0.9885762,0.9888053,0.9866258,0.9896672,0.9999993,0.99178004,0.991573,0.9982328,0.989146,0.97818696,0.9681132,0.9805416
ipip203,0.99292564,0.9860608,0.99017453,0.985612,0.990387,0.98401076,0.99475974,0.9881955,0.99305326,0.98537946,0.98675513,0.991574,0.9874012,0.98433477,0.98180765,0.989034,0.99081296,0.98629034,0.9902529,0.9905159,0.99133176,0.9881499,0.99086326,0.99184126,0.98615634,0.9911506,0.9860114,0.99145496,0.98726535,0.9880617,0.99141544,0.99147505,0.9886533,0.99168485,0.99399406,0.99077046,0.9925304,0.9935839,0.98902404,0.99047166,0.9841474,0.9946909,0.9890704,0.9845784,0.98188394,0.9907642,0.9871724,0.98580897,0.9910402,0.9841358,0.9887536,0.96567637,0.9916611,0.9843034,0.9851874,0.9891375,0.9754598,0.9851129,0.98535466,0.9899563,0.990907,0.98685956,0.99273723,0.98666054,0.98752385,0.9837271,0.9929153,0.99282646,0.9902281,0.98718596,0.9925095,0.9903553,0.97928643,0.9877325,0.98679686,0.9616823,0.9846535,0.9891099,0.99013454,0.99136615,0.9895105,0.9928174,0.9840697,0.9908356,0.9903339,0.99384916,0.9923889,0.98289734,0.98215157,0.9911999,0.98732805,0.99261284,0.9909608,0.98231244,0.97726107,0.98060936,0.99230295,0.98880434,0.9777532,0.9747998,0.9873099,0.9923329,0.9894792,0.98617476,0.9903786,0.9767922,0.9923264,0.98382795,0.99232465,0.99522233,0.9961708,0.98698074,0.988686,0.9893729,0.99343956,0.9865006,0.99214154,0.9924673,0.9927605,0.98773235,0.9933827,0.98770154,0.99147254,0.99132925,0.99246395,0.98491895,0.98905724,0.99316823,0.9883901,0.98813397,0.99323994,0.9761438,0.985076,0.9811165,0.9922456,0.9917004,0.98915136,0.9928765,0.9961215,0.9928374,0.99202776,0.99137115,0.9874881,0.991683,0.9899879,0.9799691,0.9896887,0.9905469,0.98258567,0.9910461,0.99239945,0.9869162,0.9811163,0.9784006,0.9926988,0.98826605,0.98728484,0.98974866,0.9776375,0.9933429,0.982116,0.99397516,0.98980683,0.98598754,0.99399394,0.961318,0.993875,0.987362,0.99071515,0.9857599,0.9925707,0.9826848,0.9922249,0.99119145,0.99246144,0.9949772,0.9926914,0.9893257,0.9890766,0.9896316,0.9838334,0.9891451,0.986086,0.9892537,0.97877264,0.98715216,0.99270177,0.9930076,0.9924387,0.98584884,0.9922355,0.9940494,0.9937577,0.99250245,0.99227,0.9954367,0.9932807,0.99428594,0.984959,0.98761845,0.99140334,0.99368507,0.9853682,0.99408853,0.99058694,0.9876218,0.9935209,0.9754995,0.9876306,0.9844265,0.9886655,0.98885185,0.99205154,0.9905333,0.98995495,0.98273194,0.98907167,0.9621389,0.9881093,0.9902458,0.9915481,0.9853423,0.99162006,0.9880264,0.9754481,0.9921839,0.9941879,0.9915059,0.973517,0.9850278,0.9909,0.9912154,0.9920691,0.98864585,0.99275005,0.9879049,0.99155915,0.9882561,0.9914525,0.98652226,0.9910657,0.98945606,0.99468315,0.9889173,0.99044216,0.99305046,0.98664916,0.9931976,0.96890783,0.98780334,0.99344146,0.99402183,0.986286,0.99350893,0.99056876,0.9909322,0.9902214,0.9924071,0.986759,0.9915607,0.9946832,0.9867373,0.99026656,0.981801,0.98684835,0.99222535,0.98866385,0.98907155,0.9887002,0.9782484,0.99532324,0.9869888,0.989576,0.99439836,0.99029124,0.99099773,0.99030036,0.9912122,0.9863588,0.99220425,0.99178004,1.0000002,0.9914729,0.9924128,0.99493307,0.97370726,0.96699053,0.983687
ipip233,0.9870904,0.98699445,0.9863392,0.9849835,0.98700035,0.9825964,0.9892108,0.98877376,0.99094754,0.9857078,0.9841161,0.9865838,0.98684204,0.9839101,0.98378533,0.98662215,0.9881553,0.9829568,0.98834586,0.9875311,0.9877024,0.98666495,0.9881544,0.9902274,0.98633796,0.9881774,0.9864681,0.9886738,0.9840845,0.9850309,0.98926246,0.99057204,0.9850264,0.99074006,0.98792046,0.98719513,0.9869348,0.9865007,0.9860168,0.98796034,0.9836827,0.9903429,0.98838556,0.9815299,0.9839501,0.98835796,0.9893965,0.986014,0.9868898,0.98259,0.98722416,0.971127,0.9885415,0.98396677,0.98440427,0.9886902,0.9741499,0.9836368,0.98315626,0.98995936,0.98596656,0.98594004,0.9884819,0.9867326,0.9865311,0.9857451,0.9901113,0.99251133,0.988591,0.9880475,0.98688775,0.98747474,0.9791777,0.98589927,0.98562205,0.96796936,0.9835457,0.9851711,0.9881589,0.98825556,0.9870784,0.98820823,0.9817645,0.98443174,0.98674965,0.9879189,0.9882841,0.98334265,0.9813941,0.98921883,0.9837022,0.98801935,0.9876729,0.98188287,0.97690606,0.9828472,0.98684025,0.98919713,0.9778378,0.9784954,0.9854565,0.98766243,0.9852926,0.9844287,0.98669916,0.9846789,0.9883408,0.9857288,0.99445325,0.9886307,0.98941,0.98181874,0.98534685,0.98699915,0.9893839,0.98489964,0.987698,0.9876457,0.9864095,0.9872509,0.9893526,0.98511374,0.9890749,0.9862381,0.98630404,0.98708135,0.9904585,0.98851275,0.98721313,0.9852029,0.9887428,0.97650975,0.9849264,0.98113954,0.9879725,0.98746306,0.98667216,0.99055254,0.98883635,0.9862631,0.9858202,0.9889702,0.9850369,0.9892249,0.9865853,0.97927773,0.9855444,0.98875064,0.9833765,0.9879205,0.9889451,0.98504424,0.98177165,0.98030114,0.9869603,0.9869756,0.9868235,0.98645824,0.9760929,0.9883941,0.98272884,0.9888262,0.9840317,0.98455375,0.9876266,0.9597197,0.989805,0.9893447,0.98673075,0.9818982,0.98690987,0.9830819,0.9859843,0.9878266,0.98896384,0.9890487,0.9894239,0.98714495,0.9892985,0.98955315,0.9865681,0.98820937,0.9850211,0.9886332,0.98001945,0.9875953,0.99093556,0.9910434,0.99078834,0.987091,0.98942024,0.98973,0.9896369,0.9890096,0.98746884,0.9885542,0.9910121,0.9891523,0.9856766,0.990744,0.9910787,0.9893928,0.9890097,0.9897475,0.9889256,0.98752725,0.9908459,0.98036605,0.99216515,0.9858684,0.9868097,0.98686296,0.98829204,0.9897733,0.989124,0.98373705,0.9875802,0.96856046,0.9860791,0.98549783,0.98752034,0.98236865,0.98927563,0.98839426,0.97376585,0.9860114,0.9895979,0.9910381,0.9815107,0.9865289,0.9920844,0.987885,0.99052405,0.986408,0.9886247,0.9865217,0.99174845,0.98584783,0.98845965,0.98725456,0.98743033,0.9880994,0.9892801,0.9898005,0.98945326,0.9955363,0.9870457,0.987481,0.9738427,0.98726577,0.99056786,0.9907952,0.987083,0.9899796,0.98907787,0.9901333,0.9885035,0.9908568,0.9863982,0.99080396,0.9907766,0.9875,0.9895267,0.98406214,0.98979294,0.9889923,0.9875699,0.98877054,0.9874212,0.9802255,0.9900669,0.9890168,0.9871722,0.9908919,0.9887092,0.99153054,0.9902472,0.99000055,0.98673815,0.98946524,0.991573,0.9914729,0.99999976,0.9895127,0.99247074,0.9778223,0.97220284,0.98270196
ipip263,0.9879302,0.9858553,0.9866208,0.98396623,0.987503,0.9837537,0.9895653,0.9853765,0.9918094,0.9840623,0.98427933,0.9877298,0.9836626,0.9819572,0.9817365,0.98432845,0.9855255,0.9850719,0.9864079,0.98492134,0.98614943,0.9851179,0.9883437,0.99107045,0.9848448,0.98728913,0.98818696,0.9863757,0.98389894,0.98649585,0.9892437,0.9890442,0.9869903,0.9879954,0.9882893,0.9874194,0.98612726,0.9871503,0.9847197,0.98671657,0.98339367,0.9925639,0.98777276,0.98096585,0.98430556,0.988632,0.98711723,0.9850679,0.9867178,0.9810982,0.98595965,0.96712095,0.9880591,0.9801438,0.99338555,0.9859207,0.9744062,0.9848915,0.98158514,0.98832023,0.985585,0.9843284,0.9871295,0.98740965,0.9841574,0.98325026,0.98770094,0.9912033,0.9889682,0.9878933,0.98744243,0.9870569,0.9792614,0.9841535,0.9837988,0.96050036,0.981402,0.98361367,0.9920942,0.99332726,0.98732364,0.98740333,0.98113614,0.98629206,0.9863555,0.98684675,0.9861291,0.9801712,0.9815774,0.98844963,0.98387444,0.9878685,0.9855751,0.9794638,0.97688705,0.97881174,0.9880459,0.9922995,0.9759054,0.97494525,0.982234,0.9897722,0.9855348,0.9843319,0.9860633,0.9779397,0.98742694,0.9831732,0.9890688,0.98846465,0.9883375,0.98267764,0.98569006,0.9853162,0.9873112,0.98500836,0.98632795,0.9868597,0.9882149,0.98307925,0.98746806,0.9828786,0.9879059,0.98741996,0.9855857,0.9850614,0.98563224,0.9873614,0.99590415,0.98360825,0.9885974,0.9756874,0.9840518,0.9796977,0.98679674,0.9892607,0.9893394,0.9906983,0.98837245,0.9872747,0.98700976,0.98783344,0.9847999,0.98864883,0.9863528,0.97904456,0.9856165,0.9890684,0.98410285,0.9872294,0.99014086,0.98670053,0.9801436,0.97833055,0.98677915,0.9864226,0.9859728,0.9861946,0.9745183,0.9876484,0.9810788,0.98960465,0.9851932,0.9870668,0.9880902,0.9573562,0.9891591,0.98663414,0.98531383,0.9799177,0.987698,0.9809649,0.98579717,0.9884822,0.9932749,0.9895806,0.98770803,0.98594487,0.987343,0.9848878,0.98203975,0.9908067,0.984656,0.99095327,0.98033607,0.98269403,0.98729706,0.9877885,0.9871309,0.9853879,0.9868695,0.9893013,0.9886369,0.992836,0.9866783,0.9898061,0.98848075,0.9890167,0.98370343,0.98719007,0.9862522,0.9888437,0.98428994,0.98926103,0.9882784,0.9891415,0.99021184,0.97795457,0.98645073,0.984331,0.9873521,0.98363036,0.99216276,0.9890479,0.9917257,0.98301464,0.9847266,0.96400195,0.9838209,0.9846957,0.9884684,0.9809889,0.98601836,0.98767716,0.973846,0.9872359,0.9874489,0.9874685,0.9766321,0.9847455,0.98696256,0.9870684,0.9884502,0.98628145,0.98668844,0.98561645,0.98857963,0.9840829,0.9881601,0.9855329,0.9870499,0.986014,0.9887941,0.9907889,0.98713624,0.98980886,0.98646796,0.9882129,0.96954465,0.984999,0.9925287,0.99289304,0.9860512,0.9922549,0.9896766,0.9862604,0.985907,0.9913589,0.9839713,0.9887657,0.9900622,0.9897046,0.9868448,0.9789734,0.9862397,0.9875865,0.98610264,0.99096847,0.98665357,0.9797582,0.9901374,0.98851156,0.9880442,0.98973525,0.9894409,0.9881817,0.9883485,0.9880306,0.9857426,0.9893127,0.9982328,0.9924128,0.9895127,0.99999964,0.98868495,0.97733575,0.9675035,0.980819
ipip293,0.98889565,0.9856531,0.98762894,0.9842076,0.9870855,0.9823799,0.9911774,0.98862547,0.9911104,0.9845371,0.9864026,0.9885867,0.988781,0.9857895,0.98273593,0.9894546,0.989739,0.9847226,0.98968846,0.99020606,0.98964995,0.98740196,0.988511,0.9896083,0.9853207,0.99046546,0.98654246,0.99013007,0.98681855,0.98798317,0.9902694,0.9914734,0.9873025,0.99013364,0.9896661,0.98892635,0.99023974,0.98930943,0.98824835,0.988645,0.9858915,0.99226886,0.9880285,0.98510695,0.981693,0.9881929,0.9868426,0.9851436,0.9884195,0.98403335,0.9868011,0.9703443,0.9900129,0.98617053,0.9846111,0.9904829,0.9747438,0.9861659,0.9852924,0.9905811,0.9876054,0.98664165,0.990128,0.9849543,0.985808,0.9839957,0.9911378,0.99034667,0.98826516,0.98665357,0.98837304,0.9889442,0.98072195,0.986901,0.9868499,0.96788317,0.9863943,0.98857886,0.99009013,0.9897221,0.98771346,0.9899415,0.9848881,0.9863934,0.9887419,0.9906627,0.9903733,0.9858004,0.98277473,0.9895639,0.9864756,0.9897491,0.98977983,0.98391294,0.97866505,0.9837046,0.9881759,0.98901457,0.98196757,0.98023874,0.9885612,0.98873734,0.9879895,0.985817,0.9880999,0.9828023,0.99055773,0.9841815,0.9929676,0.9916466,0.993255,0.98491436,0.9879484,0.9896164,0.9915681,0.9859363,0.9908296,0.98978955,0.9887504,0.98872334,0.99129766,0.9879967,0.98992866,0.9883207,0.9897121,0.98686415,0.9901862,0.9931996,0.9865759,0.98909134,0.9903575,0.9776962,0.98552555,0.9831963,0.98964465,0.9892691,0.987716,0.9928316,0.9935003,0.9885535,0.98731065,0.98983395,0.986787,0.9895305,0.9880636,0.98292214,0.9879163,0.9883338,0.9855589,0.9896791,0.98946404,0.9858573,0.98280823,0.98012626,0.9895991,0.98786294,0.98693734,0.9890702,0.97952235,0.9906656,0.98437464,0.99131703,0.9867123,0.9851942,0.9901321,0.96458834,0.992763,0.9866431,0.9874654,0.9850695,0.98841685,0.98492444,0.98832786,0.98863167,0.99040204,0.99214786,0.99032885,0.988571,0.9890184,0.99016213,0.98596954,0.9897616,0.98618895,0.9897607,0.98080033,0.98881936,0.99167687,0.99190754,0.99163383,0.9868567,0.99046105,0.9920663,0.9918486,0.99041015,0.9897271,0.99173963,0.9909901,0.9908903,0.9856904,0.98850197,0.99048287,0.99006647,0.9868705,0.99164003,0.988655,0.9861284,0.9916117,0.9788103,0.9905458,0.98692465,0.98762196,0.9873645,0.98940223,0.99029225,0.9915021,0.98371375,0.98968124,0.9674751,0.9880358,0.9886851,0.98884547,0.9862382,0.99226356,0.9879788,0.9785283,0.9894441,0.99161655,0.99118924,0.97773826,0.9846339,0.9911607,0.9897263,0.9905085,0.98583233,0.99154216,0.9875417,0.98956394,0.9873447,0.989304,0.9870706,0.9892377,0.9889777,0.99218136,0.98868537,0.9909038,0.9928325,0.9848313,0.98897326,0.97294205,0.9874756,0.9914022,0.99165654,0.988616,0.99108,0.9909719,0.9901614,0.9889026,0.98990536,0.98693585,0.9888137,0.9925512,0.9879539,0.99069387,0.98494065,0.9880925,0.9914077,0.98869437,0.986686,0.98788494,0.9811625,0.9921001,0.9875307,0.98729473,0.9933338,0.9885253,0.9906196,0.9929097,0.98925984,0.9865937,0.988925,0.989146,0.99493307,0.99247074,0.98868495,0.9999993,0.97480434,0.9716471,0.98332053
ipip58,0.97227395,0.98520595,0.97675073,0.9859077,0.98090255,0.982724,0.97266984,0.97897905,0.9767001,0.98618156,0.97629964,0.9746303,0.97481954,0.9745158,0.9766231,0.97446275,0.97394514,0.97129196,0.97547776,0.9740062,0.972525,0.9749925,0.9740562,0.9758982,0.97649443,0.97570324,0.9789128,0.97258556,0.9724604,0.97630525,0.97323096,0.977465,0.9727507,0.97538376,0.97115433,0.97608477,0.97115564,0.96813095,0.97193855,0.9747581,0.9751456,0.9751203,0.97684854,0.970448,0.9838246,0.97716737,0.9790146,0.9756111,0.9738063,0.9721191,0.975911,0.97002184,0.97884214,0.9725267,0.9763524,0.97789854,0.97792923,0.97610885,0.98020536,0.97865313,0.9674492,0.97524416,0.97022533,0.97897327,0.97259694,0.97644883,0.9737186,0.9749771,0.9734343,0.98113686,0.9694485,0.9724228,0.976542,0.97541857,0.97652805,0.96351725,0.9717046,0.9705903,0.9779208,0.97726876,0.97460616,0.9739934,0.9717945,0.970512,0.97280735,0.9718466,0.97289544,0.9723266,0.9754117,0.9752224,0.9736086,0.9704508,0.9726122,0.9707951,0.971448,0.97599226,0.97064525,0.97778976,0.9705341,0.9716661,0.9722638,0.9731346,0.9708339,0.9710264,0.97250485,0.9731561,0.97321707,0.9702297,0.975032,0.9711801,0.9723887,0.9687574,0.9770572,0.9744739,0.9730731,0.974506,0.9719321,0.972165,0.9711367,0.97276765,0.972085,0.97107,0.974835,0.9707419,0.97032666,0.971609,0.97567916,0.9737962,0.9767994,0.9741872,0.97311676,0.9657757,0.9744423,0.9713444,0.9721568,0.9752876,0.97568583,0.9771784,0.970479,0.9687509,0.9684927,0.9741388,0.9745448,0.97542197,0.9731108,0.9736179,0.9721201,0.9732841,0.9753193,0.97529995,0.9730352,0.97381514,0.97106326,0.974178,0.96922445,0.9742836,0.9742247,0.9731261,0.972064,0.96962774,0.9741129,0.9734142,0.9688045,0.9743803,0.97039986,0.9577145,0.97462666,0.9747561,0.96985257,0.9717296,0.9713671,0.97728074,0.9688191,0.970351,0.9736467,0.97232836,0.9735024,0.9771689,0.9760715,0.97185796,0.9725419,0.9776779,0.97507584,0.9781081,0.97786796,0.9738188,0.97302955,0.97242975,0.9726157,0.97472465,0.97264963,0.9733733,0.9737595,0.9745205,0.97236687,0.9721438,0.97396094,0.9721905,0.9725696,0.97876054,0.97420394,0.9708745,0.98055905,0.9747423,0.9752153,0.9750758,0.97280616,0.9786891,0.9787897,0.97577214,0.97461957,0.9687593,0.97378224,0.9764289,0.97777796,0.9748702,0.97357047,0.96472436,0.9737555,0.9707293,0.9723482,0.9698776,0.97484636,0.9768006,0.96978605,0.9723295,0.9703079,0.9735313,0.9750213,0.9743421,0.9738199,0.9745149,0.97464335,0.97346205,0.97303957,0.9755937,0.9747855,0.9714452,0.9737422,0.9736992,0.97170484,0.97413033,0.9730192,0.9779716,0.97584736,0.9766372,0.98490673,0.9691776,0.97260004,0.97581816,0.97692376,0.97627807,0.97570056,0.97578555,0.9764703,0.9740405,0.97375596,0.9757337,0.974396,0.9733244,0.9738721,0.9781858,0.9766418,0.9758272,0.9777944,0.9768144,0.97459763,0.9735857,0.9740768,0.97573817,0.97403693,0.9820812,0.97269654,0.9748901,0.97590035,0.97612244,0.9752397,0.97294027,0.9746934,0.97370255,0.97818696,0.97370726,0.9778223,0.97733575,0.97480434,0.99999946,0.97780746,0.9823428
ipip178,0.9633407,0.97828627,0.969503,0.9789816,0.9714064,0.97397935,0.9656962,0.97683966,0.970398,0.9802649,0.9738837,0.9664696,0.9751824,0.9728748,0.9717407,0.97293806,0.9714795,0.9671329,0.9719086,0.9720506,0.9686255,0.9684894,0.9686165,0.96910214,0.96895736,0.9711291,0.97299945,0.96922415,0.9680163,0.9708588,0.9660123,0.97237045,0.9695408,0.9682962,0.96170044,0.96974736,0.9682042,0.9611901,0.96796095,0.96841055,0.9742693,0.97161716,0.9703185,0.9707094,0.9761557,0.9708507,0.97370565,0.96835434,0.9696982,0.9687546,0.97285897,0.97570336,0.9740612,0.9730246,0.969225,0.9776351,0.97160137,0.97378546,0.97850865,0.9742472,0.95927656,0.96888256,0.9629567,0.96699876,0.96520543,0.9713757,0.9672988,0.96612334,0.96489763,0.974824,0.9596029,0.968219,0.970871,0.96772736,0.97154695,0.9701271,0.97028863,0.9668984,0.97165036,0.96747786,0.96730226,0.9669071,0.9734603,0.9602247,0.9685109,0.9638431,0.96704364,0.9750597,0.9698654,0.9673589,0.9679321,0.96397215,0.9684023,0.96842265,0.96997446,0.974431,0.9609998,0.97194964,0.97152525,0.97576493,0.9698561,0.9624794,0.9635213,0.9672722,0.9669684,0.97286224,0.96901727,0.96692336,0.970407,0.96407557,0.9646076,0.9597335,0.9714639,0.9719463,0.9681639,0.9706742,0.9673084,0.96564823,0.961644,0.9727832,0.9670042,0.96840453,0.96869195,0.96210504,0.96604174,0.9662536,0.9743092,0.97026044,0.96762425,0.9707066,0.9677612,0.96817684,0.97222936,0.9697818,0.96709424,0.96771646,0.9696294,0.97384,0.964486,0.9588648,0.9590206,0.9693607,0.9719454,0.9696072,0.9673249,0.9728221,0.9656667,0.9644088,0.9774624,0.969289,0.96489304,0.96662927,0.97145677,0.96984017,0.9600722,0.9703554,0.97074246,0.96888626,0.96997213,0.9613631,0.97489846,0.9672753,0.9623132,0.9669878,0.96127427,0.9604154,0.97114533,0.970335,0.96289015,0.96802753,0.96199346,0.9726429,0.9610547,0.9645282,0.9640961,0.9661662,0.96822965,0.9712919,0.97142136,0.9696223,0.97202045,0.96981955,0.96931523,0.9696485,0.9739848,0.9691093,0.96818674,0.9676653,0.96748316,0.971463,0.96746445,0.9663954,0.9672619,0.96452314,0.9651344,0.9637418,0.9685366,0.9643418,0.96990055,0.97570825,0.97042745,0.9622728,0.9780235,0.96741265,0.96799767,0.96808875,0.9658529,0.97435176,0.97490424,0.9769686,0.97033525,0.96143997,0.9635386,0.96909386,0.9717448,0.97032243,0.9758109,0.9651056,0.97035515,0.96782285,0.9673643,0.9691114,0.9710492,0.9712806,0.9705892,0.9648847,0.96312386,0.97016007,0.972704,0.9665727,0.9713209,0.966752,0.96458405,0.9644217,0.9651941,0.9694477,0.9663888,0.9690762,0.969371,0.9714561,0.96813923,0.97220397,0.9666157,0.9685404,0.9723868,0.9699396,0.9777927,0.96115094,0.97213256,0.97092557,0.9694649,0.96891606,0.9780068,0.96939987,0.97474027,0.9689863,0.96831214,0.9698772,0.97153896,0.96596134,0.96693784,0.970586,0.9729469,0.9736478,0.9765651,0.9718706,0.97109556,0.9665774,0.9680225,0.97450936,0.96596193,0.9774116,0.96532637,0.9701022,0.9691213,0.97048545,0.9732733,0.96476203,0.9687182,0.9670597,0.9681132,0.96699053,0.97220284,0.9675035,0.9716471,0.97780746,1.0,0.98023665
ipip208,0.98198575,0.9865215,0.9836129,0.98877066,0.9862229,0.9837517,0.98276263,0.98493177,0.98366433,0.98861116,0.9834724,0.9853862,0.98346674,0.98028487,0.9807948,0.9831224,0.983914,0.97879636,0.9826857,0.983562,0.98276585,0.9818676,0.98264027,0.9829049,0.979894,0.9832255,0.9812012,0.9825603,0.9783681,0.979675,0.98092073,0.98411477,0.98052233,0.9833473,0.9807877,0.9829924,0.9826382,0.9802846,0.9792801,0.9834799,0.9801904,0.98212457,0.98197305,0.97787637,0.983231,0.98441315,0.98291373,0.9796632,0.98230606,0.9784113,0.9828274,0.971651,0.98658264,0.97876537,0.9765937,0.98463506,0.9796145,0.9783467,0.9879027,0.9842629,0.97827095,0.9811347,0.98175186,0.98130804,0.9780721,0.9808909,0.98263973,0.9813773,0.9781991,0.9828529,0.98051685,0.9827038,0.9798556,0.9840571,0.984107,0.9667418,0.9782906,0.97946155,0.9818736,0.9819806,0.98342305,0.9845104,0.9820181,0.9791094,0.982673,0.9838576,0.98342675,0.9798244,0.97784066,0.9825199,0.98061717,0.98214436,0.98376846,0.9768202,0.9747614,0.9824184,0.9812979,0.9821429,0.9756697,0.9736628,0.9819734,0.9818898,0.98033077,0.97925645,0.98218757,0.97527725,0.9805886,0.97774863,0.9828732,0.98256767,0.9829724,0.9776674,0.983997,0.9817238,0.9838387,0.9816678,0.9813906,0.9815955,0.98045474,0.9820573,0.98284376,0.97884536,0.9825267,0.9795914,0.98155504,0.9763439,0.98248845,0.98213667,0.97863495,0.98133814,0.98297966,0.9691806,0.98069227,0.97635853,0.9828036,0.9835439,0.98294485,0.9849347,0.9821226,0.9787063,0.9791959,0.9830745,0.98094344,0.98400027,0.9817932,0.9788397,0.9800643,0.9784557,0.97966427,0.98287684,0.98179525,0.9794278,0.9751984,0.9759268,0.9800629,0.9815186,0.98080766,0.9814797,0.97706074,0.980367,0.9801256,0.9842083,0.9785745,0.9800233,0.98074776,0.9614661,0.984919,0.97886294,0.9785305,0.97801775,0.98087305,0.979238,0.9796571,0.97905695,0.9806951,0.9826599,0.98205835,0.98315823,0.9816029,0.9812279,0.9770504,0.9810727,0.9798418,0.9819349,0.9772631,0.9808731,0.9832237,0.98239166,0.98235434,0.97976744,0.98207027,0.98210156,0.982975,0.9814666,0.98237807,0.982486,0.9832346,0.9817708,0.97788846,0.98303694,0.98331165,0.980737,0.98359376,0.9832501,0.9820367,0.9808643,0.9824228,0.9767261,0.9823001,0.98097223,0.98140717,0.9767138,0.9809527,0.9823603,0.98086584,0.9803191,0.9821258,0.9626911,0.9818161,0.9798781,0.981956,0.9776551,0.98335296,0.9825465,0.9740969,0.9809649,0.98136127,0.98176074,0.9741235,0.97747415,0.9815885,0.9835435,0.98198843,0.98023325,0.9826234,0.981997,0.9813273,0.97927773,0.9822997,0.97954893,0.9800227,0.9812248,0.9822795,0.9799662,0.98133844,0.98271596,0.9876461,0.9801814,0.97198164,0.9820974,0.98330253,0.98345,0.98163617,0.9837542,0.98338103,0.9825534,0.98122835,0.9840317,0.9801578,0.9811302,0.98266125,0.9801659,0.9823958,0.97830945,0.9820975,0.9848959,0.98219824,0.9794998,0.9810579,0.97940314,0.98375696,0.9836487,0.9803935,0.98403114,0.9833002,0.9840624,0.9840142,0.9802612,0.9783533,0.9810572,0.9805416,0.983687,0.98270196,0.980819,0.98332053,0.9823428,0.98023665,1.0000005
