,ipip4,ipip34,ipip64,ipip94,ipip124,ipip154,ipip184,ipip214,ipip244,ipip274,ipip9,ipip39,ipip69,ipip99,ipip129,ipip159,ipip189,ipip219,ipip249,ipip279,ipip14,ipip44,ipip74,ipip104,ipip134,ipip164,ipip194,ipip224,ipip254,ipip284,ipip19,ipip49,ipip79,ipip109,ipip139,ipip169,ipip199,ipip229,ipip259,ipip289,ipip24,ipip54,ipip84,ipip114,ipip144,ipip174,ipip204,ipip234,ipip264,ipip294,ipip29,ipip59,ipip89,ipip119,ipip149,ipip179,ipip209,ipip239,ipip269,ipip299,ipip5,ipip35,ipip65,ipip95,ipip125,ipip155,ipip185,ipip215,ipip245,ipip275,ipip10,ipip40,ipip70,ipip100,ipip130,ipip160,ipip190,ipip220,ipip250,ipip280,ipip15,ipip45,ipip75,ipip105,ipip135,ipip165,ipip195,ipip225,ipip255,ipip285,ipip20,ipip50,ipip80,ipip110,ipip140,ipip170,ipip200,ipip230,ipip260,ipip290,ipip25,ipip55,ipip85,ipip115,ipip145,ipip175,ipip205,ipip235,ipip265,ipip295,ipip30,ipip60,ipip90,ipip120,ipip150,ipip180,ipip210,ipip240,ipip270,ipip300,ipip2,ipip32,ipip62,ipip92,ipip122,ipip152,ipip182,ipip212,ipip242,ipip272,ipip7,ipip37,ipip67,ipip97,ipip127,ipip157,ipip187,ipip217,ipip247,ipip277,ipip12,ipip42,ipip72,ipip102,ipip132,ipip162,ipip192,ipip222,ipip252,ipip282,ipip17,ipip47,ipip77,ipip107,ipip137,ipip167,ipip197,ipip227,ipip257,ipip287,ipip112,ipip142,ipip172,ipip202,ipip232,ipip262,ipip292,ipip57,ipip87,ipip117,ipip147,ipip177,ipip207,ipip237,ipip267,ipip297,ipip1,ipip31,ipip61,ipip91,ipip121,ipip151,ipip181,ipip211,ipip241,ipip271,ipip6,ipip36,ipip66,ipip96,ipip126,ipip156,ipip186,ipip216,ipip246,ipip276,ipip11,ipip41,ipip71,ipip101,ipip131,ipip161,ipip191,ipip221,ipip251,ipip281,ipip16,ipip46,ipip76,ipip106,ipip136,ipip166,ipip196,ipip226,ipip256,ipip286,ipip21,ipip51,ipip81,ipip111,ipip141,ipip171,ipip201,ipip231,ipip261,ipip291,ipip26,ipip56,ipip86,ipip116,ipip146,ipip176,ipip206,ipip236,ipip266,ipip296,ipip3,ipip33,ipip63,ipip93,ipip123,ipip153,ipip183,ipip213,ipip243,ipip273,ipip8,ipip38,ipip68,ipip128,ipip158,ipip188,ipip218,ipip248,ipip278,ipip13,ipip43,ipip73,ipip103,ipip133,ipip163,ipip193,ipip223,ipip253,ipip283,ipip18,ipip48,ipip78,ipip108,ipip138,ipip168,ipip198,ipip228,ipip258,ipip288,ipip23,ipip53,ipip83,ipip113,ipip143,ipip173,ipip203,ipip233,ipip263,ipip293,ipip58,ipip178,ipip208
ipip4,0.99999624,0.9998175,0.9999222,0.99979377,0.9999086,0.9997784,0.9999518,0.99981546,0.9999005,0.9997801,0.9997827,0.9998699,0.99978113,0.9997638,0.99966866,0.9998349,0.9998763,0.9997645,0.9998751,0.9998432,0.99988747,0.99982363,0.99988717,0.9998793,0.9997701,0.9998882,0.9997273,0.9998747,0.9998317,0.9998334,0.99988186,0.99982727,0.9997802,0.99987376,0.9999296,0.99986666,0.9998964,0.9999169,0.99986595,0.9998689,0.9997214,0.9998393,0.9998069,0.99973893,0.9997281,0.999882,0.99980277,0.9997518,0.9998586,0.99971557,0.99980986,0.9993689,0.9998876,0.9997505,0.9996857,0.9997864,0.9996972,0.99969923,0.99978215,0.9998498,0.999901,0.99982977,0.9999115,0.9998401,0.99980235,0.9997591,0.99990594,0.9998768,0.9998414,0.99973613,0.9999349,0.9998638,0.99961925,0.99981755,0.999806,0.99932843,0.9997278,0.9998535,0.9998065,0.99985373,0.99981016,0.9999202,0.99979216,0.9999029,0.99987876,0.9999233,0.99990016,0.9997871,0.999685,0.9998582,0.9997896,0.99992573,0.9998651,0.999691,0.9996092,0.99969834,0.99992156,0.9997899,0.9996775,0.9995954,0.999829,0.99990875,0.9998494,0.9998058,0.99986434,0.999559,0.9998714,0.9997008,0.9998508,0.9999149,0.9999311,0.99982584,0.9998126,0.9998029,0.99990255,0.9997754,0.9998962,0.9998955,0.9999067,0.9997879,0.99992347,0.9998209,0.9998963,0.9999003,0.9999098,0.99975455,0.9998064,0.99986583,0.9997863,0.99979377,0.9999129,0.99945056,0.9997613,0.99969476,0.99989676,0.9998792,0.99982536,0.9998478,0.9999276,0.99990755,0.99992174,0.9998739,0.9997873,0.99985206,0.99987334,0.9996792,0.99984807,0.99984133,0.9996205,0.99986094,0.9998987,0.99980956,0.9996559,0.9996347,0.9999308,0.99980515,0.99981344,0.999801,0.99965864,0.99991775,0.9996824,0.99990994,0.9998456,0.99973714,0.9999153,0.99924296,0.9998906,0.99981403,0.9998588,0.99978703,0.9999292,0.99970907,0.9999144,0.9998789,0.9998803,0.9999008,0.9998999,0.999854,0.99982715,0.99985576,0.99974364,0.9998071,0.999773,0.99980396,0.99959797,0.9998097,0.9999093,0.99990344,0.9999061,0.9997484,0.9998964,0.99990475,0.9999032,0.9998908,0.99990785,0.99992543,0.9998882,0.99992967,0.99971884,0.9997848,0.9998487,0.9999053,0.9997121,0.9999027,0.999886,0.999828,0.9999129,0.9995116,0.9997266,0.9996952,0.99983317,0.9998176,0.99989283,0.999857,0.9997556,0.9997203,0.99983835,0.9991392,0.9998215,0.999847,0.999894,0.9997715,0.99986607,0.9997981,0.999679,0.9998966,0.99991924,0.999856,0.9994438,0.99972415,0.99984646,0.9998761,0.999885,0.9998462,0.9999123,0.9997774,0.99986935,0.9997767,0.999871,0.99974394,0.99985373,0.9998005,0.9998978,0.99977195,0.9998041,0.9998707,0.9997899,0.9999267,0.99946946,0.9998011,0.99987936,0.9998769,0.99972594,0.9998806,0.99977916,0.9998604,0.99987113,0.99987286,0.99974835,0.9998563,0.9998945,0.99973273,0.99980927,0.99965554,0.99974513,0.99985546,0.99980533,0.9998,0.9998175,0.9995954,0.99992865,0.9997397,0.9998281,0.99989855,0.9998459,0.99981695,0.99982285,0.99986386,0.99976116,0.9998591,0.99978536,0.9998975,0.9998106,0.9997651,0.99984765,0.9995416,0.9994237,0.99975985
ipip34,0.9998175,0.9999967,0.99983555,0.9999059,0.9998838,0.99983364,0.9997984,0.99982804,0.9998219,0.99989086,0.99973494,0.9997774,0.99977005,0.99977386,0.99966866,0.9997484,0.9997926,0.9997514,0.9998004,0.99979985,0.9998256,0.9998013,0.9998092,0.99982125,0.9997715,0.99980545,0.99978524,0.99981105,0.9997684,0.99977493,0.9997677,0.99977845,0.9997237,0.9997917,0.99979055,0.99978334,0.9997667,0.99976814,0.99977964,0.99978757,0.9997194,0.9997688,0.9997976,0.9996958,0.99984854,0.9998247,0.9998088,0.99972856,0.99978447,0.99972147,0.9997919,0.99959564,0.99982303,0.9997777,0.99971914,0.99979526,0.99972934,0.9997437,0.9998424,0.9997882,0.99976426,0.9997745,0.99976796,0.9997817,0.99977016,0.9997355,0.99978644,0.99975073,0.99975604,0.9997445,0.9997628,0.99976724,0.99966323,0.9997518,0.9997791,0.99943554,0.9996924,0.99975246,0.99978137,0.9997898,0.9997466,0.99980044,0.9997259,0.9997502,0.9997902,0.9997508,0.9997597,0.99978393,0.99967414,0.9997621,0.9997208,0.999753,0.9997717,0.999698,0.9996525,0.99974746,0.9997521,0.9997639,0.9996694,0.99964577,0.99975145,0.99977726,0.9997405,0.9997273,0.9997775,0.9996251,0.9997456,0.99964744,0.9997808,0.9997661,0.99978083,0.9997611,0.99978524,0.99975085,0.99977297,0.99975985,0.9997573,0.99977547,0.9997721,0.99974513,0.9997938,0.99977183,0.99981356,0.9998003,0.999785,0.99971217,0.99978614,0.99979126,0.9997595,0.99977636,0.9997733,0.99951875,0.9997594,0.99972737,0.9997644,0.99979013,0.999763,0.99978805,0.99977106,0.99973893,0.99974614,0.9997964,0.99978137,0.99978864,0.9997757,0.99973303,0.99975324,0.9997525,0.99968386,0.9997897,0.99976414,0.9997362,0.9996676,0.99965674,0.9997503,0.99976885,0.99975556,0.9997611,0.99969125,0.99976027,0.99971443,0.9998008,0.99973375,0.99971086,0.9997596,0.9993125,0.99978065,0.99976605,0.9997717,0.9997145,0.9997826,0.99974847,0.9997334,0.9997485,0.9997596,0.99976254,0.99979204,0.99978524,0.9997699,0.99976015,0.99971825,0.99977994,0.9997309,0.9997777,0.99968535,0.99975926,0.9997774,0.9997716,0.9997784,0.9997446,0.9997614,0.9997709,0.9997738,0.9997745,0.99978566,0.99975705,0.9997866,0.99978197,0.9996998,0.9997926,0.9997745,0.99976647,0.99977064,0.9997715,0.9998076,0.99977064,0.9997847,0.9996468,0.9997648,0.9997182,0.99977523,0.999713,0.99976313,0.9997922,0.9997684,0.9997282,0.9997434,0.99932706,0.9997733,0.99974847,0.999762,0.9997064,0.9997935,0.9997633,0.9996514,0.9997533,0.999764,0.99977374,0.9996034,0.9996886,0.9997773,0.9997852,0.9997842,0.9997409,0.9997895,0.9997584,0.9997968,0.99973905,0.9997728,0.9997316,0.9997745,0.9997743,0.9997541,0.9997582,0.9997557,0.99978924,0.99983984,0.99977463,0.9996082,0.9997722,0.99978834,0.999783,0.9997304,0.9997866,0.99975514,0.9997939,0.9998389,0.99980116,0.99974966,0.9997737,0.99978745,0.9997437,0.99976796,0.9996911,0.99976385,0.99978346,0.99976313,0.9997361,0.99977106,0.9996602,0.999782,0.9997595,0.9997624,0.9997899,0.99978924,0.99977434,0.9997702,0.9997732,0.9997163,0.9997916,0.99975026,0.99976665,0.9997828,0.9997344,0.99977285,0.99973994,0.99960405,0.9997963
ipip64,0.9999222,0.99983555,0.9999972,0.9998166,0.9998849,0.9997951,0.99990255,0.9998048,0.9998646,0.99980235,0.9997819,0.9998472,0.99979407,0.9997645,0.999715,0.999811,0.9998538,0.99976605,0.99983835,0.99980927,0.99986875,0.9998001,0.99985534,0.999843,0.9997726,0.99985236,0.99975663,0.999855,0.99980503,0.9998113,0.999833,0.9998204,0.99977326,0.99983716,0.99987644,0.99984294,0.99985677,0.9998683,0.9998304,0.9998319,0.9997175,0.9998332,0.9997955,0.99973917,0.9997537,0.9998574,0.9998078,0.99977416,0.9998376,0.99972594,0.9998043,0.9994724,0.9998584,0.9997494,0.9997096,0.9997907,0.99971676,0.9997228,0.9998076,0.99983215,0.99984616,0.99983776,0.9998502,0.9998186,0.9997927,0.9997809,0.9998566,0.9998414,0.9998169,0.9997638,0.99985844,0.9998309,0.9996519,0.999791,0.99981433,0.99940443,0.9997288,0.9998196,0.99980724,0.9998306,0.99979657,0.9998761,0.9997872,0.9998611,0.9998642,0.9998501,0.9998431,0.9997823,0.9997331,0.99983555,0.9997752,0.99984956,0.9998256,0.9997011,0.9996694,0.99971586,0.99985105,0.99977446,0.99968636,0.99963933,0.9998037,0.99984884,0.99981546,0.99978703,0.99982977,0.9996018,0.999823,0.9996857,0.99981654,0.99984837,0.99987066,0.9998169,0.99980944,0.99979615,0.99984854,0.99978024,0.99983865,0.99985135,0.99984956,0.99977696,0.9998693,0.9998071,0.99987924,0.9998612,0.99986625,0.99974513,0.9997961,0.99983186,0.99977505,0.9997734,0.99985695,0.9995394,0.9997707,0.9997432,0.9998443,0.99983746,0.9998012,0.99983066,0.99985886,0.99982685,0.9998443,0.9998269,0.99980813,0.9998181,0.99984735,0.9997066,0.9998122,0.9998182,0.9996655,0.99983406,0.9998363,0.99977505,0.9996811,0.9996683,0.9998539,0.99980265,0.99980205,0.99978346,0.9996865,0.99984896,0.9997173,0.9998656,0.99980694,0.99975115,0.99984384,0.99930555,0.99985325,0.99979335,0.9998212,0.99976724,0.9998672,0.9997351,0.99984324,0.9998304,0.99982923,0.9998504,0.99985707,0.999828,0.99980676,0.9998202,0.99974465,0.9998063,0.99976075,0.9998017,0.9996614,0.9997902,0.99985236,0.99984694,0.9998493,0.9997419,0.99983275,0.9998497,0.99984914,0.9998385,0.9998607,0.99985373,0.99984366,0.9998565,0.99971706,0.99978477,0.9998131,0.99984145,0.9997206,0.99984586,0.99985826,0.9998081,0.99985415,0.9995822,0.9997423,0.9997171,0.9998251,0.9997867,0.99983966,0.9998367,0.9997702,0.99974465,0.9998066,0.9992709,0.999819,0.9998146,0.9998508,0.9997479,0.99984163,0.9997921,0.9996978,0.99983895,0.9998467,0.9998228,0.99950504,0.9997284,0.9998193,0.9998368,0.99984753,0.9998168,0.9998501,0.9997689,0.9998312,0.9997678,0.999839,0.99975514,0.9998241,0.99980205,0.99984086,0.99976724,0.99979347,0.9998389,0.99981135,0.99986726,0.9995505,0.99979573,0.999843,0.99984473,0.99974567,0.9998485,0.9997872,0.99982905,0.9998427,0.99984246,0.99975353,0.99981564,0.9998489,0.9997453,0.9998006,0.99966586,0.9997823,0.99982685,0.9998011,0.9997801,0.9998022,0.9996715,0.99986416,0.99976164,0.9998015,0.99986076,0.99982697,0.99980676,0.9998245,0.99982864,0.99976987,0.9998431,0.9997806,0.99984854,0.9998046,0.99976707,0.99983114,0.99960935,0.9995086,0.9997801
ipip94,0.99979377,0.9999059,0.9998166,0.9999974,0.99990064,0.99982506,0.99980235,0.9997806,0.9998087,0.9999705,0.9997368,0.99977344,0.99975365,0.99973285,0.999662,0.9997449,0.9997936,0.99971664,0.9997757,0.999754,0.9998193,0.99975747,0.99979407,0.99979985,0.9997407,0.9997911,0.9997584,0.9998086,0.99974406,0.99974436,0.9997684,0.9997708,0.9997095,0.9997835,0.9997669,0.99978447,0.9997623,0.99976844,0.9997497,0.99977064,0.99971884,0.9997631,0.999819,0.99968344,0.9998412,0.9998141,0.9997934,0.9997032,0.99977154,0.9997129,0.999784,0.9995646,0.999815,0.9997387,0.9996846,0.99980235,0.99973375,0.9997315,0.99986637,0.9997888,0.99975455,0.99976563,0.99975806,0.99976367,0.9997411,0.99971694,0.99977434,0.9997484,0.99973816,0.9997312,0.9997624,0.9997693,0.9996579,0.9997525,0.9997727,0.9994079,0.999669,0.9997374,0.99977684,0.99978226,0.9997359,0.99979186,0.99972355,0.99974334,0.9997837,0.99974567,0.99975777,0.999734,0.9996555,0.99975145,0.9997104,0.99975467,0.9997586,0.99968004,0.99963,0.99971426,0.9997514,0.99977356,0.99965894,0.9996244,0.9997339,0.9997818,0.9997304,0.9997228,0.99976397,0.99962246,0.99974376,0.99964345,0.9997734,0.9997556,0.9997734,0.9997337,0.99977547,0.9997354,0.9997682,0.9997503,0.9997437,0.99977344,0.99976444,0.99973536,0.99979097,0.9997591,0.99981266,0.9997819,0.99978304,0.99971515,0.9997795,0.9997738,0.9997533,0.99974364,0.9997758,0.99951226,0.9997577,0.9996716,0.99976075,0.999796,0.99976176,0.9997914,0.9997679,0.99973184,0.99974114,0.99978435,0.9997466,0.99977577,0.9997612,0.9996652,0.9997402,0.99973756,0.99967504,0.9997593,0.999773,0.999743,0.9996678,0.9996374,0.9997476,0.99976385,0.9997513,0.9997674,0.9996616,0.9997602,0.9997203,0.99980706,0.999739,0.9997085,0.9997552,0.99933267,0.99978197,0.99975073,0.9997655,0.99971104,0.9997893,0.9997258,0.9997273,0.99974316,0.9997648,0.9997596,0.99978155,0.9997673,0.999772,0.99976003,0.9997031,0.9997758,0.9997454,0.99977344,0.9996522,0.99974996,0.9997754,0.99976987,0.9997723,0.9997545,0.9997538,0.9997755,0.9997759,0.9997733,0.9997783,0.9997553,0.99979395,0.9997829,0.9997151,0.9997804,0.9997762,0.9997681,0.99978197,0.9997779,0.9998014,0.9997615,0.9997898,0.99962217,0.99975085,0.99970746,0.99976623,0.9996962,0.9997625,0.9997827,0.9997612,0.99972284,0.9997507,0.9993132,0.999757,0.9997465,0.9997721,0.99970245,0.9997913,0.99976385,0.9996526,0.9997513,0.9997662,0.99976355,0.99960864,0.99967974,0.9997687,0.9997758,0.9997769,0.999736,0.9997771,0.999747,0.9997813,0.9997362,0.99978083,0.9997262,0.9997633,0.99975926,0.999761,0.99973655,0.999753,0.999779,0.9998534,0.9997794,0.9995765,0.99977905,0.999792,0.9997846,0.9997371,0.9997889,0.9997643,0.99979746,0.99979824,0.9998049,0.999745,0.9997731,0.9997923,0.9997398,0.99977624,0.9996952,0.9997671,0.9997889,0.9997579,0.9997387,0.9997616,0.9996557,0.9997801,0.9997592,0.9997883,0.9997882,0.9997904,0.99977386,0.9997782,0.9997684,0.99970055,0.99979067,0.9997539,0.9997682,0.9997771,0.9997343,0.9997677,0.9997564,0.9996217,0.9998268
ipip124,0.9999086,0.9998838,0.9998849,0.99990064,0.99999917,0.999839,0.99989974,0.999828,0.99987996,0.99988943,0.9997899,0.9998592,0.9997965,0.999772,0.99970067,0.9998128,0.9998487,0.99977994,0.9998509,0.99981385,0.9998778,0.9998191,0.9998857,0.99987566,0.99981,0.9998634,0.9997727,0.99985695,0.99980795,0.99981445,0.9998576,0.9998347,0.99978095,0.9998621,0.9998722,0.99987924,0.99984807,0.9998665,0.99982685,0.999862,0.9997488,0.9998383,0.9998461,0.999743,0.9998183,0.99990034,0.99984884,0.99977547,0.9998569,0.99974436,0.9998463,0.99949515,0.99989045,0.999777,0.99972373,0.9998163,0.99979424,0.9997504,0.9998491,0.99984986,0.9998569,0.9998349,0.9998598,0.9998582,0.99981904,0.99977475,0.9998643,0.9998452,0.99982953,0.999768,0.9998845,0.99985194,0.9996726,0.9998291,0.99981964,0.9993712,0.99973,0.9998115,0.9998196,0.9998528,0.9998105,0.999891,0.9997837,0.99985987,0.9998675,0.99986196,0.9998545,0.99976414,0.99969584,0.99983275,0.9997846,0.9998706,0.9998504,0.99972504,0.99963975,0.99973005,0.9998739,0.99981534,0.9996854,0.9996314,0.99979967,0.999876,0.9998086,0.9997967,0.9998515,0.9996141,0.9998323,0.9997132,0.99983364,0.99985653,0.9998774,0.9998224,0.99984396,0.99979544,0.999857,0.99980325,0.99984163,0.99986535,0.99986213,0.9997806,0.99988085,0.9998057,0.99987197,0.99986064,0.99987763,0.9997591,0.9998047,0.9998341,0.9998048,0.9997746,0.9998853,0.99949825,0.999797,0.99970096,0.9998739,0.99986804,0.99982905,0.99985164,0.9998741,0.99985546,0.99986446,0.9998508,0.9997833,0.9998452,0.999855,0.99968535,0.9998265,0.99982697,0.999684,0.9998438,0.9998658,0.9998084,0.99970204,0.9996582,0.9998639,0.9998205,0.99981683,0.99982715,0.99968123,0.99986076,0.99973756,0.99989283,0.99982595,0.9997674,0.9998744,0.99931896,0.9998708,0.99981874,0.9998572,0.99979204,0.9999113,0.99977505,0.9998534,0.9998436,0.9998532,0.99985045,0.99987745,0.9998643,0.99984664,0.99983144,0.9997537,0.9998141,0.99977136,0.999814,0.99965435,0.9998044,0.9998664,0.99986166,0.9998628,0.9997736,0.9998524,0.9998567,0.99985904,0.9998607,0.9998768,0.999867,0.9998727,0.99989325,0.9997512,0.99983144,0.9998444,0.9998738,0.9997893,0.99986786,0.9998812,0.99984264,0.9998787,0.99960035,0.9997565,0.9997396,0.99981964,0.99978495,0.99985987,0.99984944,0.99978703,0.99976397,0.99981505,0.9992495,0.9998117,0.9998254,0.9998784,0.9997611,0.9998509,0.99981904,0.9996822,0.999849,0.9998678,0.9998372,0.9995375,0.9997431,0.9998356,0.99986154,0.999866,0.99982864,0.99986786,0.9997896,0.9998745,0.99981445,0.9998757,0.9997828,0.9998518,0.9998059,0.99985754,0.99980515,0.99980325,0.99986,0.99991065,0.9998973,0.9995587,0.9998475,0.9998796,0.9998771,0.99976814,0.9998767,0.9998143,0.99985737,0.99985075,0.999893,0.99978536,0.9998582,0.9998656,0.99976325,0.99981195,0.9997046,0.99977946,0.99985677,0.9998196,0.9998227,0.9998303,0.9996552,0.9998856,0.9997994,0.9998529,0.999877,0.9998534,0.9998364,0.9998456,0.99985784,0.9997721,0.99986833,0.99982023,0.9998679,0.99983305,0.9998013,0.9998342,0.99968916,0.99954814,0.9998194
ipip154,0.9997784,0.99983364,0.9997951,0.99982506,0.999839,0.9999995,0.99977523,0.99974173,0.99979556,0.9998164,0.9997235,0.99978006,0.9997418,0.99970365,0.9996869,0.9997416,0.9997704,0.9997075,0.9997649,0.99974227,0.9998004,0.99977225,0.9997868,0.9998034,0.9997705,0.9997805,0.9997112,0.9997806,0.99974513,0.9997611,0.9997765,0.99976903,0.9997258,0.99977744,0.9997598,0.9997862,0.99975365,0.9997466,0.99977356,0.99977684,0.99967486,0.9997458,0.9997735,0.999673,0.9998021,0.99982667,0.999782,0.9997299,0.9997547,0.9996934,0.99975514,0.99949235,0.9997782,0.99970436,0.9996823,0.999742,0.99970895,0.99973583,0.9998045,0.9997829,0.9997804,0.99976677,0.99978465,0.99980193,0.99977154,0.9997554,0.9997709,0.99978244,0.99978334,0.99975985,0.9997775,0.9997837,0.9997519,0.99974054,0.9997769,0.9993974,0.9997072,0.9997584,0.9997689,0.99979275,0.9997603,0.9997959,0.99972516,0.9997659,0.99977654,0.999757,0.99975693,0.9997244,0.9996751,0.9997475,0.9997566,0.9997714,0.9997777,0.9997048,0.9996428,0.999673,0.99976933,0.99975723,0.99967766,0.99962026,0.99976176,0.99980664,0.9997638,0.99977636,0.999788,0.999638,0.9997571,0.9996969,0.99977076,0.999763,0.99977726,0.999749,0.99977386,0.99973583,0.9997606,0.99973875,0.99977016,0.999783,0.999764,0.9997396,0.9997851,0.999746,0.9997984,0.9997787,0.9997816,0.9997102,0.9997476,0.9997502,0.99974716,0.9997135,0.9997846,0.99947846,0.99972206,0.9996647,0.9997642,0.9997986,0.99979335,0.99978244,0.9997648,0.99976504,0.9997743,0.99977857,0.99974203,0.9997661,0.99979657,0.999684,0.99977726,0.99978405,0.99964094,0.99976945,0.9997918,0.99976176,0.99966794,0.9996781,0.9997611,0.9997828,0.99976444,0.9997494,0.99970776,0.999761,0.9996765,0.99979156,0.9997431,0.9997248,0.9997735,0.99932694,0.9997703,0.9997901,0.99975866,0.99972576,0.99979883,0.99975353,0.999755,0.99976796,0.9997696,0.9997577,0.9998084,0.99981916,0.99978197,0.99975616,0.9997133,0.99976784,0.9997497,0.9997672,0.9996872,0.99973947,0.99977535,0.999775,0.99977833,0.99973994,0.99976075,0.9997709,0.99977875,0.999777,0.9998045,0.99976057,0.99979764,0.9997782,0.99971217,0.99976385,0.9997652,0.99978596,0.9997596,0.9997899,0.99981093,0.99980116,0.9997783,0.99967396,0.9997244,0.99970114,0.9997672,0.9997229,0.99976707,0.9997708,0.9997456,0.99971426,0.9997538,0.9993044,0.99976057,0.99976504,0.9997849,0.9996876,0.9997604,0.99976236,0.99965084,0.999769,0.99976116,0.99978167,0.9995983,0.99972594,0.99976456,0.9997713,0.9997961,0.9997712,0.99979055,0.9997381,0.9997789,0.9997258,0.9997813,0.99973935,0.9997624,0.99976283,0.99976456,0.999746,0.9997505,0.9997824,0.9998037,0.9997846,0.99953026,0.99975765,0.9997941,0.99979013,0.9997209,0.99979746,0.9997439,0.9997574,0.9997741,0.9997823,0.99970883,0.9997803,0.9997777,0.9997027,0.9997224,0.99964833,0.9997316,0.99977076,0.9997527,0.99975085,0.99978006,0.9996594,0.99978024,0.9997639,0.9997637,0.9997774,0.9997656,0.9997677,0.99975544,0.99976844,0.99973595,0.9997948,0.99974567,0.9997601,0.9997587,0.9997327,0.99975014,0.99970526,0.9995634,0.99977094
ipip184,0.9999518,0.9997984,0.99990255,0.99980235,0.99989974,0.99977523,0.9999967,0.9998502,0.9999292,0.99980444,0.9997859,0.9998614,0.99979687,0.99977344,0.9996791,0.9998452,0.99988836,0.99977255,0.9998734,0.9998609,0.9998846,0.999809,0.9998707,0.99989283,0.9997764,0.9999037,0.9997627,0.99989426,0.9998362,0.99983793,0.99986833,0.9998637,0.9998093,0.9998901,0.999937,0.9998758,0.9999088,0.9999399,0.9998675,0.99988496,0.99975574,0.9998776,0.99981457,0.99975854,0.9997295,0.9998832,0.99981844,0.9997492,0.99986947,0.99972844,0.99983054,0.99941456,0.9998835,0.9997825,0.99971545,0.99982196,0.9996947,0.9997307,0.999799,0.99987495,0.99988276,0.99981624,0.9998925,0.999822,0.99979556,0.99974865,0.99991786,0.9998905,0.99986005,0.99976665,0.9999237,0.9998683,0.99962133,0.99981576,0.99980086,0.9993549,0.9997501,0.99985695,0.9998307,0.9998697,0.9998055,0.99991107,0.9997783,0.9998852,0.9998703,0.9999236,0.99990267,0.9997803,0.99969864,0.99987787,0.9997875,0.99991214,0.99985677,0.9996852,0.9996076,0.9996962,0.99991643,0.99980956,0.9996708,0.9996179,0.99981046,0.9999034,0.99983984,0.99980265,0.999859,0.99959207,0.99988264,0.99971044,0.99987406,0.9999274,0.999937,0.99981576,0.9998098,0.99981093,0.99990535,0.99978405,0.9998935,0.9999064,0.9999075,0.99980396,0.99990714,0.99981,0.99989855,0.99988496,0.9999009,0.9997756,0.9998457,0.9998943,0.99981,0.9998112,0.9999074,0.99947757,0.99975854,0.9996942,0.99989337,0.99988234,0.9998397,0.9998823,0.9999425,0.9999044,0.9999096,0.9998702,0.9997746,0.9998652,0.9998716,0.99967146,0.99985266,0.9998618,0.9996693,0.9998665,0.9999055,0.9998149,0.99966437,0.9996206,0.99991786,0.9998159,0.9998142,0.9998129,0.9996633,0.99992776,0.99969447,0.99991983,0.99985456,0.9997395,0.9999252,0.999282,0.999919,0.99982446,0.99985886,0.9997839,0.99992865,0.9997102,0.99990755,0.999872,0.9998875,0.9999069,0.99991876,0.99988025,0.9998591,0.99987215,0.99975824,0.99982023,0.9997628,0.9998199,0.9996175,0.9998025,0.9999137,0.9999159,0.99991184,0.99978304,0.99990326,0.99990815,0.99990773,0.99988836,0.9999049,0.9999262,0.9999123,0.9999474,0.9997556,0.99982375,0.9998798,0.9999289,0.9997572,0.9999101,0.9998771,0.99982756,0.9999256,0.9995515,0.9997651,0.9997336,0.9998386,0.99983376,0.9998857,0.99984986,0.99977845,0.99970984,0.99985325,0.99918747,0.99983007,0.9998626,0.9998964,0.99978495,0.99987185,0.999793,0.9996753,0.9999056,0.99993443,0.9998802,0.99949557,0.999745,0.99987215,0.9998645,0.99987864,0.99983543,0.99989915,0.99977684,0.9998738,0.99979025,0.9998753,0.9997573,0.99986315,0.9998141,0.9999066,0.9997975,0.99981964,0.99989015,0.9997859,0.99992967,0.999483,0.99980545,0.9999028,0.9999037,0.99976623,0.9999066,0.99981374,0.9998712,0.99987274,0.99987835,0.9997595,0.99986136,0.99990994,0.9997541,0.99983305,0.9996924,0.99978715,0.9998674,0.9998117,0.9998132,0.9998178,0.9996041,0.9999492,0.99978393,0.9998423,0.999929,0.9998511,0.9998265,0.99983376,0.9998706,0.99975264,0.9998634,0.9998094,0.99991137,0.9998395,0.99979883,0.9998765,0.9995592,0.99946374,0.9997668
ipip214,0.99981546,0.99982804,0.9998048,0.9997806,0.999828,0.99974173,0.9998502,0.99999714,0.9998801,0.99979544,0.999761,0.99977666,0.9998064,0.9997975,0.99968606,0.99980396,0.99982417,0.9997825,0.9998266,0.99984866,0.99981284,0.9998238,0.99978477,0.9998513,0.9997271,0.99984366,0.9998004,0.9998336,0.99979454,0.99977356,0.999764,0.99983066,0.9997738,0.9998278,0.9998415,0.9997944,0.9998193,0.9998265,0.99981564,0.9998344,0.9997663,0.9998118,0.9997721,0.99972683,0.99975586,0.9998185,0.99980253,0.9997278,0.999815,0.99974954,0.99981165,0.99955064,0.99982655,0.9998147,0.99971384,0.99982285,0.9996935,0.999751,0.99978364,0.9998229,0.9997776,0.9997645,0.9997925,0.9997692,0.9997636,0.99970937,0.99985045,0.9997847,0.9997719,0.9997704,0.99977845,0.9997811,0.99962586,0.9997552,0.999764,0.99945873,0.999742,0.99978334,0.99979746,0.9998064,0.9997348,0.99981403,0.9997313,0.999761,0.99980456,0.9998024,0.99981314,0.99979126,0.9996964,0.99982584,0.99973524,0.999767,0.99979305,0.9997016,0.9996436,0.9997531,0.99978375,0.99978215,0.99967146,0.99965453,0.9997653,0.9997869,0.9997678,0.99973196,0.99978983,0.9996438,0.99979556,0.9996758,0.999827,0.99982005,0.9998219,0.9997709,0.999778,0.99979323,0.99983174,0.99977756,0.9998092,0.99981254,0.99981344,0.9997942,0.9998083,0.9997904,0.9998145,0.9998057,0.99979174,0.99973375,0.9998401,0.99984086,0.99976444,0.9998042,0.9997934,0.99952555,0.9997374,0.9997287,0.99980384,0.9998008,0.999782,0.99982524,0.9998221,0.9997733,0.9997693,0.9998087,0.999769,0.99983066,0.99979687,0.9997109,0.99978787,0.9997719,0.9997137,0.9998252,0.999792,0.99975574,0.99967873,0.99964815,0.99978673,0.9997547,0.9997481,0.999767,0.99967664,0.9998129,0.9997066,0.9998262,0.9997858,0.999702,0.9998139,0.9993475,0.9998287,0.9997601,0.99979824,0.9997256,0.99978346,0.99972796,0.9997764,0.99976665,0.9997851,0.999808,0.99984497,0.9998444,0.9998165,0.99982554,0.9997822,0.99978584,0.99972564,0.9997965,0.9996509,0.99977213,0.9998327,0.99983793,0.9998358,0.99977916,0.99981904,0.9998081,0.9998058,0.9997898,0.99980843,0.9997893,0.9998363,0.9998312,0.99975395,0.99981797,0.99984413,0.9998169,0.99978614,0.99980414,0.9998042,0.9997604,0.9998309,0.9996403,0.9997917,0.99978775,0.9997804,0.99978745,0.9997885,0.9998046,0.9997864,0.9997076,0.9997895,0.99935144,0.99979925,0.99979067,0.99977124,0.99974567,0.9998363,0.9997772,0.9996455,0.9997944,0.9998329,0.99983394,0.99959606,0.99972594,0.9998443,0.99981165,0.9998039,0.9997469,0.9998069,0.9997777,0.9998174,0.9997815,0.9997929,0.9997542,0.9998221,0.9997956,0.9998008,0.9997493,0.99979794,0.9998326,0.99976987,0.99978673,0.99958485,0.9997585,0.99980265,0.99979955,0.9997424,0.9998067,0.99977314,0.99983615,0.99985564,0.9998094,0.99976367,0.9997968,0.9998234,0.99975854,0.9998281,0.9997385,0.9997808,0.9998088,0.9997631,0.99975455,0.9997671,0.9996051,0.99982995,0.99977666,0.99977607,0.9998377,0.9998141,0.999797,0.99978614,0.9997861,0.99970263,0.9997949,0.9997746,0.99982196,0.99983436,0.99976397,0.9998249,0.9996297,0.9995688,0.9997589
ipip244,0.9999005,0.9998219,0.9998646,0.9998087,0.99987996,0.99979556,0.9999292,0.9998801,0.999999,0.9998162,0.99979925,0.9998572,0.9998177,0.9998002,0.99972534,0.99982893,0.9998642,0.9998207,0.9998772,0.9998572,0.9998766,0.99983954,0.99987286,0.9999434,0.9998041,0.9999047,0.99982935,0.99988437,0.9998446,0.9998429,0.99987936,0.9998841,0.9998328,0.9998958,0.9998923,0.9998695,0.9998737,0.999881,0.9998657,0.99988705,0.9997857,0.99986565,0.9998423,0.99976844,0.99978644,0.9998869,0.9998599,0.9997698,0.99986285,0.99976337,0.9998546,0.99952126,0.99987394,0.99982435,0.99979335,0.99985486,0.9997063,0.9997869,0.9998113,0.9998841,0.9998472,0.999829,0.99987036,0.99985963,0.999816,0.99977136,0.99989355,0.9998719,0.9998612,0.9997963,0.9998805,0.9998627,0.99967104,0.9998143,0.99981254,0.99941033,0.99976534,0.9998418,0.9998754,0.9999001,0.9998283,0.999887,0.9997755,0.99984825,0.99986184,0.99987155,0.9998641,0.99980426,0.99972665,0.9998539,0.9997956,0.99987227,0.9998366,0.99973357,0.99965554,0.99974006,0.99986726,0.9998626,0.9997006,0.99966073,0.9998046,0.9999035,0.99982846,0.9998174,0.9998589,0.9996802,0.9998607,0.9997553,0.9998847,0.9998783,0.99989736,0.9998369,0.99982697,0.9998222,0.9998841,0.99981946,0.99987847,0.9998822,0.99987954,0.99981517,0.9998842,0.999835,0.99988985,0.9998889,0.99986386,0.99983275,0.99987626,0.99989444,0.99987185,0.9998416,0.9998771,0.99955297,0.99979156,0.99974245,0.99986565,0.9998901,0.99986714,0.99988616,0.9999044,0.9998766,0.9998711,0.99988025,0.9997933,0.9998801,0.99986404,0.9997191,0.99985635,0.99986464,0.9997316,0.9998748,0.99990594,0.9998641,0.9997233,0.9996767,0.9998724,0.99983937,0.9998402,0.999833,0.9996851,0.9998915,0.9997421,0.9999059,0.9998527,0.9997959,0.99989474,0.9993586,0.9998864,0.9998485,0.99984926,0.99977666,0.99988073,0.99975646,0.99985856,0.999875,0.9999046,0.99988,0.99991786,0.9999105,0.99991685,0.99988407,0.99980855,0.99987197,0.99980766,0.99987406,0.99966806,0.9998163,0.99990034,0.99990726,0.999904,0.9998454,0.99988323,0.9998904,0.9998842,0.9999062,0.9998922,0.99988526,0.99990207,0.9999075,0.99981123,0.99986607,0.9998813,0.999903,0.9997957,0.9998859,0.99988663,0.9998703,0.99993247,0.9996827,0.999833,0.9998343,0.9998557,0.99984366,0.99990064,0.9998847,0.99984294,0.9997739,0.99984807,0.99930346,0.99983,0.99985456,0.99987346,0.99978906,0.99986297,0.9998427,0.9996911,0.9998708,0.9999046,0.99989027,0.9996093,0.9997989,0.99988645,0.9998699,0.99987173,0.9998379,0.9998813,0.9998308,0.9998849,0.9998094,0.9998729,0.999797,0.9998634,0.9998244,0.9998742,0.9998387,0.9998321,0.9998952,0.99981624,0.9998807,0.9995428,0.999821,0.9998977,0.99990207,0.99980927,0.9999027,0.99983644,0.9998672,0.99987394,0.999904,0.99979806,0.99987537,0.99988914,0.99982446,0.9998454,0.99973065,0.99981767,0.99986523,0.9998296,0.999855,0.9998351,0.9996698,0.99990517,0.9998353,0.9998761,0.99989843,0.9998945,0.99984026,0.9998474,0.9998683,0.999784,0.99986,0.9998585,0.99989104,0.99986386,0.9998467,0.99987197,0.99961257,0.99951595,0.9997784
ipip274,0.9997801,0.99989086,0.99980235,0.9999705,0.99988943,0.9998164,0.99980444,0.99979544,0.9998162,0.9999963,0.9997377,0.9997595,0.9997629,0.9997504,0.9996555,0.9997536,0.9998023,0.99972767,0.9997836,0.9997619,0.99981004,0.99974877,0.9997863,0.9998017,0.9997289,0.9998058,0.9997742,0.9998142,0.99975044,0.9997449,0.99976456,0.999781,0.99972606,0.9997879,0.99976957,0.9997882,0.99977386,0.9997786,0.99975,0.999777,0.9997355,0.9997755,0.9998162,0.9996815,0.9998536,0.99981403,0.99979794,0.99969786,0.9997722,0.99972534,0.9997805,0.9995773,0.99980897,0.9997545,0.99970245,0.99981725,0.99974126,0.9997385,0.99986684,0.9998047,0.99974036,0.9997586,0.99974436,0.99975705,0.9997378,0.9997102,0.9997745,0.99975395,0.99974287,0.99974245,0.99975306,0.9997635,0.9996644,0.99974304,0.9997646,0.9994162,0.9996772,0.9997359,0.9997898,0.99979055,0.9997223,0.9997796,0.9997089,0.9997346,0.9997717,0.99974424,0.9997562,0.99973494,0.9996647,0.9997534,0.99970114,0.99974626,0.9997524,0.9996771,0.999628,0.999712,0.99973977,0.99978065,0.9996609,0.99963105,0.9997248,0.99977446,0.99972594,0.9997197,0.999757,0.9996304,0.9997517,0.99963933,0.99977493,0.9997524,0.9997708,0.9997231,0.9997648,0.9997471,0.99976987,0.9997547,0.9997489,0.9997783,0.99976987,0.99973565,0.9997848,0.99974793,0.9998002,0.9997742,0.9997699,0.9997208,0.999791,0.99977964,0.99977285,0.99975175,0.9997743,0.9995129,0.9997502,0.99966997,0.99975634,0.99980295,0.9997754,0.99980253,0.9997661,0.99972636,0.99973166,0.9997809,0.99974537,0.9997811,0.9997644,0.9996607,0.9997372,0.9997429,0.999693,0.9997596,0.9997728,0.9997472,0.9996653,0.99963313,0.9997383,0.9997663,0.99974847,0.9997615,0.99966496,0.999759,0.9997189,0.9998134,0.999747,0.9997075,0.9997625,0.99935216,0.9997871,0.9997538,0.99975973,0.9997054,0.999784,0.9997231,0.99972415,0.99974203,0.9997688,0.9997558,0.9997894,0.9997813,0.9997902,0.9997715,0.9997166,0.9997818,0.9997347,0.9997808,0.9996685,0.99973863,0.99978536,0.9997809,0.9997829,0.99976975,0.9997584,0.99977136,0.9997715,0.9997763,0.99977297,0.9997471,0.9998006,0.9997938,0.99973476,0.999799,0.9997823,0.99977344,0.9997949,0.99977523,0.99979436,0.99976313,0.9997918,0.99964476,0.99975836,0.99972534,0.99976635,0.99970174,0.9997646,0.9997783,0.99976903,0.99971503,0.99976194,0.99934125,0.9997701,0.9997506,0.9997716,0.9997033,0.9997891,0.9997585,0.99964964,0.99975324,0.9997708,0.9997736,0.9996277,0.9996889,0.99977815,0.9997671,0.9997704,0.99972814,0.9997693,0.99974537,0.99977666,0.999742,0.9997786,0.9997329,0.9997723,0.99976015,0.99975735,0.999746,0.9997536,0.9997889,0.9998403,0.9997707,0.99958706,0.99977165,0.9998028,0.9997971,0.9997509,0.99979764,0.9997758,0.9997983,0.99979883,0.99979967,0.99975044,0.99977463,0.9997888,0.99974775,0.9997728,0.99971086,0.999779,0.99978626,0.9997577,0.9997407,0.99976355,0.99965227,0.99978405,0.9997817,0.9997943,0.9997935,0.9997884,0.9997745,0.99977463,0.9997588,0.99969625,0.9997908,0.999764,0.9997697,0.99978495,0.9997409,0.9997685,0.99976563,0.9996369,0.9998143
ipip9,0.9997827,0.99973494,0.9997819,0.9997368,0.9997899,0.9997235,0.9997859,0.999761,0.99979925,0.9997377,0.99999815,0.99979293,0.99978757,0.9997641,0.999688,0.9998343,0.99978596,0.9997268,0.9998031,0.9997851,0.9997929,0.9997298,0.999795,0.9997775,0.999729,0.9998085,0.9997425,0.9997835,0.9997825,0.9997894,0.9997732,0.9998148,0.9997693,0.9998007,0.999788,0.99979573,0.9997986,0.9997955,0.999793,0.99978924,0.9997353,0.9997893,0.999756,0.99976325,0.9997168,0.9997855,0.99977785,0.9996905,0.9997951,0.9997229,0.9997721,0.9994975,0.9998157,0.9997322,0.9997102,0.9997677,0.9996852,0.999738,0.9997707,0.9998148,0.999772,0.9997693,0.99977136,0.99975604,0.9997424,0.9997134,0.9997899,0.99975437,0.9997639,0.9997239,0.99977124,0.999785,0.9996177,0.9997503,0.9997553,0.9994667,0.99974746,0.99978316,0.9998108,0.9998134,0.9997487,0.9998219,0.99979675,0.99976826,0.9997966,0.9997955,0.9998196,0.9997603,0.999699,0.9997965,0.99974006,0.9997808,0.99977213,0.9996859,0.9996606,0.9997149,0.9997703,0.9997859,0.9997102,0.99965465,0.99977374,0.99979764,0.9997597,0.99976873,0.9997774,0.9996177,0.9997894,0.99966955,0.9997834,0.9997865,0.9998033,0.9997626,0.9997865,0.9997707,0.9997978,0.9997639,0.9997851,0.99979717,0.9997865,0.9997714,0.9998005,0.999762,0.99977744,0.9997761,0.9997809,0.99972594,0.9997636,0.99979377,0.9997648,0.9997421,0.9997903,0.99950033,0.9997253,0.9996798,0.9997994,0.99979585,0.9997889,0.9998158,0.9997995,0.9997495,0.99976647,0.99978393,0.9997502,0.99976903,0.99977154,0.9996764,0.99975,0.9997605,0.99972093,0.99978507,0.99979067,0.99977106,0.999694,0.99965113,0.9997731,0.9997665,0.999771,0.9997512,0.99965036,0.99978036,0.99969155,0.99981046,0.9997672,0.9997407,0.9997752,0.9995315,0.99980295,0.9997604,0.9997668,0.99974436,0.99979085,0.99971217,0.9997594,0.9997799,0.9998029,0.9998179,0.99977505,0.9997786,0.99976355,0.9997798,0.99974096,0.9997958,0.99971926,0.9997948,0.9996617,0.99975026,0.99979883,0.99979264,0.9997928,0.9997447,0.9997986,0.99981225,0.9998172,0.9998111,0.9998005,0.9997986,0.99979365,0.9997913,0.99972296,0.9997704,0.9997888,0.9997731,0.99972427,0.9998031,0.9997827,0.9997764,0.9998003,0.9996121,0.99972105,0.99974084,0.9997593,0.9997565,0.99980706,0.9997741,0.99977845,0.99973166,0.99978465,0.99930507,0.99978244,0.9997873,0.9997875,0.99978065,0.9998044,0.99976856,0.9997573,0.99983096,0.9997874,0.99977213,0.9995268,0.99973595,0.99977446,0.99979806,0.99978465,0.9997416,0.9997926,0.99974996,0.9997804,0.99974734,0.99979645,0.9997355,0.9997933,0.99975157,0.99980175,0.99976355,0.99980634,0.9997773,0.99974054,0.9997844,0.9995143,0.99974185,0.9998124,0.9998132,0.9997748,0.9998198,0.99979424,0.99977463,0.99975896,0.9997867,0.9997308,0.9997616,0.999812,0.9997553,0.9997731,0.99967843,0.99973816,0.99978673,0.999759,0.999729,0.9997564,0.9996231,0.99979174,0.999759,0.9997786,0.999797,0.9997828,0.9997718,0.99977815,0.9997739,0.9997062,0.9997595,0.99976534,0.9998011,0.9997501,0.99975884,0.9997928,0.9996006,0.9995303,0.9997533
ipip39,0.9998699,0.9997774,0.9998472,0.99977344,0.9998592,0.99978006,0.9998614,0.99977666,0.9998572,0.9997595,0.99979293,0.9999954,0.99980384,0.99977154,0.99975985,0.9998299,0.9998691,0.99977916,0.9998656,0.9998255,0.999864,0.999811,0.99985826,0.999845,0.999789,0.99985814,0.99973935,0.99984777,0.9998418,0.9998359,0.9998585,0.99983096,0.99979323,0.99986947,0.99987143,0.9998529,0.99985033,0.99985766,0.99985695,0.9998729,0.9997261,0.9998199,0.9998118,0.9997652,0.9997313,0.9998524,0.9998156,0.99977314,0.9998496,0.99977356,0.9998078,0.9994125,0.9998559,0.9997468,0.99971026,0.9997807,0.9997111,0.99975497,0.9998056,0.9998354,0.9998771,0.99983054,0.99988407,0.99984187,0.9998349,0.99979115,0.9998595,0.999841,0.9998466,0.9997788,0.99989086,0.9998745,0.9996862,0.99983466,0.9998723,0.9994144,0.99978095,0.9998476,0.9998178,0.99985397,0.99991614,0.9999177,0.99981344,0.9998769,0.99987733,0.99989825,0.999875,0.99979115,0.99975646,0.9998538,0.99985915,0.99988234,0.9998708,0.999763,0.99967456,0.9997516,0.9998725,0.9998027,0.9997275,0.9996709,0.99983567,0.99989086,0.99986273,0.9998391,0.9998898,0.9996465,0.9998469,0.9997529,0.9998435,0.9998747,0.999896,0.99985045,0.99992627,0.9998167,0.9998652,0.999822,0.99987566,0.9998789,0.99986917,0.9998097,0.9998627,0.99981296,0.99984515,0.99986154,0.99986184,0.9997822,0.99978423,0.9998441,0.99979687,0.9998027,0.9998587,0.9995056,0.99978036,0.99972355,0.99983716,0.9998748,0.99983895,0.9998417,0.99987906,0.9998615,0.9998861,0.9998704,0.9997737,0.9998402,0.99988776,0.9997202,0.99989396,0.9998457,0.9996856,0.99987376,0.9998764,0.9998385,0.9997256,0.9996859,0.99987614,0.99984723,0.99984074,0.99981415,0.99971026,0.99987674,0.9997259,0.9998782,0.9998464,0.9997701,0.9998718,0.9993138,0.99984646,0.99983096,0.9998331,0.99978215,0.99987125,0.9997659,0.99984956,0.99985063,0.99984896,0.999864,0.99985385,0.9998341,0.99980986,0.99982923,0.9997941,0.99980825,0.99977976,0.99981314,0.99963325,0.999823,0.99985725,0.9998601,0.99985653,0.9997809,0.9998596,0.999858,0.9998592,0.9998586,0.9999105,0.9998726,0.9998523,0.9998546,0.9997476,0.9997923,0.99983305,0.9998554,0.99972755,0.99985504,0.9998562,0.999822,0.9998668,0.9995979,0.99975216,0.99972445,0.99982685,0.9998187,0.99985206,0.9998427,0.99977624,0.99977803,0.9998266,0.99925774,0.9998187,0.9998629,0.999865,0.9997845,0.9998427,0.999824,0.9997084,0.999874,0.99985415,0.999844,0.99951655,0.99976873,0.99982643,0.99986756,0.9998721,0.99984473,0.99986976,0.99978137,0.9998579,0.9997863,0.9998463,0.99978733,0.99985963,0.99981946,0.999852,0.9997989,0.9998078,0.9998406,0.99981225,0.99987483,0.9994733,0.9998035,0.9998577,0.9998652,0.9997543,0.99986625,0.99979025,0.9998289,0.9998061,0.9998614,0.99976087,0.99985576,0.9998543,0.99974775,0.9997933,0.9996678,0.9997431,0.9998601,0.99981815,0.9998085,0.99983555,0.99974436,0.9998738,0.99978256,0.9998549,0.999856,0.99988395,0.99983454,0.99982554,0.99985677,0.9997947,0.9998389,0.9998096,0.99986666,0.9998066,0.9997987,0.9998392,0.99960005,0.9994818,0.9998004
ipip69,0.99978113,0.99977005,0.99979407,0.99975365,0.9997965,0.9997418,0.99979687,0.9998064,0.9998177,0.9997629,0.99978757,0.99980384,0.9999974,0.9998527,0.999755,0.99989253,0.9998447,0.99978614,0.99986434,0.9998189,0.999843,0.9997753,0.9998125,0.999789,0.999759,0.9998302,0.99976414,0.9998361,0.9998025,0.9997948,0.9997884,0.99981976,0.99977696,0.9998326,0.9998059,0.9998124,0.99982744,0.9998262,0.99984723,0.9998185,0.99976844,0.99980503,0.9997809,0.9997819,0.99974436,0.9998121,0.99981797,0.9997186,0.9998435,0.9998066,0.9997771,0.99950945,0.9998309,0.99976766,0.99968845,0.99980825,0.9996993,0.9997606,0.99979776,0.9998105,0.99980205,0.99979657,0.9998064,0.99974716,0.9998005,0.9997866,0.99980766,0.99975353,0.999778,0.99974054,0.99977535,0.99981415,0.9996704,0.99976736,0.99981195,0.99947727,0.9997571,0.99979645,0.99979717,0.99980325,0.99978524,0.9998207,0.9997833,0.99977124,0.9998234,0.9997961,0.999807,0.99983984,0.9997418,0.9998143,0.99979174,0.9997879,0.99982333,0.9997399,0.99968344,0.9997697,0.9997699,0.99979496,0.9997652,0.9997123,0.9998159,0.9997975,0.99979585,0.9998025,0.999821,0.9996909,0.99979275,0.9997361,0.9998116,0.9998026,0.999812,0.99978536,0.9998103,0.9998089,0.9998229,0.9998222,0.99981415,0.99981916,0.9998125,0.99980676,0.9998336,0.9998178,0.9998024,0.99981713,0.99981916,0.9997682,0.9997921,0.9998096,0.9997516,0.9997978,0.99979496,0.9995939,0.99976826,0.9997523,0.9997965,0.99980813,0.99980485,0.99980676,0.999799,0.9997593,0.999785,0.9998415,0.99981976,0.9998357,0.99982023,0.9997353,0.9997978,0.9997724,0.99974865,0.99981624,0.9997959,0.99978375,0.9997299,0.9997017,0.99978703,0.9998186,0.9998048,0.9997893,0.99971247,0.99980015,0.99974275,0.9998397,0.99981374,0.99973625,0.99979186,0.999431,0.9998021,0.9997872,0.999808,0.9997937,0.99978775,0.99976796,0.99977446,0.9997986,0.99978673,0.99980515,0.99978745,0.9997746,0.9997664,0.99981576,0.9997906,0.99978936,0.99974525,0.9997859,0.9996483,0.99979717,0.99982625,0.99982005,0.9998252,0.99977785,0.9998069,0.99980265,0.99980676,0.9997872,0.9998244,0.9997798,0.9998108,0.9997934,0.9997519,0.99979925,0.99981,0.99977976,0.999746,0.99979514,0.9997964,0.99977255,0.99981076,0.99961644,0.99978244,0.99975896,0.99978024,0.99977577,0.9997852,0.9997952,0.99978435,0.99976486,0.99979985,0.99933326,0.9998075,0.999828,0.9997932,0.99976784,0.99983263,0.9998,0.99969083,0.99981093,0.99980235,0.99980026,0.9995832,0.9997309,0.999815,0.99981797,0.9997988,0.9997753,0.9998128,0.99976933,0.9998018,0.99979013,0.99981767,0.9997916,0.9998301,0.99980384,0.9997936,0.99975586,0.9997994,0.9997979,0.9997621,0.99978703,0.99955136,0.9997752,0.99979997,0.9997983,0.99977005,0.9998042,0.9997833,0.9997992,0.999789,0.9997985,0.99976444,0.99980414,0.99981433,0.99975723,0.9997806,0.9997052,0.99975675,0.99981076,0.99979097,0.999741,0.9997987,0.99965996,0.99979645,0.9997585,0.9997918,0.9998069,0.9998085,0.9998085,0.9998055,0.99979556,0.9997315,0.99978775,0.9997523,0.9997937,0.9997882,0.99974316,0.99981475,0.9996029,0.99957335,0.9997518
ipip99,0.9997638,0.99977386,0.9997645,0.99973285,0.999772,0.99970365,0.99977344,0.9997975,0.9998002,0.9997504,0.9997641,0.99977154,0.9998527,0.9999984,0.99969715,0.9998288,0.9998273,0.99975973,0.99986196,0.9998472,0.9998101,0.9997639,0.99978757,0.9997825,0.99971414,0.99981785,0.99976665,0.99981976,0.99980617,0.9998025,0.99974716,0.99977344,0.9997195,0.9997889,0.9997918,0.9997676,0.9997939,0.99979895,0.99981964,0.9997793,0.9997378,0.9997706,0.9997604,0.9997379,0.99973524,0.9997723,0.9997804,0.99969727,0.9998014,0.999805,0.9997336,0.9995314,0.9997915,0.9998059,0.99971825,0.99976605,0.99968386,0.9997328,0.9997884,0.9997817,0.99976945,0.99977475,0.9997705,0.9997373,0.99975467,0.9997324,0.9997768,0.9997315,0.9997525,0.9997181,0.9997396,0.99976015,0.9996378,0.99973136,0.99980134,0.9994908,0.9997425,0.99979347,0.9997682,0.9997701,0.9997424,0.99979585,0.99975,0.9997388,0.99978614,0.9997697,0.9997864,0.9998755,0.9997223,0.999784,0.99974555,0.99975723,0.99979186,0.99973,0.9996868,0.9997507,0.9997323,0.99975145,0.99973834,0.9996954,0.9997682,0.9997652,0.999767,0.9997539,0.9998118,0.99962425,0.9997874,0.9996628,0.9997744,0.9997681,0.99977976,0.9997652,0.99980015,0.9997762,0.9997879,0.99977195,0.99978274,0.9997943,0.9997898,0.9997773,0.9997826,0.9997604,0.9997693,0.999794,0.99977773,0.99972296,0.99978167,0.99980783,0.99975187,0.9998126,0.9997552,0.9995571,0.99974597,0.99980146,0.99974096,0.9997814,0.99977374,0.9997811,0.99977183,0.99972963,0.9997506,0.99981606,0.9998136,0.9998087,0.9997977,0.99975085,0.99977124,0.99974567,0.9997113,0.99979717,0.99976844,0.999761,0.99973917,0.9996933,0.9997398,0.9997616,0.99976194,0.99974066,0.9997183,0.9997575,0.99971485,0.99979925,0.9997627,0.99969345,0.9997674,0.9993571,0.99976707,0.999755,0.9997658,0.99973154,0.99975073,0.9997096,0.9997279,0.99977607,0.9997462,0.9997569,0.99976754,0.999754,0.99974716,0.999758,0.9997636,0.9997618,0.9997086,0.9997623,0.9996318,0.9997596,0.9997746,0.99976885,0.9997757,0.9997487,0.99977684,0.99975175,0.9997557,0.99975204,0.99978495,0.9997384,0.9997741,0.99977165,0.9997184,0.99977005,0.999774,0.9997472,0.99972725,0.9997502,0.9997603,0.99973553,0.99977297,0.99961555,0.99973977,0.999724,0.99975413,0.9997489,0.9997426,0.999769,0.99975276,0.9997318,0.9997721,0.9993643,0.9998068,0.99979013,0.9997489,0.9997195,0.9997823,0.9997685,0.9996885,0.9997605,0.99975806,0.9997776,0.9995612,0.9997007,0.9997754,0.9997692,0.9997752,0.9997247,0.9997641,0.9997349,0.9997602,0.99974567,0.99975985,0.99973303,0.99980336,0.999772,0.99974966,0.9997248,0.9997549,0.99976224,0.999726,0.99974555,0.9995502,0.99973744,0.99976987,0.99976563,0.99973315,0.99977326,0.99974537,0.99978447,0.9998065,0.9997687,0.99975204,0.9997683,0.9997738,0.99974406,0.99976015,0.99968106,0.99972904,0.99977225,0.99975705,0.9997099,0.9997642,0.9996398,0.99976605,0.99973094,0.9997667,0.9997782,0.99978685,0.99976796,0.9997478,0.99975157,0.99970496,0.99975747,0.99973065,0.99975526,0.9997455,0.9997146,0.99977833,0.99958247,0.999548,0.9997026
ipip129,0.99966866,0.99966866,0.999715,0.999662,0.99970067,0.9996869,0.9996791,0.99968606,0.99972534,0.9996555,0.999688,0.99975985,0.999755,0.99969715,0.99999756,0.9997388,0.99972594,0.99968064,0.999747,0.99970686,0.9997296,0.99969494,0.9997206,0.9997134,0.9996993,0.99971294,0.99967635,0.9997245,0.99970716,0.99970424,0.9996954,0.99973184,0.9996782,0.9997285,0.999683,0.9997195,0.9996889,0.9996885,0.9997535,0.9997106,0.9996292,0.9997073,0.9996949,0.9996446,0.99968725,0.9997041,0.9997266,0.9997944,0.9997083,0.9996797,0.99968106,0.99941736,0.99970037,0.9996387,0.9996732,0.9996774,0.9995993,0.99970466,0.9997054,0.99972326,0.9997123,0.9997147,0.9997244,0.9997282,0.99973935,0.99991864,0.9997004,0.99971175,0.9997151,0.99972296,0.9996795,0.99972516,0.9996043,0.9996709,0.9997287,0.9994128,0.9996705,0.99970645,0.9997319,0.999739,0.9997731,0.9997244,0.99969625,0.9996891,0.999727,0.9997102,0.99969715,0.9997393,0.9996774,0.9997144,0.9997195,0.99967986,0.99971855,0.99962336,0.9996204,0.99963814,0.9996629,0.9997035,0.9996621,0.99961066,0.9997275,0.9997207,0.99971116,0.99974024,0.99973357,0.9996383,0.99968094,0.9996591,0.9997149,0.9996778,0.99971336,0.99970126,0.99972117,0.9996954,0.9996959,0.99972075,0.9996995,0.99971414,0.99969393,0.9997027,0.99971616,0.9996954,0.9997283,0.9997312,0.9996846,0.9996999,0.99969554,0.9997028,0.9997104,0.9996704,0.99968827,0.99952614,0.99969125,0.99965954,0.99967295,0.99971133,0.99972415,0.99972194,0.99969167,0.99965143,0.99968386,0.9997324,0.9997542,0.9997208,0.99976057,0.99962735,0.99973077,0.99970824,0.99965477,0.99971515,0.9997047,0.99970895,0.9996621,0.9996857,0.99967754,0.99973106,0.99972427,0.9996787,0.99961615,0.99969006,0.9996625,0.9997287,0.99968934,0.9996849,0.99967337,0.99929714,0.9996846,0.99973625,0.99967307,0.9996568,0.9996772,0.99967754,0.99964416,0.9996939,0.9997019,0.9996913,0.9996947,0.9996945,0.9997051,0.9996996,0.9997138,0.99971104,0.9996568,0.9997123,0.9995891,0.9996984,0.99970907,0.99970615,0.999705,0.9996807,0.99968493,0.9996992,0.9996931,0.99970466,0.9997329,0.99967515,0.99969584,0.99966395,0.99963194,0.99970543,0.9996906,0.99967,0.9996347,0.9996792,0.999729,0.99968714,0.9997028,0.9996016,0.9997077,0.9996769,0.9997099,0.99968207,0.99969566,0.9997387,0.9997077,0.99974126,0.99969614,0.9993342,0.9996914,0.9997201,0.9997081,0.9996582,0.9997169,0.99979514,0.99960953,0.99969494,0.99966943,0.99970514,0.99953365,0.9996987,0.9997171,0.9996928,0.9997669,0.9998658,0.99970233,0.9996581,0.999719,0.99966234,0.9997076,0.9997058,0.99970496,0.99970186,0.9996789,0.9997013,0.9997079,0.99971974,0.9997016,0.9996841,0.9994688,0.99969876,0.99971837,0.9997192,0.99969745,0.99972403,0.99970394,0.9996816,0.9996808,0.9997163,0.9996525,0.9997311,0.99970305,0.99967515,0.99969167,0.999581,0.9997024,0.9996968,0.99971694,0.99968517,0.99970657,0.9996419,0.9996873,0.99972075,0.99971086,0.9996949,0.9997299,0.9997388,0.99970907,0.99972594,0.99974024,0.9997173,0.999719,0.9996955,0.9997271,0.9997143,0.9997023,0.99957097,0.99948615,0.9996779
ipip159,0.9998349,0.9997484,0.999811,0.9997449,0.9998128,0.9997416,0.9998452,0.99980396,0.99982893,0.9997536,0.9998343,0.9998299,0.99989253,0.9998288,0.9997388,0.9999954,0.9998551,0.9997666,0.99987835,0.9998546,0.9998472,0.999771,0.9998354,0.999812,0.9997452,0.99985427,0.99973667,0.9998495,0.99982345,0.9998181,0.99982065,0.99982214,0.9997801,0.9998496,0.99986076,0.9998293,0.9998701,0.9998767,0.99987656,0.9998366,0.99974763,0.99981,0.9997776,0.9997662,0.9997302,0.9998185,0.9997865,0.99972904,0.99985594,0.99978316,0.9997754,0.99945617,0.99984246,0.999764,0.99966913,0.99977946,0.9996836,0.99973893,0.99979216,0.9998283,0.9998562,0.9998134,0.9998481,0.99976623,0.99980336,0.9997772,0.9998601,0.9998016,0.999811,0.9997367,0.9998338,0.99983215,0.99965173,0.9997762,0.99980134,0.99944764,0.9997775,0.9998307,0.9997969,0.99982226,0.9997926,0.99986315,0.9997994,0.99982643,0.99983466,0.99987954,0.9998729,0.9998382,0.99973625,0.9998624,0.9998013,0.9998537,0.99983954,0.9997077,0.9996758,0.9997376,0.9998356,0.99981034,0.9997677,0.99968296,0.99984,0.99984074,0.99982995,0.99981654,0.999838,0.9996502,0.9998594,0.9997361,0.9998359,0.99986184,0.99987274,0.9997745,0.99981266,0.999823,0.9998733,0.9997978,0.9998639,0.9998686,0.9998609,0.9998081,0.9998625,0.9998022,0.9998149,0.99983203,0.99985296,0.9997678,0.9997874,0.9998293,0.9997558,0.9997935,0.99983305,0.9994951,0.9997445,0.99972504,0.9998364,0.99983495,0.99982214,0.9998206,0.9998541,0.9998236,0.9998458,0.999851,0.9997918,0.9998316,0.99984485,0.999733,0.99982494,0.99980175,0.9996919,0.9998367,0.99984163,0.9997938,0.99970657,0.9996648,0.99984944,0.9998087,0.9998057,0.9997805,0.99970275,0.9998616,0.9997029,0.9998727,0.9998397,0.99972546,0.9998511,0.9993723,0.99983954,0.99979573,0.9998153,0.9997991,0.9998364,0.999736,0.9998403,0.99982363,0.99981767,0.99985,0.9998319,0.9998159,0.9997885,0.99984074,0.9997944,0.9997886,0.9997472,0.9997862,0.9996239,0.99979496,0.9998714,0.99986386,0.9998661,0.9997626,0.9998607,0.99984425,0.9998535,0.9998229,0.9998593,0.9998445,0.99984455,0.99985087,0.999741,0.99978054,0.99982935,0.999841,0.9997332,0.99984235,0.9998165,0.99977887,0.99985486,0.99959487,0.99974144,0.9997401,0.9997835,0.9998048,0.9998164,0.9997994,0.99975747,0.99973524,0.9998359,0.9992668,0.99983156,0.99985534,0.99983025,0.9997925,0.9998519,0.9997895,0.99971586,0.9998593,0.9998624,0.999837,0.99952674,0.9997378,0.9998332,0.99983394,0.99982524,0.9998109,0.99985695,0.99976027,0.9998176,0.9997745,0.9998334,0.99976647,0.9998461,0.9997995,0.9998456,0.9997525,0.99981123,0.9998213,0.99973613,0.9998343,0.9994896,0.9997689,0.99982786,0.99982154,0.999751,0.99983495,0.9997807,0.9998207,0.99980795,0.99982154,0.9997391,0.99981683,0.99984723,0.99972683,0.999781,0.99967986,0.99974173,0.99982667,0.99978423,0.9997489,0.99979854,0.99961776,0.9998521,0.9997418,0.99979657,0.99984276,0.9998104,0.99980736,0.9998032,0.9998102,0.9997234,0.99980265,0.99975485,0.99983215,0.9997902,0.9997436,0.9998363,0.999568,0.9995198,0.9997448
ipip189,0.9998763,0.9997926,0.9998538,0.9997936,0.9998487,0.9997704,0.99988836,0.99982417,0.9998642,0.9998023,0.99978596,0.9998691,0.9998447,0.9998273,0.99972594,0.9998551,0.9999969,0.99978995,0.99989486,0.9998823,0.9999145,0.9998137,0.99984986,0.99986225,0.99978584,0.99988735,0.99975646,0.9999231,0.9998674,0.99985003,0.9998407,0.9998445,0.9997925,0.99987805,0.99989724,0.9998548,0.9999067,0.9999101,0.999889,0.9998692,0.999767,0.99983394,0.99980646,0.99976015,0.9997456,0.9998431,0.99981254,0.99975044,0.99985623,0.99981606,0.9998041,0.9994579,0.9998529,0.99979424,0.9997161,0.9998064,0.99969167,0.9997603,0.9998186,0.99986017,0.9998722,0.99980974,0.9998797,0.9998081,0.9998283,0.99978215,0.9998828,0.9998441,0.99984235,0.9997788,0.99987423,0.9998565,0.9996665,0.9997992,0.99983263,0.9994495,0.9998068,0.99987316,0.9998267,0.99984896,0.99982095,0.9998903,0.99981165,0.99985653,0.99987036,0.99989545,0.9998872,0.9998473,0.99973977,0.9998712,0.99981964,0.99988204,0.9998826,0.999749,0.9996611,0.9997588,0.99986947,0.9997969,0.999719,0.9997298,0.99984246,0.99987376,0.9998565,0.9998331,0.99987894,0.99964637,0.99986815,0.99973696,0.99986047,0.9998886,0.999894,0.9998206,0.99983376,0.99983895,0.99988514,0.99980783,0.9998922,0.99989295,0.99987894,0.9998305,0.99988663,0.9998247,0.99987316,0.99987024,0.9999006,0.99978125,0.9998339,0.99986863,0.9997884,0.9998451,0.9998697,0.99956554,0.99978185,0.9997762,0.9998574,0.9998583,0.9998379,0.9998523,0.999889,0.99985784,0.99988455,0.9998869,0.9998295,0.9998607,0.9998922,0.999736,0.99987733,0.9998337,0.9996998,0.99987406,0.99987304,0.999823,0.9997228,0.9996965,0.9998793,0.99982935,0.9998243,0.9997951,0.9997296,0.9998822,0.9997382,0.99988794,0.9998544,0.99974155,0.9998852,0.999362,0.99986947,0.9998336,0.9998586,0.99978685,0.99986666,0.99975413,0.9998603,0.99986356,0.99984634,0.9998645,0.9998692,0.9998335,0.999822,0.9998535,0.99980336,0.9998122,0.99976677,0.9998157,0.99964213,0.9998075,0.9998825,0.99987715,0.9998815,0.9997965,0.999879,0.9998682,0.9998687,0.9998528,0.99989194,0.99986607,0.9998734,0.99987644,0.99976355,0.9998034,0.99985373,0.99987125,0.99974906,0.9998664,0.99984896,0.9998024,0.9998824,0.99959815,0.99977165,0.99975836,0.9998252,0.9998321,0.9998483,0.9998434,0.99979335,0.9997649,0.9998396,0.99926937,0.9998444,0.9998794,0.99985296,0.99977744,0.99986035,0.99982184,0.999697,0.99987745,0.99987686,0.9998718,0.9995447,0.9997521,0.9998603,0.9998727,0.9998678,0.99982154,0.9998754,0.9997863,0.9998525,0.99978876,0.99984986,0.9997834,0.9998621,0.9998435,0.99986863,0.99978226,0.9998185,0.99986506,0.99976945,0.99987024,0.9995201,0.99979335,0.99985874,0.99985754,0.99977165,0.9998652,0.99980164,0.9998547,0.9998671,0.99984753,0.99977267,0.999848,0.99987197,0.9997579,0.9998143,0.99970025,0.9997883,0.99983716,0.9998143,0.9997811,0.9998243,0.9996366,0.9998819,0.99976957,0.99983406,0.99987036,0.99983627,0.9998279,0.99981874,0.9998485,0.99978524,0.99984944,0.9997911,0.99986523,0.99981976,0.9997717,0.9998636,0.9995776,0.99951994,0.9997668
ipip219,0.9997645,0.9997514,0.99976605,0.99971664,0.99977994,0.9997075,0.99977255,0.9997825,0.9998207,0.99972767,0.9997268,0.99977916,0.99978614,0.99975973,0.99968064,0.9997666,0.99978995,0.9999985,0.99980134,0.99977285,0.99980664,0.99977595,0.9997993,0.99983615,0.9997358,0.9997977,0.9997809,0.9998036,0.9997826,0.9997661,0.9997773,0.99976325,0.99976265,0.9997772,0.9997787,0.9997544,0.99977976,0.99977934,0.9997811,0.9997871,0.9997178,0.99977344,0.9997814,0.99971104,0.9997295,0.99979776,0.99977994,0.9997138,0.99981904,0.9997724,0.9997803,0.9995323,0.99976426,0.99974936,0.999735,0.9997615,0.9996386,0.9997401,0.99974996,0.99976116,0.99974954,0.99974775,0.9997605,0.99975806,0.9997599,0.999711,0.9997716,0.9997466,0.9997639,0.9997233,0.9997416,0.99977136,0.9996502,0.99971676,0.99975574,0.99937993,0.9997072,0.9997463,0.9997808,0.9997977,0.9997749,0.99977064,0.99969584,0.9997668,0.99977976,0.9997519,0.9997475,0.9997596,0.9997003,0.9997881,0.99974406,0.9997508,0.99975663,0.99969107,0.9996349,0.9996988,0.9997441,0.99978113,0.99966884,0.99963415,0.9997232,0.9997853,0.9997436,0.99974495,0.9997744,0.9995929,0.9997413,0.9996899,0.9997478,0.9997529,0.9997583,0.9997688,0.9997514,0.999743,0.9997635,0.9997813,0.9997686,0.99978447,0.9997883,0.99971694,0.9997785,0.99975854,0.99978155,0.99982005,0.9997841,0.9997401,0.9997653,0.999777,0.99979174,0.9997441,0.99975014,0.9995657,0.99974245,0.9997455,0.9997432,0.9997991,0.9997999,0.9997623,0.99975675,0.99974513,0.99976003,0.9998063,0.99977076,0.999806,0.99980664,0.99968386,0.99976665,0.9997608,0.9996927,0.9997928,0.9997766,0.9997547,0.99968183,0.9996507,0.9997501,0.9997708,0.9997607,0.9997426,0.99962837,0.9997599,0.9997107,0.99979645,0.99981946,0.99973935,0.9997608,0.999315,0.99974275,0.9997427,0.9997925,0.99971217,0.99974954,0.9997172,0.9997476,0.99977833,0.9997828,0.99977106,0.99979025,0.99978316,0.9997756,0.9997641,0.9997388,0.99977684,0.99973065,0.9997733,0.9996093,0.99972534,0.99977034,0.9997783,0.9997794,0.99975437,0.99976164,0.9997601,0.99975324,0.99978876,0.9997815,0.99975014,0.99977523,0.9997637,0.9997276,0.9997658,0.9997594,0.9997699,0.999698,0.9997531,0.99978334,0.99978375,0.9997945,0.9996168,0.9997269,0.99976206,0.9997629,0.99973565,0.9997936,0.9997793,0.99975836,0.9997472,0.9997314,0.9992855,0.99975234,0.99975866,0.9997577,0.99970055,0.99975896,0.99978256,0.9996114,0.9997444,0.999764,0.9997768,0.9995484,0.9997021,0.99977016,0.99977714,0.99976945,0.99974453,0.99975246,0.9997502,0.99978226,0.9997275,0.99977887,0.99975026,0.99980193,0.9997629,0.99974984,0.9997508,0.9997384,0.9997784,0.9997386,0.9997474,0.9995087,0.9997234,0.9997756,0.9997734,0.9997134,0.99977803,0.9997425,0.99976206,0.9997844,0.9997995,0.99972963,0.9997937,0.9997601,0.99974567,0.99974245,0.9996464,0.99973375,0.99975675,0.99974704,0.99975973,0.9997574,0.9996318,0.99974877,0.99972653,0.9997894,0.9997527,0.99979764,0.9997588,0.9997528,0.99976003,0.99971384,0.99977034,0.999777,0.9997622,0.9997493,0.9997693,0.99974,0.99955314,0.9994588,0.9996885
ipip249,0.9998751,0.9998004,0.99983835,0.9997757,0.9998509,0.9997649,0.9998734,0.9998266,0.9998772,0.9997836,0.9998031,0.9998656,0.99986434,0.99986196,0.999747,0.99987835,0.99989486,0.99980134,0.99999964,0.99987787,0.9998827,0.9998413,0.9998619,0.9998609,0.99978125,0.9998897,0.99976635,0.9998808,0.9998612,0.9998825,0.99984235,0.999837,0.99978375,0.999869,0.9998885,0.99984646,0.9998793,0.9998901,0.99989694,0.99987036,0.999759,0.9998305,0.99981385,0.9997718,0.99976295,0.999857,0.9998278,0.9997473,0.9998751,0.99980766,0.9998115,0.99947095,0.99985963,0.99980366,0.99971926,0.99980366,0.9997048,0.9997687,0.99981356,0.99985224,0.999872,0.9998343,0.9998765,0.9998096,0.99983466,0.99978995,0.9998828,0.99983144,0.99983937,0.9997799,0.999861,0.99985504,0.9996463,0.9997931,0.9998343,0.9994404,0.9997935,0.99986506,0.99982256,0.99985164,0.999831,0.9998859,0.99982655,0.99984896,0.999866,0.99988866,0.99988276,0.9998532,0.99974805,0.9998807,0.99981713,0.9998709,0.9998568,0.9997482,0.99969614,0.99974954,0.9998535,0.9997994,0.9997465,0.99969876,0.9998474,0.9998698,0.9998531,0.99984366,0.9998876,0.9996529,0.9998806,0.9997162,0.99985045,0.999877,0.99989146,0.999825,0.99983704,0.9998304,0.99988115,0.9998219,0.99988097,0.99987745,0.9998756,0.9998255,0.9998825,0.9998251,0.99985147,0.99987143,0.999873,0.9997698,0.9998193,0.99986327,0.9997966,0.9998262,0.9998563,0.9995535,0.9997884,0.9997791,0.99984616,0.99985933,0.9998305,0.99983925,0.99987954,0.9998451,0.9998943,0.999883,0.9998194,0.999865,0.9999059,0.9997422,0.99986017,0.9998254,0.9997074,0.99987173,0.99986696,0.9998237,0.99975526,0.99970955,0.99986726,0.9998488,0.9998521,0.9998066,0.99971324,0.999871,0.9997351,0.9998898,0.9998383,0.9997471,0.999875,0.99933356,0.9998526,0.9998374,0.9998498,0.9997937,0.99986345,0.9997747,0.9998505,0.99987024,0.999839,0.99985784,0.99986124,0.99983174,0.99981856,0.9998494,0.9998187,0.99981743,0.99976933,0.9998152,0.9996456,0.99981666,0.99987775,0.99987483,0.99987876,0.9997888,0.99987364,0.99986434,0.9998632,0.99984777,0.9998837,0.9998624,0.9998656,0.9998707,0.9997559,0.99981207,0.9998421,0.9998543,0.9997504,0.999859,0.9998455,0.99981844,0.9998729,0.99961555,0.99977875,0.9997533,0.99981743,0.99982435,0.9998422,0.9998351,0.9997873,0.9997766,0.99985266,0.9992725,0.99984205,0.99987555,0.999857,0.9997985,0.99986136,0.99983394,0.99972385,0.99987173,0.9998647,0.9998636,0.9995545,0.9997521,0.9998578,0.9998504,0.99985915,0.99982816,0.99987626,0.99977034,0.9998549,0.9997951,0.99985254,0.9997877,0.9998789,0.99984026,0.9998587,0.9997911,0.999825,0.99985325,0.9997927,0.9998613,0.9995253,0.9998183,0.99985546,0.99985254,0.9997717,0.99986047,0.9998008,0.9998514,0.9998491,0.99985045,0.9997816,0.9998467,0.99986523,0.9997653,0.99981624,0.9996967,0.9997644,0.9998403,0.9998178,0.99978656,0.9998301,0.9996516,0.9998716,0.9997732,0.9998347,0.9998606,0.9998409,0.99982536,0.9998169,0.9998477,0.9997842,0.99984294,0.99978924,0.9998499,0.9998148,0.9997703,0.9998473,0.9995898,0.9995372,0.99975705
ipip279,0.9998432,0.99979985,0.99980927,0.999754,0.99981385,0.99974227,0.9998609,0.99984866,0.9998572,0.9997619,0.9997851,0.9998255,0.9998189,0.9998472,0.99970686,0.9998546,0.9998823,0.99977285,0.99987787,0.9999986,0.9998613,0.99981755,0.9998193,0.99984753,0.9997366,0.99986625,0.99977046,0.99987316,0.99985576,0.999822,0.9997897,0.9998398,0.9997609,0.99984074,0.9998957,0.9998161,0.9998699,0.99988395,0.9998717,0.9998466,0.9997606,0.99981725,0.99976856,0.9997575,0.9997203,0.99980336,0.99977386,0.9997194,0.9998463,0.9997834,0.99979484,0.99948454,0.99984527,0.99983233,0.999714,0.9997971,0.99966985,0.99974585,0.99979484,0.9998329,0.9998522,0.999791,0.99985427,0.999769,0.9997934,0.99974465,0.99987435,0.99980235,0.99980175,0.9997597,0.9998284,0.99980915,0.9996279,0.99977225,0.99980175,0.99946755,0.9997903,0.9998441,0.9998056,0.99982953,0.9997835,0.9998549,0.99978644,0.9998042,0.999834,0.9998727,0.999878,0.99985784,0.99972534,0.9998721,0.99977696,0.99983305,0.9998575,0.9997184,0.99965495,0.9997366,0.99982744,0.99977666,0.99970335,0.99967545,0.9998138,0.99983037,0.9998277,0.99979,0.99985737,0.9996251,0.99985087,0.9996896,0.9998533,0.9998773,0.9998741,0.9997687,0.99982405,0.9998097,0.9998632,0.9997782,0.9998631,0.99985313,0.9998469,0.9998227,0.99984694,0.99980456,0.99981844,0.9998406,0.9998603,0.9997442,0.999822,0.99987537,0.99976045,0.9998318,0.9998297,0.9995042,0.99975574,0.9997865,0.99982643,0.9998168,0.99980026,0.99984294,0.9998676,0.99982077,0.9998342,0.99986327,0.9998119,0.9998539,0.9998507,0.999766,0.9998224,0.99978936,0.99969864,0.9998658,0.99983335,0.99977785,0.9996955,0.99966663,0.99983996,0.9997752,0.9997727,0.9997771,0.99972165,0.999858,0.9997189,0.99985904,0.9998187,0.9997008,0.99985635,0.9993572,0.99985874,0.99978864,0.99983215,0.9997581,0.99982613,0.9997207,0.9998307,0.9998243,0.99980366,0.9998383,0.9998375,0.9998221,0.9997952,0.9998174,0.9997805,0.9997918,0.99973786,0.99980634,0.99964,0.9997942,0.9998447,0.99984545,0.9998457,0.9997701,0.99985605,0.99983525,0.9998413,0.99981415,0.99984807,0.9998352,0.9998416,0.99985445,0.99973494,0.9997762,0.99984086,0.9998339,0.99974287,0.9998353,0.99980235,0.9997652,0.99984914,0.9995924,0.99977016,0.99975055,0.9997854,0.9998255,0.99980307,0.99981076,0.9997833,0.99973166,0.99981695,0.9992524,0.99982643,0.999844,0.99980336,0.9997736,0.9998554,0.9997959,0.999676,0.9998429,0.99985015,0.99984884,0.99954134,0.99972904,0.99983126,0.9998249,0.99983126,0.9997813,0.9998581,0.99976635,0.999817,0.99978876,0.99980986,0.99973685,0.9998507,0.9998097,0.99984246,0.9997463,0.99981046,0.999838,0.99974096,0.9998293,0.9995256,0.9997761,0.9998294,0.9998257,0.99975544,0.999842,0.99979395,0.99983305,0.9998586,0.999821,0.9997535,0.9998086,0.99984664,0.99974,0.99981004,0.99970555,0.99975073,0.9998184,0.9997866,0.9997449,0.99979275,0.99959594,0.9998645,0.9997535,0.99978954,0.9998603,0.99981683,0.9998056,0.99978524,0.99980354,0.9997225,0.9998045,0.99976045,0.9998461,0.9998085,0.9997525,0.99985445,0.9995677,0.99953157,0.999754
ipip14,0.99988747,0.9998256,0.99986875,0.9998193,0.9998778,0.9998004,0.9998846,0.99981284,0.9998766,0.99981004,0.9997929,0.999864,0.999843,0.9998101,0.9997296,0.9998472,0.9999145,0.99980664,0.9998827,0.9998613,0.99999744,0.9998385,0.9999024,0.9998695,0.9998194,0.9998845,0.9997796,0.9999686,0.9998483,0.9998505,0.99987274,0.99984854,0.9998048,0.99988055,0.99988806,0.9998736,0.9998886,0.9998996,0.9998786,0.99986744,0.9997832,0.99985164,0.9998315,0.9997708,0.9997549,0.9998664,0.99983025,0.99976575,0.9998639,0.9998263,0.99982464,0.99949735,0.99987096,0.99980557,0.9997251,0.9998204,0.99969304,0.99976814,0.99982595,0.9998562,0.99989015,0.999847,0.99990183,0.9998203,0.99985594,0.9998063,0.99987763,0.9998475,0.99984664,0.9997728,0.99989104,0.99988765,0.99970114,0.99983263,0.99984354,0.9994613,0.999795,0.99986625,0.9998403,0.9998593,0.9998276,0.99990463,0.99982345,0.9998643,0.99988204,0.9998807,0.9998739,0.9998527,0.99974257,0.9998561,0.9998216,0.9998886,0.9998884,0.9997543,0.9996918,0.99975467,0.99987566,0.9998176,0.9997429,0.9996817,0.9998607,0.9998952,0.9998603,0.9998449,0.99987656,0.9996672,0.9998623,0.99975437,0.9998679,0.99988014,0.9998983,0.9998371,0.99983394,0.99982953,0.99989754,0.99983275,0.9998767,0.99989617,0.9998821,0.9998482,0.999924,0.99985284,0.9999144,0.9999054,0.99993503,0.99980545,0.9998666,0.9998681,0.9998009,0.99984795,0.9998931,0.99958557,0.99982554,0.99977255,0.99988246,0.9998782,0.9998622,0.9998679,0.9998957,0.9998713,0.99988914,0.9998944,0.9998489,0.9998722,0.9998866,0.99974763,0.9998668,0.99984324,0.9997241,0.99987096,0.9998852,0.9998485,0.9997497,0.9997087,0.9998912,0.9998605,0.99985915,0.9998384,0.99972385,0.9998893,0.999782,0.9999047,0.99987113,0.99976784,0.9998774,0.9993603,0.9998797,0.99985546,0.9998859,0.9998238,0.9998975,0.99978,0.9998765,0.9998842,0.9998636,0.9998747,0.99987096,0.99983513,0.9998311,0.9998655,0.99980074,0.9998338,0.9998026,0.999831,0.99964684,0.9998402,0.9998954,0.99989074,0.9998952,0.99982,0.9998814,0.99988353,0.9998862,0.99987173,0.99990517,0.99987894,0.99990076,0.99988705,0.9997795,0.99981797,0.9998684,0.9998869,0.9997897,0.99989,0.9998961,0.9998447,0.9998957,0.9996108,0.9998003,0.99976975,0.99986106,0.99983287,0.99986595,0.999869,0.9998057,0.9997868,0.99985164,0.9992771,0.9998577,0.9998727,0.99988735,0.99978113,0.99987364,0.9998344,0.9997124,0.9998755,0.9998825,0.99987596,0.9995755,0.9997779,0.99987245,0.9998772,0.9998748,0.99984,0.9998885,0.9998112,0.9998752,0.9998168,0.9998853,0.999818,0.9998669,0.9998453,0.99987334,0.9998054,0.9998336,0.999871,0.99980706,0.9998992,0.9995845,0.9998467,0.9998768,0.99987537,0.99979824,0.9998858,0.99983585,0.99988127,0.99989796,0.99988025,0.9998015,0.9998648,0.9998898,0.999778,0.99983495,0.9997289,0.9997977,0.99985963,0.99985653,0.9998109,0.9998619,0.99966496,0.9998872,0.99978274,0.9998532,0.99988294,0.9998479,0.99986154,0.9998561,0.99986655,0.99978745,0.999871,0.99979544,0.9998668,0.9998343,0.9997798,0.99985915,0.9995902,0.9995112,0.9997753
ipip44,0.99982363,0.9998013,0.9998001,0.99975747,0.9998191,0.99977225,0.999809,0.9998238,0.99983954,0.99974877,0.9997298,0.999811,0.9997753,0.9997639,0.99969494,0.999771,0.9998137,0.99977595,0.9998413,0.99981755,0.9998385,0.9999973,0.99981934,0.99983954,0.99974036,0.99981904,0.9997636,0.9998142,0.9997912,0.9997936,0.99978465,0.9997939,0.9997311,0.99980146,0.9998203,0.9997932,0.99979526,0.9997977,0.9998122,0.999801,0.9997098,0.9997723,0.99976754,0.9997055,0.999735,0.99982,0.99978256,0.9997494,0.9998131,0.9997412,0.99979794,0.9994844,0.99982095,0.9997556,0.99969345,0.9997544,0.99967194,0.99974114,0.9997837,0.9997893,0.99982005,0.9998036,0.9998318,0.99979615,0.999799,0.9997516,0.99983305,0.9997874,0.99977773,0.9997722,0.99980515,0.9998024,0.9996559,0.99977493,0.9997971,0.999417,0.99972504,0.99979126,0.9997688,0.99979824,0.9997819,0.99983215,0.9997538,0.99978256,0.9998194,0.99979824,0.99979836,0.9997909,0.9997076,0.9998068,0.9997846,0.99979424,0.99982953,0.99974066,0.9996845,0.9997377,0.9998081,0.9997592,0.99968255,0.99963087,0.99979585,0.9998259,0.9998096,0.9997859,0.99983245,0.9996109,0.9997835,0.9997097,0.9998099,0.99982435,0.99982876,0.9998032,0.99979573,0.99979013,0.9998104,0.9997799,0.999829,0.9998034,0.9998177,0.99977857,0.99981433,0.99980384,0.9998097,0.9998299,0.99981755,0.99972117,0.9997785,0.999807,0.9997516,0.99976283,0.9998058,0.99952745,0.9997507,0.9997424,0.99979854,0.9998095,0.99978757,0.9997907,0.9998181,0.99979883,0.99980956,0.99983424,0.9997728,0.99983984,0.9998311,0.9997451,0.9998024,0.9997739,0.9996616,0.99982435,0.9998059,0.9997827,0.9996838,0.99969476,0.99981236,0.99977875,0.99978244,0.99977404,0.9996871,0.99981004,0.9996999,0.99981886,0.9997719,0.9997112,0.99982506,0.9992682,0.99979055,0.999778,0.999805,0.99973655,0.9998032,0.9997492,0.99978215,0.99979544,0.99978244,0.9997838,0.99982834,0.99982077,0.9997883,0.99979377,0.9997567,0.9997758,0.99973464,0.99978054,0.99964005,0.99980277,0.9998057,0.99981105,0.9998085,0.99974066,0.9998018,0.99979717,0.9997939,0.99979085,0.9998285,0.9997947,0.9998055,0.99980026,0.99970496,0.999765,0.9997969,0.99979794,0.9997337,0.99979395,0.99980664,0.9997795,0.9998115,0.9996075,0.9997475,0.99972606,0.9997646,0.9997794,0.9997832,0.99980944,0.99974626,0.9997336,0.99976975,0.99926454,0.9997794,0.99979097,0.999797,0.999721,0.9998147,0.9997946,0.99965316,0.99978876,0.9998068,0.9998227,0.99954927,0.9997169,0.9998139,0.9998244,0.9998306,0.9997755,0.9998291,0.9997606,0.9998162,0.99976563,0.9998003,0.9997552,0.99982184,0.99979675,0.9997888,0.9997384,0.9997698,0.99982613,0.9997903,0.99980015,0.99953973,0.999786,0.99978685,0.99979043,0.9997108,0.99979514,0.9997453,0.9998085,0.999833,0.99982333,0.9997545,0.99981034,0.99980235,0.9997264,0.9997855,0.9996673,0.99972904,0.99980795,0.9997804,0.999775,0.99979645,0.9996462,0.99981326,0.9997537,0.9997855,0.999805,0.9998062,0.99980253,0.999788,0.99979675,0.9997598,0.9998168,0.9997565,0.99979883,0.9997949,0.99974406,0.99979544,0.99958265,0.9994945,0.99974114
ipip74,0.99988717,0.9998092,0.99985534,0.99979407,0.9998857,0.9997868,0.9998707,0.99978477,0.99987286,0.9997863,0.999795,0.99985826,0.9998125,0.99978757,0.9997206,0.9998354,0.99984986,0.9997993,0.9998619,0.9998193,0.9999024,0.99981934,0.99999774,0.99987507,0.9998145,0.9998681,0.9997722,0.99987334,0.9998146,0.9998333,0.9998695,0.9998467,0.99981856,0.9998599,0.99986196,0.9999114,0.99985343,0.999865,0.9998461,0.99984294,0.9997638,0.99985725,0.9998168,0.9997625,0.99975777,0.9998677,0.9998299,0.9997799,0.9998456,0.99976003,0.99983174,0.99949646,0.9998777,0.999779,0.9997477,0.9998193,0.9996937,0.9997538,0.99980575,0.9998544,0.9998707,0.9998524,0.99987465,0.99981076,0.9998344,0.9998053,0.99984723,0.9998378,0.9998488,0.9997508,0.99989754,0.99991614,0.99968874,0.99984896,0.9998235,0.99942565,0.9997541,0.9998281,0.999829,0.9998549,0.9998355,0.9998913,0.9997941,0.9998535,0.99985915,0.9998566,0.9998475,0.99980766,0.99972415,0.99981844,0.9998001,0.9998828,0.99985516,0.99974674,0.99967766,0.99973446,0.9998536,0.99982643,0.99971515,0.99965644,0.9998231,0.99988866,0.99983907,0.9998266,0.9998524,0.99965525,0.9998387,0.99976665,0.999854,0.9998499,0.99987733,0.99981946,0.99982464,0.99980783,0.9998567,0.99986315,0.99985594,0.99988365,0.9998585,0.9998094,0.99989486,0.99982494,0.9998747,0.9998794,0.9998958,0.9997863,0.999829,0.99985445,0.99982136,0.99978775,0.99991095,0.9995636,0.9998547,0.99973595,0.99990165,0.99989396,0.9998617,0.9998683,0.9998821,0.9998545,0.9998657,0.99988467,0.9998165,0.9998715,0.9998577,0.9997195,0.99983144,0.9998456,0.99973387,0.99983597,0.99988544,0.9998454,0.99976695,0.9997026,0.9998711,0.9998921,0.99989253,0.9998594,0.9996697,0.9998629,0.9997971,0.99991304,0.99984205,0.99980706,0.999865,0.9993456,0.999871,0.99986184,0.999845,0.99979615,0.99991995,0.9997629,0.9998552,0.9998689,0.99985725,0.9998636,0.9998618,0.99983394,0.9998377,0.9998492,0.999779,0.9998291,0.9997886,0.99981827,0.99963135,0.9998164,0.9998761,0.99987537,0.99987626,0.9997963,0.99985296,0.9998704,0.99986845,0.9998657,0.99988157,0.9998712,0.99987674,0.9998808,0.9997643,0.99980927,0.9998371,0.9998686,0.9997611,0.99986506,0.9998748,0.99985576,0.9998808,0.99959946,0.9997869,0.9997482,0.99983114,0.9997961,0.9998586,0.9998573,0.9997872,0.9997769,0.9998438,0.99928147,0.99982756,0.9998437,0.999939,0.9997778,0.99984914,0.9998241,0.9996982,0.9998575,0.99986553,0.999845,0.99954545,0.9997566,0.99984866,0.9998466,0.9998757,0.9998378,0.9998686,0.9997849,0.9998723,0.999826,0.99992734,0.9998514,0.99985355,0.9998179,0.99985546,0.9998024,0.9998166,0.9998553,0.9998332,0.99991024,0.999558,0.99986476,0.9998859,0.9998857,0.99980295,0.9998857,0.9998341,0.9998449,0.9998496,0.99991024,0.9998127,0.9998691,0.9998674,0.9997674,0.99980414,0.9996873,0.99978054,0.9998598,0.99989367,0.99985826,0.9998946,0.9996842,0.9998823,0.9997999,0.99984986,0.9998777,0.9998459,0.9999078,0.9999056,0.9998598,0.99979985,0.99989116,0.99981296,0.9998581,0.9998243,0.9997999,0.99983555,0.9995786,0.9995021,0.99976623
ipip104,0.9998793,0.99982125,0.999843,0.99979985,0.99987566,0.9998034,0.99989283,0.9998513,0.9999434,0.9998017,0.9997775,0.999845,0.999789,0.9997825,0.9997134,0.999812,0.99986225,0.99983615,0.9998609,0.99984753,0.9998695,0.99983954,0.99987507,0.999997,0.99981654,0.99988407,0.99981487,0.9998799,0.9998264,0.9998241,0.9998646,0.9998609,0.9997964,0.9998849,0.999877,0.9998558,0.99985474,0.99986345,0.9998543,0.99987584,0.9997556,0.99984556,0.9998342,0.9997231,0.9997798,0.99987084,0.99984425,0.99977195,0.9998509,0.9997488,0.99985707,0.9995348,0.9998553,0.99983233,0.9997924,0.9998137,0.999685,0.9997777,0.9998039,0.9998632,0.9998459,0.9998142,0.9998638,0.99986017,0.9998205,0.99976856,0.9998756,0.999871,0.9998547,0.99979675,0.9998736,0.99985904,0.9996792,0.99979824,0.999804,0.9994046,0.99977344,0.9998393,0.9998556,0.99988997,0.99982697,0.99987406,0.99977523,0.9998371,0.9998557,0.9998561,0.9998473,0.99979377,0.99969584,0.99984384,0.9997844,0.99987215,0.9998278,0.9997097,0.99964476,0.9997277,0.9998645,0.9998464,0.9996818,0.9996441,0.99979854,0.9998976,0.99982125,0.99981153,0.999849,0.9996747,0.99984306,0.99976766,0.9998787,0.9998625,0.99987334,0.9998092,0.999808,0.99979025,0.99986136,0.99980503,0.99985677,0.99987,0.99985856,0.9998071,0.99986494,0.9997981,0.9998715,0.9998653,0.9998647,0.99980307,0.9998644,0.9998603,0.999867,0.9998098,0.9998687,0.99954236,0.99979025,0.99974763,0.999857,0.9998755,0.9998731,0.99986714,0.9998785,0.99987155,0.9998682,0.99988097,0.999782,0.9998869,0.99986017,0.9996996,0.9998501,0.9998527,0.999701,0.9998528,0.99990344,0.999859,0.9997254,0.9996768,0.99985677,0.9998304,0.999829,0.99981654,0.9996587,0.99987304,0.9997333,0.9998877,0.9998295,0.99977916,0.9998786,0.9993115,0.9998628,0.99985933,0.99984264,0.9997488,0.9998779,0.99974704,0.99984515,0.9998758,0.9998782,0.99985063,0.9999387,0.99990475,0.99990106,0.99987197,0.9997983,0.99985075,0.9997919,0.9998506,0.9996696,0.9997791,0.99988544,0.99989,0.9998925,0.9998426,0.9998708,0.9998645,0.9998592,0.9998835,0.9998809,0.99986714,0.9998953,0.9998903,0.9998048,0.9998517,0.99987406,0.99989897,0.9997994,0.99986136,0.99987537,0.99987483,0.99991167,0.9996767,0.9998205,0.9998089,0.9998442,0.9998156,0.9998804,0.9998606,0.99982506,0.99976844,0.9998436,0.9992825,0.9998186,0.99984705,0.9998746,0.99976176,0.999831,0.99983984,0.999674,0.99984694,0.9998861,0.9998856,0.9996192,0.9997882,0.9998796,0.9998461,0.99986416,0.9998327,0.9998551,0.99979895,0.9998805,0.9997806,0.9998611,0.9997849,0.9998496,0.99983114,0.9998502,0.9998223,0.99980235,0.9998897,0.99982417,0.99987876,0.99951863,0.9998156,0.9998844,0.999881,0.9997862,0.9998905,0.99982053,0.999859,0.9998805,0.9999205,0.9997922,0.99988323,0.9998699,0.9998,0.9998279,0.99970925,0.9998119,0.9998386,0.99982315,0.9998757,0.9998328,0.9996503,0.9998848,0.99981254,0.9998611,0.99987185,0.9998771,0.99983615,0.9998373,0.99986464,0.99977666,0.9998662,0.99985,0.999863,0.99985737,0.999841,0.99983585,0.99960953,0.999511,0.99977094
ipip134,0.9997701,0.9997715,0.9997726,0.9997407,0.99981,0.9997705,0.9997764,0.9997271,0.9998041,0.9997289,0.999729,0.999789,0.999759,0.99971414,0.9996993,0.9997452,0.99978584,0.9997358,0.99978125,0.9997366,0.9998194,0.99974036,0.9998145,0.99981654,0.99999785,0.99978,0.999707,0.9997921,0.9997619,0.99976945,0.99980134,0.9997634,0.9997234,0.9998673,0.99976856,0.9998272,0.99976534,0.9997737,0.99979293,0.9998279,0.99965876,0.999759,0.99978167,0.9996892,0.9997308,0.99981284,0.99985474,0.99977756,0.9997921,0.9997075,0.9997594,0.99944866,0.99977386,0.9997035,0.9997133,0.9997395,0.99966973,0.9996959,0.999738,0.9997843,0.9997821,0.9997724,0.9997896,0.9997995,0.9998372,0.9997716,0.99976385,0.99977124,0.9998316,0.9997362,0.9997924,0.99980104,0.99966806,0.99974555,0.9997726,0.9993617,0.9997422,0.9997704,0.9997705,0.99979234,0.9997785,0.999814,0.9997239,0.99979335,0.99979186,0.9997655,0.999765,0.999739,0.99967575,0.9997633,0.9997739,0.9997914,0.99977493,0.9996824,0.9996261,0.99968857,0.99978036,0.9997623,0.99965274,0.99963176,0.9997653,0.9998242,0.9997679,0.9997902,0.9997874,0.9996145,0.9997578,0.99974865,0.9997891,0.99975634,0.99977225,0.999795,0.9997673,0.99972636,0.9997757,0.9997708,0.99976903,0.99981016,0.9997618,0.9997476,0.9998023,0.99975145,0.9997858,0.9997834,0.99980164,0.9997506,0.99973756,0.99974036,0.9997742,0.9997156,0.9998013,0.9995531,0.9997413,0.9996802,0.99979484,0.99978894,0.99979144,0.999786,0.99976707,0.99977446,0.9997911,0.9997952,0.9997523,0.9997831,0.99979556,0.9996317,0.99978805,0.99983317,0.99964106,0.9997866,0.9998059,0.99978983,0.999725,0.9996611,0.9997769,0.9997967,0.9997937,0.9997779,0.99961984,0.9997743,0.9996916,0.99979407,0.99976236,0.9997616,0.99977624,0.99930096,0.9997765,0.99986887,0.9997837,0.99972636,0.9998083,0.9997448,0.9997661,0.9998042,0.99979746,0.9997679,0.9997824,0.9997783,0.999784,0.9997585,0.99971086,0.9997647,0.999728,0.9997584,0.999597,0.99971986,0.9997891,0.9997855,0.9997853,0.9997745,0.99977875,0.99977064,0.99977547,0.99979603,0.99981654,0.99977136,0.9997955,0.99977773,0.9997208,0.9998236,0.99979925,0.99977976,0.99970424,0.9997746,0.9997983,0.9998211,0.9997971,0.9996058,0.9997202,0.9996852,0.9997598,0.9997363,0.9997879,0.99977493,0.99973756,0.99972856,0.9997596,0.99926597,0.9997545,0.9997831,0.999817,0.9996856,0.99975336,0.9997766,0.9996236,0.9997716,0.999757,0.9997629,0.9995099,0.99973285,0.99976265,0.99975693,0.9998043,0.9997885,0.999776,0.99971753,0.99987227,0.9997389,0.9998125,0.99974304,0.99977297,0.9997552,0.9997671,0.9998165,0.9997256,0.9998025,0.9997697,0.99980897,0.9994995,0.99976695,0.99981606,0.9998207,0.9997316,0.9998145,0.99975884,0.99975723,0.99976057,0.9998237,0.9997106,0.9997918,0.9997762,0.9997064,0.99971735,0.9996322,0.999725,0.99975795,0.9997814,0.9998047,0.99980366,0.9996261,0.9997758,0.9997581,0.9998125,0.99979085,0.99978274,0.9997843,0.99979585,0.9998781,0.99976873,0.99978954,0.9997787,0.9997648,0.99977934,0.9997607,0.9997567,0.99960715,0.99946696,0.9997007
ipip164,0.9998882,0.99980545,0.99985236,0.9997911,0.9998634,0.9997805,0.9999037,0.99984366,0.9999047,0.9998058,0.9998085,0.99985814,0.9998302,0.99981785,0.99971294,0.99985427,0.99988735,0.9997977,0.9998897,0.99986625,0.9998845,0.99981904,0.9998681,0.99988407,0.99978,0.9999988,0.9998035,0.99989355,0.99988836,0.9998595,0.999854,0.99987364,0.9998232,0.99988586,0.9998956,0.9998621,0.99989945,0.99990374,0.9998881,0.9998895,0.99979687,0.9998672,0.9998378,0.9997956,0.9997922,0.99990326,0.99986285,0.9997466,0.999875,0.9997945,0.9998457,0.9995391,0.99987006,0.9998204,0.9997418,0.99984974,0.9997238,0.99978894,0.99982214,0.9998916,0.99985063,0.9998371,0.9998615,0.99982756,0.9998249,0.9997718,0.99989444,0.99985564,0.9998436,0.9997948,0.9998737,0.99986804,0.9996632,0.9998071,0.99982125,0.9994428,0.99979484,0.99986225,0.99984884,0.99987066,0.99980325,0.99988353,0.999799,0.9998425,0.99987584,0.99988186,0.99988455,0.9998222,0.99973404,0.99986106,0.9998206,0.99987644,0.9998491,0.99975455,0.9996771,0.9997751,0.9998564,0.9998275,0.9997253,0.9996934,0.99982804,0.9998734,0.99984115,0.9998314,0.99985975,0.9996886,0.9998763,0.9997214,0.99986446,0.99987876,0.9998895,0.99981534,0.9998444,0.99984914,0.99988663,0.9998277,0.9998884,0.9998798,0.99988467,0.99982005,0.9998863,0.99984765,0.9998848,0.99988014,0.99988407,0.9998035,0.99986625,0.99988097,0.9998216,0.9998511,0.99986935,0.9995452,0.9997817,0.99973834,0.99985194,0.9998781,0.99984866,0.99987334,0.9998942,0.99985486,0.9998699,0.99987245,0.99980813,0.9998611,0.9998703,0.9997451,0.9998604,0.99985033,0.99975055,0.9998907,0.99987847,0.99983865,0.99972975,0.99968153,0.99987537,0.99984366,0.9998356,0.9998292,0.99970806,0.999891,0.9997413,0.99989796,0.99985254,0.9997512,0.99987906,0.9993769,0.9998886,0.9998318,0.9998579,0.9998159,0.999879,0.9998165,0.9998735,0.9998707,0.99986404,0.9998768,0.99988896,0.99986476,0.9998532,0.99987483,0.99981695,0.99984026,0.9997937,0.9998332,0.99967057,0.99980754,0.99990267,0.99989873,0.9999033,0.9998257,0.9998978,0.99987894,0.99988395,0.99987215,0.99989057,0.9998749,0.99990034,0.9999142,0.99982744,0.9998763,0.99986124,0.9998859,0.9997921,0.99989045,0.9998784,0.9998505,0.9998921,0.9996274,0.99980575,0.9997901,0.9998418,0.9998505,0.99986815,0.9998491,0.9998129,0.99978226,0.99985725,0.99931544,0.9998582,0.9998738,0.99986625,0.9998002,0.99986607,0.99981815,0.99971443,0.99987686,0.99988985,0.99987966,0.9995928,0.99978817,0.9998795,0.99987435,0.9998515,0.999822,0.9998802,0.9998011,0.999854,0.99980265,0.99986976,0.99981207,0.99987215,0.9998434,0.9998758,0.9998127,0.9998472,0.99987274,0.99978936,0.9998779,0.99957687,0.9998166,0.999889,0.9998837,0.9998027,0.9998896,0.9998324,0.9998599,0.99987435,0.99986076,0.9998077,0.9998536,0.99988556,0.9997852,0.9998413,0.99973994,0.9998077,0.9998473,0.9998294,0.99980485,0.999834,0.9996571,0.9998948,0.9998034,0.9998412,0.9998901,0.9998621,0.9998325,0.99983364,0.9998436,0.99975884,0.9998599,0.9998059,0.999866,0.99983543,0.9997859,0.9998608,0.9995974,0.9995225,0.99976766
ipip194,0.9997273,0.99978524,0.99975663,0.9997584,0.9997727,0.9997112,0.9997627,0.9998004,0.99982935,0.9997742,0.9997425,0.99973935,0.99976414,0.99976665,0.99967635,0.99973667,0.99975646,0.9997809,0.99976635,0.99977046,0.9997796,0.9997636,0.9997722,0.99981487,0.999707,0.9998035,0.9999975,0.99980026,0.9997737,0.9997848,0.9997595,0.99980575,0.9997317,0.9997775,0.99974865,0.9997554,0.9997486,0.9997431,0.99976,0.99977696,0.99978656,0.99981,0.9997814,0.9997149,0.99976635,0.99977696,0.99980414,0.99970233,0.99975973,0.9997444,0.99981564,0.9996691,0.999791,0.9998046,0.9998009,0.99983114,0.99966955,0.9997844,0.99976635,0.9997988,0.999705,0.9997433,0.99971735,0.99973387,0.99971366,0.9996901,0.9997588,0.99973565,0.99974847,0.9997696,0.9997003,0.99974877,0.9996449,0.99972504,0.9997479,0.99948955,0.99971545,0.999743,0.99984324,0.99983424,0.99970543,0.99974453,0.9996957,0.9996931,0.99976385,0.99969846,0.9997284,0.99975765,0.9996982,0.9997445,0.9996956,0.9996921,0.99972135,0.99969846,0.9996629,0.9997366,0.99967897,0.9998239,0.99967647,0.99970055,0.99971026,0.9997395,0.99970037,0.99970686,0.99973285,0.999668,0.9997375,0.9996374,0.9997694,0.9997358,0.9997361,0.99973196,0.9997542,0.9997599,0.99974644,0.9997794,0.99973077,0.99974453,0.999755,0.9997307,0.999751,0.9997744,0.9998013,0.99978393,0.9997358,0.9997477,0.99982625,0.999813,0.99982655,0.999775,0.9997276,0.9995697,0.9997588,0.99972016,0.9997241,0.9997863,0.99977463,0.9998077,0.99974436,0.999689,0.999683,0.99974424,0.99974364,0.9997725,0.9997493,0.99969393,0.9997314,0.99975616,0.9997811,0.9997835,0.9997541,0.9997542,0.999688,0.9996698,0.99970454,0.9997626,0.9997453,0.99976885,0.99968684,0.9997438,0.9997426,0.99979126,0.9997382,0.99971306,0.99971414,0.9993774,0.99977624,0.9997381,0.99975747,0.9997019,0.99973434,0.99974734,0.9996905,0.9997397,0.9997756,0.9997564,0.9997711,0.99976975,0.9997949,0.9997763,0.999749,0.99983525,0.9997617,0.9998328,0.9997043,0.9997569,0.99977124,0.99977565,0.99977446,0.99979836,0.99975353,0.99976337,0.9997576,0.99977887,0.9997538,0.9997165,0.99978274,0.9997716,0.9997759,0.99982935,0.99979115,0.99975455,0.99979603,0.9997624,0.99980307,0.99977136,0.9997797,0.9996587,0.9997912,0.999793,0.9997789,0.9997284,0.9997731,0.99980474,0.9998406,0.9997485,0.9997373,0.9994231,0.99975824,0.9997283,0.99973524,0.9997183,0.9997944,0.9997892,0.9996546,0.9997288,0.99974847,0.9997829,0.99968064,0.99971616,0.9998143,0.9997803,0.99974,0.99969685,0.9997439,0.9997956,0.9997667,0.9997402,0.9997611,0.9997515,0.99977916,0.99977463,0.99973613,0.99977493,0.9997847,0.9997851,0.9997679,0.99972653,0.99961287,0.9997665,0.99979687,0.9997904,0.99978656,0.99979067,0.99980116,0.9998061,0.99982077,0.99979806,0.9997601,0.9997486,0.9997976,0.999846,0.99982846,0.99977344,0.99979067,0.99977577,0.9997495,0.9997492,0.99973994,0.9996469,0.99975955,0.99980384,0.9997794,0.99978644,0.99980325,0.9997555,0.99975914,0.9997368,0.9997056,0.99976176,0.9998108,0.99975675,0.99979293,0.999794,0.99977183,0.9996517,0.99955696,0.9997092
ipip224,0.9998747,0.99981105,0.999855,0.9998086,0.99985695,0.9997806,0.99989426,0.9998336,0.99988437,0.9998142,0.9997835,0.99984777,0.9998361,0.99981976,0.9997245,0.9998495,0.9999231,0.9998036,0.9998808,0.99987316,0.9999686,0.9998142,0.99987334,0.9998799,0.9997921,0.99989355,0.99980026,0.9999964,0.9998466,0.99984354,0.9998631,0.99986833,0.99981654,0.99988455,0.9998967,0.9998631,0.99989665,0.99990624,0.9998762,0.99986935,0.9998007,0.99986196,0.9998263,0.9997578,0.9997624,0.99985707,0.99982584,0.999757,0.9998552,0.9998253,0.99982494,0.9995139,0.9998526,0.9998301,0.99974406,0.9998438,0.99968463,0.9997792,0.9998142,0.9998756,0.99986887,0.9998244,0.99988145,0.99980927,0.9998397,0.9997913,0.99988765,0.9998588,0.9998417,0.9997871,0.99987125,0.999866,0.9996922,0.9998084,0.9998312,0.99945724,0.9997988,0.99985796,0.99985313,0.9998666,0.9998132,0.9998875,0.99979913,0.99985176,0.99986297,0.99988323,0.9998802,0.9998534,0.99974626,0.9998644,0.99980164,0.9998739,0.99986637,0.99972767,0.99967694,0.9997475,0.9998587,0.99982345,0.9997334,0.99967945,0.9998352,0.99987584,0.99983925,0.99982125,0.9998574,0.9996845,0.99986863,0.99974084,0.9998741,0.9998749,0.9998941,0.99981046,0.99981654,0.9998269,0.9999022,0.9998214,0.99987036,0.99990124,0.9998807,0.99984473,0.9999122,0.9998317,0.9999105,0.9998939,0.9999089,0.9998179,0.9998948,0.999875,0.99981356,0.99986154,0.9998745,0.99958193,0.9998019,0.9997606,0.9998622,0.9998728,0.9998621,0.99987316,0.9998926,0.99985653,0.9998682,0.9998813,0.9998448,0.99986595,0.99987096,0.99972826,0.9998607,0.99984115,0.9997418,0.99986416,0.99988055,0.9998345,0.99973464,0.99969,0.9998782,0.999841,0.99984276,0.9998214,0.9997102,0.999891,0.99976236,0.9999012,0.9998632,0.99975365,0.9998729,0.99935484,0.9998835,0.9998515,0.99986744,0.99980015,0.9998733,0.9997588,0.9998652,0.9998763,0.9998685,0.999868,0.9998829,0.99984574,0.99985105,0.9998834,0.99981475,0.9998436,0.9997948,0.99983805,0.9996565,0.99981856,0.99990547,0.9999042,0.9999068,0.9998387,0.9998869,0.999883,0.99988043,0.99987215,0.99989074,0.99986976,0.99990475,0.9998967,0.999796,0.9998348,0.99987984,0.9998966,0.9998012,0.9998833,0.99989235,0.9998312,0.999903,0.99963534,0.99981743,0.9997957,0.99986535,0.9998367,0.99986774,0.9998684,0.9998262,0.99976766,0.9998567,0.9993237,0.99986875,0.99986786,0.9998671,0.99977845,0.9998685,0.9998292,0.99970025,0.99986273,0.9998951,0.9998878,0.9996098,0.99979055,0.9998897,0.9998673,0.9998651,0.9998287,0.99987215,0.9998071,0.9998662,0.9998002,0.99986506,0.9998079,0.9998608,0.9998403,0.99986374,0.99981385,0.9998281,0.999882,0.9997822,0.9998797,0.9995806,0.99982095,0.99988353,0.9998794,0.9998054,0.9998893,0.99983823,0.9998864,0.9999054,0.9998668,0.9997914,0.99986076,0.9998895,0.9997938,0.9998452,0.9997465,0.99982333,0.999846,0.99983287,0.9998027,0.9998381,0.9996542,0.9998921,0.99979836,0.999845,0.9998863,0.9998454,0.9998511,0.99983835,0.99984974,0.9997793,0.9998645,0.99980605,0.99987346,0.9998504,0.99978805,0.9998672,0.9995966,0.99952173,0.9997625
ipip254,0.9998317,0.9997684,0.99980503,0.99974406,0.99980795,0.99974513,0.9998362,0.99979454,0.9998446,0.99975044,0.9997825,0.9998418,0.9998025,0.99980617,0.99970716,0.99982345,0.9998674,0.9997826,0.9998612,0.99985576,0.9998483,0.9997912,0.9998146,0.9998264,0.9997619,0.99988836,0.9997737,0.9998466,0.9999981,0.99985,0.9998071,0.9998302,0.9997664,0.9998467,0.9998554,0.99981415,0.9998593,0.99984103,0.99987507,0.9998484,0.9997617,0.9998169,0.99978775,0.99977285,0.99973214,0.99981636,0.9997961,0.99972326,0.9998364,0.9998075,0.999781,0.99948335,0.9998158,0.9997833,0.9997095,0.9997858,0.99968654,0.99977434,0.9997886,0.99982345,0.99982756,0.99979466,0.999826,0.9997971,0.99979705,0.9997476,0.99984264,0.99979824,0.99980557,0.99976385,0.9998204,0.99982685,0.9996396,0.99976355,0.9998017,0.99947333,0.9998192,0.9998785,0.99981093,0.9998326,0.9997949,0.9998576,0.999797,0.9998283,0.99986374,0.9998528,0.99987286,0.9998201,0.99973625,0.99983865,0.99982613,0.9998305,0.99986297,0.99977916,0.9996598,0.9997398,0.99980634,0.9997753,0.9997157,0.99970394,0.9998159,0.99983084,0.9998327,0.9998312,0.9998569,0.9996588,0.9998436,0.9997036,0.9998273,0.9998503,0.9998466,0.9998117,0.9998476,0.9998394,0.9998446,0.99980223,0.99986863,0.999844,0.99984956,0.9998016,0.99984294,0.99982995,0.99983203,0.999848,0.9998427,0.9997761,0.99981254,0.999861,0.99978137,0.99982965,0.9998193,0.9995591,0.9997661,0.9997613,0.9998087,0.9998426,0.999823,0.9998293,0.9998511,0.99981517,0.99983597,0.9998448,0.9997925,0.99981666,0.999861,0.9997598,0.999855,0.9998106,0.99971384,0.9998849,0.99983317,0.9998097,0.99972737,0.9996812,0.9998314,0.99981576,0.9998188,0.99978197,0.99973005,0.99984366,0.99973,0.999847,0.9998245,0.9997251,0.9998324,0.99937266,0.99983275,0.99979305,0.9998281,0.9998004,0.9998226,0.9997977,0.99983513,0.9998342,0.99981403,0.99983007,0.99982536,0.9998135,0.9997962,0.99982053,0.999812,0.99979955,0.9997625,0.9998061,0.99964935,0.9997917,0.9998473,0.99983877,0.9998465,0.9997873,0.99986917,0.99983263,0.9998404,0.9998203,0.99986607,0.99982476,0.9998402,0.9998439,0.9997646,0.99979466,0.9998195,0.9998241,0.99974054,0.9998349,0.9998241,0.99979013,0.9998371,0.99961746,0.99976504,0.99976176,0.99980026,0.9998444,0.99981576,0.999812,0.999781,0.99977934,0.9998121,0.99930596,0.9998214,0.9998602,0.99982035,0.99977165,0.99982893,0.9998046,0.9997024,0.9998421,0.9998318,0.999856,0.99956024,0.999769,0.99983364,0.9998374,0.9998129,0.99978375,0.9998414,0.99977195,0.9998196,0.9997768,0.99982387,0.9997882,0.99986285,0.9998357,0.99983245,0.9997726,0.9998234,0.9998243,0.9997429,0.9998241,0.99953395,0.9997792,0.99983335,0.9998257,0.99976784,0.9998425,0.9997949,0.99982214,0.99982625,0.99981433,0.99977314,0.9998156,0.99983793,0.9997589,0.999807,0.99969643,0.9997491,0.99980897,0.9997994,0.9997538,0.99981207,0.9996439,0.9998379,0.99975556,0.999816,0.9998351,0.9998208,0.99978393,0.9997837,0.99980205,0.99973553,0.9998088,0.999765,0.99981844,0.99977577,0.99974424,0.9998241,0.99956393,0.99949145,0.9997169
ipip284,0.9998334,0.99977493,0.9998113,0.99974436,0.99981445,0.9997611,0.99983793,0.99977356,0.9998429,0.9997449,0.9997894,0.9998359,0.9997948,0.9998025,0.99970424,0.9998181,0.99985003,0.9997661,0.9998825,0.999822,0.9998505,0.9997936,0.9998333,0.9998241,0.99976945,0.9998595,0.9997848,0.99984354,0.99985,0.9999981,0.999826,0.999834,0.9997831,0.99983495,0.99984545,0.99981636,0.9998329,0.9998334,0.999858,0.99983317,0.99974453,0.9998324,0.9997856,0.9997794,0.9997352,0.99982405,0.99979943,0.99972606,0.9998186,0.9997832,0.99977314,0.9994593,0.9998343,0.9997693,0.9997581,0.99978983,0.9996905,0.9997894,0.9997867,0.99984306,0.99983054,0.9998061,0.9998424,0.9997948,0.9997894,0.99976134,0.99983394,0.9998175,0.999847,0.99978447,0.9998296,0.99982363,0.99965316,0.9997784,0.9998137,0.9994608,0.9997763,0.99983656,0.9998315,0.9998562,0.9997935,0.9998572,0.99979717,0.99981505,0.9998314,0.9998437,0.9998461,0.99981993,0.9997349,0.9998171,0.99981695,0.99983954,0.99983287,0.99975896,0.9996956,0.99973655,0.9998247,0.999811,0.99974996,0.9997633,0.9998301,0.9998492,0.9998395,0.99982786,0.999849,0.9996746,0.99985373,0.99970734,0.999833,0.9998498,0.9998609,0.9998196,0.9998174,0.9998257,0.9998442,0.99979305,0.99985296,0.99984235,0.9998633,0.9998102,0.9998448,0.9998132,0.999824,0.9998402,0.9998312,0.9997884,0.9997953,0.9998533,0.9998241,0.9998073,0.99982554,0.9995234,0.99975806,0.9997415,0.9998046,0.9998335,0.99980825,0.99983436,0.9998529,0.9998219,0.99986124,0.99983025,0.9997868,0.999805,0.9998736,0.9997343,0.99984044,0.9998481,0.99972904,0.99985266,0.999852,0.9998218,0.99974924,0.99969983,0.99983954,0.9998433,0.99985355,0.9997927,0.9997174,0.999845,0.9997079,0.99984926,0.9998085,0.99974144,0.9998355,0.99935704,0.99983436,0.9998152,0.9998205,0.999784,0.9998329,0.9997463,0.99981797,0.99983346,0.9998471,0.99985033,0.99982417,0.9998106,0.9997923,0.9998148,0.9997867,0.99983203,0.9997683,0.99983174,0.9996826,0.99978596,0.99984235,0.9998449,0.9998432,0.9997813,0.9998449,0.99986047,0.9998628,0.9998526,0.9998606,0.9998489,0.9998345,0.99983627,0.999741,0.9997913,0.9998079,0.9998201,0.99974114,0.9998529,0.99981976,0.99979687,0.9998358,0.9996067,0.9997662,0.9997408,0.9998095,0.9997905,0.9998395,0.9998118,0.9998031,0.9997549,0.9998188,0.9993069,0.99982244,0.9998402,0.9998254,0.9997878,0.99983054,0.9997938,0.99976045,0.99986744,0.9998248,0.9998263,0.9995601,0.99976134,0.9998194,0.9998336,0.99983424,0.9997906,0.9998449,0.999775,0.99981505,0.9997629,0.9998228,0.9997676,0.9998303,0.9998307,0.99985033,0.9998117,0.9998345,0.99982786,0.99976224,0.9998284,0.9995235,0.9997757,0.99985737,0.9998558,0.9997871,0.99985814,0.9998064,0.9998137,0.99981356,0.9998162,0.99975336,0.999807,0.9998641,0.99978614,0.9998179,0.99970883,0.99977034,0.9998243,0.9997899,0.9997598,0.9998112,0.99963504,0.99984723,0.99977416,0.9998089,0.9998447,0.9998158,0.99979484,0.9997889,0.99981076,0.99977386,0.99980944,0.99980867,0.9998379,0.99978864,0.9997948,0.9998387,0.999622,0.99954116,0.99973226
ipip19,0.99988186,0.9997677,0.999833,0.9997684,0.9998576,0.9997765,0.99986833,0.999764,0.99987936,0.99976456,0.9997732,0.9998585,0.9997884,0.99974716,0.9996954,0.99982065,0.9998407,0.9997773,0.99984235,0.9997897,0.99987274,0.99978465,0.9998695,0.9998646,0.99980134,0.999854,0.9997595,0.9998631,0.9998071,0.999826,0.99999803,0.9998291,0.9998048,0.99989,0.999858,0.99985605,0.99984384,0.99985456,0.9998378,0.9998478,0.99973524,0.9998171,0.999838,0.99974513,0.99975,0.9998644,0.9998318,0.9997625,0.99983495,0.9997566,0.9997985,0.9994152,0.9998377,0.99975836,0.9997342,0.9998106,0.9996748,0.99971956,0.99975455,0.9998512,0.999866,0.99982476,0.9998831,0.99985105,0.99983144,0.9997797,0.9998678,0.9998552,0.99986845,0.9997406,0.99989265,0.99986154,0.999666,0.99980915,0.9998154,0.9993505,0.99975014,0.9998331,0.9998547,0.9998857,0.9998206,0.99988014,0.9997694,0.99986476,0.99984473,0.9998727,0.99986184,0.99977016,0.9997065,0.9998344,0.99979955,0.9998904,0.9998328,0.999715,0.99964285,0.99971336,0.99986815,0.99984974,0.99971175,0.9996387,0.9998174,0.9999175,0.99983674,0.99981785,0.9998438,0.99963295,0.99985534,0.9997497,0.9998489,0.99985945,0.99987036,0.99981517,0.99980706,0.99979764,0.99988425,0.9998026,0.9998752,0.9998867,0.999871,0.9998028,0.9999089,0.9998302,0.99987006,0.9998753,0.9998711,0.99986535,0.99980706,0.99981433,0.99983245,0.99976903,0.99988025,0.99949884,0.9997697,0.999693,0.9998618,0.9998797,0.99984765,0.99983984,0.9998715,0.9998729,0.9998822,0.9998484,0.99976856,0.9998232,0.9998521,0.99966836,0.99984276,0.9998746,0.99965924,0.9998392,0.99991304,0.99986553,0.9997198,0.99967784,0.9998978,0.99984103,0.9998437,0.9998282,0.99966836,0.9998885,0.9997138,0.99989647,0.9998566,0.9997891,0.99986655,0.9992964,0.999855,0.9998509,0.99984884,0.999784,0.9998844,0.999741,0.9998667,0.9998882,0.9999362,0.99988097,0.9998593,0.9998241,0.99984366,0.9998646,0.99977255,0.9998828,0.99983233,0.9998771,0.9996166,0.9998295,0.99990404,0.9999055,0.99990696,0.99982667,0.9998756,0.9998936,0.99988824,0.99994093,0.9998849,0.9998914,0.9998795,0.99987835,0.99979424,0.9998131,0.99985605,0.9998792,0.9997348,0.99988854,0.99987954,0.99987364,0.99993587,0.9995852,0.9997517,0.99973273,0.999825,0.99980974,0.9999275,0.99987507,0.99981606,0.99977344,0.99984306,0.9992314,0.9998107,0.99984473,0.9998798,0.999791,0.9998666,0.99983567,0.9996844,0.999865,0.99988884,0.99985826,0.9995256,0.99977356,0.99984235,0.9998653,0.9998752,0.9998454,0.9998927,0.9998113,0.9998839,0.99978083,0.9998682,0.9997816,0.99985254,0.99979043,0.9998752,0.9998301,0.9998118,0.999857,0.9997634,0.9998819,0.9994875,0.9997966,0.9998706,0.9998715,0.9997532,0.999873,0.99979,0.99984443,0.9998265,0.999878,0.9997555,0.9998531,0.99988043,0.9998197,0.9998039,0.999689,0.9997522,0.99984497,0.99981093,0.9998331,0.99983555,0.99963164,0.9998729,0.9997574,0.9998832,0.99986064,0.9998678,0.9998282,0.9998277,0.9998768,0.999802,0.9998425,0.9998249,0.9998584,0.9998155,0.99980134,0.9998284,0.99955887,0.9994208,0.99971753
ipip49,0.99982727,0.99977845,0.9998204,0.9997708,0.9998347,0.99976903,0.9998637,0.99983066,0.9998841,0.999781,0.9998148,0.99983096,0.99981976,0.99977344,0.99973184,0.99982214,0.9998445,0.99976325,0.999837,0.9998398,0.99984854,0.9997939,0.9998467,0.9998609,0.9997634,0.99987364,0.99980575,0.99986833,0.9998302,0.999834,0.9998291,0.99999696,0.9998479,0.9998703,0.9998589,0.9998683,0.9998568,0.99984926,0.99984604,0.9998667,0.99982715,0.9998796,0.99980015,0.9997786,0.99974656,0.9998386,0.9998262,0.9997469,0.99982923,0.99975973,0.9998397,0.99953437,0.99986905,0.99982834,0.99976397,0.9998565,0.9997046,0.9997967,0.99980915,0.9999329,0.9998234,0.999809,0.9998387,0.9998016,0.9998093,0.9997804,0.9998659,0.9998487,0.9998287,0.99981177,0.99983674,0.99985266,0.9996774,0.9998156,0.99980253,0.9994849,0.9997797,0.9998209,0.99986833,0.999879,0.9997949,0.9998536,0.9997816,0.9997989,0.9998405,0.9998324,0.99985,0.99979883,0.999727,0.9998321,0.9997987,0.9998259,0.99983096,0.9997365,0.9996675,0.9997441,0.9998206,0.99983984,0.9997215,0.9996829,0.9998219,0.999844,0.9998218,0.9998197,0.99982435,0.999754,0.9998348,0.9997503,0.9998873,0.9998561,0.9998615,0.99978566,0.99982256,0.9998317,0.99986047,0.9998283,0.9998515,0.99985826,0.9998451,0.9998312,0.9998509,0.9998187,0.9998665,0.9998475,0.9998367,0.999809,0.9998715,0.9998723,0.9998228,0.99981374,0.9998583,0.9995641,0.9997974,0.9997065,0.9998553,0.99986064,0.99984324,0.99991316,0.9998755,0.9998155,0.9998222,0.99984276,0.999808,0.9998299,0.9998291,0.9997243,0.99982214,0.99983454,0.99979913,0.99984866,0.9998551,0.9998258,0.999728,0.99972534,0.9998353,0.9998395,0.999829,0.9998327,0.9997013,0.99985546,0.99977356,0.99987876,0.999821,0.99977547,0.9998375,0.9994502,0.99988383,0.99983674,0.9998275,0.9997763,0.9998426,0.9997658,0.9998182,0.99981964,0.9998582,0.99986273,0.99986845,0.9998581,0.9998651,0.9998759,0.99982965,0.9998614,0.9997842,0.9998608,0.99971044,0.9998186,0.999881,0.99988556,0.9998849,0.99983054,0.9998708,0.999871,0.9998702,0.9998621,0.9998569,0.9998486,0.9998706,0.9998718,0.9998117,0.99983627,0.99987125,0.99986297,0.9998,0.99985635,0.99986273,0.99982476,0.99988145,0.99967736,0.99985504,0.99982095,0.999839,0.9998307,0.9998527,0.99986494,0.9998655,0.99980694,0.9998411,0.9993793,0.99983096,0.9998532,0.9998471,0.9998098,0.9998764,0.9998383,0.9997387,0.99986374,0.99987197,0.9998763,0.9996762,0.99985415,0.99988943,0.999858,0.9998711,0.99981606,0.9998676,0.9998238,0.9998495,0.9998217,0.99986076,0.99980867,0.99984384,0.9998221,0.99985236,0.9998331,0.9998447,0.99987704,0.9997841,0.99984175,0.9995719,0.9998134,0.99988383,0.9998824,0.99984545,0.9998988,0.9998664,0.99985826,0.99983895,0.9998549,0.99978447,0.99983376,0.99987143,0.9998124,0.9998488,0.99976367,0.9998334,0.99986076,0.9998273,0.9997983,0.9998275,0.99967825,0.99988246,0.999852,0.9998254,0.9998797,0.9998534,0.999854,0.99985135,0.9998232,0.99980265,0.9998406,0.9998285,0.99986786,0.9998652,0.999828,0.99987537,0.99963504,0.999552,0.9997748
ipip79,0.9997802,0.9997237,0.99977326,0.9997095,0.99978095,0.9997258,0.9998093,0.9997738,0.9998328,0.99972606,0.9997693,0.99979323,0.99977696,0.9997195,0.9996782,0.9997801,0.9997925,0.99976265,0.99978375,0.9997609,0.9998048,0.9997311,0.99981856,0.9997964,0.9997234,0.9998232,0.9997317,0.99981654,0.9997664,0.9997831,0.9998048,0.9998479,0.9999983,0.99981505,0.9997976,0.9998125,0.9998017,0.99979544,0.9997813,0.99980104,0.9997817,0.9998401,0.99976176,0.99979407,0.9997038,0.9998121,0.99977726,0.9996956,0.9997978,0.9997292,0.99978006,0.99948674,0.99980164,0.9997327,0.9997167,0.9998146,0.999661,0.9997752,0.99975026,0.99983764,0.99975294,0.99974966,0.99978,0.9997562,0.9997453,0.999725,0.99980056,0.9997829,0.99979675,0.9997326,0.9997912,0.9998073,0.9996387,0.9997639,0.99974144,0.9994095,0.999716,0.99975854,0.9998166,0.99982446,0.99975944,0.9998017,0.99971163,0.9997635,0.9997786,0.99978924,0.9997918,0.99973273,0.9996846,0.99977857,0.9997562,0.99978465,0.999767,0.9996817,0.9996271,0.9996808,0.99977964,0.99980175,0.99968314,0.99963856,0.99974567,0.9997942,0.9997576,0.99974567,0.9997605,0.99965715,0.99978906,0.9997255,0.99979687,0.9997913,0.9998072,0.9997661,0.9997696,0.9997805,0.9998091,0.99979204,0.9998155,0.9998097,0.9998031,0.99976534,0.9997942,0.99976945,0.9998025,0.99979097,0.9997842,0.9997762,0.9997916,0.9997869,0.9997762,0.99974763,0.9997991,0.9994958,0.99973106,0.9996521,0.9998,0.9998108,0.99979955,0.99982864,0.9998078,0.9997733,0.99978036,0.9997924,0.99974275,0.9997789,0.9997764,0.9996762,0.9997751,0.9998031,0.9997558,0.9998014,0.9998103,0.9997723,0.9996674,0.9996186,0.9997935,0.9998048,0.99979544,0.9997715,0.9996545,0.9998074,0.9997038,0.9998327,0.9998003,0.99973804,0.99978334,0.9993796,0.99982405,0.9997661,0.9997816,0.99972975,0.99979115,0.9997069,0.99977505,0.9997725,0.99982446,0.9998257,0.999816,0.9998122,0.99979794,0.9998109,0.9997555,0.99980956,0.99973,0.9997997,0.99963903,0.99974054,0.9998188,0.9998305,0.999826,0.99976456,0.9998055,0.9998265,0.99982554,0.99982786,0.99980927,0.99982023,0.99981767,0.9998183,0.99975985,0.99977976,0.99978626,0.99982226,0.99972934,0.9998173,0.999805,0.99979705,0.99983126,0.99964607,0.99976057,0.9997843,0.9997754,0.99977124,0.9998239,0.99978197,0.9997899,0.99971044,0.99977595,0.99934065,0.999777,0.9997807,0.9998048,0.99977684,0.9998033,0.9997438,0.99967444,0.99981225,0.99981576,0.99979955,0.99957293,0.9997568,0.9998083,0.9998009,0.9997882,0.9997664,0.99979544,0.9997528,0.9997827,0.9997473,0.9998166,0.99976516,0.9997848,0.99974376,0.9998051,0.99976885,0.9997917,0.9997945,0.99972683,0.9997895,0.9994919,0.99973404,0.99981964,0.99982446,0.99975973,0.9998248,0.99977165,0.9997676,0.9997704,0.9997949,0.9997102,0.99977607,0.9998202,0.99975866,0.99978155,0.99967146,0.99976736,0.9997987,0.99975806,0.9997376,0.99978465,0.99963903,0.999819,0.999793,0.9997742,0.9998182,0.9997905,0.999789,0.999788,0.9997627,0.99972486,0.99978584,0.99977416,0.99981284,0.99977463,0.99977577,0.9998028,0.9995624,0.9994967,0.99971217
ipip109,0.99987376,0.9997917,0.99983716,0.9997835,0.9998621,0.99977744,0.9998901,0.9998278,0.9998958,0.9997879,0.9998007,0.99986947,0.9998326,0.9997889,0.9997285,0.9998496,0.99987805,0.9997772,0.999869,0.99984074,0.99988055,0.99980146,0.9998599,0.9998849,0.9998673,0.99988586,0.9997775,0.99988455,0.9998467,0.99983495,0.99989,0.9998703,0.99981505,0.9999984,0.9998899,0.9998907,0.9998916,0.99989665,0.9998705,0.9999169,0.9997571,0.99984944,0.9998447,0.9997792,0.9997598,0.99987376,0.99989516,0.99978745,0.99987054,0.99977493,0.9998321,0.9994563,0.99985677,0.9997979,0.99973166,0.99983305,0.9997141,0.999746,0.99979144,0.9998719,0.9998712,0.99984133,0.99989384,0.9998475,0.9998517,0.99979883,0.9998887,0.9998594,0.9998919,0.999784,0.99988866,0.99987787,0.9996621,0.99981534,0.9998311,0.99941593,0.9998166,0.9998703,0.99985385,0.9998759,0.99983025,0.99990946,0.9998057,0.9998709,0.9998799,0.99989176,0.9998963,0.9997985,0.9997222,0.9998709,0.9998255,0.9999012,0.99985856,0.9997436,0.9996548,0.9997504,0.99987864,0.9998413,0.9997117,0.99968004,0.99983823,0.99991083,0.9998505,0.9998406,0.99987036,0.9996644,0.99986976,0.9997709,0.9998941,0.99988365,0.99988997,0.99983793,0.99984336,0.99983126,0.9999172,0.99983263,0.9998899,0.99991095,0.9998911,0.99984723,0.9998999,0.9998296,0.999873,0.999871,0.9998753,0.99982375,0.9998399,0.99984765,0.9998226,0.9998135,0.9998915,0.9995486,0.99977833,0.9997126,0.9998749,0.99987847,0.99986255,0.9998736,0.9998917,0.9998813,0.99989206,0.9998788,0.9997902,0.99986374,0.9998728,0.99967897,0.9998725,0.9998987,0.99970484,0.9998834,0.99991506,0.9998706,0.9997524,0.9996926,0.99990237,0.9998475,0.99985456,0.99984324,0.99968374,0.99990875,0.9997392,0.9999118,0.99987423,0.99978197,0.9998898,0.99935544,0.9998949,0.99990684,0.9998681,0.99979645,0.99988806,0.9997658,0.9998832,0.9998742,0.9998965,0.99988663,0.9998824,0.99985677,0.9998602,0.99987924,0.99980605,0.999846,0.99979275,0.9998434,0.9996363,0.9998113,0.9999179,0.9999148,0.9999097,0.9998537,0.9999104,0.99989045,0.99989164,0.9998949,0.99991405,0.999889,0.9999103,0.9998991,0.9998078,0.99988616,0.9999201,0.9999044,0.99979234,0.9998918,0.9998775,0.99985373,0.99992377,0.9996247,0.9997945,0.9997619,0.99982876,0.9998552,0.99988925,0.99986535,0.9998142,0.9997856,0.999876,0.9992864,0.9998433,0.99988025,0.9998908,0.99979603,0.9998677,0.9998509,0.99969876,0.9998908,0.99990135,0.9998749,0.9995647,0.9997949,0.99987423,0.99987125,0.9998886,0.99985695,0.99988914,0.9998063,0.9999502,0.99981993,0.9998815,0.9997936,0.99987656,0.9998263,0.9998859,0.99986094,0.9998298,0.99989825,0.9997866,0.9998976,0.9995102,0.99981725,0.9998955,0.9998962,0.99978733,0.9998963,0.9998311,0.99988693,0.99985296,0.9998941,0.9997815,0.99987143,0.9998918,0.999787,0.9998351,0.9997346,0.9997788,0.9998524,0.9998235,0.9998428,0.9998389,0.99964637,0.9998939,0.99979556,0.9998915,0.9998912,0.9998719,0.9998524,0.9998551,0.9999457,0.9998044,0.9998542,0.99983126,0.99987274,0.99986637,0.99981415,0.9998625,0.9995999,0.9994841,0.99976546
ipip139,0.9999296,0.99979055,0.99987644,0.9997669,0.9998722,0.9997598,0.999937,0.9998415,0.9998923,0.99976957,0.999788,0.99987143,0.9998059,0.9997918,0.999683,0.99986076,0.99989724,0.9997787,0.9998885,0.9998957,0.99988806,0.9998203,0.99986196,0.999877,0.99976856,0.9998956,0.99974865,0.9998967,0.9998554,0.99984545,0.999858,0.9998589,0.9997976,0.9998899,0.9999954,0.9998607,0.9999241,0.99995184,0.99989617,0.9998824,0.9997473,0.9998639,0.9998018,0.9997762,0.9997291,0.99986666,0.9997964,0.9997612,0.99988323,0.99975985,0.99981666,0.9993927,0.9998768,0.99979126,0.99968916,0.9997908,0.99968076,0.99971634,0.99978435,0.99984837,0.9999084,0.9998292,0.9999026,0.9998215,0.9998212,0.99974775,0.99992347,0.9998755,0.9998532,0.9997621,0.99991286,0.99985486,0.99961853,0.99980295,0.99981606,0.9993659,0.9997762,0.9998662,0.9998138,0.9998606,0.99981433,0.9999125,0.99979746,0.99989706,0.9998829,0.99993956,0.99992007,0.9998093,0.99974775,0.9999076,0.99980676,0.9999106,0.99987656,0.9997022,0.9996393,0.99971557,0.99991375,0.9997919,0.9996813,0.9996218,0.999835,0.9998988,0.9998625,0.99981433,0.9998774,0.9995881,0.9998855,0.9997054,0.99987006,0.9999354,0.999941,0.9998213,0.999824,0.99982774,0.9999145,0.99978894,0.99990577,0.9999125,0.99991596,0.99981886,0.9999028,0.9998246,0.99986887,0.9998884,0.9999082,0.9997674,0.99982846,0.9998871,0.9997863,0.99981004,0.99989295,0.9994832,0.9997492,0.999739,0.9998795,0.9998708,0.99982506,0.9998594,0.9999334,0.9998979,0.999914,0.9998888,0.9998037,0.99987113,0.9998815,0.9996965,0.99986404,0.9998499,0.9996594,0.99988204,0.99989855,0.9998126,0.99967504,0.9996382,0.99993014,0.99980277,0.9998035,0.99979,0.99967355,0.99993736,0.99969435,0.99991024,0.9998666,0.99972236,0.9999231,0.99927735,0.9999075,0.9998146,0.9998749,0.9997973,0.9999089,0.9997118,0.99992216,0.99987847,0.99987054,0.9999054,0.9998959,0.9998531,0.9998236,0.9998632,0.999773,0.9998092,0.9997593,0.9998142,0.9995977,0.9998121,0.9999131,0.99990845,0.9999083,0.99977165,0.9999122,0.99990255,0.999903,0.99987906,0.99990785,0.99992603,0.9998981,0.9999277,0.99974287,0.99979013,0.9998684,0.999909,0.99972636,0.9999007,0.9998579,0.99981225,0.9999096,0.9995434,0.99975395,0.9997215,0.99981856,0.9998583,0.9998746,0.9998426,0.9997719,0.9997332,0.99985147,0.9991914,0.9998506,0.99987376,0.9998759,0.9997955,0.99987686,0.99979794,0.9996824,0.99990934,0.9999267,0.99988216,0.99946815,0.9997401,0.9998652,0.9998713,0.99988157,0.999832,0.9999112,0.99977535,0.99987,0.99978876,0.999861,0.99975073,0.9998719,0.9998184,0.9999026,0.99978006,0.99982566,0.9998779,0.99976265,0.9999119,0.9994741,0.9997864,0.9998856,0.999886,0.9997441,0.9998914,0.9997958,0.99986976,0.9998738,0.99986243,0.9997543,0.9998577,0.99990284,0.99974555,0.9998287,0.99968594,0.9997572,0.99986327,0.9997984,0.99978286,0.99982005,0.9995907,0.99993825,0.99975395,0.9998322,0.9999127,0.9998385,0.9998222,0.99982285,0.99986213,0.9997524,0.999852,0.99979043,0.99990296,0.99983054,0.9997806,0.9998773,0.9995515,0.9994497,0.99975777
ipip169,0.99986666,0.99978334,0.99984294,0.99978447,0.99987924,0.9997862,0.9998758,0.9997944,0.9998695,0.9997882,0.99979573,0.9998529,0.9998124,0.9997676,0.9997195,0.9998293,0.9998548,0.9997544,0.99984646,0.9998161,0.9998736,0.9997932,0.9999114,0.9998558,0.9998272,0.9998621,0.9997554,0.9998631,0.99981415,0.99981636,0.99985605,0.9998683,0.9998125,0.9998907,0.9998607,0.9999992,0.9998652,0.99987113,0.9998483,0.9998751,0.99977624,0.9998572,0.9998147,0.9997651,0.9997436,0.9998669,0.99984586,0.9997625,0.9998516,0.9997536,0.9998229,0.99945945,0.99987894,0.99977946,0.9997227,0.9998341,0.99975026,0.99975234,0.999798,0.999877,0.99985117,0.9998325,0.9998633,0.9998212,0.99982625,0.99978733,0.99985725,0.9998388,0.9998366,0.99975765,0.9999053,0.99990004,0.9996879,0.9998565,0.9998126,0.99940664,0.99977016,0.99982923,0.99983484,0.9998583,0.99980974,0.99988496,0.9997895,0.9998378,0.9998628,0.9998644,0.9998593,0.99977946,0.9997115,0.9998212,0.99981564,0.9998745,0.9998479,0.99973804,0.9996426,0.9997213,0.9998742,0.9998037,0.9997045,0.99965775,0.9998222,0.99987954,0.99982685,0.99981946,0.999849,0.99965256,0.9998408,0.99975294,0.99985176,0.99985945,0.9998799,0.9998163,0.99983436,0.99981004,0.9998692,0.9998635,0.99986243,0.9998956,0.9998538,0.99982107,0.999882,0.99982077,0.9998698,0.99985886,0.99987674,0.9997779,0.9998214,0.999845,0.9998034,0.99978006,0.99993557,0.9995518,0.99984604,0.9996947,0.9999196,0.999885,0.9998493,0.9998867,0.9998899,0.99986476,0.9998695,0.99985385,0.99978125,0.9998441,0.9998555,0.99969524,0.99983656,0.9998431,0.9997131,0.99984014,0.9998761,0.99983966,0.99974847,0.99967575,0.9998726,0.999882,0.9998827,0.9998927,0.999678,0.99986845,0.9998133,0.99992996,0.999856,0.99979,0.9998874,0.999381,0.9999034,0.99987334,0.99985754,0.9998157,0.999923,0.9997634,0.99986553,0.9998688,0.9998611,0.9998693,0.9998671,0.99985904,0.99984926,0.9998418,0.9997887,0.9998156,0.9997763,0.9998094,0.999627,0.9998044,0.9998792,0.99987435,0.9998757,0.9998099,0.9998644,0.99987423,0.9998783,0.99985576,0.9998842,0.9998715,0.99988204,0.99988955,0.9997697,0.99981993,0.99986243,0.9998688,0.999762,0.99987316,0.99986356,0.999845,0.9998808,0.9995905,0.99977136,0.99973786,0.99982905,0.99980986,0.99985,0.9998495,0.9997977,0.99975246,0.99985695,0.9992675,0.99982244,0.99987686,0.9999409,0.99978864,0.99985284,0.9998129,0.9996907,0.99987495,0.99986887,0.99984854,0.99952984,0.9997555,0.9998478,0.9998382,0.99986905,0.99982905,0.9998674,0.99977857,0.99988335,0.99986655,0.99992394,0.9998504,0.9998737,0.99980867,0.9998658,0.99980825,0.9998231,0.99986094,0.9998273,0.99991965,0.99954957,0.99987984,0.9998942,0.99989384,0.9998119,0.9999009,0.99985373,0.99985343,0.9998321,0.99990135,0.9998017,0.99984115,0.9998772,0.9997532,0.99981284,0.99971473,0.99978465,0.9998775,0.99988216,0.9998453,0.9998775,0.9996759,0.999899,0.9998139,0.99985975,0.9999018,0.99985224,0.9998912,0.99990857,0.9998738,0.99979,0.99988794,0.9998119,0.99986887,0.9998266,0.99979615,0.9998539,0.99960566,0.99951386,0.9997702
ipip199,0.9998964,0.9997667,0.99985677,0.9997623,0.99984807,0.99975365,0.9999088,0.9998193,0.9998737,0.99977386,0.9997986,0.99985033,0.99982744,0.9997939,0.9996889,0.9998701,0.9999067,0.99977976,0.9998793,0.9998699,0.9998886,0.99979526,0.99985343,0.99985474,0.99976534,0.99989945,0.9997486,0.99989665,0.9998593,0.9998329,0.99984384,0.9998568,0.9998017,0.9998916,0.9999241,0.9998652,0.9999977,0.9999505,0.99989593,0.99987525,0.99976027,0.99985296,0.9997932,0.99977344,0.9997209,0.9998518,0.9997962,0.9997437,0.999876,0.9997682,0.99980706,0.9994259,0.9998443,0.99978745,0.9996871,0.9998092,0.99969167,0.999745,0.9997933,0.9998636,0.9998729,0.9998121,0.9998839,0.99979657,0.9998034,0.99975604,0.9999023,0.99985886,0.99982095,0.99975014,0.99988306,0.9998582,0.99962634,0.9997914,0.99981666,0.99941254,0.9997931,0.9998717,0.9998306,0.9998498,0.9997941,0.9998906,0.9998144,0.9998803,0.9998753,0.99991864,0.9999104,0.9998207,0.99973786,0.99987066,0.9998034,0.9998955,0.99985796,0.9997198,0.99963737,0.99972534,0.9998829,0.9997886,0.99970907,0.9996529,0.9998509,0.9998685,0.9998557,0.999819,0.9998596,0.99961245,0.9998845,0.99970585,0.9998569,0.99989724,0.9999035,0.99980384,0.99980843,0.9998493,0.999918,0.99980795,0.9999107,0.9999177,0.9999017,0.99982476,0.9999002,0.9998222,0.9998661,0.99986976,0.99991393,0.9997589,0.99983525,0.99987227,0.9997729,0.999817,0.99988675,0.99955523,0.99975115,0.9997246,0.9998795,0.9998573,0.9998302,0.99986017,0.9999038,0.9998717,0.9998861,0.9998642,0.99981534,0.99983853,0.99986815,0.9997048,0.9998432,0.9998323,0.99968314,0.99986583,0.9998785,0.99981254,0.999695,0.9996575,0.9999064,0.9998035,0.9998129,0.99978936,0.99968135,0.9999055,0.9997188,0.99990255,0.9998815,0.9997202,0.99988735,0.9993456,0.9999022,0.99981356,0.99986,0.99982023,0.99988174,0.9997368,0.99991655,0.9998718,0.9998614,0.9999004,0.99989504,0.99984896,0.9998321,0.99987805,0.9997954,0.9998117,0.9997658,0.9998133,0.9996357,0.9997947,0.999926,0.9999169,0.9999177,0.9997944,0.99991447,0.9998956,0.99990517,0.99986947,0.99989545,0.9999024,0.9998898,0.9999114,0.9997648,0.9997972,0.999869,0.999888,0.99973136,0.99988955,0.9998464,0.99980366,0.99989367,0.99956745,0.99975187,0.9997458,0.99981415,0.9998554,0.9998614,0.9998283,0.999785,0.99974763,0.99986494,0.99925,0.9998544,0.99988264,0.9998731,0.99979156,0.9998599,0.9998024,0.9996878,0.99988925,0.9999141,0.9998788,0.99950904,0.99973893,0.99987334,0.9998681,0.99985003,0.9998306,0.99988663,0.99978226,0.99985343,0.99979043,0.9998673,0.999769,0.99987465,0.9998328,0.99989593,0.99977255,0.9998252,0.999862,0.9997445,0.99988574,0.9994922,0.9997855,0.9998715,0.99986875,0.99976856,0.9998777,0.99980897,0.99986666,0.99986154,0.99984485,0.9997599,0.9998332,0.999886,0.99974483,0.99982935,0.99970365,0.9997837,0.9998319,0.9998021,0.99976814,0.99981254,0.99959266,0.99990195,0.9997524,0.9998252,0.9998882,0.9998206,0.9998126,0.9998172,0.9998392,0.9997416,0.99984664,0.99976945,0.99988556,0.999807,0.9997532,0.99986,0.9995315,0.9994681,0.9997542
ipip229,0.9999169,0.99976814,0.9998683,0.99976844,0.9998665,0.9997466,0.9999399,0.9998265,0.999881,0.9997786,0.9997955,0.99985766,0.9998262,0.99979895,0.9996885,0.9998767,0.9999101,0.99977934,0.9998901,0.99988395,0.9998996,0.9997977,0.999865,0.99986345,0.9997737,0.99990374,0.9997431,0.99990624,0.99984103,0.9998334,0.99985456,0.99984926,0.99979544,0.99989665,0.99995184,0.99987113,0.9999505,0.9999978,0.9998898,0.9998784,0.9997434,0.99986535,0.99980617,0.9997706,0.9997124,0.99986935,0.99980354,0.9997541,0.99989325,0.9997611,0.9998155,0.99939847,0.99986327,0.99978215,0.9996888,0.9997947,0.99968123,0.99971664,0.9997873,0.9998552,0.9998974,0.99981654,0.99989665,0.9997884,0.9998136,0.99975187,0.9999108,0.9998674,0.999848,0.9997532,0.99990606,0.9998624,0.9996143,0.99979603,0.9998065,0.9993614,0.9997789,0.99986565,0.9998167,0.99985194,0.999804,0.99990493,0.9998004,0.99988765,0.99987066,0.999939,0.99991614,0.9998046,0.99972755,0.99989647,0.99979246,0.99991053,0.9998642,0.9996886,0.999616,0.9997051,0.9999076,0.99978566,0.9996832,0.9996289,0.9998285,0.9998913,0.9998565,0.99980617,0.9998647,0.9995752,0.9998897,0.9997017,0.99985886,0.9999208,0.9999308,0.99980927,0.9997987,0.99982315,0.99991703,0.9997929,0.9998989,0.99992555,0.999913,0.9998164,0.9999084,0.99980986,0.9998665,0.9998795,0.99992144,0.9997544,0.99982435,0.99987584,0.9997832,0.9998078,0.9998995,0.99950147,0.9997442,0.99971217,0.99989146,0.9998662,0.99982965,0.9998602,0.9999247,0.999893,0.9999017,0.99987286,0.99980587,0.9998635,0.9998731,0.9996727,0.9998491,0.99984753,0.99966323,0.99986446,0.99989283,0.99980277,0.9996762,0.99963254,0.9999199,0.9998091,0.9998055,0.9997962,0.99965686,0.9999251,0.9996928,0.9999195,0.9998835,0.9997275,0.99991715,0.9993002,0.9999105,0.99981946,0.99987435,0.9998044,0.9999134,0.9997131,0.99991995,0.9998816,0.9998711,0.9999098,0.9998938,0.99984664,0.9998259,0.9998627,0.99976057,0.99980545,0.9997545,0.99980325,0.9995936,0.9997903,0.9999143,0.999911,0.9999098,0.999779,0.9999059,0.9998978,0.99990004,0.99987584,0.9998994,0.9999183,0.9999003,0.99993134,0.9997473,0.9998007,0.99987155,0.9999116,0.99972475,0.99989456,0.99985415,0.9998066,0.99991244,0.99952805,0.99974364,0.9997162,0.9998162,0.9998464,0.99987304,0.99983156,0.99976367,0.9997211,0.99985945,0.9991907,0.99985147,0.9998759,0.99988735,0.99979544,0.9998718,0.99978966,0.99967843,0.9999052,0.99992645,0.99987006,0.99946517,0.9997221,0.99985904,0.9998573,0.99987453,0.99982923,0.9998943,0.99976325,0.99986565,0.9997929,0.9998684,0.99975145,0.9998736,0.99981606,0.9999019,0.99977607,0.9998131,0.9998729,0.9997529,0.9999184,0.9994765,0.99979544,0.9998864,0.9998871,0.9997503,0.99989045,0.9998066,0.9998686,0.999866,0.99986094,0.99975115,0.9998483,0.9998973,0.9997363,0.99982,0.9996817,0.9997653,0.99984574,0.99980676,0.99978876,0.9998131,0.99958146,0.99992764,0.99974966,0.999832,0.99990773,0.99982595,0.999824,0.99982405,0.99986345,0.99974704,0.9998546,0.99978673,0.9999022,0.9998178,0.99977475,0.99986655,0.99952745,0.9994561,0.9997534
ipip259,0.99986595,0.99977964,0.9998304,0.9997497,0.99982685,0.99977356,0.9998675,0.99981564,0.9998657,0.99975,0.999793,0.99985695,0.99984723,0.99981964,0.9997535,0.99987656,0.999889,0.9997811,0.99989694,0.9998717,0.9998786,0.9998122,0.9998461,0.9998543,0.99979293,0.9998881,0.99976,0.9998762,0.99987507,0.999858,0.9998378,0.99984604,0.9997813,0.9998705,0.99989617,0.9998483,0.99989593,0.9998898,0.9999987,0.9998738,0.9997389,0.99982303,0.99978447,0.99975824,0.99973905,0.9998363,0.99980193,0.99976057,0.9998536,0.9997913,0.99979717,0.9994526,0.99983424,0.9997851,0.9997105,0.99978715,0.99971306,0.9997543,0.99979275,0.9998474,0.99987775,0.99981105,0.99987274,0.9998146,0.99985105,0.9998039,0.9998729,0.99983704,0.9998343,0.9997758,0.99985397,0.99984354,0.9996531,0.99977314,0.99982125,0.99943733,0.9997982,0.99985725,0.9998123,0.9998421,0.9998197,0.9998858,0.9998144,0.9998549,0.9998666,0.999883,0.99987984,0.99986535,0.9997474,0.99985665,0.99983674,0.9998674,0.99986047,0.99973977,0.99966043,0.9997253,0.9998509,0.99978966,0.99973804,0.9996703,0.9998717,0.99987066,0.9998678,0.99987775,0.9998763,0.9996767,0.9998533,0.99974203,0.9998483,0.9998757,0.9998827,0.99980897,0.9998306,0.9998255,0.99987376,0.9998101,0.99988455,0.9998786,0.99986964,0.99982125,0.9998777,0.9998289,0.9998469,0.9998663,0.9998769,0.9997941,0.9998148,0.9998608,0.9997915,0.99983114,0.9998497,0.99954635,0.999768,0.99976075,0.9998444,0.9998438,0.99983776,0.99983037,0.9998664,0.99984795,0.9998792,0.9998723,0.99981767,0.9998481,0.9998853,0.99973446,0.99987775,0.99982953,0.999686,0.99987984,0.9998636,0.9998266,0.99972403,0.99968815,0.9998811,0.9998298,0.99982274,0.9997877,0.9997096,0.99987984,0.99971616,0.99987465,0.9998444,0.99973804,0.9998702,0.9993431,0.99984545,0.99983263,0.9998497,0.9998029,0.99985945,0.9997641,0.9998633,0.99986756,0.9998436,0.99985033,0.99985605,0.99983466,0.9998107,0.99986213,0.99983054,0.99981046,0.9997636,0.99981326,0.9996325,0.99980557,0.99989843,0.9998932,0.9998967,0.9997936,0.99988467,0.9998654,0.9998707,0.9998493,0.9998931,0.9998583,0.99986696,0.9998692,0.99976623,0.99979335,0.99983996,0.9998617,0.9997313,0.9998542,0.99984074,0.9998147,0.9998656,0.99960715,0.99977684,0.99974513,0.99981266,0.99982584,0.99984545,0.99982023,0.9997802,0.99977744,0.999834,0.9992711,0.9998454,0.99988776,0.99985015,0.999774,0.99984634,0.99981916,0.9996912,0.99986446,0.99986684,0.9998744,0.999546,0.9997652,0.99986964,0.99985635,0.9998526,0.9998365,0.9998815,0.9997722,0.9998461,0.99977744,0.99984306,0.99978715,0.9998573,0.9998284,0.9998521,0.99978393,0.9998186,0.999846,0.9997476,0.99985456,0.9995056,0.99978054,0.9998528,0.99985045,0.9997655,0.9998613,0.99979615,0.99984366,0.9998526,0.99983835,0.9997572,0.99984807,0.9998688,0.9997578,0.99980503,0.9996875,0.9997883,0.9998198,0.9998063,0.9997761,0.99982184,0.9996294,0.9998698,0.9997596,0.99981666,0.99986,0.99983025,0.9998125,0.99979955,0.99983346,0.9997647,0.9998257,0.9997759,0.9998449,0.9998016,0.99976164,0.9998376,0.9995607,0.9994934,0.9997389
ipip289,0.9998689,0.99978757,0.9998319,0.99977064,0.999862,0.99977684,0.99988496,0.9998344,0.99988705,0.999777,0.99978924,0.9998729,0.9998185,0.9997793,0.9997106,0.9998366,0.9998692,0.9997871,0.99987036,0.9998466,0.99986744,0.999801,0.99984294,0.99987584,0.9998279,0.9998895,0.99977696,0.99986935,0.9998484,0.99983317,0.9998478,0.9998667,0.99980104,0.9999169,0.9998824,0.9998751,0.99987525,0.9998784,0.9998738,1.0000004,0.9997542,0.99982846,0.9998311,0.9997665,0.9997514,0.99987555,0.9998681,0.99977,0.9998677,0.9997695,0.9998417,0.99946797,0.99985623,0.9998066,0.999711,0.9998132,0.9997293,0.9997542,0.99979264,0.9998583,0.99985707,0.9998193,0.9998741,0.99984145,0.9998306,0.99977255,0.9998846,0.99984336,0.99985796,0.99977,0.99986905,0.999853,0.99964863,0.99979967,0.99982184,0.9994036,0.9998063,0.9998568,0.9998233,0.99986017,0.99982125,0.9998989,0.99980265,0.99985725,0.9998753,0.99988455,0.99988604,0.99979305,0.9997131,0.9998672,0.99981517,0.9998806,0.99984604,0.9997385,0.99964494,0.9997382,0.99986714,0.9998171,0.9997048,0.99965835,0.9998206,0.999879,0.99983406,0.99982584,0.9998772,0.9996511,0.9998605,0.99974555,0.999858,0.9998802,0.9998771,0.99982417,0.99985194,0.9998028,0.99988586,0.9998176,0.9998676,0.9998867,0.9998691,0.9998188,0.9998731,0.9998085,0.9998532,0.9998571,0.99986476,0.99979025,0.999821,0.9998416,0.9997998,0.99982446,0.9998687,0.9995213,0.9997812,0.9997076,0.99985915,0.99986166,0.9998446,0.9998535,0.9998784,0.99986285,0.99988884,0.99986136,0.99976957,0.9998524,0.9998764,0.9996998,0.9998756,0.99985886,0.9996832,0.9999145,0.99987966,0.99983597,0.99973506,0.99967605,0.99987173,0.99983317,0.99983186,0.99982876,0.999689,0.99988,0.9997312,0.9998881,0.9998453,0.9997546,0.99987733,0.9993563,0.99986804,0.9998663,0.99986327,0.9997845,0.99987966,0.9997599,0.999867,0.99985754,0.9998596,0.9998583,0.9998819,0.99986607,0.999846,0.9998597,0.9998051,0.999819,0.99977416,0.99981666,0.9996395,0.9997799,0.999894,0.99989074,0.99989194,0.9998333,0.9998968,0.9998733,0.9998717,0.9998643,0.99990255,0.99987584,0.99989307,0.9998942,0.99979764,0.99986345,0.9998829,0.99989235,0.9997769,0.9998728,0.9998624,0.9998402,0.9998894,0.99962544,0.9997722,0.99975467,0.9998264,0.9998364,0.9998619,0.9998357,0.9997927,0.9997679,0.99983877,0.99925864,0.9998386,0.9998798,0.9998685,0.9997881,0.9998522,0.99983084,0.99967843,0.99987674,0.99987984,0.9998647,0.99956167,0.99978936,0.9998645,0.9998577,0.9998622,0.9998366,0.9998765,0.9997859,0.9998963,0.9998034,0.9998669,0.9997835,0.99987316,0.9998248,0.99986553,0.99983025,0.9998121,0.9998653,0.9997964,0.9998762,0.9994942,0.9998026,0.9998783,0.9998788,0.999783,0.9998824,0.99981904,0.9998632,0.99984586,0.9998799,0.9997666,0.9998439,0.99987,0.9997612,0.99981034,0.99971974,0.9997705,0.99983793,0.9998055,0.99981195,0.9998193,0.99964136,0.99988264,0.99978274,0.9998602,0.9998689,0.9998647,0.99982405,0.99983156,0.99989,0.9997844,0.99984205,0.9998039,0.99985963,0.99983144,0.9997918,0.9998389,0.999604,0.9994958,0.9997732
ipip24,0.9997214,0.9997194,0.9997175,0.99971884,0.9997488,0.99967486,0.99975574,0.9997663,0.9997857,0.9997355,0.9997353,0.9997261,0.99976844,0.9997378,0.9996292,0.99974763,0.999767,0.9997178,0.999759,0.9997606,0.9997832,0.9997098,0.9997638,0.9997556,0.99965876,0.99979687,0.99978656,0.9998007,0.9997617,0.99974453,0.99973524,0.99982715,0.9997817,0.9997571,0.9997473,0.99977624,0.99976027,0.9997434,0.9997389,0.9997542,0.99999726,0.99984986,0.99974734,0.99975395,0.99970454,0.9997568,0.9997492,0.99962866,0.99975455,0.99982536,0.9997585,0.99957055,0.99979687,0.9997662,0.9997051,0.9998247,0.9996519,0.9997571,0.9997457,0.99980164,0.99970067,0.99972606,0.99971545,0.99968016,0.99968493,0.9996602,0.9997543,0.99971014,0.99971294,0.99970007,0.99973696,0.9997754,0.9996356,0.99976283,0.99971807,0.99952245,0.99971676,0.9997495,0.99980325,0.99979526,0.9996677,0.9997464,0.9997013,0.9996766,0.999744,0.99971837,0.9997435,0.9997428,0.999676,0.99973017,0.9996988,0.99970627,0.9997343,0.99967724,0.9996442,0.99971354,0.9996968,0.9997709,0.99967074,0.9996519,0.9997275,0.9997296,0.99970233,0.9997014,0.99971306,0.9996721,0.99973613,0.9996272,0.9997817,0.9997419,0.9997472,0.9996994,0.9997435,0.99976313,0.9997481,0.99977446,0.99974424,0.9997412,0.99975187,0.99976146,0.9997558,0.99976194,0.99978787,0.99975616,0.9997507,0.99973315,0.9998226,0.9998054,0.99974626,0.999775,0.99977106,0.9995057,0.99981153,0.9996709,0.9997719,0.99979717,0.9997705,0.99983877,0.99978167,0.99970424,0.9997083,0.9997399,0.9997163,0.9997377,0.99973625,0.9996972,0.9997334,0.9997155,0.99983746,0.99975514,0.9997528,0.99974924,0.9996602,0.9996385,0.9997153,0.99976987,0.999762,0.9997695,0.9996585,0.999745,0.9998098,0.9998128,0.99973637,0.9996526,0.9997214,0.9994206,0.999821,0.9997147,0.999751,0.9997084,0.9997394,0.99973094,0.9997093,0.999721,0.9997569,0.9997728,0.9997632,0.9997528,0.9997574,0.9997784,0.9997581,0.9997928,0.99972236,0.9997904,0.99965864,0.9997561,0.9997755,0.99977773,0.99978215,0.99977946,0.9997649,0.9997781,0.99977666,0.99975777,0.99975264,0.9997357,0.9997802,0.9997869,0.9997578,0.9997691,0.9997688,0.99973994,0.99975276,0.99977064,0.9997762,0.99973345,0.99977434,0.9996011,0.9997659,0.9998171,0.9997604,0.9997385,0.99975103,0.9997822,0.9998096,0.9997024,0.9997585,0.9993452,0.9997516,0.99974453,0.9997466,0.9997429,0.99979717,0.9997324,0.99968165,0.9997545,0.9997641,0.9997855,0.99960726,0.99969584,0.9998011,0.9997814,0.9997233,0.99967015,0.99974865,0.9997579,0.99973536,0.9997574,0.9997799,0.9997727,0.9997609,0.99975044,0.99976027,0.99972415,0.99979866,0.99976796,0.99972194,0.999742,0.999567,0.99976075,0.999785,0.9997757,0.9998054,0.99979246,0.9998029,0.99978334,0.99976856,0.99975044,0.9997479,0.99971324,0.9997937,0.9997728,0.999794,0.9997288,0.9997565,0.9997976,0.99976647,0.9996878,0.99975926,0.9996297,0.9997894,0.99979115,0.99974966,0.99981266,0.9997647,0.9997683,0.99976933,0.9997019,0.99967057,0.99975705,0.99973863,0.99976146,0.9997613,0.9997287,0.9998016,0.9995793,0.9995582,0.99969333
ipip54,0.9998393,0.9997688,0.9998332,0.9997631,0.9998383,0.9997458,0.9998776,0.9998118,0.99986565,0.9997755,0.9997893,0.9998199,0.99980503,0.9997706,0.9997073,0.99981,0.99983394,0.99977344,0.9998305,0.99981725,0.99985164,0.9997723,0.99985725,0.99984556,0.999759,0.9998672,0.99981,0.99986196,0.9998169,0.9998324,0.9998171,0.9998796,0.9998401,0.99984944,0.9998639,0.9998572,0.99985296,0.99986535,0.99982303,0.99982846,0.99984986,0.9999969,0.9998103,0.99981403,0.99973667,0.99985373,0.99981445,0.9997422,0.99985456,0.99977005,0.9998129,0.99951804,0.99986917,0.9997807,0.9997726,0.9998461,0.9996805,0.9998039,0.99979305,0.9998518,0.99982136,0.99980086,0.99983454,0.9997573,0.99977916,0.9997539,0.9998484,0.9998324,0.99983126,0.9997732,0.99984914,0.9998612,0.99965394,0.9998052,0.9997971,0.99948543,0.9997583,0.9998235,0.9998476,0.9998632,0.9997721,0.999855,0.9997774,0.99981374,0.99983567,0.9998351,0.9998381,0.9997849,0.9997183,0.99982625,0.99977195,0.99983233,0.99982584,0.99970645,0.999656,0.9997332,0.9998183,0.99982584,0.9997042,0.99968714,0.999794,0.9998351,0.9998049,0.99978083,0.99981385,0.999696,0.9998303,0.9997127,0.99987096,0.9998606,0.9998688,0.999798,0.9997994,0.99982494,0.9998448,0.9998286,0.99983126,0.99985194,0.9998647,0.9998183,0.9998564,0.99981236,0.99986345,0.99985254,0.9998392,0.9997843,0.9998605,0.9998856,0.99983615,0.9997971,0.99986154,0.9995728,0.99980104,0.99971545,0.9998497,0.9998693,0.9998282,0.9998943,0.99988556,0.99982256,0.9998184,0.99982625,0.9998056,0.9998288,0.99981797,0.9996978,0.9998099,0.9998487,0.99982667,0.99983966,0.9998535,0.99980044,0.9997109,0.99966806,0.99983954,0.99984765,0.9998378,0.99982727,0.999684,0.9998666,0.9997705,0.9998905,0.99982363,0.99974716,0.9998417,0.9993861,0.9999072,0.9998037,0.9998313,0.999784,0.9998625,0.9997459,0.9998347,0.9998157,0.9998477,0.9998823,0.999867,0.9998247,0.99983364,0.9998435,0.999783,0.99983954,0.9997639,0.99983174,0.9996925,0.99980843,0.9998624,0.99986535,0.9998648,0.9998007,0.9998499,0.99987036,0.9998697,0.99984616,0.99985427,0.99986595,0.9998685,0.99989456,0.99977237,0.99983066,0.99984634,0.99985516,0.9997821,0.99986696,0.9998632,0.9998064,0.9998663,0.99960685,0.9998201,0.999803,0.9998325,0.99981654,0.99984574,0.999844,0.9998347,0.99975246,0.99983764,0.99932617,0.9998244,0.9998214,0.9998625,0.9997922,0.99985534,0.999788,0.9997144,0.9998555,0.9998688,0.9998418,0.9995944,0.99976355,0.9998558,0.99983317,0.9998368,0.9997898,0.99984115,0.99978364,0.999835,0.99980575,0.9998708,0.9998146,0.99984384,0.9998326,0.99986684,0.9998124,0.99985504,0.9998738,0.99978137,0.9998714,0.99955064,0.99981165,0.9998909,0.9998884,0.99984086,0.9998908,0.9998674,0.9998506,0.99982995,0.99984485,0.9998134,0.99983335,0.99988717,0.9998054,0.9998588,0.9997405,0.99980044,0.9998637,0.99983454,0.99979836,0.99983215,0.99967676,0.99990195,0.9998368,0.9998083,0.9999058,0.9998257,0.99984604,0.9998524,0.9998216,0.9997602,0.9998779,0.99983954,0.99989176,0.99985415,0.9998435,0.9998889,0.9995916,0.99954385,0.9997507
ipip84,0.9998069,0.9997976,0.9997955,0.999819,0.9998461,0.9997735,0.99981457,0.9997721,0.9998423,0.9998162,0.999756,0.9998118,0.9997809,0.9997604,0.9996949,0.9997776,0.99980646,0.9997814,0.99981385,0.99976856,0.9998315,0.99976754,0.9998168,0.9998342,0.99978167,0.9998378,0.9997814,0.9998263,0.99978775,0.9997856,0.999838,0.99980015,0.99976176,0.9998447,0.9998018,0.9998147,0.9997932,0.99980617,0.99978447,0.9998311,0.99974734,0.9998103,0.9999981,0.9997358,0.9998211,0.9998675,0.99986094,0.9997445,0.99981874,0.9997793,0.9997928,0.99953264,0.9998265,0.9997537,0.999728,0.9998154,0.999691,0.99975044,0.99980295,0.9998117,0.9997984,0.9998179,0.99981266,0.99980694,0.9997928,0.99975395,0.99981856,0.99979067,0.99981904,0.9997388,0.9998011,0.999811,0.9996671,0.99977314,0.99980587,0.9994009,0.999731,0.99979407,0.9998177,0.9998297,0.9997886,0.99982595,0.9997604,0.9997774,0.99981844,0.99978685,0.99978894,0.9997525,0.99968535,0.9997869,0.99976313,0.99981695,0.99979395,0.999715,0.9996686,0.9997653,0.9997849,0.9998274,0.9997199,0.99968493,0.99976933,0.9998383,0.9997778,0.9997823,0.99981743,0.9996638,0.9998,0.9997058,0.9998142,0.99979985,0.99980944,0.9997907,0.9998097,0.9997782,0.9998205,0.9997969,0.9997988,0.9998228,0.99981356,0.9997908,0.99983144,0.9997812,0.9998394,0.9998423,0.99979824,0.99978113,0.9998116,0.9997955,0.999812,0.99976856,0.99981284,0.9995625,0.99979657,0.9996941,0.9997863,0.99984974,0.9998155,0.99981254,0.9998101,0.99978286,0.9998018,0.9998236,0.99975085,0.99981403,0.9998122,0.999669,0.9998022,0.99981797,0.9997041,0.99980575,0.9998386,0.9998209,0.9997441,0.99968886,0.9997983,0.99982244,0.99982065,0.9998207,0.99967384,0.9998222,0.999755,0.9998599,0.99980986,0.9997703,0.9997915,0.999336,0.99980265,0.999808,0.9998001,0.9997574,0.99981916,0.9997669,0.9997759,0.99980754,0.9998334,0.9998184,0.99981934,0.9997934,0.9998085,0.9998111,0.99976224,0.99981517,0.99979335,0.99980974,0.9996293,0.9997792,0.9998244,0.99982744,0.99982774,0.99981534,0.99980575,0.9998294,0.9998241,0.9998329,0.9998362,0.99981385,0.9998468,0.99982864,0.9997771,0.999852,0.99982274,0.99982035,0.9997988,0.99982923,0.99985665,0.99983394,0.99985117,0.9996277,0.9997835,0.99973446,0.9998051,0.9997687,0.9998341,0.9998419,0.99979097,0.99976504,0.99980044,0.9993118,0.9997956,0.999804,0.9998156,0.9997599,0.99980974,0.9998088,0.99967647,0.99980366,0.99981344,0.9998086,0.9996233,0.9997419,0.99981344,0.9998194,0.99983096,0.9997859,0.9998153,0.9997885,0.9998432,0.9997654,0.9998243,0.99977434,0.99982107,0.9998018,0.999813,0.99981236,0.9997991,0.9998328,0.99980533,0.99981636,0.99955326,0.99978954,0.9998355,0.99982816,0.9997652,0.9998284,0.9997934,0.9998304,0.99980474,0.99984235,0.9997973,0.9998365,0.9998374,0.9997734,0.99980503,0.9997239,0.99975324,0.99981785,0.99980277,0.9998081,0.99980634,0.9996803,0.99980843,0.99976766,0.99986833,0.9998152,0.9998392,0.99981356,0.99981904,0.9998354,0.99976254,0.99983054,0.9998004,0.9998083,0.9998119,0.99978966,0.99980557,0.9996349,0.9995158,0.9997423
ipip114,0.99973893,0.9996958,0.99973917,0.99968344,0.999743,0.999673,0.99975854,0.99972683,0.99976844,0.9996815,0.99976325,0.9997652,0.9997819,0.9997379,0.9996446,0.9997662,0.99976015,0.99971104,0.9997718,0.9997575,0.9997708,0.9997055,0.9997625,0.9997231,0.9996892,0.9997956,0.9997149,0.9997578,0.99977285,0.9997794,0.99974513,0.9997786,0.99979407,0.9997792,0.9997762,0.9997651,0.99977344,0.9997706,0.99975824,0.9997665,0.99975395,0.99981403,0.9997358,0.9999983,0.99966425,0.9997845,0.9997606,0.99964947,0.9998201,0.99974513,0.9997286,0.9994535,0.99977535,0.9997125,0.999644,0.99977165,0.99965876,0.99973726,0.9997525,0.9997632,0.99974066,0.9997554,0.9997453,0.99970543,0.99971366,0.99968666,0.9997547,0.99970657,0.99976724,0.99969697,0.9997385,0.9997735,0.9995764,0.9997255,0.9997338,0.9994794,0.9997071,0.99976265,0.9997627,0.999772,0.9997011,0.99978787,0.9997438,0.99972796,0.9997847,0.99975324,0.99977505,0.9997488,0.9996697,0.999761,0.999736,0.9997428,0.99975884,0.9996958,0.99964267,0.99970436,0.99972796,0.9997489,0.9996926,0.9996936,0.9997496,0.99975616,0.9997326,0.99972504,0.9997548,0.9996177,0.99975646,0.9996338,0.99975455,0.9997721,0.99977946,0.9997557,0.9997748,0.9997754,0.9997687,0.9997745,0.9997718,0.9997744,0.9997742,0.99976915,0.99976856,0.9997904,0.9997534,0.99976605,0.9997806,0.9997258,0.99975276,0.9997806,0.9997172,0.9997437,0.99975663,0.9994885,0.9997046,0.9996559,0.9997521,0.9997644,0.99972075,0.9997851,0.9997829,0.99972826,0.9997444,0.99975204,0.99972594,0.9997362,0.99974835,0.9996721,0.9997612,0.9997762,0.9997564,0.9997974,0.9997584,0.999747,0.9996901,0.99961406,0.99975467,0.9997781,0.9997668,0.9997441,0.9996867,0.99977297,0.9996931,0.9997934,0.9997667,0.99966985,0.99974686,0.9994424,0.9997901,0.9997162,0.99976933,0.9997626,0.9997487,0.999707,0.99975485,0.9997571,0.9997731,0.99984056,0.9997447,0.99973434,0.999711,0.99975586,0.99971616,0.9997731,0.9997271,0.99976647,0.9996267,0.9997428,0.9997636,0.999763,0.99976575,0.9997283,0.9997679,0.9998204,0.999832,0.99976987,0.999794,0.99981034,0.9997921,0.99976534,0.9997437,0.9997523,0.9997637,0.9997352,0.9996808,0.99983215,0.9997552,0.99973017,0.99977255,0.999551,0.99970925,0.9997271,0.9997328,0.99976635,0.9997663,0.9997477,0.9997396,0.9997036,0.99977154,0.999308,0.99976367,0.9997757,0.9997573,0.99981487,0.999805,0.99972576,0.9997069,0.999823,0.9997669,0.99974376,0.99948883,0.9996969,0.99974567,0.999778,0.9997319,0.9997103,0.9997786,0.9997257,0.99974203,0.99976337,0.9997892,0.9997426,0.9997952,0.9997496,0.99983317,0.99972606,0.9998434,0.99974835,0.99968535,0.99975085,0.9995009,0.99972266,0.99976695,0.9997729,0.999744,0.99977654,0.9997607,0.9997585,0.99973655,0.9997361,0.9997356,0.9997252,0.99983513,0.999739,0.99980766,0.9997181,0.9996888,0.99978006,0.9997364,0.99967,0.9997453,0.99961185,0.9997623,0.999702,0.99974465,0.99978346,0.9997516,0.99973416,0.9997545,0.9997346,0.9996702,0.99974483,0.9997066,0.9997677,0.9997182,0.99969804,0.99978,0.99953127,0.99949586,0.9996791
ipip144,0.9997281,0.99984854,0.9997537,0.9998412,0.9998183,0.9998021,0.9997295,0.99975586,0.99978644,0.9998536,0.9997168,0.9997313,0.99974436,0.99973524,0.99968725,0.9997302,0.9997456,0.9997295,0.99976295,0.9997203,0.9997549,0.999735,0.99975777,0.9997798,0.9997308,0.9997922,0.99976635,0.9997624,0.99973214,0.9997352,0.99975,0.99974656,0.9997038,0.9997598,0.9997291,0.9997436,0.9997209,0.9997124,0.99973905,0.9997514,0.99970454,0.99973667,0.9998211,0.99966425,0.9999989,0.9998332,0.99982643,0.99973005,0.99977094,0.9997337,0.9997337,0.9995909,0.9997608,0.99970955,0.9997155,0.9997623,0.99969816,0.99972045,0.9997939,0.9997744,0.9997144,0.99979144,0.9997111,0.9997919,0.99975,0.9997328,0.9997328,0.99972016,0.99973285,0.99972385,0.99969476,0.9997266,0.99965423,0.999687,0.99974424,0.99939495,0.99967635,0.9997043,0.9997742,0.9997798,0.99970996,0.99973947,0.9996871,0.99969995,0.9997318,0.9996959,0.999716,0.9997304,0.9996633,0.9997186,0.9996884,0.9997033,0.9997138,0.9996635,0.99967897,0.9997336,0.9996908,0.99978936,0.9996588,0.99963605,0.9996983,0.9997501,0.9996895,0.9997161,0.9997354,0.999645,0.99971956,0.9996472,0.9997378,0.99969167,0.99971837,0.9997144,0.9997533,0.9997159,0.9997155,0.9997336,0.9997063,0.99973035,0.9997216,0.9996836,0.99973637,0.99972427,0.999773,0.99976414,0.9997161,0.99972767,0.9997509,0.99972653,0.9997799,0.99971277,0.9997135,0.9995069,0.99973387,0.99968225,0.9996907,0.99978226,0.999765,0.9997476,0.9996998,0.9996706,0.9996968,0.9997617,0.9997426,0.99976,0.99975187,0.9996571,0.999721,0.9997223,0.99968904,0.9997417,0.9997421,0.99973875,0.9996736,0.99965614,0.999699,0.99974644,0.9997354,0.99971485,0.9996248,0.9997169,0.9996943,0.9997625,0.99971384,0.99970406,0.999697,0.99931264,0.99971807,0.9997462,0.99970526,0.9996765,0.99972355,0.9997209,0.9996701,0.99973136,0.99975175,0.9997032,0.9997428,0.9997461,0.9997657,0.9997306,0.99970955,0.99978054,0.9997193,0.9997703,0.99964064,0.99971306,0.99974114,0.9997375,0.9997387,0.99975085,0.99972034,0.9997227,0.99972117,0.9997593,0.99974304,0.99969566,0.99974954,0.99974453,0.99971086,0.99980336,0.99972636,0.9997223,0.99978334,0.99972516,0.9997985,0.9997976,0.99975336,0.99970436,0.9997506,0.9997277,0.99975204,0.9996737,0.9997555,0.9997687,0.9997581,0.9997594,0.99971396,0.99938303,0.9997349,0.9997087,0.99972725,0.99966556,0.99975026,0.99978375,0.9996576,0.9997046,0.9997092,0.9997347,0.99968755,0.9997023,0.9997384,0.9997437,0.99975103,0.9997256,0.99973154,0.99973047,0.99975324,0.99967724,0.99972916,0.9997107,0.99973696,0.9997265,0.99969536,0.9997616,0.99971896,0.99975264,0.99980664,0.99971145,0.9995699,0.9997235,0.9997696,0.99976313,0.9997224,0.99976397,0.9997387,0.99974763,0.99975884,0.9997665,0.9997328,0.999754,0.99973506,0.9997563,0.99973136,0.99966145,0.99972636,0.99973714,0.99972,0.99971735,0.9997384,0.99967515,0.9997182,0.9997623,0.9997624,0.99972975,0.9997619,0.99974287,0.9997322,0.9997435,0.99971,0.9997464,0.9997535,0.99969447,0.99974406,0.9997366,0.99971443,0.99973243,0.9995784,0.99973774
ipip174,0.999882,0.9998247,0.9998574,0.9998141,0.99990034,0.99982667,0.9998832,0.9998185,0.9998869,0.99981403,0.9997855,0.9998524,0.9998121,0.9997723,0.9997041,0.9998185,0.9998431,0.99979776,0.999857,0.99980336,0.9998664,0.99982,0.9998677,0.99987084,0.99981284,0.99990326,0.99977696,0.99985707,0.99981636,0.99982405,0.9998644,0.9998386,0.9998121,0.99987376,0.99986666,0.9998669,0.9998518,0.99986935,0.9998363,0.99987555,0.9997568,0.99985373,0.9998675,0.9997845,0.9998332,0.99999595,0.999923,0.9997754,0.9998889,0.99978423,0.9998381,0.99949616,0.9998696,0.9997516,0.99971867,0.9998173,0.999734,0.9997537,0.99982274,0.9998547,0.9998546,0.99985373,0.9998615,0.9998633,0.99983764,0.9997779,0.9998705,0.99984133,0.9998482,0.99976534,0.99987364,0.9998585,0.99966955,0.99980885,0.99981314,0.9993658,0.99974626,0.9998175,0.9998253,0.9998587,0.9998008,0.99987817,0.9997827,0.9998545,0.9998561,0.999851,0.99984574,0.99976915,0.9997081,0.9998434,0.9998047,0.99987215,0.99983394,0.99973744,0.9996672,0.99977684,0.99986255,0.99983186,0.99969906,0.9996652,0.99980766,0.9998784,0.99981993,0.99981767,0.99985033,0.99963707,0.99983734,0.99972963,0.99983484,0.99985296,0.99986786,0.9998391,0.99983203,0.99981034,0.99985653,0.99981636,0.99985486,0.99986845,0.99987084,0.99978256,0.99987483,0.9998259,0.9998781,0.9998785,0.99986595,0.9997796,0.99981624,0.99982,0.9998153,0.9997789,0.9998718,0.9995151,0.9997793,0.9997011,0.99984777,0.99987394,0.9998392,0.9998447,0.9998613,0.9998497,0.99987143,0.9998478,0.9997852,0.99984884,0.99986094,0.99967176,0.99983555,0.9998519,0.99971217,0.99986184,0.9998731,0.99981976,0.99972266,0.99967784,0.99987376,0.99983877,0.99983686,0.9998329,0.9996763,0.9998698,0.9997282,0.99989295,0.9998458,0.99977326,0.9998624,0.9993081,0.9998634,0.999839,0.99984413,0.99980193,0.9998911,0.99978644,0.99985784,0.999861,0.9998647,0.9998605,0.9998761,0.9998604,0.9998422,0.99984723,0.9997702,0.9998266,0.99979603,0.99981993,0.9996396,0.99980414,0.99987954,0.99988025,0.99987996,0.99979836,0.9998591,0.9998621,0.99986625,0.99986947,0.9998813,0.9998675,0.9998805,0.9999014,0.99977815,0.9998823,0.999844,0.9998757,0.9997832,0.99987537,0.99990374,0.9999,0.99987787,0.9996155,0.9997669,0.9997617,0.99982274,0.9998063,0.9998789,0.9998493,0.9997899,0.99977773,0.99982893,0.9992686,0.99981415,0.99982786,0.99987215,0.9997772,0.9998441,0.9998151,0.999688,0.9998529,0.9998697,0.999843,0.99956286,0.9997719,0.9998424,0.9998615,0.9998636,0.99983114,0.99986917,0.9997942,0.9998749,0.99979436,0.9998681,0.99980414,0.9998553,0.99982274,0.99985397,0.99981064,0.9998174,0.99985874,0.99984497,0.9998814,0.99953896,0.9998214,0.99987423,0.99987155,0.9997608,0.9998723,0.9997985,0.9998499,0.9998376,0.9998751,0.9997992,0.9998626,0.99986607,0.9997753,0.99980986,0.99970275,0.9997653,0.9998438,0.99981254,0.9998339,0.9998331,0.99965924,0.9998724,0.99979645,0.99984366,0.99986595,0.9998555,0.9998313,0.9998368,0.9998671,0.9997826,0.9998733,0.9998156,0.9998513,0.9998233,0.99979943,0.9998192,0.999618,0.9995139,0.9997798
ipip204,0.99980277,0.9998088,0.9998078,0.9997934,0.99984884,0.999782,0.99981844,0.99980253,0.9998599,0.99979794,0.99977785,0.9998156,0.99981797,0.9997804,0.9997266,0.9997865,0.99981254,0.99977994,0.9998278,0.99977386,0.99983025,0.99978256,0.9998299,0.99984425,0.99985474,0.99986285,0.99980414,0.99982584,0.9997961,0.99979943,0.9998318,0.9998262,0.99977726,0.99989516,0.9997964,0.99984586,0.9997962,0.99980354,0.99980193,0.9998681,0.9997492,0.99981445,0.99986094,0.9997606,0.99982643,0.999923,0.9999985,0.9997784,0.99984884,0.99978435,0.9998203,0.99954903,0.9998352,0.9997574,0.9997462,0.9998235,0.9997119,0.9997463,0.99979657,0.99983233,0.9997973,0.99982905,0.9998089,0.99984056,0.99982816,0.9997864,0.9998158,0.99979115,0.99984217,0.9997712,0.99979943,0.99982876,0.9996768,0.99979043,0.999817,0.99941665,0.9997658,0.99979377,0.9998327,0.9998454,0.9997855,0.99983734,0.9997748,0.9997838,0.9998258,0.9997799,0.9997954,0.99977136,0.99970275,0.99980444,0.999785,0.99980307,0.99978817,0.9997397,0.9996831,0.9998183,0.99978524,0.99984384,0.9997063,0.999709,0.99978316,0.99983406,0.999784,0.99980515,0.99982554,0.9996833,0.9997879,0.9997381,0.99982864,0.9997898,0.9997971,0.9998054,0.99982196,0.9997814,0.9998183,0.9998259,0.99979526,0.9998272,0.99980396,0.9997906,0.99982905,0.9998038,0.9998435,0.9998371,0.9998024,0.9997901,0.9998117,0.99978906,0.99981517,0.99977726,0.99982524,0.9995952,0.99978983,0.99970686,0.9997942,0.99983937,0.9998256,0.99983364,0.9997935,0.99977195,0.9997967,0.9998197,0.99976695,0.9998245,0.99982727,0.999667,0.9998098,0.9998435,0.99974424,0.9998382,0.9998306,0.9998241,0.99977595,0.9997131,0.9997983,0.9998347,0.9998335,0.99983156,0.9996796,0.99980927,0.99975777,0.99984694,0.9998047,0.99977595,0.9997898,0.99936223,0.99981666,0.99988127,0.99981123,0.9997614,0.9998205,0.99979544,0.9997742,0.99981517,0.9998305,0.999801,0.9998201,0.9998113,0.99982584,0.99981964,0.999776,0.9998245,0.99979216,0.999821,0.99966246,0.99978834,0.9998315,0.9998329,0.9998325,0.99983585,0.99981433,0.9998144,0.9998097,0.99983114,0.99984133,0.9997918,0.9998384,0.9998302,0.9997954,0.99995226,0.999853,0.99981004,0.99979496,0.9998127,0.9998692,0.9998815,0.99983776,0.99965864,0.9997909,0.9997674,0.9998018,0.99977046,0.9998332,0.9998416,0.99981344,0.99980056,0.9998067,0.99935836,0.9997941,0.999809,0.99982715,0.9997523,0.9998133,0.9998333,0.9996808,0.99979496,0.99980223,0.99980754,0.9996194,0.99978065,0.99982035,0.99982065,0.99983555,0.9997943,0.9998095,0.9997965,0.9998917,0.9997847,0.99983513,0.99979556,0.99982417,0.9998032,0.9997938,0.99984694,0.9997918,0.9998371,0.9998263,0.9998151,0.9995549,0.99980646,0.99984455,0.99984443,0.99978423,0.9998451,0.9998066,0.99982965,0.9997962,0.99985534,0.9997994,0.9998288,0.99982184,0.99978954,0.9997983,0.9997406,0.9997712,0.99981457,0.9998119,0.99982804,0.9998175,0.99968415,0.99980766,0.99981415,0.9998547,0.99982077,0.99985236,0.9998306,0.99983174,0.99989146,0.9997987,0.9998191,0.999811,0.9997935,0.9998348,0.9997997,0.9997915,0.9996442,0.99955285,0.9997575
ipip234,0.9997518,0.99972856,0.99977416,0.9997032,0.99977547,0.9997299,0.9997492,0.9997278,0.9997698,0.99969786,0.9996905,0.99977314,0.9997186,0.99969727,0.9997944,0.99972904,0.99975044,0.9997138,0.9997473,0.9997194,0.99976575,0.9997494,0.9997799,0.99977195,0.99977756,0.9997466,0.99970233,0.999757,0.99972326,0.99972606,0.9997625,0.9997469,0.9996956,0.99978745,0.9997612,0.9997625,0.9997437,0.9997541,0.99976057,0.99977,0.99962866,0.9997422,0.9997445,0.99964947,0.99973005,0.9997754,0.9997784,0.99999875,0.99975455,0.99967676,0.9997288,0.9994104,0.9997379,0.99968016,0.99970603,0.99969447,0.9996196,0.99968094,0.9997096,0.99974585,0.99979055,0.9997625,0.99977565,0.9997869,0.99980384,0.9998405,0.9997559,0.9997779,0.9997836,0.9997372,0.99974865,0.99975455,0.99961424,0.9996973,0.9997622,0.99935466,0.9996837,0.9997307,0.9997471,0.9997696,0.99977297,0.99978095,0.99972194,0.999788,0.9997726,0.99975395,0.99974465,0.9997272,0.99968547,0.9997594,0.9997201,0.99975604,0.9997534,0.99964255,0.99960566,0.9996534,0.9997402,0.9997384,0.99963194,0.99959326,0.9997414,0.9997849,0.9997567,0.9997444,0.99976575,0.99956644,0.99972403,0.9996715,0.99975,0.9997421,0.99976015,0.9997426,0.9997308,0.99970585,0.99975574,0.99972016,0.99973696,0.99977887,0.999745,0.9997213,0.99977285,0.99971974,0.99975425,0.9997678,0.9997506,0.9996978,0.99970543,0.99972314,0.99974835,0.9996752,0.99975705,0.9995581,0.99969107,0.9996568,0.99973965,0.99974847,0.9997485,0.99975073,0.9997387,0.9997229,0.9997481,0.99976283,0.99975896,0.9997553,0.9997758,0.9996149,0.99974585,0.9997828,0.9996141,0.9997574,0.9997719,0.9997376,0.99968714,0.9996963,0.9997577,0.99973106,0.9997321,0.99970764,0.99959004,0.999755,0.9996423,0.99975705,0.9997235,0.9997121,0.99974215,0.99923277,0.9997424,0.9997911,0.9997241,0.9996792,0.9997576,0.99968153,0.9997284,0.9997544,0.9997596,0.9997358,0.99976426,0.9997411,0.9997789,0.9997326,0.99969286,0.9997451,0.99970573,0.99974275,0.9995958,0.9997116,0.9997604,0.99975634,0.9997562,0.99970686,0.99973863,0.999743,0.99974155,0.99976385,0.99977094,0.9997472,0.99975085,0.9997436,0.99966,0.9997457,0.99974394,0.9997397,0.999664,0.9997332,0.99976474,0.9997496,0.99976134,0.99958736,0.9996843,0.9996592,0.99973047,0.9997008,0.99976224,0.99976724,0.99971926,0.9997187,0.9997335,0.99932414,0.9997427,0.9997406,0.9997701,0.99965155,0.999749,0.99978435,0.9995993,0.9997359,0.9997374,0.99974155,0.9994894,0.9997014,0.99973875,0.99973863,0.9998187,0.99984473,0.99975646,0.99969727,0.9997988,0.9996822,0.9997591,0.99969494,0.99973285,0.999733,0.99973565,0.9997479,0.999707,0.99976397,0.9997422,0.9997672,0.9994851,0.9997213,0.9997758,0.9997817,0.99969345,0.9997821,0.999734,0.99973804,0.9997428,0.9997899,0.9996775,0.99976957,0.9997417,0.9996904,0.9997213,0.9996135,0.9997038,0.99972844,0.99973977,0.99978995,0.99974597,0.99962413,0.99975544,0.99972165,0.9997538,0.99975693,0.99975526,0.99978596,0.9997644,0.9998092,0.9997846,0.9997755,0.9997572,0.99975604,0.9997572,0.9997536,0.99973565,0.9995827,0.9994676,0.9996906
ipip264,0.9998586,0.99978447,0.9998376,0.99977154,0.9998569,0.9997547,0.99986947,0.999815,0.99986285,0.9997722,0.9997951,0.9998496,0.9998435,0.9998014,0.9997083,0.99985594,0.99985623,0.99981904,0.9998751,0.9998463,0.9998639,0.9998131,0.9998456,0.9998509,0.9997921,0.999875,0.99975973,0.9998552,0.9998364,0.9998186,0.99983495,0.99982923,0.9997978,0.99987054,0.99988323,0.9998516,0.999876,0.99989325,0.9998536,0.9998677,0.99975455,0.99985456,0.99981874,0.9998201,0.99977094,0.9998889,0.99984884,0.99975455,0.99999905,0.9997936,0.99981844,0.9994751,0.999857,0.9997882,0.99969244,0.9998015,0.99969363,0.9997508,0.9997981,0.99982756,0.9998613,0.9998509,0.99986124,0.99982494,0.9998279,0.999766,0.99986696,0.99980825,0.9998306,0.99975884,0.9998531,0.99985296,0.9996438,0.99979603,0.9998107,0.99940765,0.9997813,0.999846,0.99980885,0.9998447,0.99979866,0.9998836,0.99980116,0.9998546,0.9998599,0.9998706,0.9998746,0.9998039,0.9997181,0.99987674,0.9998096,0.9998622,0.99984884,0.9997472,0.99967194,0.99976325,0.99986386,0.9997995,0.99970424,0.99966747,0.9998164,0.99986035,0.99982405,0.9998072,0.9998699,0.9996131,0.9998531,0.99970806,0.9998309,0.99986917,0.9998774,0.9998216,0.9998337,0.999813,0.99987614,0.9998165,0.9998698,0.9998782,0.9998611,0.9998008,0.9998699,0.9998263,0.99984664,0.99986494,0.99987984,0.9997569,0.9997992,0.9998317,0.99977154,0.9997841,0.99986154,0.9995206,0.999774,0.99974096,0.9998529,0.9998429,0.9998057,0.99983555,0.99986446,0.9998406,0.999868,0.9998558,0.9997979,0.99984646,0.99985945,0.99969906,0.9998324,0.9998252,0.9997039,0.9998709,0.9998531,0.9998028,0.99972534,0.9996669,0.99986607,0.9998127,0.9998192,0.99981374,0.99968183,0.99986416,0.999732,0.99989134,0.9998578,0.99973375,0.9998623,0.9993306,0.99985963,0.9998162,0.9998756,0.9998099,0.99986523,0.99976647,0.99986607,0.99986124,0.9998373,0.99987125,0.9998668,0.99983776,0.9998093,0.9998311,0.99978256,0.9998026,0.9997644,0.99979854,0.9996449,0.9997992,0.9998638,0.9998625,0.9998591,0.9997774,0.99986917,0.99985635,0.9998582,0.9998434,0.99987674,0.9998728,0.99985814,0.9998716,0.99975145,0.9998128,0.99984723,0.9998532,0.9997478,0.9998602,0.99985284,0.99983555,0.99986756,0.9995873,0.999747,0.9997472,0.9998069,0.9998321,0.99984914,0.999832,0.99977857,0.9997685,0.99982333,0.9992535,0.99983054,0.99985766,0.9998566,0.9997975,0.99986196,0.9998202,0.99969524,0.9998655,0.9998612,0.99984527,0.9995261,0.9997393,0.9998385,0.9998461,0.9998446,0.99982136,0.99987465,0.9997757,0.9998599,0.9998106,0.9998655,0.9997764,0.99990124,0.9998316,0.99986124,0.9997767,0.9998045,0.9998454,0.9997988,0.99986124,0.99951947,0.9998209,0.9998459,0.9998495,0.9997571,0.99985254,0.9997977,0.9998514,0.9998307,0.9998659,0.9997946,0.9998322,0.99985695,0.99975276,0.9998209,0.9997055,0.9997427,0.99984115,0.9998001,0.9997849,0.999819,0.9996354,0.99986595,0.9997603,0.99983525,0.9998586,0.9998393,0.9998188,0.99982476,0.9998592,0.99975127,0.99984586,0.99977964,0.9998527,0.9998027,0.9997704,0.99983466,0.9995844,0.9994986,0.99975616
ipip294,0.99971557,0.99972147,0.99972594,0.9997129,0.99974436,0.9996934,0.99972844,0.99974954,0.99976337,0.99972534,0.9997229,0.99977356,0.9998066,0.999805,0.9996797,0.99978316,0.99981606,0.9997724,0.99980766,0.9997834,0.9998263,0.9997412,0.99976003,0.9997488,0.9997075,0.9997945,0.9997444,0.9998253,0.9998075,0.9997832,0.9997566,0.99975973,0.9997292,0.99977493,0.99975985,0.9997536,0.9997682,0.9997611,0.9997913,0.9997695,0.99982536,0.99977005,0.9997793,0.99974513,0.9997337,0.99978423,0.99978435,0.99967676,0.9997936,1.0000004,0.9997227,0.99949,0.9997599,0.9997319,0.99968135,0.9997513,0.99964863,0.9997305,0.99976194,0.99975413,0.9997495,0.9997538,0.99975204,0.9997379,0.99976546,0.99970996,0.99975556,0.9997033,0.99974126,0.9997076,0.9997222,0.999758,0.9996637,0.9997261,0.99976945,0.99945223,0.99975735,0.99977547,0.9997674,0.9997715,0.99973524,0.99977696,0.9997337,0.99973536,0.9997851,0.99974775,0.99976426,0.9997906,0.99971294,0.9997687,0.99977577,0.9997345,0.9997825,0.99973893,0.9996598,0.99975616,0.99971765,0.9997606,0.99970996,0.9996893,0.9997613,0.9997625,0.9997641,0.9997679,0.9997927,0.99964625,0.9997581,0.9996594,0.999759,0.99974966,0.99975634,0.99976176,0.9997896,0.9997748,0.9997822,0.999779,0.9997742,0.99977714,0.9997737,0.9997831,0.99978817,0.99976784,0.99976814,0.9997875,0.99977106,0.99974585,0.9997604,0.9997718,0.9997374,0.99978566,0.9997409,0.9995629,0.9997559,0.99975944,0.9997281,0.99978036,0.9997738,0.9997568,0.99974823,0.9997099,0.99975336,0.9997896,0.9997589,0.9997744,0.9998139,0.9997172,0.99978644,0.999731,0.9997483,0.99979156,0.9997611,0.99977535,0.9997133,0.9996762,0.99973124,0.9997734,0.9997719,0.99973494,0.9996889,0.99974626,0.9997414,0.9997842,0.99978584,0.99968547,0.99973875,0.9993398,0.99974114,0.99974686,0.99976915,0.9997608,0.99972874,0.9997648,0.99972594,0.9997716,0.99975216,0.9997447,0.999737,0.99973166,0.99972796,0.9997631,0.99978155,0.99976104,0.9997322,0.9997655,0.99960274,0.99974555,0.99976784,0.9997677,0.9997741,0.9997645,0.9997661,0.9997443,0.9997459,0.9997523,0.999784,0.99972,0.9997601,0.99975705,0.999731,0.99976456,0.9997578,0.99973017,0.9997212,0.99973947,0.99977416,0.99975264,0.99976647,0.99961674,0.9997331,0.9997748,0.9997501,0.9997493,0.999749,0.99976563,0.9997519,0.9997585,0.9997507,0.99933726,0.99977285,0.9997808,0.99973804,0.99970376,0.99977696,0.9997748,0.9996571,0.99974376,0.99974585,0.9997846,0.9995549,0.9997174,0.999777,0.9997752,0.9997474,0.99970955,0.9997503,0.99973726,0.9997601,0.9997298,0.9997609,0.99976104,0.9997999,0.99976945,0.99973595,0.99972665,0.9997593,0.9997504,0.99972147,0.9997205,0.9995204,0.99973387,0.9997528,0.9997453,0.9997284,0.9997551,0.99974096,0.9997747,0.9997556,0.9997585,0.9997622,0.9997721,0.99975574,0.9997444,0.99974924,0.9996697,0.9997069,0.9997533,0.99974954,0.99970233,0.99976313,0.9996365,0.9997371,0.9997134,0.9997869,0.99974567,0.99978024,0.9997482,0.9997453,0.99973935,0.9997009,0.9997429,0.9997228,0.9997331,0.999727,0.9997047,0.9997544,0.9995691,0.9995104,0.99968433
ipip29,0.99980986,0.9997919,0.9998043,0.999784,0.9998463,0.99975514,0.99983054,0.99981165,0.9998546,0.9997805,0.9997721,0.9998078,0.9997771,0.9997336,0.99968106,0.9997754,0.9998041,0.9997803,0.9998115,0.99979484,0.99982464,0.99979794,0.99983174,0.99985707,0.9997594,0.9998457,0.99981564,0.99982494,0.999781,0.99977314,0.9997985,0.9998397,0.99978006,0.9998321,0.99981666,0.9998229,0.99980706,0.9998155,0.99979717,0.9998417,0.9997585,0.9998129,0.9997928,0.9997286,0.9997337,0.9998381,0.9998203,0.9997288,0.99981844,0.9997227,0.9999955,0.99967045,0.99984014,0.99981296,0.99971575,0.9998266,0.9996954,0.9997744,0.9998025,0.99983567,0.9997828,0.99977285,0.99979246,0.99977934,0.9997837,0.9997202,0.9998218,0.99978787,0.9997888,0.999751,0.9998023,0.9998181,0.9996162,0.99977213,0.9997554,0.9993957,0.999747,0.9997839,0.9998171,0.99983066,0.9997702,0.9998139,0.9997518,0.99976903,0.9998295,0.99978745,0.99980354,0.9997504,0.9996614,0.9998019,0.99974513,0.99979377,0.99977213,0.9997061,0.9996206,0.99970657,0.9997885,0.9997923,0.99965954,0.9996392,0.99976397,0.9998041,0.9997575,0.9997631,0.9997868,0.99964005,0.999793,0.99967986,0.9998064,0.9998031,0.9998071,0.99976826,0.99980116,0.999762,0.9998082,0.99979126,0.99979407,0.99980533,0.9997904,0.9997661,0.9998203,0.999796,0.99983364,0.99981517,0.99983186,0.9997297,0.9998173,0.99981916,0.9997715,0.99975467,0.9998185,0.9995361,0.99977326,0.9996896,0.9998125,0.99982154,0.99979746,0.9998369,0.9998193,0.99978733,0.9997871,0.99980426,0.9997398,0.9998114,0.9997929,0.99967974,0.9997826,0.99978757,0.99970824,0.9998144,0.99981356,0.99977535,0.999695,0.99965215,0.9997968,0.99978846,0.9997785,0.9998122,0.99965495,0.9998135,0.9997362,0.9998424,0.99977964,0.9997271,0.9998036,0.9993715,0.9998331,0.9997871,0.99982727,0.99974406,0.99982345,0.9997597,0.99978656,0.9998022,0.9998015,0.99980736,0.99984056,0.99983805,0.9998136,0.99981976,0.99976826,0.9997896,0.9997591,0.99979055,0.99964833,0.99977297,0.99983126,0.9998333,0.99983186,0.9997885,0.9998169,0.9998135,0.9998105,0.9998045,0.99981785,0.9998047,0.99984205,0.9998439,0.9997817,0.999825,0.999829,0.9998407,0.99977416,0.999817,0.99983776,0.9998206,0.99983793,0.99961036,0.999776,0.99976164,0.9998017,0.99978185,0.99980265,0.9998171,0.9997964,0.9997543,0.99978447,0.9992956,0.99978775,0.99979717,0.99981016,0.9997478,0.99982256,0.9997947,0.9996425,0.9998075,0.99982613,0.999828,0.9995909,0.9997278,0.9998424,0.99981254,0.9998043,0.9997793,0.99982184,0.99977297,0.99982256,0.99977744,0.9998247,0.99975955,0.999824,0.9997989,0.9998064,0.9997687,0.9997807,0.99981713,0.9998147,0.99982,0.99955666,0.9998086,0.9998322,0.9998304,0.9997741,0.9998357,0.99980134,0.9998349,0.99983066,0.99985737,0.9997567,0.99980503,0.99982697,0.99975485,0.9998014,0.9997184,0.9997898,0.99980944,0.99978685,0.9997819,0.99977726,0.9996297,0.99982893,0.9997866,0.9997976,0.9998328,0.9998284,0.99980724,0.99980444,0.99980587,0.9997188,0.99980605,0.99977845,0.9998151,0.9998106,0.9997722,0.99980116,0.9996104,0.9995575,0.99976426
ipip59,0.9993689,0.99959564,0.9994724,0.9995646,0.99949515,0.99949235,0.99941456,0.99955064,0.99952126,0.9995773,0.9994975,0.9994125,0.99950945,0.9995314,0.99941736,0.99945617,0.9994579,0.9995323,0.99947095,0.99948454,0.99949735,0.9994844,0.99949646,0.9995348,0.99944866,0.9995391,0.9996691,0.9995139,0.99948335,0.9994593,0.9994152,0.99953437,0.99948674,0.9994563,0.9993927,0.99945945,0.9994259,0.99939847,0.9994526,0.99946797,0.99957055,0.99951804,0.99953264,0.9994535,0.9995909,0.99949616,0.99954903,0.9994104,0.9994751,0.99949,0.99967045,0.9999989,0.999514,0.9996512,0.99953496,0.9996043,0.99943954,0.9995943,0.9995903,0.99953717,0.9993659,0.99947804,0.9993704,0.99942863,0.9994374,0.99942327,0.99943846,0.9993976,0.9994211,0.9995021,0.9993308,0.99944896,0.99941844,0.9994441,0.99945205,0.99936455,0.9994622,0.99943334,0.9995694,0.99952036,0.99939287,0.9994075,0.9994287,0.99931,0.99944615,0.9993337,0.9993984,0.99951905,0.99941576,0.99942285,0.99938685,0.99934095,0.999401,0.9994654,0.9994994,0.99954545,0.99931276,0.9995402,0.99944854,0.99946225,0.99942565,0.99939084,0.9993816,0.99941665,0.99940836,0.9995038,0.9994162,0.9993608,0.999475,0.99937004,0.99937224,0.999425,0.9994932,0.9994725,0.999402,0.99950397,0.9993865,0.99940556,0.9993836,0.9994627,0.9994177,0.9995085,0.9995216,0.9994604,0.9994409,0.9994707,0.99959636,0.99950624,0.9995099,0.9995108,0.99939764,0.99938947,0.9995399,0.9994854,0.9994091,0.9994801,0.9994853,0.9995372,0.99939215,0.9993205,0.9993115,0.99943507,0.9994892,0.99947375,0.9994163,0.9995063,0.99939424,0.9994259,0.9995871,0.9994618,0.9994117,0.9994494,0.9994708,0.9994404,0.9993278,0.99948806,0.99946004,0.9995003,0.99945426,0.99938136,0.99955606,0.99946946,0.9994106,0.99944144,0.99935865,0.9992496,0.9994639,0.9994548,0.99946076,0.9994369,0.9993976,0.9995448,0.99933344,0.9993981,0.9994327,0.9994132,0.9994827,0.9995315,0.99952996,0.99950147,0.99953604,0.9995527,0.9995013,0.9995439,0.9995709,0.9994849,0.99944884,0.9994544,0.99946445,0.99956656,0.99942636,0.9994291,0.9994216,0.9994323,0.9994159,0.99935514,0.99949616,0.99944335,0.999589,0.9995939,0.9994914,0.99944437,0.99960244,0.99943864,0.99952555,0.9995197,0.99944735,0.99952954,0.9995772,0.9995982,0.99951375,0.99943644,0.9994202,0.99951005,0.99959546,0.9995238,0.99944365,0.99933803,0.9995149,0.9994159,0.9994006,0.9994416,0.9994958,0.9994933,0.9994483,0.99938905,0.99941456,0.9994999,0.9995836,0.99944025,0.9995375,0.999481,0.9994127,0.9993796,0.99941903,0.9995511,0.9994348,0.9994814,0.9994551,0.9995069,0.9994713,0.9995288,0.99938333,0.99947536,0.99951094,0.99947816,0.9995277,0.999374,0.9995496,0.9995158,0.99946916,0.9994636,0.9995555,0.9994728,0.9995459,0.99951947,0.9995584,0.9994995,0.9995303,0.99943805,0.9994628,0.9995701,0.9995233,0.99957085,0.9996078,0.99948114,0.99949265,0.99943745,0.99945706,0.9994708,0.99941194,0.9995551,0.9994687,0.99946135,0.9995093,0.9994874,0.99949723,0.9994038,0.9994,0.99946994,0.99948156,0.9993973,0.9995178,0.9994805,0.99947923,0.9994681,0.999494,0.9995066
ipip89,0.9998876,0.99982303,0.9998584,0.999815,0.99989045,0.9997782,0.9998835,0.99982655,0.99987394,0.99980897,0.9998157,0.9998559,0.9998309,0.9997915,0.99970037,0.99984246,0.9998529,0.99976426,0.99985963,0.99984527,0.99987096,0.99982095,0.9998777,0.9998553,0.99977386,0.99987006,0.999791,0.9998526,0.9998158,0.9998343,0.9998377,0.99986905,0.99980164,0.99985677,0.9998768,0.99987894,0.9998443,0.99986327,0.99983424,0.99985623,0.99979687,0.99986917,0.9998265,0.99977535,0.9997608,0.9998696,0.9998352,0.9997379,0.999857,0.9997599,0.99984014,0.999514,0.99999744,0.9997829,0.99973273,0.99983233,0.99973637,0.9997553,0.9998304,0.99985254,0.99985904,0.99983984,0.9998717,0.99979824,0.99980253,0.9997599,0.999868,0.9998196,0.9998312,0.9997703,0.9998844,0.9998627,0.9996731,0.9998647,0.9998295,0.99943817,0.9997434,0.999826,0.9998373,0.99986386,0.99980277,0.9998852,0.99980426,0.9998202,0.99985737,0.99986285,0.99985665,0.99979174,0.9997201,0.99983203,0.99979365,0.9998661,0.99986964,0.9997431,0.999683,0.9997834,0.9998746,0.9998309,0.9997222,0.99968904,0.99982935,0.9998634,0.9998272,0.99980104,0.99984604,0.9996576,0.9998432,0.9997325,0.9998636,0.9998832,0.9998899,0.9998255,0.99984246,0.9998247,0.9998679,0.9998255,0.99985677,0.9998564,0.9998692,0.99982065,0.99987924,0.99982667,0.99987,0.99986446,0.99987084,0.99976134,0.9998297,0.99987215,0.9997994,0.99980867,0.9998876,0.9995152,0.9998293,0.99973077,0.9998814,0.99987745,0.9998269,0.99987847,0.99989456,0.99985313,0.99985325,0.99985415,0.9997871,0.9998603,0.99984926,0.99972594,0.9998256,0.99982584,0.9997332,0.99985445,0.99986136,0.99981433,0.9997132,0.9996957,0.9998625,0.9998378,0.9998335,0.9998483,0.9997185,0.9998713,0.9997779,0.99990636,0.99983,0.9997635,0.9998691,0.99938345,0.9998918,0.99981034,0.99985266,0.9997947,0.9998906,0.9997631,0.9998436,0.99982625,0.9998426,0.9998752,0.9998574,0.999841,0.9998165,0.99984896,0.9997781,0.99982,0.99978197,0.9998235,0.99965364,0.9998364,0.9998685,0.99986744,0.99986416,0.99977505,0.99985105,0.9998661,0.9998667,0.9998489,0.99987334,0.99986994,0.9998669,0.99988204,0.99975216,0.9998183,0.9998569,0.99986,0.99978757,0.9998692,0.9998635,0.9998234,0.9998768,0.9995755,0.9997909,0.99975216,0.9998246,0.9998014,0.9998448,0.9998499,0.999812,0.9997557,0.9998251,0.9992367,0.9998223,0.99983096,0.9998653,0.9997948,0.99987304,0.99980944,0.9997202,0.9998675,0.99987054,0.9998516,0.9995488,0.99973863,0.9998588,0.9998775,0.99986494,0.99980825,0.9998857,0.9998125,0.9998552,0.99982977,0.9998689,0.99978876,0.99984646,0.9998327,0.999863,0.99978596,0.9998268,0.99985754,0.99985194,0.999889,0.99958,0.99984556,0.99986845,0.9998686,0.9997918,0.9998754,0.9998345,0.99986404,0.9998434,0.999881,0.99980706,0.99983484,0.99987733,0.9997726,0.9998377,0.9997433,0.9997713,0.99992025,0.9998324,0.9998044,0.9998334,0.999671,0.9999003,0.9998065,0.99983,0.9998882,0.9998585,0.99985987,0.9998642,0.9998451,0.99976623,0.99985826,0.99981767,0.99988335,0.9998426,0.9998153,0.9998709,0.9996441,0.99955904,0.9998195
ipip119,0.9997505,0.9997777,0.9997494,0.9997387,0.999777,0.99970436,0.9997825,0.9998147,0.99982435,0.9997545,0.9997322,0.9997468,0.99976766,0.9998059,0.9996387,0.999764,0.99979424,0.99974936,0.99980366,0.99983233,0.99980557,0.9997556,0.999779,0.99983233,0.9997035,0.9998204,0.9998046,0.9998301,0.9997833,0.9997693,0.99975836,0.99982834,0.9997327,0.9997979,0.99979126,0.99977946,0.99978745,0.99978215,0.9997851,0.9998066,0.9997662,0.9997807,0.9997537,0.9997125,0.99970955,0.9997516,0.9997574,0.99968016,0.9997882,0.9997319,0.99981296,0.9996512,0.9997829,0.9999977,0.99973166,0.99981624,0.9996573,0.9997632,0.999761,0.99981624,0.9997429,0.99975055,0.9997529,0.9997201,0.99974006,0.9996815,0.99980617,0.9997468,0.9997445,0.9997388,0.9997371,0.99976283,0.999621,0.99973476,0.99974513,0.99947774,0.99974406,0.99976903,0.9998064,0.9998042,0.9997142,0.99977165,0.9997224,0.99971235,0.99978185,0.9997493,0.99978364,0.9998051,0.9996689,0.999775,0.9996975,0.9997405,0.9997512,0.9997117,0.9996265,0.9997033,0.9997258,0.9997574,0.99965686,0.9996421,0.999746,0.99974954,0.9997327,0.99972045,0.99975854,0.9996616,0.9997831,0.9996367,0.9998076,0.9997649,0.99977285,0.99971765,0.99977,0.99976,0.99978995,0.99975526,0.99976945,0.99977964,0.99976426,0.9997701,0.99977416,0.9997633,0.99978864,0.9997857,0.9997843,0.99973065,0.9998432,0.9998221,0.9997443,0.9997992,0.9997625,0.9995317,0.9997504,0.9997288,0.99976206,0.99977595,0.99976665,0.9998139,0.9997819,0.99973685,0.99972457,0.99978185,0.9997532,0.99978375,0.9997565,0.9997198,0.99974567,0.99974793,0.9997117,0.99978596,0.99976885,0.9997443,0.9996974,0.9996429,0.99973696,0.9997522,0.99973893,0.99976194,0.9996739,0.99977523,0.99973464,0.9997971,0.99974495,0.99966466,0.9997692,0.9993696,0.9997994,0.9997625,0.999795,0.9997324,0.999762,0.9997217,0.99973756,0.9997638,0.9997593,0.9997622,0.9998215,0.99980754,0.99980783,0.99980944,0.9997971,0.9997954,0.99972355,0.9997976,0.9996815,0.9997447,0.9998034,0.99980515,0.99981207,0.99980867,0.9998044,0.99977654,0.9997753,0.99976254,0.9997729,0.9997473,0.9998214,0.9998005,0.99979025,0.9997937,0.99982756,0.99978846,0.9997828,0.99978334,0.9997811,0.9997428,0.99980193,0.9996481,0.99977934,0.9997631,0.9997707,0.9997801,0.9997453,0.9997808,0.99980897,0.99970853,0.9997914,0.99936485,0.9997996,0.99978733,0.9997582,0.9997327,0.9998054,0.9997626,0.99964595,0.9997587,0.9997965,0.99982536,0.9996461,0.99970794,0.9998335,0.9997772,0.9997622,0.99971175,0.99977875,0.9997583,0.99976915,0.9997713,0.9997782,0.9997432,0.9998057,0.999777,0.9997653,0.9997406,0.99977833,0.9998,0.9997281,0.9997534,0.99960375,0.9997811,0.999788,0.9997854,0.99977064,0.99979556,0.9997914,0.9998312,0.9998747,0.99978775,0.99975204,0.99975777,0.99979496,0.999774,0.9997965,0.9997717,0.99977857,0.9997672,0.99974847,0.9997153,0.9997482,0.9996022,0.9997874,0.9997505,0.99977136,0.99980253,0.9997843,0.9997749,0.99976784,0.99974895,0.9996883,0.9997691,0.9997281,0.99976635,0.9997911,0.9997168,0.9997978,0.9995812,0.9995497,0.9996973
ipip149,0.9996857,0.99971914,0.9997096,0.9996846,0.99972373,0.9996823,0.99971545,0.99971384,0.99979335,0.99970245,0.9997102,0.99971026,0.99968845,0.99971825,0.9996732,0.99966913,0.9997161,0.999735,0.99971926,0.999714,0.9997251,0.99969345,0.9997477,0.9997924,0.9997133,0.9997418,0.9998009,0.99974406,0.9997095,0.9997581,0.9997342,0.99976397,0.9997167,0.99973166,0.99968916,0.9997227,0.9996871,0.9996888,0.9997105,0.999711,0.9997051,0.9997726,0.999728,0.999644,0.9997155,0.99971867,0.9997462,0.99970603,0.99969244,0.99968135,0.99971575,0.99953496,0.99973273,0.99973166,0.9999971,0.9997495,0.9995946,0.9997435,0.9996936,0.9997783,0.9996712,0.9996874,0.9996788,0.9997177,0.9996995,0.9997004,0.9996938,0.9997488,0.99974555,0.99975115,0.99968797,0.9997148,0.9996283,0.9996787,0.999711,0.9993874,0.99964684,0.9996751,0.9998382,0.9998254,0.99971044,0.9997034,0.9996445,0.9996707,0.99970573,0.99966586,0.9996742,0.9997161,0.9996641,0.9996854,0.9996678,0.99967104,0.9996809,0.999622,0.99962234,0.9996373,0.999669,0.9998225,0.99961746,0.9996154,0.99965775,0.9997272,0.9996777,0.99968576,0.9996935,0.9996221,0.9996874,0.9996642,0.9997271,0.9996672,0.9996857,0.9996929,0.9996964,0.99968326,0.99968654,0.9997204,0.99968195,0.9997103,0.999695,0.9996762,0.99970376,0.99966884,0.9997286,0.9997249,0.9996897,0.9997194,0.99973005,0.99973875,0.9999236,0.9997007,0.9997045,0.9995583,0.99971116,0.99969,0.9996886,0.9997541,0.9997754,0.9997882,0.9996958,0.99967617,0.99966335,0.99971247,0.99971837,0.99972916,0.99971235,0.99963087,0.99969226,0.9997445,0.9997462,0.9997064,0.9997414,0.9997333,0.999664,0.9996256,0.9996575,0.9997237,0.9997245,0.99971473,0.9995832,0.9996765,0.99967724,0.99972445,0.99968344,0.9997186,0.9996789,0.99934185,0.99972254,0.9997426,0.9996828,0.999624,0.9996921,0.999672,0.9996378,0.9997163,0.99979603,0.9997003,0.99972194,0.99970883,0.9997565,0.9997068,0.99970794,0.99981844,0.99968296,0.9998205,0.9996735,0.9996712,0.9997072,0.9997216,0.99971336,0.9997362,0.9996946,0.9997135,0.99970156,0.99979234,0.9997075,0.9996904,0.99970275,0.99971145,0.99969083,0.9997594,0.9997091,0.999699,0.99969465,0.9996897,0.9997345,0.99975526,0.9997395,0.99962527,0.99972266,0.99973464,0.99973655,0.9996572,0.9997813,0.99976254,0.999827,0.99969304,0.9996774,0.99938387,0.9996956,0.99968153,0.9997088,0.99966055,0.9997018,0.9997432,0.9996161,0.9996989,0.9996733,0.99971944,0.9995762,0.99970555,0.99972427,0.9996918,0.9997358,0.9997009,0.9996797,0.9996967,0.9997344,0.9996659,0.9997133,0.9997055,0.9997106,0.99969786,0.99968815,0.9998065,0.9997018,0.9997394,0.9997155,0.9996998,0.9995304,0.999699,0.9997984,0.9997999,0.9997789,0.99979556,0.9997899,0.99969214,0.9997353,0.999769,0.99968475,0.9997234,0.9997179,0.99980044,0.99971694,0.99961895,0.9997819,0.99971604,0.9997301,0.9997839,0.9997342,0.9996369,0.99971217,0.99980694,0.9997464,0.9997389,0.9997566,0.9997392,0.99972445,0.99972117,0.99971443,0.99972713,0.9999026,0.9997464,0.9997422,0.99989855,0.99972326,0.9996006,0.9994898,0.9996409
ipip179,0.9997864,0.99979526,0.9997907,0.99980235,0.9998163,0.999742,0.99982196,0.99982285,0.99985486,0.99981725,0.9997677,0.9997807,0.99980825,0.99976605,0.9996774,0.99977946,0.9998064,0.9997615,0.99980366,0.9997971,0.9998204,0.9997544,0.9998193,0.9998137,0.9997395,0.99984974,0.99983114,0.9998438,0.9997858,0.99978983,0.9998106,0.9998565,0.9998146,0.99983305,0.9997908,0.9998341,0.9998092,0.9997947,0.99978715,0.9998132,0.9998247,0.9998461,0.9998154,0.99977165,0.9997623,0.9998173,0.9998235,0.99969447,0.9998015,0.9997513,0.9998266,0.9996043,0.99983233,0.99981624,0.9997495,0.99999756,0.9996865,0.99980575,0.9998014,0.99988794,0.99974245,0.99976593,0.99977815,0.9997453,0.9997566,0.99971086,0.9998187,0.9997814,0.999773,0.99974966,0.99978644,0.99982923,0.9996576,0.99979216,0.9997726,0.9995169,0.9997304,0.9997807,0.9998582,0.9998341,0.9997369,0.9998002,0.99972844,0.99972737,0.9997957,0.9997643,0.9997944,0.99978036,0.99969184,0.9997781,0.99973106,0.99976027,0.99976635,0.9997032,0.9996366,0.99975777,0.9997476,0.9998212,0.9997001,0.9997067,0.99976826,0.9997782,0.99975157,0.9997366,0.99976146,0.99970615,0.9997878,0.99967104,0.9998263,0.99978834,0.9997991,0.99974704,0.9997965,0.9997939,0.99982667,0.9998255,0.99979377,0.99980146,0.99978864,0.99981636,0.99982256,0.99981976,0.999839,0.9998064,0.99979526,0.99977964,0.9998727,0.99984425,0.9997941,0.9998004,0.999822,0.9995604,0.9997903,0.99967515,0.99981,0.99983567,0.99978864,0.99987364,0.99981236,0.9997502,0.9997487,0.9997978,0.9997568,0.99978554,0.99977046,0.9997031,0.99977833,0.9997806,0.99980164,0.9998073,0.99978995,0.9997724,0.99970794,0.9996566,0.999769,0.9998265,0.9998177,0.9998451,0.9996872,0.9997996,0.999782,0.9998513,0.9997888,0.99971926,0.99976593,0.99945694,0.9998607,0.99977946,0.99980277,0.99974394,0.9997847,0.99975425,0.99975175,0.9997726,0.9998154,0.9998338,0.9998153,0.9997981,0.9998187,0.9998296,0.9997817,0.9998318,0.999779,0.9998299,0.9996892,0.9997894,0.9998338,0.9998401,0.99984044,0.99982464,0.9998122,0.9998411,0.9998372,0.9998197,0.9998067,0.99979407,0.9998468,0.9998329,0.9997999,0.99984455,0.99983746,0.9997882,0.9997928,0.9998327,0.999825,0.9997731,0.99982977,0.99965185,0.9998138,0.9997965,0.9998173,0.99977267,0.99980354,0.9998196,0.9998455,0.99972934,0.9998187,0.99939305,0.9998036,0.99979556,0.9998035,0.99979705,0.9998528,0.99978393,0.999696,0.9998048,0.99980974,0.9998101,0.9996544,0.9997411,0.9998371,0.9998003,0.9997821,0.99974555,0.9998081,0.9997818,0.9997988,0.9998077,0.9998317,0.9998076,0.99981666,0.9997913,0.9998168,0.9997908,0.99983484,0.9998255,0.99977654,0.99979395,0.9996187,0.9998019,0.99985206,0.9998462,0.9998331,0.9998506,0.99984515,0.9998272,0.99982065,0.9998159,0.9997843,0.99978256,0.9998506,0.99980885,0.9998448,0.99978876,0.9998353,0.99984246,0.99981576,0.99975395,0.99981403,0.99968827,0.999827,0.9998316,0.99979734,0.9998625,0.9998368,0.99982446,0.99983466,0.9997842,0.9997185,0.99981135,0.9997956,0.9998263,0.99983394,0.99977934,0.9998531,0.99964094,0.99961144,0.9997595
ipip209,0.9996972,0.99972934,0.99971676,0.99973375,0.99979424,0.99970895,0.9996947,0.9996935,0.9997063,0.99974126,0.9996852,0.9997111,0.9996993,0.99968386,0.9995993,0.9996836,0.99969167,0.9996386,0.9997048,0.99966985,0.99969304,0.99967194,0.9996937,0.999685,0.99966973,0.9997238,0.99966955,0.99968463,0.99968654,0.9996905,0.9996748,0.9997046,0.999661,0.9997141,0.99968076,0.99975026,0.99969167,0.99968123,0.99971306,0.9997293,0.9996519,0.9996805,0.999691,0.99965876,0.99969816,0.999734,0.9997119,0.9996196,0.99969363,0.99964863,0.9996954,0.99943954,0.99973637,0.9996573,0.9995946,0.9996865,0.9999978,0.99966884,0.999761,0.9997159,0.999643,0.9996905,0.99965703,0.99970835,0.99964863,0.99963796,0.9996794,0.9996552,0.9996451,0.9996526,0.9996813,0.9996751,0.9995837,0.9996808,0.9997006,0.9993208,0.9996121,0.99965334,0.9996878,0.999703,0.999647,0.9997198,0.99965256,0.99966866,0.9997206,0.99967265,0.99969363,0.99964964,0.99960685,0.9996742,0.9996731,0.99965703,0.99969673,0.99962336,0.9995694,0.9996315,0.99968183,0.9996466,0.99960685,0.9995378,0.9996601,0.99968386,0.9996383,0.9996514,0.99968165,0.9995152,0.9996591,0.99956846,0.99964696,0.9996632,0.99969065,0.9996911,0.99972314,0.9996788,0.99967486,0.99969864,0.9996722,0.9996908,0.99969566,0.99963784,0.99968183,0.99966633,0.9996861,0.99966925,0.99968296,0.9996228,0.99963546,0.99967515,0.99964803,0.99965614,0.99969006,0.999386,0.9996576,0.9995716,0.9996933,0.99970186,0.9996833,0.99969673,0.9996816,0.9996569,0.9996676,0.99966484,0.999652,0.9996715,0.9996977,0.99960494,0.99967015,0.9996497,0.99960333,0.9996983,0.9996616,0.9996571,0.99958205,0.9995469,0.9996662,0.9996843,0.9996704,0.9996849,0.9996009,0.9996667,0.99963516,0.99972045,0.9996622,0.9996405,0.9996912,0.9993233,0.9997021,0.99964356,0.99968106,0.99967647,0.999695,0.9996807,0.9996621,0.99967027,0.9996866,0.9996712,0.99969167,0.99972385,0.9996867,0.9996603,0.9996361,0.9996783,0.9996026,0.99968225,0.9995835,0.99965185,0.9996956,0.99968183,0.9996869,0.9996318,0.99968296,0.99966943,0.9996799,0.99968445,0.9997028,0.9996614,0.99968415,0.99969465,0.9996221,0.99969786,0.99967176,0.99966747,0.99964255,0.9996885,0.99969184,0.9996686,0.9996845,0.99952906,0.9996123,0.9996342,0.9996595,0.9996467,0.9996837,0.9996825,0.9996591,0.99966186,0.9996514,0.999219,0.99968296,0.99967664,0.9996885,0.9996279,0.99969494,0.9996746,0.99960124,0.99968034,0.9996676,0.999665,0.99944633,0.9996098,0.99967045,0.99970543,0.9996862,0.99965423,0.9996865,0.9996531,0.99969465,0.99969494,0.999701,0.999666,0.99970055,0.999661,0.999672,0.99965703,0.9996689,0.9996779,0.99977,0.9996869,0.99949133,0.9996876,0.99970794,0.999702,0.99965024,0.9997045,0.99967873,0.99969524,0.9996822,0.9997004,0.99965286,0.99965817,0.9996842,0.99964744,0.9996564,0.99959886,0.99965394,0.9997054,0.9996573,0.9996326,0.9996613,0.9995745,0.9996911,0.9996741,0.9996966,0.9997,0.9996983,0.99967706,0.9996785,0.9996656,0.9996287,0.9996873,0.999664,0.9996782,0.9996525,0.9996437,0.9996672,0.9996463,0.99951375,0.99972516
ipip239,0.99969923,0.9997437,0.9997228,0.9997315,0.9997504,0.99973583,0.9997307,0.999751,0.9997869,0.9997385,0.999738,0.99975497,0.9997606,0.9997328,0.99970466,0.99973893,0.9997603,0.9997401,0.9997687,0.99974585,0.99976814,0.99974114,0.9997538,0.9997777,0.9996959,0.99978894,0.9997844,0.9997792,0.99977434,0.9997894,0.99971956,0.9997967,0.9997752,0.999746,0.99971634,0.99975234,0.999745,0.99971664,0.9997543,0.9997542,0.9997571,0.9998039,0.99975044,0.99973726,0.99972045,0.9997537,0.9997463,0.99968094,0.9997508,0.9997305,0.9997744,0.9995943,0.9997553,0.9997632,0.9997435,0.99980575,0.99966884,0.99999624,0.9997735,0.9997935,0.9997005,0.9997148,0.99971455,0.99971396,0.99973,0.99972236,0.9997473,0.9997362,0.99973416,0.99976426,0.99970436,0.9997715,0.9996572,0.9997123,0.9997566,0.9995368,0.99971783,0.99975103,0.9998103,0.9998,0.99976236,0.99975324,0.9997266,0.99969137,0.9997793,0.99970174,0.99973077,0.99975777,0.9996965,0.99972516,0.99973047,0.9997059,0.99973243,0.9997041,0.99966097,0.99971455,0.9996853,0.99977696,0.9997156,0.999709,0.9997372,0.9997291,0.99972266,0.9997299,0.9997475,0.99972,0.99975073,0.99966747,0.9997741,0.99973774,0.9997553,0.99973613,0.9997738,0.9997852,0.9997443,0.99977857,0.9997438,0.9997429,0.9997585,0.99976325,0.999733,0.99972594,0.99975306,0.99974525,0.99973124,0.99972844,0.9997865,0.99980086,0.9997789,0.99975693,0.99971735,0.99955875,0.9997291,0.99968404,0.99970734,0.9997746,0.9997632,0.9997992,0.99975044,0.99969745,0.999692,0.9997749,0.99972844,0.99973553,0.99974793,0.9997162,0.9997604,0.99974245,0.9997923,0.9997837,0.9997366,0.99973625,0.99971,0.9996637,0.9996957,0.99978775,0.99977773,0.9997472,0.9996856,0.9997224,0.99971336,0.9997673,0.99971646,0.99969274,0.99971145,0.99939966,0.9997526,0.99974096,0.99973154,0.99971604,0.9997113,0.99977475,0.9996847,0.99971783,0.9997461,0.9997501,0.99979514,0.9997851,0.99977183,0.99977046,0.9997898,0.99979746,0.9997216,0.99979746,0.9997636,0.9997255,0.9997519,0.99975854,0.9997622,0.99976605,0.99974847,0.9997654,0.9997608,0.99975455,0.99976677,0.99973446,0.99977225,0.99974334,0.99973416,0.9997722,0.9997483,0.99973357,0.9997471,0.9997623,0.999757,0.9997189,0.9997438,0.99967724,0.99977636,0.99978423,0.99976563,0.99973476,0.9997373,0.99974126,0.9998037,0.9997119,0.99976784,0.99945253,0.99977696,0.9997569,0.9997364,0.9997471,0.9997837,0.99976385,0.99970657,0.9997535,0.9997354,0.9997724,0.999668,0.9997475,0.9997849,0.9997466,0.99972737,0.9997261,0.9997374,0.9997264,0.99973583,0.9997263,0.99977094,0.999785,0.9997868,0.9998101,0.99975985,0.99977154,0.99979836,0.99978375,0.9997527,0.99970853,0.9995767,0.99974465,0.9997844,0.9997763,0.9997916,0.9997836,0.99978375,0.9997565,0.9997522,0.9997415,0.9997462,0.9997837,0.99977744,0.9997812,0.99979794,0.99970984,0.9997743,0.9997553,0.99975324,0.99970526,0.99976313,0.9996823,0.9997396,0.9998069,0.99972934,0.99976355,0.999753,0.9997647,0.9997568,0.9997028,0.99969345,0.9997987,0.9997707,0.9997715,0.9997709,0.99975896,0.99979657,0.9996342,0.99959385,0.9997122
ipip269,0.99978215,0.9998424,0.9998076,0.99986637,0.9998491,0.9998045,0.999799,0.99978364,0.9998113,0.99986684,0.9997707,0.9998056,0.99979776,0.9997884,0.9997054,0.99979216,0.9998186,0.99974996,0.99981356,0.99979484,0.99982595,0.9997837,0.99980575,0.9998039,0.999738,0.99982214,0.99976635,0.9998142,0.9997886,0.9997867,0.99975455,0.99980915,0.99975026,0.99979144,0.99978435,0.999798,0.9997933,0.9997873,0.99979275,0.99979264,0.9997457,0.99979305,0.99980295,0.9997525,0.9997939,0.99982274,0.99979657,0.9997096,0.9997981,0.99976194,0.9998025,0.9995903,0.9998304,0.999761,0.9996936,0.9998014,0.999761,0.9997735,0.99999803,0.9998136,0.99976856,0.999784,0.9997868,0.99977195,0.9997653,0.99975747,0.9997897,0.99975884,0.99976635,0.99975455,0.99976724,0.99980044,0.9996861,0.9997622,0.99980175,0.99947387,0.9997138,0.99978036,0.9997933,0.9997973,0.9997582,0.99980634,0.9997652,0.9997419,0.9998026,0.99976194,0.9997715,0.9997902,0.99968016,0.99976367,0.9997531,0.99977,0.9997956,0.9997339,0.9996651,0.99975544,0.99976957,0.99976933,0.9997205,0.99967015,0.999787,0.9997861,0.99976826,0.99976534,0.99979824,0.99966633,0.9997718,0.9996897,0.9997843,0.9997834,0.9997934,0.99976104,0.999823,0.9997845,0.9997855,0.9997904,0.9997864,0.9997911,0.9997853,0.99977076,0.99979883,0.99978226,0.99981296,0.9997973,0.9998142,0.9997275,0.9997847,0.9998019,0.9997467,0.99978733,0.9997811,0.9995309,0.9997672,0.99971104,0.9997729,0.9998207,0.99980134,0.9998033,0.9997867,0.9997499,0.99977344,0.9998103,0.9997879,0.9998053,0.9998094,0.9997351,0.9997747,0.9997599,0.99973065,0.9998011,0.9997734,0.9997593,0.99970454,0.9996925,0.99976146,0.99979913,0.99978155,0.99978256,0.999746,0.9997741,0.99974,0.9998212,0.99976695,0.9997396,0.99978036,0.9994136,0.9997845,0.9997528,0.9997745,0.9997532,0.99978524,0.9997437,0.9997456,0.9997685,0.9997612,0.9997841,0.9997987,0.99980044,0.99976987,0.99977547,0.9997509,0.9997765,0.999734,0.9997699,0.9996868,0.99977136,0.9997827,0.9997828,0.9997847,0.99974096,0.99977076,0.9997798,0.9997833,0.99976575,0.99980366,0.9997665,0.9997967,0.99979,0.999734,0.9997818,0.99978024,0.9997764,0.9997741,0.9997916,0.99980646,0.99976563,0.9997864,0.9996377,0.9997641,0.9997553,0.99978477,0.9997479,0.9997598,0.9997882,0.9997669,0.99978375,0.99976295,0.9993304,0.99978864,0.9997787,0.9997776,0.9997445,0.99981004,0.99978656,0.9997016,0.9997913,0.9997738,0.9997825,0.9996328,0.9997352,0.9997815,0.9997917,0.9997956,0.9997665,0.99980444,0.9997403,0.99977386,0.9997683,0.99979115,0.99976665,0.99979925,0.9997975,0.9997808,0.9997363,0.9997822,0.99979,0.99981874,0.9997714,0.9995704,0.99977,0.9997891,0.99978405,0.99974936,0.99979705,0.99977857,0.99979055,0.999796,0.99979824,0.9997729,0.9997878,0.9997958,0.9997293,0.99977165,0.999695,0.99977094,0.9998132,0.99978024,0.9997348,0.99978185,0.99970865,0.99978405,0.99976104,0.9997838,0.99979395,0.99979806,0.99979264,0.9997894,0.99975973,0.99972993,0.99980474,0.9997434,0.9997774,0.9997656,0.9997328,0.99978656,0.99969363,0.9996288,0.9998401
ipip299,0.9998498,0.9997882,0.99983215,0.9997888,0.99984986,0.9997829,0.99987495,0.9998229,0.9998841,0.9998047,0.9998148,0.9998354,0.9998105,0.9997817,0.99972326,0.9998283,0.99986017,0.99976116,0.99985224,0.9998329,0.9998562,0.9997893,0.9998544,0.9998632,0.9997843,0.9998916,0.9997988,0.9998756,0.99982345,0.99984306,0.9998512,0.9999329,0.99983764,0.9998719,0.99984837,0.999877,0.9998636,0.9998552,0.9998474,0.9998583,0.99980164,0.9998518,0.9998117,0.9997632,0.9997744,0.9998547,0.99983233,0.99974585,0.99982756,0.99975413,0.99983567,0.99953717,0.99985254,0.99981624,0.9997783,0.99988794,0.9997159,0.9997935,0.9998136,0.99999964,0.9998214,0.99980766,0.99983865,0.9998215,0.9998077,0.99977946,0.99986607,0.99986637,0.9998397,0.9998004,0.9998521,0.9998519,0.9996859,0.99980795,0.99979293,0.9994655,0.99977374,0.99982506,0.99987614,0.99987423,0.9997918,0.999863,0.9997691,0.9998143,0.9998373,0.9998505,0.99986273,0.9998023,0.99971884,0.999826,0.99979025,0.9998446,0.99981827,0.9997108,0.99966365,0.9997343,0.99984246,0.9998437,0.99972826,0.9996781,0.9998141,0.9998537,0.99981374,0.9998092,0.9998217,0.99971175,0.9998605,0.99973565,0.99986994,0.9998415,0.99986017,0.9997822,0.99982077,0.9998134,0.99986494,0.9998122,0.9998502,0.9998675,0.9998493,0.9998127,0.99985796,0.9998115,0.99986416,0.99984246,0.99984896,0.9998041,0.9998569,0.9998515,0.9998342,0.99980927,0.9998703,0.9995266,0.99977845,0.9996885,0.9998529,0.99986243,0.99984735,0.9998945,0.9998656,0.9998291,0.99983484,0.999845,0.9998075,0.9998168,0.99983805,0.99971694,0.99983126,0.99984473,0.9997558,0.9998498,0.9998633,0.99982256,0.9997155,0.9997055,0.99984354,0.9998318,0.99982953,0.9998249,0.9996832,0.99985933,0.99974746,0.99988246,0.9998288,0.99976486,0.99984235,0.99940765,0.9998859,0.99983627,0.9998265,0.9997688,0.99985546,0.9997576,0.9998245,0.99984217,0.99987453,0.9998586,0.999865,0.99985874,0.99985975,0.999859,0.999809,0.99985546,0.99977845,0.9998506,0.9996936,0.99979544,0.99988556,0.99988866,0.9998853,0.99982685,0.9998748,0.99987763,0.9998787,0.999876,0.99986696,0.9998559,0.999877,0.9998897,0.9998034,0.9998487,0.99985635,0.99986386,0.9997914,0.999875,0.9998613,0.9998335,0.9998789,0.9996648,0.99981225,0.99978906,0.99984795,0.9998168,0.99986625,0.9998447,0.9998398,0.9997897,0.99984455,0.99936754,0.9998305,0.9998441,0.99985874,0.99979514,0.99985963,0.99983686,0.9997445,0.9998619,0.9998637,0.9998603,0.9996498,0.9998402,0.9998656,0.9998488,0.9998673,0.9998253,0.999864,0.999793,0.99984515,0.9998029,0.99985546,0.9997961,0.9998358,0.9998001,0.9998577,0.9998381,0.99983305,0.99987435,0.9997857,0.99985194,0.9995739,0.99980706,0.9998961,0.9998891,0.99982196,0.9998972,0.99984634,0.9998441,0.9998496,0.9998518,0.99976456,0.9998323,0.9998733,0.9998003,0.99983585,0.9997455,0.9998517,0.9998432,0.9998159,0.9997942,0.99982536,0.9996633,0.9998819,0.9998461,0.9998298,0.99988574,0.99984974,0.9998378,0.9998388,0.9998326,0.99979454,0.9998335,0.9998316,0.9998566,0.9998522,0.99981123,0.99986017,0.99963266,0.99955523,0.99976623
ipip5,0.999901,0.99976426,0.99984616,0.99975455,0.9998569,0.9997804,0.99988276,0.9997776,0.9998472,0.99974036,0.999772,0.9998771,0.99980205,0.99976945,0.9997123,0.9998562,0.9998722,0.99974954,0.999872,0.9998522,0.99989015,0.99982005,0.9998707,0.9998459,0.9997821,0.99985063,0.999705,0.99986887,0.99982756,0.99983054,0.999866,0.9998234,0.99975294,0.9998712,0.9999084,0.99985117,0.9998729,0.9998974,0.99987775,0.99985707,0.99970067,0.99982136,0.9997984,0.99974066,0.9997144,0.9998546,0.9997973,0.99979055,0.9998613,0.9997495,0.9997828,0.9993659,0.99985904,0.9997429,0.9996712,0.99974245,0.999643,0.9997005,0.99976856,0.9998214,0.9999978,0.99985605,0.99995565,0.999814,0.9998577,0.99980485,0.9998931,0.9998572,0.99986225,0.9997541,0.99990314,0.9998644,0.9996457,0.9998041,0.9998478,0.99937963,0.99978083,0.9998634,0.999796,0.99984753,0.99984705,0.9999127,0.99984235,0.99989253,0.9998695,0.9999204,0.9998993,0.9998134,0.9997297,0.9998709,0.99982333,0.99992764,0.99990284,0.9997495,0.9996625,0.9997114,0.9999006,0.9998029,0.9997261,0.9996537,0.99988246,0.9999097,0.99990684,0.99986213,0.9999108,0.9996097,0.9998765,0.9997389,0.99988425,0.999911,0.9999253,0.99982035,0.9998279,0.9998125,0.9998972,0.9997891,0.99989265,0.99990755,0.9998924,0.9998185,0.9999122,0.9998218,0.99986213,0.9998921,0.99990314,0.9997568,0.999793,0.99984884,0.9997686,0.9997699,0.9998885,0.9994858,0.9997699,0.99972636,0.9998725,0.9998567,0.9998227,0.99983156,0.99990165,0.9998894,0.9999182,0.99988014,0.9997993,0.99984914,0.9998952,0.99968743,0.99986035,0.99985063,0.999627,0.99985266,0.9998987,0.9998226,0.99972284,0.9997034,0.99992436,0.9998113,0.99981415,0.9997989,0.9996841,0.99991345,0.99969923,0.9998989,0.9998574,0.99974275,0.9999013,0.99925745,0.99986845,0.99984163,0.9998642,0.9998007,0.9999065,0.99972975,0.9999039,0.999875,0.9998546,0.99987584,0.9998659,0.9998256,0.9998004,0.9998502,0.9997724,0.9997999,0.9997792,0.9998061,0.9995968,0.9998302,0.99989337,0.99989116,0.9998887,0.9997654,0.99988604,0.9998834,0.99988306,0.99986553,0.99990344,0.99990344,0.9998769,0.9998888,0.9997277,0.9997715,0.9998548,0.9998895,0.99971914,0.99988437,0.9998698,0.99983644,0.9998891,0.99955106,0.9997328,0.9996851,0.99981207,0.9998266,0.9998613,0.99985164,0.9997632,0.9997521,0.9998386,0.9991899,0.99984396,0.9998746,0.99988,0.9997708,0.9998669,0.9998273,0.9996826,0.9998857,0.9998946,0.99987614,0.99948263,0.9997374,0.99984896,0.9998678,0.9999126,0.9998549,0.9999156,0.9997767,0.9998741,0.9997934,0.99985856,0.99975157,0.9998626,0.99982774,0.99988014,0.9997752,0.9998089,0.9998651,0.9997665,0.99990404,0.9994663,0.999814,0.9998601,0.9998611,0.9997413,0.999871,0.9998004,0.99986196,0.999837,0.99986976,0.99976045,0.9998624,0.9998798,0.9997261,0.99980634,0.9996742,0.9997174,0.99984384,0.9998156,0.9998042,0.9998386,0.9996048,0.9999034,0.9997277,0.99983066,0.99987847,0.99982977,0.9998519,0.99983203,0.9998791,0.9997958,0.99985373,0.9997824,0.9998751,0.99982065,0.9997721,0.9998573,0.99953157,0.99943703,0.99975204
ipip35,0.99982977,0.9997745,0.99983776,0.99976563,0.9998349,0.99976677,0.99981624,0.9997645,0.999829,0.9997586,0.9997693,0.99983054,0.99979657,0.99977475,0.9997147,0.9998134,0.99980974,0.99974775,0.9998343,0.999791,0.999847,0.9998036,0.9998524,0.9998142,0.9997724,0.9998371,0.9997433,0.9998244,0.99979466,0.9998061,0.99982476,0.999809,0.99974966,0.99984133,0.9998292,0.9998325,0.9998121,0.99981654,0.99981105,0.9998193,0.99972606,0.99980086,0.9998179,0.9997554,0.99979144,0.99985373,0.99982905,0.9997625,0.9998509,0.9997538,0.99977285,0.99947804,0.99983984,0.99975055,0.9996874,0.99976593,0.9996905,0.9997148,0.999784,0.99980766,0.99985605,0.99999774,0.99986374,0.99982315,0.99982196,0.99980134,0.9998217,0.9997994,0.99981874,0.9997431,0.9998244,0.9998292,0.9996667,0.9997881,0.99983793,0.99941283,0.99974257,0.9998035,0.99979454,0.999821,0.9997796,0.9998537,0.9997887,0.9998028,0.9998263,0.99981505,0.99981594,0.9997957,0.99975234,0.99980617,0.99979997,0.9998481,0.99984115,0.9997777,0.9997694,0.9997665,0.9998172,0.99981165,0.99974763,0.9996843,0.99982035,0.99984777,0.9998221,0.9998149,0.9998512,0.99964845,0.99982154,0.9997079,0.9998231,0.9998159,0.99983996,0.9998121,0.999839,0.9998025,0.9998315,0.9998072,0.999832,0.99984837,0.9998382,0.99977535,0.9998495,0.99980783,0.99984014,0.99986315,0.99983734,0.99976534,0.9997778,0.9997975,0.9997697,0.99976295,0.9998287,0.99951667,0.999796,0.9997824,0.9998079,0.9998283,0.99979,0.9998062,0.9998261,0.99979603,0.9998376,0.999837,0.9997954,0.9998176,0.99984175,0.9996846,0.99981344,0.9998086,0.9996855,0.99981713,0.9998372,0.9998129,0.9997925,0.9997271,0.9998374,0.99981284,0.99981606,0.9997988,0.99969333,0.9998331,0.99974436,0.99986434,0.9998135,0.99974453,0.99981725,0.99932325,0.9998135,0.9998144,0.99980795,0.99979174,0.99984324,0.9997508,0.99980855,0.99982846,0.9998146,0.99982095,0.9998186,0.99979717,0.9997973,0.99981457,0.99977404,0.99980175,0.99978,0.9997904,0.9996428,0.9998144,0.9998306,0.99982965,0.999827,0.99977124,0.99982095,0.99982774,0.99982923,0.9998219,0.99984866,0.99982166,0.9998277,0.9998274,0.9997413,0.9997925,0.99980557,0.99980986,0.99974793,0.9998253,0.99985427,0.99983424,0.99983585,0.99961275,0.99974734,0.9997093,0.99979615,0.99979,0.9998185,0.99984986,0.99977195,0.9997799,0.999796,0.9993363,0.99984056,0.9998216,0.99984396,0.99976796,0.9998269,0.9998174,0.99972194,0.9998253,0.99982363,0.99981934,0.9995707,0.99973565,0.99981225,0.9998421,0.99985266,0.99982184,0.9998516,0.9997867,0.99983877,0.9997764,0.9998376,0.99977285,0.9998463,0.99980545,0.9998111,0.9997794,0.9997948,0.9998227,0.9998,0.99983716,0.999568,0.9998098,0.9998329,0.9998306,0.9997596,0.99983084,0.9997902,0.99983126,0.99980074,0.99986506,0.9997879,0.99981415,0.9998292,0.9997512,0.9997858,0.9996919,0.99972814,0.99982005,0.9997969,0.9997993,0.99982375,0.99970335,0.99982184,0.99974424,0.9998252,0.99982476,0.9998179,0.9998373,0.99982977,0.99983877,0.9997745,0.9998328,0.9997753,0.9998011,0.9997954,0.9997576,0.99981153,0.99959075,0.9994949,0.9997538
ipip65,0.9999115,0.99976796,0.9998502,0.99975806,0.9998598,0.99978465,0.9998925,0.9997925,0.99987036,0.99974436,0.99977136,0.99988407,0.9998064,0.9997705,0.9997244,0.9998481,0.9998797,0.9997605,0.9998765,0.99985427,0.99990183,0.9998318,0.99987465,0.9998638,0.9997896,0.9998615,0.99971735,0.99988145,0.999826,0.9998424,0.9998831,0.9998387,0.99978,0.99989384,0.9999026,0.9998633,0.9998839,0.99989665,0.99987274,0.9998741,0.99971545,0.99983454,0.99981266,0.9997453,0.9997111,0.9998615,0.9998089,0.99977565,0.99986124,0.99975204,0.99979246,0.9993704,0.9998717,0.9997529,0.9996788,0.99977815,0.99965703,0.99971455,0.9997868,0.99983865,0.99995565,0.99986374,0.9999983,0.9998272,0.99984986,0.9998142,0.99990755,0.99987054,0.99986607,0.999752,0.9999189,0.99988306,0.9996526,0.99982595,0.9998604,0.99937975,0.9997737,0.99986964,0.99981797,0.9998638,0.9998398,0.9999182,0.99983543,0.9998876,0.9998747,0.99991906,0.9998923,0.9998183,0.99972504,0.99986243,0.9998279,0.999938,0.9999092,0.9997552,0.99966085,0.9997153,0.99991214,0.99980545,0.9997318,0.9996515,0.9998909,0.9999203,0.9999041,0.9998605,0.9999162,0.99962693,0.9998814,0.9997521,0.9998907,0.99991333,0.9999294,0.9998347,0.9998341,0.9998206,0.99991584,0.9998048,0.9999103,0.9999118,0.99990326,0.9998316,0.9999233,0.999826,0.99988025,0.9999107,0.99991,0.99976975,0.99981254,0.9998627,0.9997761,0.9997926,0.99990344,0.99951,0.99977964,0.9997286,0.99988264,0.99986833,0.9998257,0.9998472,0.9999133,0.9999025,0.9999335,0.9998924,0.99981266,0.9998582,0.99990785,0.9996882,0.99987257,0.9998596,0.9996349,0.99986905,0.9999119,0.9998407,0.99973506,0.99973524,0.99993294,0.99982816,0.9998332,0.9998228,0.9997044,0.9999193,0.99971414,0.9999099,0.99987286,0.99974865,0.99990463,0.9992672,0.999877,0.9998492,0.99986774,0.9998085,0.99990726,0.9997298,0.9999071,0.9998826,0.9998767,0.999894,0.999885,0.9998374,0.9998158,0.99986553,0.99977934,0.99982244,0.99979293,0.9998259,0.99961543,0.99984586,0.9999046,0.9999099,0.999906,0.9997846,0.9998937,0.99990225,0.99989665,0.99989057,0.9999204,0.9999168,0.9998903,0.9999005,0.99974144,0.99978536,0.9998714,0.9998966,0.99973464,0.99989676,0.9998809,0.99983495,0.99990594,0.99955404,0.9997475,0.9996984,0.99982226,0.9998359,0.99987775,0.9998676,0.9997847,0.9997541,0.9998498,0.999175,0.9998421,0.9998724,0.99988735,0.99977857,0.9998734,0.999837,0.99968135,0.9998934,0.99990535,0.99988335,0.99951625,0.99974775,0.9998605,0.99988955,0.9999303,0.9998755,0.99992955,0.9997993,0.999884,0.99980104,0.99986476,0.9997616,0.99987143,0.99983144,0.9998983,0.9997859,0.99981636,0.9998778,0.99976945,0.9999047,0.99947214,0.99981743,0.9998674,0.9998703,0.9997457,0.9998801,0.99980724,0.9998716,0.9998462,0.9998843,0.99977654,0.9998665,0.9998907,0.999744,0.999817,0.9996872,0.99973226,0.9998598,0.99981993,0.9998164,0.9998431,0.99962276,0.9999121,0.99974364,0.9998482,0.99988467,0.9998458,0.999864,0.9998395,0.99988735,0.9998271,0.99987406,0.99979025,0.99989516,0.9998344,0.9997766,0.9998686,0.99953,0.99943286,0.9997687
ipip95,0.9998401,0.9997817,0.9998186,0.99976367,0.9998582,0.99980193,0.999822,0.9997692,0.99985963,0.99975705,0.99975604,0.99984187,0.99974716,0.9997373,0.9997282,0.99976623,0.9998081,0.99975806,0.9998096,0.999769,0.9998203,0.99979615,0.99981076,0.99986017,0.9997995,0.99982756,0.99973387,0.99980927,0.9997971,0.9997948,0.99985105,0.9998016,0.9997562,0.9998475,0.9998215,0.9998212,0.99979657,0.9997884,0.9998146,0.99984145,0.99968016,0.9997573,0.99980694,0.99970543,0.9997919,0.9998633,0.99984056,0.9997869,0.99982494,0.9997379,0.99977934,0.99942863,0.99979824,0.9997201,0.9997177,0.9997453,0.99970835,0.99971396,0.99977195,0.9998215,0.999814,0.99982315,0.9998272,0.9999956,0.999812,0.9997987,0.9998263,0.99981976,0.9998183,0.99974394,0.9998313,0.9997952,0.99964505,0.99977016,0.9997926,0.9993362,0.99973124,0.9997934,0.9998075,0.9998483,0.9997876,0.99985397,0.9997447,0.9998332,0.9998259,0.999814,0.9998155,0.99974924,0.9996852,0.99980336,0.999813,0.9998347,0.99980354,0.9997317,0.9996409,0.9996982,0.99983335,0.99981016,0.99967766,0.99961305,0.9997848,0.9998702,0.9998017,0.99981695,0.9998406,0.99961525,0.99979824,0.9997242,0.99979806,0.99980503,0.9998235,0.99981284,0.99983674,0.9997606,0.9998206,0.99976164,0.9998297,0.9998261,0.99981254,0.9997493,0.99982995,0.9997788,0.9998386,0.9998392,0.99981475,0.9997797,0.99975985,0.9997709,0.9998041,0.99974287,0.9998212,0.9994799,0.99973595,0.9996912,0.99980414,0.99981976,0.9998047,0.9997851,0.99980867,0.99981844,0.9998454,0.999819,0.9997544,0.99979883,0.9998468,0.99966013,0.99982613,0.9998157,0.99962115,0.999832,0.99985063,0.99982876,0.99970925,0.99966383,0.9998282,0.9997739,0.999789,0.9997632,0.9996488,0.99981195,0.99968123,0.9998278,0.99979204,0.9997477,0.9998215,0.9992865,0.9997907,0.9998248,0.9998012,0.99974924,0.99983424,0.99974173,0.99981016,0.99984837,0.99985164,0.99980515,0.99983597,0.99983966,0.99983245,0.9997986,0.99975914,0.99980795,0.99977297,0.99981165,0.999627,0.9997534,0.999831,0.9998354,0.99983037,0.9997703,0.9998261,0.9998208,0.99982053,0.9998589,0.9998599,0.99981683,0.99982095,0.99982744,0.9997464,0.9998058,0.9997999,0.9998266,0.9997332,0.9998254,0.9998666,0.9998657,0.99984735,0.99964786,0.9997152,0.99973667,0.9997975,0.999786,0.99986196,0.99984694,0.999782,0.999793,0.99976236,0.9992666,0.99977386,0.9998041,0.9998197,0.9997193,0.9997912,0.99983716,0.9996524,0.9998088,0.99980724,0.99981415,0.999544,0.99978054,0.9997977,0.9998313,0.9998383,0.99984616,0.9998373,0.99977577,0.9998508,0.999742,0.9998139,0.9997408,0.99981374,0.9997691,0.9998079,0.99979943,0.9997612,0.9998227,0.9998037,0.9998168,0.99946535,0.9997646,0.9998269,0.9998271,0.9997172,0.99983174,0.9997498,0.9997983,0.9997921,0.9998578,0.9997394,0.9998258,0.9998104,0.99975634,0.9997583,0.99963546,0.99973464,0.9997853,0.99975353,0.9997947,0.99978805,0.9996428,0.999812,0.9997522,0.99983984,0.99979484,0.99983823,0.99977314,0.9997721,0.9998381,0.9997706,0.9998016,0.99979675,0.99979806,0.9997805,0.9997772,0.99976516,0.99961615,0.99943066,0.99972504
ipip125,0.99980235,0.99977016,0.9997927,0.9997411,0.99981904,0.99977154,0.99979556,0.9997636,0.999816,0.9997378,0.9997424,0.9998349,0.9998005,0.99975467,0.99973935,0.99980336,0.9998283,0.9997599,0.99983466,0.9997934,0.99985594,0.999799,0.9998344,0.9998205,0.9998372,0.9998249,0.99971366,0.9998397,0.99979705,0.9997894,0.99983144,0.9998093,0.9997453,0.9998517,0.9998212,0.99982625,0.9998034,0.9998136,0.99985105,0.9998306,0.99968493,0.99977916,0.9997928,0.99971366,0.99975,0.99983764,0.99982816,0.99980384,0.9998279,0.99976546,0.9997837,0.9994374,0.99980253,0.99974006,0.9996995,0.9997566,0.99964863,0.99973,0.9997653,0.9998077,0.9998577,0.99982196,0.99984986,0.999812,0.9999984,0.9998082,0.99983287,0.99981236,0.99983555,0.9997643,0.9998164,0.9998349,0.99965423,0.999755,0.9998303,0.9993955,0.9997665,0.9998107,0.9997889,0.9998177,0.99981844,0.99985164,0.9997755,0.99983,0.99983025,0.999827,0.9998275,0.9997923,0.99972534,0.99981683,0.99981225,0.99983907,0.99984455,0.9997352,0.9996501,0.99972594,0.9998095,0.99979675,0.9997026,0.9996672,0.99982184,0.99985236,0.99983364,0.9998437,0.99985605,0.9996686,0.999808,0.99974144,0.99982935,0.9998208,0.9998275,0.99981683,0.99981785,0.99979395,0.9998509,0.9998046,0.9998334,0.9998596,0.99981904,0.9998037,0.9998552,0.9997918,0.9998196,0.99983555,0.9998391,0.999776,0.99977094,0.9997772,0.9997725,0.9997494,0.99982035,0.99957216,0.99975795,0.9997265,0.9998074,0.99981934,0.99981034,0.99980396,0.9998052,0.9997945,0.9998346,0.9998493,0.9997971,0.9998177,0.9998459,0.9996741,0.9998271,0.9998218,0.99966234,0.9998283,0.99983436,0.99981165,0.9997541,0.9997086,0.9998328,0.99981296,0.99981385,0.9997803,0.999661,0.9998254,0.99970025,0.99982774,0.9998088,0.9997599,0.9998139,0.99931306,0.99979043,0.99985075,0.9998152,0.99976826,0.99982333,0.99976426,0.99980456,0.9998321,0.9998143,0.9998013,0.99982244,0.9997874,0.9997928,0.99982154,0.99979925,0.9997891,0.99975616,0.99978596,0.99961865,0.9997943,0.9998374,0.9998367,0.9998405,0.9997903,0.9998313,0.9998086,0.99981093,0.9998233,0.99985534,0.9998075,0.999823,0.9998053,0.99974996,0.9997996,0.99982023,0.9998164,0.9997268,0.9998044,0.9998338,0.9998295,0.9998318,0.9996277,0.999762,0.99970734,0.99978614,0.9997976,0.9998124,0.99982256,0.9997681,0.99978423,0.9997956,0.9993175,0.99981207,0.99984235,0.99982566,0.9997286,0.9998099,0.9998213,0.9996536,0.9998116,0.9998104,0.99983174,0.9995662,0.9997955,0.99981993,0.99981844,0.99986124,0.99983656,0.99984103,0.99976397,0.9998702,0.99976647,0.99982953,0.9997788,0.9998196,0.9998124,0.99980295,0.9998154,0.9997698,0.9998377,0.99977034,0.9998249,0.9995132,0.9997719,0.9998307,0.9998339,0.999759,0.9998381,0.9997761,0.9998,0.9997978,0.999844,0.9997418,0.99983376,0.99980986,0.9997339,0.9997575,0.99966514,0.9997405,0.9997891,0.9998113,0.9998047,0.99983895,0.99965316,0.9998136,0.99976736,0.99981403,0.9998125,0.99981487,0.9998487,0.9998073,0.9998557,0.99979126,0.99983877,0.9997822,0.9998035,0.9998097,0.9997671,0.9997895,0.9995844,0.9994765,0.99972594
ipip155,0.9997591,0.9997355,0.9997809,0.99971694,0.99977475,0.9997554,0.99974865,0.99970937,0.99977136,0.9997102,0.9997134,0.99979115,0.9997866,0.9997324,0.99991864,0.9997772,0.99978215,0.999711,0.99978995,0.99974465,0.9998063,0.9997516,0.9998053,0.99976856,0.9997716,0.9997718,0.9996901,0.9997913,0.9997476,0.99976134,0.9997797,0.9997804,0.999725,0.99979883,0.99974775,0.99978733,0.99975604,0.99975187,0.9998039,0.99977255,0.9996602,0.9997539,0.99975395,0.99968666,0.9997328,0.9997779,0.9997864,0.9998405,0.999766,0.99970996,0.9997202,0.99942327,0.9997599,0.9996815,0.9997004,0.99971086,0.99963796,0.99972236,0.99975747,0.99977946,0.99980485,0.99980134,0.9998142,0.9997987,0.9998082,0.9999987,0.99976426,0.9997879,0.999785,0.99975795,0.9997686,0.99980354,0.9996813,0.99973136,0.9998103,0.9994348,0.9997026,0.9997565,0.9997721,0.9997884,0.9997945,0.9997988,0.9997512,0.9997659,0.9997857,0.9997623,0.99975735,0.9998043,0.99971074,0.9997541,0.99977756,0.9997795,0.9998008,0.99968636,0.9996728,0.99969035,0.99975276,0.9997593,0.9997187,0.9996398,0.9998169,0.9998014,0.9997896,0.9998104,0.99980235,0.9996855,0.99974775,0.9997316,0.9997898,0.9997502,0.99977714,0.9997559,0.99976844,0.9997523,0.99977285,0.99977446,0.99977934,0.9997993,0.99976444,0.9997527,0.9997974,0.9997502,0.9997884,0.99979705,0.99977314,0.9997614,0.9997334,0.9997395,0.9997525,0.99971336,0.9997694,0.9995432,0.9997436,0.9997117,0.9997505,0.9997812,0.99978954,0.9997669,0.999754,0.9997342,0.9997746,0.999805,0.9998235,0.9997764,0.99981934,0.99966425,0.9997779,0.9997806,0.9996681,0.99976814,0.9997855,0.99977434,0.99972796,0.9997411,0.99976766,0.9998001,0.99979424,0.99974,0.999671,0.9997631,0.99969465,0.999797,0.999749,0.9997395,0.99974954,0.99929637,0.99974483,0.99981105,0.99974066,0.9997188,0.99976856,0.99971455,0.99973315,0.999767,0.999772,0.99975294,0.99977064,0.9997436,0.99975634,0.9997734,0.9997546,0.9997746,0.9997174,0.99976075,0.9996425,0.9997513,0.99978954,0.9997868,0.9997878,0.9997337,0.999761,0.99977374,0.99977183,0.99977994,0.9998036,0.9997574,0.99976665,0.9997446,0.99968696,0.99975735,0.9997527,0.99975103,0.999684,0.9997547,0.9997971,0.9997655,0.9997779,0.99962574,0.99974155,0.9996937,0.9997602,0.99972445,0.99976885,0.9997968,0.9997421,0.99978626,0.99975675,0.999359,0.99977386,0.9997759,0.9997926,0.9996947,0.99976724,0.9998269,0.9996528,0.99976194,0.99974597,0.999767,0.9995754,0.99974495,0.9997731,0.9997631,0.99983907,0.99992174,0.99978054,0.99971443,0.9997963,0.99970895,0.99978375,0.99976003,0.9997587,0.9997684,0.99975276,0.9997587,0.9997514,0.9997928,0.99975157,0.9997721,0.99951416,0.9997492,0.9997836,0.99978215,0.99973536,0.99979174,0.9997477,0.9997514,0.9997489,0.9997883,0.9997139,0.99979776,0.999772,0.9997106,0.9997333,0.99961466,0.99973905,0.99974793,0.9997708,0.9997614,0.9997948,0.99968374,0.99975777,0.9997412,0.9997694,0.999759,0.99977475,0.9998068,0.9997784,0.9997971,0.9998011,0.9998007,0.99975544,0.9997451,0.9997756,0.99974793,0.9997448,0.99958515,0.9994732,0.9997069
ipip185,0.99990594,0.99978644,0.9998566,0.99977434,0.9998643,0.9997709,0.99991786,0.99985045,0.99989355,0.9997745,0.9997899,0.9998595,0.99980766,0.9997768,0.9997004,0.9998601,0.9998828,0.9997716,0.9998828,0.99987435,0.99987763,0.99983305,0.99984723,0.9998756,0.99976385,0.99989444,0.9997588,0.99988765,0.99984264,0.99983394,0.9998678,0.9998659,0.99980056,0.9998887,0.99992347,0.99985725,0.9999023,0.9999108,0.9998729,0.9998846,0.9997543,0.9998484,0.99981856,0.9997547,0.9997328,0.9998705,0.9998158,0.9997559,0.99986696,0.99975556,0.9998218,0.99943846,0.999868,0.99980617,0.9996938,0.9998187,0.9996794,0.9997473,0.9997897,0.99986607,0.9998931,0.9998217,0.99990755,0.9998263,0.99983287,0.99976426,0.9999967,0.99988997,0.99985063,0.99979043,0.9998978,0.9998582,0.99963486,0.99979985,0.99982035,0.99942994,0.9997924,0.9998661,0.99982303,0.9998589,0.9998186,0.9999013,0.99979466,0.9998727,0.99986863,0.9999247,0.9999256,0.999804,0.9997254,0.99993193,0.99979925,0.9998956,0.9998701,0.99972004,0.9996359,0.99973315,0.9998889,0.9998153,0.99970025,0.99966514,0.99984103,0.9998851,0.9998533,0.9998154,0.9998691,0.99964327,0.99990964,0.9997246,0.9998908,0.99992317,0.9999228,0.9998203,0.9998238,0.9998479,0.99993706,0.9998025,0.99991715,0.9999036,0.9999043,0.99984556,0.99990094,0.9998201,0.9998662,0.999872,0.9998856,0.999784,0.99984086,0.9998709,0.9997854,0.99981,0.99988556,0.99948764,0.99974686,0.9997117,0.99988055,0.9998606,0.99982274,0.99986887,0.9999133,0.99988264,0.99989706,0.99987686,0.9997824,0.99985236,0.99987096,0.99969345,0.9998557,0.9998491,0.9996722,0.9998779,0.99988955,0.9998135,0.9996937,0.99966913,0.99991196,0.9998051,0.9998155,0.9998082,0.99970543,0.9999232,0.9996862,0.99990064,0.99985385,0.9997263,0.99990064,0.9993084,0.9998919,0.99982536,0.99986035,0.9997881,0.99988914,0.99974006,0.99988943,0.99986976,0.9998763,0.9998985,0.9999039,0.9998671,0.99983895,0.9998838,0.99981594,0.9998243,0.99976933,0.9998341,0.9996404,0.99982977,0.9999204,0.9999198,0.9999239,0.99980706,0.9999287,0.99990195,0.9999018,0.9998803,0.9998974,0.999907,0.9999002,0.9999239,0.99977666,0.9998278,0.9998917,0.99990505,0.9997781,0.99989974,0.9998621,0.9998166,0.9999126,0.9996066,0.9997769,0.999741,0.99982494,0.9998694,0.99987084,0.9998537,0.99979967,0.99972534,0.9998633,0.99925685,0.9998589,0.9998727,0.9998629,0.9998128,0.9998812,0.99981654,0.99969524,0.99989754,0.99992114,0.9998982,0.99956197,0.9997854,0.9998836,0.9998713,0.999883,0.99984795,0.99991095,0.9997911,0.9998721,0.99980044,0.99986506,0.9997716,0.9998727,0.9998371,0.9999043,0.99980503,0.99983656,0.9998998,0.999765,0.9998903,0.99951285,0.99979687,0.9998772,0.9998758,0.99976385,0.999887,0.99980986,0.9998843,0.99987286,0.99986535,0.99977547,0.9998711,0.9998969,0.9997663,0.9998521,0.99972546,0.9997827,0.9998547,0.9998087,0.99979585,0.9998225,0.99960816,0.99992,0.9997772,0.99983376,0.9999015,0.99984396,0.99983686,0.99981993,0.9998626,0.99976563,0.9998602,0.99979526,0.99989897,0.9998606,0.99977905,0.99987745,0.99956805,0.9994729,0.999766
ipip215,0.9998768,0.99975073,0.9998414,0.9997484,0.9998452,0.99978244,0.9998905,0.9997847,0.9998719,0.99975395,0.99975437,0.999841,0.99975353,0.9997315,0.99971175,0.9998016,0.9998441,0.9997466,0.99983144,0.99980235,0.9998475,0.9997874,0.9998378,0.999871,0.99977124,0.99985564,0.99973565,0.9998588,0.99979824,0.9998175,0.9998552,0.9998487,0.9997829,0.9998594,0.9998755,0.9998388,0.99985886,0.9998674,0.99983704,0.99984336,0.99971014,0.9998324,0.99979067,0.99970657,0.99972016,0.99984133,0.99979115,0.9997779,0.99980825,0.9997033,0.99978787,0.9993976,0.9998196,0.9997468,0.9997488,0.9997814,0.9996552,0.9997362,0.99975884,0.99986637,0.9998572,0.9997994,0.99987054,0.99981976,0.99981236,0.9997879,0.99988997,0.9999969,0.99986124,0.999851,0.9998839,0.99984026,0.9996693,0.9997794,0.9998157,0.9993756,0.9997366,0.9998202,0.9998276,0.9998664,0.99982667,0.99986565,0.99974465,0.9998618,0.99984,0.99988246,0.99986297,0.99976933,0.99972004,0.9998457,0.99978244,0.9998739,0.99982876,0.99967915,0.9996226,0.9996522,0.9998709,0.9998212,0.9996792,0.999605,0.9998072,0.99987555,0.999832,0.99980086,0.9998322,0.9996512,0.99985427,0.9997544,0.9998679,0.9998645,0.9998773,0.9997874,0.99977833,0.99979854,0.9998693,0.9997612,0.9998653,0.99988884,0.9998646,0.99978083,0.99986213,0.999766,0.99984676,0.99983764,0.9998565,0.99978703,0.99980766,0.999822,0.9998381,0.99975437,0.99986297,0.9994772,0.9997241,0.99967676,0.9998452,0.999846,0.9998435,0.9998803,0.99986905,0.9998623,0.9998718,0.99984616,0.9997737,0.9998184,0.9998532,0.99964476,0.99983394,0.9998673,0.9996855,0.999826,0.99988014,0.9998083,0.999683,0.9996627,0.9998761,0.9997934,0.99980295,0.9997743,0.99965006,0.9998833,0.9996553,0.99986166,0.9998141,0.9997377,0.99986583,0.9992742,0.9998606,0.9998371,0.9998216,0.99974763,0.99987364,0.9997076,0.9998599,0.9998529,0.99988884,0.9998605,0.99989325,0.99984485,0.99984926,0.999854,0.99977607,0.99983084,0.999755,0.9998224,0.9996691,0.99977094,0.99988884,0.9998933,0.99989337,0.99977815,0.99987876,0.9998729,0.9998729,0.9998853,0.99987006,0.99987954,0.9998712,0.9998949,0.9997453,0.9998049,0.99983835,0.99989176,0.99975145,0.999872,0.99984914,0.9998188,0.9998793,0.99960506,0.9997656,0.999721,0.9998161,0.9998222,0.99987775,0.9998287,0.9997906,0.9997091,0.9998254,0.9993425,0.99982363,0.99983305,0.99986315,0.9997466,0.9998173,0.99979043,0.9996691,0.99986416,0.99987745,0.9998652,0.99956316,0.99980897,0.99985814,0.99982643,0.9998688,0.9998554,0.99985814,0.99974555,0.9998613,0.9997478,0.999843,0.9997556,0.99982035,0.99979866,0.99986553,0.999854,0.99979657,0.99990165,0.9997641,0.99987906,0.99950343,0.99977785,0.9999088,0.99990803,0.999783,0.9999056,0.9998247,0.9998335,0.99983996,0.9998544,0.9997265,0.9998849,0.99986833,0.99975824,0.999808,0.9996666,0.9998598,0.9998149,0.9997862,0.99983644,0.9998125,0.9996218,0.99989426,0.99983007,0.99981666,0.999878,0.9998216,0.99981904,0.9998069,0.9998478,0.9997828,0.999864,0.99984384,0.99987787,0.99988234,0.9998259,0.99983793,0.99957603,0.99943453,0.99973255
ipip245,0.9998414,0.99975604,0.9998169,0.99973816,0.99982953,0.99978334,0.99986005,0.9997719,0.9998612,0.99974287,0.9997639,0.9998466,0.999778,0.9997525,0.9997151,0.999811,0.99984235,0.9997639,0.99983937,0.99980175,0.99984664,0.99977773,0.9998488,0.9998547,0.9998316,0.9998436,0.99974847,0.9998417,0.99980557,0.999847,0.99986845,0.9998287,0.99979675,0.9998919,0.9998532,0.9998366,0.99982095,0.999848,0.9998343,0.99985796,0.99971294,0.99983126,0.99981904,0.99976724,0.99973285,0.9998482,0.99984217,0.9997836,0.9998306,0.99974126,0.9997888,0.9994211,0.9998312,0.9997445,0.99974555,0.999773,0.9996451,0.99973416,0.99976635,0.9998397,0.99986225,0.99981874,0.99986607,0.9998183,0.99983555,0.999785,0.99985063,0.99986124,0.999998,0.999791,0.99986374,0.99984014,0.99966055,0.9997782,0.9998002,0.999392,0.99977773,0.99983823,0.9998167,0.9998528,0.9998305,0.99986523,0.999765,0.9998487,0.99983096,0.99985695,0.99984455,0.99977463,0.99971265,0.99984175,0.99979603,0.99987334,0.9998293,0.99971634,0.9996604,0.9996834,0.99985546,0.9998509,0.99972475,0.9997253,0.9998034,0.9998851,0.9998358,0.9998286,0.9998454,0.99966705,0.99985373,0.9997796,0.9998761,0.9998542,0.99986416,0.99981374,0.9998012,0.9997852,0.99985784,0.9997805,0.9998569,0.9998711,0.99985856,0.99980664,0.99985707,0.9997856,0.99983543,0.99984497,0.99983805,0.99980533,0.9997967,0.9998285,0.99984056,0.99977165,0.9998544,0.9995142,0.99975795,0.9997136,0.9998239,0.9998613,0.9998474,0.9998443,0.99986315,0.99986774,0.9998747,0.99985576,0.999765,0.9998447,0.9998528,0.9996751,0.99985844,0.99997586,0.9996866,0.9998465,0.9998885,0.99983203,0.9997504,0.9996865,0.9998693,0.9998265,0.9998262,0.99979556,0.99967104,0.9998812,0.99969536,0.99986374,0.99982804,0.99977386,0.9998628,0.9993086,0.99983776,0.99988383,0.9998377,0.99974954,0.9998621,0.9997238,0.99984187,0.999849,0.9998759,0.9998631,0.99984837,0.99983597,0.9998264,0.9998255,0.99976104,0.9998172,0.9997814,0.99982023,0.999623,0.999774,0.99985933,0.9998613,0.9998609,0.9997992,0.9998553,0.9998767,0.9998714,0.9998694,0.9998714,0.99988407,0.9998702,0.9998632,0.9997666,0.9998456,0.99985653,0.9998747,0.999764,0.9998738,0.9998427,0.99983567,0.9998802,0.99961466,0.99977523,0.9997395,0.9998143,0.9998106,0.9998614,0.9998268,0.999779,0.9997419,0.99983346,0.999276,0.9998147,0.9998377,0.99986124,0.99978906,0.99982095,0.9998154,0.99970436,0.9998679,0.9998539,0.99984604,0.99955136,0.99979097,0.9998277,0.99982333,0.99986875,0.99984235,0.9998522,0.9997575,0.9998873,0.99976707,0.99984884,0.9997646,0.99983156,0.9998034,0.99987197,0.99985975,0.99981534,0.99988073,0.9997626,0.9998663,0.9994954,0.9997819,0.9998793,0.99988294,0.99977535,0.99987715,0.9998055,0.9998278,0.9998091,0.99985826,0.999741,0.99985033,0.9998766,0.9997599,0.9998149,0.99971277,0.99974984,0.9998364,0.99980056,0.99983966,0.99983,0.9996513,0.9998648,0.9997805,0.99984217,0.9998574,0.9998385,0.99981546,0.99981904,0.99989974,0.99980915,0.9998319,0.999834,0.99986035,0.99984133,0.99982446,0.99983525,0.9995912,0.99946856,0.99971443
ipip275,0.99973613,0.9997445,0.9997638,0.9997312,0.999768,0.99975985,0.99976665,0.9997704,0.9997963,0.99974245,0.9997239,0.9997788,0.99974054,0.9997181,0.99972296,0.9997367,0.9997788,0.9997233,0.9997799,0.9997597,0.9997728,0.9997722,0.9997508,0.99979675,0.9997362,0.9997948,0.9997696,0.9997871,0.99976385,0.99978447,0.9997406,0.99981177,0.9997326,0.999784,0.9997621,0.99975765,0.99975014,0.9997532,0.9997758,0.99977,0.99970007,0.9997732,0.9997388,0.99969697,0.99972385,0.99976534,0.9997712,0.9997372,0.99975884,0.9997076,0.999751,0.9995021,0.9997703,0.9997388,0.99975115,0.99974966,0.9996526,0.99976426,0.99975455,0.9998004,0.9997541,0.9997431,0.999752,0.99974394,0.9997643,0.99975795,0.99979043,0.999851,0.999791,0.9999974,0.9997426,0.99975353,0.9996854,0.99972147,0.99978673,0.99946547,0.9997312,0.9997646,0.99980175,0.9998208,0.99977314,0.9997749,0.9997112,0.9997377,0.9997797,0.9997556,0.999761,0.99974775,0.9997187,0.9997867,0.9997477,0.99972993,0.9997707,0.9996728,0.9996568,0.9996786,0.99974096,0.9997936,0.99966264,0.9996625,0.9997479,0.99976665,0.99975735,0.99974614,0.9997701,0.9996948,0.9997627,0.99971735,0.9997992,0.99977094,0.999773,0.99974394,0.9997519,0.99977344,0.9997716,0.99975115,0.99976945,0.9997872,0.99977195,0.9997446,0.9997478,0.9997205,0.9997682,0.99975264,0.9997447,0.99973303,0.9997599,0.999774,0.9998007,0.99972695,0.9997479,0.9995065,0.99970853,0.999695,0.9997353,0.99976766,0.9997819,0.9998299,0.9997595,0.9997309,0.9997426,0.99977076,0.99974006,0.99976873,0.9997952,0.99968284,0.99977493,0.99978703,0.9997394,0.9997752,0.9997678,0.9997423,0.999676,0.9996748,0.99974537,0.9997565,0.9997456,0.9997247,0.99966586,0.99977094,0.99967074,0.999774,0.99972904,0.99970263,0.99976486,0.9993438,0.99976426,0.9997846,0.9997488,0.9996937,0.9997497,0.9997584,0.99972415,0.99973553,0.99977934,0.9997536,0.9997983,0.99979,0.9997836,0.9997623,0.99976003,0.99979806,0.99970096,0.99979824,0.9997354,0.99971884,0.9997701,0.9997718,0.99977523,0.9997392,0.9997775,0.9997679,0.99976575,0.9997789,0.99977976,0.9997542,0.99977726,0.9997611,0.99971145,0.9997807,0.99977297,0.9997745,0.9997622,0.9997691,0.9997715,0.999751,0.99976724,0.99966735,0.9997782,0.9997369,0.9997649,0.99974424,0.9997676,0.9997568,0.99978346,0.9997072,0.9997437,0.9994674,0.9997844,0.9997593,0.99974924,0.99970704,0.99976593,0.9997643,0.9996679,0.9997764,0.99975425,0.9997978,0.9996386,0.9997758,0.99979234,0.9997537,0.9997842,0.99975413,0.9997549,0.99971396,0.9997823,0.99971366,0.9997564,0.999729,0.99976087,0.99977684,0.99976456,0.9998279,0.9997629,0.9998326,0.9997677,0.9997498,0.99960893,0.9997606,0.999818,0.999818,0.99977374,0.99982333,0.99979967,0.99977726,0.99978125,0.9997664,0.9997202,0.99978405,0.9997852,0.9997643,0.99981135,0.99970627,0.9998236,0.99976254,0.99973965,0.99975157,0.9997535,0.999658,0.99977946,0.99985105,0.99975395,0.9997837,0.999774,0.9997604,0.99974364,0.9997619,0.999741,0.99978334,0.9998055,0.9997708,0.9998116,0.9997958,0.9997728,0.999672,0.99953496,0.99972725
ipip10,0.9999349,0.9997628,0.99985844,0.9997624,0.9998845,0.9997775,0.9999237,0.99977845,0.9998805,0.99975306,0.99977124,0.99989086,0.99977535,0.9997396,0.9996795,0.9998338,0.99987423,0.9997416,0.999861,0.9998284,0.99989104,0.99980515,0.99989754,0.9998736,0.9997924,0.9998737,0.9997003,0.99987125,0.9998204,0.9998296,0.99989265,0.99983674,0.9997912,0.99988866,0.99991286,0.9999053,0.99988306,0.99990606,0.99985397,0.99986905,0.99973696,0.99984914,0.9998011,0.9997385,0.99969476,0.99987364,0.99979943,0.99974865,0.9998531,0.9997222,0.9998023,0.9993308,0.9998844,0.9997371,0.99968797,0.99978644,0.9996813,0.99970436,0.99976724,0.9998521,0.99990314,0.9998244,0.9999189,0.9998313,0.9998164,0.9997686,0.9998978,0.9998839,0.99986374,0.9997426,0.9999969,0.99991983,0.99965626,0.9998954,0.9998216,0.9993386,0.99975586,0.9998605,0.99981743,0.9998739,0.99984324,0.9999211,0.99979025,0.9999001,0.99987286,0.99993306,0.9998995,0.99976665,0.99969834,0.9998584,0.99981683,0.99993575,0.99987674,0.99968576,0.9996042,0.9996856,0.99994415,0.99979115,0.99967283,0.9996007,0.99983734,0.9999229,0.99985945,0.9998187,0.9998714,0.99957377,0.99987644,0.9997381,0.9998664,0.9999202,0.9999337,0.9998281,0.9998205,0.99979174,0.99990326,0.9998124,0.9998991,0.9999081,0.9999015,0.9998116,0.9999126,0.9998054,0.9998785,0.9998763,0.999907,0.99976176,0.99980205,0.99985546,0.9997947,0.99977285,0.9999393,0.9994299,0.99978185,0.9996706,0.99991786,0.9999007,0.9998502,0.9998757,0.99993914,0.99993956,0.99993634,0.99987584,0.99975544,0.9998498,0.9998824,0.99965954,0.99986535,0.99986386,0.9996387,0.99985623,0.9999189,0.9998352,0.9996822,0.99963707,0.999938,0.9998519,0.99986243,0.99985164,0.99965924,0.99992526,0.99970865,0.99992925,0.9998552,0.999742,0.99992746,0.99925375,0.9999174,0.9998477,0.99987066,0.99978435,0.99995136,0.999718,0.9999185,0.9998896,0.9998869,0.9999031,0.999896,0.9998522,0.99983233,0.9998502,0.9997473,0.9998034,0.999765,0.99980205,0.9995755,0.99980783,0.9999092,0.9999085,0.9999081,0.9997686,0.99989945,0.9999077,0.999912,0.99989486,0.9999193,0.9999346,0.9999019,0.99993336,0.99972653,0.9997795,0.99986583,0.9999128,0.9997229,0.999911,0.99987227,0.999836,0.9999152,0.9995094,0.9997181,0.99969256,0.9998268,0.9998204,0.99988544,0.9998495,0.9997578,0.99970734,0.9998565,0.9991331,0.99981844,0.9998709,0.99993277,0.99978054,0.9998569,0.99980015,0.9996754,0.99991024,0.9999153,0.99986655,0.99943644,0.9997352,0.9998497,0.999864,0.9998932,0.9998595,0.9999089,0.99976254,0.9998852,0.999808,0.99990016,0.999789,0.99985874,0.99980253,0.99990994,0.99979055,0.9998054,0.9998783,0.9997863,0.9999613,0.9994583,0.999841,0.99990857,0.9999078,0.99975765,0.9999109,0.99980426,0.99985904,0.999844,0.9998924,0.9997635,0.9998698,0.999901,0.9997236,0.99980515,0.9996579,0.9997372,0.9998945,0.9998474,0.9998348,0.99986684,0.9996249,0.99995077,0.99977106,0.9998548,0.99991953,0.9998598,0.9998613,0.9998553,0.9998861,0.99977815,0.9998825,0.9998124,0.9999051,0.99982035,0.9997883,0.99985945,0.9995303,0.99940336,0.9997585
ipip40,0.9998638,0.99976724,0.9998309,0.9997693,0.99985194,0.9997837,0.9998683,0.9997811,0.9998627,0.9997635,0.999785,0.9998745,0.99981415,0.99976015,0.99972516,0.99983215,0.9998565,0.99977136,0.99985504,0.99980915,0.99988765,0.9998024,0.99991614,0.99985904,0.99980104,0.99986804,0.99974877,0.999866,0.99982685,0.99982363,0.99986154,0.99985266,0.9998073,0.99987787,0.99985486,0.99990004,0.9998582,0.9998624,0.99984354,0.999853,0.9997754,0.9998612,0.999811,0.9997735,0.9997266,0.9998585,0.99982876,0.99975455,0.99985296,0.999758,0.9998181,0.99944896,0.9998627,0.99976283,0.9997148,0.99982923,0.9996751,0.9997715,0.99980044,0.9998519,0.9998644,0.9998292,0.99988306,0.9997952,0.9998349,0.99980354,0.9998582,0.99984026,0.99984014,0.99975353,0.99991983,0.9999979,0.9997064,0.99988246,0.999841,0.9994911,0.9998088,0.999867,0.99985266,0.9998711,0.9998383,0.9998931,0.9998184,0.9998438,0.9998682,0.9998633,0.9998549,0.9997983,0.99972516,0.9998258,0.99981594,0.9998781,0.9998608,0.99973696,0.9996575,0.99974096,0.9998548,0.9998106,0.9997224,0.9996765,0.99985814,0.9998847,0.99984974,0.9998365,0.9998647,0.9996815,0.9998513,0.9997671,0.99986535,0.99987054,0.9998781,0.9998186,0.9998383,0.9998204,0.99987197,0.9998829,0.9998704,0.99988127,0.9998526,0.9998352,0.9998899,0.99984014,0.99987227,0.9998664,0.9998867,0.99978274,0.9998347,0.99984974,0.99980557,0.9997877,0.99990565,0.99955106,0.9998345,0.99972117,0.9998907,0.9999017,0.99986476,0.99988604,0.9998891,0.9998732,0.99987394,0.99987555,0.99978566,0.99984926,0.99986863,0.99969536,0.9998579,0.99984396,0.9997457,0.9998437,0.9998874,0.99984837,0.9997735,0.99971646,0.9998688,0.99991715,0.9999157,0.9998914,0.9996927,0.99987036,0.99978906,0.9999145,0.9998463,0.99977833,0.9998607,0.9993709,0.999893,0.9998644,0.99985075,0.99979824,0.9998945,0.99978054,0.9998563,0.99986845,0.9998498,0.9998757,0.99987495,0.99982655,0.9998336,0.999863,0.99979746,0.9998254,0.9998037,0.9998148,0.99963856,0.99982435,0.9998809,0.99988663,0.99988323,0.9998124,0.99986994,0.99987966,0.9998791,0.99985963,0.9998987,0.9998714,0.99988645,0.9998812,0.99978185,0.9998118,0.99985594,0.99986255,0.99976355,0.9998738,0.9998727,0.9998437,0.99988145,0.9995924,0.99978197,0.99974775,0.9998367,0.99981505,0.9998457,0.9998564,0.99979407,0.9997771,0.9998654,0.99928457,0.9998316,0.9998736,0.999926,0.99979293,0.9998536,0.9998299,0.99970245,0.9998716,0.99987465,0.9998499,0.9995614,0.9997759,0.9998545,0.9998441,0.99986863,0.999844,0.9998693,0.999788,0.9998737,0.99982834,0.99992144,0.9998692,0.99987113,0.9998455,0.9998704,0.9998049,0.99983054,0.99986464,0.99980485,0.99991465,0.99954844,0.9998652,0.9998926,0.99989355,0.9998213,0.9999,0.9998423,0.9998439,0.99982697,0.99988383,0.9998231,0.9998665,0.999874,0.9997545,0.9998143,0.9996917,0.9997627,0.9998843,0.9999071,0.999845,0.99991196,0.9997049,0.9998945,0.9998102,0.9998544,0.99989104,0.9998622,0.9999065,0.99989486,0.9998663,0.99979174,0.9998966,0.9998091,0.99985915,0.99982786,0.9997935,0.9998487,0.99956125,0.9994903,0.9997635
ipip70,0.99961925,0.99966323,0.9996519,0.9996579,0.9996726,0.9997519,0.99962133,0.99962586,0.99967104,0.9996644,0.9996177,0.9996862,0.9996704,0.9996378,0.9996043,0.99965173,0.9996665,0.9996502,0.9996463,0.9996279,0.99970114,0.9996559,0.99968874,0.9996792,0.99966806,0.9996632,0.9996449,0.9996922,0.9996396,0.99965316,0.999666,0.9996774,0.9996387,0.9996621,0.99961853,0.9996879,0.99962634,0.9996143,0.9996531,0.99964863,0.9996356,0.99965394,0.9996671,0.9995764,0.99965423,0.99966955,0.9996768,0.99961424,0.9996438,0.9996637,0.9996162,0.99941844,0.9996731,0.999621,0.9996283,0.9996576,0.9995837,0.9996572,0.9996861,0.9996859,0.9996457,0.9996667,0.9996526,0.99964505,0.99965423,0.9996813,0.99963486,0.9996693,0.99966055,0.9996854,0.99965626,0.9997064,0.9999948,0.9996993,0.9997222,0.99941826,0.99962354,0.9996455,0.9996828,0.9996893,0.99967605,0.99966776,0.9996076,0.9996162,0.99964994,0.99961114,0.9996158,0.99966383,0.99963665,0.99963266,0.9996694,0.9996177,0.9996834,0.9996337,0.9996237,0.999647,0.99964476,0.9996823,0.9996643,0.99957186,0.9996787,0.99968064,0.9996714,0.9996598,0.9996588,0.99959284,0.9996258,0.9996562,0.99966836,0.9996223,0.99964345,0.9996653,0.9996748,0.9996626,0.99963266,0.99970233,0.9996572,0.99967784,0.99964833,0.9996562,0.999645,0.9996439,0.9996678,0.999667,0.9996418,0.99965054,0.99966013,0.9996425,0.9996747,0.99965936,0.9996699,0.9994318,0.9996686,0.99962395,0.9996493,0.9997192,0.99977475,0.9996944,0.9996296,0.9996443,0.99961907,0.9996882,0.9996615,0.9996925,0.99969333,0.9996091,0.9996699,0.99966687,0.9996412,0.9996427,0.99967027,0.9996908,0.9996129,0.9996273,0.9996158,0.9997341,0.99970543,0.9996839,0.99965185,0.99963355,0.9996476,0.99969214,0.9996571,0.9996799,0.9996409,0.9992738,0.99965256,0.999686,0.999651,0.99961716,0.99965733,0.9996552,0.9995995,0.99962336,0.9996523,0.9996206,0.9996721,0.99966896,0.9996786,0.9996513,0.9996395,0.999685,0.9996496,0.99967337,0.99959695,0.9996375,0.99964833,0.9996531,0.99965626,0.99966806,0.9996261,0.99964076,0.999632,0.9996579,0.9996767,0.99960864,0.9996709,0.9996408,0.9996317,0.99965787,0.9996589,0.9996419,0.9996623,0.99964035,0.9996886,0.99968547,0.9996536,0.9995837,0.9996527,0.9996388,0.9996856,0.99960566,0.99964374,0.9996712,0.9996669,0.9996293,0.9996605,0.9993278,0.999682,0.99965215,0.9996698,0.9996051,0.99964744,0.99967366,0.99958265,0.99964374,0.99963164,0.9996755,0.99954736,0.9996312,0.99967283,0.99964374,0.9996695,0.9996328,0.99963,0.9996378,0.999664,0.9996486,0.99968976,0.9997021,0.99965715,0.9996646,0.9996236,0.9996619,0.99963653,0.99968874,0.9996781,0.9996449,0.99950236,0.99967414,0.9996841,0.9996812,0.9996461,0.99968016,0.9996531,0.9996702,0.99966764,0.99967694,0.9996451,0.9996874,0.9996538,0.9996309,0.9996352,0.999602,0.9996556,0.9996965,0.99967647,0.9996782,0.99971306,0.9996657,0.99965715,0.9997076,0.9996781,0.99966407,0.9996898,0.9996968,0.99969,0.9996506,0.9996621,0.9996933,0.99967384,0.99962217,0.9996586,0.9996544,0.99964917,0.9995995,0.9994739,0.99967337
ipip100,0.99981755,0.9997518,0.999791,0.9997525,0.9998291,0.99974054,0.99981576,0.9997552,0.9998143,0.99974304,0.9997503,0.99983466,0.99976736,0.99973136,0.9996709,0.9997762,0.9997992,0.99971676,0.9997931,0.99977225,0.99983263,0.99977493,0.99984896,0.99979824,0.99974555,0.9998071,0.99972504,0.9998084,0.99976355,0.9997784,0.99980915,0.9998156,0.9997639,0.99981534,0.99980295,0.9998565,0.9997914,0.99979603,0.99977314,0.99979967,0.99976283,0.9998052,0.99977314,0.9997255,0.999687,0.99980885,0.99979043,0.9996973,0.99979603,0.9997261,0.99977213,0.9994441,0.9998647,0.99973476,0.9996787,0.99979216,0.9996808,0.9997123,0.9997622,0.99980795,0.9998041,0.9997881,0.99982595,0.99977016,0.999755,0.99973136,0.99979985,0.9997794,0.9997782,0.99972147,0.9998954,0.99988246,0.9996993,0.9999973,0.9998059,0.999465,0.99973696,0.99979234,0.99980533,0.9998316,0.99978274,0.9998349,0.99975747,0.99977076,0.99980164,0.9998102,0.99980044,0.99974585,0.9996783,0.9997727,0.9997687,0.9998122,0.9998214,0.99971896,0.9996293,0.9997417,0.99982184,0.999771,0.99967873,0.9996466,0.99979764,0.99982214,0.9997854,0.9997622,0.99980307,0.99962914,0.99978834,0.99970084,0.9998129,0.9998155,0.9998255,0.99978316,0.99980074,0.99977666,0.9998141,0.99981093,0.9998118,0.99981797,0.9998086,0.9997906,0.99982464,0.99979514,0.9998241,0.99982,0.9998204,0.9997349,0.9997895,0.9998121,0.9997542,0.99975574,0.99986756,0.99947536,0.99980026,0.9996685,0.9998477,0.99984044,0.99979895,0.9998479,0.99984175,0.99982345,0.9998034,0.99980587,0.9997256,0.9997955,0.9998094,0.99968356,0.99978983,0.9997809,0.9997069,0.9997877,0.99982244,0.9997904,0.99969375,0.99967194,0.9998189,0.99982774,0.99982154,0.9998481,0.9996839,0.99982214,0.99976677,0.999866,0.99980897,0.99971545,0.999812,0.9993523,0.9998476,0.999792,0.9998158,0.99975604,0.9998497,0.9997324,0.9997951,0.99978304,0.99979854,0.9998199,0.9998112,0.9997906,0.99978465,0.9998034,0.99974084,0.99978375,0.99975663,0.99978405,0.99961406,0.99980754,0.9998226,0.9998261,0.99982035,0.9997583,0.9998069,0.99983025,0.9998239,0.99980634,0.9998312,0.99981385,0.99982435,0.9998201,0.9997299,0.9997717,0.99981964,0.999808,0.9997414,0.9998206,0.9998216,0.9997879,0.9998256,0.99954456,0.9997326,0.9997167,0.9997866,0.999763,0.99979186,0.9998219,0.99976623,0.99971175,0.9997959,0.9992339,0.99977684,0.9997979,0.9998449,0.9997605,0.9998284,0.99977076,0.9996773,0.99981713,0.9998228,0.9998137,0.9995101,0.9997009,0.999815,0.99982476,0.9998184,0.9997608,0.9998277,0.99977696,0.99981654,0.99981755,0.9998517,0.9997946,0.9998076,0.99978095,0.99981314,0.99975026,0.99978626,0.9998142,0.999794,0.9998454,0.999546,0.99984056,0.99982655,0.9998256,0.99975955,0.9998272,0.99978447,0.9998123,0.9997839,0.99982995,0.9997964,0.9997936,0.999833,0.9997341,0.9997875,0.99971384,0.99972874,0.9998831,0.9998246,0.99977845,0.99983305,0.99967635,0.99985546,0.99977344,0.9998167,0.9998454,0.99984676,0.99984103,0.9998475,0.9998134,0.9997477,0.9998292,0.9997737,0.99981445,0.99979514,0.99975914,0.99981946,0.9995921,0.9994857,0.9997675
ipip130,0.999806,0.9997791,0.99981433,0.9997727,0.99981964,0.9997769,0.99980086,0.999764,0.99981254,0.9997646,0.9997553,0.9998723,0.99981195,0.99980134,0.9997287,0.99980134,0.99983263,0.99975574,0.9998343,0.99980175,0.99984354,0.9997971,0.9998235,0.999804,0.9997726,0.99982125,0.9997479,0.9998312,0.9998017,0.9998137,0.9998154,0.99980253,0.99974144,0.9998311,0.99981606,0.9998126,0.99981666,0.9998065,0.99982125,0.99982184,0.99971807,0.9997971,0.99980587,0.9997338,0.99974424,0.99981314,0.999817,0.9997622,0.9998107,0.99976945,0.9997554,0.99945205,0.9998295,0.99974513,0.999711,0.9997726,0.9997006,0.9997566,0.99980175,0.99979293,0.9998478,0.99983793,0.9998604,0.9997926,0.9998303,0.9998103,0.99982035,0.9998157,0.9998002,0.99978673,0.9998216,0.999841,0.9997222,0.9998059,0.9999975,0.9994798,0.9997523,0.9998121,0.9998059,0.9998274,0.99984384,0.99985707,0.9998134,0.9998103,0.9998567,0.9998184,0.99981743,0.99982005,0.9997971,0.99979514,0.9998186,0.999825,0.9998777,0.99978936,0.9997388,0.9997698,0.9997936,0.9997905,0.9997843,0.99969846,0.9998505,0.99984086,0.9998582,0.9998216,0.99988616,0.9996766,0.9998013,0.99973613,0.99983186,0.99982697,0.9998279,0.9998299,0.9998568,0.99984133,0.9998428,0.9998516,0.9998397,0.9998717,0.9998523,0.9998264,0.9998384,0.999796,0.99981445,0.9998398,0.99982536,0.99976164,0.999778,0.99980706,0.99977124,0.99979883,0.99980736,0.9995904,0.9997925,0.99976134,0.9997927,0.9998313,0.9998032,0.99981743,0.9998119,0.99978924,0.9998178,0.99984217,0.9998223,0.9998127,0.99986136,0.9997216,0.99983156,0.99980366,0.9997024,0.9998242,0.9998275,0.9998233,0.9997982,0.9997646,0.9998206,0.99983156,0.99982834,0.9998006,0.99976444,0.99982095,0.99974597,0.9998415,0.99981827,0.99975693,0.99980795,0.99935466,0.9997992,0.99981576,0.9997972,0.99978304,0.99980795,0.9997655,0.9997901,0.9998125,0.9998014,0.99980825,0.99982136,0.99977416,0.99979216,0.9998059,0.9997857,0.9998095,0.99977803,0.99980825,0.99970454,0.9998184,0.99982387,0.99981743,0.99982244,0.9997902,0.99980825,0.99980414,0.99980634,0.99981236,0.9998493,0.9997964,0.99981683,0.99979585,0.99974364,0.9997893,0.99981445,0.99979186,0.9997536,0.9998037,0.999815,0.99979144,0.9998156,0.99964875,0.99975485,0.99971193,0.9997906,0.9997712,0.99980044,0.9998227,0.9997832,0.99977326,0.99980503,0.9994032,0.9998752,0.9998406,0.99981314,0.9997347,0.999814,0.9998192,0.9997024,0.9998047,0.9998032,0.99981976,0.9995957,0.99974865,0.99980956,0.99982715,0.99985164,0.9998051,0.99982506,0.999786,0.99983263,0.99977213,0.99982256,0.99978197,0.9998278,0.99984187,0.99981064,0.9998019,0.99978584,0.9998281,0.99978834,0.9998124,0.99956137,0.9997818,0.9998335,0.9998339,0.9997765,0.9998409,0.99980414,0.9998277,0.99979717,0.9998283,0.99978435,0.99982244,0.99981546,0.99976087,0.9997835,0.99970156,0.99975544,0.99983,0.9998142,0.99978846,0.999843,0.9997383,0.99981594,0.99977565,0.9998452,0.99981534,0.99983317,0.9998391,0.9998127,0.999813,0.9997981,0.99984396,0.99978346,0.99980843,0.9997987,0.9997689,0.99981594,0.99961096,0.99950594,0.9997785
ipip160,0.99932843,0.99943554,0.99940443,0.9994079,0.9993712,0.9993974,0.9993549,0.99945873,0.99941033,0.9994162,0.9994667,0.9994144,0.99947727,0.9994908,0.9994128,0.99944764,0.9994495,0.99937993,0.9994404,0.99946755,0.9994613,0.999417,0.99942565,0.9994046,0.9993617,0.9994428,0.99948955,0.99945724,0.99947333,0.9994608,0.9993505,0.9994849,0.9994095,0.99941593,0.9993659,0.99940664,0.99941254,0.9993614,0.99943733,0.9994036,0.99952245,0.99948543,0.9994009,0.9994794,0.99939495,0.9993658,0.99941665,0.99935466,0.99940765,0.99945223,0.9993957,0.99936455,0.99943817,0.99947774,0.9993874,0.9995169,0.9993208,0.9995368,0.99947387,0.9994655,0.99937963,0.99941283,0.99937975,0.9993362,0.9993955,0.9994348,0.99942994,0.9993756,0.999392,0.99946547,0.9993386,0.9994911,0.99941826,0.999465,0.9994798,0.99999684,0.9995533,0.9995426,0.9995037,0.999443,0.99938023,0.9994404,0.99950665,0.9992967,0.99942046,0.9993518,0.99943787,0.999532,0.9994344,0.99942154,0.99939376,0.9993228,0.9994325,0.9994509,0.99942166,0.9994854,0.99928916,0.9994517,0.9994672,0.9995419,0.99952424,0.9993767,0.9994342,0.9994281,0.99941415,0.99956274,0.99942553,0.9993695,0.999512,0.99939436,0.99938077,0.99940735,0.99947715,0.9995359,0.9994149,0.99949694,0.99942565,0.9993894,0.9993952,0.99957114,0.99940234,0.9994806,0.99943185,0.99940616,0.9993881,0.9994367,0.99955606,0.99947995,0.99940157,0.9995103,0.99937236,0.99933964,0.99946964,0.99944067,0.99938965,0.99942225,0.9994294,0.99949276,0.999386,0.99931026,0.9993131,0.99941564,0.99946475,0.99939245,0.999412,0.99948454,0.99943864,0.99939394,0.99954635,0.99943715,0.99939674,0.9994518,0.9994837,0.9994668,0.9993269,0.99949473,0.9994855,0.99943906,0.9995207,0.9993871,0.99948794,0.9994277,0.99936974,0.99935704,0.9993158,0.9992326,0.99944276,0.9994187,0.99938744,0.9993938,0.9993347,0.9994511,0.9993101,0.9993365,0.99936527,0.9994239,0.9994327,0.9994037,0.9994316,0.999469,0.99952644,0.99949235,0.9994377,0.9994799,0.999496,0.9994733,0.9994269,0.99942034,0.9994335,0.9995307,0.9994534,0.9994395,0.99943995,0.99937046,0.99942845,0.99935913,0.9994613,0.99936706,0.99950397,0.9994519,0.99946636,0.9993399,0.9994999,0.999426,0.99941754,0.99935937,0.99938494,0.99944514,0.9995423,0.999499,0.99944603,0.9994687,0.9993495,0.99943656,0.9994905,0.99944186,0.9995281,0.99930924,0.9995121,0.99944425,0.999386,0.99948704,0.99949425,0.99944174,0.9994933,0.9994079,0.9993933,0.99944866,0.99947184,0.9994602,0.9994831,0.999419,0.9993723,0.9993462,0.99939173,0.99945015,0.99938196,0.9994352,0.99943364,0.9995123,0.9994316,0.999521,0.99941665,0.99943256,0.999573,0.9994827,0.99940413,0.99933934,0.99942577,0.9994321,0.9994062,0.99939877,0.9995285,0.99941456,0.9994785,0.9994618,0.9994376,0.99938273,0.9994703,0.9993856,0.9994657,0.99947494,0.99955064,0.99950206,0.9994609,0.9994548,0.99948996,0.9993583,0.9994732,0.9994445,0.99938667,0.999458,0.9994,0.9994401,0.9994463,0.99946004,0.9994665,0.99936676,0.9993647,0.9994499,0.99938565,0.9993782,0.99948204,0.999374,0.999488,0.99932957,0.99939525,0.9994299
ipip190,0.9997278,0.9996924,0.9997288,0.999669,0.99973,0.9997072,0.9997501,0.999742,0.99976534,0.9996772,0.99974746,0.99978095,0.9997571,0.9997425,0.9996705,0.9997775,0.9998068,0.9997072,0.9997935,0.9997903,0.999795,0.99972504,0.9997541,0.99977344,0.9997422,0.99979484,0.99971545,0.9997988,0.9998192,0.9997763,0.99975014,0.9997797,0.999716,0.9998166,0.9997762,0.99977016,0.9997931,0.9997789,0.9997982,0.9998063,0.99971676,0.9997583,0.999731,0.9997071,0.99967635,0.99974626,0.9997658,0.9996837,0.9997813,0.99975735,0.999747,0.9994622,0.9997434,0.99974406,0.99964684,0.9997304,0.9996121,0.99971783,0.9997138,0.99977374,0.99978083,0.99974257,0.9997737,0.99973124,0.9997665,0.9997026,0.9997924,0.9997366,0.99977773,0.9997312,0.99975586,0.9998088,0.99962354,0.99973696,0.9997523,0.9995533,0.9999991,0.9999009,0.9997884,0.999786,0.9997476,0.9998031,0.99977565,0.99974775,0.9997903,0.9997859,0.9998199,0.9997728,0.9996768,0.99980164,0.99976045,0.99976647,0.99976903,0.99970835,0.99962425,0.99969447,0.99973494,0.999726,0.9996796,0.99971306,0.9997931,0.9997686,0.9997838,0.9997966,0.999792,0.9996531,0.9998088,0.9996844,0.9997966,0.99977845,0.999777,0.9997469,0.9997883,0.99977225,0.9997924,0.99975353,0.99980265,0.99979264,0.99976486,0.999796,0.9997786,0.9997582,0.99977213,0.9997748,0.9997652,0.99972147,0.99977434,0.99978334,0.9997093,0.9997641,0.99977094,0.99954385,0.9997229,0.99970263,0.9997576,0.9997736,0.9997846,0.99979156,0.9997748,0.99975014,0.9997633,0.9997838,0.9997167,0.999751,0.999791,0.9996911,0.9998131,0.9997744,0.99967384,0.9997926,0.9997864,0.99976546,0.9997356,0.99966246,0.9997531,0.99977624,0.999774,0.99976546,0.9996883,0.9997802,0.99970156,0.99978846,0.99977326,0.9996677,0.9997583,0.9993515,0.999787,0.9997917,0.9997775,0.9997415,0.99975735,0.99973935,0.999756,0.99978334,0.99974626,0.9997658,0.9997781,0.9997643,0.9997529,0.9997784,0.9997788,0.9997463,0.99973494,0.99975216,0.9996129,0.9997286,0.99978715,0.99978673,0.99978834,0.9997918,0.9998255,0.99976766,0.9997691,0.99974746,0.9998082,0.9997518,0.9997949,0.99977297,0.999744,0.99977046,0.9997896,0.9997695,0.99973816,0.9997677,0.99977547,0.99975073,0.9997744,0.9996371,0.99973255,0.9997253,0.99975395,0.9997967,0.9997389,0.9997717,0.9997405,0.9997162,0.9997908,0.9993114,0.99978423,0.99981356,0.99976957,0.9997197,0.9997736,0.99976,0.9996585,0.99977916,0.99976844,0.9997928,0.9995622,0.99972767,0.9997878,0.9997674,0.99975944,0.9997206,0.9997611,0.99973476,0.9997856,0.99973065,0.9997773,0.99974376,0.9997995,0.999783,0.99976695,0.9997428,0.9997745,0.9997782,0.99969447,0.99976116,0.99950105,0.9997509,0.99977624,0.9997719,0.9997503,0.99978423,0.9997553,0.9997797,0.99975526,0.99975747,0.9997248,0.9997603,0.9997739,0.9997058,0.9997594,0.99966156,0.99969584,0.9997489,0.9997689,0.99971026,0.9997616,0.99960226,0.9997709,0.9997235,0.99977386,0.99978477,0.99976516,0.99974847,0.9997512,0.99978316,0.99969816,0.99974024,0.99970585,0.99974203,0.99974984,0.9996939,0.99977815,0.9995267,0.9994795,0.99967295
ipip220,0.9998535,0.99975246,0.9998196,0.9997374,0.9998115,0.9997584,0.99985695,0.99978334,0.9998418,0.9997359,0.99978316,0.9998476,0.99979645,0.99979347,0.99970645,0.9998307,0.99987316,0.9997463,0.99986506,0.9998441,0.99986625,0.99979126,0.9998281,0.9998393,0.9997704,0.99986225,0.999743,0.99985796,0.9998785,0.99983656,0.9998331,0.9998209,0.99975854,0.9998703,0.9998662,0.99982923,0.9998717,0.99986565,0.99985725,0.9998568,0.9997495,0.9998235,0.99979407,0.99976265,0.9997043,0.9998175,0.99979377,0.9997307,0.999846,0.99977547,0.9997839,0.99943334,0.999826,0.99976903,0.9996751,0.9997807,0.99965334,0.99975103,0.99978036,0.99982506,0.9998634,0.9998035,0.99986964,0.9997934,0.9998107,0.9997565,0.9998661,0.9998202,0.99983823,0.9997646,0.9998605,0.999867,0.9996455,0.99979234,0.9998121,0.9995426,0.9999009,0.99999726,0.9998229,0.9998464,0.9997978,0.99989337,0.99983853,0.9998378,0.99986374,0.9998795,0.9998894,0.9998179,0.9997153,0.99985194,0.9998101,0.99987143,0.9998511,0.99974144,0.9996538,0.9997202,0.99983996,0.9997731,0.99972343,0.99971086,0.9998571,0.9998656,0.99986386,0.9998417,0.9998769,0.9996497,0.99987644,0.9997032,0.9998569,0.99988765,0.9998813,0.9998155,0.99983466,0.9998324,0.9998779,0.9997979,0.9998832,0.99987274,0.99986625,0.99984753,0.9998758,0.99981713,0.9998561,0.9998539,0.99985296,0.9997645,0.99982166,0.99985677,0.9997601,0.9998209,0.9998564,0.99953365,0.9997652,0.9997351,0.999846,0.9998484,0.9998284,0.9998471,0.99988127,0.9998455,0.99986887,0.9998466,0.9997651,0.99981326,0.9998654,0.9997215,0.999874,0.9998323,0.9996768,0.99986637,0.9998713,0.9998356,0.99974954,0.9996885,0.9998621,0.9998283,0.9998381,0.9998104,0.9997344,0.99987215,0.9997203,0.9998761,0.99983543,0.9997254,0.99985534,0.99934405,0.9998637,0.9998294,0.9998388,0.99979264,0.9998585,0.9997507,0.99985826,0.9998524,0.9998268,0.9998679,0.99986273,0.9998225,0.9998086,0.99984324,0.9998012,0.9998036,0.99978125,0.99980325,0.99964225,0.99979424,0.9998695,0.99986774,0.99986875,0.9998011,0.9998931,0.999865,0.99986696,0.99983734,0.99989706,0.9998684,0.99987006,0.9998618,0.9997607,0.9997882,0.9998527,0.99985087,0.9997514,0.9998649,0.9998391,0.99979216,0.9998626,0.9995922,0.9997538,0.9997307,0.99980855,0.9998539,0.99982595,0.9998284,0.9997702,0.99975,0.99985886,0.9992644,0.9998396,0.99987704,0.9998573,0.9997963,0.999845,0.99980557,0.9997192,0.9998696,0.99986404,0.9998585,0.99953157,0.99975646,0.9998438,0.9998439,0.99983233,0.999803,0.9998639,0.9997618,0.99984634,0.9997809,0.9998462,0.9997787,0.9998685,0.9998373,0.999868,0.99977523,0.99983346,0.999849,0.9997408,0.99986017,0.9995069,0.99979603,0.9998413,0.9998406,0.9997684,0.9998533,0.999796,0.9998523,0.99983305,0.9998339,0.99976766,0.9998225,0.99986696,0.99974525,0.99982405,0.9996963,0.9997336,0.99983436,0.9998212,0.99977875,0.99982375,0.9996353,0.99986905,0.999746,0.9998312,0.9998629,0.99982965,0.9997977,0.99980843,0.99984354,0.9997473,0.99982744,0.99976015,0.9998409,0.99980026,0.9997393,0.99984634,0.9995406,0.9994842,0.99973226
ipip250,0.9998065,0.99978137,0.99980724,0.99977684,0.9998196,0.9997689,0.9998307,0.99979746,0.9998754,0.9997898,0.9998108,0.9998178,0.99979717,0.9997682,0.9997319,0.9997969,0.9998267,0.9997808,0.99982256,0.9998056,0.9998403,0.9997688,0.999829,0.9998556,0.9997705,0.99984884,0.99984324,0.99985313,0.99981093,0.9998315,0.9998547,0.99986833,0.9998166,0.99985385,0.9998138,0.99983484,0.9998306,0.9998167,0.9998123,0.9998233,0.99980325,0.9998476,0.9998177,0.9997627,0.9997742,0.9998253,0.9998327,0.9997471,0.99980885,0.9997674,0.9998171,0.9995694,0.9998373,0.9998064,0.9998382,0.9998582,0.9996878,0.9998103,0.9997933,0.99987614,0.999796,0.99979454,0.99981797,0.9998075,0.9997889,0.9997721,0.99982303,0.9998276,0.9998167,0.99980175,0.99981743,0.99985266,0.9996828,0.99980533,0.9998059,0.9995037,0.9997884,0.9998229,0.9999988,0.9999682,0.9997785,0.99983025,0.9997752,0.99977696,0.99981266,0.9998055,0.9998185,0.99978757,0.99972886,0.99979866,0.99977046,0.99980253,0.9997947,0.9997233,0.9996814,0.9997381,0.99978274,0.9998749,0.9997289,0.99970347,0.9998071,0.9998415,0.9997943,0.99979,0.9998043,0.9996925,0.99981314,0.9997184,0.99983484,0.9998099,0.9998243,0.99978095,0.99980503,0.9998114,0.999834,0.99981683,0.99982154,0.99983853,0.999818,0.99980444,0.99984396,0.99981666,0.9998619,0.9998492,0.9998179,0.99980664,0.9998425,0.99983674,0.9998877,0.9997908,0.99983835,0.99957687,0.99979824,0.9997199,0.9998247,0.9998556,0.9998344,0.99988484,0.99983484,0.9997937,0.99979204,0.99980676,0.9997857,0.99979776,0.9998206,0.99970186,0.99980116,0.99982,0.9997879,0.9998192,0.99985236,0.9998264,0.99974,0.9997122,0.9998024,0.99982715,0.999825,0.9998316,0.9997036,0.9998196,0.9997868,0.9998692,0.99981695,0.9997723,0.9998035,0.999433,0.99986386,0.9998247,0.99980664,0.99976915,0.9998165,0.9997751,0.99978864,0.9998327,0.99988717,0.9998434,0.99983835,0.99981046,0.9998503,0.99984473,0.9998,0.99992377,0.99982005,0.9999102,0.9997483,0.9998074,0.9998517,0.9998607,0.9998558,0.99983865,0.99983174,0.9998592,0.99985135,0.99990016,0.99984103,0.99982584,0.9998393,0.99983805,0.99980336,0.9998312,0.9998339,0.9998194,0.99977034,0.9998421,0.999863,0.99984723,0.99986494,0.99967104,0.99980056,0.99980146,0.9998311,0.9998015,0.99989325,0.9998804,0.9999412,0.9997904,0.9998159,0.9993886,0.9998083,0.9998208,0.9998258,0.99978995,0.99985075,0.99984044,0.99973214,0.9998414,0.9998263,0.99984,0.9996345,0.9997806,0.99984586,0.99984515,0.99983925,0.99979913,0.9998363,0.99983585,0.99983346,0.99979013,0.9998322,0.9998035,0.9998288,0.9998046,0.9998288,0.9998528,0.9998434,0.99984187,0.99977833,0.9998198,0.9996048,0.99981254,0.9998827,0.9998824,0.99984837,0.99988824,0.99986565,0.9998271,0.9998124,0.99984515,0.9997778,0.9998033,0.99985445,0.9998722,0.999838,0.9997503,0.99982953,0.9998374,0.9998169,0.9998041,0.99981743,0.9996842,0.99984264,0.99983984,0.9998479,0.9998561,0.99985725,0.9998274,0.9998278,0.9998196,0.99978966,0.999822,0.9998697,0.9998375,0.99982464,0.99986106,0.9998399,0.999637,0.99954647,0.9997424
ipip280,0.99985373,0.9997898,0.9998306,0.99978226,0.9998528,0.99979275,0.9998697,0.9998064,0.9999001,0.99979055,0.9998134,0.99985397,0.99980325,0.9997701,0.999739,0.99982226,0.99984896,0.9997977,0.99985164,0.99982953,0.9998593,0.99979824,0.9998549,0.99988997,0.99979234,0.99987066,0.99983424,0.9998666,0.9998326,0.9998562,0.9998857,0.999879,0.99982446,0.9998759,0.9998606,0.9998583,0.9998498,0.99985194,0.9998421,0.99986017,0.99979526,0.9998632,0.9998297,0.999772,0.9997798,0.9998587,0.9998454,0.9997696,0.9998447,0.9997715,0.99983066,0.99952036,0.99986386,0.9998042,0.9998254,0.9998341,0.999703,0.9998,0.9997973,0.99987423,0.99984753,0.999821,0.9998638,0.9998483,0.9998177,0.9997884,0.9998589,0.9998664,0.9998528,0.9998208,0.9998739,0.9998711,0.9996893,0.9998316,0.9998274,0.999443,0.999786,0.9998464,0.9999682,0.99999654,0.9998177,0.9998685,0.99979115,0.9998309,0.99984974,0.99985725,0.9998526,0.999792,0.9997417,0.99983984,0.99980545,0.99985665,0.99983263,0.99973494,0.9996818,0.99973226,0.9998423,0.99989057,0.9997297,0.99968493,0.9998212,0.9998933,0.99983394,0.9998226,0.9998474,0.9996804,0.9998432,0.99974,0.9998623,0.9998586,0.9998741,0.9998135,0.9998266,0.99982095,0.9998648,0.99982667,0.99985677,0.99987245,0.99986684,0.99980754,0.99986756,0.99982625,0.9998768,0.9998753,0.99984926,0.99981457,0.99984014,0.99985373,0.99989873,0.9997935,0.9998659,0.99953383,0.9998024,0.99972636,0.9998499,0.9998832,0.9998597,0.9998908,0.9998787,0.99985087,0.99985415,0.99983823,0.9997879,0.99983597,0.99986047,0.99970126,0.999841,0.9998541,0.9997644,0.9998525,0.99989206,0.9998527,0.99973595,0.99970466,0.9998588,0.99984354,0.9998404,0.99984,0.9997098,0.9998692,0.9997674,0.99990046,0.9998446,0.99978995,0.999861,0.99938565,0.9998866,0.99984854,0.99984086,0.99978733,0.9998651,0.99977577,0.9998466,0.9998661,0.9999221,0.9998722,0.9998747,0.99984866,0.99986905,0.99986345,0.99980074,0.9999303,0.99982953,0.99992156,0.99973273,0.99982375,0.99987876,0.9998898,0.999884,0.9998381,0.9998627,0.999891,0.99988276,0.9999352,0.99987936,0.9998751,0.99987024,0.9998786,0.9998044,0.9998367,0.9998568,0.9998674,0.9997789,0.9998788,0.9998876,0.9998776,0.99990535,0.999664,0.9997936,0.99979585,0.9998442,0.9998247,0.99992573,0.9998988,0.9999251,0.9998022,0.9998303,0.99933374,0.99982953,0.9998462,0.9998626,0.9998039,0.999865,0.9998568,0.99972737,0.99987704,0.9998695,0.9998712,0.9996061,0.9997932,0.9998641,0.99987525,0.999876,0.99983495,0.9998791,0.9998445,0.9998659,0.99980235,0.9998584,0.99980205,0.999854,0.9998201,0.99986666,0.99986804,0.9998482,0.99987185,0.9997997,0.99986875,0.99956167,0.9998293,0.9999117,0.9999146,0.99983823,0.99991685,0.99987286,0.9998468,0.99983144,0.99988055,0.99978423,0.9998424,0.99988127,0.9998732,0.99984616,0.9997357,0.999808,0.99986434,0.99982095,0.9998314,0.9998353,0.9996747,0.9998903,0.9998436,0.9998719,0.99988043,0.99987787,0.99984217,0.9998365,0.99985343,0.9998071,0.9998507,0.9998899,0.9998706,0.9998409,0.99987805,0.99985474,0.999641,0.99951696,0.99976397
ipip15,0.99981016,0.9997466,0.99979657,0.9997359,0.9998105,0.9997603,0.9998055,0.9997348,0.9998283,0.9997223,0.9997487,0.99991614,0.99978524,0.9997424,0.9997731,0.9997926,0.99982095,0.9997749,0.999831,0.9997835,0.9998276,0.9997819,0.9998355,0.99982697,0.9997785,0.99980325,0.99970543,0.9998132,0.9997949,0.9997935,0.9998206,0.9997949,0.99975944,0.99983025,0.99981433,0.99980974,0.9997941,0.999804,0.9998197,0.99982125,0.9996677,0.9997721,0.9997886,0.9997011,0.99970996,0.9998008,0.9997855,0.99977297,0.99979866,0.99973524,0.9997702,0.99939287,0.99980277,0.9997142,0.99971044,0.9997369,0.999647,0.99976236,0.9997582,0.9997918,0.99984705,0.9997796,0.9998398,0.9997876,0.99981844,0.9997945,0.9998186,0.99982667,0.9998305,0.99977314,0.99984324,0.9998383,0.99967605,0.99978274,0.99984384,0.99938023,0.9997476,0.9997978,0.9997785,0.9998177,0.9999959,0.9998591,0.99976796,0.999847,0.999849,0.9998488,0.9998196,0.9997672,0.9997437,0.99981654,0.9998173,0.99983805,0.9998242,0.99970865,0.99963665,0.99970067,0.99982184,0.99978346,0.9996911,0.9996423,0.9997854,0.99985635,0.99982804,0.9998134,0.99985546,0.99964833,0.9997952,0.9997676,0.99982274,0.9998165,0.99984264,0.9998176,0.99983704,0.99976546,0.9998156,0.99979484,0.99982506,0.99983734,0.9998181,0.9997759,0.9998206,0.9997513,0.99979454,0.9998162,0.9998134,0.99976057,0.9997518,0.99979615,0.9997848,0.9997452,0.9998085,0.99951535,0.9997501,0.9997043,0.9997898,0.9998356,0.9998326,0.99980265,0.99982536,0.9998214,0.9998413,0.99990004,0.99975014,0.99983567,0.9998528,0.9997,0.9998461,0.99982,0.99965703,0.9998159,0.99984014,0.99980694,0.9997093,0.99967766,0.9998233,0.9998254,0.99982405,0.9997649,0.9996677,0.9998283,0.9996886,0.9998287,0.9997995,0.9997841,0.9998295,0.9992712,0.9997896,0.9998201,0.99979246,0.9997255,0.99982274,0.99973875,0.9997934,0.99981976,0.99981457,0.99980164,0.9998102,0.9997936,0.99978966,0.9997892,0.9997584,0.99977714,0.9997361,0.9997831,0.9995915,0.99976665,0.99981356,0.99981844,0.9998143,0.99976146,0.99981266,0.99980646,0.99980235,0.9998251,0.9998568,0.9998216,0.9998133,0.9998026,0.9997055,0.9997651,0.9997968,0.99982244,0.9997067,0.99979746,0.9998038,0.99979824,0.9998321,0.99961585,0.99975705,0.9997079,0.99978113,0.9997742,0.99981344,0.9997946,0.99974155,0.99974406,0.9997859,0.9992829,0.9997793,0.9998228,0.9998288,0.9997249,0.9997899,0.99981385,0.9996425,0.9998137,0.9998024,0.9998121,0.99952686,0.9997573,0.99979407,0.99980026,0.9998396,0.99983376,0.9998077,0.99972904,0.99982923,0.9997413,0.99981254,0.9997565,0.9998048,0.99978435,0.9997991,0.9997877,0.9997515,0.9998229,0.99977475,0.99982935,0.9994483,0.9997713,0.9998273,0.9998372,0.9997358,0.9998343,0.9997734,0.99978423,0.9997709,0.9998326,0.99973464,0.9998967,0.99980015,0.99972194,0.9997583,0.99962515,0.9997327,0.99980265,0.99979866,0.9998093,0.99981797,0.99968773,0.9998228,0.9997697,0.9998172,0.99980587,0.9998242,0.9998187,0.9998013,0.9998302,0.99977595,0.9998097,0.9997954,0.9998203,0.9998038,0.99979264,0.9997982,0.99958324,0.9994443,0.9997583
ipip45,0.9999202,0.99980044,0.9998761,0.99979186,0.999891,0.9997959,0.99991107,0.99981403,0.999887,0.9997796,0.9998219,0.9999177,0.9998207,0.99979585,0.9997244,0.99986315,0.9998903,0.99977064,0.9998859,0.9998549,0.99990463,0.99983215,0.9998913,0.99987406,0.999814,0.99988353,0.99974453,0.9998875,0.9998576,0.9998572,0.99988014,0.9998536,0.9998017,0.99990946,0.9999125,0.99988496,0.9998906,0.99990493,0.9998858,0.9998989,0.9997464,0.999855,0.99982595,0.99978787,0.99973947,0.99987817,0.99983734,0.99978095,0.9998836,0.99977696,0.9998139,0.9994075,0.9998852,0.99977165,0.9997034,0.9998002,0.9997198,0.99975324,0.99980634,0.999863,0.9999127,0.9998537,0.9999182,0.99985397,0.99985164,0.9997988,0.9999013,0.99986565,0.99986523,0.9997749,0.9999211,0.9998931,0.99966776,0.9998349,0.99985707,0.9994404,0.9998031,0.99989337,0.99983025,0.9998685,0.9998591,0.9999975,0.9998537,0.99990815,0.9999015,0.99992806,0.99993306,0.9998139,0.99974304,0.9998755,0.99984235,0.9999287,0.99990034,0.99975264,0.9996652,0.9997542,0.9999092,0.99981034,0.9997282,0.99967164,0.99986917,0.99993396,0.999884,0.9998537,0.9999123,0.9996335,0.9998894,0.9997458,0.9998803,0.9999237,0.9999373,0.99986154,0.9998824,0.9998356,0.9999169,0.9998219,0.999901,0.99991244,0.9999084,0.9998543,0.9999204,0.9998293,0.9998811,0.9998853,0.9999063,0.9997874,0.999826,0.99986905,0.9997989,0.99984646,0.99990356,0.9995055,0.9997846,0.99972785,0.99989575,0.9998878,0.99985576,0.99986035,0.9999239,0.99989843,0.99992263,0.99989164,0.99979806,0.9998597,0.99989414,0.999704,0.99991995,0.9998652,0.99967927,0.99990106,0.99992234,0.9998665,0.99973834,0.99968576,0.99992216,0.9998543,0.9998668,0.99982816,0.9997039,0.9999166,0.9997233,0.99991965,0.9998584,0.9997755,0.999914,0.99932724,0.9998929,0.9998617,0.9998719,0.9998198,0.9999232,0.9997592,0.9999025,0.9998889,0.9998837,0.9999061,0.99989414,0.9998567,0.9998408,0.9998713,0.99980617,0.9998312,0.99979454,0.99983037,0.99963784,0.999829,0.99991345,0.99991053,0.9999097,0.9998046,0.9999184,0.9999084,0.9999122,0.99989396,0.9999713,0.99992245,0.99990726,0.99991155,0.99976224,0.9998192,0.9998818,0.99990183,0.99975824,0.9999095,0.9998833,0.999846,0.9999131,0.9995799,0.99976265,0.99973035,0.99983716,0.9998469,0.99988717,0.9998601,0.9997797,0.9997733,0.99986887,0.9992443,0.9998622,0.99988997,0.99990666,0.9998046,0.99988455,0.9998432,0.9997346,0.9999123,0.99991184,0.9998721,0.99950916,0.9997855,0.99986506,0.99990344,0.9998921,0.9998601,0.9999148,0.9998015,0.9998957,0.9998092,0.99989057,0.99979436,0.99988323,0.99983734,0.99990505,0.99980724,0.9998424,0.99988097,0.99980736,0.9999226,0.99949735,0.9998233,0.9998891,0.9998902,0.9997706,0.9998935,0.99981475,0.9998801,0.9998589,0.9998889,0.99978495,0.99987525,0.99990845,0.99976844,0.9998348,0.9996964,0.99976015,0.9998689,0.9998383,0.99982274,0.99985623,0.9996606,0.9999182,0.9997766,0.9998659,0.9998973,0.9998627,0.99984956,0.9998484,0.9998922,0.9997872,0.9998664,0.9998041,0.9998981,0.99983335,0.9997904,0.99986637,0.99957526,0.9994714,0.9997876
ipip75,0.99979216,0.9997259,0.9997872,0.99972355,0.9997837,0.99972516,0.9997783,0.9997313,0.9997755,0.9997089,0.99979675,0.99981344,0.9997833,0.99975,0.99969625,0.9997994,0.99981165,0.99969584,0.99982655,0.99978644,0.99982345,0.9997538,0.9997941,0.99977523,0.9997239,0.999799,0.9996957,0.99979913,0.999797,0.99979717,0.9997694,0.9997816,0.99971163,0.9998057,0.99979746,0.9997895,0.9998144,0.9998004,0.9998144,0.99980265,0.9997013,0.9997774,0.9997604,0.9997438,0.9996871,0.9997827,0.9997748,0.99972194,0.99980116,0.9997337,0.9997518,0.9994287,0.99980426,0.9997224,0.9996445,0.99972844,0.99965256,0.9997266,0.9997652,0.9997691,0.99984235,0.9997887,0.99983543,0.9997447,0.9997755,0.9997512,0.99979466,0.99974465,0.999765,0.9997112,0.99979025,0.9998184,0.9996076,0.99975747,0.9998134,0.99950665,0.99977565,0.99983853,0.9997752,0.99979115,0.99976796,0.9998537,0.99999636,0.9997936,0.99983996,0.9998058,0.9998301,0.9997896,0.9996981,0.9997898,0.99976474,0.9998198,0.99981993,0.99972796,0.999666,0.99973387,0.99978036,0.9997466,0.9997329,0.9997015,0.9998518,0.99981004,0.9998293,0.9998162,0.9998393,0.99962884,0.99980557,0.999662,0.99980456,0.99981797,0.99981606,0.99978423,0.9998028,0.99978244,0.99982,0.99978054,0.99980474,0.9998072,0.9998009,0.99981487,0.99983054,0.9997888,0.9997921,0.99980253,0.9998145,0.99970245,0.9997579,0.9998,0.99971366,0.9997607,0.99979675,0.99955255,0.99973893,0.99969405,0.99978757,0.9997864,0.9997585,0.9997942,0.9998082,0.9997578,0.999801,0.9997892,0.99975735,0.9997663,0.9998159,0.9996896,0.99979436,0.9997639,0.9996652,0.9998034,0.99980766,0.99979085,0.99975234,0.99970675,0.99980426,0.99979246,0.999802,0.9997647,0.9996968,0.99981076,0.99970144,0.9998125,0.9997675,0.9997016,0.999779,0.99936575,0.9998071,0.9997795,0.9997895,0.9997668,0.9998014,0.99974203,0.9997886,0.99979556,0.99976945,0.9998004,0.99979675,0.99975467,0.9997478,0.9998015,0.9997663,0.99976206,0.99975294,0.9997583,0.9996305,0.9997697,0.9998162,0.99980795,0.9998109,0.99975723,0.9998142,0.99980915,0.999812,0.99978065,0.99983656,0.9998009,0.99980915,0.999785,0.99971634,0.99975646,0.9998011,0.9997691,0.99971044,0.99980277,0.99979365,0.9997654,0.9997954,0.9995602,0.9997131,0.99968725,0.99975646,0.9997713,0.99977374,0.99978054,0.99974537,0.9997489,0.99980974,0.9992615,0.9998061,0.99983627,0.9998039,0.9997513,0.99981457,0.9997998,0.9997462,0.9998172,0.9997961,0.9997879,0.99951285,0.9997136,0.99978995,0.9998117,0.99980253,0.99976605,0.99981046,0.999749,0.9997842,0.99974036,0.99979764,0.9997268,0.9998073,0.9998115,0.9998026,0.99972343,0.99978435,0.9997726,0.9997429,0.99980736,0.9994912,0.99976975,0.99979264,0.9997912,0.9997561,0.99980617,0.9997812,0.9998162,0.99976814,0.99979085,0.9997445,0.9997677,0.99981445,0.9997122,0.999781,0.9996861,0.999693,0.999781,0.99978775,0.99972594,0.99978185,0.999622,0.99979407,0.999704,0.99977577,0.9997991,0.99977684,0.9997905,0.99979013,0.99978566,0.99972844,0.9997773,0.99971247,0.99977887,0.9997459,0.9997078,0.9997982,0.99952877,0.99953705,0.99975216
ipip105,0.9999029,0.9997502,0.9998611,0.99974334,0.99985987,0.9997659,0.9998852,0.999761,0.99984825,0.9997346,0.99976826,0.9998769,0.99977124,0.9997388,0.9996891,0.99982643,0.99985653,0.9997668,0.99984896,0.9998042,0.9998643,0.99978256,0.9998535,0.9998371,0.99979335,0.9998425,0.9996931,0.99985176,0.9998283,0.99981505,0.99986476,0.9997989,0.9997635,0.9998709,0.99989706,0.9998378,0.9998803,0.99988765,0.9998549,0.99985725,0.9996766,0.99981374,0.9997774,0.99972796,0.99969995,0.9998545,0.9997838,0.999788,0.9998546,0.99973536,0.99976903,0.99931,0.9998202,0.99971235,0.9996707,0.99972737,0.99966866,0.99969137,0.9997419,0.9998143,0.99989253,0.9998028,0.9998876,0.9998332,0.99983,0.9997659,0.9998727,0.9998618,0.9998487,0.9997377,0.9999001,0.9998438,0.9996162,0.99977076,0.9998103,0.9992967,0.99974775,0.9998378,0.99977696,0.9998309,0.999847,0.99990815,0.9997936,0.9999979,0.9998762,0.9999137,0.9998863,0.9997622,0.99973184,0.9998755,0.99981606,0.999911,0.9998579,0.999683,0.9996053,0.99965906,0.9999005,0.99977386,0.9996673,0.9995822,0.9998129,0.9998961,0.9998481,0.9998201,0.9998657,0.9995417,0.99984807,0.9997135,0.9998194,0.9998842,0.9998934,0.9998302,0.99979955,0.9997739,0.9998824,0.99976,0.99986947,0.9998888,0.9998877,0.99976766,0.9998865,0.9997772,0.9998306,0.9998576,0.99988085,0.999745,0.9997467,0.999805,0.9997731,0.9997486,0.9998713,0.99948376,0.9997115,0.9996855,0.9998543,0.9998505,0.99982226,0.999807,0.99987763,0.9998889,0.9999132,0.99986136,0.9997781,0.9998234,0.9998776,0.99964845,0.9998554,0.99985427,0.9995991,0.99985284,0.9998817,0.9998072,0.9996675,0.9996238,0.9999087,0.9997895,0.9998049,0.99976295,0.99963737,0.99988985,0.99963796,0.99986875,0.999846,0.9997324,0.9998895,0.9992331,0.9998501,0.99981534,0.9998463,0.9997746,0.99989283,0.99972004,0.9999034,0.9998773,0.9998717,0.99987334,0.9998559,0.9998249,0.99979764,0.99981594,0.99973035,0.9997802,0.9997489,0.99978346,0.9995681,0.999766,0.9998783,0.99987376,0.9998721,0.9997394,0.99987364,0.99986356,0.99987173,0.9998751,0.99989754,0.9998989,0.99985456,0.9998841,0.9996975,0.9997561,0.9998162,0.99987596,0.9996766,0.9998691,0.99983865,0.9998091,0.9998807,0.9995326,0.9996814,0.9996727,0.9997883,0.999806,0.9998744,0.9998139,0.99972826,0.9997235,0.9998118,0.99916065,0.9998052,0.9998466,0.9998761,0.99973536,0.9998182,0.99979633,0.99964887,0.999867,0.9998726,0.99983245,0.99941003,0.99973685,0.999804,0.99983996,0.99986684,0.9998529,0.9998715,0.9997438,0.99986565,0.99974644,0.99985015,0.99972713,0.99983805,0.99978006,0.99987495,0.99978083,0.9997693,0.9998384,0.9997545,0.9998953,0.99941117,0.9997678,0.9998616,0.99986607,0.99970716,0.99986565,0.9997609,0.999821,0.9998182,0.9998475,0.99971193,0.99985564,0.99985313,0.99970526,0.9997676,0.9996055,0.9997128,0.9998079,0.9997755,0.99978584,0.99980485,0.9995803,0.9998823,0.9997278,0.99982905,0.9998542,0.99980557,0.9997986,0.9997977,0.99986196,0.9997624,0.9998299,0.9997798,0.99986994,0.9997778,0.9997639,0.99981,0.99953294,0.99937356,0.9997263
ipip135,0.99987876,0.9997902,0.9998642,0.9997837,0.9998675,0.99977654,0.9998703,0.99980456,0.99986184,0.9997717,0.9997966,0.99987733,0.9998234,0.99978614,0.999727,0.99983466,0.99987036,0.99977976,0.999866,0.999834,0.99988204,0.9998194,0.99985915,0.9998557,0.99979186,0.99987584,0.99976385,0.99986297,0.99986374,0.9998314,0.99984473,0.9998405,0.9997786,0.9998799,0.9998829,0.9998628,0.9998753,0.99987066,0.9998666,0.9998753,0.999744,0.99983567,0.99981844,0.9997847,0.9997318,0.9998561,0.9998258,0.9997726,0.9998599,0.9997851,0.9998295,0.99944615,0.99985737,0.99978185,0.99970573,0.9997957,0.9997206,0.9997793,0.9998026,0.9998373,0.9998695,0.9998263,0.9998747,0.9998259,0.99983025,0.9997857,0.99986863,0.99984,0.99983096,0.9997797,0.99987286,0.9998682,0.99964994,0.99980164,0.9998567,0.99942046,0.9997903,0.99986374,0.99981266,0.99984974,0.999849,0.9999015,0.99983996,0.9998762,0.99999714,0.9998744,0.9998729,0.99981534,0.9997409,0.99984586,0.99982256,0.99988246,0.9998606,0.999759,0.9996587,0.9997344,0.9998604,0.99979657,0.99972117,0.9996776,0.9998429,0.9998805,0.9998516,0.9998464,0.9998868,0.9996492,0.999862,0.9997299,0.9998481,0.999882,0.9998852,0.99984646,0.9998666,0.9998309,0.9998776,0.9998394,0.9998712,0.9998784,0.99988043,0.99982363,0.99987966,0.999826,0.99986136,0.99986666,0.9998842,0.999768,0.9998145,0.99984837,0.9997839,0.99979776,0.999864,0.99958116,0.99978876,0.9997369,0.9998559,0.9998644,0.9998313,0.9998424,0.99987656,0.9998609,0.9998805,0.99986976,0.9997935,0.99983853,0.99987966,0.9997347,0.9998703,0.9998345,0.9996946,0.9998881,0.99987006,0.99983174,0.99975264,0.999684,0.99987817,0.9998456,0.99985576,0.9998237,0.9997223,0.99988055,0.9997493,0.999887,0.999842,0.9997574,0.9998679,0.9993421,0.9998758,0.9998357,0.9998601,0.9998279,0.99987644,0.9998064,0.99987936,0.9998743,0.9998471,0.9998588,0.9998637,0.9998299,0.999814,0.9998455,0.99981314,0.999807,0.9997817,0.99981636,0.99964136,0.99980396,0.9998763,0.999873,0.9998757,0.99979633,0.99988127,0.99986345,0.99986756,0.99985296,0.99990594,0.9998693,0.9998788,0.99987346,0.99976337,0.9998067,0.99985343,0.99986553,0.9997606,0.9998728,0.9998632,0.99981797,0.9998704,0.99959975,0.9997586,0.9997394,0.999829,0.9998442,0.9998441,0.9998322,0.999775,0.9997788,0.9998518,0.999296,0.9998412,0.9998824,0.9998821,0.99977887,0.9998576,0.99984276,0.99970204,0.99986655,0.9998661,0.999862,0.99953896,0.99977577,0.99986106,0.9998609,0.99985456,0.99983823,0.99987066,0.99978423,0.9998727,0.99980927,0.9998783,0.9998169,0.9998899,0.9998604,0.99987227,0.9997969,0.99982893,0.9998588,0.9998028,0.9998887,0.9995298,0.9998262,0.9998637,0.9998674,0.99978304,0.9998753,0.99983037,0.999879,0.9998585,0.99986416,0.9998138,0.9998718,0.99987125,0.9997704,0.9998418,0.9997071,0.99977225,0.99983984,0.9998326,0.99979985,0.99983543,0.9996618,0.9998688,0.99976665,0.9998477,0.9998655,0.99984634,0.9998353,0.9998529,0.99985534,0.99977446,0.9998656,0.99979305,0.9998625,0.9998241,0.9997784,0.999851,0.99958915,0.9994988,0.99977416
ipip165,0.9999233,0.9997508,0.9998501,0.99974567,0.99986196,0.999757,0.9999236,0.9998024,0.99987155,0.99974424,0.9997955,0.99989825,0.9997961,0.9997697,0.9997102,0.99987954,0.99989545,0.9997519,0.99988866,0.9998727,0.9998807,0.99979824,0.9998566,0.9998561,0.9997655,0.99988186,0.99969846,0.99988323,0.9998528,0.9998437,0.9998727,0.9998324,0.99978924,0.99989176,0.99993956,0.9998644,0.99991864,0.999939,0.999883,0.99988455,0.99971837,0.9998351,0.99978685,0.99975324,0.9996959,0.999851,0.9997799,0.99975395,0.9998706,0.99974775,0.99978745,0.9993337,0.99986285,0.9997493,0.99966586,0.9997643,0.99967265,0.99970174,0.99976194,0.9998505,0.9999204,0.99981505,0.99991906,0.999814,0.999827,0.9997623,0.9999247,0.99988246,0.99985695,0.9997556,0.99993306,0.9998633,0.99961114,0.9998102,0.9998184,0.9993518,0.9997859,0.9998795,0.9998055,0.99985725,0.9998488,0.99992806,0.9998058,0.9999137,0.9998744,0.9999974,0.99996144,0.999792,0.9997248,0.9999032,0.9998173,0.99993837,0.9998892,0.9996943,0.99961907,0.99969023,0.99993074,0.9997849,0.99969256,0.99961996,0.99984294,0.9999084,0.9998767,0.99982554,0.9998864,0.9995695,0.9999058,0.9997199,0.9998684,0.9999375,0.9999459,0.99982023,0.99982435,0.99982035,0.99993366,0.9997773,0.99991864,0.99993,0.9999172,0.99981934,0.99991244,0.9998004,0.9998564,0.99986947,0.99990135,0.9997597,0.99979246,0.9998622,0.9997679,0.9997869,0.99990517,0.99943477,0.9997349,0.9996876,0.9998931,0.9998664,0.999833,0.99984956,0.9999343,0.9999157,0.99994016,0.99987775,0.9997739,0.99984425,0.9998942,0.99967057,0.999873,0.9998533,0.9996225,0.99987316,0.9999047,0.99981356,0.9996689,0.99962664,0.9999365,0.99980384,0.9998123,0.9997855,0.9996654,0.99993116,0.9996663,0.9999128,0.9998737,0.99972945,0.9999305,0.9992701,0.9999015,0.9998232,0.9998668,0.99978673,0.99991626,0.99970037,0.99992657,0.9998804,0.9998751,0.9999085,0.99989045,0.9998529,0.9998167,0.99985653,0.99977076,0.99979234,0.9997481,0.9998023,0.9995835,0.9998018,0.99991846,0.99991345,0.9999139,0.999759,0.9999258,0.99990356,0.9999092,0.9998834,0.9999153,0.9999364,0.9998913,0.9999255,0.99972403,0.9997737,0.9998632,0.9999144,0.99971026,0.99990577,0.99984896,0.9998003,0.9999111,0.99952894,0.99971247,0.999699,0.99980664,0.9998483,0.9998807,0.9998315,0.99975145,0.9997073,0.9998587,0.9991595,0.99984556,0.9998872,0.9998871,0.9997903,0.9998667,0.9997985,0.99968565,0.9999204,0.999923,0.99987805,0.99943286,0.99973875,0.9998499,0.99986655,0.9998887,0.9998567,0.99991536,0.9997536,0.9998686,0.9997857,0.99986064,0.9997424,0.9998673,0.9998061,0.9999103,0.9997754,0.99981076,0.9998677,0.9997463,0.9999222,0.999434,0.99978405,0.9998828,0.999882,0.99973446,0.9998901,0.9997858,0.9998537,0.99984616,0.9998625,0.99972564,0.9998562,0.99989307,0.9997141,0.99980366,0.9996559,0.9997366,0.99985147,0.99979645,0.99978554,0.9998213,0.99957293,0.99993545,0.99974304,0.99983615,0.9999047,0.9998351,0.99982285,0.9998105,0.99986863,0.9997521,0.9998454,0.9997817,0.99990606,0.9998141,0.9997641,0.99986446,0.9995213,0.99942195,0.99976206
ipip195,0.99990016,0.9997597,0.9998431,0.99975777,0.9998545,0.99975693,0.99990267,0.99981314,0.9998641,0.9997562,0.9998196,0.999875,0.999807,0.9997864,0.99969715,0.9998729,0.9998872,0.9997475,0.99988276,0.999878,0.9998739,0.99979836,0.9998475,0.9998473,0.999765,0.99988455,0.9997284,0.9998802,0.99987286,0.9998461,0.99986184,0.99985,0.9997918,0.9998963,0.99992007,0.9998593,0.9999104,0.99991614,0.99987984,0.99988604,0.9997435,0.9998381,0.99978894,0.99977505,0.999716,0.99984574,0.9997954,0.99974465,0.9998746,0.99976426,0.99980354,0.9993984,0.99985665,0.99978364,0.9996742,0.9997944,0.99969363,0.99973077,0.9997715,0.99986273,0.9998993,0.99981594,0.9998923,0.9998155,0.9998275,0.99975735,0.9999256,0.99986297,0.99984455,0.999761,0.9998995,0.9998549,0.9996158,0.99980044,0.99981743,0.99943787,0.9998199,0.9998894,0.9998185,0.9998526,0.9998196,0.99993306,0.9998301,0.9998863,0.9998729,0.99996144,0.9999969,0.9998092,0.9997274,0.9999041,0.99981004,0.99990755,0.99988073,0.99972075,0.9996362,0.9997222,0.99989086,0.9997967,0.9997072,0.9996644,0.9998472,0.9998854,0.9998608,0.99982655,0.9998803,0.9996211,0.9999108,0.99971724,0.9998795,0.9999265,0.9999228,0.9998135,0.9998467,0.99983937,0.99993104,0.9997924,0.99991316,0.999908,0.9998984,0.99983853,0.99990517,0.9998158,0.99984944,0.9998552,0.99988586,0.9997756,0.9998102,0.9998656,0.99976724,0.99980295,0.99988693,0.9994728,0.9997432,0.999701,0.9998848,0.99985456,0.9998258,0.99985754,0.9999094,0.9998786,0.99990356,0.99986935,0.99977994,0.99983066,0.9998719,0.99969256,0.99986076,0.9998421,0.9996592,0.9998805,0.99988997,0.99981403,0.99969655,0.9996425,0.9999089,0.9998046,0.9998214,0.9997932,0.9996897,0.99991465,0.99968296,0.9998984,0.99984944,0.99972767,0.99989605,0.99933356,0.9998917,0.99982196,0.9998599,0.99980074,0.99989253,0.99973094,0.9999007,0.9998726,0.9998645,0.9999006,0.99988174,0.9998505,0.9998251,0.9998685,0.9998085,0.999806,0.99976134,0.99981457,0.9996253,0.99980825,0.9999197,0.99991083,0.99991506,0.9997893,0.9999443,0.9998961,0.9999036,0.9998718,0.9999077,0.99990857,0.9998901,0.9999166,0.9997619,0.99980664,0.99987745,0.9998958,0.99975073,0.9998968,0.9998501,0.9998043,0.9998985,0.9995802,0.9997424,0.99972653,0.9998087,0.9998734,0.99986655,0.99983186,0.99977493,0.9997297,0.9998639,0.99923736,0.9998596,0.99988717,0.999869,0.99979836,0.99987596,0.99980956,0.9997204,0.9999101,0.999915,0.9998791,0.99949795,0.9997743,0.99986327,0.9998682,0.99986404,0.99983275,0.99990624,0.9997715,0.99985814,0.99979126,0.9998569,0.99975836,0.9998727,0.99981946,0.999897,0.99978685,0.9998333,0.9998667,0.9997534,0.9998935,0.9994765,0.9997883,0.99987245,0.9998723,0.9997585,0.9998809,0.99979985,0.99986565,0.9998461,0.9998528,0.9997491,0.9998496,0.9998899,0.99974096,0.99982816,0.9996991,0.99974996,0.99984235,0.9998023,0.9997699,0.9998248,0.9995889,0.99991626,0.99975705,0.9998313,0.9998974,0.9998344,0.9998217,0.9998104,0.99985594,0.99973613,0.9998311,0.9997727,0.99988574,0.9998214,0.9997548,0.9998647,0.99954385,0.9994538,0.9997528
ipip225,0.9997871,0.99978393,0.9997823,0.999734,0.99976414,0.9997244,0.9997803,0.99979126,0.99980426,0.99973494,0.9997603,0.99979115,0.99983984,0.9998755,0.9997393,0.9998382,0.9998473,0.9997596,0.9998532,0.99985784,0.9998527,0.9997909,0.99980766,0.99979377,0.999739,0.9998222,0.99975765,0.9998534,0.9998201,0.99981993,0.99977016,0.99979883,0.99973273,0.9997985,0.9998093,0.99977946,0.9998207,0.9998046,0.99986535,0.99979305,0.9997428,0.9997849,0.9997525,0.9997488,0.9997304,0.99976915,0.99977136,0.9997272,0.9998039,0.9997906,0.9997504,0.99951905,0.99979174,0.9998051,0.9997161,0.99978036,0.99964964,0.99975777,0.9997902,0.9998023,0.9998134,0.9997957,0.9998183,0.99974924,0.9997923,0.9998043,0.999804,0.99976933,0.99977463,0.99974775,0.99976665,0.9997983,0.99966383,0.99974585,0.99982005,0.999532,0.9997728,0.9998179,0.99978757,0.999792,0.9997672,0.9998139,0.9997896,0.9997622,0.99981534,0.999792,0.9998092,0.9999981,0.9997639,0.99979466,0.9997719,0.9997797,0.9998275,0.9997407,0.9997303,0.9997488,0.99975926,0.99976826,0.9997819,0.99971694,0.9998553,0.9997843,0.9998073,0.99982214,0.9998333,0.99970645,0.999799,0.99970895,0.9998175,0.9998,0.9998017,0.9997633,0.9997987,0.9997956,0.9998143,0.9997899,0.9998116,0.9998156,0.9997967,0.9998067,0.99981797,0.9997877,0.99979335,0.99981797,0.99981856,0.9997641,0.9997971,0.9998271,0.99975115,0.99982774,0.99977607,0.9995933,0.99977124,0.9998218,0.9997652,0.99978924,0.9997874,0.99979913,0.9997913,0.9997499,0.9997865,0.9998468,0.9998811,0.99981105,0.9998271,0.99978787,0.9997989,0.9997705,0.9997235,0.9998201,0.9997899,0.9997755,0.99976295,0.9997229,0.99977183,0.9997875,0.9997888,0.9997501,0.9997297,0.9997858,0.9997333,0.999805,0.99977547,0.99969757,0.999775,0.99935514,0.999781,0.9997806,0.9997857,0.9997527,0.9997622,0.9997258,0.9997555,0.99979943,0.99976885,0.99978036,0.9997836,0.999752,0.9997559,0.9997987,0.99980927,0.9997791,0.9997288,0.9997788,0.9996549,0.99977773,0.9998142,0.99980974,0.9998156,0.99976856,0.99981004,0.9997974,0.9997976,0.9997747,0.99980897,0.9997648,0.9997939,0.9997811,0.99973184,0.99976915,0.99978656,0.9997629,0.99972737,0.9997798,0.99977773,0.9997414,0.9997912,0.9996438,0.99977314,0.9997407,0.99977064,0.9997733,0.9997594,0.99978215,0.99977297,0.99975985,0.99979484,0.9993912,0.9998347,0.99981534,0.99977565,0.9997306,0.9998089,0.99979895,0.9996945,0.9997822,0.9997761,0.99980927,0.9996026,0.99973613,0.999814,0.99978316,0.9997988,0.9997726,0.9998018,0.99974245,0.9997744,0.99973655,0.9997821,0.9997589,0.9998078,0.9997962,0.99977976,0.9997479,0.99978817,0.99979365,0.99971503,0.99976337,0.9995709,0.9997491,0.99979365,0.9997877,0.9997715,0.9998015,0.9997809,0.9998017,0.9998356,0.9997825,0.9997536,0.99978924,0.9998047,0.99973786,0.9997861,0.9996899,0.99976796,0.9997762,0.99977607,0.9997203,0.9997925,0.99964195,0.9997844,0.99973416,0.9997678,0.9997942,0.99978274,0.99979275,0.9997698,0.9997631,0.9997399,0.9997779,0.99972945,0.99977374,0.9997741,0.9997149,0.9998054,0.9995595,0.9995489,0.9997122
ipip255,0.999685,0.99967414,0.9997331,0.9996555,0.99969584,0.9996751,0.99969864,0.9996964,0.99972665,0.9996647,0.999699,0.99975646,0.9997418,0.9997223,0.9996774,0.99973625,0.99973977,0.9997003,0.99974805,0.99972534,0.99974257,0.9997076,0.99972415,0.99969584,0.99967575,0.99973404,0.9996982,0.99974626,0.99973625,0.9997349,0.9997065,0.999727,0.9996846,0.9997222,0.99974775,0.9997115,0.99973786,0.99972755,0.9997474,0.9997131,0.999676,0.9997183,0.99968535,0.9996697,0.9996633,0.9997081,0.99970275,0.99968547,0.9997181,0.99971294,0.9996614,0.99941576,0.9997201,0.9996689,0.9996641,0.99969184,0.99960685,0.9996965,0.99968016,0.99971884,0.9997297,0.99975234,0.99972504,0.9996852,0.99972534,0.99971074,0.9997254,0.99972004,0.99971265,0.9997187,0.99969834,0.99972516,0.99963665,0.9996783,0.9997971,0.9994344,0.9996768,0.9997153,0.99972886,0.9997417,0.9997437,0.99974304,0.9996981,0.99973184,0.9997409,0.9997248,0.9997274,0.9997639,0.9999974,0.9997414,0.9997242,0.9996992,0.9997496,0.9996619,0.99977314,0.99967,0.99968594,0.9997167,0.99972177,0.9996338,0.9997355,0.99972713,0.99974114,0.99971545,0.99976176,0.9995894,0.99970174,0.99963665,0.9997239,0.999722,0.99973106,0.9997156,0.99972904,0.99974674,0.99973994,0.9997523,0.99972916,0.9997764,0.9997549,0.9997172,0.99971473,0.99969155,0.99969554,0.9997188,0.99971783,0.9996778,0.99968183,0.99972034,0.9997126,0.9996937,0.99969065,0.9995121,0.99966955,0.9997204,0.9996875,0.99972606,0.9997206,0.99972796,0.99971426,0.99967533,0.99970776,0.99973404,0.99974054,0.99970585,0.99975556,0.99965495,0.99972934,0.99971396,0.99966234,0.99972856,0.999717,0.9997189,0.9997118,0.9996443,0.99970466,0.9997185,0.99971926,0.99966985,0.9996394,0.99971855,0.99964154,0.9997306,0.9997306,0.99967146,0.99970496,0.99930316,0.9997074,0.99970293,0.99969816,0.99968004,0.9996845,0.9996907,0.99968314,0.999705,0.99972034,0.99971235,0.9996992,0.9996909,0.99970114,0.99970055,0.9996955,0.99972475,0.99966526,0.9997206,0.9996207,0.99969685,0.9997197,0.9997158,0.99971414,0.9996865,0.9997129,0.9997133,0.99971396,0.9997226,0.9997342,0.99969983,0.999701,0.99969774,0.9996417,0.999696,0.99969447,0.9996784,0.99963135,0.9996985,0.99969083,0.9996849,0.9997127,0.99962705,0.99966913,0.99966365,0.9996824,0.9996907,0.99970764,0.99971193,0.9997052,0.9996731,0.99970526,0.9994165,0.9997838,0.99973845,0.9997032,0.9996683,0.99972194,0.99971455,0.99964863,0.99971896,0.9996977,0.99971616,0.999486,0.9996688,0.99971294,0.9997134,0.99973154,0.99970394,0.9997064,0.9996842,0.999714,0.99966055,0.9997134,0.99968153,0.9997203,0.99970776,0.99970555,0.99972236,0.9997045,0.99972636,0.9996688,0.99969053,0.9995014,0.9996652,0.9997563,0.99975955,0.99970454,0.9997576,0.9997247,0.9997051,0.9997063,0.99971306,0.9996543,0.99970734,0.9997152,0.9996893,0.9996985,0.9996078,0.9996941,0.999721,0.99969816,0.99966866,0.99972826,0.99962616,0.9997209,0.9997239,0.9997257,0.9997239,0.99972,0.9997311,0.9997056,0.99969137,0.99968576,0.9997061,0.99971706,0.9997215,0.9997029,0.99970233,0.9997293,0.9995484,0.99943775,0.9996489
ipip285,0.9998582,0.9997621,0.99983555,0.99975145,0.99983275,0.9997475,0.99987787,0.99982584,0.9998539,0.9997534,0.9997965,0.9998538,0.9998143,0.999784,0.9997144,0.9998624,0.9998712,0.9997881,0.9998807,0.9998721,0.9998561,0.9998068,0.99981844,0.99984384,0.9997633,0.99986106,0.9997445,0.9998644,0.99983865,0.9998171,0.9998344,0.9998321,0.99977857,0.9998709,0.9999076,0.9998212,0.99987066,0.99989647,0.99985665,0.9998672,0.99973017,0.99982625,0.9997869,0.999761,0.9997186,0.9998434,0.99980444,0.9997594,0.99987674,0.9997687,0.9998019,0.99942285,0.99983203,0.999775,0.9996854,0.9997781,0.9996742,0.99972516,0.99976367,0.999826,0.9998709,0.99980617,0.99986243,0.99980336,0.99981683,0.9997541,0.99993193,0.9998457,0.99984175,0.9997867,0.9998584,0.9998258,0.99963266,0.9997727,0.99979514,0.99942154,0.99980164,0.99985194,0.99979866,0.99983984,0.99981654,0.9998755,0.9997898,0.9998755,0.99984586,0.9999032,0.9999041,0.99979466,0.9997414,0.99999607,0.99979514,0.9998588,0.9998463,0.99969375,0.99964327,0.9997184,0.99986273,0.99979645,0.99968576,0.99966466,0.9998039,0.9998575,0.9998355,0.9997975,0.9998515,0.9996034,0.9998708,0.9996994,0.999848,0.99988794,0.9998911,0.99980533,0.99980956,0.99980074,0.9998896,0.9997859,0.9998758,0.99987483,0.9998724,0.999812,0.99985474,0.9997962,0.99982125,0.99984044,0.9998501,0.99975747,0.99979335,0.99983454,0.9997748,0.9997728,0.9998416,0.9994691,0.99971473,0.999732,0.9998365,0.99983066,0.99980885,0.99983627,0.99987334,0.99984145,0.99986905,0.99984694,0.9997647,0.9998442,0.9998601,0.9996831,0.99984145,0.9998313,0.99967605,0.9998672,0.9998555,0.9997864,0.9996801,0.9996423,0.9998747,0.9997882,0.99979067,0.99977654,0.99967825,0.99988794,0.99966425,0.9998649,0.99983674,0.9997087,0.9998742,0.9993009,0.9998613,0.99981153,0.9998524,0.9997653,0.9998502,0.99973,0.9998639,0.99984956,0.99984366,0.99986136,0.9998549,0.99984026,0.9998075,0.999833,0.99977654,0.99979573,0.99974024,0.99980646,0.99961686,0.9997916,0.99986666,0.9998669,0.9998701,0.9997707,0.9998837,0.99985874,0.99985844,0.99984694,0.99986535,0.9998698,0.9998584,0.9998762,0.99974245,0.9998055,0.9998509,0.9998605,0.99973077,0.9998563,0.99982375,0.9997993,0.9998738,0.9996164,0.9997379,0.9997355,0.99979085,0.9998482,0.99984217,0.9998184,0.9997665,0.999723,0.99982744,0.99924207,0.99983007,0.99984413,0.9998308,0.99980026,0.9998488,0.9997952,0.9996863,0.99987274,0.99987394,0.9998597,0.9995034,0.9997519,0.99983937,0.99983305,0.9998518,0.9998155,0.9998674,0.999751,0.9998529,0.99977714,0.9998329,0.9997514,0.9998555,0.99980783,0.9998677,0.9997885,0.99981,0.99985933,0.9997578,0.99985635,0.99947387,0.99977523,0.99985427,0.9998553,0.9997362,0.99985796,0.99978393,0.99984497,0.9998257,0.99983513,0.9997366,0.99983674,0.99985886,0.99974406,0.999813,0.9996879,0.99974465,0.999826,0.99977463,0.99977356,0.999789,0.99960715,0.9998803,0.9997647,0.99981457,0.9998633,0.9998229,0.99980724,0.99979305,0.99984944,0.99974537,0.9998161,0.9997929,0.9998541,0.99982953,0.99977577,0.9998446,0.99957806,0.9994888,0.9997527
ipip20,0.9997896,0.9997208,0.9997752,0.9997104,0.9997846,0.9997566,0.9997875,0.99973524,0.9997956,0.99970114,0.99974006,0.99985915,0.99979174,0.99974555,0.9997195,0.9998013,0.99981964,0.99974406,0.99981713,0.99977696,0.9998216,0.9997846,0.9998001,0.9997844,0.9997739,0.9998206,0.9996956,0.99980164,0.99982613,0.99981695,0.99979955,0.9997987,0.9997562,0.9998255,0.99980676,0.99981564,0.9998034,0.99979246,0.99983674,0.99981517,0.9996988,0.99977195,0.99976313,0.999736,0.9996884,0.9998047,0.999785,0.9997201,0.9998096,0.99977577,0.99974513,0.99938685,0.99979365,0.9996975,0.9996678,0.99973106,0.9996731,0.99973047,0.9997531,0.99979025,0.99982333,0.99979997,0.9998279,0.999813,0.99981225,0.99977756,0.99979925,0.99978244,0.99979603,0.9997477,0.99981683,0.99981594,0.9996694,0.9997687,0.9998186,0.99939376,0.99976045,0.9998101,0.99977046,0.99980545,0.9998173,0.99984235,0.99976474,0.99981606,0.99982256,0.9998173,0.99981004,0.9997719,0.9997242,0.99979514,0.9999997,0.9998217,0.9998427,0.9997837,0.9996543,0.9997136,0.99981713,0.99976647,0.99972373,0.9996513,0.9998312,0.999838,0.99986064,0.99985665,0.99984676,0.9996559,0.9997938,0.9997466,0.99980485,0.9998185,0.99983025,0.9998133,0.9998514,0.99982166,0.9998204,0.99979454,0.99986637,0.99983066,0.99982756,0.99978185,0.99981785,0.99979603,0.9997993,0.99981415,0.9998143,0.99975747,0.99974185,0.99978274,0.9997492,0.9997537,0.99980783,0.9995107,0.99973536,0.9997056,0.9997855,0.99981743,0.99980235,0.99978983,0.99981725,0.9998108,0.9998387,0.99983424,0.99976027,0.9998045,0.99985385,0.99971616,0.9998385,0.9997992,0.9996616,0.99982035,0.9998239,0.99982285,0.9997109,0.99967945,0.9998222,0.99981797,0.999811,0.999777,0.99970806,0.9998143,0.99968964,0.99982816,0.9998081,0.99974614,0.99982977,0.9993355,0.99978495,0.9997979,0.99979734,0.9997845,0.9998084,0.99976987,0.9998077,0.99980474,0.9997962,0.9998013,0.9997911,0.9997959,0.99976265,0.9997914,0.99976987,0.9997664,0.9997434,0.9997634,0.99961156,0.99976814,0.9998173,0.9998149,0.9998144,0.99974966,0.99981385,0.9998058,0.99981284,0.9998011,0.99984986,0.99980384,0.99980956,0.99978954,0.99972457,0.99974716,0.9997863,0.99979955,0.99969554,0.9998082,0.9998022,0.99978983,0.99980783,0.9995992,0.9997272,0.9997027,0.99976784,0.99979806,0.99979585,0.9997948,0.9997417,0.99975413,0.9997816,0.99925613,0.9997815,0.999854,0.9998141,0.99973387,0.99979466,0.9997858,0.9996773,0.99982023,0.9997953,0.9998048,0.9994945,0.99974453,0.9997951,0.9998206,0.9998232,0.99978787,0.99983054,0.99974847,0.99981344,0.9997715,0.9998105,0.9997792,0.9998219,0.99978715,0.9998049,0.9997554,0.999784,0.9997933,0.99973404,0.9998067,0.9994711,0.99976546,0.9997998,0.999806,0.9997328,0.99981046,0.99974555,0.9997838,0.9997525,0.9998124,0.99972403,0.9998106,0.9998076,0.99970734,0.9997477,0.99963915,0.99971163,0.999805,0.99978775,0.9997672,0.99981016,0.99967784,0.99980193,0.99973595,0.99980026,0.9997957,0.9998051,0.99979705,0.9997856,0.99980265,0.99975544,0.9997899,0.999761,0.9997994,0.9997611,0.99974674,0.999795,0.9995591,0.9994487,0.99970776
ipip50,0.99992573,0.999753,0.99984956,0.99975467,0.9998706,0.9997714,0.99991214,0.999767,0.99987227,0.99974626,0.9997808,0.99988234,0.9997879,0.99975723,0.99967986,0.9998537,0.99988204,0.9997508,0.9998709,0.99983305,0.9998886,0.99979424,0.9998828,0.99987215,0.9997914,0.99987644,0.9996921,0.9998739,0.9998305,0.99983954,0.9998904,0.9998259,0.99978465,0.9999012,0.9999106,0.9998745,0.9998955,0.99991053,0.9998674,0.9998806,0.99970627,0.99983233,0.99981695,0.9997428,0.9997033,0.99987215,0.99980307,0.99975604,0.9998622,0.9997345,0.99979377,0.99934095,0.9998661,0.9997405,0.99967104,0.99976027,0.99965703,0.9997059,0.99977,0.9998446,0.99992764,0.9998481,0.999938,0.9998347,0.99983907,0.9997795,0.9998956,0.9998739,0.99987334,0.99972993,0.99993575,0.9998781,0.9996177,0.9998122,0.999825,0.9993228,0.99976647,0.99987143,0.99980253,0.99985665,0.99983805,0.9999287,0.9998198,0.999911,0.99988246,0.99993837,0.99990755,0.9997797,0.9996992,0.9998588,0.9998217,0.9999972,0.9998847,0.9997184,0.99963033,0.999699,0.9999324,0.9998123,0.9997185,0.9996462,0.99985135,0.9999336,0.999883,0.99986327,0.9998956,0.9995962,0.9998998,0.9997348,0.99987596,0.9999193,0.9999307,0.9998253,0.9998235,0.9998029,0.99991554,0.99978304,0.99991083,0.99992365,0.99991953,0.99981654,0.99992526,0.99980515,0.99987245,0.9998884,0.99991214,0.9997815,0.9998004,0.9998457,0.99978215,0.9997759,0.9999152,0.99946785,0.9997544,0.9996911,0.9998891,0.9998709,0.9998394,0.9998452,0.9999221,0.9999206,0.9999492,0.9998896,0.99977154,0.9998489,0.9998832,0.9996635,0.99987257,0.9998706,0.99961615,0.9998647,0.99993783,0.9998502,0.99972403,0.99965227,0.9999474,0.9998217,0.9998336,0.9998112,0.99965274,0.9999322,0.9996802,0.99991465,0.9998809,0.99974835,0.99992466,0.9992485,0.99989104,0.9998578,0.9998621,0.99980307,0.9999385,0.9997142,0.99993193,0.9998999,0.9998912,0.999908,0.999897,0.9998471,0.9998236,0.9998698,0.9997635,0.99980354,0.9997816,0.99980557,0.99957925,0.9997983,0.99991834,0.99991447,0.9999137,0.9997817,0.99990726,0.9999091,0.9999127,0.9998983,0.9999286,0.99993813,0.99990493,0.99992406,0.99974287,0.99978304,0.9998684,0.99992496,0.99972385,0.999911,0.99987346,0.9998417,0.9999239,0.99952734,0.99972236,0.9996909,0.99981403,0.9998281,0.9998924,0.9998437,0.9997536,0.99973,0.99986625,0.9991469,0.99983084,0.99988097,0.99991447,0.99978197,0.9998519,0.9998015,0.99968636,0.99990964,0.99992025,0.9998671,0.99945134,0.9997445,0.99984306,0.9998741,0.9998962,0.9998724,0.9999152,0.9997731,0.9998902,0.9997822,0.9998834,0.99974674,0.9998618,0.99982303,0.9999121,0.9997888,0.9998039,0.9998726,0.9997659,0.9999377,0.9994214,0.999801,0.99988705,0.9998851,0.999744,0.99989337,0.9997937,0.9998619,0.99984294,0.99989015,0.9997501,0.99987453,0.9998971,0.99972373,0.99979883,0.9996533,0.9997244,0.9998451,0.9998108,0.9998233,0.9998343,0.99957705,0.9999226,0.99972856,0.99985725,0.9998912,0.99983776,0.9998352,0.9998373,0.9998951,0.9997703,0.9998653,0.99979067,0.99989104,0.9998135,0.9997753,0.99985635,0.9995079,0.99941075,0.9997519
ipip80,0.9998651,0.9997717,0.9998256,0.9997586,0.9998504,0.9997777,0.99985677,0.99979305,0.9998366,0.9997524,0.99977213,0.9998708,0.99982333,0.99979186,0.99971855,0.99983954,0.9998826,0.99975663,0.9998568,0.9998575,0.9998884,0.99982953,0.99985516,0.9998278,0.99977493,0.9998491,0.99972135,0.99986637,0.99986297,0.99983287,0.9998328,0.99983096,0.999767,0.99985856,0.99987656,0.9998479,0.99985796,0.9998642,0.99986047,0.99984604,0.9997343,0.99982584,0.99979395,0.99975884,0.9997138,0.99983394,0.99978817,0.9997534,0.99984884,0.9997825,0.99977213,0.999401,0.99986964,0.9997512,0.9996809,0.99976635,0.99969673,0.99973243,0.9997956,0.99981827,0.99990284,0.99984115,0.9999092,0.99980354,0.99984455,0.9998008,0.9998701,0.99982876,0.9998293,0.9997707,0.99987674,0.9998608,0.9996834,0.9998214,0.9998777,0.9994325,0.99976903,0.9998511,0.9997947,0.99983263,0.9998242,0.99990034,0.99981993,0.9998579,0.9998606,0.9998892,0.99988073,0.9998275,0.9997496,0.9998463,0.9998427,0.9998847,0.999999,0.99978966,0.9996843,0.9997501,0.9998716,0.999789,0.9997311,0.9996814,0.99986696,0.99988276,0.9998877,0.9998431,0.9999106,0.99963534,0.9998512,0.999759,0.9998677,0.99989545,0.9998962,0.99983615,0.9998526,0.99985015,0.9998916,0.99982476,0.99989104,0.99989074,0.99989295,0.99983776,0.999882,0.99982405,0.9998352,0.9998647,0.9998871,0.9997614,0.9997833,0.9998464,0.99975806,0.99979675,0.99987084,0.99951226,0.99977916,0.9997545,0.9998593,0.99984145,0.9998207,0.99983424,0.99988204,0.9998596,0.9998866,0.99987864,0.9998274,0.99985677,0.9998933,0.99972415,0.9998502,0.99982446,0.9996732,0.9998552,0.99986535,0.9998239,0.99972224,0.99971175,0.9998889,0.999821,0.9998197,0.99980026,0.9997274,0.99987996,0.99972427,0.9998808,0.9998555,0.9997533,0.9998796,0.99933517,0.9998513,0.99981457,0.999855,0.9998069,0.99987173,0.9997594,0.99986434,0.9998463,0.99983424,0.99985486,0.99984777,0.9998152,0.9997941,0.99982953,0.99977887,0.9997928,0.9997527,0.99980414,0.9996401,0.99983835,0.99986583,0.99985987,0.9998593,0.9997625,0.99986106,0.9998522,0.9998567,0.9998374,0.99988323,0.9998612,0.9998566,0.9998568,0.99972975,0.9997701,0.999846,0.999852,0.9997402,0.99985886,0.9998319,0.99979955,0.99986106,0.9995768,0.99973977,0.99971426,0.9997885,0.99981916,0.99983037,0.999832,0.99976414,0.9997534,0.9998219,0.9992408,0.99985266,0.9998679,0.9998568,0.99976474,0.9998581,0.99981916,0.99970406,0.9998728,0.9998644,0.9998606,0.9995101,0.9997526,0.99983597,0.9998654,0.99988455,0.999825,0.9998891,0.99978614,0.9998592,0.9998162,0.999855,0.9997794,0.9998617,0.9998376,0.9998619,0.99976885,0.99980843,0.9998589,0.9997814,0.9998746,0.99952877,0.9997989,0.9998446,0.9998416,0.99975115,0.9998546,0.9997953,0.9998453,0.99983037,0.99986374,0.99978,0.9998483,0.99985635,0.99973506,0.99979985,0.99968684,0.999731,0.99985546,0.9998171,0.9997873,0.9998476,0.9996482,0.9998817,0.99975127,0.9998349,0.9998634,0.99982846,0.9998536,0.9998236,0.9998416,0.99977845,0.9998588,0.99978864,0.9998586,0.9998127,0.999775,0.99984914,0.99956053,0.999482,0.99977845
ipip110,0.999691,0.999698,0.9997011,0.99968004,0.99972504,0.9997048,0.9996852,0.9997016,0.99973357,0.9996771,0.9996859,0.999763,0.9997399,0.99973,0.99962336,0.9997077,0.999749,0.99969107,0.9997482,0.9997184,0.9997543,0.99974066,0.99974674,0.9997097,0.9996824,0.99975455,0.99969846,0.99972767,0.99977916,0.99975896,0.999715,0.9997365,0.9996817,0.9997436,0.9997022,0.99973804,0.9997198,0.9996886,0.99973977,0.9997385,0.99967724,0.99970645,0.999715,0.9996958,0.9996635,0.99973744,0.9997397,0.99964255,0.9997472,0.99973893,0.9997061,0.9994654,0.9997431,0.9997117,0.999622,0.9997032,0.99962336,0.9997041,0.9997339,0.9997108,0.9997495,0.9997777,0.9997552,0.9997317,0.9997352,0.99968636,0.99972004,0.99967915,0.99971634,0.9996728,0.99968576,0.99973696,0.9996337,0.99971896,0.99978936,0.9994509,0.99970835,0.99974144,0.9997233,0.99973494,0.99970865,0.99975264,0.99972796,0.999683,0.999759,0.9996943,0.99972075,0.9997407,0.9996619,0.99969375,0.9997837,0.9997184,0.99978966,0.9999995,0.99966395,0.99973,0.99968433,0.9997275,0.9997072,0.9997192,0.9997708,0.99973375,0.9998012,0.99977595,0.99979293,0.9996739,0.99973273,0.9996755,0.99976283,0.9997217,0.99971694,0.99976206,0.99981284,0.9998369,0.99973994,0.99977,0.99980134,0.9997481,0.99975145,0.99974066,0.99972844,0.9997857,0.9997399,0.9997674,0.9997413,0.9996977,0.9997216,0.9997416,0.9996885,0.9997257,0.9997258,0.99953187,0.99973667,0.9997234,0.9997048,0.9997285,0.999707,0.99972516,0.9997133,0.9996873,0.999718,0.9997446,0.99971634,0.9997263,0.99976975,0.99968624,0.9997478,0.999713,0.9996487,0.99976593,0.9997301,0.99975556,0.9997372,0.99970186,0.9997126,0.9997475,0.9997464,0.9997383,0.9997185,0.9997086,0.99971884,0.99975896,0.99975085,0.9996974,0.99971366,0.99934644,0.9997065,0.99974555,0.9997502,0.99976015,0.99972147,0.999731,0.9997014,0.99971807,0.99969846,0.9997108,0.99972034,0.9997212,0.9997085,0.9997387,0.99978435,0.99973226,0.9997362,0.99974185,0.9996168,0.9997563,0.9997305,0.99973094,0.999734,0.9997323,0.99973714,0.9997158,0.9997231,0.99970555,0.9997565,0.9996839,0.99973524,0.9996968,0.99973416,0.9997095,0.9997388,0.99970406,0.9997066,0.9997222,0.99974495,0.99973077,0.99971753,0.9995782,0.9997043,0.99967146,0.9997176,0.99974316,0.99969476,0.99974984,0.9997193,0.9997143,0.9997231,0.9993151,0.99975103,0.99977005,0.9997255,0.99969983,0.9997484,0.9997409,0.99965125,0.9997271,0.9997136,0.99977624,0.99956644,0.99968874,0.9997686,0.99977386,0.99975204,0.99967766,0.9997621,0.99974805,0.9997469,0.99976754,0.99975413,0.99976784,0.99981177,0.99979,0.9997153,0.99968994,0.99975336,0.9997326,0.9997104,0.99969614,0.99952704,0.9997354,0.99970657,0.99971056,0.9996966,0.9997172,0.99971324,0.99977195,0.99971765,0.99976534,0.9997573,0.9997201,0.999731,0.99970686,0.9997244,0.9996811,0.99966204,0.9997367,0.9997344,0.9997029,0.9997626,0.9996469,0.999697,0.9996703,0.99974173,0.9997124,0.9997554,0.9997534,0.9997567,0.99972427,0.9997202,0.9997476,0.99969125,0.9997032,0.99971527,0.99967927,0.99973655,0.9995384,0.9994894,0.99967116
ipip140,0.9996092,0.9996525,0.9996694,0.99963,0.99963975,0.9996428,0.9996076,0.9996436,0.99965554,0.999628,0.9996606,0.99967456,0.99968344,0.9996868,0.9996204,0.9996758,0.9996611,0.9996349,0.99969614,0.99965495,0.9996918,0.9996845,0.99967766,0.99964476,0.9996261,0.9996771,0.9996629,0.99967694,0.9996598,0.9996956,0.99964285,0.9996675,0.9996271,0.9996548,0.9996393,0.9996426,0.99963737,0.999616,0.99966043,0.99964494,0.9996442,0.999656,0.9996686,0.99964267,0.99967897,0.9996672,0.9996831,0.99960566,0.99967194,0.9996598,0.9996206,0.9994994,0.999683,0.9996265,0.99962234,0.9996366,0.9995694,0.99966097,0.9996651,0.99966365,0.9996625,0.9997694,0.99966085,0.9996409,0.9996501,0.9996728,0.9996359,0.9996226,0.9996604,0.9996568,0.9996042,0.9996575,0.9996237,0.9996293,0.9997388,0.99942166,0.99962425,0.9996538,0.9996814,0.9996818,0.99963665,0.9996652,0.999666,0.9996053,0.9996587,0.99961907,0.9996362,0.9997303,0.99977314,0.99964327,0.9996543,0.99963033,0.9996843,0.99966395,0.99999833,0.9997037,0.99960166,0.99969465,0.9997584,0.99963504,0.9996949,0.99965584,0.99967545,0.9996629,0.9996906,0.9995817,0.9996359,0.9995746,0.9996624,0.99962604,0.9996435,0.9996602,0.9996927,0.9996878,0.99964815,0.9996846,0.9996528,0.99969554,0.99966717,0.999658,0.9996472,0.9996628,0.99965465,0.99967694,0.99964386,0.9996411,0.99964416,0.9996596,0.9996639,0.99964845,0.9996208,0.9994756,0.99966,0.9997,0.9996111,0.99966425,0.99965143,0.9996728,0.9996309,0.9995829,0.9996274,0.99967146,0.99969375,0.9996448,0.999681,0.9996366,0.99965245,0.99965596,0.9996487,0.9996699,0.9996528,0.99967676,0.9997429,0.9996622,0.9996173,0.999674,0.9996655,0.9996287,0.99962443,0.9996284,0.9996393,0.999673,0.9996512,0.99963313,0.99961805,0.9992926,0.9996284,0.9996573,0.9996356,0.9996262,0.99961483,0.99965143,0.9995856,0.99963564,0.9996448,0.9996404,0.99963695,0.99963313,0.9996438,0.9996471,0.9996583,0.99969256,0.999652,0.99967754,0.9996237,0.999664,0.99964035,0.99964225,0.9996427,0.99964213,0.9996257,0.9996441,0.99964285,0.9996478,0.9996573,0.99961805,0.99964255,0.99961454,0.9996149,0.99966407,0.9996366,0.99959975,0.99962574,0.9996376,0.9996629,0.99965847,0.9996366,0.99959266,0.99963546,0.9996265,0.99964947,0.9996162,0.99964225,0.9996807,0.99967456,0.9996674,0.9996543,0.9993944,0.99973196,0.9996604,0.9996286,0.99964917,0.9996639,0.9996687,0.9996775,0.9996383,0.9996115,0.99965477,0.99951947,0.9996161,0.99966353,0.9996709,0.99968046,0.9996286,0.99964476,0.9996643,0.9996471,0.999617,0.9996504,0.99963623,0.99966383,0.9996801,0.9996314,0.9996587,0.99966115,0.99965113,0.9996448,0.99960744,0.99954396,0.9996318,0.99967027,0.9996675,0.9996635,0.9996737,0.9996717,0.99966687,0.99965286,0.9996659,0.99963254,0.9996331,0.9996556,0.9996587,0.99965006,0.9996053,0.9996327,0.9996788,0.99964446,0.9996248,0.99966824,0.99962276,0.9996276,0.9996593,0.99966455,0.9996411,0.9996646,0.9996776,0.99966574,0.9996371,0.99966836,0.99965394,0.999657,0.9996212,0.9996402,0.9996415,0.99967104,0.99953353,0.9994804,0.9996228
ipip170,0.99969834,0.99974746,0.99971586,0.99971426,0.99973005,0.999673,0.9996962,0.9997531,0.99974006,0.999712,0.9997149,0.9997516,0.9997697,0.9997507,0.99963814,0.9997376,0.9997588,0.9996988,0.99974954,0.9997366,0.99975467,0.9997377,0.99973446,0.9997277,0.99968857,0.9997751,0.9997366,0.9997475,0.9997398,0.99973655,0.99971336,0.9997441,0.9996808,0.9997504,0.99971557,0.9997213,0.99972534,0.9997051,0.9997253,0.9997382,0.99971354,0.9997332,0.9997653,0.99970436,0.9997336,0.99977684,0.9998183,0.9996534,0.99976325,0.99975616,0.99970657,0.99954545,0.9997834,0.9997033,0.9996373,0.99975777,0.9996315,0.99971455,0.99975544,0.9997343,0.9997114,0.9997665,0.9997153,0.9996982,0.99972594,0.99969035,0.99973315,0.9996522,0.9996834,0.9996786,0.9996856,0.99974096,0.999647,0.9997417,0.9997698,0.9994854,0.99969447,0.9997202,0.9997381,0.99973226,0.99970067,0.9997542,0.99973387,0.99965906,0.9997344,0.99969023,0.9997222,0.9997488,0.99967,0.9997184,0.9997136,0.999699,0.9997501,0.99973,0.9997037,0.99999726,0.9996811,0.99974895,0.9997041,0.99973065,0.99974376,0.9997128,0.99972457,0.9997,0.9997408,0.99965584,0.9997038,0.99962956,0.9997506,0.99971724,0.9997153,0.9997444,0.9997879,0.99975437,0.99974126,0.9997543,0.9997197,0.99972314,0.99971753,0.99976116,0.999736,0.9997677,0.99973756,0.9997411,0.9997148,0.9997148,0.9997461,0.9997353,0.9996829,0.9997534,0.99971235,0.9995283,0.99972093,0.99969286,0.9996935,0.9997354,0.99970794,0.99974024,0.999707,0.99964756,0.99967223,0.99975044,0.99970144,0.99973506,0.9997313,0.99969804,0.9997083,0.99968374,0.99971884,0.9997592,0.99970764,0.9997229,0.9997017,0.99968207,0.99968284,0.99974394,0.9997376,0.99972445,0.99968636,0.9997038,0.9997021,0.9997498,0.99971884,0.99966866,0.99968535,0.999344,0.99972636,0.99970955,0.9997162,0.9996925,0.99969196,0.9997323,0.99965525,0.9996833,0.9996948,0.999717,0.99972147,0.999706,0.9997068,0.9997504,0.9997377,0.9997406,0.9997059,0.9997373,0.9996359,0.9997618,0.9997369,0.99972904,0.99973536,0.9997284,0.99971384,0.9997183,0.99971676,0.99970585,0.99974024,0.9996844,0.9997261,0.99971175,0.9996989,0.99978954,0.99974066,0.9996762,0.9997207,0.99970394,0.99974823,0.99973154,0.9997221,0.99958175,0.9997424,0.99970365,0.99971294,0.99969304,0.99970096,0.999747,0.9997391,0.9997315,0.999722,0.99934685,0.99974525,0.99971795,0.9996901,0.9997119,0.99976635,0.9997392,0.9996768,0.9997052,0.9997119,0.9997313,0.9995743,0.99966854,0.9997521,0.9997648,0.9997323,0.9996621,0.99973387,0.9997501,0.99973077,0.99971324,0.99972445,0.99972063,0.99974793,0.9997695,0.9996998,0.9996926,0.99974054,0.9997335,0.99973446,0.99968743,0.99956316,0.99970794,0.99971104,0.9997036,0.9996943,0.9997137,0.9997057,0.9997625,0.99972045,0.9997365,0.9997685,0.9997155,0.99973536,0.99972194,0.9997363,0.99971753,0.99967694,0.99975973,0.9997304,0.99967927,0.99974763,0.99964505,0.9997062,0.9997105,0.99972194,0.9997289,0.9997548,0.99976164,0.9997633,0.9997218,0.9996858,0.99972224,0.99969184,0.9996932,0.99973583,0.99967384,0.9997503,0.9995919,0.999542,0.99973977
ipip200,0.99992156,0.9997521,0.99985105,0.9997514,0.9998739,0.99976933,0.99991643,0.99978375,0.99986726,0.99973977,0.9997703,0.9998725,0.9997699,0.9997323,0.9996629,0.9998356,0.99986947,0.9997441,0.9998535,0.99982744,0.99987566,0.9998081,0.9998536,0.9998645,0.99978036,0.9998564,0.99967897,0.9998587,0.99980634,0.9998247,0.99986815,0.9998206,0.99977964,0.99987864,0.99991375,0.9998742,0.9998829,0.9999076,0.9998509,0.99986714,0.9996968,0.9998183,0.9997849,0.99972796,0.9996908,0.99986255,0.99978524,0.9997402,0.99986386,0.99971765,0.9997885,0.99931276,0.9998746,0.9997258,0.999669,0.9997476,0.99968183,0.9996853,0.99976957,0.99984246,0.9999006,0.9998172,0.99991214,0.99983335,0.9998095,0.99975276,0.9998889,0.9998709,0.99985546,0.99974096,0.99994415,0.9998548,0.99964476,0.99982184,0.9997936,0.99928916,0.99973494,0.99983996,0.99978274,0.9998423,0.99982184,0.9999092,0.99978036,0.9999005,0.9998604,0.99993074,0.99989086,0.99975926,0.99968594,0.99986273,0.99981713,0.9999324,0.9998716,0.99968433,0.99960166,0.9996811,0.9999973,0.9997824,0.99966675,0.99958587,0.99982023,0.999916,0.9998488,0.9998124,0.99987084,0.9995525,0.99987125,0.9997451,0.9998537,0.9999105,0.999931,0.99982536,0.9998077,0.9997738,0.99989164,0.9997583,0.99988997,0.99990124,0.999894,0.9997869,0.99988556,0.9997763,0.9998465,0.99985343,0.9998916,0.99974275,0.99977255,0.99983335,0.99976736,0.9997474,0.9999076,0.9993916,0.9997271,0.9996601,0.9998884,0.9998665,0.9998397,0.99983674,0.99992085,0.99994135,0.9999375,0.9998661,0.99974865,0.99985963,0.9998805,0.99965376,0.99985147,0.999849,0.99959075,0.99985445,0.999901,0.99980736,0.99964726,0.99960935,0.99993074,0.99979484,0.9998067,0.9997923,0.99963677,0.99991506,0.99965894,0.99990183,0.99984646,0.99973196,0.99993724,0.99922574,0.99989206,0.99981904,0.9998636,0.99977046,0.9999238,0.99968463,0.999919,0.99986655,0.9998751,0.9998864,0.9998822,0.9998617,0.9998089,0.99983025,0.9997186,0.9997755,0.9997275,0.9997816,0.9995534,0.99977565,0.99989057,0.9998915,0.9998845,0.9997359,0.99988514,0.99989057,0.99988925,0.99987805,0.9999033,0.99992806,0.99988365,0.999917,0.9996984,0.9997611,0.99985194,0.99991256,0.9997052,0.9998971,0.9998464,0.9998194,0.99990106,0.9995006,0.99969715,0.99967325,0.99979645,0.9998073,0.99987155,0.999818,0.99973196,0.9996975,0.9998269,0.99909246,0.99979824,0.9998524,0.99989533,0.9997641,0.9998422,0.9997911,0.99966,0.9999032,0.9999009,0.99985516,0.99941236,0.9997224,0.99982876,0.9998582,0.99989027,0.9998472,0.99990135,0.9997398,0.9998732,0.99978256,0.9998592,0.99972504,0.99985,0.99978006,0.99989676,0.9997682,0.9997743,0.9998637,0.9997784,0.99992746,0.999419,0.99979794,0.99987483,0.9998794,0.9997152,0.999879,0.99977297,0.99984485,0.999835,0.9998769,0.9997258,0.99985135,0.99988323,0.9996944,0.9997907,0.9996375,0.99972165,0.9998674,0.99978375,0.9998013,0.9998057,0.99957836,0.9999259,0.999736,0.99982756,0.99989104,0.99982715,0.99981797,0.999823,0.9998763,0.99976104,0.9998444,0.99979454,0.9998977,0.99980813,0.99978095,0.99984866,0.99953544,0.99941045,0.9997639
ipip230,0.9997899,0.9997639,0.99977446,0.99977356,0.99981534,0.99975723,0.99980956,0.99978215,0.9998626,0.99978065,0.9997859,0.9998027,0.99979496,0.99975145,0.9997035,0.99981034,0.9997969,0.99978113,0.9997994,0.99977666,0.9998176,0.9997592,0.99982643,0.9998464,0.9997623,0.9998275,0.9998239,0.99982345,0.9997753,0.999811,0.99984974,0.99983984,0.99980175,0.9998413,0.9997919,0.9998037,0.9997886,0.99978566,0.99978966,0.9998171,0.9997709,0.99982584,0.9998274,0.9997489,0.99978936,0.99983186,0.99984384,0.9997384,0.9997995,0.9997606,0.9997923,0.9995402,0.9998309,0.9997574,0.9998225,0.9998212,0.9996466,0.99977696,0.99976933,0.9998437,0.9998029,0.99981165,0.99980545,0.99981016,0.99979675,0.9997593,0.9998153,0.9998212,0.9998509,0.9997936,0.99979115,0.9998106,0.9996823,0.999771,0.9997905,0.9994517,0.999726,0.9997731,0.9998749,0.99989057,0.99978346,0.99981034,0.9997466,0.99977386,0.99979657,0.9997849,0.9997967,0.99976826,0.9997167,0.99979645,0.99976647,0.9998123,0.999789,0.9997275,0.99969465,0.99974895,0.9997824,0.9999978,0.99974215,0.9997185,0.999777,0.9998412,0.9997945,0.99979484,0.9998025,0.9997402,0.9998133,0.9997742,0.99986356,0.99980134,0.99980164,0.9997694,0.99979925,0.9997901,0.9998235,0.9997986,0.9998063,0.99981976,0.9998152,0.9997829,0.9998165,0.9997878,0.9998209,0.9998221,0.9997984,0.9998241,0.9998132,0.999805,0.99990356,0.9997609,0.99980646,0.99953395,0.99976164,0.9997038,0.99978536,0.99983656,0.9998388,0.9998537,0.9998013,0.9997785,0.9997887,0.99982506,0.9997583,0.99982476,0.9997979,0.99968934,0.99978554,0.99984664,0.9997771,0.9998058,0.99985456,0.99983114,0.99973446,0.99968266,0.9997971,0.99980676,0.99980307,0.99980235,0.9996627,0.9998271,0.99972624,0.999844,0.99981004,0.9997799,0.9997909,0.99940985,0.99981254,0.999824,0.99979377,0.9997377,0.9998093,0.99974364,0.9997728,0.9998088,0.9998913,0.99982095,0.99981433,0.9998056,0.9998312,0.9998459,0.9997824,0.9998793,0.9998084,0.999881,0.9996773,0.99978405,0.9998415,0.9998502,0.9998456,0.9998405,0.9998214,0.99984074,0.99982893,0.9998885,0.99981886,0.9998146,0.99983954,0.9998368,0.9998178,0.999858,0.9998341,0.99983495,0.99981916,0.9998285,0.99984527,0.9998565,0.9998654,0.9996766,0.9998108,0.99980116,0.99981135,0.99977475,0.9998746,0.999845,0.9998652,0.9997842,0.9998001,0.9993926,0.9997941,0.9997975,0.9998064,0.9997878,0.9998285,0.9998339,0.9997085,0.9998199,0.9998234,0.9998313,0.9996628,0.9998016,0.99983615,0.99982435,0.999819,0.9997885,0.9998235,0.99980915,0.99983495,0.99975735,0.9998194,0.99977416,0.9998039,0.9997909,0.99981904,0.9998833,0.999809,0.9998422,0.9997772,0.99980026,0.99953127,0.9997664,0.9998717,0.9998711,0.99983734,0.9998707,0.99984527,0.99982077,0.9997891,0.9998602,0.9997602,0.9998276,0.9998411,0.9998564,0.9998203,0.99975526,0.9997887,0.9998179,0.99978834,0.9998133,0.9998131,0.999658,0.99981904,0.99983156,0.99983734,0.99982584,0.99984443,0.9998191,0.99981797,0.9998263,0.99976283,0.9997989,0.9998819,0.99981654,0.9998324,0.9998741,0.99981725,0.99963814,0.9995354,0.9997465
ipip260,0.9996775,0.9996694,0.99968636,0.99965894,0.9996854,0.99967766,0.9996708,0.99967146,0.9997006,0.9996609,0.9997102,0.9997275,0.9997652,0.99973834,0.9996621,0.9997677,0.999719,0.99966884,0.9997465,0.99970335,0.9997429,0.99968255,0.99971515,0.9996818,0.99965274,0.9997253,0.99967647,0.9997334,0.9997157,0.99974996,0.99971175,0.9997215,0.99968314,0.9997117,0.9996813,0.9997045,0.99970907,0.9996832,0.99973804,0.9997048,0.99967074,0.9997042,0.9997199,0.9996926,0.9996588,0.99969906,0.9997063,0.99963194,0.99970424,0.99970996,0.99965954,0.99944854,0.9997222,0.99965686,0.99961746,0.9997001,0.99960685,0.9997156,0.9997205,0.99972826,0.9997261,0.99974763,0.9997318,0.99967766,0.9997026,0.9997187,0.99970025,0.9996792,0.99972475,0.99966264,0.99967283,0.9997224,0.9996643,0.99967873,0.9997843,0.9994672,0.9996796,0.99972343,0.9997289,0.9997297,0.9996911,0.9997282,0.9997329,0.9996673,0.99972117,0.99969256,0.9997072,0.9997819,0.99972177,0.99968576,0.99972373,0.9997185,0.9997311,0.9997072,0.9997584,0.9997041,0.99966675,0.99974215,0.99999976,0.9997296,0.9997837,0.9997055,0.9997444,0.9997538,0.9997337,0.99968135,0.9997224,0.9996605,0.99974066,0.9997115,0.9997129,0.9997062,0.9997367,0.99975485,0.999731,0.9997307,0.999736,0.99974525,0.9997301,0.99975014,0.99972486,0.9997183,0.9997209,0.9997296,0.9997014,0.9997032,0.9997047,0.9997203,0.99968624,0.9997307,0.99968284,0.99948865,0.9996913,0.99966884,0.99967134,0.99972427,0.99972105,0.9997193,0.99970263,0.99966395,0.999693,0.9997236,0.99973094,0.9996862,0.9997277,0.9996762,0.9997204,0.9997222,0.99967843,0.99973017,0.99971324,0.9997171,0.99974144,0.9996677,0.9996833,0.9997437,0.99973434,0.99969894,0.99970233,0.9996995,0.9996622,0.9997364,0.999708,0.99967086,0.99968,0.9993396,0.99969095,0.99969655,0.99968207,0.99970233,0.9996753,0.99968964,0.99966216,0.99969256,0.99969673,0.9997117,0.99970466,0.999683,0.9996721,0.9997266,0.99973637,0.999721,0.99970734,0.9997106,0.99963987,0.9997106,0.99972564,0.9997261,0.9997278,0.99970114,0.99970114,0.9997233,0.99972284,0.9996976,0.99973345,0.99968916,0.9997204,0.9996897,0.9996887,0.9997039,0.99970484,0.99967533,0.99967504,0.9997162,0.9997272,0.9996908,0.9997011,0.99960834,0.9996867,0.999677,0.9997182,0.9996843,0.9996898,0.9997119,0.99971443,0.9996997,0.9997299,0.9993787,0.99978083,0.99973494,0.99968785,0.999705,0.9997261,0.9997097,0.9997025,0.9997118,0.9996904,0.99971455,0.9995576,0.9996825,0.9997222,0.9997292,0.99972063,0.999691,0.99971294,0.99969846,0.99969274,0.9996748,0.9997136,0.9997096,0.9997251,0.9997364,0.9997144,0.9996967,0.99972856,0.9997077,0.9996516,0.9996689,0.9995106,0.9996737,0.99972755,0.9997209,0.99971783,0.99972963,0.9997157,0.9997166,0.9996889,0.9996966,0.999683,0.99970293,0.99972844,0.9996724,0.9997032,0.9996597,0.9996679,0.9997235,0.99969405,0.9996453,0.9997183,0.9996395,0.99969083,0.99967825,0.9997064,0.9997002,0.9997069,0.999716,0.99970555,0.99967134,0.9996868,0.999705,0.9996689,0.99969137,0.9996891,0.99965715,0.9997374,0.99952435,0.9995168,0.99966127
ipip290,0.9995954,0.99964577,0.99963933,0.9996244,0.9996314,0.99962026,0.9996179,0.99965453,0.99966073,0.99963105,0.99965465,0.9996709,0.9997123,0.9996954,0.99961066,0.99968296,0.9997298,0.99963415,0.99969876,0.99967545,0.9996817,0.99963087,0.99965644,0.9996441,0.99963176,0.9996934,0.99970055,0.99967945,0.99970394,0.9997633,0.9996387,0.9996829,0.99963856,0.99968004,0.9996218,0.99965775,0.9996529,0.9996289,0.9996703,0.99965835,0.9996519,0.99968714,0.99968493,0.9996936,0.99963605,0.9996652,0.999709,0.99959326,0.99966747,0.9996893,0.9996392,0.99946225,0.99968904,0.9996421,0.9996154,0.9997067,0.9995378,0.999709,0.99967015,0.9996781,0.9996537,0.9996843,0.9996515,0.99961305,0.9996672,0.9996398,0.99966514,0.999605,0.9997253,0.9996625,0.9996007,0.9996765,0.99957186,0.9996466,0.99969846,0.9995419,0.99971306,0.99971086,0.99970347,0.99968493,0.9996423,0.99967164,0.9997015,0.9995822,0.9996776,0.99961996,0.9996644,0.99971694,0.9996338,0.99966466,0.9996513,0.9996462,0.9996814,0.9997192,0.99963504,0.99973065,0.99958587,0.9997185,0.9997296,0.9999959,0.99969906,0.9996336,0.9996798,0.9996895,0.9996922,0.99967796,0.99970937,0.99959683,0.99971366,0.99965465,0.9996472,0.9996809,0.99971515,0.99973285,0.999669,0.9997102,0.9996846,0.99966586,0.9996636,0.9997324,0.9996545,0.9996999,0.9996713,0.99967015,0.9996353,0.99965966,0.9996901,0.9996962,0.99966675,0.9996875,0.9996308,0.9995149,0.9996712,0.9996661,0.9996102,0.9996558,0.9996469,0.9996954,0.99963665,0.999585,0.99960446,0.9996729,0.99964756,0.9996431,0.9996725,0.99964154,0.99968386,0.99971706,0.9996986,0.9997029,0.99965006,0.9996559,0.9997197,0.9996371,0.9996144,0.9997164,0.9997178,0.9996867,0.99968445,0.9996485,0.99966383,0.999682,0.9996655,0.9996141,0.9996086,0.99935526,0.99966544,0.99969345,0.9996715,0.9996554,0.99961346,0.99967813,0.99958545,0.99963915,0.9996356,0.9996753,0.99964774,0.999632,0.9996347,0.9996761,0.9997088,0.99969,0.9996723,0.99968606,0.9996007,0.9996557,0.9996559,0.99965614,0.9996593,0.9996889,0.9996638,0.9996818,0.9996857,0.9996342,0.9996821,0.99963045,0.99966824,0.99962384,0.9996614,0.9997251,0.99967355,0.9996046,0.99968845,0.99966836,0.9996694,0.99964464,0.9996435,0.9995819,0.9996954,0.9996692,0.999665,0.99965996,0.9996217,0.99967307,0.9997041,0.9996492,0.9996955,0.9993751,0.9997059,0.99968576,0.9996341,0.9996962,0.99969983,0.99967647,0.9996615,0.9996766,0.9996238,0.9996649,0.9995819,0.99963754,0.99968106,0.99967074,0.9996536,0.99960655,0.9996545,0.9996661,0.9996597,0.9996608,0.999672,0.9996842,0.999704,0.99976,0.99967915,0.9996714,0.9997319,0.99968356,0.9996428,0.9996133,0.99949974,0.9996498,0.99967104,0.9996624,0.9997064,0.99966615,0.9996948,0.99968904,0.99964494,0.99965394,0.9996842,0.9996441,0.99970293,0.99967915,0.9997283,0.99969715,0.9996372,0.99967724,0.9996758,0.99961656,0.99968636,0.99959666,0.9996301,0.9996692,0.99965245,0.99967164,0.9996802,0.9996803,0.9996854,0.99965763,0.9996441,0.99966687,0.99965495,0.99963725,0.99968606,0.9996465,0.999718,0.9995219,0.9995619,0.99961215
ipip25,0.999829,0.99975145,0.9998037,0.9997339,0.99979967,0.99976176,0.99981046,0.9997653,0.9998046,0.9997248,0.99977374,0.99983567,0.9998159,0.9997682,0.9997275,0.99984,0.99984246,0.9997232,0.9998474,0.9998138,0.9998607,0.99979585,0.9998231,0.99979854,0.9997653,0.99982804,0.99971026,0.9998352,0.9998159,0.9998301,0.9998174,0.9998219,0.99974567,0.99983823,0.999835,0.9998222,0.9998509,0.9998285,0.9998717,0.9998206,0.9997275,0.999794,0.99976933,0.9997496,0.9996983,0.99980766,0.99978316,0.9997414,0.9998164,0.9997613,0.99976397,0.99942565,0.99982935,0.999746,0.99965775,0.99976826,0.9996601,0.9997372,0.999787,0.9998141,0.99988246,0.99982035,0.9998909,0.9997848,0.99982184,0.9998169,0.99984103,0.9998072,0.9998034,0.9997479,0.99983734,0.99985814,0.9996787,0.99979764,0.9998505,0.99952424,0.9997931,0.9998571,0.9998071,0.9998212,0.9997854,0.99986917,0.9998518,0.9998129,0.9998429,0.99984294,0.9998472,0.9998553,0.9997355,0.9998039,0.9998312,0.99985135,0.99986696,0.9997708,0.9996949,0.99974376,0.99982023,0.999777,0.9997837,0.99969906,0.9999967,0.99984497,0.9999045,0.9998799,0.9998557,0.9997008,0.99983346,0.9997341,0.9998548,0.9998534,0.9998597,0.9998053,0.9998218,0.99982715,0.9998648,0.99980915,0.9998664,0.99985737,0.99983984,0.9998387,0.9998718,0.99983263,0.9998342,0.99984306,0.9998601,0.9997613,0.9997957,0.99982476,0.99973387,0.9997975,0.99984044,0.99953026,0.9997589,0.9997353,0.9998342,0.99981964,0.99980175,0.9998191,0.9998428,0.99981713,0.9998501,0.9998329,0.9998058,0.9997879,0.9998543,0.99971867,0.999833,0.9998041,0.99967915,0.99982905,0.9998415,0.9998132,0.99974954,0.99974567,0.99985385,0.9998184,0.9998164,0.9997929,0.99973744,0.9998456,0.99971855,0.9998517,0.99981916,0.9997259,0.99982095,0.9993568,0.9998318,0.9998089,0.99982387,0.99980855,0.9998289,0.9997568,0.9998395,0.9998248,0.9998077,0.9998504,0.999829,0.9997856,0.99976987,0.9998584,0.9998156,0.9997892,0.99979126,0.9997898,0.9996613,0.99981076,0.9998778,0.9998758,0.99987584,0.99977124,0.999848,0.9998582,0.9998592,0.9998207,0.9998676,0.9998357,0.99983835,0.9998291,0.9997512,0.9997657,0.9998282,0.99981475,0.99972016,0.99984664,0.9998319,0.9997894,0.99983,0.9995866,0.99974155,0.9997072,0.9997864,0.9998052,0.99981564,0.99981594,0.9997743,0.9997652,0.9998302,0.9992891,0.9998453,0.99985456,0.99982214,0.99976915,0.9998462,0.99981123,0.99972194,0.99984264,0.9998394,0.9998408,0.99953985,0.9997398,0.9998482,0.99985033,0.9998439,0.99981964,0.9998738,0.9997777,0.9998203,0.99977523,0.9998276,0.99977887,0.99982995,0.99982893,0.9998453,0.9997556,0.99982435,0.9998275,0.9997402,0.99982816,0.99954426,0.99978757,0.99981874,0.9998177,0.9997665,0.99983245,0.9997879,0.9998357,0.9998086,0.9998122,0.9997566,0.999811,0.9998527,0.99971956,0.9997962,0.9997032,0.99974555,0.9998189,0.99980104,0.9997535,0.99982244,0.9996367,0.99983615,0.9997335,0.99979526,0.9998387,0.99980205,0.99981767,0.9998103,0.9998131,0.999768,0.9998129,0.99973905,0.99982464,0.999793,0.99971825,0.9998387,0.9995443,0.9994949,0.9997535
ipip55,0.99990875,0.99977726,0.99984884,0.9997818,0.999876,0.99980664,0.9999034,0.9997869,0.9999035,0.99977446,0.99979764,0.99989086,0.9997975,0.9997652,0.9997207,0.99984074,0.99987376,0.9997853,0.9998698,0.99983037,0.9998952,0.9998259,0.99988866,0.9998976,0.9998242,0.9998734,0.9997395,0.99987584,0.99983084,0.9998492,0.9999175,0.999844,0.9997942,0.99991083,0.9998988,0.99987954,0.9998685,0.9998913,0.99987066,0.999879,0.9997296,0.9998351,0.9998383,0.99975616,0.9997501,0.9998784,0.99983406,0.9997849,0.99986035,0.9997625,0.9998041,0.99939084,0.9998634,0.99974954,0.9997272,0.9997782,0.99968386,0.9997291,0.9997861,0.9998537,0.9999097,0.99984777,0.9999203,0.9998702,0.99985236,0.9998014,0.9998851,0.99987555,0.9998851,0.99976665,0.9999229,0.9998847,0.99968064,0.99982214,0.99984086,0.9993767,0.9997686,0.9998656,0.9998415,0.9998933,0.99985635,0.99993396,0.99981004,0.9998961,0.9998805,0.9999084,0.9998854,0.9997843,0.99972713,0.9998575,0.999838,0.9999336,0.99988276,0.99973375,0.99965584,0.9997128,0.999916,0.9998412,0.9997055,0.9996336,0.99984497,0.999997,0.9998774,0.9998563,0.9998963,0.99961716,0.9998707,0.99976784,0.9998724,0.9999062,0.99992377,0.9998471,0.99984026,0.99981016,0.99989915,0.9998093,0.9998954,0.9999146,0.9999063,0.99984103,0.9999105,0.9998199,0.9998765,0.9998907,0.9998948,0.99981254,0.9998221,0.9998441,0.9998373,0.99979675,0.9999075,0.9994966,0.9997788,0.9997154,0.9998848,0.9998957,0.9998674,0.99985576,0.99991405,0.9999084,0.99993426,0.9998905,0.9997821,0.99986535,0.99989766,0.99967974,0.99989194,0.99988115,0.9996508,0.9998682,0.9999646,0.9999208,0.99973303,0.99968827,0.99992937,0.99984807,0.99985415,0.9998204,0.9996701,0.99991745,0.99971294,0.9999199,0.99987614,0.99980825,0.999918,0.9993014,0.9998786,0.99987185,0.99986017,0.99979436,0.9999235,0.99973834,0.9999009,0.999906,0.9999199,0.9998935,0.99988353,0.9998583,0.9998576,0.9998635,0.9997761,0.9998536,0.9998136,0.9998524,0.9996106,0.999823,0.9999039,0.99990505,0.99990356,0.99983734,0.9998901,0.99990624,0.9999089,0.99992627,0.9999348,0.9999217,0.9999137,0.9999024,0.9997837,0.99980474,0.99987847,0.9999166,0.9997465,0.99991035,0.9998845,0.99988353,0.9999411,0.9995897,0.9997595,0.9997309,0.9998386,0.99982727,0.9999169,0.9998809,0.9997894,0.99978024,0.99986774,0.9992087,0.9998304,0.999875,0.99991137,0.9997933,0.99986136,0.999851,0.9997107,0.99991006,0.99990624,0.9998774,0.99950975,0.99977964,0.99985445,0.99988794,0.99990535,0.9998735,0.9999127,0.9998181,0.9999077,0.9997938,0.99988455,0.999777,0.9998636,0.9998176,0.99989957,0.9998269,0.9998227,0.9998828,0.99979484,0.9999195,0.99945796,0.99981195,0.99989325,0.9998951,0.9997642,0.99989945,0.9998119,0.9998626,0.9998417,0.99990934,0.9997709,0.99988276,0.9999001,0.9997823,0.9998198,0.9996706,0.9997525,0.99986273,0.99982977,0.9998551,0.99985325,0.99964213,0.99991053,0.9997659,0.99989474,0.99988323,0.99987745,0.99984694,0.9998485,0.9999072,0.9998089,0.9998649,0.99983525,0.99988467,0.99982655,0.99982333,0.9998495,0.99957,0.9994372,0.9997653
ipip85,0.9998494,0.9997405,0.99981546,0.9997304,0.9998086,0.9997638,0.99983984,0.9997678,0.99982846,0.99972594,0.9997597,0.99986273,0.99979585,0.999767,0.99971116,0.99982995,0.9998565,0.9997436,0.9998531,0.9998277,0.9998603,0.9998096,0.99983907,0.99982125,0.9997679,0.99984115,0.99970037,0.99983925,0.9998327,0.9998395,0.99983674,0.9998218,0.9997576,0.9998505,0.9998625,0.99982685,0.9998557,0.9998565,0.9998678,0.99983406,0.99970233,0.9998049,0.9997778,0.9997326,0.9996895,0.99981993,0.999784,0.9997567,0.99982405,0.9997641,0.9997575,0.9993816,0.9998272,0.9997327,0.9996777,0.99975157,0.9996383,0.99972266,0.99976826,0.99981374,0.99990684,0.9998221,0.9999041,0.9998017,0.99983364,0.9997896,0.9998533,0.999832,0.9998358,0.99975735,0.99985945,0.99984974,0.9996714,0.9997854,0.9998582,0.9994342,0.9997838,0.99986386,0.9997943,0.99983394,0.99982804,0.999884,0.9998293,0.9998481,0.9998516,0.9998767,0.9998608,0.9998073,0.99974114,0.9998355,0.99986064,0.999883,0.9998877,0.9998012,0.99967545,0.99972457,0.9998488,0.9997945,0.9997444,0.9996798,0.9999045,0.9998774,1.0000005,0.99989086,0.99989057,0.9996624,0.99984777,0.9997662,0.9998901,0.9998836,0.99988115,0.9998126,0.99983364,0.99984956,0.9998784,0.9998125,0.9999022,0.99988455,0.9998788,0.9998377,0.9998775,0.9998351,0.99983376,0.9998593,0.9998624,0.9997551,0.99978113,0.9998319,0.9997681,0.9997813,0.9998568,0.9995287,0.999756,0.99974334,0.99983704,0.99983776,0.9998198,0.999824,0.9998648,0.9998465,0.999888,0.9998689,0.9997905,0.9998242,0.9998842,0.9997208,0.9998565,0.9998309,0.99965376,0.9998415,0.9998799,0.9998376,0.99974734,0.9997359,0.99988604,0.9998258,0.99982625,0.99979454,0.9997232,0.99987715,0.9997023,0.99986607,0.99984777,0.9997637,0.99986297,0.9993136,0.999839,0.99982816,0.9998376,0.99979436,0.99985784,0.9997392,0.9998623,0.9998441,0.9998295,0.9998517,0.99984396,0.9998073,0.99979144,0.9998479,0.9997988,0.9997969,0.9997866,0.99980354,0.9996244,0.9998145,0.99987316,0.9998714,0.9998736,0.999773,0.99985474,0.99985236,0.9998523,0.9998453,0.99988025,0.9998576,0.9998527,0.9998428,0.9997356,0.99976003,0.9998335,0.99984634,0.9997135,0.9998454,0.99982965,0.99980485,0.9998574,0.99958223,0.99974513,0.9997018,0.99979305,0.9998179,0.9998375,0.9998289,0.9997628,0.99975693,0.99982923,0.99926245,0.99983656,0.99987835,0.9998456,0.99976206,0.9998364,0.99981016,0.9996953,0.9998608,0.9998621,0.9998628,0.999506,0.9997518,0.9998407,0.999844,0.99986756,0.999821,0.99987954,0.999773,0.9998427,0.99978626,0.99984014,0.99977016,0.99984574,0.99982613,0.9998562,0.9997658,0.9998029,0.99984026,0.99973774,0.9998578,0.9994748,0.99977463,0.9998386,0.9998375,0.9997474,0.99984974,0.9997853,0.9998383,0.9998101,0.9998472,0.999747,0.99984235,0.99984765,0.99972826,0.9997922,0.9996717,0.9997296,0.99982893,0.9998127,0.99979687,0.99986774,0.999643,0.9998604,0.9997433,0.999817,0.9998504,0.999822,0.9998227,0.9998133,0.9998359,0.99978226,0.99983215,0.9997802,0.9998444,0.9998015,0.9997643,0.9998431,0.9995413,0.99945813,0.9997418
ipip115,0.9998058,0.9997273,0.99978703,0.9997228,0.9997967,0.99977636,0.99980265,0.99973196,0.9998174,0.9997197,0.99976873,0.9998391,0.9998025,0.9997539,0.99974024,0.99981654,0.9998331,0.99974495,0.99984366,0.99979,0.9998449,0.9997859,0.9998266,0.99981153,0.9997902,0.9998314,0.99970686,0.99982125,0.9998312,0.99982786,0.99981785,0.9998197,0.99974567,0.9998406,0.99981433,0.99981946,0.999819,0.99980617,0.99987775,0.99982584,0.9997014,0.99978083,0.9997823,0.99972504,0.9997161,0.99981767,0.99980515,0.9997444,0.9998072,0.9997679,0.9997631,0.99941665,0.99980104,0.99972045,0.99968576,0.9997366,0.9996514,0.9997299,0.99976534,0.9998092,0.99986213,0.9998149,0.9998605,0.99981695,0.9998437,0.9998104,0.9998154,0.99980086,0.9998286,0.99974614,0.9998187,0.9998365,0.9996598,0.9997622,0.9998216,0.9994281,0.9997966,0.9998417,0.99979,0.9998226,0.9998134,0.9998537,0.9998162,0.9998201,0.9998464,0.99982554,0.99982655,0.99982214,0.99971545,0.9997975,0.99985665,0.99986327,0.9998431,0.99977595,0.9996629,0.9997,0.9998124,0.99979484,0.9997538,0.9996895,0.9998799,0.9998563,0.99989086,1.0,0.9998697,0.9997233,0.99981815,0.99976236,0.9998404,0.99982697,0.9998342,0.99980015,0.9998233,0.9998162,0.9998356,0.99981093,0.9998631,0.99984115,0.9998364,0.9998032,0.9998549,0.99981153,0.9998253,0.99984556,0.9998274,0.99978435,0.99977976,0.99981034,0.99977297,0.99977463,0.99982375,0.9995859,0.9997728,0.9997349,0.99980557,0.9998269,0.99983066,0.9998098,0.99982303,0.9998122,0.99986315,0.99984753,0.99978787,0.9998123,0.9998729,0.9997082,0.9998514,0.9998249,0.9996706,0.9998237,0.999855,0.9998412,0.99976516,0.99972546,0.9998377,0.9998345,0.9998277,0.9997885,0.99970746,0.9998329,0.999718,0.999837,0.9998179,0.9997618,0.99982256,0.99934405,0.99980164,0.9998409,0.99981385,0.99978596,0.99983436,0.99976987,0.99982524,0.999843,0.99981683,0.99981254,0.9998136,0.99979997,0.99978435,0.99984086,0.99982077,0.9997888,0.9997773,0.9997861,0.99961567,0.999791,0.9998568,0.9998553,0.9998567,0.99979496,0.99984044,0.9998306,0.99983335,0.9998226,0.99986756,0.9998107,0.99983287,0.9998128,0.99975914,0.99978215,0.99980944,0.9998195,0.99972403,0.99982345,0.9998308,0.99982387,0.9998332,0.9996197,0.9997589,0.9997197,0.99978995,0.9997993,0.99981415,0.9998205,0.9997626,0.9997962,0.99981093,0.9992747,0.99980366,0.99986744,0.9998411,0.9997336,0.9997998,0.99981755,0.9996863,0.9998264,0.9998153,0.9998414,0.9995593,0.9997757,0.9998313,0.9998267,0.9998405,0.999816,0.9998369,0.9997675,0.9998327,0.9997584,0.9998293,0.9997909,0.9998256,0.9998059,0.9998157,0.99978095,0.99980444,0.99981624,0.99974304,0.999826,0.99948555,0.99978006,0.9998252,0.99982274,0.9997773,0.9998382,0.9997855,0.99980384,0.9997855,0.9998246,0.99974465,0.9998344,0.9998305,0.9997266,0.9997683,0.9996536,0.9997365,0.9997898,0.99981666,0.9997893,0.99983346,0.9996348,0.999812,0.9997455,0.9998238,0.99981123,0.9998085,0.9998055,0.999801,0.999827,0.99978006,0.9998054,0.9997639,0.99980164,0.9997793,0.99975616,0.9997977,0.9995387,0.9994747,0.9997232
ipip145,0.99986434,0.9997775,0.99982977,0.99976397,0.9998515,0.999788,0.999859,0.99978983,0.9998589,0.999757,0.9997774,0.9998898,0.999821,0.9998118,0.99973357,0.999838,0.99987894,0.9997744,0.9998876,0.99985737,0.99987656,0.99983245,0.9998524,0.999849,0.9997874,0.99985975,0.99973285,0.9998574,0.9998569,0.999849,0.9998438,0.99982435,0.9997605,0.99987036,0.9998774,0.999849,0.9998596,0.9998647,0.9998763,0.9998772,0.99971306,0.99981385,0.99981743,0.9997548,0.9997354,0.99985033,0.99982554,0.99976575,0.9998699,0.9997927,0.9997868,0.99940836,0.99984604,0.99975854,0.9996935,0.99976146,0.99968165,0.9997475,0.99979824,0.9998217,0.9999108,0.9998512,0.9999162,0.9998406,0.99985605,0.99980235,0.9998691,0.9998322,0.9998454,0.9997701,0.9998714,0.9998647,0.9996588,0.99980307,0.99988616,0.99941415,0.999792,0.9998769,0.9998043,0.9998474,0.99985546,0.9999123,0.9998393,0.9998657,0.9998868,0.9998864,0.9998803,0.9998333,0.99976176,0.9998515,0.99984676,0.9998956,0.9999106,0.99979293,0.9996906,0.9997408,0.99987084,0.9998025,0.9997337,0.9996922,0.9998557,0.9998963,0.99989057,0.9998697,0.9999967,0.9996453,0.9998644,0.9997455,0.9998624,0.999892,0.99989337,0.99985063,0.99987763,0.9998262,0.99988633,0.9998301,0.99988896,0.9998975,0.99988496,0.99983376,0.9998802,0.9998136,0.99984354,0.99987847,0.9998776,0.99976265,0.99978906,0.9998504,0.9997832,0.9997932,0.9998616,0.9995452,0.99978495,0.999772,0.99984115,0.9998556,0.99982744,0.9998263,0.9998772,0.99986225,0.99990714,0.9998903,0.9998066,0.999861,0.9999114,0.9997291,0.99987996,0.99983853,0.9996596,0.99988556,0.99987847,0.9998418,0.9997841,0.9997167,0.9998827,0.99984026,0.9998485,0.99981076,0.99972177,0.9998745,0.9997278,0.99988633,0.9998557,0.99975747,0.9998823,0.9993148,0.9998409,0.99985,0.99986154,0.99981225,0.9998735,0.9997617,0.9998631,0.99987733,0.99983996,0.9998488,0.9998542,0.9998314,0.9998104,0.99982494,0.9997982,0.9997981,0.99977267,0.99980885,0.99963063,0.9998186,0.99985933,0.99985564,0.99985695,0.99978447,0.99987084,0.9998541,0.9998536,0.9998468,0.9999068,0.9998625,0.99986064,0.9998589,0.9997384,0.99979323,0.9998472,0.99985623,0.99974746,0.99985766,0.9998494,0.9998271,0.9998641,0.9996135,0.9997495,0.9997161,0.99980634,0.9998276,0.9998416,0.9998405,0.9997701,0.9997885,0.9998295,0.9992628,0.9998542,0.99989104,0.99986917,0.9997691,0.999842,0.9998513,0.9996944,0.99986637,0.9998562,0.99986064,0.9995398,0.99977416,0.9998338,0.999854,0.9998871,0.9998446,0.9998872,0.99978054,0.9998703,0.99980223,0.99985677,0.99977916,0.99989176,0.9998461,0.9998597,0.99979687,0.9998023,0.9998556,0.9997922,0.99986994,0.99947894,0.99980736,0.99985594,0.9998548,0.9997645,0.99986684,0.9998087,0.9998567,0.9998266,0.9998723,0.999797,0.9998631,0.9998537,0.99974716,0.99980366,0.99968183,0.99972785,0.9998402,0.99982345,0.9997964,0.99985176,0.99965674,0.9998693,0.9997574,0.9998592,0.99985236,0.9998451,0.9998416,0.9998272,0.9998616,0.99979895,0.9998535,0.9997914,0.99985826,0.9998121,0.9997772,0.9998415,0.99956566,0.9994756,0.9997676
ipip175,0.999559,0.9996251,0.9996018,0.99962246,0.9996141,0.999638,0.99959207,0.9996438,0.9996802,0.9996304,0.9996177,0.9996465,0.9996909,0.99962425,0.9996383,0.9996502,0.99964637,0.9995929,0.9996529,0.9996251,0.9996672,0.9996109,0.99965525,0.9996747,0.9996145,0.9996886,0.999668,0.9996845,0.9996588,0.9996746,0.99963295,0.999754,0.99965715,0.9996644,0.9995881,0.99965256,0.99961245,0.9995752,0.9996767,0.9996511,0.9996721,0.999696,0.9996638,0.9996177,0.999645,0.99963707,0.9996833,0.99956644,0.9996131,0.99964625,0.99964005,0.9995038,0.9996576,0.9996616,0.9996221,0.99970615,0.9995152,0.99972,0.99966633,0.99971175,0.9996097,0.99964845,0.99962693,0.99961525,0.9996686,0.9996855,0.99964327,0.9996512,0.99966705,0.9996948,0.99957377,0.9996815,0.99959284,0.99962914,0.9996766,0.99956274,0.9996531,0.9996497,0.9996925,0.9996804,0.99964833,0.9996335,0.99962884,0.9995417,0.9996492,0.9995695,0.9996211,0.99970645,0.9995894,0.9996034,0.9996559,0.9995962,0.99963534,0.9996739,0.9995817,0.99965584,0.9995525,0.9997402,0.99968135,0.99967796,0.9997008,0.99961716,0.9996624,0.9997233,0.9996453,0.9999959,0.99965656,0.99970746,0.999796,0.99961483,0.9996043,0.9996141,0.99968,0.99969834,0.99964166,0.99970263,0.9996504,0.9996259,0.9996088,0.9997053,0.99964035,0.9996818,0.999686,0.999649,0.9996064,0.9997638,0.99974906,0.9996831,0.99967676,0.9996863,0.99960864,0.9995132,0.9996779,0.9996012,0.999596,0.99967635,0.99970216,0.9997079,0.9996083,0.9995705,0.99957335,0.99968517,0.9996569,0.999667,0.9996385,0.9996369,0.99966216,0.9996752,0.99972284,0.9996599,0.99964744,0.9996772,0.99966526,0.9996409,0.9995758,0.9997315,0.9997147,0.999666,0.99961114,0.9996265,0.99966365,0.99965805,0.99960524,0.9996246,0.9995758,0.9993501,0.9996382,0.99969715,0.99961513,0.99962026,0.99959135,0.99967086,0.99956185,0.9996081,0.9996475,0.99962735,0.99967664,0.99966556,0.9996757,0.99974144,0.99977905,0.99971277,0.9996595,0.99970984,0.9996069,0.99966294,0.99968874,0.9996969,0.9997028,0.9997453,0.99967957,0.9996672,0.99965763,0.9996459,0.9996588,0.99959004,0.9996934,0.9996232,0.99975127,0.9997215,0.9996806,0.99963665,0.99975115,0.9996474,0.9996972,0.99966025,0.9996591,0.9996597,0.9998902,0.9997236,0.99968326,0.9996809,0.99961835,0.9996855,0.9997245,0.9996953,0.99968123,0.9994438,0.9996801,0.9996747,0.99963325,0.9996458,0.99968624,0.99969316,0.99960864,0.9996168,0.99963784,0.99972165,0.999768,0.9997712,0.9997534,0.9996645,0.9996462,0.9996189,0.99963933,0.9996673,0.999649,0.99964875,0.9996796,0.99974537,0.9996675,0.999715,0.99962974,0.99970686,0.99972886,0.99973977,0.9996462,0.9995869,0.9995163,0.999659,0.9996716,0.9996639,0.9997456,0.999679,0.99971074,0.9996758,0.9996457,0.99964285,0.99967605,0.9996878,0.9996808,0.9996985,0.9997073,0.9996742,0.9997167,0.999661,0.9996844,0.9996309,0.9997062,0.99962217,0.999619,0.99972075,0.9996389,0.99965435,0.9996738,0.99970067,0.9996967,0.9996229,0.9996382,0.9996789,0.99966127,0.9996157,0.99976027,0.99966156,0.9997046,0.9995651,0.9995,0.99961525
ipip205,0.9998714,0.9997456,0.999823,0.99974376,0.9998323,0.9997571,0.99988264,0.99979556,0.9998607,0.9997517,0.9997894,0.9998469,0.99979275,0.9997874,0.99968094,0.9998594,0.99986815,0.9997413,0.9998806,0.99985087,0.9998623,0.9997835,0.9998387,0.99984306,0.9997578,0.9998763,0.9997375,0.99986863,0.9998436,0.99985373,0.99985534,0.9998348,0.99978906,0.99986976,0.9998855,0.9998408,0.9998845,0.9998897,0.9998533,0.9998605,0.99973613,0.9998303,0.9998,0.99975646,0.99971956,0.99983734,0.9997879,0.99972403,0.9998531,0.9997581,0.999793,0.9994162,0.9998432,0.9997831,0.9996874,0.9997878,0.9996591,0.99975073,0.9997718,0.9998605,0.9998765,0.99982154,0.9998814,0.99979824,0.999808,0.99974775,0.99990964,0.99985427,0.99985373,0.9997627,0.99987644,0.9998513,0.9996258,0.99978834,0.9998013,0.99942553,0.9998088,0.99987644,0.99981314,0.9998432,0.9997952,0.9998894,0.99980557,0.99984807,0.999862,0.9999058,0.9999108,0.999799,0.99970174,0.9998708,0.9997938,0.9998998,0.9998512,0.99973273,0.9996359,0.9997038,0.99987125,0.9998133,0.9997224,0.99970937,0.99983346,0.9998707,0.99984777,0.99981815,0.9998644,0.99965656,0.99999774,0.99972445,0.9998769,0.99989736,0.9998994,0.9998016,0.9998217,0.9998257,0.9999086,0.9997841,0.99990034,0.99989146,0.9998858,0.9998297,0.9998808,0.99980146,0.99984545,0.9998433,0.9998721,0.9997707,0.9998153,0.99985194,0.99977416,0.9998009,0.99986714,0.9994745,0.99973726,0.9997053,0.9998567,0.99984705,0.9998209,0.9998465,0.99989,0.999866,0.999882,0.99985087,0.999759,0.99981785,0.9998535,0.9996991,0.9998563,0.9998505,0.99966574,0.9998621,0.99989384,0.99981827,0.999739,0.99966383,0.9998865,0.9998124,0.9998321,0.99981093,0.9997008,0.99990076,0.9996854,0.9998873,0.99984497,0.9997099,0.9998759,0.9993016,0.9998689,0.999844,0.9998414,0.99980605,0.9998815,0.9997382,0.99987614,0.99987835,0.9998535,0.9998757,0.9998813,0.9998521,0.9998197,0.9998719,0.9998253,0.9998023,0.9997858,0.9998069,0.9996259,0.99979097,0.99990183,0.99990004,0.99989885,0.9998017,0.99992454,0.9998834,0.99988407,0.99986255,0.9998931,0.99989086,0.99988747,0.99990517,0.99977916,0.99980986,0.99986094,0.9998933,0.99979347,0.99988526,0.9998492,0.9998036,0.9998895,0.9995997,0.9997508,0.99973047,0.9998091,0.9998542,0.9998516,0.99981993,0.99976987,0.9997119,0.99987257,0.99927413,0.9998502,0.9998725,0.9998666,0.99980104,0.9998603,0.9998027,0.99973345,0.99989194,0.9998987,0.9998782,0.9995554,0.99977136,0.9998647,0.99985015,0.99984795,0.99982405,0.99988484,0.99976724,0.9998509,0.99979025,0.9998611,0.9997776,0.9998818,0.99986225,0.9998884,0.99978995,0.99983245,0.99986166,0.999753,0.99987304,0.9994852,0.9997964,0.9998611,0.99985737,0.9997647,0.9998641,0.99979514,0.99986184,0.99984163,0.99984384,0.99977094,0.9998438,0.99987566,0.9997493,0.99982923,0.99970263,0.9997519,0.99983877,0.99980116,0.9997736,0.9998193,0.9995962,0.99988806,0.9997578,0.9998221,0.9998751,0.9998259,0.99981326,0.99980986,0.999851,0.9997489,0.99984103,0.9997792,0.9998725,0.9998199,0.9997639,0.99985844,0.99954754,0.9995022,0.9997268
ipip235,0.9997008,0.99964744,0.9996857,0.99964345,0.9997132,0.9996969,0.99971044,0.9996758,0.9997553,0.99963933,0.99966955,0.9997529,0.9997361,0.9996628,0.9996591,0.9997361,0.99973696,0.9996899,0.9997162,0.9996896,0.99975437,0.9997097,0.99976665,0.99976766,0.99974865,0.9997214,0.9996374,0.99974084,0.9997036,0.99970734,0.9997497,0.9997503,0.9997255,0.9997709,0.9997054,0.99975294,0.99970585,0.9997017,0.99974203,0.99974555,0.9996272,0.9997127,0.9997058,0.9996338,0.9996472,0.99972963,0.9997381,0.9996715,0.99970806,0.9996594,0.99967986,0.9993608,0.9997325,0.9996367,0.9996642,0.99967104,0.99956846,0.99966747,0.9996897,0.99973565,0.9997389,0.9997079,0.9997521,0.9997242,0.99974144,0.9997316,0.9997246,0.9997544,0.9997796,0.99971735,0.9997381,0.9997671,0.9996562,0.99970084,0.99973613,0.9993695,0.9996844,0.9997032,0.9997184,0.99974,0.9997676,0.9997458,0.999662,0.9997135,0.9997299,0.9997199,0.99971724,0.99970895,0.99963665,0.9996994,0.9997466,0.9997348,0.999759,0.9996755,0.9995746,0.99962956,0.9997451,0.9997742,0.9996605,0.99959683,0.9997341,0.99976784,0.9997662,0.99976236,0.9997455,0.99970746,0.99972445,0.99999833,0.99982023,0.9997292,0.9997265,0.99970883,0.9997276,0.9997271,0.99973816,0.99973977,0.9997568,0.99975663,0.9997311,0.99972093,0.99973243,0.9997088,0.999727,0.99972844,0.9997429,0.99973565,0.99970716,0.9997072,0.99973506,0.9996824,0.9997383,0.9994662,0.99970007,0.99963313,0.9997315,0.99975914,0.9998171,0.9997418,0.99972177,0.99976075,0.9997415,0.9997933,0.99971265,0.99979496,0.99975425,0.9996563,0.9997375,0.9997777,0.99961627,0.99972343,0.9997707,0.99975455,0.99965966,0.9996252,0.99973094,0.99976456,0.9997581,0.9997227,0.9995962,0.9997412,0.9996518,0.9997505,0.99971884,0.99974376,0.99974877,0.99929404,0.9997117,0.9997717,0.9997115,0.9996668,0.99973637,0.99965745,0.99971175,0.99972403,0.99975044,0.99971133,0.9997443,0.9997404,0.9997318,0.99975777,0.99971974,0.9997226,0.99968183,0.9997274,0.9995436,0.9997005,0.99975276,0.9997633,0.9997594,0.99972355,0.99974686,0.999732,0.9997246,0.99974483,0.99975777,0.9997145,0.99975264,0.9997248,0.9996948,0.99973387,0.9997455,0.9997631,0.9997155,0.99971956,0.99974567,0.9997533,0.9997651,0.99959135,0.9997379,0.9996778,0.9997054,0.9997096,0.99973583,0.9997303,0.9996903,0.9996786,0.99971116,0.9992687,0.9997021,0.9997439,0.9997503,0.99965155,0.9997197,0.999738,0.99957556,0.9997305,0.999738,0.9997566,0.9995532,0.9997618,0.99975985,0.99972755,0.9997623,0.9997336,0.9997349,0.9996789,0.99977267,0.9996956,0.99975336,0.99974716,0.99972785,0.99971765,0.99971694,0.99975556,0.9997,0.99977815,0.999697,0.9997415,0.9994204,0.9996927,0.9997475,0.99975437,0.999688,0.99975246,0.9997047,0.99970967,0.99969405,0.99977475,0.99966955,0.9997997,0.9997296,0.9996708,0.9996868,0.9995946,0.999698,0.99973774,0.9997364,0.9997716,0.9997866,0.9996239,0.9997301,0.99972445,0.9997449,0.99972665,0.9997413,0.99975836,0.99975455,0.9997588,0.99971986,0.99974066,0.9997409,0.99972844,0.99976194,0.9997424,0.9997208,0.99951464,0.9993967,0.9996559
ipip265,0.9998508,0.9997808,0.99981654,0.9997734,0.99983364,0.99977076,0.99987406,0.999827,0.9998847,0.99977493,0.9997834,0.9998435,0.9998116,0.9997744,0.9997149,0.9998359,0.99986047,0.9997478,0.99985045,0.9998533,0.9998679,0.9998099,0.999854,0.9998787,0.9997891,0.99986446,0.9997694,0.9998741,0.9998273,0.999833,0.9998489,0.9998873,0.99979687,0.9998941,0.99987006,0.99985176,0.9998569,0.99985886,0.9998483,0.999858,0.9997817,0.99987096,0.9998142,0.99975455,0.9997378,0.99983484,0.99982864,0.99975,0.9998309,0.999759,0.9998064,0.999475,0.9998636,0.9998076,0.9997271,0.9998263,0.99964696,0.9997741,0.9997843,0.99986994,0.99988425,0.9998231,0.9998907,0.99979806,0.99982935,0.9997898,0.9998908,0.9998679,0.9998761,0.9997992,0.9998664,0.99986535,0.99966836,0.9998129,0.99983186,0.999512,0.9997966,0.9998569,0.99983484,0.9998623,0.99982274,0.9998803,0.99980456,0.9998194,0.9998481,0.9998684,0.9998795,0.9998175,0.9997239,0.999848,0.99980485,0.99987596,0.9998677,0.99976283,0.9996624,0.9997506,0.9998537,0.99986356,0.99974066,0.99971366,0.9998548,0.9998724,0.9998901,0.9998404,0.9998624,0.999796,0.9998769,0.99982023,0.99999833,0.9998959,0.9998865,0.9997949,0.99982995,0.9998518,0.9998911,0.99981594,0.99988264,0.99987906,0.99987406,0.9998585,0.999882,0.99983186,0.99986786,0.99985677,0.9998539,0.99982536,0.99987274,0.9998776,0.99981534,0.99981487,0.9998721,0.99953455,0.99979186,0.9997262,0.9998575,0.99986154,0.99984664,0.9998853,0.99988836,0.9998582,0.9998632,0.9998871,0.9997959,0.99986225,0.99985415,0.9997277,0.9998491,0.9998751,0.9997327,0.9998534,0.9998903,0.99983543,0.99974406,0.9997171,0.99986804,0.999842,0.9998455,0.9998283,0.99970895,0.9999005,0.99974465,0.99989027,0.9998285,0.99976844,0.99987,0.9993638,0.9998833,0.99986506,0.99984545,0.99977666,0.99986935,0.9997478,0.9998495,0.99983835,0.9998555,0.99986607,0.9998904,0.9998522,0.999853,0.999889,0.9998319,0.99984026,0.99979115,0.9998473,0.99967176,0.99983126,0.999901,0.99990004,0.99990124,0.9998397,0.9998942,0.9998813,0.99987864,0.99986106,0.99988055,0.9998704,0.99990267,0.99989176,0.9998052,0.9998489,0.9999043,0.9998862,0.9998268,0.9998763,0.9998671,0.9998226,0.9998979,0.9996535,0.99987257,0.9997853,0.9998308,0.9998573,0.99984676,0.9998596,0.9998261,0.99976176,0.9998698,0.9993422,0.9998482,0.9998702,0.9998636,0.9997951,0.9998782,0.99983746,0.9997142,0.99986804,0.9998991,0.9998992,0.999657,0.9998283,0.99989855,0.9998565,0.99987876,0.99982476,0.9998839,0.9998025,0.9998789,0.99981415,0.999869,0.9998086,0.99985343,0.99985343,0.9998778,0.9998375,0.99985147,0.9999358,0.99977833,0.9998745,0.9995358,0.9998188,0.999882,0.99988014,0.9998232,0.9998873,0.99984825,0.9998783,0.9998465,0.9998748,0.99979234,0.9998784,0.9998906,0.9997861,0.99985474,0.9997662,0.99979055,0.9998641,0.99983877,0.999823,0.9998748,0.9996576,0.9998985,0.9998151,0.9998356,0.9998996,0.99985343,0.9998658,0.9998574,0.99986935,0.99978316,0.99986744,0.99982184,0.9998713,0.99991614,0.99981064,0.99989593,0.9995938,0.9995245,0.99976
ipip295,0.9999149,0.9997661,0.99984837,0.9997556,0.99985653,0.999763,0.9999274,0.99982005,0.9998783,0.9997524,0.9997865,0.9998747,0.9998026,0.9997681,0.9996778,0.99986184,0.9998886,0.9997529,0.999877,0.9998773,0.99988014,0.99982435,0.9998499,0.9998625,0.99975634,0.99987876,0.9997358,0.9998749,0.9998503,0.9998498,0.99985945,0.9998561,0.9997913,0.99988365,0.9999354,0.99985945,0.99989724,0.9999208,0.9998757,0.9998802,0.9997419,0.9998606,0.99979985,0.9997721,0.99969167,0.99985296,0.9997898,0.9997421,0.99986917,0.99974966,0.9998031,0.99937004,0.9998832,0.9997649,0.9996672,0.99978834,0.9996632,0.99973774,0.9997834,0.9998415,0.999911,0.9998159,0.99991333,0.99980503,0.9998208,0.9997502,0.99992317,0.9998645,0.9998542,0.99977094,0.9999202,0.99987054,0.9996223,0.9998155,0.99982697,0.99939436,0.99977845,0.99988765,0.9998099,0.9998586,0.9998165,0.9999237,0.99981797,0.9998842,0.999882,0.9999375,0.9999265,0.9998,0.999722,0.99988794,0.9998185,0.9999193,0.99989545,0.9997217,0.99962604,0.99971724,0.9999105,0.99980134,0.9997115,0.99965465,0.9998534,0.9999062,0.9998836,0.99982697,0.999892,0.99961483,0.99989736,0.9997292,0.9998959,0.9999978,0.999952,0.9998272,0.9998349,0.9998439,0.99993485,0.9998034,0.99991846,0.99991167,0.9999182,0.9998582,0.9999047,0.9998221,0.9998655,0.9998712,0.99990034,0.9997638,0.9998116,0.99988896,0.9997689,0.999809,0.9999015,0.99945354,0.9997463,0.9997089,0.99989384,0.9998779,0.999829,0.9998658,0.9999465,0.9999123,0.99992025,0.99987584,0.9997737,0.9998588,0.99988127,0.99971247,0.99987507,0.9998558,0.9996578,0.9998987,0.99990636,0.99981964,0.99968725,0.9996483,0.9999277,0.9998227,0.99982965,0.9998194,0.99971396,0.9999375,0.999683,0.99991435,0.99985564,0.99973375,0.99992543,0.9993002,0.9999066,0.9998181,0.99987143,0.99980384,0.99991417,0.9997217,0.9999149,0.99986714,0.9998635,0.99990916,0.99990046,0.99985534,0.99982536,0.9998683,0.99978095,0.9998011,0.9997705,0.999812,0.99962676,0.9998203,0.9999085,0.9999053,0.9999078,0.99977434,0.99991333,0.99990314,0.99990743,0.999872,0.9999148,0.9999288,0.9999033,0.99992275,0.9997456,0.9997857,0.9998822,0.99991363,0.99974376,0.9999056,0.99985623,0.999804,0.9999121,0.9995503,0.9997512,0.9997198,0.9998165,0.99985504,0.9998666,0.99984336,0.99976903,0.99971396,0.999863,0.9991882,0.99985427,0.99989253,0.9998816,0.99980587,0.99988574,0.99980044,0.9997039,0.9999203,0.99993175,0.9998885,0.9994863,0.9997666,0.9998733,0.99987984,0.9998819,0.99983287,0.9999214,0.9997784,0.9998674,0.99980664,0.99987537,0.9997678,0.99988216,0.99984545,0.9999185,0.99977773,0.99983436,0.9998828,0.9997542,0.9999156,0.9994493,0.9997941,0.9998762,0.9998791,0.99975425,0.99988955,0.999806,0.9998742,0.9998524,0.9998668,0.99976885,0.9998596,0.9999103,0.99973875,0.9998352,0.99969983,0.9997402,0.9998787,0.99981195,0.9997907,0.99983895,0.9996081,0.99994683,0.99975735,0.9998329,0.9999172,0.99984986,0.9998333,0.9998263,0.99985975,0.9997512,0.9998635,0.99978876,0.99992085,0.9998354,0.9997795,0.9998959,0.99953663,0.9994539,0.99976355
ipip30,0.9999311,0.99978083,0.99987066,0.9997734,0.9998774,0.99977726,0.999937,0.9998219,0.99989736,0.9997708,0.9998033,0.999896,0.999812,0.99977976,0.99971336,0.99987274,0.999894,0.9997583,0.99989146,0.9998741,0.9998983,0.99982876,0.99987733,0.99987334,0.99977225,0.9998895,0.9997361,0.9998941,0.9998466,0.9998609,0.99987036,0.9998615,0.9998072,0.99988997,0.999941,0.9998799,0.9999035,0.9999308,0.9998827,0.9998771,0.9997472,0.9998688,0.99980944,0.99977946,0.99971837,0.99986786,0.9997971,0.99976015,0.9998774,0.99975634,0.9998071,0.99937224,0.9998899,0.99977285,0.9996857,0.9997991,0.99969065,0.9997553,0.9997934,0.99986017,0.9999253,0.99983996,0.9999294,0.9998235,0.9998275,0.99977714,0.9999228,0.9998773,0.99986416,0.999773,0.9999337,0.9998781,0.99964345,0.9998255,0.9998279,0.99938077,0.999777,0.9998813,0.9998243,0.9998741,0.99984264,0.9999373,0.99981606,0.9998934,0.9998852,0.9999459,0.9999228,0.9998017,0.99973106,0.9998911,0.99983025,0.9999307,0.9998962,0.99971694,0.9996435,0.9997153,0.999931,0.99980164,0.9997129,0.9996472,0.9998597,0.99992377,0.99988115,0.9998342,0.99989337,0.9996043,0.9998994,0.9997265,0.9998865,0.999952,0.9999983,0.9998431,0.99984366,0.99983615,0.999924,0.9997958,0.99991393,0.99991953,0.9999277,0.99983835,0.9999182,0.99982166,0.9998806,0.99988556,0.9999056,0.99976796,0.99982125,0.9999066,0.99978834,0.9998126,0.9999114,0.9994525,0.9997609,0.99971664,0.99989784,0.9998899,0.9998414,0.9998716,0.9999669,0.9999187,0.99993044,0.9998872,0.99978584,0.9998682,0.999892,0.9996935,0.9998835,0.9998637,0.99967355,0.9998888,0.99991393,0.9998279,0.99969184,0.99965376,0.9999361,0.99983174,0.99983424,0.999815,0.9996912,0.99993634,0.9996952,0.99992514,0.9998634,0.9997459,0.9999433,0.99929816,0.9999153,0.99983305,0.9998714,0.99980855,0.99993235,0.99972653,0.9999215,0.9998828,0.9998798,0.9999193,0.9999031,0.99987024,0.99984086,0.99986845,0.9997792,0.9998235,0.9997716,0.9998268,0.9996235,0.99982643,0.9999129,0.9999113,0.999912,0.9997721,0.9999118,0.99992377,0.9999255,0.99989414,0.9999312,0.9999454,0.9999073,0.9999319,0.99973524,0.9997868,0.99987763,0.9999167,0.9997352,0.99992317,0.9998737,0.9998174,0.99991995,0.99956477,0.9997534,0.9997329,0.9998328,0.9998555,0.99988806,0.99985904,0.99977666,0.99972796,0.99986684,0.9991838,0.9998541,0.9998821,0.9999028,0.99981517,0.9998995,0.99981767,0.99972034,0.9999309,0.99993104,0.99988186,0.9994761,0.99975455,0.9998695,0.9998903,0.99989676,0.9998538,0.99993074,0.99978244,0.99987453,0.9998053,0.999879,0.9997698,0.99987876,0.999825,0.9999234,0.9997882,0.99984753,0.99988866,0.99977744,0.9999296,0.9994737,0.9998145,0.99989384,0.9998961,0.9997624,0.99990004,0.99981254,0.99987316,0.99985987,0.9998755,0.9997672,0.9998725,0.9999231,0.99975574,0.9998453,0.9997015,0.99974823,0.9998867,0.9998178,0.99979967,0.99983436,0.99962306,0.99995077,0.9997697,0.99983895,0.99992335,0.9998446,0.9998439,0.9998356,0.9998726,0.99977034,0.9998646,0.9998026,0.9999321,0.99983734,0.99979013,0.9999094,0.99956197,0.99946284,0.9997732
ipip60,0.99982584,0.9997611,0.9998169,0.9997337,0.9998224,0.999749,0.99981576,0.9997709,0.9998369,0.9997231,0.9997626,0.99985045,0.99978536,0.9997652,0.99970126,0.9997745,0.9998206,0.9997688,0.999825,0.9997687,0.9998371,0.9998032,0.99981946,0.9998092,0.999795,0.99981534,0.99973196,0.99981046,0.9998117,0.9998196,0.99981517,0.99978566,0.9997661,0.99983793,0.9998213,0.9998163,0.99980384,0.99980927,0.99980897,0.99982417,0.9996994,0.999798,0.9997907,0.9997557,0.9997144,0.9998391,0.9998054,0.9997426,0.9998216,0.99976176,0.99976826,0.999425,0.9998255,0.99971765,0.9996929,0.99974704,0.9996911,0.99973613,0.99976104,0.9997822,0.99982035,0.9998121,0.9998347,0.99981284,0.99981683,0.9997559,0.9998203,0.9997874,0.99981374,0.99974394,0.9998281,0.9998186,0.9996653,0.99978316,0.9998299,0.99940735,0.9997469,0.9998155,0.99978095,0.9998135,0.9998176,0.99986154,0.99978423,0.9998302,0.99984646,0.99982023,0.9998135,0.9997633,0.9997156,0.99980533,0.9998133,0.9998253,0.99983615,0.99976206,0.9996602,0.9997444,0.99982536,0.9997694,0.9997062,0.9996809,0.9998053,0.9998471,0.9998126,0.99980015,0.99985063,0.9996141,0.9998016,0.99970883,0.9997949,0.9998272,0.9998431,0.9999974,0.9998455,0.99980026,0.99983454,0.9997965,0.99982893,0.9998278,0.999842,0.9997778,0.99983203,0.9997946,0.9998136,0.999836,0.99982065,0.9997569,0.99975294,0.99980265,0.9997649,0.9997724,0.9998047,0.9995301,0.99973804,0.99971384,0.9997959,0.99983853,0.99980336,0.9997882,0.9998283,0.99981976,0.9998327,0.9998192,0.9997681,0.99981534,0.99985385,0.99968755,0.9998155,0.9998237,0.99967474,0.9998557,0.99981993,0.9997973,0.99971896,0.9996738,0.99982536,0.99981666,0.9998287,0.99978423,0.9997103,0.9998238,0.99968493,0.99983126,0.9998056,0.9997517,0.9998282,0.9993086,0.9998035,0.9997846,0.9998203,0.99978375,0.9998257,0.99974984,0.9998105,0.9998195,0.9998207,0.9998241,0.9998139,0.99979705,0.99977845,0.99979234,0.9997581,0.9997898,0.9997488,0.9997888,0.99961036,0.999775,0.9998195,0.99981725,0.99981624,0.9997506,0.99981433,0.99981534,0.99981755,0.99982154,0.9998584,0.9998246,0.99981,0.9998111,0.99971384,0.9997762,0.9997955,0.9998034,0.9997199,0.9998179,0.999823,0.9998057,0.99982256,0.9995985,0.99973667,0.999721,0.99978125,0.99981517,0.9998239,0.9998061,0.99975204,0.99975044,0.9997783,0.99928,0.9997972,0.9998013,0.99981874,0.99974376,0.9997973,0.9998054,0.99968284,0.9998157,0.999808,0.9998022,0.99950224,0.99975324,0.9997969,0.9998333,0.9998309,0.9997906,0.9998202,0.9997691,0.9998338,0.99976575,0.99981827,0.9997709,0.99982727,0.9998059,0.9998129,0.9997725,0.9997802,0.9998116,0.99978006,0.9998263,0.9995332,0.9997772,0.9998166,0.99982476,0.9997226,0.99981904,0.9997612,0.99981654,0.99979144,0.99981815,0.999765,0.99981827,0.999819,0.9997524,0.9997855,0.999662,0.9997209,0.9998198,0.9997782,0.9997806,0.9998018,0.9996845,0.9998178,0.9997446,0.9998222,0.9998098,0.9998148,0.9997949,0.99980694,0.999836,0.99976254,0.999816,0.99977696,0.9998239,0.99977887,0.99976075,0.9998099,0.9995713,0.999446,0.9997449
ipip90,0.9998126,0.99978524,0.99980944,0.99977547,0.99984396,0.99977386,0.9998098,0.999778,0.99982697,0.9997648,0.9997865,0.99992627,0.9998103,0.99980015,0.99972117,0.99981266,0.99983376,0.9997514,0.99983704,0.99982405,0.99983394,0.99979573,0.99982464,0.999808,0.9997673,0.9998444,0.9997542,0.99981654,0.9998476,0.9998174,0.99980706,0.99982256,0.9997696,0.99984336,0.999824,0.99983436,0.99980843,0.9997987,0.9998306,0.99985194,0.9997435,0.9997994,0.9998097,0.9997748,0.9997533,0.99983203,0.99982196,0.9997308,0.9998337,0.9997896,0.99980116,0.9994932,0.99984246,0.99977,0.9996964,0.9997965,0.99972314,0.9997738,0.999823,0.99982077,0.9998279,0.999839,0.9998341,0.99983674,0.99981785,0.99976844,0.9998238,0.99977833,0.9998012,0.9997519,0.9998205,0.9998383,0.9996748,0.99980074,0.9998568,0.99947715,0.9997883,0.99983466,0.99980503,0.9998266,0.99983704,0.9998824,0.9998028,0.99979955,0.9998666,0.99982435,0.9998467,0.9997987,0.99972904,0.99980956,0.9998514,0.9998235,0.9998526,0.99981284,0.9996927,0.9997879,0.9998077,0.99979925,0.9997367,0.99971515,0.9998218,0.99984026,0.99983364,0.9998233,0.99987763,0.99968,0.9998217,0.9997276,0.99982995,0.9998349,0.99984366,0.9998455,0.9999972,0.99982864,0.9998342,0.9998287,0.99985015,0.99983263,0.9998257,0.99981105,0.99982715,0.99981195,0.99982554,0.9998336,0.9998219,0.9997694,0.9997853,0.99982905,0.99976426,0.99980867,0.9998131,0.9995194,0.9997929,0.99974644,0.9998005,0.9998476,0.99981207,0.9998219,0.9998294,0.9998031,0.99982965,0.99984777,0.99976575,0.99982244,0.99984896,0.999754,0.9998535,0.9997982,0.9997126,0.9998671,0.99982435,0.9998155,0.999752,0.9996924,0.99981076,0.99983287,0.9998334,0.99982154,0.9997542,0.9998163,0.9997522,0.9998509,0.99980694,0.9997531,0.9998257,0.9993766,0.99981457,0.9998032,0.9998165,0.99979794,0.9998294,0.9997912,0.9997943,0.9998149,0.99979526,0.9998144,0.99981016,0.99981207,0.9997851,0.9998047,0.9998131,0.9997969,0.99977034,0.9998001,0.99965787,0.9998227,0.9998171,0.9998165,0.99981964,0.9997812,0.9998309,0.999816,0.9998208,0.9998089,0.99987185,0.9998076,0.9998272,0.99982184,0.9997582,0.99980235,0.9998191,0.99980634,0.9997771,0.9998245,0.99984264,0.9998067,0.99981886,0.99963355,0.99976796,0.9997427,0.9998108,0.99981266,0.99979854,0.9998337,0.99978554,0.9997915,0.99980646,0.999321,0.9998219,0.99984413,0.99982387,0.9997666,0.9998339,0.99981755,0.99972004,0.9998315,0.9998047,0.99982023,0.99958265,0.9997733,0.99981016,0.99985194,0.9998243,0.99979275,0.9998455,0.99978644,0.9998286,0.99980044,0.99982786,0.9998035,0.9998598,0.9998306,0.9998138,0.9997706,0.9998139,0.99981356,0.99981034,0.99982125,0.9995326,0.99979997,0.99982256,0.9998203,0.999762,0.9998268,0.9997859,0.9998267,0.9997866,0.99984366,0.99979806,0.99982697,0.99982345,0.99975544,0.9997929,0.99969983,0.9997304,0.9998452,0.9998152,0.99977213,0.9998329,0.9997703,0.99982476,0.9997771,0.99983305,0.999828,0.9998729,0.9998239,0.99982387,0.9998172,0.999749,0.9998177,0.9997745,0.99981624,0.9997924,0.9997607,0.99983156,0.9996219,0.9995306,0.9997764
ipip120,0.9998029,0.99975085,0.99979615,0.9997354,0.99979544,0.99973583,0.99981093,0.99979323,0.9998222,0.9997471,0.9997707,0.9998167,0.9998089,0.9997762,0.9996954,0.999823,0.99983895,0.999743,0.9998304,0.9998097,0.99982953,0.99979013,0.99980783,0.99979025,0.99972636,0.99984914,0.9997599,0.9998269,0.9998394,0.9998257,0.99979764,0.9998317,0.9997805,0.99983126,0.99982774,0.99981004,0.9998493,0.99982315,0.9998255,0.9998028,0.99976313,0.99982494,0.9997782,0.9997754,0.9997159,0.99981034,0.9997814,0.99970585,0.999813,0.9997748,0.999762,0.9994725,0.9998247,0.99976,0.99968326,0.9997939,0.9996788,0.9997852,0.9997845,0.9998134,0.9998125,0.9998025,0.9998206,0.9997606,0.99979395,0.9997523,0.9998479,0.99979854,0.9997852,0.99977344,0.99979174,0.9998204,0.9996626,0.99977666,0.99984133,0.9995359,0.99977225,0.9998324,0.9998114,0.99982095,0.99976546,0.9998356,0.99978244,0.9997739,0.9998309,0.99982035,0.99983937,0.9997956,0.99974674,0.99980074,0.99982166,0.9998029,0.99985015,0.9998369,0.9996878,0.99975437,0.9997738,0.9997901,0.99975485,0.99973285,0.99982715,0.99981016,0.99984956,0.9998162,0.9998262,0.99969834,0.9998257,0.9997271,0.9998518,0.9998439,0.99983615,0.99980026,0.99982864,0.9999965,0.99987125,0.9998381,0.9999118,0.99985653,0.99989,0.99983597,0.99983776,0.99984586,0.99982226,0.999827,0.99982166,0.99976504,0.99980646,0.99983335,0.99976087,0.99980515,0.9998142,0.99956036,0.9997656,0.99974895,0.99980664,0.9998093,0.99978584,0.99983054,0.99983597,0.99977475,0.9997988,0.9998178,0.99980265,0.9997898,0.9998359,0.999743,0.99981236,0.99979156,0.9997363,0.9998334,0.9998159,0.9998043,0.9997322,0.99971116,0.9998287,0.99981517,0.9998089,0.999779,0.9997672,0.999839,0.99974424,0.99985653,0.9998305,0.99975526,0.99981356,0.9994466,0.9998234,0.9997802,0.9998065,0.99981487,0.9998044,0.99977094,0.99981046,0.9997878,0.9997992,0.99983263,0.9998364,0.9997974,0.9997946,0.9998401,0.9998388,0.9998166,0.99975705,0.9998157,0.9997069,0.9998233,0.99985,0.9998416,0.9998472,0.9997832,0.9998434,0.9998247,0.999833,0.9998039,0.9998338,0.9998049,0.9998332,0.9998175,0.9997761,0.9997807,0.99982584,0.99980444,0.9997603,0.99982494,0.9998135,0.99976337,0.9998243,0.9996266,0.99978054,0.9997544,0.999785,0.9998396,0.9998003,0.9998166,0.999785,0.9997568,0.99982876,0.99938697,0.9998548,0.99985164,0.9998047,0.99978846,0.99984294,0.99977857,0.99972796,0.99983513,0.99984235,0.99984854,0.9996051,0.9997665,0.999852,0.9998416,0.99981385,0.99976236,0.9998343,0.999798,0.99981225,0.9998082,0.9998287,0.9998142,0.99985045,0.99984205,0.99983066,0.9997719,0.99984807,0.9998439,0.99973404,0.9997994,0.9995788,0.9997636,0.99980587,0.9998078,0.9997669,0.99981904,0.99978846,0.9998387,0.99980414,0.99980354,0.9997811,0.9998054,0.9998405,0.9997723,0.99982226,0.99973446,0.9997618,0.9998183,0.9997993,0.99975324,0.99982375,0.9996802,0.9998233,0.99976164,0.99979687,0.9998301,0.9998076,0.9998111,0.99980545,0.99977946,0.9997435,0.99984,0.9997668,0.99981815,0.9998062,0.99975294,0.99984014,0.9995722,0.9995264,0.99972826
ipip150,0.99990255,0.99977297,0.99984854,0.9997682,0.999857,0.9997606,0.99990535,0.99983174,0.9998841,0.99976987,0.9997978,0.9998652,0.9998229,0.9997879,0.9996959,0.9998733,0.99988514,0.9997635,0.99988115,0.9998632,0.99989754,0.9998104,0.9998567,0.99986136,0.9997757,0.99988663,0.99974644,0.9999022,0.9998446,0.9998442,0.99988425,0.99986047,0.9998091,0.9999172,0.9999145,0.9998692,0.999918,0.99991703,0.99987376,0.99988586,0.9997481,0.9998448,0.9998205,0.9997687,0.9997155,0.99985653,0.9998183,0.99975574,0.99987614,0.9997822,0.9998082,0.999402,0.9998679,0.99978995,0.99968654,0.99982667,0.99967486,0.9997443,0.9997855,0.99986494,0.9998972,0.9998315,0.99991584,0.9998206,0.9998509,0.99977285,0.99993706,0.9998693,0.99985784,0.9997716,0.99990326,0.99987197,0.99963266,0.9998141,0.9998428,0.9994149,0.9997924,0.9998779,0.999834,0.9998648,0.9998156,0.9999169,0.99982,0.9998824,0.9998776,0.99993366,0.99993104,0.9998143,0.99973994,0.9998896,0.9998204,0.99991554,0.9998916,0.99973994,0.99964815,0.99974126,0.99989164,0.9998235,0.999731,0.999669,0.9998648,0.99989915,0.9998784,0.9998356,0.99988633,0.99964166,0.9999086,0.99973816,0.9998911,0.99993485,0.999924,0.99983454,0.9998342,0.99987125,0.9999988,0.9998347,0.99993795,0.99993813,0.999927,0.99988896,0.9999307,0.9998334,0.9998667,0.9998774,0.999897,0.9997909,0.99983084,0.99986476,0.9997794,0.9998107,0.999902,0.99950945,0.99975705,0.9997112,0.9998935,0.99986994,0.99983114,0.99986845,0.9999183,0.9998873,0.9999118,0.99987966,0.9997947,0.9998476,0.9998829,0.99969655,0.9998626,0.99985975,0.9996736,0.99987876,0.99990046,0.9998381,0.9997309,0.99967855,0.9999295,0.9998246,0.9998425,0.99982214,0.9997019,0.9999288,0.99970955,0.99992305,0.99988586,0.9997539,0.9999033,0.99934036,0.99990034,0.99983793,0.9998728,0.9998074,0.9998929,0.99973965,0.99990326,0.9998722,0.99988323,0.9999113,0.9998987,0.9998575,0.99984115,0.999898,0.99981534,0.9998274,0.9997866,0.9998345,0.9996367,0.9998341,0.9999375,0.9999307,0.99993575,0.9998141,0.9999286,0.99991244,0.9999132,0.99989027,0.9999102,0.9999171,0.99990505,0.9999144,0.9997778,0.9998209,0.99990517,0.9999075,0.99976546,0.9999055,0.99986166,0.9998125,0.9999223,0.9995937,0.999769,0.9997403,0.9998227,0.999864,0.9998857,0.9998595,0.9997981,0.9997385,0.9998808,0.99927074,0.9998791,0.99989986,0.99987996,0.9998211,0.9998916,0.9998223,0.99970937,0.99990743,0.9999364,0.9998949,0.99952406,0.99979115,0.999888,0.9998838,0.9998877,0.9998471,0.9999214,0.9998037,0.9998913,0.9998222,0.9998807,0.99977916,0.99988747,0.9998366,0.9999119,0.9998117,0.99984133,0.9998855,0.99975824,0.9998965,0.9994931,0.99979377,0.99988306,0.99988276,0.9997707,0.9998938,0.99981433,0.99988943,0.9998572,0.9998769,0.9997695,0.99985904,0.9999067,0.9997711,0.9998472,0.99972856,0.99977094,0.99986655,0.9998201,0.99979776,0.99984545,0.99960625,0.9999175,0.9997693,0.9998563,0.9999044,0.9998552,0.9998518,0.99984014,0.9998762,0.99976766,0.9998584,0.9997993,0.99990445,0.99984777,0.9997807,0.99988323,0.99955606,0.99946547,0.9997645
ipip180,0.9997754,0.99975985,0.99978024,0.9997503,0.99980325,0.99973875,0.99978405,0.99977756,0.99981946,0.9997547,0.9997639,0.999822,0.9998222,0.99977195,0.99972075,0.9997978,0.99980783,0.9997813,0.9998219,0.9997782,0.99983275,0.9997799,0.99986315,0.99980503,0.9997708,0.9998277,0.9997794,0.9998214,0.99980223,0.99979305,0.9998026,0.9998283,0.99979204,0.99983263,0.99978894,0.9998635,0.99980795,0.9997929,0.9998101,0.9998176,0.99977446,0.9998286,0.9997969,0.9997745,0.9997336,0.99981636,0.9998259,0.99972016,0.9998165,0.999779,0.99979126,0.99950397,0.9998255,0.99975526,0.9997204,0.9998255,0.99969864,0.99977857,0.9997904,0.9998122,0.9997891,0.9998072,0.9998048,0.99976164,0.9998046,0.99977446,0.9998025,0.9997612,0.9997805,0.99975115,0.9998124,0.9998829,0.99970233,0.99981093,0.9998516,0.99949694,0.99975353,0.9997979,0.99981683,0.99982667,0.99979484,0.9998219,0.99978054,0.99976,0.9998394,0.9997773,0.9997924,0.9997899,0.9997523,0.9997859,0.99979454,0.99978304,0.99982476,0.99977,0.9996846,0.9997543,0.9997583,0.9997986,0.9997307,0.9997102,0.99980915,0.9998093,0.9998125,0.99981093,0.9998301,0.99970263,0.9997841,0.99973977,0.99981594,0.9998034,0.9997958,0.9997965,0.9998287,0.9998381,0.9998347,0.99999964,0.9998229,0.9998393,0.99983895,0.99983805,0.9998245,0.9998103,0.99981976,0.99984497,0.99980885,0.99976516,0.9998103,0.9998108,0.99978584,0.99977756,0.99982786,0.99961734,0.999838,0.99973977,0.99982125,0.99985963,0.99983215,0.99983776,0.9998061,0.9997683,0.99978715,0.99982756,0.99979264,0.9998277,0.9998254,0.99971527,0.9998063,0.99978894,0.9997748,0.99981606,0.99981016,0.99983424,0.9998006,0.9997279,0.9997996,0.9999044,0.9998989,0.999875,0.9997337,0.9998096,0.99981797,0.99987847,0.9998425,0.99979407,0.9997896,0.9994294,0.99981743,0.9998232,0.9998151,0.99978757,0.9998082,0.9997873,0.9997807,0.9998107,0.9997981,0.99981695,0.99980456,0.9997823,0.9998015,0.9998147,0.99980235,0.99980754,0.99977475,0.99980456,0.9996555,0.9998033,0.9998215,0.9998223,0.9998228,0.9998234,0.99980736,0.9998112,0.9998121,0.9997984,0.9998215,0.9997807,0.9998262,0.9997973,0.9997816,0.999805,0.99982643,0.99978286,0.9997618,0.9998032,0.9998208,0.99980193,0.9998228,0.9996507,0.99978256,0.9997648,0.9998013,0.9997802,0.9997907,0.99982685,0.99979526,0.99978024,0.9998176,0.999385,0.9998337,0.99985003,0.9998554,0.99977255,0.99982685,0.99982303,0.99969,0.99980766,0.9998033,0.9998179,0.9996111,0.9997648,0.99982995,0.9998055,0.99981385,0.9997772,0.99980146,0.999775,0.9998348,0.99984634,0.9998853,0.9998843,0.99985963,0.9998275,0.999805,0.999793,0.9998134,0.99982125,0.9997919,0.99982363,0.9995783,0.9998223,0.9998364,0.999832,0.9998084,0.9998397,0.99982315,0.99982893,0.9997868,0.99984336,0.99981713,0.9998082,0.9998225,0.99978596,0.99980766,0.9997302,0.9997611,0.99984485,0.999883,0.9998058,0.99988806,0.9997407,0.99980724,0.9997993,0.9998416,0.9998269,0.9998376,0.9998831,0.9998682,0.9998014,0.999771,0.9998543,0.99979556,0.999792,0.99979717,0.9997747,0.9997987,0.99959224,0.99952394,0.99974537
ipip210,0.9998962,0.9997573,0.99983865,0.9997437,0.99984163,0.99977016,0.9998935,0.9998092,0.99987847,0.9997489,0.9997851,0.99987566,0.99981415,0.99978274,0.9996995,0.9998639,0.9998922,0.9997686,0.99988097,0.9998631,0.9998767,0.999829,0.99985594,0.99985677,0.99976903,0.9998884,0.99973077,0.99987036,0.99986863,0.99985296,0.9998752,0.9998515,0.9998155,0.9998899,0.99990577,0.99986243,0.9999107,0.9998989,0.99988455,0.9998676,0.99974424,0.99983126,0.9997988,0.9997718,0.9997063,0.99985486,0.99979526,0.99973696,0.9998698,0.9997742,0.99979407,0.9993865,0.99985677,0.99976945,0.99968195,0.99979377,0.9996722,0.9997438,0.9997864,0.9998502,0.99989265,0.999832,0.9999103,0.9998297,0.9998334,0.99977934,0.99991715,0.9998653,0.9998569,0.99976945,0.9998991,0.9998704,0.9996572,0.9998118,0.9998397,0.99942565,0.99980265,0.9998832,0.99982154,0.99985677,0.99982506,0.999901,0.99980474,0.99986947,0.9998712,0.99991864,0.99991316,0.9998116,0.99972916,0.9998758,0.99986637,0.99991083,0.99989104,0.99980134,0.9996528,0.9997197,0.99988997,0.9998063,0.999736,0.9996846,0.9998664,0.9998954,0.9999022,0.9998631,0.99988896,0.9996504,0.99990034,0.9997568,0.99988264,0.99991846,0.99991393,0.99982893,0.99985015,0.9999118,0.99993795,0.9998229,0.99999726,0.99992085,0.99991816,0.99985135,0.9999041,0.9998555,0.9998673,0.9998804,0.9998948,0.99979025,0.9998214,0.9998659,0.9997818,0.99980974,0.999894,0.9995016,0.99976635,0.9997435,0.99987787,0.9998656,0.99982995,0.99985737,0.99991316,0.9998878,0.99991333,0.9998828,0.99980044,0.9998439,0.99989665,0.9997292,0.9998741,0.9998555,0.9996662,0.99987876,0.9999035,0.99984956,0.999722,0.9996907,0.99992436,0.9998278,0.99983734,0.99981153,0.99974346,0.9999177,0.999715,0.999909,0.9998764,0.99975634,0.99990827,0.9993367,0.9998797,0.99983585,0.99986297,0.9998237,0.9998889,0.9997496,0.9999035,0.99987227,0.99987334,0.9998954,0.9998978,0.99986017,0.9998324,0.99988276,0.9998371,0.99982625,0.99978,0.9998288,0.9996392,0.9998327,0.99991816,0.9999158,0.9999164,0.99980193,0.99991536,0.99989635,0.9999013,0.9998804,0.9999074,0.9999046,0.9998922,0.9998951,0.9997788,0.99978524,0.9998698,0.99989617,0.9997412,0.99989533,0.9998556,0.99981904,0.9999055,0.9995897,0.99976265,0.99973446,0.9998148,0.9998807,0.999872,0.99985224,0.99978036,0.9997431,0.9998691,0.999246,0.99985725,0.9999036,0.99987507,0.99981016,0.99986994,0.99980396,0.9997023,0.9999036,0.99991846,0.99990183,0.9995265,0.99977404,0.99988145,0.9998827,0.9998805,0.99984175,0.9999166,0.99979556,0.99986804,0.99981374,0.99986845,0.99979234,0.99989384,0.9998429,0.999899,0.9997839,0.9998426,0.9998778,0.99974746,0.99988484,0.99948967,0.9997966,0.9998606,0.9998628,0.9997584,0.9998732,0.9997911,0.9998665,0.99984306,0.9998663,0.99976563,0.9998582,0.999887,0.99974954,0.9998219,0.9996937,0.99975187,0.99985844,0.9998187,0.9998056,0.99985284,0.9996348,0.9999002,0.9997561,0.99984497,0.99988574,0.99985373,0.9998302,0.99982405,0.99985343,0.9997792,0.99985933,0.99978733,0.99988365,0.99982214,0.9997692,0.99986553,0.99953,0.9994508,0.9997387
ipip240,0.9998955,0.99977547,0.99985135,0.99977344,0.99986535,0.999783,0.9999064,0.99981254,0.9998822,0.9997783,0.99979717,0.9998789,0.99981916,0.9997943,0.99971414,0.9998686,0.99989295,0.99978447,0.99987745,0.99985313,0.99989617,0.9998034,0.99988365,0.99987,0.99981016,0.9998798,0.99974453,0.99990124,0.999844,0.99984235,0.9998867,0.99985826,0.9998097,0.99991095,0.9999125,0.9998956,0.9999177,0.99992555,0.9998786,0.9998867,0.9997412,0.99985194,0.9998228,0.9997744,0.99973035,0.99986845,0.9998272,0.99977887,0.9998782,0.99977714,0.99980533,0.99940556,0.9998564,0.99977964,0.9997103,0.99980146,0.9996908,0.9997429,0.9997911,0.9998675,0.99990755,0.99984837,0.9999118,0.9998261,0.9998596,0.9997993,0.9999036,0.99988884,0.9998711,0.9997872,0.9999081,0.99988127,0.99967784,0.99981797,0.9998717,0.9993894,0.99979264,0.99987274,0.99983853,0.99987245,0.99983734,0.99991244,0.9998072,0.9998888,0.9998784,0.99993,0.999908,0.9998156,0.9997764,0.99987483,0.99983066,0.99992365,0.99989074,0.9997481,0.99969554,0.99972314,0.99990124,0.99981976,0.99974525,0.99966586,0.99985737,0.9999146,0.99988455,0.99984115,0.9998975,0.9996259,0.99989146,0.99975663,0.99987906,0.99991167,0.99991953,0.9998278,0.99983263,0.99985653,0.99993813,0.9998393,0.99992085,0.99999595,0.9999175,0.9998514,0.99991286,0.9998184,0.99986726,0.9998836,0.9999082,0.9997984,0.999822,0.9998527,0.9998104,0.99980086,0.9999086,0.9995391,0.9997726,0.99973315,0.9999023,0.9998753,0.99985045,0.9998749,0.9999153,0.9998927,0.9999142,0.99988157,0.9998213,0.99985766,0.999898,0.9996865,0.99986947,0.99987644,0.9996739,0.99986845,0.9999179,0.99985856,0.99977934,0.9997002,0.99992466,0.99984974,0.9998509,0.99982995,0.9996969,0.99991924,0.9997274,0.9999312,0.9999207,0.9997946,0.999922,0.999361,0.9999011,0.99987394,0.9998822,0.9998275,0.99991477,0.9997491,0.9999141,0.9998941,0.99988824,0.9999013,0.999902,0.9998594,0.99986005,0.99987644,0.99979526,0.9998333,0.9997915,0.9998296,0.9996433,0.9998153,0.99991745,0.9999137,0.99991316,0.99981475,0.9999054,0.99989897,0.9999025,0.99988943,0.9999141,0.99990976,0.99990654,0.99990976,0.99977434,0.99981064,0.99989164,0.99991673,0.9997478,0.99989843,0.99986464,0.99984276,0.9999181,0.9996126,0.9997609,0.9997374,0.9998245,0.9998456,0.9998877,0.9998624,0.9997925,0.9997524,0.9998772,0.9993227,0.9998963,0.9999082,0.99990726,0.9998028,0.9998695,0.99982524,0.999699,0.999909,0.99991816,0.9998894,0.99951667,0.9997742,0.99987346,0.9998694,0.9999077,0.99985784,0.9999008,0.9997996,0.999906,0.9998392,0.99990046,0.9997947,0.99989367,0.9998388,0.99990404,0.99982786,0.9998243,0.9998884,0.99977744,0.99991727,0.99951524,0.9998186,0.99990284,0.9999055,0.999788,0.9999131,0.99983627,0.99988306,0.999858,0.99989635,0.9997701,0.9998685,0.99989814,0.9997605,0.9998258,0.9997127,0.99978495,0.99986017,0.9998425,0.99984384,0.999865,0.99963695,0.9999166,0.99977654,0.99987626,0.99990463,0.9998587,0.99986416,0.9998578,0.99988616,0.99980193,0.9998801,0.9998168,0.9998906,0.9998394,0.99979883,0.99986935,0.99956363,0.9994664,0.99975824
ipip270,0.9999067,0.9997721,0.99984956,0.99976444,0.99986213,0.999764,0.9999075,0.99981344,0.99987954,0.99976987,0.9997865,0.99986917,0.9998125,0.9997898,0.99969393,0.9998609,0.99987894,0.9997883,0.9998756,0.9998469,0.9998821,0.9998177,0.9998585,0.99985856,0.9997618,0.99988467,0.999755,0.9998807,0.99984956,0.9998633,0.999871,0.9998451,0.9998031,0.9998911,0.99991596,0.9998538,0.9999017,0.999913,0.99986964,0.9998691,0.99975187,0.9998647,0.99981356,0.9997742,0.9997216,0.99987084,0.99980396,0.999745,0.9998611,0.9997737,0.9997904,0.9993836,0.9998692,0.99976426,0.999695,0.99978864,0.99969566,0.9997585,0.9997853,0.9998493,0.9998924,0.9998382,0.99990326,0.99981254,0.99981904,0.99976444,0.9999043,0.9998646,0.99985856,0.99977195,0.9999015,0.9998526,0.99964833,0.9998086,0.9998523,0.9993952,0.99976486,0.99986625,0.999818,0.99986684,0.9998181,0.9999084,0.9998009,0.9998877,0.99988043,0.9999172,0.9998984,0.9997967,0.9997549,0.9998724,0.99982756,0.99991953,0.99989295,0.99975145,0.99966717,0.99971753,0.999894,0.9998152,0.9997301,0.9996636,0.99983984,0.9999063,0.9998788,0.9998364,0.99988496,0.9996088,0.9998858,0.9997311,0.99987406,0.9999182,0.9999277,0.999842,0.9998257,0.99989,0.999927,0.99983895,0.99991816,0.9999175,0.9999961,0.99983793,0.9999031,0.9998248,0.9998625,0.99990517,0.9998899,0.99978274,0.9998167,0.9998689,0.9998007,0.99980646,0.99988484,0.9994888,0.9997503,0.99972486,0.9998648,0.99987274,0.9998371,0.9998543,0.99992305,0.9998966,0.9999111,0.999875,0.9998021,0.9998567,0.9998884,0.99969184,0.9998666,0.9998624,0.9996754,0.9998788,0.9999061,0.9998448,0.99970704,0.99967116,0.9999345,0.99982333,0.99982387,0.99979746,0.9997144,0.99993545,0.99969727,0.9999151,0.99990743,0.9997611,0.9999123,0.9993104,0.99988735,0.999819,0.9998687,0.9998174,0.9999026,0.99972796,0.99991274,0.99987066,0.9998839,0.9999042,0.9998884,0.9998475,0.9998296,0.9998638,0.999781,0.9998322,0.9997788,0.99983287,0.999637,0.9998246,0.9999133,0.9999059,0.9999068,0.9997881,0.9999033,0.9999007,0.9999041,0.9998924,0.9999086,0.9999121,0.9998962,0.9999104,0.99975145,0.9997972,0.999871,0.999905,0.99975085,0.99990356,0.9998607,0.99981314,0.99991196,0.99957055,0.99974644,0.9997314,0.99981785,0.99984944,0.999888,0.99984527,0.9997754,0.99974126,0.99986166,0.99924195,0.99986386,0.9998705,0.9998774,0.99980384,0.99987394,0.9998133,0.99971515,0.9999059,0.99992377,0.9998794,0.999506,0.9997654,0.9998655,0.9998874,0.99987626,0.99983716,0.999901,0.99980026,0.99987864,0.9998032,0.9998692,0.9997731,0.99987423,0.99982643,0.99990714,0.999807,0.99983895,0.99988526,0.9997588,0.9998979,0.99948394,0.99977994,0.99987876,0.9998782,0.99974746,0.9998836,0.9997985,0.9998799,0.99986255,0.99986106,0.99975926,0.9998599,0.99990743,0.99978226,0.9998428,0.99970734,0.9997507,0.99985915,0.99979436,0.99979025,0.99982035,0.99961674,0.9999147,0.9997601,0.99985695,0.99988973,0.999842,0.9998184,0.99981207,0.9998553,0.9997655,0.99986064,0.9998069,0.99989676,0.99982613,0.99979067,0.9998642,0.99955964,0.99944705,0.999754
ipip300,0.9997879,0.99974513,0.99977696,0.99973536,0.9997806,0.9997396,0.99980396,0.9997942,0.99981517,0.99973565,0.9997714,0.9998097,0.99980676,0.9997773,0.9997027,0.9998081,0.9998305,0.99971694,0.9998255,0.9998227,0.9998482,0.99977857,0.9998094,0.9998071,0.9997476,0.99982005,0.9997307,0.99984473,0.9998016,0.9998102,0.9998028,0.9998312,0.99976534,0.99984723,0.99981886,0.99982107,0.99982476,0.9998164,0.99982125,0.9998188,0.99976146,0.9998183,0.9997908,0.99976915,0.9996836,0.99978256,0.9997906,0.9997213,0.9998008,0.9997831,0.9997661,0.9994627,0.99982065,0.9997701,0.9996762,0.99981636,0.99963784,0.99976325,0.99977076,0.9998127,0.9998185,0.99977535,0.9998316,0.9997493,0.9998037,0.9997527,0.99984556,0.99978083,0.99980664,0.9997446,0.9998116,0.9998352,0.9996562,0.9997906,0.9998264,0.99957114,0.999796,0.99984753,0.99980444,0.99980754,0.9997759,0.9998543,0.99981487,0.99976766,0.99982363,0.99981934,0.99983853,0.9998067,0.9997172,0.999812,0.99978185,0.99981654,0.99983776,0.99974066,0.999658,0.99976116,0.9997869,0.9997829,0.99975014,0.9997324,0.9998387,0.99984103,0.9998377,0.9998032,0.99983376,0.9997053,0.9998297,0.99972093,0.9998585,0.9998582,0.99983835,0.9997778,0.99981105,0.99983597,0.99988896,0.99983805,0.99985135,0.9998514,0.99983793,0.9999987,0.99984765,0.99981225,0.99981076,0.9998111,0.9998158,0.99976885,0.9998457,0.9998293,0.9997471,0.9998079,0.9998391,0.9995775,0.9997711,0.9997138,0.999831,0.9998219,0.99979585,0.9998431,0.99983877,0.9997854,0.99980587,0.9998284,0.99977034,0.9997975,0.9998113,0.9997305,0.99983287,0.9998085,0.99970984,0.99982065,0.9998517,0.9998443,0.9997739,0.99971604,0.9998182,0.9998325,0.99984217,0.999815,0.9997254,0.99983996,0.999749,0.99985474,0.99981093,0.99974066,0.9998052,0.9994243,0.99983996,0.99981666,0.99980783,0.9997684,0.9998071,0.99973625,0.99979466,0.9997985,0.99980104,0.99983966,0.99982667,0.99979234,0.9997941,0.9998396,0.99981105,0.99980164,0.99977696,0.9998051,0.999666,0.99980885,0.9998475,0.99984175,0.99984825,0.9998418,0.9998429,0.9998506,0.9998534,0.9998047,0.9998493,0.99983084,0.9998694,0.99980885,0.99978715,0.9997915,0.9998697,0.9998123,0.99976176,0.99984175,0.99979824,0.9997598,0.999841,0.9996327,0.9997888,0.9997332,0.9997998,0.9998108,0.99978906,0.9998136,0.99978113,0.9997225,0.99987864,0.99935675,0.9998516,0.99986404,0.9998201,0.99982023,0.9998501,0.9997886,0.99973255,0.99984413,0.9998406,0.99984205,0.99958116,0.99978685,0.99984056,0.9998205,0.99982053,0.9997722,0.9998359,0.9997793,0.9998298,0.99980915,0.999841,0.9997952,0.99983037,0.9998325,0.99985415,0.9997727,0.9998448,0.99983543,0.9997352,0.9998147,0.99953836,0.9997733,0.99981767,0.9998137,0.99978673,0.9998306,0.9997994,0.99983877,0.99979913,0.99981594,0.9997662,0.99979854,0.9998625,0.99975866,0.99983877,0.9997505,0.99975574,0.999835,0.9998303,0.99976736,0.9998336,0.99965745,0.99983156,0.9997611,0.99980855,0.9998441,0.9998196,0.9998305,0.9998266,0.9998132,0.99974495,0.99981594,0.99975806,0.9998218,0.9998175,0.9997468,0.9998469,0.9995617,0.9995338,0.9997423
ipip2,0.99992347,0.9997938,0.9998693,0.99979097,0.99988085,0.9997851,0.99990714,0.9998083,0.9998842,0.9997848,0.9998005,0.9998627,0.9998336,0.9997826,0.99971616,0.9998625,0.99988663,0.9997785,0.9998825,0.99984694,0.999924,0.99981433,0.99989486,0.99986494,0.9998023,0.9998863,0.999751,0.9999122,0.99984294,0.9998448,0.9999089,0.9998509,0.9997942,0.9998999,0.9999028,0.999882,0.9999002,0.9999084,0.9998777,0.9998731,0.9997558,0.9998564,0.99983144,0.99976856,0.99973637,0.99987483,0.99982905,0.99977285,0.9998699,0.99978817,0.9998203,0.9994177,0.99987924,0.99977416,0.99970376,0.99982256,0.99968183,0.999733,0.99979883,0.99985796,0.9999122,0.9998495,0.9999233,0.99982995,0.9998552,0.9997974,0.99990094,0.99986213,0.99985707,0.9997478,0.9999126,0.9998899,0.999645,0.99982464,0.9998384,0.99940234,0.9997786,0.9998758,0.99984396,0.99986756,0.9998206,0.9999204,0.99983054,0.9998865,0.99987966,0.99991244,0.99990517,0.99981797,0.99971473,0.99985474,0.99981785,0.99992526,0.999882,0.99972844,0.9996472,0.999736,0.99988556,0.9998165,0.99972486,0.9996545,0.9998718,0.9999105,0.9998775,0.9998549,0.9998802,0.99964035,0.9998808,0.99973243,0.999882,0.9999047,0.9999182,0.99983203,0.99982715,0.99983776,0.9999307,0.9998245,0.9999041,0.99991286,0.9999031,0.99984765,0.99999887,0.9998681,0.9999087,0.99991757,0.99992126,0.9998135,0.9998436,0.99987966,0.9997987,0.99982375,0.9999193,0.99957275,0.9998041,0.99972534,0.99990416,0.9998845,0.9998404,0.9998677,0.99991584,0.9998869,0.9999095,0.99988955,0.99982154,0.999855,0.9998792,0.9996979,0.99986464,0.9998607,0.99968475,0.99986386,0.9999101,0.9998523,0.999746,0.9997049,0.99992734,0.99984574,0.9998537,0.9998406,0.99969465,0.9999138,0.9997419,0.9999201,0.99987835,0.9997767,0.9998948,0.99934083,0.99989337,0.99985623,0.9998742,0.99982834,0.99991375,0.9997591,0.9999071,0.99990636,0.9998988,0.9999165,0.999886,0.99983615,0.99983925,0.999891,0.9997917,0.9998467,0.99981445,0.9998446,0.9996225,0.9998607,0.99993527,0.9999253,0.9999295,0.999807,0.9999105,0.99991184,0.9999164,0.99990505,0.9999163,0.9999162,0.99990225,0.99991184,0.99976707,0.9998113,0.9998828,0.9998914,0.9997514,0.9999104,0.9998926,0.9998374,0.99992424,0.99955696,0.99978626,0.9997397,0.99985546,0.9998397,0.9999055,0.99987996,0.99980825,0.9997687,0.9998697,0.9992251,0.99984837,0.99988794,0.9999018,0.99979514,0.9998961,0.99983215,0.9997048,0.9998964,0.9999197,0.99987453,0.9995056,0.99977297,0.99986845,0.9998869,0.99988794,0.9998613,0.9999271,0.99980515,0.9998934,0.9998149,0.9998926,0.9997977,0.9998724,0.9998302,0.99990577,0.9998109,0.9998443,0.99988234,0.9997825,0.99991965,0.99952936,0.9998282,0.99988574,0.9998833,0.99977964,0.9998942,0.99981874,0.999881,0.99986744,0.99988365,0.99977624,0.99987227,0.99990565,0.99977756,0.9998323,0.9997125,0.99977314,0.9998647,0.9998552,0.9998278,0.9998617,0.9996256,0.9999079,0.9997581,0.9998618,0.9999007,0.99985343,0.99985623,0.999856,0.99988496,0.9997842,0.9998677,0.99979234,0.99989253,0.99983644,0.99977493,0.99986464,0.9995476,0.99946004,0.9997622
ipip32,0.9998209,0.99977183,0.9998071,0.9997591,0.9998057,0.999746,0.99981,0.9997904,0.999835,0.99974793,0.999762,0.99981296,0.9998178,0.9997604,0.9996954,0.9998022,0.9998247,0.99975854,0.9998251,0.99980456,0.99985284,0.99980384,0.99982494,0.9997981,0.99975145,0.99984765,0.9997744,0.9998317,0.99982995,0.9998132,0.9998302,0.9998187,0.99976945,0.9998296,0.9998246,0.99982077,0.9998222,0.99980986,0.9998289,0.9998085,0.99976194,0.99981236,0.9997812,0.9997904,0.99972427,0.9998259,0.9998038,0.99971974,0.9998263,0.99976784,0.999796,0.9995085,0.99982667,0.9997633,0.99966884,0.99981976,0.99966633,0.99972594,0.99978226,0.9998115,0.9998218,0.99980783,0.999826,0.9997788,0.9997918,0.9997502,0.9998201,0.999766,0.9997856,0.9997205,0.9998054,0.99984014,0.9996439,0.99979514,0.999796,0.9994806,0.9997582,0.99981713,0.99981666,0.99982625,0.9997513,0.9998293,0.9997888,0.9997772,0.999826,0.9998004,0.9998158,0.9997877,0.99969155,0.9997962,0.99979603,0.99980515,0.99982405,0.9997857,0.9996628,0.9997677,0.9997763,0.9997878,0.9997183,0.9996999,0.99983263,0.9998199,0.9998351,0.99981153,0.9998136,0.9996818,0.99980146,0.9997088,0.99983186,0.9998221,0.99982166,0.9997946,0.99981195,0.99984586,0.9998334,0.9998103,0.9998555,0.9998184,0.9998248,0.99981225,0.9998681,0.99999744,0.99986714,0.99987006,0.99985003,0.9997911,0.9998305,0.9998358,0.99975455,0.9998085,0.9998346,0.9995686,0.9997816,0.99973166,0.99981445,0.9998192,0.99977684,0.999826,0.99983317,0.9997835,0.99980104,0.9998127,0.999787,0.99979436,0.99981964,0.99974114,0.9998104,0.9997914,0.99972737,0.9998297,0.9998179,0.9997959,0.99972564,0.999705,0.99984515,0.99982023,0.9998118,0.999815,0.99972385,0.99984705,0.99976295,0.999846,0.99982184,0.99973464,0.9997937,0.9994012,0.9998347,0.9997878,0.9998352,0.999801,0.99981344,0.99977523,0.99981564,0.99981874,0.9998127,0.9998426,0.9998132,0.9997904,0.99978036,0.99984455,0.9997907,0.9998266,0.9998213,0.99982834,0.9996494,0.9998719,0.9998521,0.9998485,0.99985206,0.99978435,0.99982774,0.9998416,0.999842,0.9998216,0.9998457,0.9998097,0.9998401,0.9998113,0.9997816,0.9997833,0.99982846,0.9997959,0.99972534,0.9998423,0.9998479,0.9997979,0.9998411,0.99958175,0.99978167,0.9997538,0.99981374,0.9998176,0.9998213,0.99985194,0.99980116,0.9997822,0.9998136,0.9992926,0.9998005,0.9998286,0.9998112,0.9997933,0.999869,0.9997954,0.9996964,0.9998201,0.99984306,0.9998317,0.9995542,0.99973273,0.9998369,0.9998599,0.99981236,0.9997704,0.9998577,0.99981743,0.9998154,0.99980974,0.99983335,0.99980175,0.99983793,0.9998233,0.999831,0.9997518,0.9998439,0.99982053,0.9997492,0.99981517,0.99955964,0.9998015,0.9998023,0.99980146,0.99975896,0.99981153,0.99978757,0.9998416,0.9998188,0.9998116,0.9997809,0.99979025,0.9998505,0.9997849,0.9998236,0.9997524,0.9997445,0.99983233,0.99981046,0.9997498,0.99982667,0.99965346,0.99981934,0.99973464,0.9997955,0.99983656,0.99982464,0.9998051,0.99981624,0.99980193,0.99975055,0.9998069,0.9997447,0.99980044,0.9997929,0.9997318,0.99983025,0.9995654,0.99951935,0.9997291
ipip62,0.9998963,0.99981356,0.99987924,0.99981266,0.99987197,0.9997984,0.99989855,0.9998145,0.99988985,0.9998002,0.99977744,0.99984515,0.9998024,0.9997693,0.9997283,0.9998149,0.99987316,0.99978155,0.99985147,0.99981844,0.9999144,0.9998097,0.9998747,0.9998715,0.9997858,0.9998848,0.9998013,0.9999105,0.99983203,0.999824,0.99987006,0.9998665,0.9998025,0.999873,0.99986887,0.9998698,0.9998661,0.9998665,0.9998469,0.9998532,0.99978787,0.99986345,0.9998394,0.9997534,0.999773,0.9998781,0.9998435,0.99975425,0.99984664,0.99976814,0.99983364,0.9995216,0.99987,0.99978864,0.9997286,0.999839,0.9996861,0.99975306,0.99981296,0.99986416,0.99986213,0.99984014,0.99988025,0.9998386,0.9998196,0.9997884,0.9998662,0.99984676,0.99983543,0.9997682,0.9998785,0.99987227,0.9996678,0.9998241,0.99981445,0.99943185,0.99977213,0.9998561,0.9998619,0.9998768,0.99979454,0.9998811,0.9997921,0.9998306,0.99986136,0.9998564,0.99984944,0.99979335,0.99969554,0.99982125,0.9997993,0.99987245,0.9998352,0.9997399,0.99965465,0.99973756,0.9998465,0.9998209,0.9997209,0.9996713,0.9998342,0.9998765,0.99983376,0.9998253,0.99984354,0.999686,0.99984545,0.999727,0.99986786,0.9998655,0.9998806,0.9998136,0.99982554,0.99982226,0.9998667,0.99981976,0.9998673,0.99986726,0.9998625,0.99981076,0.9999087,0.99986714,0.9999969,0.9999347,0.99988294,0.9997996,0.99990785,0.9998805,0.9998151,0.9998318,0.99989146,0.9995807,0.9998411,0.9997269,0.99986625,0.9998891,0.9998431,0.99987644,0.9998962,0.99985397,0.9998622,0.99985284,0.99981725,0.9998399,0.9998634,0.99970794,0.9998481,0.99983925,0.99972135,0.9998529,0.9998784,0.99983644,0.99972606,0.9996999,0.9998755,0.9998518,0.99985147,0.99984765,0.99970543,0.99987924,0.99979717,0.99990773,0.99984473,0.999764,0.99985415,0.99934494,0.99987906,0.9998461,0.9998521,0.99980533,0.9998865,0.99977726,0.9998635,0.99986374,0.9998619,0.9998801,0.99988383,0.9998433,0.999848,0.9998755,0.9998009,0.99984944,0.9998356,0.99983764,0.9996576,0.99984735,0.9998901,0.9998918,0.99989235,0.9998234,0.99986994,0.9998889,0.9998825,0.99987155,0.999896,0.9998688,0.99990654,0.999889,0.9997971,0.9998303,0.9998693,0.99988824,0.99980384,0.99989605,0.99995756,0.99985725,0.9998942,0.9996056,0.9998229,0.99977535,0.99990463,0.99983805,0.9998709,0.9999208,0.99984205,0.9997963,0.99984133,0.99928063,0.9998272,0.9998518,0.99987733,0.99978095,0.9998767,0.99984163,0.99970156,0.99985766,0.99988335,0.9998764,0.99962294,0.9997694,0.9998801,0.99989116,0.9998697,0.99983615,0.99988765,0.9998347,0.9998653,0.99980575,0.9998745,0.9998138,0.9998588,0.9998442,0.9998672,0.99979883,0.9998417,0.99987787,0.99979913,0.9998846,0.9995726,0.9998418,0.99986786,0.9998647,0.99979913,0.99987483,0.99983054,0.9998821,0.9998904,0.99987286,0.999802,0.9998442,0.99989045,0.99979186,0.9998479,0.9997503,0.99980366,0.9998609,0.9998461,0.999813,0.9998395,0.99968445,0.99988675,0.9997903,0.99984556,0.99988055,0.99985856,0.99984366,0.99984777,0.99985594,0.99979067,0.99987763,0.99980426,0.9998629,0.99984133,0.99978715,0.9998574,0.99958783,0.9994967,0.9997564
ipip92,0.9999003,0.9998003,0.9998612,0.9997819,0.99986064,0.9997787,0.99988496,0.9998057,0.9998889,0.9997742,0.9997761,0.99986154,0.99981713,0.999794,0.9997312,0.99983203,0.99987024,0.99982005,0.99987143,0.9998406,0.9999054,0.9998299,0.9998794,0.9998653,0.9997834,0.99988014,0.99978393,0.9998939,0.999848,0.9998402,0.9998753,0.9998475,0.99979097,0.999871,0.9998884,0.99985886,0.99986976,0.9998795,0.9998663,0.9998571,0.99975616,0.99985254,0.9998423,0.99976605,0.99976414,0.9998785,0.9998371,0.9997678,0.99986494,0.9997875,0.99981517,0.9994604,0.99986446,0.9997857,0.9997249,0.9998064,0.99966925,0.99974525,0.9997973,0.99984246,0.9998921,0.99986315,0.9999107,0.9998392,0.99983555,0.99979705,0.999872,0.99983764,0.99984497,0.99975264,0.9998763,0.9998664,0.999667,0.99982,0.9998398,0.99940616,0.9997748,0.9998539,0.9998492,0.9998753,0.9998162,0.9998853,0.99980253,0.9998576,0.99986666,0.99986947,0.9998552,0.99981797,0.9997188,0.99984044,0.99981415,0.9998884,0.9998647,0.9997674,0.99967694,0.9997411,0.99985343,0.9998221,0.9997296,0.99967015,0.99984306,0.9998907,0.9998593,0.99984556,0.99987847,0.999649,0.9998433,0.99972844,0.99985677,0.9998712,0.99988556,0.999836,0.9998336,0.999827,0.9998774,0.99984497,0.9998804,0.9998836,0.99990517,0.9998111,0.99991757,0.99987006,0.9999347,0.9999979,0.9998937,0.9997949,0.99986684,0.99988216,0.9998166,0.9998263,0.999882,0.9996002,0.99982154,0.9997647,0.99985147,0.9998831,0.9998366,0.999849,0.9998892,0.9998632,0.9998821,0.99988157,0.99983865,0.99986506,0.99988544,0.9997051,0.999861,0.9998405,0.99969274,0.99986714,0.9998825,0.99984163,0.9997527,0.99973166,0.9998996,0.99984246,0.99984026,0.9998378,0.99971247,0.99989307,0.9997728,0.9999041,0.9998937,0.9997729,0.9998668,0.9993249,0.9998599,0.9998356,0.9998689,0.9998216,0.9998804,0.9997632,0.9998803,0.99988514,0.9998688,0.9998827,0.99986535,0.999829,0.99983186,0.9998604,0.99978936,0.99984676,0.999834,0.99984264,0.99963,0.9998625,0.9998854,0.9998884,0.9998869,0.99981296,0.9998687,0.9998824,0.9998773,0.9998809,0.99989784,0.99987704,0.9998816,0.99987984,0.9997747,0.99981165,0.99985707,0.999871,0.99975157,0.99988,0.9999282,0.99985486,0.9998968,0.99959,0.99979603,0.9997503,0.99988174,0.99983937,0.999886,0.99991626,0.9998283,0.9998082,0.9998377,0.9992467,0.99983484,0.9998603,0.9998698,0.999782,0.99987096,0.99984837,0.999695,0.9998627,0.9998874,0.99987113,0.9995641,0.99975836,0.99986166,0.9998934,0.99988633,0.9998492,0.99990064,0.99983865,0.99986863,0.99980927,0.9998656,0.99979913,0.99987215,0.99982893,0.9998689,0.99979895,0.99983084,0.99986905,0.9997848,0.9998785,0.9995388,0.9998269,0.99986136,0.99985856,0.99977404,0.99986744,0.9998155,0.9998723,0.9998677,0.999872,0.99980456,0.9998555,0.99988157,0.9997935,0.9998343,0.9997158,0.9997626,0.9998503,0.9998318,0.99981546,0.9998409,0.9996721,0.99987656,0.9997595,0.999859,0.9998671,0.9998633,0.99984014,0.99983877,0.9998611,0.9998016,0.9998644,0.9998027,0.99986506,0.99982464,0.99978834,0.9998507,0.99956656,0.99946123,0.99974924
ipip122,0.9999098,0.999785,0.99986625,0.99978304,0.99987763,0.9997816,0.9999009,0.99979174,0.99986386,0.9997699,0.9997809,0.99986184,0.99981916,0.99977773,0.9996846,0.99985296,0.9999006,0.9997841,0.999873,0.9998603,0.99993503,0.99981755,0.9998958,0.9998647,0.99980164,0.99988407,0.9997358,0.9999089,0.9998427,0.9998312,0.9998711,0.9998367,0.9997842,0.9998753,0.9999082,0.99987674,0.99991393,0.99992144,0.9998769,0.99986476,0.9997507,0.9998392,0.99979824,0.9997806,0.9997161,0.99986595,0.9998024,0.9997506,0.99987984,0.99977106,0.99983186,0.9994409,0.99987084,0.9997843,0.9996897,0.99979526,0.99968296,0.99973124,0.9998142,0.99984896,0.99990314,0.99983734,0.99991,0.99981475,0.9998391,0.99977314,0.9998856,0.9998565,0.99983805,0.9997447,0.999907,0.9998867,0.9996418,0.9998204,0.99982536,0.9993881,0.9997652,0.99985296,0.9998179,0.99984926,0.9998134,0.9999063,0.9998145,0.99988085,0.9998842,0.99990135,0.99988586,0.99981856,0.99971783,0.9998501,0.9998143,0.99991214,0.9998871,0.9997413,0.99964386,0.9997148,0.9998916,0.9997984,0.9997014,0.9996353,0.9998601,0.9998948,0.9998624,0.9998274,0.9998776,0.9996064,0.9998721,0.9997429,0.9998539,0.99990034,0.9999056,0.99982065,0.9998219,0.99982166,0.999897,0.99980885,0.9998948,0.9999082,0.9998899,0.9998158,0.99992126,0.99985003,0.99988294,0.9998937,0.99999833,0.9997627,0.99981827,0.9998576,0.9997707,0.999808,0.99990684,0.99953276,0.99978805,0.99973553,0.9999066,0.99986345,0.9998294,0.9998548,0.99990505,0.9998896,0.99990577,0.9998843,0.9998271,0.9998521,0.99987614,0.9997146,0.9998533,0.99983585,0.9996718,0.9998669,0.99988616,0.9998201,0.999716,0.9996769,0.99991864,0.9998295,0.99982905,0.999824,0.9996905,0.99990267,0.9997387,0.99990535,0.99987936,0.99973863,0.9998921,0.9993377,0.9998879,0.9998345,0.9998956,0.99984086,0.99991053,0.9997658,0.9999168,0.9999002,0.9998674,0.9998983,0.99988383,0.99984026,0.99981666,0.9998604,0.99977714,0.99980724,0.9997954,0.9998097,0.9996218,0.9998154,0.9999014,0.9998982,0.9999024,0.9997803,0.99989146,0.9998898,0.99989694,0.9998725,0.99990976,0.99990505,0.9998943,0.9999035,0.9997715,0.99978286,0.99986124,0.9998934,0.9997338,0.9999015,0.99986726,0.99983287,0.9998952,0.9995411,0.9997394,0.9997305,0.9998236,0.99983746,0.99986595,0.9998403,0.99977434,0.9997582,0.9998424,0.99919736,0.9998414,0.9998765,0.99988765,0.99978244,0.9998652,0.99980664,0.99968153,0.9998885,0.9999004,0.99986815,0.999487,0.99974966,0.9998587,0.9998756,0.99986756,0.99984384,0.9999087,0.9997923,0.999866,0.999816,0.99989074,0.99977857,0.99987274,0.99983144,0.99990064,0.99977386,0.9998144,0.9998617,0.9997815,0.99990994,0.9995236,0.9998325,0.9998666,0.99986815,0.99976313,0.99987906,0.99981207,0.9998631,0.9998719,0.9998756,0.9997728,0.9998528,0.99988604,0.9997371,0.99981236,0.9996955,0.9997685,0.9998527,0.99982923,0.99979985,0.999844,0.9996075,0.9998959,0.9997451,0.9998332,0.99988526,0.9998313,0.9998368,0.9998375,0.9998562,0.99976236,0.999866,0.99977434,0.99988276,0.99980587,0.9997543,0.99985445,0.9995325,0.99945605,0.9997554
ipip152,0.99975455,0.99971217,0.99974513,0.99971515,0.9997591,0.9997102,0.9997756,0.99973375,0.99983275,0.9997208,0.99972594,0.9997822,0.9997682,0.99972296,0.9996999,0.9997678,0.99978125,0.9997401,0.9997698,0.9997442,0.99980545,0.99972117,0.9997863,0.99980307,0.9997506,0.9998035,0.9997477,0.9998179,0.9997761,0.9997884,0.99986535,0.999809,0.9997762,0.99982375,0.9997674,0.9997779,0.9997589,0.9997544,0.9997941,0.99979025,0.99973315,0.9997843,0.99978113,0.9997258,0.99972767,0.9997796,0.9997901,0.9996978,0.9997569,0.99974585,0.9997297,0.9994707,0.99976134,0.99973065,0.9997194,0.99977964,0.9996228,0.99972844,0.9997275,0.9998041,0.9997568,0.99976534,0.99976975,0.9997797,0.999776,0.9997614,0.999784,0.99978703,0.99980533,0.99973303,0.99976176,0.99978274,0.99965054,0.9997349,0.99976164,0.9994367,0.99972147,0.9997645,0.99980664,0.99981457,0.99976057,0.9997874,0.99970245,0.999745,0.999768,0.9997597,0.9997756,0.9997641,0.9996778,0.99975747,0.99975747,0.9997815,0.9997614,0.9996977,0.9996411,0.9997148,0.99974275,0.9998241,0.9997032,0.99965966,0.9997613,0.99981254,0.9997551,0.99978435,0.99976265,0.9997638,0.9997707,0.99973565,0.99982536,0.9997638,0.99976796,0.9997569,0.9997694,0.99976504,0.9997909,0.99976516,0.99979025,0.9997984,0.99978274,0.99976885,0.9998135,0.9997911,0.9997996,0.9997949,0.9997627,0.9999974,0.9997953,0.9997804,0.9998066,0.99978036,0.9997689,0.9995528,0.99973583,0.999679,0.9997549,0.99980474,0.99980676,0.9997927,0.9997726,0.999755,0.9997612,0.99980104,0.9997429,0.9997796,0.9997743,0.99967057,0.9997929,0.9998127,0.99971306,0.99978757,0.9998273,0.99982595,0.9997103,0.9996671,0.9997696,0.9997997,0.9997962,0.99975395,0.99964404,0.9997962,0.99969995,0.9998049,0.9997848,0.9997378,0.9997654,0.9993393,0.9997617,0.99979633,0.9997525,0.99972034,0.9997636,0.99970883,0.99973994,0.9997898,0.9998511,0.9997927,0.9997861,0.99977237,0.9997965,0.9998175,0.99978155,0.99984545,0.9997664,0.9998384,0.99960876,0.9997675,0.9998203,0.99982107,0.9998242,0.9998191,0.9998024,0.9998111,0.9998076,0.9998475,0.99979967,0.9997768,0.99980384,0.99977905,0.99979573,0.9997969,0.99979436,0.999788,0.9997393,0.999793,0.9997992,0.99978894,0.99984133,0.9996309,0.9998224,0.99976236,0.99978083,0.9997715,0.999827,0.9998121,0.99980426,0.9997557,0.99977434,0.9993551,0.99976754,0.9997857,0.9997795,0.99973446,0.9997864,0.99977905,0.99965703,0.999774,0.9997907,0.99979854,0.99961776,0.9997973,0.99980146,0.9997894,0.9997909,0.9997615,0.99978834,0.99976873,0.99979794,0.9997255,0.9997919,0.9997782,0.9997655,0.99975395,0.9997807,0.9998112,0.9998,0.9998183,0.99970734,0.99976104,0.9995094,0.99972147,0.99980575,0.99980193,0.9997614,0.9998065,0.99975854,0.9997785,0.99975556,0.99979764,0.99972063,0.99981123,0.99981827,0.99980694,0.99977195,0.9996884,0.999761,0.99975896,0.9997676,0.9997639,0.9997827,0.9996417,0.9997738,0.9997449,0.99982107,0.9997836,0.999818,0.9997821,0.99978477,0.99978876,0.9997436,0.9997714,0.999783,0.9997592,0.9998072,0.9997651,0.999791,0.9995692,0.99944764,0.99967855
ipip182,0.9998064,0.99978614,0.9997961,0.9997795,0.9998047,0.9997476,0.9998457,0.9998401,0.99987626,0.999791,0.9997636,0.99978423,0.9997921,0.99978167,0.99969554,0.9997874,0.9998339,0.9997653,0.9998193,0.999822,0.9998666,0.9997785,0.999829,0.9998644,0.99973756,0.99986625,0.99982625,0.9998948,0.99981254,0.9997953,0.99980706,0.9998715,0.9997916,0.9998399,0.99982846,0.9998214,0.99983525,0.99982435,0.9998148,0.999821,0.9998226,0.9998605,0.9998116,0.99975276,0.9997509,0.99981624,0.9998117,0.99970543,0.9997992,0.9997604,0.9998173,0.99959636,0.9998297,0.9998432,0.99973005,0.9998727,0.99963546,0.9997865,0.9997847,0.9998569,0.999793,0.9997778,0.99981254,0.99975985,0.99977094,0.9997334,0.99984086,0.99980766,0.9997967,0.9997599,0.99980205,0.9998347,0.99966013,0.9997895,0.999778,0.99955606,0.99977434,0.99982166,0.9998425,0.99984014,0.9997518,0.999826,0.9997579,0.9997467,0.9998145,0.99979246,0.9998102,0.9997971,0.99968183,0.99979335,0.99974185,0.9998004,0.9997833,0.9997216,0.99964416,0.9997461,0.99977255,0.9998132,0.9997047,0.9996901,0.9997957,0.9998221,0.99978113,0.99977976,0.99978906,0.99974906,0.9998153,0.99970716,0.99987274,0.9998116,0.99982125,0.99975294,0.9997853,0.99980646,0.99983084,0.9998103,0.9998214,0.999822,0.9998167,0.9998457,0.9998436,0.9998305,0.99990785,0.99986684,0.99981827,0.9997953,0.99999726,0.9998851,0.9998022,0.99985206,0.9998295,0.9996179,0.999813,0.9997161,0.9998105,0.99984634,0.99982107,0.999876,0.99984634,0.99978805,0.9997763,0.9998229,0.9997797,0.9998219,0.99979585,0.9997091,0.9998139,0.99980396,0.9997742,0.99982035,0.9998505,0.9998345,0.99974096,0.9996902,0.9998036,0.9998238,0.99982053,0.9998202,0.99969023,0.99983853,0.9997942,0.99986213,0.9998028,0.999725,0.99979556,0.9993929,0.99985844,0.99981725,0.9998085,0.9997576,0.999811,0.9997504,0.99979365,0.9998038,0.99981815,0.9998472,0.99986637,0.99983144,0.99984926,0.9998835,0.9998218,0.99984187,0.9998103,0.99983853,0.9996721,0.99980724,0.99987173,0.9998776,0.9998811,0.9998912,0.9998465,0.99986374,0.99985594,0.99982494,0.9998414,0.99981797,0.99992,0.9998532,0.9998514,0.99984044,0.9998868,0.99985164,0.99984574,0.99986696,0.9998807,0.9998003,0.999864,0.9996578,0.99987304,0.9998124,0.99986994,0.999824,0.9998115,0.9998607,0.9998415,0.99975204,0.9998759,0.9993932,0.9998265,0.999825,0.99982184,0.9997905,0.9998548,0.99979794,0.99970293,0.9998127,0.99986273,0.9998761,0.99971044,0.9997681,0.9998966,0.99983454,0.9998031,0.9997629,0.9998254,0.99981564,0.9998222,0.99978787,0.99983895,0.9998103,0.9998269,0.9998342,0.99983525,0.99978125,0.99985576,0.99986917,0.99975836,0.999818,0.9996148,0.999813,0.9998391,0.9998309,0.9998258,0.9998487,0.9998356,0.99987775,0.9998815,0.99982667,0.99980634,0.99981725,0.9998778,0.9998076,0.999873,0.99981713,0.9998223,0.99982995,0.99982995,0.9997804,0.9998126,0.99965423,0.9998437,0.99980325,0.9998016,0.9998573,0.999828,0.9998217,0.9998299,0.99979764,0.9997338,0.9998364,0.99978065,0.9998273,0.99985886,0.99976885,0.9998518,0.99959904,0.9995551,0.99973524
ipip212,0.99986583,0.99979126,0.99983186,0.9997738,0.9998341,0.9997502,0.9998943,0.99984086,0.99989444,0.99977964,0.99979377,0.9998441,0.9998096,0.99980783,0.9997028,0.9998293,0.99986863,0.999777,0.99986327,0.99987537,0.9998681,0.999807,0.99985445,0.9998603,0.99974036,0.99988097,0.999813,0.999875,0.999861,0.9998533,0.99981433,0.9998723,0.9997869,0.99984765,0.9998871,0.999845,0.99987227,0.99987584,0.9998608,0.9998416,0.9998054,0.9998856,0.9997955,0.9997806,0.99972653,0.99982,0.99978906,0.99972314,0.9998317,0.9997718,0.99981916,0.99950624,0.99987215,0.9998221,0.99973875,0.99984425,0.99967515,0.99980086,0.9998019,0.9998515,0.99984884,0.9997975,0.9998627,0.9997709,0.9997772,0.9997395,0.9998709,0.999822,0.9998285,0.999774,0.99985546,0.99984974,0.9996425,0.9998121,0.99980706,0.99947995,0.99978334,0.99985677,0.99983674,0.99985373,0.99979615,0.99986905,0.9998,0.999805,0.99984837,0.9998622,0.9998656,0.9998271,0.99972034,0.99983454,0.99978274,0.9998457,0.9998464,0.9997416,0.9996596,0.9997353,0.99983335,0.999805,0.9997203,0.9996962,0.99982476,0.9998441,0.9998319,0.99981034,0.9998504,0.9996831,0.99985194,0.9997072,0.9998776,0.99988896,0.9999066,0.99980265,0.99982905,0.99983335,0.99986476,0.9998108,0.9998659,0.9998527,0.9998689,0.9998293,0.99987966,0.9998358,0.9998805,0.99988216,0.9998576,0.9997804,0.9998851,0.9999969,0.9998112,0.9998646,0.9998627,0.9995815,0.9998027,0.99975955,0.99984777,0.9998728,0.999826,0.9998875,0.9999227,0.9998482,0.9998405,0.99985886,0.99979746,0.999848,0.99984545,0.99973893,0.9998495,0.99982756,0.99976194,0.9998647,0.9998556,0.9998125,0.9997171,0.9996798,0.99985296,0.99982435,0.9998193,0.9998165,0.9997122,0.9998761,0.9997609,0.9998847,0.9998275,0.99972916,0.9998636,0.999388,0.9998878,0.99979895,0.9998363,0.9997761,0.9998577,0.9997474,0.99983907,0.9998361,0.9998339,0.9998796,0.9998665,0.99983966,0.9998296,0.99984926,0.999799,0.99982727,0.9997752,0.9998367,0.9996675,0.9998251,0.999868,0.9998698,0.9998714,0.9997991,0.99986637,0.9998794,0.99987763,0.9998402,0.99987197,0.9998702,0.9998761,0.9998847,0.9997692,0.99980694,0.9998654,0.9998545,0.999777,0.9998757,0.99985135,0.9997783,0.99986607,0.99959046,0.9998222,0.99979144,0.99985063,0.9998237,0.9998289,0.9998493,0.9998245,0.99974257,0.9998474,0.99927783,0.9998318,0.99985796,0.9998483,0.99980485,0.9998762,0.9998087,0.9997242,0.9998684,0.99987304,0.9998696,0.99958634,0.99974126,0.9998679,0.9998435,0.99983907,0.9997895,0.99986917,0.99978733,0.99982613,0.99981326,0.9998444,0.99979013,0.99985784,0.9998368,0.99987173,0.9997825,0.9998538,0.9998675,0.99976707,0.9998607,0.9995517,0.9998115,0.9998631,0.9998577,0.9998102,0.99987733,0.9998403,0.99986637,0.9998624,0.99984187,0.9997986,0.9998313,0.99989235,0.9997855,0.99986446,0.99976844,0.9997832,0.99986744,0.9998366,0.9997726,0.9998205,0.9996648,0.99989694,0.9997907,0.9998173,0.999899,0.99984753,0.99982864,0.9998322,0.99981886,0.9997445,0.999841,0.9997991,0.99989885,0.999833,0.99979085,0.99990934,0.9995803,0.9995371,0.9997556
ipip242,0.9997863,0.9997595,0.99977505,0.9997533,0.9998048,0.99974716,0.99981,0.99976444,0.99987185,0.99977285,0.9997648,0.99979687,0.9997516,0.99975187,0.9997104,0.9997558,0.9997884,0.99979174,0.9997966,0.99976045,0.9998009,0.9997516,0.99982136,0.999867,0.9997742,0.9998216,0.99982655,0.99981356,0.99978137,0.9998241,0.99983245,0.9998228,0.9997762,0.9998226,0.9997863,0.9998034,0.9997729,0.9997832,0.9997915,0.9997998,0.99974626,0.99983615,0.999812,0.9997172,0.9997799,0.9998153,0.99981517,0.99974835,0.99977154,0.9997374,0.9997715,0.9995099,0.9997994,0.9997443,0.9999236,0.9997941,0.99964803,0.9997789,0.9997467,0.9998342,0.9997686,0.9997697,0.9997761,0.9998041,0.9997725,0.9997525,0.9997854,0.9998381,0.99984056,0.9998007,0.9997947,0.99980557,0.9996747,0.9997542,0.99977124,0.99940157,0.9997093,0.9997601,0.9998877,0.99989873,0.9997848,0.9997989,0.99971366,0.9997731,0.9997839,0.9997679,0.99976724,0.99975115,0.9997126,0.9997748,0.9997492,0.99978215,0.99975806,0.9996885,0.9996639,0.9996829,0.99976736,0.99990356,0.99968624,0.99966675,0.99973387,0.9998373,0.9997681,0.99977297,0.9997832,0.99967676,0.99977416,0.99973506,0.99981534,0.9997689,0.99978834,0.9997649,0.99976426,0.99976087,0.9997794,0.99978584,0.9997818,0.9998104,0.9998007,0.9997471,0.9997987,0.99975455,0.9998151,0.9998166,0.9997707,0.9998066,0.9998022,0.9998112,0.9999993,0.99975777,0.99979776,0.99956256,0.99976426,0.99971366,0.9997731,0.99984723,0.9998473,0.9998496,0.99979615,0.99978286,0.99977887,0.9998043,0.99975866,0.99981296,0.99979734,0.99965394,0.9997902,0.99984294,0.999766,0.99978787,0.9998508,0.99982893,0.99972546,0.99966127,0.9997729,0.99981326,0.9998051,0.99978805,0.99962616,0.99979484,0.99971616,0.9998282,0.9997843,0.9997862,0.999788,0.9993628,0.99979794,0.99982184,0.9997661,0.99970114,0.9997991,0.9997165,0.99975115,0.9998087,0.9998912,0.99980706,0.9998065,0.99978775,0.99983215,0.999794,0.9997631,0.9998828,0.9997726,0.9998798,0.99967396,0.99974537,0.99980986,0.99982,0.9998113,0.999814,0.99979115,0.99982256,0.99980974,0.999887,0.99980515,0.99980015,0.9998116,0.99981505,0.99977195,0.99982214,0.9997958,0.999809,0.99975777,0.99980646,0.9998242,0.9998458,0.9998424,0.99965566,0.9997879,0.9997756,0.99981254,0.99974525,0.9998772,0.99983716,0.9998616,0.99975187,0.9997746,0.999376,0.9997694,0.9997761,0.9998133,0.999747,0.9997817,0.9998102,0.99967426,0.9998051,0.9997875,0.99979925,0.99960726,0.9997771,0.99980193,0.99978304,0.99980843,0.99977815,0.9997789,0.99977154,0.99982405,0.99973816,0.99980867,0.9997757,0.99979347,0.9997698,0.9997959,0.9998796,0.99979067,0.9998329,0.99977547,0.99980557,0.99953026,0.9997646,0.99988586,0.99988425,0.99982697,0.99988014,0.99984396,0.99978256,0.99978906,0.9998558,0.9997469,0.9998228,0.99982506,0.999852,0.9997947,0.99968755,0.99980706,0.9997968,0.99979734,0.9998616,0.9998069,0.9996784,0.99980944,0.99984473,0.99983484,0.9998199,0.99983716,0.99979895,0.9997977,0.999815,0.9997617,0.99981034,0.99994004,0.99981827,0.9998123,0.9999291,0.99978906,0.9996315,0.9994917,0.9997002
ipip272,0.99979377,0.99977636,0.9997734,0.99974364,0.9997746,0.9997135,0.9998112,0.9998042,0.9998416,0.99975175,0.9997421,0.9998027,0.9997978,0.9998126,0.9996704,0.9997935,0.9998451,0.9997441,0.9998262,0.9998318,0.99984795,0.99976283,0.99978775,0.9998098,0.9997156,0.9998511,0.999775,0.99986154,0.99982965,0.9998073,0.99976903,0.99981374,0.99974763,0.9998135,0.99981004,0.99978006,0.999817,0.9998078,0.99983114,0.99982446,0.999775,0.9997971,0.99976856,0.9997437,0.99971277,0.9997789,0.99977726,0.9996752,0.9997841,0.99978566,0.99975467,0.9995108,0.99980867,0.9997992,0.9997007,0.9998004,0.99965614,0.99975693,0.99978733,0.99980927,0.9997699,0.99976295,0.9997926,0.99974287,0.9997494,0.99971336,0.99981,0.99975437,0.99977165,0.99972695,0.99977285,0.9997877,0.99965936,0.99975574,0.99979883,0.9995103,0.9997641,0.9998209,0.9997908,0.9997935,0.9997452,0.99984646,0.9997607,0.9997486,0.99979776,0.9997869,0.99980295,0.99982774,0.9996937,0.9997728,0.9997537,0.9997759,0.99979675,0.9997257,0.99964845,0.9997534,0.9997474,0.9997609,0.9997307,0.9996875,0.9997975,0.99979675,0.9997813,0.99977463,0.9997932,0.9996863,0.9998009,0.9996824,0.99981487,0.999809,0.9998126,0.9997724,0.99980867,0.99980515,0.9998107,0.99977756,0.99980974,0.99980086,0.99980646,0.9998079,0.99982375,0.9998085,0.9998318,0.9998263,0.999808,0.99978036,0.99985206,0.9998646,0.99975777,0.99999607,0.9997829,0.9995783,0.99976885,0.999755,0.9997701,0.99981856,0.99979866,0.9998075,0.9998201,0.9997645,0.9997735,0.9998125,0.99978507,0.9997895,0.99980295,0.9997464,0.99986225,0.9997778,0.9997282,0.9998444,0.99980944,0.99980664,0.9997168,0.99969906,0.9997739,0.99979347,0.9997879,0.9997714,0.9997517,0.999804,0.99973714,0.999818,0.9997846,0.9996805,0.9997805,0.9993681,0.99979967,0.99977005,0.99978465,0.9997512,0.9997757,0.99973786,0.9997657,0.9997844,0.9997767,0.9998045,0.9998061,0.99978846,0.99978185,0.99980855,0.99979514,0.9997892,0.99976635,0.9997927,0.999645,0.99977815,0.9998175,0.9998185,0.9998228,0.9998067,0.9998178,0.9998066,0.9998065,0.9997822,0.99985677,0.9997793,0.9998309,0.9998079,0.99978215,0.9997905,0.9998152,0.99979115,0.9997651,0.99980783,0.9998039,0.9997437,0.9998138,0.99960446,0.9998038,0.999766,0.9998032,0.99978286,0.9997723,0.99979675,0.99977267,0.99972814,0.9998019,0.99933296,0.9998083,0.99980813,0.9997685,0.99975085,0.9998152,0.9997673,0.9996912,0.9997926,0.99980766,0.9998106,0.9995992,0.99973476,0.9998194,0.9998184,0.9997694,0.9997351,0.9997997,0.99977136,0.9997826,0.99975103,0.99978733,0.9997678,0.9998036,0.99979705,0.99979717,0.9997453,0.99980617,0.999802,0.99972004,0.9997744,0.99957615,0.99975336,0.99979,0.9997865,0.999755,0.9997979,0.9997637,0.9998182,0.9998376,0.9997783,0.99976015,0.99977356,0.99982184,0.99975103,0.9997988,0.99973565,0.9997524,0.99979377,0.99977386,0.99972457,0.9997769,0.999658,0.9997997,0.9997331,0.9997823,0.9998064,0.9998058,0.9997633,0.9997655,0.99976605,0.9997118,0.9997743,0.9997321,0.9997954,0.9997747,0.99971616,0.9998129,0.9995532,0.9995041,0.9997147
ipip7,0.9999129,0.9997733,0.99985695,0.9997758,0.9998853,0.9997846,0.9999074,0.9997934,0.9998771,0.9997743,0.9997903,0.9998587,0.99979496,0.9997552,0.99968827,0.99983305,0.9998697,0.99975014,0.9998563,0.9998297,0.9998931,0.9998058,0.99991095,0.9998687,0.9998013,0.99986935,0.9997276,0.9998745,0.9998193,0.99982554,0.99988025,0.9998583,0.9997991,0.9998915,0.99989295,0.99993557,0.99988675,0.9998995,0.9998497,0.9998687,0.99977106,0.99986154,0.99981284,0.99975663,0.9997135,0.9998718,0.99982524,0.99975705,0.99986154,0.9997409,0.9998185,0.99939764,0.9998876,0.9997625,0.9997045,0.999822,0.99969006,0.99971735,0.9997811,0.9998703,0.9998885,0.9998287,0.99990344,0.9998212,0.99982035,0.9997694,0.99988556,0.99986297,0.9998544,0.9997479,0.9999393,0.99990565,0.9996699,0.99986756,0.99980736,0.99937236,0.99977094,0.9998564,0.99983835,0.9998659,0.9998085,0.99990356,0.99979675,0.9998713,0.999864,0.99990517,0.99988693,0.99977607,0.99969065,0.9998416,0.99980783,0.9999152,0.99987084,0.9997258,0.9996208,0.99971235,0.9999076,0.99980646,0.99968284,0.9996308,0.99984044,0.9999075,0.9998568,0.99982375,0.9998616,0.99960864,0.99986714,0.9997383,0.9998721,0.9999015,0.9999114,0.9998047,0.9998131,0.9998142,0.999902,0.99982786,0.999894,0.9999086,0.99988484,0.9998391,0.9999193,0.9998346,0.99989146,0.999882,0.99990684,0.9997689,0.9998295,0.9998627,0.99979776,0.9997829,0.99999917,0.9995207,0.9998282,0.9996865,0.99995655,0.99989647,0.99985176,0.9999057,0.9999314,0.99990267,0.99990594,0.9998693,0.9997776,0.99984336,0.9998665,0.999684,0.9998519,0.9998576,0.9996723,0.99984485,0.99991006,0.99984115,0.99972093,0.99967444,0.99991417,0.99985516,0.9998671,0.9998721,0.99966556,0.9999028,0.9997846,0.9999371,0.9998691,0.99976325,0.9999063,0.99935216,0.9999312,0.9998659,0.99987715,0.99980336,0.9999482,0.99974304,0.9999085,0.9998827,0.9998802,0.9999022,0.99988234,0.9998522,0.99984574,0.99985594,0.99976474,0.9998126,0.99978966,0.99982,0.999606,0.99981916,0.9999037,0.999899,0.99990004,0.9997913,0.9998887,0.9999079,0.9999091,0.99988407,0.9998967,0.9999179,0.99990135,0.9999176,0.99975485,0.99979824,0.99987775,0.9998964,0.99974066,0.9999096,0.99987626,0.99984676,0.9999043,0.99953264,0.999751,0.99971753,0.9998372,0.9998141,0.9998779,0.9998654,0.9997958,0.99972486,0.99987155,0.99918276,0.9998242,0.999883,0.9999421,0.9998031,0.9998668,0.99980944,0.999695,0.9999071,0.9999026,0.9998708,0.9994724,0.9997444,0.99986005,0.99985886,0.9998921,0.9998432,0.9999037,0.9997818,0.99989027,0.9998593,0.9999273,0.9998098,0.999874,0.9998136,0.99990785,0.99979645,0.99982643,0.99987644,0.999802,0.99994475,0.99949974,0.9998627,0.99990517,0.99990517,0.99980253,0.99991655,0.99984604,0.9998694,0.99985135,0.99990183,0.9997865,0.9998478,0.9999016,0.9997375,0.99982005,0.9997065,0.9997695,0.9998899,0.99987775,0.99984294,0.9998777,0.9996276,0.9999301,0.9997886,0.99985486,0.9999295,0.9998606,0.99987835,0.9998926,0.99989104,0.99979156,0.99988574,0.99981195,0.99990135,0.99983233,0.9997934,0.9998717,0.9995521,0.9994747,0.99976826
ipip37,0.99945056,0.99951875,0.9995394,0.99951226,0.99949825,0.99947846,0.99947757,0.99952555,0.99955297,0.9995129,0.99950033,0.9995056,0.9995939,0.9995571,0.99952614,0.9994951,0.99956554,0.9995657,0.9995535,0.9995042,0.99958557,0.99952745,0.9995636,0.99954236,0.9995531,0.9995452,0.9995697,0.99958193,0.9995591,0.9995234,0.99949884,0.9995641,0.9994958,0.9995486,0.9994832,0.9995518,0.99955523,0.99950147,0.99954635,0.9995213,0.9995057,0.9995728,0.9995625,0.9994885,0.9995069,0.9995151,0.9995952,0.9995581,0.9995206,0.9995629,0.9995361,0.99938947,0.9995152,0.9995317,0.9995583,0.9995604,0.999386,0.99955875,0.9995309,0.9995266,0.9994858,0.99951667,0.99951,0.9994799,0.99957216,0.9995432,0.99948764,0.9994772,0.9995142,0.9995065,0.9994299,0.99955106,0.9994318,0.99947536,0.9995904,0.99933964,0.99954385,0.99953365,0.99957687,0.99953383,0.99951535,0.9995055,0.99955255,0.99948376,0.99958116,0.99943477,0.9994728,0.9995933,0.9995121,0.9994691,0.9995107,0.99946785,0.99951226,0.99953187,0.9994756,0.9995283,0.9993916,0.99953395,0.99948865,0.9995149,0.99953026,0.9994966,0.9995287,0.9995859,0.9995452,0.9995132,0.9994745,0.9994662,0.99953455,0.99945354,0.9994525,0.9995301,0.9995194,0.99956036,0.99950945,0.99961734,0.9995016,0.9995391,0.9994888,0.9995775,0.99957275,0.9995686,0.9995807,0.9996002,0.99953276,0.9995528,0.9996179,0.9995815,0.99956256,0.9995783,0.9995207,0.9999962,0.99961674,0.99956715,0.99948794,0.99953264,0.9995307,0.9995723,0.99947107,0.9994111,0.9994391,0.9995638,0.9996347,0.9995458,0.999541,0.9995151,0.99952626,0.999529,0.999553,0.9995122,0.99952316,0.9995996,0.9996819,0.9996285,0.99944276,0.9995848,0.99958235,0.99955416,0.9994752,0.99946743,0.9996246,0.9995132,0.99954826,0.99952126,0.9994287,0.99922645,0.9994885,0.99961174,0.9995003,0.9995192,0.9994557,0.99957645,0.999433,0.9995331,0.99949944,0.99950665,0.9995185,0.9994776,0.9995661,0.9995499,0.99959403,0.9995668,0.9995727,0.9995613,0.9994565,0.9995537,0.99951357,0.9995109,0.99951786,0.999629,0.9994994,0.99949175,0.99948883,0.9994961,0.9995136,0.9994456,0.9995271,0.9994452,0.9995691,0.99957097,0.99955285,0.99945086,0.9995202,0.9994672,0.9995299,0.9995163,0.9995113,0.9994636,0.99960804,0.999545,0.99956596,0.99951,0.9994875,0.9995752,0.99959594,0.9995657,0.99956685,0.9993145,0.9995455,0.9995782,0.9995166,0.99946195,0.9995091,0.99956536,0.99941534,0.9994531,0.9994708,0.9995299,0.9994434,0.99951047,0.99955326,0.99950665,0.99952775,0.9994846,0.99945897,0.99955887,0.9995513,0.9995288,0.99956846,0.9995908,0.99954164,0.9995995,0.99947846,0.99954927,0.9995464,0.99952334,0.99952334,0.99947166,0.99940807,0.9995225,0.9995203,0.9995189,0.99959534,0.99954176,0.9995795,0.99953,0.99953187,0.99954975,0.9995586,0.99953115,0.9995018,0.9995389,0.99953324,0.9995028,0.9995705,0.99949783,0.99963397,0.99957764,0.9995824,0.9994829,0.9994481,0.9995361,0.9995784,0.9994947,0.99955857,0.99959725,0.9995965,0.99954367,0.999582,0.99956506,0.99953187,0.9994992,0.99954265,0.999533,0.9995222,0.99936765,0.9993914,0.99944204
ipip67,0.9997613,0.9997594,0.9997707,0.9997577,0.999797,0.99972206,0.99975854,0.9997374,0.99979156,0.9997502,0.9997253,0.99978036,0.99976826,0.99974597,0.99969125,0.9997445,0.99978185,0.99974245,0.9997884,0.99975574,0.99982554,0.9997507,0.9998547,0.99979025,0.9997413,0.9997817,0.9997588,0.9998019,0.9997661,0.99975806,0.9997697,0.9997974,0.99973106,0.99977833,0.9997492,0.99984604,0.99975115,0.9997442,0.999768,0.9997812,0.99981153,0.99980104,0.99979657,0.9997046,0.99973387,0.9997793,0.99978983,0.99969107,0.999774,0.9997559,0.99977326,0.9995399,0.9998293,0.9997504,0.99971116,0.9997903,0.9996576,0.9997291,0.9997672,0.99977845,0.9997699,0.999796,0.99977964,0.99973595,0.99975795,0.9997436,0.99974686,0.9997241,0.99975795,0.99970853,0.99978185,0.9998345,0.9996686,0.99980026,0.9997925,0.99946964,0.9997229,0.9997652,0.99979824,0.9998024,0.9997501,0.9997846,0.99973893,0.9997115,0.99978876,0.9997349,0.9997432,0.99977124,0.99966955,0.99971473,0.99973536,0.9997544,0.99977916,0.99973667,0.99966,0.99972093,0.9997271,0.99976164,0.9996913,0.9996712,0.9997589,0.9997788,0.999756,0.9997728,0.99978495,0.9996779,0.99973726,0.99970007,0.99979186,0.9997463,0.9997609,0.99973804,0.9997929,0.9997656,0.99975705,0.999838,0.99976635,0.9997726,0.9997503,0.9997711,0.9998041,0.9997816,0.9998411,0.99982154,0.99978805,0.99973583,0.999813,0.9998027,0.99976426,0.99976885,0.9998282,0.99961674,0.9999989,0.99974954,0.9998096,0.9998422,0.9997988,0.9998233,0.9997838,0.99973935,0.9997532,0.99980146,0.9997646,0.99978924,0.99979234,0.99971837,0.99977416,0.9997435,0.99973106,0.9997664,0.9997768,0.9997903,0.99976164,0.99970543,0.99974483,0.99984026,0.99983907,0.99983764,0.99967116,0.9997518,0.9999602,0.9998584,0.9997529,0.9997366,0.9997467,0.99938,0.99979144,0.9997983,0.99977547,0.9997395,0.99979204,0.9997484,0.99972874,0.99977034,0.9997559,0.999763,0.9997695,0.99974984,0.9997686,0.99976426,0.9997761,0.9997816,0.99975973,0.9997833,0.99961954,0.9997897,0.99977,0.99977064,0.9997758,0.9997959,0.99975497,0.99977785,0.99977344,0.99975896,0.99978584,0.9997462,0.99978995,0.9997654,0.9997431,0.99976766,0.9997771,0.99974614,0.99974847,0.9997712,0.9998155,0.9997825,0.99977833,0.9995898,0.99977595,0.9997316,0.9998048,0.99972177,0.999751,0.9998241,0.9997956,0.9997623,0.9997718,0.9993175,0.9997656,0.9997968,0.9998249,0.9997196,0.999781,0.9997905,0.9996559,0.9997535,0.9997517,0.99978983,0.99960756,0.99970055,0.99979144,0.99978024,0.99978405,0.999738,0.99977356,0.9997603,0.9997886,0.99980277,0.9998408,0.99983597,0.9998055,0.99979913,0.9997601,0.999741,0.99978006,0.999784,0.99980134,0.9997956,0.9995875,0.9998498,0.9997894,0.9997819,0.9998093,0.9998004,0.99981415,0.99979323,0.99977887,0.99983,0.9998183,0.9997627,0.99978924,0.9997468,0.99977595,0.99970144,0.9997439,0.99981767,0.9998562,0.999781,0.9998422,0.99971676,0.9997805,0.99977255,0.9998051,0.9997953,0.99981487,0.99984384,0.9998481,0.99977237,0.9997458,0.9998443,0.9997558,0.99975896,0.99976665,0.99974716,0.9997803,0.9995856,0.99953705,0.9997211
ipip97,0.99969476,0.99972737,0.9997432,0.9996716,0.99970096,0.9996647,0.9996942,0.9997287,0.99974245,0.99966997,0.9996798,0.99972355,0.9997523,0.99980146,0.99965954,0.99972504,0.9997762,0.9997455,0.9997791,0.9997865,0.99977255,0.9997424,0.99973595,0.99974763,0.9996802,0.99973834,0.99972016,0.9997606,0.9997613,0.9997415,0.999693,0.9997065,0.9996521,0.9997126,0.999739,0.9996947,0.9997246,0.99971217,0.99976075,0.9997076,0.9996709,0.99971545,0.9996941,0.9996559,0.99968225,0.9997011,0.99970686,0.9996568,0.99974096,0.99975944,0.9996896,0.9994854,0.99973077,0.9997288,0.99969,0.99967515,0.9995716,0.99968404,0.99971104,0.9996885,0.99972636,0.9997824,0.9997286,0.9996912,0.9997265,0.9997117,0.9997117,0.99967676,0.9997136,0.999695,0.9996706,0.99972117,0.99962395,0.9996685,0.99976134,0.99944067,0.99970263,0.9997351,0.9997199,0.99972636,0.9997043,0.99972785,0.99969405,0.9996855,0.9997369,0.9996876,0.999701,0.9998218,0.9997204,0.999732,0.9997056,0.9996911,0.9997545,0.9997234,0.9997,0.99969286,0.9996601,0.9997038,0.99966884,0.9996661,0.9997353,0.9997154,0.99974334,0.9997349,0.999772,0.9996012,0.9997053,0.99963313,0.9997262,0.9997089,0.99971664,0.99971384,0.99974644,0.99974895,0.9997112,0.99973977,0.9997435,0.99973315,0.99972486,0.9997138,0.99972534,0.99973166,0.9997269,0.9997647,0.99973553,0.999679,0.9997161,0.99975955,0.99971366,0.999755,0.9996865,0.99956715,0.99974954,0.9999963,0.99967754,0.9997179,0.9997168,0.9997124,0.9997048,0.9996581,0.99970233,0.99977696,0.9997921,0.9997594,0.9997706,0.9997118,0.99973774,0.9996951,0.99966544,0.9997451,0.9997125,0.9997177,0.9997198,0.999684,0.9996876,0.9997189,0.9997191,0.9996769,0.9996786,0.9996943,0.9997178,0.99972975,0.9997093,0.9996624,0.9996961,0.9992919,0.9996806,0.9997137,0.9997194,0.99968374,0.9996803,0.9996813,0.9996724,0.9997289,0.99968475,0.99969023,0.9997057,0.9996765,0.9996875,0.9996912,0.9997453,0.9997225,0.9996681,0.9997235,0.9996164,0.9997129,0.9996972,0.99969774,0.9997014,0.9996973,0.9996991,0.9996868,0.99968463,0.9996935,0.9997257,0.9996689,0.9996931,0.99967945,0.9996556,0.9996904,0.9996941,0.9996654,0.9996502,0.9996756,0.9997119,0.99970084,0.9997085,0.9995935,0.9996978,0.99969614,0.9996984,0.9996956,0.9996827,0.99973905,0.9997153,0.9997117,0.9996901,0.9993588,0.99977064,0.9997352,0.9996911,0.99965423,0.9997156,0.9997314,0.9996361,0.99969,0.99967974,0.9997383,0.99953777,0.99965036,0.9997187,0.9997144,0.99972117,0.9996897,0.9997059,0.9997,0.99971414,0.9996718,0.999704,0.9997016,0.99975634,0.99976134,0.9996799,0.999673,0.99970347,0.999723,0.999686,0.999679,0.99953246,0.99968505,0.9997025,0.999699,0.9996862,0.999709,0.99969274,0.9997247,0.99974644,0.9997377,0.9997292,0.9997221,0.99970067,0.9996953,0.9997068,0.99961007,0.9996751,0.99970025,0.99971205,0.9996959,0.9997399,0.9996339,0.9996859,0.99967235,0.9997152,0.9996962,0.9997376,0.99972296,0.9997024,0.9996952,0.99968195,0.9997259,0.9996967,0.9996904,0.9996904,0.99968153,0.99972,0.9995177,0.9994731,0.9996436
ipip127,0.99989676,0.9997644,0.9998443,0.99976075,0.9998739,0.9997642,0.99989337,0.99980384,0.99986565,0.99975634,0.9997994,0.99983716,0.9997965,0.99974096,0.99967295,0.9998364,0.9998574,0.9997432,0.99984616,0.99982643,0.99988246,0.99979854,0.99990165,0.999857,0.99979484,0.99985194,0.9997241,0.9998622,0.9998087,0.9998046,0.9998618,0.9998553,0.9998,0.9998749,0.9998795,0.9999196,0.9998795,0.99989146,0.9998444,0.99985915,0.9997719,0.9998497,0.9997863,0.9997521,0.9996907,0.99984777,0.9997942,0.99973965,0.9998529,0.9997281,0.9998125,0.9994091,0.9998814,0.99976206,0.9996886,0.99981,0.9996933,0.99970734,0.9997729,0.9998529,0.9998725,0.9998079,0.99988264,0.99980414,0.9998074,0.9997505,0.99988055,0.9998452,0.9998239,0.9997353,0.99991786,0.9998907,0.9996493,0.9998477,0.9997927,0.99938965,0.9997576,0.999846,0.9998247,0.9998499,0.9997898,0.99989575,0.99978757,0.9998543,0.9998559,0.9998931,0.9998848,0.9997652,0.9996875,0.9998365,0.9997855,0.9998891,0.9998593,0.9997048,0.9996111,0.9996935,0.9998884,0.99978536,0.99967134,0.9996102,0.9998342,0.9998848,0.99983704,0.99980557,0.99984115,0.999596,0.9998567,0.9997315,0.9998575,0.99989384,0.99989784,0.9997959,0.9998005,0.99980664,0.9998935,0.99982125,0.99987787,0.9999023,0.9998648,0.999831,0.99990416,0.99981445,0.99986625,0.99985147,0.9999066,0.9997549,0.9998105,0.99984777,0.9997731,0.9997701,0.99995655,0.99948794,0.9998096,0.99967754,0.9999988,0.999874,0.9998321,0.99988717,0.999912,0.99988663,0.999885,0.99985164,0.99976844,0.9998304,0.9998435,0.99968016,0.9998238,0.99983174,0.99967015,0.9998343,0.99988353,0.9998153,0.9996959,0.9996342,0.99989396,0.9998347,0.9998453,0.9998536,0.9996547,0.99988216,0.9997617,0.9999185,0.99984974,0.99975526,0.9998897,0.9993763,0.99991536,0.99984086,0.9998733,0.9998084,0.9999302,0.99973613,0.99989694,0.99987364,0.99986404,0.9998964,0.9998725,0.999843,0.9998305,0.9998492,0.9997594,0.99980026,0.9997643,0.999803,0.99960196,0.99980295,0.99989384,0.9998897,0.99989253,0.99976903,0.99988174,0.9998911,0.9998957,0.9998629,0.99988395,0.9998979,0.99988353,0.99990684,0.999741,0.9997773,0.99986887,0.9998842,0.99973744,0.9998915,0.99985594,0.9998308,0.9998903,0.99952406,0.9997379,0.99972004,0.9998161,0.999812,0.999864,0.99984616,0.99978113,0.99970835,0.99984276,0.9991876,0.9998213,0.99986845,0.9999208,0.99979144,0.99986476,0.9997907,0.9996764,0.9998953,0.9998935,0.999859,0.99945754,0.99973476,0.99985534,0.99985087,0.9998585,0.99982256,0.99989057,0.9997696,0.99987596,0.99985254,0.9999216,0.9998009,0.9998648,0.9998046,0.9998962,0.9997784,0.999817,0.99986196,0.9997951,0.99992764,0.9995167,0.9998529,0.99988055,0.9998853,0.9997923,0.99989915,0.9998373,0.9998561,0.99984294,0.9998932,0.99977374,0.99983454,0.999885,0.9997256,0.99981505,0.99969596,0.99976313,0.99987817,0.9998617,0.9998207,0.9998574,0.9996013,0.99991643,0.9997745,0.9998359,0.999914,0.999836,0.9998571,0.9998752,0.99986,0.9997453,0.9998689,0.999788,0.99989146,0.9998209,0.99977094,0.9998562,0.9995465,0.9994651,0.9997571
ipip157,0.9998792,0.99979013,0.99983746,0.999796,0.99986804,0.9997986,0.99988234,0.9998008,0.9998901,0.99980295,0.99979585,0.9998748,0.99980813,0.9997814,0.99971133,0.99983495,0.9998583,0.9997991,0.99985933,0.9998168,0.9998782,0.9998095,0.99989396,0.9998755,0.99978894,0.9998781,0.9997863,0.9998728,0.9998426,0.9998335,0.9998797,0.99986064,0.9998108,0.99987847,0.9998708,0.999885,0.9998573,0.9998662,0.9998438,0.99986166,0.99979717,0.9998693,0.99984974,0.9997644,0.99978226,0.99987394,0.99983937,0.99974847,0.9998429,0.99978036,0.99982154,0.9994801,0.99987745,0.99977595,0.9997541,0.99983567,0.99970186,0.9997746,0.9998207,0.99986243,0.9998567,0.9998283,0.99986833,0.99981976,0.99981934,0.9997812,0.9998606,0.999846,0.9998613,0.99976766,0.9999007,0.9999017,0.9997192,0.99984044,0.9998313,0.99942225,0.9997736,0.9998484,0.9998556,0.9998832,0.9998356,0.9998878,0.9997864,0.9998505,0.9998644,0.9998664,0.99985456,0.99978924,0.99972606,0.99983066,0.99981743,0.9998709,0.99984145,0.9997285,0.99966425,0.9997354,0.9998665,0.99983656,0.99972427,0.9996558,0.99981964,0.9998957,0.99983776,0.9998269,0.9998556,0.99967635,0.99984705,0.99975914,0.99986154,0.9998779,0.9998899,0.99983853,0.9998476,0.9998093,0.99986994,0.99985963,0.9998656,0.9998753,0.99987274,0.9998219,0.9998845,0.9998192,0.9998891,0.9998831,0.99986345,0.99980474,0.99984634,0.9998728,0.99984723,0.99981856,0.99989647,0.99953264,0.9998422,0.9997179,0.999874,0.9999974,0.9999219,0.99988407,0.99990344,0.99988943,0.9998741,0.9998748,0.99978876,0.9998703,0.9998712,0.9997146,0.99986494,0.9998642,0.9997427,0.9998566,0.9998983,0.9998589,0.99973685,0.99968666,0.99987096,0.9998993,0.9998981,0.99987245,0.99970174,0.99988073,0.99978983,0.9999298,0.99984986,0.9997952,0.999887,0.9993629,0.9998851,0.999845,0.9998474,0.99978906,0.9998976,0.99976206,0.9998607,0.99986315,0.99987745,0.99987644,0.9998709,0.9998478,0.999852,0.9998568,0.9997893,0.9998394,0.9998199,0.999836,0.99963987,0.99981886,0.9998846,0.9998847,0.9998861,0.999829,0.9998721,0.9998843,0.99988306,0.9998803,0.999896,0.9998831,0.99989974,0.99990046,0.99979174,0.9998321,0.9998618,0.99988455,0.9997793,0.9998869,0.99989754,0.99985355,0.9998984,0.999615,0.99980354,0.99976975,0.9998765,0.9998132,0.999876,0.99988085,0.99981695,0.9997843,0.9998553,0.9992767,0.9998298,0.9998629,0.9999047,0.9997933,0.99985397,0.99984145,0.99971265,0.99987304,0.9998841,0.99986345,0.99957466,0.99977803,0.9998624,0.9998575,0.99986845,0.99983454,0.99986976,0.9997993,0.99986917,0.99982566,0.9999041,0.99985754,0.99987304,0.9998329,0.9998777,0.9998239,0.9998362,0.9998745,0.9998134,0.99990076,0.99953514,0.99984735,0.9998961,0.9998984,0.9998086,0.99990255,0.9998384,0.9998607,0.9998432,0.99987733,0.9998099,0.9998683,0.99988645,0.99978477,0.999828,0.9997162,0.9997765,0.9999109,0.99986863,0.99984205,0.9998795,0.9997615,0.99990064,0.99982166,0.9998715,0.99988925,0.9998775,0.9998685,0.99986887,0.99985784,0.9997919,0.999881,0.99983984,0.999882,0.99983245,0.9998252,0.9998536,0.9996013,0.99949056,0.999776
ipip187,0.99982536,0.999763,0.9998012,0.99976176,0.99982905,0.99979335,0.9998397,0.999782,0.99986714,0.9997754,0.9997889,0.99983895,0.99980485,0.99977374,0.99972415,0.99982214,0.9998379,0.9997999,0.9998305,0.99980026,0.9998622,0.99978757,0.9998617,0.9998731,0.99979144,0.99984866,0.99977463,0.9998621,0.999823,0.99980825,0.99984765,0.99984324,0.99979955,0.99986255,0.99982506,0.9998493,0.9998302,0.99982965,0.99983776,0.9998446,0.9997705,0.9998282,0.9998155,0.99972075,0.999765,0.9998392,0.9998256,0.9997485,0.9998057,0.9997738,0.99979746,0.9994853,0.9998269,0.99976665,0.9997754,0.99978864,0.9996833,0.9997632,0.99980134,0.99984735,0.9998227,0.99979,0.9998257,0.9998047,0.99981034,0.99978954,0.99982274,0.9998435,0.9998474,0.9997819,0.9998502,0.99986476,0.99977475,0.99979895,0.9998032,0.9994294,0.9997846,0.9998284,0.9998344,0.9998597,0.9998326,0.99985576,0.9997585,0.99982226,0.9998313,0.999833,0.9998258,0.9997874,0.9997206,0.99980885,0.99980235,0.9998394,0.9998207,0.999707,0.99965143,0.99970794,0.9998397,0.9998388,0.99972105,0.9996469,0.99980175,0.9998674,0.9998198,0.99983066,0.99982744,0.99970216,0.9998209,0.9998171,0.99984664,0.999829,0.9998414,0.99980336,0.99981207,0.99978584,0.99983114,0.99983215,0.99982995,0.99985045,0.9998371,0.99979585,0.9998404,0.99977684,0.9998431,0.9998366,0.9998294,0.99980676,0.99982107,0.999826,0.9998473,0.99979866,0.99985176,0.9995307,0.9997988,0.9997168,0.9998321,0.9999219,0.9999965,0.9998595,0.99984556,0.9998676,0.9998365,0.9998686,0.99978554,0.9998765,0.999845,0.9997116,0.99984264,0.99985546,0.99973655,0.999829,0.99987346,0.99984115,0.9997183,0.9996793,0.99982524,0.99987084,0.99985933,0.99982595,0.99968994,0.9998417,0.9997515,0.99987733,0.99982613,0.9998083,0.9998547,0.9993787,0.9998414,0.99984694,0.99981856,0.99975425,0.9998549,0.9997418,0.9998227,0.9998314,0.99985635,0.99982727,0.9998464,0.99983686,0.99984074,0.99984074,0.99978185,0.99982786,0.99978775,0.99982417,0.9996334,0.9997688,0.9998587,0.9998605,0.9998604,0.99982417,0.99984753,0.9998385,0.999836,0.99985874,0.9998646,0.99983156,0.99986714,0.9998617,0.9997867,0.9998263,0.9998403,0.9998692,0.99978614,0.99983764,0.99986035,0.99985003,0.99986833,0.99966174,0.9997975,0.99978495,0.99982715,0.9997821,0.9998514,0.9998318,0.9997959,0.9997756,0.9998217,0.99932104,0.99980795,0.99983686,0.99986315,0.99975026,0.99981314,0.99982977,0.99968225,0.99983,0.99984145,0.99983937,0.9996067,0.9998045,0.9998431,0.99982744,0.99983966,0.99981594,0.9998211,0.9997741,0.9998539,0.9997868,0.9998664,0.99983627,0.9998279,0.9997993,0.9998286,0.9998178,0.9997991,0.9998519,0.99977994,0.99985653,0.9995159,0.99979687,0.99986935,0.9998702,0.9997919,0.99987245,0.99981207,0.99981934,0.9998211,0.9998568,0.9997662,0.9998724,0.99984217,0.99977463,0.9997844,0.9996838,0.9997877,0.9998367,0.99983776,0.9998472,0.9998476,0.9997006,0.99985474,0.99982274,0.9998456,0.9998445,0.9998433,0.99983966,0.9998347,0.99983853,0.9997713,0.999837,0.99983823,0.9998318,0.99981934,0.9998315,0.9998101,0.99960786,0.9994904,0.999763
ipip217,0.9998478,0.99978805,0.99983066,0.9997914,0.99985164,0.99978244,0.9998823,0.99982524,0.99988616,0.99980253,0.9998158,0.9998417,0.99980676,0.9997811,0.99972194,0.9998206,0.9998523,0.9997623,0.99983925,0.99984294,0.9998679,0.9997907,0.9998683,0.99986714,0.999786,0.99987334,0.9998077,0.99987316,0.9998293,0.99983436,0.99983984,0.99991316,0.99982864,0.9998736,0.9998594,0.9998867,0.99986017,0.9998602,0.99983037,0.9998535,0.99983877,0.9998943,0.99981254,0.9997851,0.9997476,0.9998447,0.99983364,0.99975073,0.99983555,0.9997568,0.9998369,0.9995372,0.99987847,0.9998139,0.9997882,0.99987364,0.99969673,0.9997992,0.9998033,0.9998945,0.99983156,0.9998062,0.9998472,0.9997851,0.99980396,0.9997669,0.99986887,0.9998803,0.9998443,0.9998299,0.9998757,0.99988604,0.9996944,0.9998479,0.99981743,0.99949276,0.99979156,0.9998471,0.99988484,0.9998908,0.99980265,0.99986035,0.9997942,0.999807,0.9998424,0.99984956,0.99985754,0.99979913,0.99972796,0.99983627,0.99978983,0.9998452,0.99983424,0.99972516,0.9996728,0.99974024,0.99983674,0.9998537,0.9997193,0.9996954,0.9998191,0.99985576,0.999824,0.9998098,0.9998263,0.9997079,0.9998465,0.9997418,0.9998853,0.9998658,0.9998716,0.9997882,0.9998219,0.99983054,0.99986845,0.99983776,0.99985737,0.9998749,0.9998543,0.9998431,0.9998677,0.999826,0.99987644,0.999849,0.9998548,0.9997927,0.999876,0.9998875,0.9998496,0.9998075,0.9999057,0.9995723,0.9998233,0.9997124,0.99988717,0.99988407,0.9998595,0.99999595,0.9999129,0.9998467,0.9998334,0.99984497,0.9997842,0.9998365,0.9998332,0.99971664,0.99982655,0.99985224,0.9998298,0.9998389,0.99987715,0.99983454,0.99974746,0.99970025,0.9998473,0.99986166,0.9998547,0.99987006,0.9996992,0.99986994,0.9998076,0.9998996,0.9998377,0.9997648,0.9998594,0.99946696,0.9999311,0.99985105,0.9998426,0.99977744,0.99987733,0.9997693,0.9998382,0.9998352,0.99987257,0.9998778,0.9998732,0.999854,0.9998663,0.9998745,0.9998011,0.99986136,0.9998045,0.9998634,0.9997242,0.9998293,0.9998836,0.9998843,0.9998828,0.9998377,0.9998686,0.999887,0.99988514,0.9998714,0.99986213,0.9998672,0.9998894,0.99989164,0.99980587,0.9998481,0.99988425,0.99987257,0.99980956,0.9998819,0.9998623,0.9998285,0.99988467,0.9996435,0.9998296,0.99980384,0.9998476,0.99982065,0.99986273,0.99986535,0.99986696,0.99975175,0.99986094,0.99938285,0.99983823,0.99986213,0.9998801,0.99981964,0.99986804,0.9998125,0.99973625,0.99988055,0.99987966,0.9998754,0.99961555,0.9997943,0.9998845,0.99984723,0.9998585,0.9998076,0.99985665,0.9998177,0.99986553,0.99983793,0.99988467,0.99982697,0.9998485,0.99982506,0.9998765,0.99985474,0.9998589,0.9998814,0.99979836,0.9998896,0.999583,0.9998516,0.9999274,0.9999241,0.99989533,0.9999436,0.999911,0.9998654,0.9998503,0.9998683,0.9997884,0.9998354,0.999896,0.9998103,0.9998578,0.9997729,0.9998496,0.99989206,0.9998788,0.99983025,0.9998564,0.9996831,0.9999101,0.9998954,0.9998404,0.999926,0.9998571,0.9998696,0.999873,0.9998499,0.9997788,0.9998569,0.9998588,0.99988204,0.9998669,0.9998488,0.99989414,0.9996328,0.9995724,0.9997819
ipip247,0.9999276,0.99977106,0.99985886,0.9997679,0.9998741,0.9997648,0.9999425,0.9998221,0.9999044,0.9997661,0.9997995,0.99987906,0.999799,0.99977183,0.99969167,0.9998541,0.999889,0.99975675,0.99987954,0.9998676,0.9998957,0.9998181,0.9998821,0.9998785,0.99976707,0.9998942,0.99974436,0.9998926,0.9998511,0.9998529,0.9998715,0.9998755,0.9998078,0.9998917,0.9999334,0.9998899,0.9999038,0.9999247,0.9998664,0.9998784,0.99978167,0.99988556,0.9998101,0.9997829,0.9996998,0.9998613,0.9997935,0.9997387,0.99986446,0.99974823,0.9998193,0.99939215,0.99989456,0.9997819,0.9996958,0.99981236,0.9996816,0.99975044,0.9997867,0.9998656,0.99990165,0.9998261,0.9999133,0.99980867,0.9998052,0.999754,0.9999133,0.99986905,0.99986315,0.9997595,0.99993914,0.9998891,0.9996296,0.99984175,0.9998119,0.999386,0.9997748,0.99988127,0.99983484,0.9998787,0.99982536,0.9999239,0.9998082,0.99987763,0.99987656,0.9999343,0.9999094,0.9997913,0.99971426,0.99987334,0.99981725,0.9999221,0.99988204,0.9997133,0.9996309,0.999707,0.99992085,0.9998013,0.99970263,0.99963665,0.9998428,0.99991405,0.9998648,0.99982303,0.9998772,0.9996083,0.99989,0.99972177,0.99988836,0.9999465,0.9999669,0.9998283,0.9998294,0.99983597,0.9999183,0.9998061,0.99991316,0.9999153,0.99992305,0.99983877,0.99991584,0.99983317,0.9998962,0.9998892,0.99990505,0.9997726,0.99984634,0.9999227,0.99979615,0.9998201,0.9999314,0.99947107,0.9997838,0.9997048,0.999912,0.99990344,0.99984556,0.9999129,0.99999666,0.9999315,0.9999193,0.9998778,0.99977225,0.9998637,0.99987924,0.99969447,0.99987394,0.9998618,0.9996935,0.9998798,0.99991775,0.9998394,0.99969554,0.99964356,0.99993163,0.999843,0.9998435,0.99983925,0.99967927,0.9999379,0.9997356,0.9999349,0.999867,0.9997436,0.9999401,0.99933565,0.9999395,0.99983317,0.9998752,0.9997985,0.99993277,0.99972665,0.9999196,0.9998774,0.9998829,0.9999259,0.9999053,0.99986774,0.9998486,0.99987715,0.99977547,0.9998231,0.99977607,0.9998274,0.9996136,0.9998306,0.9999164,0.9999164,0.99991256,0.99978733,0.999911,0.9999249,0.99992716,0.99989027,0.99992174,0.99994415,0.99991673,0.9999356,0.999754,0.99979484,0.9998916,0.9999215,0.99974555,0.99992913,0.9998735,0.9998133,0.9999294,0.9995324,0.99976563,0.99974287,0.99984133,0.9998513,0.99988526,0.9998663,0.99978906,0.99972254,0.99987435,0.9991691,0.9998417,0.9998889,0.9999118,0.9998278,0.9998934,0.99980646,0.9997138,0.9999311,0.99993706,0.99989194,0.9994767,0.9997477,0.999881,0.99988675,0.99988824,0.9998388,0.99992156,0.9997877,0.99988097,0.999827,0.9998933,0.99978375,0.9998811,0.99982363,0.9999269,0.9997928,0.99985194,0.9998916,0.999769,0.9999384,0.9994813,0.99983394,0.99990076,0.99990207,0.9997878,0.99991393,0.9998298,0.9998834,0.99986726,0.99988174,0.99976975,0.99986154,0.99992675,0.9997539,0.99984556,0.999713,0.9997568,0.9999053,0.99984205,0.99980897,0.9998409,0.9996237,0.9999581,0.9997736,0.99984765,0.99993753,0.99985474,0.9998445,0.99984944,0.9998752,0.99976915,0.99987,0.99980956,0.9999381,0.9998396,0.9997949,0.9999149,0.99953693,0.99945736,0.99975705
ipip277,0.99990755,0.99973893,0.99982685,0.99973184,0.99985546,0.99976504,0.9999044,0.9997733,0.9998766,0.99972636,0.9997495,0.9998615,0.9997593,0.99972963,0.99965143,0.9998236,0.99985784,0.99974513,0.9998451,0.99982077,0.9998713,0.99979883,0.9998545,0.99987155,0.99977446,0.99985486,0.999689,0.99985653,0.99981517,0.9998219,0.9998729,0.9998155,0.9997733,0.9998813,0.9998979,0.99986476,0.9998717,0.999893,0.99984795,0.99986285,0.99970424,0.99982256,0.99978286,0.99972826,0.9996706,0.9998497,0.99977195,0.9997229,0.9998406,0.9997099,0.99978733,0.9993205,0.99985313,0.99973685,0.99967617,0.9997502,0.9996569,0.99969745,0.9997499,0.9998291,0.9998894,0.99979603,0.9999025,0.99981844,0.9997945,0.9997342,0.99988264,0.9998623,0.99986774,0.9997309,0.99993956,0.9998732,0.9996443,0.99982345,0.99978924,0.99931026,0.99975014,0.9998455,0.9997937,0.99985087,0.9998214,0.99989843,0.9997578,0.9998889,0.9998609,0.9999157,0.9998786,0.9997499,0.99967533,0.99984145,0.9998108,0.9999206,0.9998596,0.9996873,0.9995829,0.99964756,0.99994135,0.9997785,0.99966395,0.999585,0.99981713,0.9999084,0.9998465,0.9998122,0.99986225,0.9995705,0.999866,0.99976075,0.9998582,0.9999123,0.9999187,0.99981976,0.9998031,0.99977475,0.9998873,0.9997683,0.9998878,0.9998927,0.9998966,0.9997854,0.9998869,0.9997835,0.99985397,0.9998632,0.9998896,0.999755,0.99978805,0.9998482,0.99978286,0.9997645,0.99990267,0.9994111,0.99973935,0.9996581,0.99988663,0.99988943,0.9998676,0.9998467,0.9999315,0.9999981,0.99992394,0.99986935,0.99974203,0.99987376,0.9998631,0.99965256,0.999864,0.9998711,0.99959874,0.9998517,0.9999089,0.99982136,0.9996579,0.9996036,0.9999212,0.9998182,0.99982154,0.99982077,0.9996519,0.99991447,0.9996765,0.9999047,0.9998518,0.99973136,0.9999493,0.9992394,0.9998942,0.99982625,0.99987125,0.999767,0.9999154,0.9996951,0.99992204,0.9998712,0.99987835,0.9998875,0.99987715,0.9998555,0.9998184,0.9998327,0.9997301,0.99978817,0.99975884,0.9997965,0.99954844,0.99977887,0.99989074,0.9998898,0.9998892,0.99975824,0.99988705,0.9998923,0.9998923,0.9998837,0.99990827,0.9999209,0.9998953,0.9999099,0.99972224,0.99976057,0.99985355,0.999919,0.99972266,0.99990255,0.9998549,0.9998166,0.9999078,0.99950314,0.99971586,0.9996885,0.99980843,0.99981034,0.9998741,0.9998337,0.999744,0.9996863,0.9998297,0.9990973,0.99980044,0.99985355,0.99989057,0.99975556,0.9998338,0.99978083,0.9996425,0.99989396,0.99990493,0.9998612,0.9994301,0.9997248,0.9998329,0.99985856,0.99987084,0.9998332,0.99989873,0.99976206,0.999875,0.99979794,0.99986976,0.9997656,0.99985534,0.9997963,0.9999012,0.9997719,0.99979585,0.9998686,0.9997522,0.99992305,0.9994262,0.99981254,0.99987286,0.9998787,0.9997249,0.9998814,0.9997798,0.99983823,0.9998362,0.99986756,0.9997365,0.9998644,0.9998871,0.99970543,0.99978954,0.9996472,0.9997061,0.9998658,0.99980754,0.99981576,0.99982274,0.9995857,0.9999196,0.9997276,0.99983984,0.9998888,0.99983364,0.9998134,0.9998183,0.9998711,0.9997469,0.9998504,0.99979895,0.99990153,0.99980587,0.999781,0.99985075,0.9995084,0.99937326,0.99972254
ipip12,0.99992174,0.99974614,0.9998443,0.99974114,0.99986446,0.9997743,0.9999096,0.9997693,0.9998711,0.99973166,0.99976647,0.9998861,0.999785,0.9997506,0.99968386,0.9998458,0.99988455,0.99976003,0.9998943,0.9998342,0.99988914,0.99980956,0.9998657,0.9998682,0.9997911,0.9998699,0.999683,0.9998682,0.99983597,0.99986124,0.9998822,0.9998222,0.99978036,0.99989206,0.999914,0.9998695,0.9998861,0.9999017,0.9998792,0.99988884,0.9997083,0.9998184,0.9998018,0.9997444,0.9996968,0.99987143,0.9997967,0.9997481,0.999868,0.99975336,0.9997871,0.9993115,0.99985325,0.99972457,0.99966335,0.9997487,0.9996676,0.999692,0.99977344,0.99983484,0.9999182,0.9998376,0.9999335,0.9998454,0.9998346,0.9997746,0.99989706,0.9998718,0.9998747,0.9997426,0.99993634,0.99987394,0.99961907,0.9998034,0.9998178,0.9993131,0.9997633,0.99986887,0.99979204,0.99985415,0.9998413,0.99992263,0.999801,0.9999132,0.9998805,0.99994016,0.99990356,0.9997865,0.99970776,0.99986905,0.9998387,0.9999492,0.9998866,0.999718,0.9996274,0.99967223,0.9999375,0.9997887,0.999693,0.99960446,0.9998501,0.99993426,0.999888,0.99986315,0.99990714,0.99957335,0.999882,0.9997415,0.9998632,0.99992025,0.99993044,0.9998327,0.99982965,0.9997988,0.9999118,0.99978715,0.99991333,0.9999142,0.9999111,0.99980587,0.9999095,0.99980104,0.9998622,0.9998821,0.99990577,0.9997612,0.9997763,0.9998405,0.99977887,0.9997735,0.99990594,0.9994391,0.9997532,0.99970233,0.999885,0.9998741,0.9998365,0.9998334,0.9999193,0.99992394,0.9999976,0.9998924,0.99977124,0.9998502,0.9999329,0.9996699,0.99988604,0.9998658,0.99959844,0.9998754,0.9999226,0.9998437,0.9997035,0.99965376,0.9999425,0.99983233,0.9998462,0.9997986,0.99965894,0.9999224,0.99967533,0.9999102,0.9998687,0.9997419,0.9999267,0.99923897,0.99987537,0.9998462,0.99986714,0.99978817,0.9999245,0.99970895,0.9999246,0.9998943,0.9998827,0.9998936,0.99988234,0.99985045,0.9998125,0.9998457,0.99976635,0.99978966,0.999754,0.9997925,0.9995626,0.999799,0.9999036,0.99990433,0.9999017,0.99976164,0.9999042,0.9998979,0.9999028,0.9998919,0.99992335,0.9999294,0.99989134,0.9999137,0.99972624,0.99976903,0.9998536,0.9999125,0.9997021,0.9999051,0.99986386,0.9998311,0.9999146,0.9995238,0.9997085,0.9996831,0.99980956,0.99982977,0.9998844,0.9998371,0.99974036,0.99973017,0.99984276,0.9991131,0.99981767,0.999887,0.99990124,0.99977255,0.99984396,0.999811,0.99967176,0.99991053,0.99990565,0.9998725,0.9994375,0.99974775,0.99984276,0.99986607,0.9998952,0.99987334,0.9999152,0.99975145,0.9998829,0.9997762,0.99986964,0.9997487,0.99986863,0.99980384,0.99990416,0.9997825,0.9997974,0.99986285,0.99976194,0.9999223,0.99939686,0.9997887,0.9998761,0.9998777,0.99972546,0.9998858,0.9997773,0.99984497,0.9998321,0.99988353,0.9997355,0.99986166,0.9998876,0.9997098,0.99978894,0.99962777,0.999716,0.9998489,0.9997994,0.999812,0.9998313,0.99958175,0.99991894,0.9997307,0.9998483,0.99988216,0.999843,0.9998173,0.99981433,0.99988467,0.99977916,0.9998507,0.9997892,0.99988806,0.9998005,0.99976945,0.99984056,0.9995137,0.9993916,0.9997361
ipip42,0.9998739,0.9997964,0.9998269,0.99978435,0.9998508,0.99977857,0.9998702,0.9998087,0.99988025,0.9997809,0.99978393,0.9998704,0.9998415,0.99981606,0.9997324,0.999851,0.9998869,0.9998063,0.999883,0.99986327,0.9998944,0.99983424,0.99988467,0.99988097,0.9997952,0.99987245,0.99974424,0.9998813,0.9998448,0.99983025,0.9998484,0.99984276,0.9997924,0.9998788,0.9998888,0.99985385,0.9998642,0.99987286,0.9998723,0.99986136,0.9997399,0.99982625,0.9998236,0.99975204,0.9997617,0.9998478,0.9998197,0.99976283,0.9998558,0.9997896,0.99980426,0.99943507,0.99985415,0.99978185,0.99971247,0.9997978,0.99966484,0.9997749,0.9998103,0.999845,0.99988014,0.999837,0.9998924,0.999819,0.9998493,0.999805,0.99987686,0.99984616,0.99985576,0.99977076,0.99987584,0.99987555,0.9996882,0.99980587,0.99984217,0.99941564,0.9997838,0.9998466,0.99980676,0.99983823,0.99990004,0.99989164,0.9997892,0.99986136,0.99986976,0.99987775,0.99986935,0.9998468,0.99973404,0.99984694,0.99983424,0.9998896,0.99987864,0.9997446,0.99967146,0.99975044,0.9998661,0.99982506,0.9997236,0.9996729,0.9998329,0.9998905,0.9998689,0.99984753,0.9998903,0.99968517,0.99985087,0.9997933,0.9998871,0.99987584,0.9998872,0.9998192,0.99984777,0.9998178,0.99987966,0.99982756,0.9998828,0.99988157,0.999875,0.9998284,0.99988955,0.9998127,0.99985284,0.99988157,0.9998843,0.99980104,0.9998229,0.99985886,0.9998043,0.9998125,0.9998693,0.9995638,0.99980146,0.99977696,0.99985164,0.9998748,0.9998686,0.99984497,0.9998778,0.99986935,0.9998924,0.9999986,0.99983525,0.9999229,0.9998886,0.9997664,0.99986535,0.9998467,0.9996998,0.9998616,0.99988365,0.9998427,0.999749,0.9997171,0.99987555,0.99985033,0.9998521,0.99981225,0.99969894,0.99988097,0.99974036,0.99988496,0.9998504,0.99979174,0.99988496,0.99933255,0.99984455,0.99984646,0.99985015,0.9997817,0.9998714,0.9997473,0.9998505,0.9998707,0.99984616,0.9998546,0.9998612,0.999833,0.99982476,0.99984574,0.99979043,0.99980557,0.9997728,0.9998098,0.99960583,0.9998084,0.9998754,0.9998727,0.99987245,0.9997998,0.999875,0.99986017,0.9998594,0.9998539,0.99988824,0.9998653,0.9998751,0.99986875,0.9997541,0.9998045,0.9998505,0.9998723,0.99976826,0.99985695,0.9998459,0.9998217,0.9998823,0.9996212,0.9998143,0.99975985,0.9998182,0.9998247,0.99984723,0.9998367,0.9997727,0.99977934,0.9998402,0.99927646,0.99983054,0.99987334,0.99986994,0.99976593,0.9998489,0.99983937,0.9996808,0.9998628,0.9998709,0.99986225,0.99957544,0.9997877,0.9998481,0.9998514,0.9998693,0.99984616,0.9998748,0.9997753,0.9998667,0.9997893,0.9998657,0.99979717,0.99985325,0.9998249,0.99985737,0.9997992,0.9998064,0.9998776,0.9997884,0.9998746,0.99950176,0.9997992,0.9998624,0.9998629,0.9997723,0.9998684,0.9998029,0.9998452,0.9998446,0.9998808,0.99978495,0.99992883,0.9998637,0.9997479,0.9998031,0.9996814,0.99976134,0.9998433,0.99983805,0.9998272,0.9998684,0.99966323,0.9998735,0.9997811,0.99984336,0.9998603,0.9998499,0.9998555,0.99984145,0.999858,0.99977535,0.9998518,0.9998006,0.99985605,0.9998439,0.99978805,0.9998448,0.9995803,0.9994862,0.9997695
ipip72,0.9997873,0.99978137,0.99980813,0.9997466,0.9997833,0.99974203,0.9997746,0.999769,0.9997933,0.99974537,0.9997502,0.9997737,0.99981976,0.9998136,0.9997542,0.9997918,0.9998295,0.99977076,0.9998194,0.9998119,0.9998489,0.9997728,0.9998165,0.999782,0.9997523,0.99980813,0.99974364,0.9998448,0.9997925,0.9997868,0.99976856,0.999808,0.99974275,0.9997902,0.9998037,0.99978125,0.99981534,0.99980587,0.99981767,0.99976957,0.9997163,0.9998056,0.99975085,0.99972594,0.9997426,0.9997852,0.99976695,0.99975896,0.9997979,0.9997589,0.9997398,0.9994892,0.9997871,0.9997532,0.99971837,0.9997568,0.999652,0.99972844,0.9997879,0.9998075,0.9997993,0.9997954,0.99981266,0.9997544,0.9997971,0.9998235,0.9997824,0.9997737,0.999765,0.99974006,0.99975544,0.99978566,0.9996615,0.9997256,0.9998223,0.99946475,0.9997167,0.9997651,0.9997857,0.9997879,0.99975014,0.99979806,0.99975735,0.9997781,0.9997935,0.9997739,0.99977994,0.9998811,0.99974054,0.9997647,0.99976027,0.99977154,0.9998274,0.99971634,0.99969375,0.99970144,0.99974865,0.9997583,0.99973094,0.99964756,0.9998058,0.9997821,0.9997905,0.99978787,0.9998066,0.9996569,0.999759,0.99971265,0.9997959,0.9997737,0.99978584,0.9997681,0.99976575,0.99980265,0.9997947,0.99979264,0.99980044,0.9998213,0.9998021,0.99977034,0.99982154,0.999787,0.99981725,0.99983865,0.9998271,0.9997429,0.9997797,0.99979746,0.99975866,0.99978507,0.9997776,0.9996347,0.9997646,0.9997921,0.99976844,0.99978876,0.99978554,0.9997842,0.99977225,0.99974203,0.99977124,0.99983525,0.9999982,0.9998205,0.9998255,0.9997336,0.99976486,0.9997709,0.9997079,0.9997896,0.99977684,0.9997606,0.9997248,0.99976707,0.9997763,0.99977905,0.9997713,0.99973494,0.99969566,0.9997769,0.9997353,0.9998036,0.9997866,0.99975485,0.99976844,0.99938005,0.9997698,0.9997633,0.9997747,0.99975526,0.99976593,0.9997174,0.9997617,0.99978834,0.99977064,0.9997805,0.9997799,0.9997426,0.99976134,0.9997728,0.99974954,0.99978733,0.9997243,0.9997757,0.9996617,0.9997792,0.9997952,0.9997883,0.99979407,0.99974495,0.9997737,0.9997737,0.9997799,0.99977756,0.9997941,0.99975955,0.9997786,0.9997696,0.9997131,0.9997433,0.9997676,0.99975246,0.99969506,0.9997674,0.99979424,0.99974996,0.9997836,0.9996289,0.99975556,0.99973446,0.9997689,0.99974805,0.9997767,0.9998052,0.99977183,0.9998058,0.9997677,0.99937326,0.99981606,0.9997939,0.99977374,0.9997048,0.99979997,0.99982506,0.9996726,0.999763,0.9997734,0.9997717,0.9995776,0.99975234,0.9997756,0.9997886,0.9998373,0.99979204,0.9997904,0.99975127,0.9997805,0.9997411,0.99979097,0.9997566,0.99978644,0.9997859,0.99977183,0.99974835,0.9997673,0.9998002,0.99973375,0.99976826,0.9995789,0.9997387,0.9997861,0.9997832,0.9997464,0.999796,0.9997661,0.99977404,0.99981266,0.99978507,0.999737,0.99977756,0.999783,0.9997297,0.99975467,0.99965245,0.9997558,0.9997575,0.9997709,0.9997412,0.9997901,0.9996506,0.9997707,0.99973446,0.9997613,0.9997763,0.99977016,0.9997945,0.9997713,0.99976325,0.9997926,0.99981296,0.99974644,0.999778,0.99976397,0.99973625,0.9997771,0.99956465,0.9995044,0.9997098
ipip102,0.99985206,0.99978864,0.9998181,0.99977577,0.9998452,0.9997661,0.9998652,0.99983066,0.9998801,0.9997811,0.99976903,0.9998402,0.9998357,0.9998087,0.9997208,0.9998316,0.9998607,0.999806,0.999865,0.9998539,0.9998722,0.99983984,0.9998715,0.9998869,0.9997831,0.9998611,0.9997725,0.99986595,0.99981666,0.999805,0.9998232,0.9998299,0.9997789,0.99986374,0.99987113,0.9998441,0.99983853,0.9998635,0.9998481,0.9998524,0.9997377,0.9998288,0.99981403,0.9997362,0.99976,0.99984884,0.9998245,0.9997553,0.99984646,0.9997744,0.9998114,0.99947375,0.9998603,0.99978375,0.99972916,0.99978554,0.9996715,0.99973553,0.9998053,0.9998168,0.99984914,0.9998176,0.9998582,0.99979883,0.9998177,0.9997764,0.99985236,0.9998184,0.9998447,0.99976873,0.9998498,0.99984926,0.9996925,0.9997955,0.9998127,0.99939245,0.999751,0.99981326,0.99979776,0.99983597,0.99983567,0.9998597,0.9997663,0.9998234,0.99983853,0.99984425,0.99983066,0.99981105,0.99970585,0.9998442,0.9998045,0.9998489,0.99985677,0.9997263,0.9996448,0.99973506,0.99985963,0.99982476,0.9996862,0.9996431,0.9997879,0.99986535,0.9998242,0.9998123,0.999861,0.999667,0.99981785,0.99979496,0.99986225,0.9998588,0.9998682,0.99981534,0.99982244,0.9997898,0.9998476,0.9998277,0.9998439,0.99985766,0.9998567,0.9997975,0.999855,0.99979436,0.9998399,0.99986506,0.9998521,0.9997796,0.9998219,0.999848,0.99981296,0.9997895,0.99984336,0.9995458,0.99978924,0.9997594,0.9998304,0.9998703,0.9998765,0.9998365,0.9998637,0.99987376,0.9998502,0.9999229,0.9998205,0.99999535,0.9998658,0.9997188,0.99982834,0.99983495,0.99970764,0.99983895,0.99986273,0.9998237,0.9997083,0.99967825,0.99984396,0.99983835,0.9998272,0.99981105,0.9996715,0.99985963,0.99973863,0.99987847,0.99982965,0.9997896,0.99989545,0.9993183,0.99983966,0.9998207,0.9998361,0.999752,0.9998557,0.99972504,0.99982893,0.99983746,0.99983174,0.9998264,0.99984616,0.9998315,0.99981827,0.99982905,0.9997536,0.99980015,0.9997456,0.99980927,0.9995895,0.99979824,0.99985117,0.99985236,0.99984765,0.999795,0.99984014,0.9998308,0.99982697,0.99983305,0.99985564,0.9998327,0.9998598,0.9998528,0.999747,0.9998062,0.9998513,0.9998605,0.99977386,0.999829,0.9998349,0.9998248,0.9998754,0.99960387,0.99981797,0.99976134,0.9998024,0.99979573,0.99982524,0.9998314,0.99977475,0.9997578,0.9998125,0.9992532,0.99980867,0.99983317,0.9998537,0.9997483,0.99984086,0.9998294,0.9996542,0.9998378,0.9998533,0.9998507,0.9995671,0.9997569,0.9998403,0.9998319,0.9998574,0.99980175,0.99985003,0.99977016,0.9998584,0.9997958,0.9998501,0.9997958,0.99984956,0.99981225,0.99982643,0.9997841,0.9997871,0.9998601,0.9998023,0.9998605,0.99951285,0.99980265,0.9998519,0.9998524,0.9997605,0.99985313,0.9997985,0.9998372,0.9998385,0.99987805,0.99978346,0.99988544,0.9998451,0.99976104,0.99979913,0.9996892,0.99975485,0.9998438,0.99983025,0.9998403,0.99984246,0.99966747,0.9998663,0.99977547,0.9998388,0.9998505,0.99984366,0.99985915,0.99983937,0.99985474,0.99976057,0.99984324,0.9998143,0.99984246,0.9998407,0.9998117,0.999831,0.9995949,0.9994999,0.9997724
ipip132,0.99987334,0.9997757,0.99984735,0.9997612,0.999855,0.99979657,0.9998716,0.99979687,0.99986404,0.9997644,0.99977154,0.99988776,0.99982023,0.9997977,0.99976057,0.99984485,0.9998922,0.99980664,0.9999059,0.9998507,0.9998866,0.9998311,0.9998577,0.99986017,0.99979556,0.9998703,0.9997493,0.99987096,0.999861,0.9998736,0.9998521,0.9998291,0.9997764,0.9998728,0.9998815,0.9998555,0.99986815,0.9998731,0.9998853,0.9998764,0.99973625,0.99981797,0.9998122,0.99974835,0.99975187,0.99986094,0.99982727,0.9997758,0.99985945,0.9998139,0.9997929,0.9994163,0.99984926,0.9997565,0.99971235,0.99977046,0.9996977,0.99974793,0.9998094,0.99983805,0.9998952,0.99984175,0.99990785,0.9998468,0.9998459,0.99981934,0.99987096,0.9998532,0.9998528,0.9997952,0.9998824,0.99986863,0.99969333,0.9998094,0.99986136,0.999412,0.999791,0.9998654,0.9998206,0.99986047,0.9998528,0.99989414,0.9998159,0.9998776,0.99987966,0.9998942,0.9998719,0.9998271,0.99975556,0.9998601,0.99985385,0.9998832,0.9998933,0.99976975,0.999681,0.9997313,0.9998805,0.9997979,0.9997277,0.9996725,0.9998543,0.99989766,0.9998842,0.9998729,0.9999114,0.9996385,0.9998535,0.99975425,0.99985415,0.99988127,0.999892,0.99985385,0.99984896,0.9998359,0.9998829,0.9998254,0.99989665,0.999898,0.9998884,0.9998113,0.9998792,0.99981964,0.9998634,0.99988544,0.99987614,0.9997743,0.99979585,0.99984545,0.99979734,0.99980295,0.9998665,0.999541,0.99979234,0.9997706,0.9998435,0.9998712,0.999845,0.9998332,0.99987924,0.9998631,0.9999329,0.9998886,0.9998255,0.9998658,0.9999974,0.9997196,0.99988073,0.99984187,0.9996776,0.9998823,0.99987763,0.99984217,0.9997461,0.99974227,0.99988675,0.9998582,0.999858,0.99980485,0.9997279,0.99988073,0.9997391,0.9998896,0.99986416,0.99976254,0.9998858,0.9993067,0.99984944,0.9998421,0.99985427,0.9997948,0.99987835,0.9997655,0.9998656,0.99986565,0.999849,0.99984884,0.9998678,0.9998472,0.99982345,0.9998379,0.99980485,0.9998173,0.9997794,0.999818,0.9996442,0.9998232,0.99987346,0.9998727,0.9998709,0.99978185,0.999872,0.9998596,0.99985933,0.99985856,0.9999035,0.99986446,0.999863,0.99986565,0.9997403,0.99979705,0.9998421,0.9998642,0.99974024,0.99985933,0.9998631,0.9998288,0.9998722,0.999609,0.9997507,0.99973524,0.99982494,0.99982613,0.99985164,0.99985003,0.9997819,0.9998,0.99983174,0.9992637,0.9998396,0.9998795,0.999869,0.99977,0.99984986,0.99987596,0.99968976,0.99986625,0.99986285,0.99987674,0.9995508,0.99976504,0.9998539,0.9998581,0.99989325,0.99985385,0.99988115,0.99978054,0.9998664,0.9997972,0.9998491,0.9997922,0.99987507,0.99983907,0.9998526,0.9997996,0.9998085,0.99986076,0.99978966,0.9998728,0.9994951,0.9998052,0.99985987,0.99986184,0.99975705,0.99987006,0.9998009,0.9998517,0.99983716,0.99986565,0.9997769,0.99985987,0.99986255,0.9997586,0.99980426,0.99967515,0.9997559,0.99984306,0.9998197,0.99980855,0.9998452,0.99967057,0.9998755,0.99977577,0.99985737,0.9998561,0.9998555,0.99983543,0.9998218,0.999858,0.9998185,0.99985725,0.9998042,0.9998528,0.99981415,0.9997852,0.99983406,0.9995798,0.9994787,0.9997572
ipip162,0.9996792,0.99973303,0.9997066,0.9996652,0.99968535,0.999684,0.99967146,0.9997109,0.9997191,0.9996607,0.9996764,0.9997202,0.9997353,0.99975085,0.99962735,0.999733,0.999736,0.99968386,0.9997422,0.999766,0.99974763,0.9997451,0.9997195,0.9996996,0.9996317,0.9997451,0.99969393,0.99972826,0.9997598,0.9997343,0.99966836,0.9997243,0.9996762,0.99967897,0.9996965,0.99969524,0.9997048,0.9996727,0.99973446,0.9996998,0.9996972,0.9996978,0.999669,0.9996721,0.9996571,0.99967176,0.999667,0.9996149,0.99969906,0.9997172,0.99967974,0.9995063,0.99972594,0.9997198,0.99963087,0.9997031,0.99960494,0.9997162,0.9997351,0.99971694,0.99968743,0.9996846,0.9996882,0.99966013,0.9996741,0.99966425,0.99969345,0.99964476,0.9996751,0.99968284,0.99965954,0.99969536,0.9996091,0.99968356,0.9997216,0.99948454,0.9996911,0.9997215,0.99970186,0.99970126,0.9997,0.999704,0.9996896,0.99964845,0.9997347,0.99967057,0.99969256,0.99978787,0.99965495,0.9996831,0.99971616,0.9996635,0.99972415,0.99968624,0.9996366,0.99969804,0.99965376,0.99968934,0.9996762,0.99964154,0.99971867,0.99967974,0.9997208,0.9997082,0.9997291,0.9996369,0.9996991,0.9996563,0.9997277,0.99971247,0.9996935,0.99968755,0.999754,0.999743,0.99969655,0.99971527,0.9997292,0.9996865,0.99969184,0.9997305,0.9996979,0.99974114,0.99970794,0.9997051,0.9997146,0.99967057,0.9997091,0.99973893,0.99965394,0.9997464,0.999684,0.9995151,0.99971837,0.9997118,0.99968016,0.9997146,0.9997116,0.99971664,0.99969447,0.99965256,0.9996699,0.9997664,0.9997336,0.9997188,0.9997196,0.9999967,0.999709,0.99966854,0.9996757,0.9997473,0.9996772,0.9996825,0.99963623,0.99962646,0.99966383,0.9997172,0.9997069,0.9996887,0.9997186,0.99968576,0.9996986,0.99971026,0.9996739,0.9996401,0.9996881,0.99934065,0.99968797,0.9996598,0.9996879,0.9996847,0.9996579,0.9997048,0.9996534,0.999671,0.99965554,0.9996822,0.99969035,0.99971277,0.9996756,0.999683,0.9997151,0.99969226,0.99965996,0.99970436,0.99962604,0.9997067,0.999686,0.9996804,0.99968874,0.9996647,0.9996935,0.99968284,0.9996854,0.99965996,0.99970305,0.99965835,0.9996909,0.9996667,0.9996524,0.99966615,0.9996791,0.99966323,0.99967414,0.9996809,0.99968785,0.9996573,0.9996817,0.9995981,0.9997112,0.9997074,0.99970853,0.9996947,0.99964994,0.9996936,0.9996978,0.9996822,0.9996805,0.9993137,0.99970955,0.99971765,0.9996659,0.99965906,0.9997214,0.99968725,0.9996196,0.9996837,0.9996711,0.99971664,0.999547,0.9996652,0.99971217,0.99970835,0.99967986,0.99965024,0.9996997,0.9996752,0.9996563,0.999683,0.9996997,0.9997016,0.99971527,0.99973,0.99968475,0.99964106,0.9997163,0.99968624,0.9996673,0.9996562,0.99952483,0.999681,0.9996739,0.9996729,0.99968255,0.9996866,0.99969286,0.9996888,0.9997236,0.9996781,0.99967474,0.9996837,0.9996938,0.9996552,0.99969935,0.9996245,0.9996759,0.99971896,0.9997051,0.99961936,0.9997178,0.99962384,0.9996803,0.99968255,0.99966955,0.9997009,0.9997151,0.9996916,0.9996933,0.99963737,0.9996331,0.99968493,0.99964297,0.9996758,0.99967587,0.99963707,0.99972,0.9995377,0.99950176,0.99965936
ipip192,0.99984807,0.99975324,0.9998122,0.9997402,0.9998265,0.99977726,0.99985266,0.99978787,0.99985635,0.9997372,0.99975,0.99989396,0.9997978,0.99977124,0.99973077,0.99982494,0.99987733,0.99976665,0.99986017,0.9998224,0.9998668,0.9998024,0.99983144,0.9998501,0.99978805,0.9998604,0.9997314,0.9998607,0.999855,0.99984044,0.99984276,0.99982214,0.9997751,0.9998725,0.99986404,0.99983656,0.9998432,0.9998491,0.99987775,0.9998756,0.9997334,0.9998099,0.9998022,0.9997612,0.999721,0.99983555,0.9998098,0.99974585,0.9998324,0.99978644,0.9997826,0.99939424,0.9998256,0.99974567,0.99969226,0.99977833,0.99967015,0.9997604,0.9997747,0.99983126,0.99986035,0.99981344,0.99987257,0.99982613,0.9998271,0.9997779,0.9998557,0.99983394,0.99985844,0.99977493,0.99986535,0.9998579,0.9996699,0.99978983,0.99983156,0.99943864,0.9998131,0.999874,0.99980116,0.999841,0.9998461,0.99991995,0.99979436,0.9998554,0.9998703,0.999873,0.99986076,0.9997989,0.99972934,0.99984145,0.9998385,0.99987257,0.9998502,0.9997478,0.99965245,0.9997083,0.99985147,0.99978554,0.9997204,0.99968386,0.999833,0.99989194,0.9998565,0.9998514,0.99987996,0.99966216,0.9998563,0.9997375,0.9998491,0.99987507,0.9998835,0.9998155,0.9998535,0.99981236,0.9998626,0.9998063,0.9998741,0.99986947,0.9998666,0.99983287,0.99986464,0.9998104,0.9998481,0.999861,0.9998533,0.9997929,0.9998139,0.9998495,0.9997902,0.99986225,0.9998519,0.99952626,0.99977416,0.99973774,0.9998238,0.99986494,0.99984264,0.99982655,0.99987394,0.999864,0.99988604,0.99986535,0.99976486,0.99982834,0.99988073,0.999709,0.99999857,0.99985445,0.9996706,0.9998881,0.9998903,0.99987084,0.99975723,0.9996951,0.99986875,0.9998459,0.9998434,0.99980736,0.9997205,0.99987584,0.9997185,0.99987334,0.9998412,0.9997243,0.99986535,0.99931276,0.99983585,0.99984795,0.9998413,0.99977666,0.9998567,0.9997623,0.99985075,0.9998615,0.99984205,0.99985653,0.9998531,0.99983495,0.9998067,0.9998307,0.99980664,0.9997999,0.9997885,0.99980843,0.9996159,0.99978834,0.99985963,0.9998619,0.9998636,0.9998218,0.9998721,0.99986106,0.99986047,0.99985075,0.99993783,0.99986756,0.99987954,0.9998515,0.9997839,0.9997934,0.9998432,0.9998569,0.9997383,0.9998644,0.9998441,0.9998073,0.99986637,0.9996026,0.9997598,0.99972606,0.99982244,0.99982363,0.99983835,0.9998322,0.9997574,0.99975085,0.99983954,0.99927104,0.99982446,0.9998862,0.9998559,0.9997761,0.9998314,0.9998152,0.9996938,0.9998658,0.9998544,0.9998555,0.9995352,0.9997766,0.9998367,0.99985784,0.99984664,0.99983364,0.9998608,0.99977297,0.99986255,0.99978286,0.9998517,0.9997941,0.9998609,0.99983007,0.9998669,0.9997991,0.99982315,0.99985105,0.9997702,0.99985963,0.99947506,0.9997904,0.9998478,0.9998489,0.9997531,0.9998564,0.99978566,0.9998372,0.999824,0.9998442,0.9997604,0.9998436,0.999865,0.99974287,0.9998062,0.9996856,0.9997438,0.99982846,0.99980754,0.99979496,0.99982953,0.9996715,0.9998622,0.9997588,0.9998394,0.999846,0.9998502,0.9998043,0.9998042,0.99985576,0.99977505,0.9998342,0.99978715,0.99985266,0.9998028,0.9997715,0.9998373,0.99955535,0.9994658,0.9997287
ipip222,0.99984133,0.9997525,0.9998182,0.99973756,0.99982697,0.99978405,0.9998618,0.9997719,0.99986464,0.9997429,0.9997605,0.9998457,0.9997724,0.99974567,0.99970824,0.99980175,0.9998337,0.9997608,0.9998254,0.99978936,0.99984324,0.9997739,0.9998456,0.9998527,0.99983317,0.99985033,0.99975616,0.99984115,0.9998106,0.9998481,0.9998746,0.99983454,0.9998031,0.9998987,0.9998499,0.9998431,0.9998323,0.99984753,0.99982953,0.99985886,0.9997155,0.9998487,0.99981797,0.9997762,0.9997223,0.9998519,0.9998435,0.9997828,0.9998252,0.999731,0.99978757,0.9994259,0.99982584,0.99974793,0.9997445,0.9997806,0.9996497,0.99974245,0.9997599,0.99984473,0.99985063,0.9998086,0.9998596,0.9998157,0.9998218,0.9997806,0.9998491,0.9998673,0.99997586,0.99978703,0.99986386,0.99984396,0.99966687,0.9997809,0.99980366,0.99939394,0.9997744,0.9998323,0.99982,0.9998541,0.99982,0.9998652,0.9997639,0.99985427,0.9998345,0.9998533,0.9998421,0.9997705,0.99971396,0.9998313,0.9997992,0.9998706,0.99982446,0.999713,0.99965596,0.99968374,0.999849,0.99984664,0.9997222,0.99971706,0.9998041,0.99988115,0.9998309,0.9998249,0.99983853,0.9996752,0.9998505,0.9997777,0.9998751,0.9998558,0.9998637,0.9998237,0.9997982,0.99979156,0.99985975,0.99978894,0.9998555,0.99987644,0.9998624,0.9998085,0.9998607,0.9997914,0.99983925,0.9998405,0.99983585,0.9998127,0.99980396,0.99982756,0.99984294,0.9997778,0.9998576,0.999529,0.9997435,0.9996951,0.99983174,0.9998642,0.99985546,0.99985224,0.9998618,0.9998711,0.9998658,0.9998467,0.9997709,0.99983495,0.99984187,0.99966854,0.99985445,0.9999981,0.9996944,0.9998492,0.99989,0.99983716,0.99974805,0.9996824,0.9998669,0.9998363,0.99983585,0.9998085,0.99968064,0.99988246,0.99969023,0.9998649,0.99983346,0.9997759,0.9998638,0.9993147,0.9998535,0.9998827,0.9998405,0.9997658,0.99986744,0.9997324,0.99985486,0.9998476,0.9998824,0.99987435,0.99985707,0.9998414,0.999838,0.99983454,0.9997589,0.99982804,0.9997959,0.9998258,0.9996332,0.99977297,0.99986833,0.99986935,0.9998684,0.99981314,0.999863,0.99988574,0.9998826,0.99987555,0.99987775,0.9998883,0.99987864,0.9998718,0.9997826,0.99985176,0.99986345,0.9998809,0.9997698,0.99988556,0.99984616,0.9998435,0.9998808,0.9996136,0.9997792,0.99974245,0.99981153,0.99981946,0.99986655,0.99982756,0.9997852,0.99973893,0.99984103,0.99929667,0.9998174,0.99983835,0.99986637,0.99978584,0.9998196,0.99980456,0.99969816,0.99986386,0.99986076,0.99984705,0.9995574,0.99979544,0.99983615,0.99983233,0.99986124,0.99983484,0.99984914,0.99977213,0.99988836,0.9997712,0.9998597,0.99977833,0.9998286,0.9998098,0.9998809,0.9998601,0.999826,0.9998819,0.9997554,0.99987316,0.99950296,0.9997817,0.9998856,0.9998908,0.99978006,0.99988306,0.9998114,0.99982965,0.99981266,0.9998524,0.9997433,0.9998527,0.99988616,0.9997665,0.99982077,0.9997256,0.99975955,0.99983555,0.9998039,0.9998408,0.99983,0.99964654,0.99986935,0.9997819,0.99984515,0.9998627,0.9998335,0.9998168,0.9998219,0.99989456,0.9998032,0.9998391,0.9998349,0.9998652,0.9998425,0.9998245,0.9998372,0.99958634,0.9994526,0.9997112
ipip252,0.9996205,0.99968386,0.9996655,0.99967504,0.999684,0.99964094,0.9996693,0.9997137,0.9997316,0.999693,0.99972093,0.9996856,0.99974865,0.9997113,0.99965477,0.9996919,0.9996998,0.9996927,0.9997074,0.99969864,0.9997241,0.9996616,0.99973387,0.999701,0.99964106,0.99975055,0.9997811,0.9997418,0.99971384,0.99972904,0.99965924,0.99979913,0.9997558,0.99970484,0.9996594,0.9997131,0.99968314,0.99966323,0.999686,0.9996832,0.99983746,0.99982667,0.9997041,0.9997564,0.99968904,0.99971217,0.99974424,0.9996141,0.9997039,0.9997483,0.99970824,0.9995871,0.9997332,0.9997117,0.9997462,0.99980164,0.99960333,0.9997923,0.99973065,0.9997558,0.999627,0.9996855,0.9996349,0.99962115,0.99966234,0.9996681,0.9996722,0.9996855,0.9996866,0.9997394,0.9996387,0.9997457,0.9996412,0.9997069,0.9997024,0.99954635,0.99967384,0.9996768,0.9997879,0.9997644,0.99965703,0.99967927,0.9996652,0.9995991,0.9996946,0.9996225,0.9996592,0.9997235,0.99966234,0.99967605,0.9996616,0.99961615,0.9996732,0.9996487,0.9996487,0.99971884,0.99959075,0.9997771,0.99967843,0.9996986,0.99967915,0.9996508,0.99965376,0.9996706,0.9996596,0.99972284,0.99966574,0.99961627,0.9997327,0.9996578,0.99967355,0.99967474,0.9997126,0.9997363,0.9996736,0.9997748,0.9996662,0.9996739,0.9996754,0.99970984,0.99968475,0.99972737,0.99972135,0.99969274,0.9996718,0.99971306,0.9997742,0.99976194,0.999766,0.9997282,0.9996723,0.999553,0.99973106,0.99966544,0.99967015,0.9997427,0.99973655,0.9998298,0.9996935,0.99959874,0.99959844,0.9996998,0.9997079,0.99970764,0.9996776,0.9996757,0.9996706,0.9996944,0.9999976,0.9997076,0.9996689,0.99969083,0.99967605,0.9996316,0.9996169,0.9997773,0.9997518,0.999738,0.99963474,0.9996607,0.9997411,0.9997293,0.99967515,0.9996651,0.9996337,0.9994699,0.99974126,0.99969,0.9996794,0.99966574,0.9996502,0.99971825,0.99961,0.9996536,0.9997065,0.9997089,0.9996964,0.99968797,0.9997112,0.999732,0.9997282,0.9997819,0.99968415,0.999772,0.9997083,0.9997125,0.99969614,0.999702,0.99970233,0.9997279,0.99967617,0.9997062,0.9996997,0.9997024,0.9996861,0.99965066,0.9997042,0.99969333,0.99971414,0.99976623,0.99970216,0.99964917,0.9997324,0.9996897,0.9997238,0.9996902,0.9996902,0.9996513,0.99979067,0.999871,0.9997189,0.9996745,0.999696,0.99972343,0.99979913,0.999713,0.9997053,0.9994892,0.99971384,0.99967796,0.9996854,0.99971104,0.9997408,0.99970394,0.99967057,0.9996878,0.9996727,0.99969965,0.99964666,0.99970865,0.99974245,0.9996984,0.99966544,0.99962705,0.9996581,0.9997048,0.9996859,0.999708,0.99973124,0.9997737,0.9997073,0.99971944,0.99968314,0.99975693,0.9997739,0.9997285,0.9997029,0.9996621,0.9996028,0.99971855,0.99977165,0.9997637,0.9998295,0.9997722,0.99981606,0.999707,0.99969405,0.99968904,0.9997284,0.9996933,0.9997282,0.99977815,0.9997677,0.9997019,0.9997707,0.99974567,0.99974686,0.99966514,0.99973637,0.9996724,0.9996986,0.9998338,0.9996883,0.9997392,0.9997214,0.99974775,0.9997498,0.99965274,0.9996563,0.99971426,0.9997543,0.99969673,0.9997382,0.99974644,0.99975634,0.99959797,0.99959314,0.99966794
ipip282,0.99986094,0.9997897,0.99983406,0.9997593,0.9998438,0.99976945,0.9998665,0.9998252,0.9998748,0.9997596,0.99978507,0.99987376,0.99981624,0.99979717,0.99971515,0.9998367,0.99987406,0.9997928,0.99987173,0.9998658,0.99987096,0.99982435,0.99983597,0.9998528,0.9997866,0.9998907,0.9997835,0.99986416,0.9998849,0.99985266,0.9998392,0.99984866,0.9998014,0.9998834,0.99988204,0.99984014,0.99986583,0.99986446,0.99987984,0.9999145,0.99975514,0.99983966,0.99980575,0.9997974,0.9997417,0.99986184,0.9998382,0.9997574,0.9998709,0.99979156,0.9998144,0.9994618,0.99985445,0.99978596,0.9997064,0.9998073,0.9996983,0.9997837,0.9998011,0.9998498,0.99985266,0.99981713,0.99986905,0.999832,0.9998283,0.99976814,0.9998779,0.999826,0.9998465,0.9997752,0.99985623,0.9998437,0.9996427,0.9997877,0.9998242,0.99943715,0.9997926,0.99986637,0.9998192,0.9998525,0.9998159,0.99990106,0.9998034,0.99985284,0.9998881,0.99987316,0.9998805,0.9998201,0.99972856,0.9998672,0.99982035,0.9998647,0.9998552,0.99976593,0.9996699,0.9997592,0.99985445,0.9998058,0.99973017,0.9997029,0.99982905,0.9998682,0.9998415,0.9998237,0.99988556,0.9996599,0.9998621,0.99972343,0.9998534,0.9998987,0.9998888,0.9998557,0.9998671,0.9998334,0.99987876,0.99981606,0.99987876,0.99986845,0.9998788,0.99982065,0.99986386,0.9998297,0.9998529,0.99986714,0.9998669,0.99978757,0.99982035,0.9998647,0.99978787,0.9998444,0.99984485,0.9995122,0.9997664,0.9997451,0.9998343,0.9998566,0.999829,0.9998389,0.9998798,0.9998517,0.9998754,0.9998616,0.9997896,0.99983895,0.9998823,0.9997473,0.9998881,0.9998492,0.9997076,0.99999636,0.9998598,0.9998192,0.9997315,0.99968016,0.999869,0.99983144,0.99983716,0.9998013,0.99974036,0.9998791,0.9997216,0.99987686,0.999843,0.9997372,0.99986285,0.9993361,0.99986047,0.9998269,0.9998642,0.99981105,0.99985725,0.9997667,0.9998675,0.9998598,0.99984676,0.99986696,0.99986076,0.99984646,0.9998191,0.9998421,0.9998144,0.99981874,0.99977976,0.9998251,0.9996469,0.999793,0.9998683,0.9998662,0.99987435,0.9997932,0.9998848,0.9998636,0.99986774,0.999852,0.9999145,0.99986875,0.99986905,0.99987274,0.9997743,0.99983406,0.9998528,0.99986124,0.99976283,0.99987173,0.9998574,0.999819,0.99986655,0.9996247,0.9997736,0.9997682,0.99982345,0.9998494,0.9998494,0.9998321,0.9997869,0.9997864,0.9998311,0.99928755,0.9998374,0.99985915,0.9998475,0.9997953,0.9998627,0.9998405,0.99970067,0.9998651,0.9998609,0.99986446,0.99956894,0.99979556,0.9998611,0.99987257,0.9998487,0.9998218,0.9998807,0.99979275,0.9998582,0.99980044,0.999847,0.9997913,0.9998855,0.99983937,0.9998672,0.99979913,0.9998278,0.99985576,0.9997798,0.99985504,0.99951243,0.9997937,0.999855,0.99985796,0.999767,0.9998621,0.9998065,0.99986476,0.99985164,0.999848,0.9997871,0.9998403,0.9998725,0.9997834,0.9998416,0.99972993,0.99976075,0.9998341,0.9997901,0.99977696,0.9998136,0.99965346,0.99987024,0.9997677,0.99982876,0.9998632,0.9998491,0.99980533,0.9998141,0.9998485,0.9997715,0.9998388,0.99979067,0.9998673,0.9998177,0.9997733,0.9998544,0.9995898,0.99950165,0.99975955
ipip17,0.9998987,0.99976414,0.9998363,0.999773,0.9998658,0.9997918,0.9999055,0.999792,0.99990594,0.9997728,0.99979067,0.9998764,0.9997959,0.99976844,0.9997047,0.99984163,0.99987304,0.9997766,0.99986696,0.99983335,0.9998852,0.9998059,0.99988544,0.99990344,0.9998059,0.99987847,0.9997541,0.99988055,0.99983317,0.999852,0.99991304,0.9998551,0.9998103,0.99991506,0.99989855,0.9998761,0.9998785,0.99989283,0.9998636,0.99987966,0.9997528,0.9998535,0.9998386,0.9997584,0.9997421,0.9998731,0.9998306,0.9997719,0.9998531,0.9997611,0.99981356,0.9994117,0.99986136,0.99976885,0.9997414,0.99978995,0.9996616,0.9997366,0.9997734,0.9998633,0.9998987,0.9998372,0.9999119,0.99985063,0.99983436,0.9997855,0.99988955,0.99988014,0.9998885,0.9997678,0.9999189,0.9998874,0.99967027,0.99982244,0.9998275,0.99939674,0.9997864,0.9998713,0.99985236,0.99989206,0.99984014,0.99992234,0.99980766,0.9998817,0.99987006,0.9999047,0.99988997,0.9997899,0.999717,0.9998555,0.9998239,0.99993783,0.99986535,0.9997301,0.9996528,0.99970764,0.999901,0.99985456,0.99971324,0.99965006,0.9998415,0.9999646,0.9998799,0.999855,0.99987847,0.99964744,0.99989384,0.9997707,0.9998903,0.99990636,0.99991393,0.99981993,0.99982435,0.9998159,0.99990046,0.99981016,0.9999035,0.9999179,0.9999061,0.9998517,0.9999101,0.9998179,0.9998784,0.9998825,0.99988616,0.9998273,0.9998505,0.9998556,0.9998508,0.99980944,0.99991006,0.99952316,0.9997768,0.9997125,0.99988353,0.9998983,0.99987346,0.99987715,0.99991775,0.9999089,0.9999226,0.99988365,0.99977684,0.99986273,0.99987763,0.9996772,0.9998903,0.99989,0.9996689,0.9998598,0.9999968,0.999936,0.9997547,0.9996968,0.9999197,0.99984986,0.99985486,0.99983275,0.9996706,0.9999273,0.9997209,0.9999213,0.99987894,0.9997855,0.9999086,0.999304,0.9998934,0.9998829,0.999854,0.9997886,0.99992263,0.99973255,0.99989665,0.99990195,0.9999221,0.99990004,0.9999003,0.999857,0.9998707,0.9998891,0.99980545,0.9998562,0.99982846,0.99985665,0.99961716,0.99981487,0.999924,0.9999226,0.99992025,0.9998679,0.9999061,0.9999143,0.9999151,0.99992496,0.99992853,0.9999228,0.9999311,0.99991393,0.99981564,0.99982005,0.99989915,0.9999288,0.9997744,0.99991316,0.99988353,0.99987876,0.99994683,0.99959445,0.9997774,0.9997409,0.9998484,0.9998381,0.999914,0.99987537,0.9998007,0.99976116,0.999888,0.99923277,0.9998375,0.9998839,0.99991286,0.9997978,0.9998578,0.99983585,0.9997128,0.99990755,0.9999226,0.9998931,0.99954087,0.9997897,0.9998781,0.99988025,0.99989533,0.9998573,0.99989855,0.99981767,0.9999054,0.99979484,0.9998916,0.9997883,0.99986345,0.99982893,0.9999056,0.99983203,0.99983275,0.99988747,0.99978083,0.99992347,0.9994643,0.99981606,0.99990314,0.99990106,0.99978226,0.99990636,0.99981946,0.999873,0.99984807,0.9999132,0.999768,0.99988115,0.9999081,0.999789,0.99982893,0.9996955,0.9997631,0.9998619,0.9998408,0.99986416,0.99985313,0.9996305,0.9999186,0.9997766,0.999894,0.99989504,0.9998814,0.9998472,0.99984854,0.99990296,0.99979633,0.9998659,0.9998434,0.9998868,0.99984294,0.99982977,0.9998577,0.9995548,0.9994509,0.9997486
ipip47,0.99980956,0.9997362,0.99977505,0.999743,0.9998084,0.99976176,0.9998149,0.99975574,0.9998641,0.9997472,0.99977106,0.9998385,0.99978375,0.999761,0.99970895,0.9997938,0.999823,0.9997547,0.9998237,0.99977785,0.9998485,0.9997827,0.9998454,0.999859,0.99978983,0.99983865,0.9997542,0.9998345,0.9998097,0.9998218,0.99986553,0.9998258,0.9997723,0.9998706,0.9998126,0.99983966,0.99981254,0.99980277,0.9998266,0.99983597,0.99974924,0.99980044,0.9998209,0.999747,0.99973875,0.99981976,0.9998241,0.9997376,0.9998028,0.99977535,0.99977535,0.9994494,0.99981433,0.9997443,0.9997333,0.9997724,0.9996571,0.99973625,0.9997593,0.99982256,0.9998226,0.9998129,0.9998407,0.99982876,0.99981165,0.99977434,0.9998135,0.9998083,0.99983203,0.9997423,0.9998352,0.99984837,0.9996908,0.9997904,0.9998233,0.9994518,0.99976546,0.9998356,0.9998264,0.9998527,0.99980694,0.9998665,0.99979085,0.9998072,0.99983174,0.99981356,0.99981403,0.9997755,0.9997189,0.9997864,0.99982285,0.9998502,0.9998239,0.99975556,0.99967676,0.9997229,0.99980736,0.99983114,0.9997171,0.9996559,0.9998132,0.9999208,0.9998376,0.9998412,0.9998418,0.9996772,0.99981827,0.99975455,0.99983543,0.99981964,0.9998279,0.9997973,0.9998155,0.9998043,0.9998381,0.99983424,0.99984956,0.99985856,0.9998448,0.9998443,0.9998523,0.9997959,0.99983644,0.99984163,0.9998201,0.99982595,0.9998345,0.9998125,0.99982893,0.99980664,0.99984115,0.9995996,0.9997903,0.9997177,0.9998153,0.9998589,0.99984115,0.99983454,0.9998394,0.99982136,0.9998437,0.9998427,0.9997606,0.9998237,0.99984217,0.9996825,0.99987084,0.99983716,0.99969083,0.9998192,0.999936,0.9999976,0.9997965,0.99972636,0.999834,0.9998507,0.999858,0.9998157,0.99967897,0.999842,0.9997521,0.99986786,0.999839,0.99978846,0.999826,0.9993679,0.99981743,0.99985754,0.999801,0.9997709,0.99984086,0.9997507,0.9998055,0.99984795,0.9998704,0.99983114,0.999828,0.9998095,0.9998329,0.9998448,0.9998003,0.99984014,0.9998198,0.9998388,0.9996186,0.99979514,0.9998545,0.99985605,0.99985427,0.99989027,0.9998425,0.99984837,0.9998486,0.99987054,0.99987555,0.9998358,0.9998796,0.99982166,0.9998299,0.99980325,0.99985564,0.99983764,0.99976313,0.9998482,0.9998325,0.9998468,0.9998817,0.99962896,0.99977237,0.99973947,0.99981666,0.9998004,0.9998552,0.9998487,0.9997898,0.9997822,0.99985546,0.9993173,0.9998065,0.99987036,0.99985796,0.9997731,0.9998066,0.9998295,0.99970317,0.9998439,0.9998357,0.9998426,0.9995776,0.9997825,0.9998366,0.99984056,0.9998374,0.99979985,0.999833,0.99980617,0.99986374,0.99978524,0.99985653,0.9997999,0.99982995,0.99980336,0.99983335,0.9998183,0.99981767,0.9998291,0.9997643,0.9998378,0.99949086,0.999789,0.99984515,0.99984604,0.9997856,0.99985623,0.9997949,0.99982995,0.9997987,0.99987537,0.9997618,0.99982965,0.9998534,0.99978817,0.9997965,0.9996955,0.999748,0.99981487,0.999833,0.9998358,0.99984026,0.9996674,0.9998255,0.9997661,0.9998851,0.99981886,0.9998574,0.99982166,0.99982876,0.9998504,0.99978626,0.999824,0.99981076,0.9998111,0.99979407,0.9997987,0.9997978,0.9995687,0.99946356,0.9997163
ipip77,0.9996559,0.9996676,0.9996811,0.9996678,0.99970204,0.99966794,0.99966437,0.99967873,0.9997233,0.9996653,0.999694,0.9997256,0.9997299,0.99973917,0.9996621,0.99970657,0.9997228,0.99968183,0.99975526,0.9996955,0.9997497,0.9996838,0.99976695,0.9997254,0.999725,0.99972975,0.999688,0.99973464,0.99972737,0.99974924,0.9997198,0.999728,0.9996674,0.9997524,0.99967504,0.99974847,0.999695,0.9996762,0.99972403,0.99973506,0.9996602,0.9997109,0.9997441,0.9996901,0.9996736,0.99972266,0.99977595,0.99968714,0.99972534,0.9997133,0.999695,0.9994708,0.9997132,0.9996974,0.999664,0.99970794,0.99958205,0.99971,0.99970454,0.9997155,0.99972284,0.9997925,0.99973506,0.99970925,0.9997541,0.99972796,0.9996937,0.999683,0.9997504,0.999676,0.9996822,0.9997735,0.9996129,0.99969375,0.9997982,0.9994837,0.9997356,0.99974954,0.99974,0.99973595,0.9997093,0.99973834,0.99975234,0.9996675,0.99975264,0.9996689,0.99969655,0.99976295,0.9997118,0.9996801,0.9997109,0.99972403,0.99972224,0.9997372,0.9997429,0.9997017,0.99964726,0.99973446,0.99974144,0.9997197,0.99974954,0.99973303,0.99974734,0.99976516,0.9997841,0.99966526,0.999739,0.99965966,0.99974406,0.99968725,0.99969184,0.99971896,0.999752,0.9997322,0.9997309,0.9998006,0.999722,0.99977934,0.99970704,0.9997739,0.999746,0.99972564,0.99972606,0.9997527,0.999716,0.9997103,0.99974096,0.9997171,0.99972546,0.9997168,0.99972093,0.9996819,0.99976164,0.9997198,0.9996959,0.99973685,0.9997183,0.99974746,0.99969554,0.9996579,0.9997035,0.999749,0.9997248,0.9997083,0.9997461,0.99963623,0.99975723,0.99974805,0.99967605,0.9997315,0.9997547,0.9997965,0.99999803,0.9997596,0.9996838,0.999795,0.9998029,0.9997742,0.9996553,0.999694,0.9997409,0.99975175,0.99973154,0.999714,0.99967206,0.9993662,0.9996966,0.99981636,0.9997063,0.9997061,0.9997008,0.9997204,0.9996543,0.9997505,0.999711,0.9997105,0.9997129,0.99968874,0.99974114,0.9997313,0.9997572,0.99973834,0.99976414,0.9997285,0.9996076,0.999715,0.9997173,0.9997187,0.9997209,0.99979,0.9997174,0.9997178,0.9997144,0.99971336,0.9997441,0.9996845,0.9997416,0.9996767,0.99973845,0.9997525,0.9997459,0.9996805,0.9997094,0.99970686,0.99972934,0.99974006,0.99971944,0.99963546,0.9997125,0.99967575,0.9997159,0.9996914,0.99970603,0.99976015,0.9997303,0.99972856,0.99976563,0.99943733,0.9997893,0.99978393,0.9997523,0.9997024,0.9997188,0.99975777,0.9996574,0.9997017,0.9996869,0.99972254,0.99957913,0.99971503,0.99973154,0.9997133,0.9997449,0.99970984,0.99970394,0.9997186,0.9997661,0.9997318,0.99978054,0.99975765,0.9997709,0.9997822,0.9997152,0.9997562,0.99973506,0.9997264,0.9997178,0.9997075,0.9995254,0.9997417,0.9997519,0.99974793,0.9997669,0.99976015,0.99976164,0.99974495,0.9996932,0.99977916,0.9997454,0.99973124,0.9997262,0.9997025,0.9997166,0.99967045,0.9996763,0.9997244,0.99978584,0.99976724,0.99978805,0.9996504,0.9996793,0.99970204,0.999773,0.99970716,0.99974746,0.99978477,0.9997804,0.99975634,0.9997482,0.99974966,0.9997106,0.9996863,0.9997174,0.9996915,0.9997198,0.9995289,0.9995124,0.9996396
ipip107,0.9996347,0.99965674,0.9996683,0.9996374,0.9996582,0.9996781,0.9996206,0.99964815,0.9996767,0.99963313,0.99965113,0.9996859,0.9997017,0.9996933,0.9996857,0.9996648,0.9996965,0.9996507,0.99970955,0.99966663,0.9997087,0.99969476,0.9997026,0.9996768,0.9996611,0.99968153,0.9996698,0.99969,0.9996812,0.99969983,0.99967784,0.99972534,0.9996186,0.9996926,0.9996382,0.99967575,0.9996575,0.99963254,0.99968815,0.99967605,0.9996385,0.99966806,0.99968886,0.99961406,0.99965614,0.99967784,0.9997131,0.9996963,0.9996669,0.9996762,0.99965215,0.9994404,0.9996957,0.9996429,0.9996256,0.9996566,0.9995469,0.9996637,0.9996925,0.9997055,0.9997034,0.9997271,0.99973524,0.99966383,0.9997086,0.9997411,0.99966913,0.9996627,0.9996865,0.9996748,0.99963707,0.99971646,0.9996273,0.99967194,0.9997646,0.9994668,0.99966246,0.9996885,0.9997122,0.99970466,0.99967766,0.99968576,0.99970675,0.9996238,0.999684,0.99962664,0.9996425,0.9997229,0.9996443,0.9996423,0.99967945,0.99965227,0.99971175,0.99970186,0.9996622,0.99968207,0.99960935,0.99968266,0.9996677,0.9996371,0.99974567,0.99968827,0.9997359,0.99972546,0.9997167,0.9996409,0.99966383,0.9996252,0.9997171,0.9996483,0.99965376,0.9996738,0.9996924,0.99971116,0.99967855,0.9997279,0.9996907,0.9997002,0.99967116,0.99971604,0.9997049,0.999705,0.9996999,0.99973166,0.9996769,0.9996671,0.9996902,0.9996798,0.99966127,0.99969906,0.99967444,0.9996285,0.99970543,0.999684,0.9996342,0.99968666,0.9996793,0.99970025,0.99964356,0.9996036,0.99965376,0.9997171,0.99976707,0.99967825,0.99974227,0.99962646,0.9996951,0.9996824,0.9996316,0.99968016,0.9996968,0.99972636,0.9997596,0.9999991,0.9996548,0.9997194,0.9997142,0.999689,0.9996792,0.9996535,0.99968654,0.9996942,0.9996753,0.99967104,0.99961686,0.99931043,0.99964935,0.9997275,0.9996486,0.99964744,0.99964213,0.9996861,0.99960905,0.9996645,0.9996555,0.99965215,0.99968064,0.99965405,0.9997095,0.99969196,0.9996961,0.99972373,0.99972296,0.99971586,0.9996249,0.99974114,0.9996818,0.9996809,0.9996817,0.99970883,0.9996623,0.99966854,0.99966615,0.99967223,0.99969816,0.99963063,0.9996731,0.99962753,0.9996662,0.9996771,0.99969035,0.99962527,0.9996454,0.9996495,0.9997039,0.99968606,0.9996695,0.99958575,0.99968827,0.99963933,0.9996685,0.9996499,0.9996617,0.9997415,0.9997118,0.99974746,0.9996943,0.9993562,0.9997037,0.9996966,0.9996621,0.99962896,0.99970704,0.99977344,0.9996267,0.9996427,0.9996503,0.99969983,0.99960357,0.99969697,0.99970365,0.999722,0.9997799,0.9996942,0.99968237,0.9997236,0.99970365,0.99966556,0.99969137,0.9996869,0.9996814,0.99972016,0.99965274,0.9996776,0.99969506,0.99970645,0.99966145,0.9996411,0.99952644,0.99968135,0.99966997,0.99965996,0.99966854,0.9996768,0.9996736,0.99969476,0.99967086,0.99968565,0.99968255,0.9996808,0.99967384,0.9996798,0.99967545,0.99963045,0.99963814,0.99968463,0.9997141,0.9997029,0.9997297,0.99962676,0.99964124,0.99966705,0.99969465,0.9996545,0.9997031,0.9997448,0.99970424,0.99969375,0.99982226,0.9997118,0.9996574,0.9996392,0.99969846,0.9996379,0.99967724,0.99953365,0.9994752,0.9996318
ipip137,0.9999308,0.9997503,0.9998539,0.9997476,0.9998639,0.9997611,0.99991786,0.99978673,0.9998724,0.9997383,0.9997731,0.99987614,0.99978703,0.9997398,0.99967754,0.99984944,0.9998793,0.9997501,0.99986726,0.99983996,0.9998912,0.99981236,0.9998711,0.99985677,0.9997769,0.99987537,0.99970454,0.9998782,0.9998314,0.99983954,0.9998978,0.9998353,0.9997935,0.99990237,0.99993014,0.9998726,0.9999064,0.9999199,0.9998811,0.99987173,0.9997153,0.99983954,0.9997983,0.99975467,0.999699,0.99987376,0.9997983,0.9997577,0.99986607,0.99973124,0.9997968,0.9993278,0.9998625,0.99973696,0.9996575,0.999769,0.9996662,0.9996957,0.99976146,0.99984354,0.99992436,0.9998374,0.99993294,0.9998282,0.9998328,0.99976766,0.99991196,0.9998761,0.9998693,0.99974537,0.999938,0.9998688,0.9996158,0.9998189,0.9998206,0.9993269,0.9997531,0.9998621,0.9998024,0.9998588,0.9998233,0.99992216,0.99980426,0.9999087,0.99987817,0.9999365,0.9999089,0.99977183,0.99970466,0.9998747,0.9998222,0.9999474,0.9998889,0.9997126,0.9996173,0.99968284,0.99993074,0.9997971,0.9996833,0.9996144,0.99985385,0.99992937,0.99988604,0.9998377,0.9998827,0.9995758,0.9998865,0.99973094,0.99986804,0.9999277,0.9999361,0.99982536,0.99981076,0.9998287,0.9999295,0.9997996,0.99992436,0.99992466,0.9999345,0.9998182,0.99992734,0.99984515,0.9998755,0.9998996,0.99991864,0.9997696,0.9998036,0.99985296,0.9997729,0.9997739,0.99991417,0.99944276,0.99974483,0.9996876,0.99989396,0.99987096,0.99982524,0.9998473,0.99993163,0.9999212,0.9999425,0.99987555,0.9997763,0.99984396,0.99988675,0.99966383,0.99986875,0.9998669,0.9996169,0.999869,0.9999197,0.999834,0.9996838,0.9996548,0.9999964,0.9998136,0.9998282,0.9998016,0.99966383,0.99997205,0.9996798,0.9999182,0.9998865,0.999742,0.9999244,0.9992673,0.9999003,0.9998378,0.99987835,0.9998088,0.9999264,0.99970996,0.99994576,0.99988925,0.9998962,0.9999161,0.99988824,0.9998444,0.99982023,0.9998761,0.99976534,0.9998155,0.9997787,0.99982095,0.9995778,0.9998378,0.9999295,0.9999289,0.9999264,0.9997709,0.9999142,0.9999211,0.9999229,0.99990946,0.9999233,0.99994105,0.9999046,0.99992085,0.9997327,0.9997732,0.9998789,0.99992234,0.99970883,0.99991894,0.9998717,0.999833,0.9999283,0.9995105,0.99972,0.99969095,0.99981606,0.9998481,0.9999006,0.99984926,0.9997566,0.9997303,0.9998582,0.9991387,0.99983305,0.9998784,0.9999001,0.99979496,0.99987906,0.9998065,0.9996768,0.9999153,0.9999393,0.9998845,0.9994509,0.99974424,0.9998608,0.9998919,0.99990135,0.9998632,0.9999341,0.9997821,0.9998939,0.999794,0.99987704,0.99974895,0.9998645,0.999813,0.99991757,0.99978405,0.9998174,0.99987906,0.99974656,0.99993044,0.99943745,0.9997955,0.9998775,0.99987787,0.9997246,0.9998842,0.99978393,0.99988097,0.9998571,0.99987453,0.99974173,0.999859,0.99991083,0.99975306,0.9998314,0.9996778,0.9997347,0.9998576,0.9998024,0.9998089,0.999829,0.99957716,0.9999313,0.99972695,0.99984276,0.9998996,0.99984044,0.9998299,0.99982446,0.99988675,0.9997809,0.9998601,0.99978596,0.9998997,0.9998174,0.9997684,0.99985695,0.9995088,0.9993846,0.9997407
ipip167,0.99980515,0.99976885,0.99980265,0.99976385,0.9998205,0.9997828,0.9998159,0.9997547,0.99983937,0.9997663,0.9997665,0.99984723,0.9998186,0.9997616,0.99973106,0.9998087,0.99982935,0.9997708,0.9998488,0.9997752,0.9998605,0.99977875,0.9998921,0.9998304,0.9997967,0.99984366,0.9997626,0.999841,0.99981576,0.9998433,0.99984103,0.9998395,0.9998048,0.9998475,0.99980277,0.999882,0.9998035,0.9998091,0.9998298,0.99983317,0.99976987,0.99984765,0.99982244,0.9997781,0.99974644,0.99983877,0.9998347,0.99973106,0.9998127,0.9997734,0.99978846,0.99948806,0.9998378,0.9997522,0.9997237,0.9998265,0.9996843,0.99978775,0.99979913,0.9998318,0.9998113,0.99981284,0.99982816,0.9997739,0.99981296,0.9998001,0.9998051,0.9997934,0.9998265,0.9997565,0.9998519,0.99991715,0.9997341,0.99982774,0.99983156,0.99949473,0.99977624,0.9998283,0.99982715,0.99984354,0.9998254,0.9998543,0.99979246,0.9997895,0.9998456,0.99980384,0.9998046,0.9997875,0.9997185,0.9997882,0.99981797,0.9998217,0.999821,0.9997475,0.999674,0.99974394,0.99979484,0.99980676,0.9997437,0.9997164,0.9998184,0.99984807,0.9998258,0.9998345,0.99984026,0.9997315,0.9998124,0.99976456,0.999842,0.9998227,0.99983174,0.99981666,0.99983287,0.99981517,0.9998246,0.9999044,0.9998278,0.99984974,0.99982333,0.9998325,0.99984574,0.99982023,0.9998518,0.99984246,0.9998295,0.9997997,0.9998238,0.99982435,0.99981326,0.99979347,0.99985516,0.9995848,0.99984026,0.9997189,0.9998347,0.9998993,0.99987084,0.99986166,0.999843,0.9998182,0.99983233,0.99985033,0.99977905,0.99983835,0.9998582,0.9997172,0.9998459,0.9998363,0.9997773,0.99983144,0.99984986,0.9998507,0.999795,0.9997194,0.9998136,0.99999744,0.9999611,0.9999068,0.9997309,0.9998322,0.99980813,0.9998987,0.99982786,0.9998025,0.99982464,0.9994142,0.9998477,0.9998578,0.99981976,0.999799,0.9998582,0.9997984,0.9997993,0.9998322,0.9998227,0.99983287,0.9998346,0.99980867,0.9998166,0.99984545,0.9998048,0.9998243,0.9998179,0.9998097,0.99965304,0.99979883,0.9998413,0.9998461,0.9998466,0.999826,0.999824,0.9998427,0.9998416,0.9998225,0.99987245,0.99981797,0.9998649,0.9998282,0.99980193,0.99981785,0.99982566,0.9998208,0.9997697,0.99983716,0.99985343,0.9998316,0.9998472,0.9996384,0.99981195,0.99975765,0.9998262,0.99978006,0.9998113,0.9998368,0.99979043,0.99977785,0.99984604,0.99933755,0.9998212,0.99985963,0.99989694,0.9997874,0.9998295,0.9998184,0.99971133,0.9998369,0.99982876,0.9998245,0.9996043,0.99977833,0.9998404,0.9998169,0.9998343,0.9997968,0.9998213,0.9997818,0.99984056,0.9998323,0.9999064,0.9999054,0.9998582,0.99983746,0.9998248,0.9998033,0.99983084,0.9998362,0.9997983,0.99986994,0.9995645,0.9998543,0.99986345,0.9998624,0.99982303,0.99987024,0.99983186,0.99982846,0.99979407,0.99985045,0.9998218,0.9998428,0.99985147,0.9997734,0.9998054,0.9997135,0.99976355,0.99986273,0.99990326,0.999834,0.999908,0.9997623,0.99984306,0.99981517,0.99984187,0.9998494,0.99984187,0.99989,0.99988747,0.9998271,0.9997932,0.99987906,0.9998059,0.99981153,0.9998117,0.9997935,0.99982643,0.9995952,0.9995325,0.9997494
ipip197,0.99981344,0.99975556,0.99980205,0.9997513,0.99981683,0.99976444,0.9998142,0.9997481,0.9998402,0.99974847,0.999771,0.99984074,0.9998048,0.99976194,0.99972427,0.9998057,0.9998243,0.9997607,0.9998521,0.9997727,0.99985915,0.99978244,0.99989253,0.999829,0.9997937,0.9998356,0.9997453,0.99984276,0.9998188,0.99985355,0.9998437,0.999829,0.99979544,0.99985456,0.9998035,0.9998827,0.9998129,0.9998055,0.99982274,0.99983186,0.999762,0.9998378,0.99982065,0.9997668,0.9997354,0.99983686,0.9998335,0.9997321,0.9998192,0.9997719,0.9997785,0.99946004,0.9998335,0.99973893,0.9997245,0.9998177,0.9996704,0.99977773,0.99978155,0.99982953,0.99981415,0.99981606,0.9998332,0.999789,0.99981385,0.99979424,0.9998155,0.99980295,0.9998262,0.9997456,0.99986243,0.9999157,0.99970543,0.99982154,0.99982834,0.9994855,0.999774,0.9998381,0.999825,0.9998404,0.99982405,0.9998668,0.999802,0.9998049,0.99985576,0.9998123,0.9998214,0.9997888,0.99971926,0.99979067,0.999811,0.9998336,0.9998197,0.9997464,0.9996655,0.9997376,0.9998067,0.99980307,0.99973434,0.9997178,0.9998164,0.99985415,0.99982625,0.9998277,0.9998485,0.9997147,0.9998321,0.9997581,0.9998455,0.99982965,0.99983424,0.9998287,0.9998334,0.9998089,0.9998425,0.9998989,0.99983734,0.9998509,0.99982387,0.99984217,0.9998537,0.9998118,0.99985147,0.99984026,0.99982905,0.9997962,0.99982053,0.9998193,0.9998051,0.9997879,0.9998671,0.99958235,0.99983907,0.9997191,0.9998453,0.9998981,0.99985933,0.9998547,0.9998435,0.99982154,0.9998462,0.9998521,0.9997713,0.9998272,0.999858,0.9997069,0.9998434,0.99983585,0.9997518,0.99983716,0.99985486,0.999858,0.9998029,0.9997142,0.9998282,0.9999611,0.9999981,0.9998961,0.999717,0.999839,0.99980235,0.99989694,0.9998172,0.9997942,0.9998155,0.9993859,0.99984306,0.9998641,0.99981844,0.99979365,0.99985397,0.9997805,0.99980724,0.99984616,0.99983126,0.99983513,0.999831,0.9998027,0.99981546,0.9998359,0.9998114,0.99981797,0.99980253,0.99980384,0.9996367,0.9997965,0.99984705,0.99985164,0.9998523,0.99982214,0.9998408,0.99985105,0.999849,0.99983525,0.9998775,0.9998296,0.99985766,0.9998322,0.9997786,0.9998137,0.9998293,0.9998177,0.9997636,0.9998377,0.9998522,0.99983144,0.9998518,0.9996294,0.9997944,0.99975103,0.99982464,0.9997971,0.9998224,0.99984133,0.9997871,0.99977136,0.9998493,0.99932593,0.9998208,0.99986184,0.99990475,0.9997846,0.9998219,0.9998274,0.9997134,0.9998361,0.99982643,0.99982685,0.9995849,0.9997871,0.9998353,0.9998167,0.999836,0.9998095,0.9998251,0.9997708,0.99985427,0.9998238,0.9999092,0.9999003,0.99986583,0.99984634,0.99983466,0.9998102,0.999825,0.99984187,0.9997961,0.99986976,0.9995499,0.9998512,0.9998616,0.9998619,0.9998201,0.999869,0.99982923,0.99983853,0.9997968,0.99985844,0.99983186,0.99984515,0.9998497,0.9997699,0.99981123,0.99970084,0.9997625,0.99985844,0.999906,0.9998379,0.9999096,0.99974483,0.99984235,0.99980146,0.99984574,0.99984586,0.99984723,0.99989206,0.99988604,0.9998445,0.99979293,0.9998824,0.99980146,0.9998203,0.9998111,0.9997874,0.99981844,0.9995803,0.9995087,0.9997367
ipip227,0.999801,0.9997611,0.99978346,0.9997674,0.99982715,0.9997494,0.9998129,0.999767,0.999833,0.9997615,0.9997512,0.99981415,0.9997893,0.99974066,0.9996787,0.9997805,0.9997951,0.9997426,0.9998066,0.9997771,0.9998384,0.99977404,0.9998594,0.99981654,0.9997779,0.9998292,0.99976885,0.9998214,0.99978197,0.9997927,0.9998282,0.9998327,0.9997715,0.99984324,0.99979,0.9998927,0.99978936,0.9997962,0.9997877,0.99982876,0.9997695,0.99982727,0.9998207,0.9997441,0.99971485,0.9998329,0.99983156,0.99970764,0.99981374,0.99973494,0.9998122,0.9995003,0.9998483,0.99976194,0.99971473,0.9998451,0.9996849,0.9997472,0.99978256,0.9998249,0.9997989,0.9997988,0.9998228,0.9997632,0.9997803,0.99974,0.9998082,0.9997743,0.99979556,0.9997247,0.99985164,0.9998914,0.9996839,0.9998481,0.9998006,0.99943906,0.99976546,0.9998104,0.9998316,0.99984,0.9997649,0.99982816,0.9997647,0.99976295,0.9998237,0.9997855,0.9997932,0.9997501,0.99966985,0.99977654,0.999777,0.9998112,0.99980026,0.9997383,0.9996287,0.99972445,0.9997923,0.99980235,0.99969894,0.9996867,0.9997929,0.9998204,0.99979454,0.9997885,0.99981076,0.999666,0.99981093,0.9997227,0.9998283,0.9998194,0.999815,0.99978423,0.99982154,0.999779,0.99982214,0.999875,0.99981153,0.99982995,0.99979746,0.999815,0.9998406,0.999815,0.99984765,0.9998378,0.999824,0.99975395,0.9998202,0.9998165,0.99978805,0.9997714,0.9998721,0.99955416,0.99983764,0.9996769,0.9998536,0.99987245,0.99982595,0.99987006,0.99983925,0.99982077,0.9997986,0.99981225,0.99973494,0.99981105,0.99980485,0.9996887,0.99980736,0.9998085,0.999738,0.9998013,0.99983275,0.9998157,0.9997742,0.999689,0.9998016,0.9999068,0.9998961,0.9999972,0.9997128,0.9998176,0.999815,0.99989426,0.99982196,0.99975675,0.99981266,0.999409,0.99986255,0.99983865,0.9998383,0.9997907,0.99986297,0.9997942,0.99979746,0.9998242,0.9998113,0.9998283,0.9998184,0.9997976,0.9998071,0.99982065,0.9997661,0.99980617,0.99982756,0.999801,0.9996345,0.99980485,0.9998258,0.9998339,0.9998313,0.99981856,0.9998153,0.9998335,0.9998287,0.99981457,0.9998376,0.9998093,0.99985105,0.99983776,0.99977845,0.99981916,0.9998386,0.99981743,0.99978846,0.99983346,0.999851,0.99981844,0.99983835,0.99958086,0.99977094,0.99973136,0.999813,0.9997692,0.9998073,0.9998469,0.9998071,0.9997318,0.9998238,0.9992776,0.99979216,0.99983305,0.9998749,0.99977773,0.9998348,0.9997915,0.9996802,0.9998216,0.99981886,0.9998116,0.9995621,0.99972844,0.9998226,0.99981236,0.99981755,0.9997715,0.9998246,0.9997939,0.9998538,0.9998641,0.99989563,0.9998675,0.9998581,0.9998221,0.99983054,0.9997857,0.9998146,0.9998218,0.99979985,0.9998671,0.99957216,0.9998849,0.9998525,0.99984896,0.9998095,0.9998581,0.99983126,0.99983346,0.99978995,0.99986345,0.99982333,0.99980766,0.9998412,0.99975353,0.99980146,0.99973655,0.99974394,0.9998776,0.9998911,0.9998265,0.99987924,0.9997012,0.9998425,0.9998006,0.99984527,0.99986297,0.99985486,0.999874,0.9998846,0.99983835,0.9997566,0.9998597,0.99979305,0.99982476,0.99980897,0.9997852,0.99983114,0.9995817,0.9995121,0.99974656
ipip257,0.99965864,0.99969125,0.9996865,0.9996616,0.99968123,0.99970776,0.9996633,0.99967664,0.9996851,0.99966496,0.99965036,0.99971026,0.99971247,0.9997183,0.99961615,0.99970275,0.9997296,0.99962837,0.99971324,0.99972165,0.99972385,0.9996871,0.9996697,0.9996587,0.99961984,0.99970806,0.99968684,0.9997102,0.99973005,0.9997174,0.99966836,0.9997013,0.9996545,0.99968374,0.99967355,0.999678,0.99968135,0.99965686,0.9997096,0.999689,0.9996585,0.999684,0.99967384,0.9996867,0.9996248,0.9996763,0.9996796,0.99959004,0.99968183,0.9996889,0.99965495,0.99945426,0.9997185,0.9996739,0.9995832,0.9996872,0.9996009,0.9996856,0.999746,0.9996832,0.9996841,0.99969333,0.9997044,0.9996488,0.999661,0.999671,0.99970543,0.99965006,0.99967104,0.99966586,0.99965924,0.9996927,0.99965185,0.9996839,0.99976444,0.9995207,0.9996883,0.9997344,0.9997036,0.9997098,0.9996677,0.9997039,0.9996968,0.99963737,0.9997223,0.9996654,0.9996897,0.9997297,0.9996394,0.99967825,0.99970806,0.99965274,0.9997274,0.9997185,0.99962443,0.99968636,0.99963677,0.9996627,0.99970233,0.99968445,0.99973744,0.9996701,0.9997232,0.99970746,0.99972177,0.99961114,0.9997008,0.9995962,0.99970895,0.99971396,0.9996912,0.9997103,0.9997542,0.9997672,0.9997019,0.9997337,0.99974346,0.9996969,0.9997144,0.9997254,0.99969465,0.99972385,0.99970543,0.99971247,0.9996905,0.99964404,0.99969023,0.9997122,0.99962616,0.9997517,0.99966556,0.9994752,0.99967116,0.9996786,0.9996547,0.99970174,0.99968994,0.9996992,0.99967927,0.9996519,0.99965894,0.99969894,0.99969566,0.9996715,0.9997279,0.9997186,0.9997205,0.99968064,0.99963474,0.99974036,0.9996706,0.99967897,0.9996553,0.9996792,0.99966383,0.9997309,0.999717,0.9997128,0.9999985,0.999689,0.9996556,0.99971765,0.99968535,0.9996368,0.99966234,0.9993144,0.9996828,0.9996631,0.9996887,0.9997012,0.9996591,0.9996928,0.999652,0.99966115,0.9996519,0.99969345,0.9996895,0.9996856,0.99965626,0.99968046,0.99971384,0.9997046,0.9996958,0.9997055,0.99966097,0.999717,0.999687,0.9996801,0.99968797,0.9996757,0.99968964,0.9996842,0.99969184,0.9996573,0.9997197,0.9996559,0.9996958,0.9996655,0.99966687,0.9996699,0.99969953,0.9996525,0.9996864,0.99969274,0.9997045,0.999657,0.99967355,0.9995654,0.99966633,0.99965113,0.99967587,0.99969155,0.99964076,0.9997076,0.9996875,0.99965596,0.9996889,0.9993118,0.9997346,0.99971485,0.9996481,0.9996655,0.99972284,0.9996907,0.9996344,0.9996816,0.9996685,0.9997174,0.99955976,0.99964756,0.9997037,0.9997241,0.9996835,0.9996439,0.99970716,0.9997054,0.99966484,0.99970174,0.99968684,0.999706,0.99973553,0.99975127,0.9996931,0.9996294,0.9997192,0.9996933,0.9996479,0.9996498,0.99953115,0.9996805,0.9996647,0.9996641,0.99965537,0.9996745,0.999665,0.9997199,0.9996944,0.9996597,0.99969286,0.9996715,0.9997022,0.99966687,0.9997058,0.9996532,0.99963146,0.9997184,0.9996859,0.9996198,0.99970526,0.9996409,0.99967873,0.9996552,0.99968857,0.9996921,0.99970293,0.9996819,0.99967605,0.99964637,0.99964863,0.9997083,0.999629,0.99967223,0.9996681,0.99961454,0.99970996,0.99954695,0.99948895,0.99967104
ipip287,0.99991775,0.99976027,0.99984896,0.9997602,0.99986076,0.999761,0.99992776,0.9998129,0.9998915,0.999759,0.99978036,0.99987674,0.99980015,0.9997575,0.99969006,0.9998616,0.9998822,0.9997599,0.999871,0.999858,0.9998893,0.99981004,0.9998629,0.99987304,0.9997743,0.999891,0.9997438,0.999891,0.99984366,0.999845,0.9998885,0.99985546,0.9998074,0.99990875,0.99993736,0.99986845,0.9999055,0.9999251,0.99987984,0.99988,0.999745,0.9998666,0.9998222,0.99977297,0.9997169,0.9998698,0.99980927,0.999755,0.99986416,0.99974626,0.9998135,0.99938136,0.9998713,0.99977523,0.9996765,0.9997996,0.9996667,0.9997224,0.9997741,0.99985933,0.99991345,0.9998331,0.9999193,0.99981195,0.9998254,0.9997631,0.9999232,0.9998833,0.9998812,0.99977094,0.99992526,0.99987036,0.99963355,0.99982214,0.99982095,0.9993871,0.9997802,0.99987215,0.9998196,0.9998692,0.9998283,0.9999166,0.99981076,0.99988985,0.99988055,0.99993116,0.99991465,0.9997858,0.99971855,0.99988794,0.9998143,0.9999322,0.99987996,0.9997086,0.9996284,0.9997038,0.99991506,0.9998271,0.9996995,0.9996485,0.9998456,0.99991745,0.99987715,0.9998329,0.9998745,0.9996265,0.99990076,0.9997412,0.9999005,0.9999375,0.99993634,0.9998238,0.9998163,0.999839,0.9999288,0.9998096,0.9999177,0.99991924,0.99993545,0.99983996,0.9999138,0.99984705,0.99987924,0.99989307,0.99990267,0.9997962,0.99983853,0.9998761,0.99979484,0.999804,0.9999028,0.99946743,0.9997518,0.9996943,0.99988216,0.99988073,0.9998417,0.99986994,0.9999379,0.99991447,0.9999224,0.99988097,0.9997769,0.99985963,0.99988073,0.99968576,0.99987584,0.99988246,0.9996607,0.9998791,0.9999273,0.999842,0.999694,0.9996535,0.99997205,0.9998322,0.999839,0.9998176,0.999689,0.9999986,0.99969506,0.99992144,0.9998884,0.999745,0.9999235,0.99929214,0.99991196,0.9998412,0.99988,0.9998072,0.9999205,0.99972045,0.99992716,0.9998782,0.9998941,0.99991626,0.9999059,0.9998585,0.9998429,0.99989533,0.9997853,0.99982744,0.9997919,0.99982786,0.9996008,0.99983114,0.9999368,0.99993104,0.99993265,0.9998045,0.9999231,0.9999199,0.9999214,0.99990034,0.9999231,0.99993676,0.9999261,0.99993074,0.9997745,0.9998141,0.99990255,0.99993324,0.9997609,0.9999224,0.99987584,0.99982667,0.9999371,0.9995572,0.99977154,0.9997269,0.99982995,0.99986976,0.9998903,0.9998488,0.99977356,0.9997322,0.9998793,0.9992042,0.99984854,0.9998855,0.9998921,0.9998122,0.9998856,0.999813,0.9996909,0.9999184,0.9999549,0.9998989,0.9995133,0.999763,0.9998855,0.99988806,0.99989086,0.99985003,0.99991715,0.99979484,0.9998911,0.99979985,0.99987835,0.99976456,0.9998696,0.9998324,0.9999196,0.9998069,0.9998398,0.99990225,0.99975246,0.99992424,0.99946153,0.99979895,0.9998889,0.99988794,0.9997531,0.99989605,0.999809,0.99989873,0.9998698,0.9998739,0.9997583,0.99987245,0.9999228,0.9997729,0.9998602,0.9997255,0.9997537,0.9998657,0.9998092,0.99980915,0.99982756,0.9996027,0.99994063,0.9997562,0.99985224,0.9999134,0.999856,0.9998363,0.99983007,0.9998843,0.9997731,0.99986434,0.9998005,0.99990106,0.99984974,0.9997862,0.9998805,0.9995331,0.9994362,0.9997526
ipip112,0.9996824,0.99971443,0.9997173,0.9997203,0.99973756,0.9996765,0.99969447,0.9997066,0.9997421,0.9997189,0.99969155,0.9997259,0.99974275,0.99971485,0.9996625,0.9997029,0.9997382,0.9997107,0.9997351,0.9997189,0.999782,0.9996999,0.9997971,0.9997333,0.9996916,0.9997413,0.9997426,0.99976236,0.99973,0.9997079,0.9997138,0.99977356,0.9997038,0.9997392,0.99969435,0.9998133,0.9997188,0.9996928,0.99971616,0.9997312,0.9998098,0.9997705,0.999755,0.9996931,0.9996943,0.9997282,0.99975777,0.9996423,0.999732,0.9997414,0.9997362,0.99955606,0.9997779,0.99973464,0.99967724,0.999782,0.99963516,0.99971336,0.99974,0.99974746,0.99969923,0.99974436,0.99971414,0.99968123,0.99970025,0.99969465,0.9996862,0.9996553,0.99969536,0.99967074,0.99970865,0.99978906,0.9996476,0.99976677,0.99974597,0.99948794,0.99970156,0.9997203,0.9997868,0.9997674,0.9996886,0.9997233,0.99970144,0.99963796,0.9997493,0.9996663,0.99968296,0.9997333,0.99964154,0.99966425,0.99968964,0.9996802,0.99972427,0.99971884,0.9996393,0.9997021,0.99965894,0.99972624,0.9996622,0.99966383,0.99971855,0.99971294,0.9997023,0.999718,0.9997278,0.99966365,0.9996854,0.9996518,0.99974465,0.999683,0.9996952,0.99968493,0.9997522,0.99974424,0.99970955,0.99981797,0.999715,0.9997274,0.99969727,0.999749,0.9997419,0.99976295,0.99979717,0.9997728,0.9997387,0.99969995,0.9997942,0.9997609,0.99971616,0.99973714,0.9997846,0.9996246,0.9999602,0.9997178,0.9997617,0.99978983,0.9997515,0.9998076,0.9997356,0.9996765,0.99967533,0.99974036,0.9997353,0.99973863,0.9997391,0.9996986,0.9997185,0.99969023,0.9997411,0.9997216,0.9997209,0.9997521,0.9997409,0.99968654,0.9996798,0.99980813,0.99980235,0.999815,0.9996556,0.99969506,0.99999595,0.9998228,0.99973553,0.9997013,0.9996871,0.9994157,0.99977565,0.9997561,0.9997405,0.99972004,0.99972713,0.99973196,0.9996781,0.99971193,0.99970543,0.99971384,0.99971473,0.99970686,0.99973434,0.9997274,0.99974895,0.99975395,0.9997358,0.9997573,0.9996094,0.99975604,0.9997185,0.9997208,0.99972236,0.9997805,0.99970514,0.99972385,0.99972004,0.999706,0.9997322,0.99967945,0.9997441,0.99970233,0.99972975,0.9997371,0.99974567,0.9996833,0.9997243,0.9997179,0.9997663,0.99973494,0.99972725,0.99957734,0.999755,0.99972785,0.9997641,0.9996877,0.9996974,0.9997943,0.99978614,0.99974024,0.99974066,0.9993334,0.9997265,0.9997513,0.9997668,0.9996985,0.9997528,0.99975425,0.99962825,0.9997002,0.9996985,0.99975246,0.9995985,0.9996603,0.99975926,0.9997439,0.9997294,0.9996705,0.9997164,0.9997505,0.9997432,0.99979544,0.9997992,0.99981713,0.9997689,0.999761,0.9997058,0.99970186,0.9997596,0.99973404,0.9997532,0.99972826,0.99959624,0.99981856,0.9997381,0.99972886,0.99979657,0.9997533,0.99979866,0.9997617,0.99973696,0.9997727,0.99978834,0.9996969,0.99974245,0.9997329,0.9997543,0.99970984,0.99972194,0.9997785,0.9998227,0.9997208,0.9997969,0.9996918,0.9997216,0.9997445,0.9997632,0.99975365,0.9997749,0.9998071,0.9998233,0.9997207,0.99971634,0.99979025,0.9997113,0.9997011,0.99972945,0.99970424,0.99975115,0.9995641,0.9995567,0.99969274
ipip142,0.99990994,0.9998008,0.9998656,0.99980706,0.99989283,0.99979156,0.99991983,0.9998262,0.9999059,0.9998134,0.99981046,0.9998782,0.9998397,0.99979925,0.9997287,0.9998727,0.99988794,0.99979645,0.9998898,0.99985904,0.9999047,0.99981886,0.99991304,0.9998877,0.99979407,0.99989796,0.99979126,0.9999012,0.999847,0.99984926,0.99989647,0.99987876,0.9998327,0.9999118,0.99991024,0.99992996,0.99990255,0.9999195,0.99987465,0.9998881,0.9998128,0.9998905,0.9998599,0.9997934,0.9997625,0.99989295,0.99984694,0.99975705,0.99989134,0.9997842,0.9998424,0.99946946,0.99990636,0.9997971,0.99972445,0.9998513,0.99972045,0.9997673,0.9998212,0.99988246,0.9998989,0.99986434,0.9999099,0.9998278,0.99982774,0.999797,0.99990064,0.99986166,0.99986374,0.999774,0.99992925,0.9999145,0.99969214,0.999866,0.9998415,0.9994277,0.99978846,0.9998761,0.9998692,0.99990046,0.9998287,0.99991965,0.9998125,0.99986875,0.999887,0.9999128,0.9998984,0.999805,0.9997306,0.9998649,0.99982816,0.99991465,0.9998808,0.99975896,0.999673,0.9997498,0.99990183,0.999844,0.9997364,0.999682,0.9998517,0.9999199,0.99986607,0.999837,0.99988633,0.99965805,0.9998873,0.9997505,0.99989027,0.99991435,0.99992514,0.99983126,0.9998509,0.99985653,0.99992305,0.99987847,0.999909,0.9999312,0.9999151,0.99985474,0.9999201,0.999846,0.99990773,0.9999041,0.99990535,0.9998049,0.99986213,0.9998847,0.9998282,0.999818,0.9999371,0.9995132,0.9998584,0.99972975,0.9999185,0.9999298,0.99987733,0.9998996,0.9999349,0.9999047,0.9999102,0.99988496,0.9998036,0.99987847,0.9998896,0.99971026,0.99987334,0.9998649,0.9997293,0.99987686,0.9999213,0.99986786,0.99975175,0.9996942,0.9999182,0.9998987,0.99989694,0.99989426,0.99971765,0.99992144,0.9998228,0.9999981,0.9999025,0.99980485,0.99992853,0.9993946,0.9999294,0.9998664,0.9998914,0.9998296,0.9999376,0.9997666,0.9999046,0.9998913,0.99989563,0.9999155,0.9999005,0.99987376,0.99986356,0.99988824,0.9998068,0.9998516,0.9998199,0.99984884,0.999645,0.9998428,0.9999246,0.9999232,0.9999216,0.99983555,0.99990726,0.99992186,0.9999206,0.99990094,0.99992275,0.9999183,0.99992687,0.9999309,0.99979866,0.9998289,0.9999002,0.9999197,0.9997889,0.9999203,0.9999061,0.9998658,0.99993235,0.99959046,0.9997952,0.9997631,0.9998637,0.99984485,0.9998971,0.9998969,0.9998248,0.9997759,0.99988645,0.9992568,0.9998655,0.99990165,0.9999357,0.9998363,0.9998996,0.9998488,0.9997271,0.9999183,0.9999253,0.99989486,0.99955815,0.9997611,0.99989235,0.9998935,0.9999,0.9998583,0.99991757,0.9998228,0.9998995,0.9998805,0.9999342,0.99985033,0.99991226,0.9998554,0.9999148,0.9998169,0.999861,0.99989593,0.9998201,0.99993825,0.9995517,0.9998851,0.99990934,0.99990827,0.99981964,0.99991286,0.9998605,0.9999051,0.9998698,0.9999156,0.9998385,0.9998719,0.9999253,0.9997946,0.9998622,0.9997515,0.9997893,0.9999126,0.99988496,0.99984884,0.99988776,0.9996851,0.9999376,0.99980795,0.99988115,0.99992776,0.9998841,0.9998939,0.99990267,0.99988574,0.99979925,0.99991614,0.9998331,0.99990535,0.99985266,0.9998215,0.9998924,0.9995936,0.9995107,0.9997912
ipip172,0.9998456,0.99973375,0.99980694,0.999739,0.99982595,0.9997431,0.99985456,0.9997858,0.9998527,0.999747,0.9997672,0.9998464,0.99981374,0.9997627,0.99968934,0.9998397,0.9998544,0.99981946,0.9998383,0.9998187,0.99987113,0.9997719,0.99984205,0.9998295,0.99976236,0.99985254,0.9997382,0.9998632,0.9998245,0.9998085,0.9998566,0.999821,0.9998003,0.99987423,0.9998666,0.999856,0.9998815,0.9998835,0.9998444,0.9998453,0.99973637,0.99982363,0.99980986,0.9997667,0.99971384,0.9998458,0.9998047,0.9997235,0.9998578,0.99978584,0.99977964,0.9994106,0.99983,0.99974495,0.99968344,0.9997888,0.9996622,0.99971646,0.99976695,0.9998288,0.9998574,0.9998135,0.99987286,0.99979204,0.9998088,0.999749,0.99985385,0.9998141,0.99982804,0.99972904,0.9998552,0.9998463,0.9996571,0.99980897,0.99981827,0.99936974,0.99977326,0.99983543,0.99981695,0.9998446,0.9997995,0.9998584,0.9997675,0.999846,0.999842,0.9998737,0.99984944,0.99977547,0.9997306,0.99983674,0.9998081,0.9998809,0.9998555,0.99975085,0.9996512,0.99971884,0.99984646,0.99981004,0.999708,0.9996655,0.99981916,0.99987614,0.99984777,0.9998179,0.9998557,0.99960524,0.99984497,0.99971884,0.9998285,0.99985564,0.9998634,0.9998056,0.99980694,0.9998305,0.99988586,0.9998425,0.9998764,0.9999207,0.99990743,0.99981093,0.99987835,0.99982184,0.99984473,0.9998937,0.99987936,0.9997848,0.9998028,0.9998275,0.9997843,0.9997846,0.9998691,0.99954826,0.9997529,0.9997093,0.99984974,0.99984986,0.99982613,0.9998377,0.999867,0.9998518,0.9998687,0.9998504,0.9997866,0.99982965,0.99986416,0.9996739,0.9998412,0.99983346,0.99967515,0.999843,0.99987894,0.999839,0.99973154,0.9996753,0.9998865,0.99982786,0.9998172,0.99982196,0.99968535,0.9998884,0.99973553,0.9999025,0.9999965,0.99976707,0.9998681,0.9993812,0.9998614,0.9998258,0.999876,0.9998197,0.99986684,0.99974346,0.99988055,0.9998636,0.99985945,0.9998805,0.9998438,0.99981856,0.999813,0.9998503,0.99976707,0.9998061,0.9998014,0.9998093,0.9995929,0.99980396,0.99988055,0.99987924,0.9998774,0.99980074,0.9998679,0.9998618,0.99986476,0.99986225,0.9998775,0.99986213,0.9998732,0.9998643,0.9997783,0.99978405,0.99985933,0.99987507,0.999735,0.99986243,0.99984384,0.99981636,0.9998838,0.9995657,0.9997356,0.9997304,0.9998037,0.9998208,0.99985945,0.9998358,0.99977684,0.9997515,0.9998284,0.9992503,0.9998275,0.99986416,0.99985576,0.99978364,0.99984,0.9998063,0.9996609,0.999865,0.9998832,0.9998533,0.99950314,0.9997381,0.9998394,0.99985605,0.9998545,0.9998137,0.99985844,0.9998068,0.9998634,0.99984014,0.9998663,0.9997781,0.9998676,0.9997988,0.9998634,0.99978465,0.9998016,0.9998399,0.9997387,0.9998631,0.9994855,0.9997862,0.9998489,0.9998465,0.9997454,0.99985516,0.99979293,0.9998555,0.9998211,0.9998576,0.9997593,0.99982685,0.99986243,0.9997556,0.99980223,0.9997085,0.9997413,0.99983734,0.9998065,0.999794,0.99981916,0.999618,0.99985915,0.99973905,0.999856,0.9998579,0.9998399,0.9998154,0.99982214,0.9998481,0.9997619,0.99982464,0.9997919,0.99984896,0.99980074,0.9997739,0.99982864,0.9995297,0.99943715,0.9997258
ipip202,0.99973714,0.99971086,0.99975115,0.9997085,0.9997674,0.9997248,0.9997395,0.999702,0.9997959,0.9997075,0.9997407,0.9997701,0.99973625,0.99969345,0.9996849,0.99972546,0.99974155,0.99973935,0.9997471,0.9997008,0.99976784,0.9997112,0.99980706,0.99977916,0.9997616,0.9997512,0.99971306,0.99975365,0.9997251,0.99974144,0.9997891,0.99977547,0.99973804,0.99978197,0.99972236,0.99979,0.9997202,0.9997275,0.99973804,0.9997546,0.9996526,0.99974716,0.9997703,0.99966985,0.99970406,0.99977326,0.99977595,0.9997121,0.99973375,0.99968547,0.9997271,0.99944144,0.9997635,0.99966466,0.9997186,0.99971926,0.9996405,0.99969274,0.9997396,0.99976486,0.99974275,0.99974453,0.99974865,0.9997477,0.9997599,0.9997395,0.9997263,0.9997377,0.99977386,0.99970263,0.999742,0.99977833,0.9996799,0.99971545,0.99975693,0.99935704,0.9996677,0.9997254,0.9997723,0.99978995,0.9997841,0.9997755,0.9997016,0.9997324,0.9997574,0.99972945,0.99972767,0.99969757,0.99967146,0.9997087,0.99974614,0.99974835,0.9997533,0.9996974,0.99963313,0.99966866,0.99973196,0.9997799,0.99967086,0.9996141,0.9997259,0.99980825,0.9997637,0.9997618,0.99975747,0.9996246,0.9997099,0.99974376,0.99976844,0.99973375,0.9997459,0.9997517,0.9997531,0.99975526,0.9997539,0.99979407,0.99975634,0.9997946,0.9997611,0.99974066,0.9997767,0.99973464,0.999764,0.9997729,0.99973863,0.9997378,0.999725,0.99972916,0.9997862,0.9996805,0.99976325,0.99952126,0.9997366,0.9996624,0.99975526,0.9997952,0.9998083,0.9997648,0.9997436,0.99973136,0.9997419,0.99979174,0.99975485,0.9997896,0.99976254,0.9996401,0.9997243,0.9997759,0.9996651,0.9997372,0.9997855,0.99978846,0.999714,0.99967104,0.999742,0.9998025,0.9997942,0.99975675,0.9996368,0.999745,0.9997013,0.99980485,0.99976707,0.99999774,0.99976325,0.99940664,0.9997391,0.99977595,0.99972683,0.9997002,0.9997608,0.9996821,0.9997142,0.99974936,0.99978846,0.9997457,0.99974644,0.9997487,0.9997826,0.9997509,0.99968415,0.9997761,0.9997226,0.9997644,0.99958843,0.9997477,0.99976206,0.99976176,0.9997591,0.9997433,0.99973565,0.9997444,0.99974203,0.99978435,0.99977064,0.9997409,0.9997629,0.9997358,0.9997014,0.999748,0.9997568,0.9997581,0.9996862,0.9997405,0.99978113,0.99979335,0.9997942,0.9996187,0.9997313,0.99971265,0.9997433,0.99970156,0.99979675,0.9998012,0.9997368,0.9997569,0.99973667,0.99931043,0.9997462,0.9997583,0.9997872,0.9997063,0.99976194,0.9997822,0.9996456,0.99975556,0.9997496,0.99973875,0.99954194,0.9997441,0.9997434,0.9997641,0.99979544,0.9997454,0.9997601,0.99973166,0.9997985,0.99973166,0.9997884,0.9997505,0.9997567,0.99972594,0.9997333,0.9997539,0.9997182,0.99977183,0.9997388,0.99976426,0.9994798,0.99972034,0.99977934,0.99978024,0.9997196,0.9997834,0.9997467,0.99974126,0.9997179,0.99981254,0.99970937,0.9997994,0.9997516,0.99972147,0.9997068,0.999616,0.9996976,0.9997747,0.9997943,0.99983025,0.99980813,0.99968237,0.99974686,0.99974614,0.9997915,0.9997616,0.99977386,0.9997889,0.99979764,0.9997745,0.99976647,0.9997716,0.9997816,0.9997417,0.9997427,0.99978286,0.9997356,0.9995661,0.99943405,0.99969697
ipip232,0.9999153,0.9997596,0.99984384,0.9997552,0.9998744,0.9997735,0.9999252,0.9998139,0.99989474,0.9997625,0.9997752,0.9998718,0.99979186,0.9997674,0.99967337,0.9998511,0.9998852,0.9997608,0.999875,0.99985635,0.9998774,0.99982506,0.999865,0.9998786,0.99977624,0.99987906,0.99971414,0.9998729,0.9998324,0.9998355,0.99986655,0.9998375,0.99978334,0.9998898,0.9999231,0.9998874,0.99988735,0.99991715,0.9998702,0.99987733,0.9997214,0.9998417,0.9997915,0.99974686,0.999697,0.9998624,0.9997898,0.99974215,0.9998623,0.99973875,0.9998036,0.99935865,0.9998691,0.9997692,0.9996789,0.99976593,0.9996912,0.99971145,0.99978036,0.99984235,0.9999013,0.99981725,0.99990463,0.9998215,0.9998139,0.99974954,0.99990064,0.99986583,0.9998628,0.99976486,0.99992746,0.9998607,0.9996409,0.999812,0.99980795,0.9993158,0.9997583,0.99985534,0.9998035,0.999861,0.9998295,0.999914,0.999779,0.9998895,0.9998679,0.9999305,0.99989605,0.999775,0.99970496,0.9998742,0.99982977,0.99992466,0.9998796,0.99971366,0.99961805,0.99968535,0.99993724,0.9997909,0.99968,0.9996086,0.99982095,0.999918,0.99986297,0.99982256,0.9998823,0.9995758,0.9998759,0.99974877,0.99987,0.99992543,0.9999433,0.9998282,0.9998257,0.99981356,0.9999033,0.9997896,0.99990827,0.999922,0.9999123,0.9998052,0.9998948,0.9997937,0.99985415,0.9998668,0.9998921,0.9997654,0.99979556,0.9998636,0.999788,0.9997805,0.9999063,0.9994287,0.9997467,0.9996961,0.9998897,0.999887,0.9998547,0.9998594,0.9999401,0.9999493,0.9999267,0.99988496,0.99976844,0.99989545,0.9998858,0.9996881,0.99986535,0.9998638,0.9996337,0.99986285,0.9999086,0.999826,0.99967206,0.99961686,0.9999244,0.99982464,0.9998155,0.99981266,0.99966234,0.9999235,0.9996871,0.99992853,0.9998681,0.99976325,0.9999976,0.99929625,0.99990004,0.99982727,0.9998708,0.9997857,0.999931,0.9997131,0.9999137,0.9998769,0.9998737,0.99988925,0.9998936,0.99987876,0.9998381,0.9998435,0.9997481,0.99979854,0.9997448,0.99980783,0.9995843,0.9997986,0.9998985,0.9998936,0.99989337,0.99976385,0.9998916,0.9998906,0.9998946,0.9998773,0.99990654,0.9999173,0.9998989,0.9999208,0.9997284,0.999773,0.999867,0.9999234,0.99973124,0.99990034,0.9998502,0.9998172,0.99991393,0.9995416,0.999737,0.99971604,0.9998056,0.9998291,0.9998736,0.9998447,0.9997573,0.99970794,0.9998419,0.9991469,0.9998295,0.99987525,0.9998966,0.9997714,0.9998607,0.9997941,0.99966675,0.99990976,0.99991935,0.9998734,0.999447,0.99972475,0.99984694,0.99986595,0.9998917,0.99983376,0.9999108,0.9997682,0.9998764,0.99981344,0.9998736,0.9997687,0.9998678,0.999802,0.9999022,0.99977845,0.9998123,0.99987835,0.9997723,0.99992955,0.9994571,0.99981576,0.99988765,0.99988765,0.99974185,0.9998918,0.99979466,0.9998567,0.99984914,0.99988437,0.99975514,0.9998685,0.99989617,0.9997213,0.99980414,0.9996673,0.9997278,0.9998738,0.999817,0.9998196,0.99983096,0.9996012,0.99993765,0.99975336,0.99985003,0.9999079,0.99983734,0.9998348,0.9998348,0.9998707,0.99976176,0.99985874,0.999804,0.99990034,0.9998189,0.9997874,0.9998714,0.9995388,0.9994266,0.9997525
ipip262,0.99924296,0.9993125,0.99930555,0.99933267,0.99931896,0.99932694,0.999282,0.9993475,0.9993586,0.99935216,0.9995315,0.9993138,0.999431,0.9993571,0.99929714,0.9993723,0.999362,0.999315,0.99933356,0.9993572,0.9993603,0.9992682,0.9993456,0.9993115,0.99930096,0.9993769,0.9993774,0.99935484,0.99937266,0.99935704,0.9992964,0.9994502,0.9993796,0.99935544,0.99927735,0.999381,0.9993456,0.9993002,0.9993431,0.9993563,0.9994206,0.9993861,0.999336,0.9994424,0.99931264,0.9993081,0.99936223,0.99923277,0.9993306,0.9993398,0.9993715,0.9992496,0.99938345,0.9993696,0.99934185,0.99945694,0.9993233,0.99939966,0.9994136,0.99940765,0.99925745,0.99932325,0.9992672,0.9992865,0.99931306,0.99929637,0.9993084,0.9992742,0.9993086,0.9993438,0.99925375,0.9993709,0.9992738,0.9993523,0.99935466,0.9992326,0.9993515,0.99934405,0.999433,0.99938565,0.9992712,0.99932724,0.99936575,0.9992331,0.9993421,0.9992701,0.99933356,0.99935514,0.99930316,0.9993009,0.9993355,0.9992485,0.99933517,0.99934644,0.9992926,0.999344,0.99922574,0.99940985,0.9993396,0.99935526,0.9993568,0.9993014,0.9993136,0.99934405,0.9993148,0.9993501,0.9993016,0.99929404,0.9993638,0.9993002,0.99929816,0.9993086,0.9993766,0.9994466,0.99934036,0.9994294,0.9993367,0.999361,0.9993104,0.9994243,0.99934083,0.9994012,0.99934494,0.9993249,0.9993377,0.9993393,0.9993929,0.999388,0.9993628,0.9993681,0.99935216,0.99922645,0.99938,0.9992919,0.9993763,0.9993629,0.9993787,0.99946696,0.99933565,0.9992394,0.99923897,0.99933255,0.99938005,0.9993183,0.9993067,0.99934065,0.99931276,0.9993147,0.9994699,0.9993361,0.999304,0.9993679,0.9993662,0.99931043,0.9992673,0.9994142,0.9993859,0.999409,0.9993144,0.99929214,0.9994157,0.9993946,0.9993812,0.99940664,0.99929625,0.9999953,0.9993939,0.9993355,0.99936277,0.99936575,0.99929696,0.9993755,0.99926513,0.99931216,0.99934095,0.9993781,0.999309,0.99933624,0.99936885,0.9993668,0.9993629,0.999391,0.9993468,0.999395,0.999359,0.9993684,0.99933714,0.9993227,0.99933076,0.99938446,0.99932027,0.9993574,0.99937063,0.9993341,0.9993241,0.99928546,0.9993551,0.9992899,0.99938804,0.9993641,0.99938124,0.9992784,0.99936754,0.99935526,0.9993344,0.99932367,0.99932903,0.99931455,0.9993945,0.99944127,0.9993569,0.9993418,0.99933773,0.9993723,0.99944663,0.99937,0.9993703,0.99911493,0.99938995,0.99942607,0.99933255,0.9994554,0.9994054,0.9993641,0.9994032,0.9994148,0.9993204,0.99933004,0.99926054,0.9993669,0.999361,0.9993571,0.99931717,0.9992696,0.9993243,0.99937886,0.999329,0.99947053,0.99941987,0.9994138,0.99936897,0.99935746,0.9993824,0.9993785,0.9994559,0.99934936,0.99932325,0.99930334,0.99927676,0.99937844,0.99938786,0.99938834,0.9995315,0.99940646,0.9995048,0.9993502,0.999317,0.9993408,0.9993503,0.99928916,0.9993841,0.99937546,0.99938697,0.9994011,0.9994155,0.99939567,0.99942976,0.99930716,0.9993813,0.9993073,0.99930114,0.9994246,0.9993434,0.99938387,0.99935484,0.9993892,0.9994181,0.99929476,0.9992839,0.99933106,0.99937296,0.9993563,0.99935687,0.99936384,0.99941,0.999283,0.99929464,0.9993528
ipip292,0.9998906,0.99978065,0.99985325,0.99978197,0.9998708,0.9997703,0.999919,0.9998287,0.9998864,0.9997871,0.99980295,0.99984646,0.9998021,0.99976707,0.9996846,0.99983954,0.99986947,0.99974275,0.9998526,0.99985874,0.9998797,0.99979055,0.999871,0.9998628,0.9997765,0.9998886,0.99977624,0.9998835,0.99983275,0.99983436,0.999855,0.99988383,0.99982405,0.9998949,0.9999075,0.9999034,0.9999022,0.9999105,0.99984545,0.99986804,0.999821,0.9999072,0.99980265,0.9997901,0.99971807,0.9998634,0.99981666,0.9997424,0.99985963,0.99974114,0.9998331,0.9994639,0.9998918,0.9997994,0.99972254,0.9998607,0.9997021,0.9997526,0.9997845,0.9998859,0.99986845,0.9998135,0.999877,0.9997907,0.99979043,0.99974483,0.9998919,0.9998606,0.99983776,0.99976426,0.9999174,0.999893,0.99965256,0.9998476,0.9997992,0.99944276,0.999787,0.9998637,0.99986386,0.9998866,0.9997896,0.9998929,0.9998071,0.9998501,0.9998758,0.9999015,0.9998917,0.999781,0.9997074,0.9998613,0.99978495,0.99989104,0.9998513,0.9997065,0.9996284,0.99972636,0.99989206,0.99981254,0.99969095,0.99966544,0.9998318,0.9998786,0.999839,0.99980164,0.9998409,0.9996382,0.9998689,0.9997117,0.9998833,0.9999066,0.9999153,0.9998035,0.99981457,0.9998234,0.99990034,0.99981743,0.9998797,0.9999011,0.99988735,0.99983996,0.99989337,0.9998347,0.99987906,0.9998599,0.9998879,0.9997617,0.99985844,0.9998878,0.99979794,0.99979967,0.9999312,0.9994885,0.99979144,0.9996806,0.99991536,0.9998851,0.9998414,0.9999311,0.9999395,0.9998942,0.99987537,0.99984455,0.9997698,0.99983966,0.99984944,0.99968797,0.99983585,0.9998535,0.99974126,0.99986047,0.9998934,0.99981743,0.9996966,0.99964935,0.9999003,0.9998477,0.99984306,0.99986255,0.9996828,0.99991196,0.99977565,0.9999294,0.9998614,0.9997391,0.99990004,0.9993939,0.99999857,0.9998356,0.99987596,0.9997982,0.99991924,0.999746,0.99990267,0.99985766,0.9998782,0.99991053,0.99989176,0.99986297,0.9998529,0.9998763,0.99976635,0.9998376,0.99978685,0.9998389,0.9996443,0.99982274,0.9999124,0.99991256,0.9999084,0.99980646,0.9998975,0.9999108,0.99991506,0.9998801,0.9998941,0.99991155,0.9999118,0.99993354,0.9997735,0.9998237,0.9998948,0.99990165,0.99977344,0.9999155,0.99986964,0.99982107,0.9999067,0.999568,0.99977624,0.9997607,0.99983364,0.99983525,0.9998691,0.9998594,0.99982095,0.99972594,0.99987644,0.99923575,0.9998346,0.9998632,0.9999082,0.99982065,0.9998898,0.9998007,0.9997131,0.99990565,0.9999172,0.9998749,0.9995172,0.9997462,0.9998803,0.9998676,0.9998684,0.99981546,0.9998928,0.99979883,0.9998741,0.9998461,0.9998976,0.9997997,0.9998672,0.9998133,0.9999087,0.99980104,0.9998538,0.9998868,0.9997924,0.9999426,0.9995389,0.9998542,0.99992216,0.9999202,0.9998307,0.9999296,0.99987805,0.99988675,0.999866,0.99987316,0.99977505,0.9998336,0.99991727,0.99977404,0.9998595,0.9997542,0.99979013,0.9998966,0.9998524,0.99980533,0.99984294,0.9996194,0.9999524,0.99982184,0.99982816,0.9999571,0.9998428,0.9998574,0.9998762,0.9998633,0.99976146,0.9998647,0.9998206,0.9999064,0.9998558,0.99980927,0.99991226,0.9995848,0.99953306,0.9997866
ipip57,0.99981403,0.99976605,0.99979335,0.99975073,0.99981874,0.9997901,0.99982446,0.9997601,0.9998485,0.9997538,0.9997604,0.99983096,0.9997872,0.999755,0.99973625,0.99979573,0.9998336,0.9997427,0.9998374,0.99978864,0.99985546,0.999778,0.99986184,0.99985933,0.99986887,0.9998318,0.9997381,0.9998515,0.99979305,0.9998152,0.9998509,0.99983674,0.9997661,0.99990684,0.9998146,0.99987334,0.99981356,0.99981946,0.99983263,0.9998663,0.9997147,0.9998037,0.999808,0.9997162,0.9997462,0.999839,0.99988127,0.9997911,0.9998162,0.99974686,0.9997871,0.9994548,0.99981034,0.9997625,0.9997426,0.99977946,0.99964356,0.99974096,0.9997528,0.99983627,0.99984163,0.9998144,0.9998492,0.9998248,0.99985075,0.99981105,0.99982536,0.9998371,0.99988383,0.9997846,0.9998477,0.9998644,0.999686,0.999792,0.99981576,0.9994187,0.9997917,0.9998294,0.9998247,0.99984854,0.9998201,0.9998617,0.9997795,0.99981534,0.9998357,0.9998232,0.99982196,0.9997806,0.99970293,0.99981153,0.9997979,0.9998578,0.99981457,0.99974555,0.9996573,0.99970955,0.99981904,0.999824,0.99969655,0.99969345,0.9998089,0.99987185,0.99982816,0.9998409,0.99985,0.99969715,0.999844,0.9997717,0.99986506,0.9998181,0.99983305,0.9997846,0.9998032,0.9997802,0.99983793,0.9998232,0.99983585,0.99987394,0.999819,0.99981666,0.99985623,0.9997878,0.9998461,0.9998356,0.9998345,0.99979633,0.99981725,0.99979895,0.99982184,0.99977005,0.9998659,0.99961174,0.9997983,0.9997137,0.99984086,0.999845,0.99984694,0.99985105,0.99983317,0.99982625,0.9998462,0.99984646,0.9997633,0.9998207,0.9998421,0.9996598,0.99984795,0.9998827,0.99969,0.9998269,0.9998829,0.99985754,0.99981636,0.9997275,0.9998378,0.9998578,0.9998641,0.99983865,0.9996631,0.9998412,0.9997561,0.9998664,0.9998258,0.99977595,0.99982727,0.9993355,0.9998356,0.99999654,0.99983126,0.99977577,0.999863,0.99976116,0.99982846,0.99986595,0.9998505,0.9998238,0.99984914,0.99982065,0.99984914,0.99984205,0.9998055,0.99981993,0.99980754,0.99981534,0.9996377,0.9997741,0.9998578,0.99986,0.99986124,0.99984664,0.99985194,0.9998427,0.9998407,0.9998531,0.99987406,0.9998329,0.99987024,0.9998348,0.99978966,0.99986005,0.99987596,0.9998522,0.99977785,0.99983656,0.9998559,0.9998672,0.9998633,0.99964416,0.9997894,0.99973357,0.999818,0.9997894,0.99983805,0.9998343,0.99978966,0.9997609,0.99985534,0.9993399,0.99980897,0.9998585,0.99988633,0.9997606,0.9998101,0.9998312,0.999691,0.9998361,0.9998341,0.9998461,0.9995995,0.99980104,0.99984664,0.99980724,0.9998604,0.99983704,0.9998284,0.9997681,0.99991715,0.99979645,0.9998731,0.9998121,0.99984366,0.9998254,0.9998273,0.99985176,0.99979323,0.99987024,0.99978733,0.9998656,0.99951214,0.9998305,0.9998665,0.99986404,0.9997923,0.9998737,0.9998204,0.99983597,0.999815,0.9998761,0.99977744,0.99984694,0.99984324,0.9997638,0.99979126,0.99971634,0.99977386,0.99981993,0.9998434,0.9998705,0.9998512,0.9996596,0.99983716,0.9997976,0.99985194,0.9998384,0.99983495,0.99985456,0.99985355,0.9999203,0.9998354,0.9998505,0.9998138,0.999811,0.9998416,0.9997974,0.99980885,0.9996048,0.9995092,0.99971527
ipip87,0.9998588,0.9997717,0.9998212,0.9997655,0.9998572,0.99975866,0.99985886,0.99979824,0.99984926,0.99975973,0.9997668,0.9998331,0.999808,0.9997658,0.99967307,0.9998153,0.9998586,0.9997925,0.9998498,0.99983215,0.9998859,0.999805,0.999845,0.99984264,0.9997837,0.9998579,0.99975747,0.99986744,0.9998281,0.9998205,0.99984884,0.9998275,0.9997816,0.9998681,0.9998749,0.99985754,0.99986,0.99987435,0.9998497,0.99986327,0.999751,0.9998313,0.9998001,0.99976933,0.99970526,0.99984413,0.99981123,0.9997241,0.9998756,0.99976915,0.99982727,0.99946076,0.99985266,0.999795,0.9996828,0.99980277,0.99968106,0.99973154,0.9997745,0.9998265,0.9998642,0.99980795,0.99986774,0.9998012,0.9998152,0.99974066,0.99986035,0.9998216,0.9998377,0.9997488,0.99987066,0.99985075,0.999651,0.9998158,0.9997972,0.99938744,0.9997775,0.9998388,0.99980664,0.99984086,0.99979246,0.9998719,0.9997895,0.9998463,0.9998601,0.9998668,0.9998599,0.9997857,0.99969816,0.9998524,0.99979734,0.9998621,0.999855,0.9997502,0.9996356,0.9997162,0.9998636,0.99979377,0.99968207,0.9996715,0.99982387,0.99986017,0.9998376,0.99981385,0.99986154,0.99961513,0.9998414,0.9997115,0.99984545,0.99987143,0.9998714,0.9998203,0.9998165,0.9998065,0.9998728,0.9998151,0.99986297,0.9998822,0.9998687,0.99980783,0.9998742,0.9998352,0.9998521,0.9998689,0.9998956,0.9997525,0.9998085,0.9998363,0.9997661,0.99978465,0.99987715,0.9995003,0.99977547,0.9997194,0.9998733,0.9998474,0.99981856,0.9998426,0.9998752,0.99987125,0.99986714,0.99985015,0.9997747,0.9998361,0.99985427,0.9996879,0.9998413,0.9998405,0.9996794,0.9998642,0.999854,0.999801,0.9997063,0.9996486,0.99987835,0.99981976,0.99981844,0.9998383,0.9996887,0.99988,0.9997405,0.9998914,0.999876,0.99972683,0.9998708,0.99936277,0.99987596,0.99983126,0.9999964,0.9998213,0.9998843,0.9997715,0.9998913,0.9998677,0.9998479,0.9998667,0.99984854,0.9998291,0.99980545,0.9998355,0.99976766,0.999793,0.9997825,0.99980086,0.9996023,0.9998001,0.9998708,0.9998687,0.9998716,0.9997872,0.99987274,0.9998661,0.999867,0.99984837,0.99988145,0.99986434,0.999875,0.9998747,0.99975586,0.9997962,0.9998668,0.9998707,0.99975646,0.9998767,0.9998587,0.9998294,0.99986863,0.99956423,0.9997483,0.9997335,0.9998193,0.9998262,0.9998441,0.9998319,0.99978465,0.9997505,0.99981904,0.9992262,0.99982446,0.99985564,0.9998618,0.99978435,0.99985236,0.99981266,0.99966866,0.99986607,0.99986947,0.9998576,0.99951386,0.99973655,0.99985814,0.9998517,0.9998523,0.99980587,0.99987257,0.9997834,0.99986887,0.99985397,0.9998757,0.99978924,0.9998802,0.9998208,0.9998782,0.9997841,0.9998112,0.99986035,0.999782,0.999882,0.9995323,0.99984294,0.99985677,0.99985677,0.9997686,0.9998589,0.9998185,0.9998786,0.99985933,0.99985856,0.99978054,0.9998381,0.9998777,0.9997562,0.9998306,0.9997469,0.99976087,0.9998474,0.9998108,0.9997841,0.9998308,0.99960625,0.99987584,0.9997519,0.99983674,0.9998764,0.99983966,0.99982363,0.9998312,0.999856,0.99974674,0.9998403,0.99978817,0.99986213,0.9998284,0.99976647,0.99984473,0.99956524,0.9994838,0.9997419
ipip117,0.99978703,0.9997145,0.99976724,0.99971104,0.99979204,0.99972576,0.9997839,0.9997256,0.99977666,0.9997054,0.99974436,0.99978215,0.9997937,0.99973154,0.9996568,0.9997991,0.99978685,0.99971217,0.9997937,0.9997581,0.9998238,0.99973655,0.99979615,0.9997488,0.99972636,0.9998159,0.9997019,0.99980015,0.9998004,0.999784,0.999784,0.9997763,0.99972975,0.99979645,0.9997973,0.9998157,0.99982023,0.9998044,0.9998029,0.9997845,0.9997084,0.999784,0.9997574,0.9997626,0.9996765,0.99980193,0.9997614,0.9996792,0.9998099,0.9997608,0.99974406,0.9994369,0.9997947,0.9997324,0.999624,0.99974394,0.99967647,0.99971604,0.9997532,0.9997688,0.9998007,0.99979174,0.9998085,0.99974924,0.99976826,0.9997188,0.9997881,0.99974763,0.99974954,0.9996937,0.99978435,0.99979824,0.99961716,0.99975604,0.99978304,0.9993938,0.9997415,0.99979264,0.99976915,0.99978733,0.9997255,0.9998198,0.9997668,0.9997746,0.9998279,0.99978673,0.99980074,0.9997527,0.99968004,0.9997653,0.9997845,0.99980307,0.9998069,0.99976015,0.9996262,0.9996925,0.99977046,0.9997377,0.99970233,0.9996554,0.99980855,0.99979436,0.99979436,0.99978596,0.99981225,0.99962026,0.99980605,0.9996668,0.99977666,0.99980384,0.99980855,0.99978375,0.99979794,0.99981487,0.9998074,0.99978757,0.9998237,0.9998275,0.9998174,0.9997684,0.99982834,0.999801,0.99980533,0.9998216,0.99984086,0.99972034,0.9997576,0.9997761,0.99970114,0.9997512,0.99980336,0.9995192,0.9997395,0.99968374,0.9998084,0.99978906,0.99975425,0.99977744,0.9997985,0.999767,0.99978817,0.9997817,0.99975526,0.999752,0.9997948,0.9996847,0.99977666,0.9997658,0.99966574,0.99981105,0.9997886,0.9997709,0.9997061,0.99964744,0.9998088,0.999799,0.99979365,0.9997907,0.9997012,0.9998072,0.99972004,0.9998296,0.9998197,0.9997002,0.9997857,0.99936575,0.9997982,0.99977577,0.9998213,0.9999989,0.9998264,0.9998044,0.9998571,0.9998201,0.999791,0.99982363,0.999788,0.99977505,0.9997505,0.9998031,0.9997645,0.9997645,0.9997864,0.9997575,0.99961895,0.9997667,0.9998194,0.9998136,0.9998178,0.999741,0.99981284,0.99980307,0.99980915,0.99978185,0.9998298,0.9997947,0.99980897,0.9998023,0.9997419,0.99975026,0.9997897,0.9997828,0.99971724,0.99981326,0.9998108,0.99977916,0.99979466,0.9995422,0.9997047,0.99969596,0.999758,0.9998034,0.9997863,0.99977994,0.99974144,0.9997239,0.9997776,0.99926925,0.99979633,0.99980915,0.9998073,0.9997338,0.9998017,0.99975044,0.9996675,0.9998044,0.9998085,0.99979615,0.99949014,0.99970543,0.99980146,0.99982435,0.9997777,0.9997531,0.99982506,0.99976516,0.9997888,0.99978906,0.9998296,0.9997791,0.9998383,0.99979776,0.9998092,0.9997133,0.99979115,0.9997817,0.9997231,0.9997999,0.9995359,0.9997843,0.9997796,0.99978095,0.99972945,0.99978983,0.9997672,0.9998116,0.9997719,0.9997826,0.9997648,0.9997726,0.9998066,0.9997245,0.9997764,0.99969053,0.999704,0.99978757,0.9997602,0.9997168,0.9997827,0.999604,0.9997896,0.99970096,0.99977654,0.9997907,0.9997628,0.9997712,0.9997879,0.9997659,0.9996975,0.9997992,0.99969995,0.9997877,0.9997382,0.9996908,0.9997842,0.9995219,0.9994513,0.9996969
ipip147,0.9999292,0.9997826,0.9998672,0.9997893,0.9999113,0.99979883,0.99992865,0.99978346,0.99988073,0.999784,0.99979085,0.99987125,0.99978775,0.99975073,0.9996772,0.9998364,0.99986666,0.99974954,0.99986345,0.99982613,0.9998975,0.9998032,0.99991995,0.9998779,0.9998083,0.999879,0.99973434,0.9998733,0.9998226,0.9998329,0.9998844,0.9998426,0.99979115,0.99988806,0.9999089,0.999923,0.99988174,0.9999134,0.99985945,0.99987966,0.9997394,0.9998625,0.99981916,0.9997487,0.99972355,0.9998911,0.9998205,0.9997576,0.99986523,0.99972874,0.99982345,0.9993976,0.9998906,0.999762,0.9996921,0.9997847,0.999695,0.9997113,0.99978524,0.99985546,0.9999065,0.99984324,0.99990726,0.99983424,0.99982333,0.99976856,0.99988914,0.99987364,0.9998621,0.9997497,0.99995136,0.9998945,0.99965733,0.9998497,0.99980795,0.9993347,0.99975735,0.9998585,0.9998165,0.9998651,0.99982274,0.9999232,0.9998014,0.99989283,0.99987644,0.99991626,0.99989253,0.9997622,0.9996845,0.9998502,0.9998084,0.9999385,0.99987173,0.99972147,0.99961483,0.99969196,0.9999238,0.9998093,0.9996753,0.99961346,0.9998289,0.9999235,0.99985784,0.99983436,0.9998735,0.99959135,0.9998815,0.99973637,0.99986935,0.99991417,0.99993235,0.9998257,0.9998294,0.9998044,0.9998929,0.9998082,0.9998889,0.99991477,0.9999026,0.9998071,0.99991375,0.99981344,0.9998865,0.9998804,0.99991053,0.9997636,0.999811,0.9998577,0.9997991,0.9997757,0.9999482,0.9994557,0.99979204,0.9996803,0.9999302,0.9998976,0.9998549,0.99987733,0.99993277,0.9999154,0.9999245,0.9998714,0.99976593,0.9998557,0.99987835,0.9996579,0.9998567,0.99986744,0.9996502,0.99985725,0.99992263,0.99984086,0.9997008,0.99964213,0.9999264,0.9998582,0.99985397,0.99986297,0.9996591,0.9999205,0.99972713,0.9999376,0.99986684,0.9997608,0.999931,0.99929696,0.99991924,0.999863,0.9998843,0.9998264,0.9999964,0.999755,0.9999243,0.9998925,0.99988055,0.99989563,0.9998965,0.99986494,0.9998439,0.99986064,0.9997552,0.99981165,0.99978894,0.99980867,0.9995969,0.99980974,0.9999075,0.999905,0.9999038,0.99978137,0.99989843,0.99990517,0.9999097,0.99988794,0.9999179,0.9999244,0.9999165,0.99994326,0.99975234,0.99980325,0.9998746,0.9999317,0.99976796,0.99991536,0.9998933,0.9998659,0.99991363,0.99951744,0.9997403,0.99969804,0.9998273,0.9998221,0.9998835,0.99985003,0.9997651,0.9997267,0.9998571,0.9991637,0.9998276,0.99987,0.9999532,0.99978256,0.9998656,0.9998064,0.9996813,0.9999081,0.99992096,0.9998736,0.9994681,0.9997397,0.9998623,0.99987143,0.9998882,0.99985003,0.99990666,0.99977756,0.99989665,0.99983,0.9999243,0.999798,0.999873,0.9998145,0.99990416,0.99979365,0.9998172,0.99987614,0.99981576,0.9999705,0.99948853,0.9998649,0.9999087,0.99990964,0.99977005,0.99991393,0.9998222,0.9998781,0.99985784,0.99991167,0.9997898,0.9998715,0.99990934,0.9997406,0.99981743,0.999687,0.9997525,0.99988216,0.99985427,0.99984556,0.9998625,0.99961025,0.99994314,0.99977523,0.9998554,0.9999233,0.999849,0.99985707,0.9998748,0.99989086,0.99976975,0.9998885,0.9998073,0.9998976,0.9998226,0.99979275,0.9998578,0.9995528,0.9994384,0.9997604
ipip177,0.99970907,0.99974847,0.9997351,0.9997258,0.99977505,0.99975353,0.9997102,0.99972796,0.99975646,0.9997231,0.99971217,0.9997659,0.99976796,0.9997096,0.99967754,0.999736,0.99975413,0.9997172,0.9997747,0.9997207,0.99978,0.9997492,0.9997629,0.99974704,0.9997448,0.9998165,0.99974734,0.9997588,0.9997977,0.9997463,0.999741,0.9997658,0.9997069,0.9997658,0.9997118,0.9997634,0.9997368,0.9997131,0.9997641,0.9997599,0.99973094,0.9997459,0.9997669,0.999707,0.9997209,0.99978644,0.99979544,0.99968153,0.99976647,0.9997648,0.9997597,0.9995448,0.9997631,0.9997217,0.999672,0.99975425,0.9996807,0.99977475,0.9997437,0.9997576,0.99972975,0.9997508,0.9997298,0.99974173,0.99976426,0.99971455,0.99974006,0.9997076,0.9997238,0.9997584,0.999718,0.99978054,0.9996552,0.9997324,0.9997655,0.9994511,0.99973935,0.9997507,0.9997751,0.99977577,0.99973875,0.9997592,0.99974203,0.99972004,0.9998064,0.99970037,0.99973094,0.9997258,0.9996907,0.99973,0.99976987,0.9997142,0.9997594,0.999731,0.99965143,0.9997323,0.99968463,0.99974364,0.99968964,0.99967813,0.9997568,0.99973834,0.9997392,0.99976987,0.9997617,0.99967086,0.9997382,0.99965745,0.9997478,0.9997217,0.99972653,0.99974984,0.9997912,0.99977094,0.99973965,0.9997873,0.9997496,0.9997491,0.99972796,0.99973625,0.9997591,0.99977523,0.99977726,0.9997632,0.9997658,0.99970883,0.9997504,0.9997474,0.9997165,0.99973786,0.99974304,0.99957645,0.9997484,0.9996813,0.99973613,0.99976206,0.9997418,0.9997693,0.99972665,0.9996951,0.99970895,0.9997473,0.9997174,0.99972504,0.9997655,0.9997048,0.9997623,0.9997324,0.99971825,0.9997667,0.99973255,0.9997507,0.9997204,0.9996861,0.99970996,0.9997984,0.9997805,0.9997942,0.9996928,0.99972045,0.99973196,0.9997666,0.99974346,0.9996821,0.9997131,0.9993755,0.999746,0.99976116,0.9997715,0.9998044,0.999755,0.99999785,0.99972194,0.99974716,0.99973255,0.99973047,0.9997553,0.99975884,0.9997432,0.9997581,0.99976236,0.99976325,0.99976075,0.9997617,0.9996778,0.9997495,0.9997551,0.99975073,0.99975675,0.99975663,0.99974734,0.9997351,0.9997397,0.9997322,0.99978054,0.9997088,0.99976695,0.99973536,0.9997509,0.9997806,0.9997488,0.9997207,0.99974406,0.9997507,0.9997865,0.9997682,0.99973285,0.99962014,0.9997383,0.99972326,0.9997405,0.99973303,0.9997268,0.9997672,0.99976456,0.99973834,0.9997299,0.99936205,0.99975055,0.99976707,0.99975014,0.99968696,0.9997638,0.9997524,0.99964565,0.9997293,0.99972206,0.9997645,0.9995849,0.9997108,0.99977446,0.9997795,0.99974144,0.99970937,0.99975204,0.99976,0.9997723,0.9997538,0.99978846,0.9997853,0.99978656,0.99980384,0.9997321,0.99973446,0.99975526,0.9997566,0.9997716,0.99973303,0.9996318,0.9998096,0.9997585,0.999752,0.9997511,0.99975944,0.9997573,0.999765,0.9997408,0.99975574,0.9997797,0.99975824,0.999746,0.9997269,0.9997468,0.9996984,0.99971765,0.9997527,0.99977726,0.99972683,0.9997863,0.9996537,0.9997234,0.9997599,0.99975896,0.9997467,0.999768,0.9997742,0.99977267,0.9997395,0.99970096,0.999773,0.9997232,0.9997207,0.9997424,0.9996999,0.9997513,0.99960303,0.9995063,0.99968255
ipip207,0.9999144,0.9997334,0.99984324,0.9997273,0.9998534,0.999755,0.99990755,0.9997764,0.99985856,0.99972415,0.9997594,0.99984956,0.99977446,0.9997279,0.99964416,0.9998403,0.9998603,0.9997476,0.9998505,0.9998307,0.9998765,0.99978215,0.9998552,0.99984515,0.9997661,0.9998735,0.9996905,0.9998652,0.99983513,0.99981797,0.9998667,0.9998182,0.99977505,0.9998832,0.99992216,0.99986553,0.99991655,0.99991995,0.9998633,0.999867,0.9997093,0.9998347,0.9997759,0.99975485,0.9996701,0.99985784,0.9997742,0.9997284,0.99986607,0.99972594,0.99978656,0.99933344,0.9998436,0.99973756,0.9996378,0.99975175,0.9996621,0.9996847,0.9997456,0.9998245,0.9999039,0.99980855,0.9999071,0.99981016,0.99980456,0.99973315,0.99988943,0.9998599,0.99984187,0.99972415,0.9999185,0.9998563,0.9995995,0.9997951,0.9997901,0.9993101,0.999756,0.99985826,0.99978864,0.9998466,0.9997934,0.9999025,0.9997886,0.9999034,0.99987936,0.99992657,0.9999007,0.9997555,0.99968314,0.9998639,0.9998077,0.99993193,0.99986434,0.9997014,0.9995856,0.99965525,0.999919,0.9997728,0.99966216,0.99958545,0.9998395,0.9999009,0.9998623,0.99982524,0.9998631,0.99956185,0.99987614,0.99971175,0.9998495,0.9999149,0.9999215,0.9998105,0.9997943,0.99981046,0.99990326,0.9997807,0.9999035,0.9999141,0.99991274,0.99979466,0.9999071,0.99981564,0.9998635,0.9998803,0.9999168,0.99973994,0.99979365,0.99983907,0.99975115,0.9997657,0.9999085,0.999433,0.99972874,0.9996724,0.99989694,0.9998607,0.9998227,0.9998382,0.9999196,0.99992204,0.9999246,0.9998505,0.9997617,0.99982893,0.9998656,0.9996534,0.99985075,0.99985486,0.99961,0.9998675,0.99989665,0.9998055,0.9996543,0.99960905,0.99994576,0.9997993,0.99980724,0.99979746,0.999652,0.99992716,0.9996781,0.9999046,0.99988055,0.9997142,0.9999137,0.99926513,0.99990267,0.99982846,0.9998913,0.9998571,0.9999243,0.99972194,0.99999714,0.99988776,0.99988574,0.99991816,0.9998801,0.999847,0.99981093,0.9998573,0.9997445,0.9997897,0.9997703,0.99979573,0.99957216,0.9997836,0.9999179,0.9999147,0.99991536,0.9997557,0.99991006,0.99990505,0.99991167,0.99988645,0.9999126,0.9999288,0.9999005,0.99992025,0.9997377,0.9997597,0.999862,0.99991655,0.99969774,0.99991584,0.9998628,0.9998288,0.99990356,0.9994941,0.9997015,0.99969155,0.99980235,0.99985236,0.99988437,0.99982554,0.99974364,0.9997127,0.9998422,0.9991248,0.9998185,0.9998699,0.999896,0.99977696,0.9998522,0.9997792,0.99965775,0.9999011,0.99992406,0.999871,0.9994068,0.9997225,0.99985224,0.9998743,0.9998623,0.9998358,0.9999129,0.9997681,0.99987507,0.9997986,0.99987847,0.9997521,0.9998728,0.99980366,0.99991655,0.99976164,0.99981195,0.99986523,0.99973345,0.9999219,0.9994423,0.99979824,0.99986714,0.99987024,0.99972135,0.9998774,0.9997894,0.9998632,0.99984735,0.9998518,0.9997353,0.9998404,0.99989444,0.999718,0.9998093,0.9996693,0.99971926,0.999836,0.9997865,0.99977946,0.9998078,0.99954045,0.9999168,0.99971145,0.9998199,0.9998897,0.99980694,0.99980116,0.99981326,0.999861,0.99973315,0.99984956,0.9997634,0.9998921,0.99979496,0.99974495,0.9998466,0.99949574,0.9993772,0.99972326
ipip237,0.9998789,0.9997485,0.9998304,0.99974316,0.9998436,0.99976796,0.999872,0.99976665,0.999875,0.99974203,0.9997799,0.99985063,0.9997986,0.99977607,0.9996939,0.99982363,0.99986356,0.99977833,0.99987024,0.9998243,0.9998842,0.99979544,0.9998689,0.9998758,0.9998042,0.9998707,0.9997397,0.9998763,0.9998342,0.99983346,0.9998882,0.99981964,0.9997725,0.9998742,0.99987847,0.9998688,0.9998718,0.9998816,0.99986756,0.99985754,0.999721,0.9998157,0.99980754,0.9997571,0.99973136,0.999861,0.99981517,0.9997544,0.99986124,0.9997716,0.9998022,0.9993981,0.99982625,0.9997638,0.9997163,0.9997726,0.99967027,0.99971783,0.9997685,0.99984217,0.999875,0.99982846,0.9998826,0.99984837,0.9998321,0.999767,0.99986976,0.9998529,0.999849,0.99973553,0.9998896,0.99986845,0.99962336,0.99978304,0.9998125,0.9993365,0.99978334,0.9998524,0.9998327,0.9998661,0.99981976,0.9998889,0.99979556,0.9998773,0.9998743,0.9998804,0.9998726,0.99979943,0.999705,0.99984956,0.99980474,0.9998999,0.9998463,0.99971807,0.99963564,0.9996833,0.99986655,0.9998088,0.99969256,0.99963915,0.9998248,0.999906,0.9998441,0.999843,0.99987733,0.9996081,0.99987835,0.99972403,0.99983835,0.99986714,0.9998828,0.9998195,0.9998149,0.9997878,0.9998722,0.9998107,0.99987227,0.9998941,0.99987066,0.9997985,0.99990636,0.99981874,0.99986374,0.99988514,0.9999002,0.9997898,0.9998038,0.9998361,0.9998087,0.9997844,0.9998827,0.9995331,0.99977034,0.9997289,0.99987364,0.99986315,0.9998314,0.9998352,0.9998774,0.9998712,0.9998943,0.9998707,0.99978834,0.99983746,0.99986565,0.999671,0.9998615,0.9998476,0.9996536,0.9998598,0.99990195,0.99984795,0.9997505,0.9996645,0.99988925,0.9998322,0.99984616,0.9998242,0.99966115,0.9998782,0.99971193,0.9998913,0.9998636,0.99974936,0.9998769,0.99931216,0.99985766,0.99986595,0.9998677,0.9998201,0.9998925,0.99974716,0.99988776,0.9999989,0.99989307,0.9998764,0.9998621,0.9998283,0.9998295,0.999843,0.9997785,0.9998221,0.99981004,0.99982136,0.99958664,0.9997856,0.999883,0.99988645,0.9998865,0.999804,0.9998839,0.999874,0.99987674,0.999894,0.9998976,0.9998815,0.9998778,0.9998882,0.9997724,0.99979395,0.99984616,0.9998696,0.99972206,0.99988115,0.9998616,0.9998645,0.99989814,0.99957764,0.99973303,0.9997321,0.9998315,0.9998297,0.9998931,0.999851,0.99978817,0.9997597,0.9998346,0.9992281,0.9998223,0.99986863,0.99989456,0.99976295,0.99983186,0.9998297,0.9996784,0.9998708,0.99986535,0.999853,0.9994911,0.9997641,0.9998347,0.99984545,0.99985385,0.9998459,0.9998759,0.99977446,0.9998731,0.9997958,0.9998778,0.9997844,0.9998765,0.9998123,0.9998793,0.9998003,0.9998018,0.99985343,0.99976,0.9998955,0.9994784,0.99981713,0.9998757,0.9998732,0.9997656,0.9998855,0.9998092,0.9998446,0.99983835,0.99987894,0.9997773,0.9998607,0.999863,0.99975723,0.99979883,0.9996659,0.9997513,0.9998245,0.9998272,0.999825,0.9998401,0.9996055,0.99986804,0.9997409,0.9998668,0.9998635,0.99984103,0.9998246,0.9998232,0.99986494,0.9997573,0.999849,0.99980026,0.9998571,0.9997965,0.99977505,0.9998208,0.9995244,0.9994169,0.9997096
ipip267,0.9998803,0.9997596,0.99982923,0.9997648,0.9998532,0.9997696,0.9998875,0.9997851,0.9999046,0.9997688,0.9998029,0.99984896,0.99978673,0.9997462,0.9997019,0.99981767,0.99984634,0.9997828,0.999839,0.99980366,0.9998636,0.99978244,0.99985725,0.9998782,0.99979746,0.99986404,0.9997756,0.9998685,0.99981403,0.9998471,0.9999362,0.9998582,0.99982446,0.9998965,0.99987054,0.9998611,0.9998614,0.9998711,0.9998436,0.9998596,0.9997569,0.9998477,0.9998334,0.9997731,0.99975175,0.9998647,0.9998305,0.9997596,0.9998373,0.99975216,0.9998015,0.9994327,0.9998426,0.9997593,0.99979603,0.9998154,0.9996866,0.9997461,0.9997612,0.99987453,0.9998546,0.9998146,0.9998767,0.99985164,0.9998143,0.999772,0.9998763,0.99988884,0.9998759,0.99977934,0.9998869,0.9998498,0.9996523,0.99979854,0.9998014,0.99936527,0.99974626,0.9998268,0.99988717,0.9999221,0.99981457,0.9998837,0.99976945,0.9998717,0.9998471,0.9998751,0.9998645,0.99976885,0.99972034,0.99984366,0.9997962,0.9998912,0.99983424,0.99969846,0.9996448,0.9996948,0.9998751,0.9998913,0.99969673,0.9996356,0.9998077,0.9999199,0.9998295,0.99981683,0.99983996,0.9996475,0.9998535,0.99975044,0.9998555,0.9998635,0.9998798,0.9998207,0.99979526,0.9997992,0.99988323,0.9997981,0.99987334,0.99988824,0.9998839,0.99980104,0.9998988,0.9998127,0.9998619,0.9998688,0.9998674,0.9998511,0.99981815,0.9998339,0.9998912,0.9997767,0.9998802,0.99949944,0.9997559,0.99968475,0.99986404,0.99987745,0.99985635,0.99987257,0.9998829,0.99987835,0.9998827,0.99984616,0.99977064,0.99983174,0.999849,0.99965554,0.99984205,0.9998824,0.9997065,0.99984676,0.9999221,0.9998704,0.999711,0.9996555,0.9998962,0.9998227,0.99983126,0.9998113,0.9996519,0.9998941,0.99970543,0.99989563,0.99985945,0.99978846,0.9998737,0.99934095,0.9998782,0.9998505,0.9998479,0.999791,0.99988055,0.99973255,0.99988574,0.99989307,0.9999989,0.99991184,0.99986804,0.9998404,0.9998606,0.99987185,0.9997739,0.9999206,0.99981374,0.9999202,0.99964094,0.9998073,0.99990994,0.9999162,0.9999133,0.9998373,0.9998803,0.9999192,0.99991107,0.99997985,0.99988896,0.99991316,0.99988806,0.99989754,0.99980086,0.9998252,0.9998616,0.9998913,0.99974513,0.9999063,0.99986774,0.9998738,0.9999424,0.99959934,0.99976766,0.99976027,0.999829,0.9998233,0.9999589,0.9998713,0.9998542,0.9997656,0.9998406,0.9992634,0.99981666,0.9998411,0.9998778,0.99980384,0.99986327,0.99983156,0.9997042,0.9998921,0.99989337,0.99986446,0.9995385,0.99979,0.9998509,0.9998694,0.9998745,0.99984765,0.9998928,0.9998134,0.9998875,0.9997835,0.9998601,0.9997722,0.9998432,0.99978215,0.9998963,0.9998761,0.9998347,0.99988,0.99976385,0.99988455,0.9995069,0.9997908,0.999912,0.9999154,0.999801,0.99991333,0.999843,0.99984926,0.99983305,0.99988127,0.99974686,0.9998553,0.9999021,0.99986553,0.9998309,0.9997103,0.9997943,0.99983907,0.99980444,0.9998419,0.9998215,0.999618,0.9998901,0.99979895,0.9998827,0.9998802,0.99986225,0.9998234,0.999829,0.99987996,0.9997927,0.99984056,0.9998789,0.99988556,0.9998332,0.99986213,0.9998469,0.999581,0.9994355,0.99973893
ipip297,0.9999008,0.99976254,0.9998504,0.9997596,0.99985045,0.9997577,0.9999069,0.999808,0.99988,0.9997558,0.9998179,0.999864,0.99980515,0.9997569,0.9996913,0.99985,0.9998645,0.99977106,0.99985784,0.9998383,0.9998747,0.9997838,0.9998636,0.99985063,0.9997679,0.9998768,0.9997564,0.999868,0.99983007,0.99985033,0.99988097,0.99986273,0.9998257,0.99988663,0.9999054,0.9998693,0.9999004,0.9999098,0.99985033,0.9998583,0.9997728,0.9998823,0.9998184,0.99984056,0.9997032,0.9998605,0.999801,0.9997358,0.99987125,0.9997447,0.99980736,0.9994132,0.9998752,0.9997622,0.9997003,0.9998338,0.9996712,0.9997501,0.9997841,0.9998586,0.99987584,0.99982095,0.999894,0.99980515,0.9998013,0.99975294,0.9998985,0.9998605,0.9998631,0.9997536,0.9999031,0.9998757,0.9996206,0.9998199,0.99980825,0.9994239,0.9997658,0.9998679,0.9998434,0.9998722,0.99980164,0.9999061,0.9998004,0.99987334,0.9998588,0.9999085,0.9999006,0.99978036,0.99971235,0.99986136,0.9998013,0.999908,0.99985486,0.9997108,0.9996404,0.999717,0.9998864,0.99982095,0.9997117,0.9996753,0.9998504,0.9998935,0.9998517,0.99981254,0.9998488,0.99962735,0.9998757,0.99971133,0.99986607,0.99990916,0.9999193,0.9998241,0.9998144,0.99983263,0.9999113,0.99981695,0.9998954,0.9999013,0.9999042,0.99983966,0.9999165,0.9998426,0.9998801,0.9998827,0.9998983,0.9997927,0.9998472,0.9998796,0.99980706,0.9998045,0.9999022,0.99950665,0.999763,0.99969023,0.9998964,0.99987644,0.99982727,0.9998778,0.9999259,0.9998875,0.9998936,0.9998546,0.9997805,0.9998264,0.99984884,0.9996822,0.99985653,0.99987435,0.9997089,0.99986696,0.99990004,0.99983114,0.9997105,0.99965215,0.9999161,0.99983287,0.99983513,0.9998283,0.99969345,0.99991626,0.99971384,0.9999155,0.9998805,0.9997457,0.99988925,0.9993781,0.99991053,0.9998238,0.9998667,0.99982363,0.99989563,0.99973047,0.99991816,0.9998764,0.99991184,0.9999974,0.99988276,0.99984145,0.99982387,0.99987507,0.99976844,0.9998504,0.9998159,0.9998452,0.9996454,0.9998217,0.99991447,0.99991566,0.9999157,0.99979883,0.999897,0.9999525,0.9999577,0.9999092,0.9999067,0.99995166,0.9999074,0.9999125,0.9997804,0.99979955,0.99987614,0.9998898,0.999738,0.99994844,0.999867,0.9998172,0.999916,0.999543,0.9997582,0.99974275,0.9998351,0.99984926,0.99990207,0.99985516,0.9998059,0.99973124,0.99986756,0.9992289,0.99983466,0.9998687,0.99988306,0.99985826,0.9998848,0.9997941,0.9997319,0.9999286,0.9999166,0.99985653,0.9994904,0.99975044,0.9998546,0.9998815,0.9998643,0.99983954,0.99991024,0.99980474,0.9998689,0.99981546,0.9998836,0.9997767,0.9998722,0.9998197,0.99995315,0.9998063,0.9998865,0.99987924,0.9997509,0.9999032,0.99950206,0.9997998,0.9998842,0.99988973,0.9997799,0.9998932,0.9998256,0.99986523,0.99984163,0.99985653,0.99976647,0.9998403,0.99994516,0.99978113,0.99986875,0.9997462,0.99976575,0.9998746,0.99981683,0.99979377,0.9998317,0.99961656,0.9999133,0.9997661,0.9998366,0.99990636,0.9998366,0.9998305,0.99984074,0.99986136,0.9997548,0.9998578,0.9998068,0.99991786,0.9998326,0.99978936,0.9998851,0.999555,0.99944854,0.9997569
ipip1,0.9998999,0.99979204,0.99985707,0.99978155,0.99987745,0.9998084,0.99991876,0.99984497,0.99991786,0.9997894,0.99977505,0.99985385,0.99978745,0.99976754,0.9996947,0.9998319,0.9998692,0.99979025,0.99986124,0.9998375,0.99987096,0.99982834,0.9998618,0.9999387,0.9997824,0.99988896,0.9997711,0.9998829,0.99982536,0.99982417,0.9998593,0.99986845,0.999816,0.9998824,0.9998959,0.9998671,0.99989504,0.9998938,0.99985605,0.9998819,0.9997632,0.999867,0.99981934,0.9997447,0.9997428,0.9998761,0.9998201,0.99976426,0.9998668,0.999737,0.99984056,0.9994827,0.9998574,0.9998215,0.99972194,0.9998153,0.99969167,0.99979514,0.9997987,0.999865,0.9998659,0.9998186,0.999885,0.99983597,0.99982244,0.99977064,0.9999039,0.99989325,0.99984837,0.9997983,0.999896,0.99987495,0.9996721,0.9998112,0.99982136,0.9994327,0.9997781,0.99986273,0.99983835,0.9998747,0.9998102,0.99989414,0.99979675,0.9998559,0.9998637,0.99989045,0.99988174,0.9997836,0.9996992,0.9998549,0.9997911,0.999897,0.99984777,0.99972034,0.99963695,0.99972147,0.9998822,0.99981433,0.99970466,0.99964774,0.999829,0.99988353,0.99984396,0.9998136,0.9998542,0.99967664,0.9998813,0.9997443,0.9998904,0.99990046,0.9999031,0.9998139,0.99981016,0.9998364,0.9998987,0.99980456,0.9998978,0.999902,0.9998884,0.99982667,0.999886,0.9998132,0.99988383,0.99986535,0.99988383,0.9997861,0.99986637,0.9998665,0.9998065,0.9998061,0.99988234,0.9995185,0.9997695,0.9997057,0.9998725,0.9998709,0.9998464,0.9998732,0.9999053,0.99987715,0.99988234,0.9998612,0.9997799,0.99984616,0.9998678,0.99969035,0.9998531,0.99985707,0.9996964,0.99986076,0.9999003,0.999828,0.9997129,0.99968064,0.99988824,0.9998346,0.999831,0.9998184,0.9996895,0.9999059,0.99971473,0.9999005,0.9998438,0.99974644,0.9998936,0.999309,0.99989176,0.99984914,0.99984854,0.999788,0.9998965,0.9997553,0.9998801,0.9998621,0.99986804,0.99988276,0.99999624,0.9999247,0.99990785,0.9999123,0.99982417,0.9998472,0.9997882,0.9998355,0.99972177,0.9998009,0.99992126,0.9999214,0.9999272,0.999825,0.9999057,0.99989605,0.9998904,0.9998718,0.9998989,0.99990076,0.9999232,0.9999197,0.9998042,0.99983543,0.9998895,0.9999203,0.99979883,0.9998948,0.9998834,0.99983543,0.9999138,0.9996506,0.99979913,0.9997884,0.9998374,0.9998534,0.99986863,0.99985033,0.9998059,0.9997355,0.9998724,0.99929386,0.9998584,0.9998693,0.9998818,0.9997882,0.9998626,0.99981093,0.9996917,0.9998769,0.9999333,0.9999056,0.99960744,0.99978304,0.9999038,0.9998667,0.99987024,0.9998375,0.99988073,0.9997976,0.99987245,0.9997957,0.99988,0.9997935,0.9998701,0.999858,0.999885,0.99980164,0.9998318,0.9999078,0.99980384,0.99989766,0.9995248,0.9998141,0.9998815,0.99987954,0.9997775,0.9998899,0.9998124,0.9998817,0.99987775,0.99988616,0.9997826,0.99986786,0.9998931,0.99977857,0.99983954,0.9997277,0.99980015,0.9998548,0.9998178,0.9998386,0.99983597,0.999644,0.999917,0.9998089,0.99983317,0.9998965,0.9998524,0.9998412,0.99983156,0.99984926,0.9997742,0.99989676,0.9998095,0.99988574,0.999858,0.99979544,0.999862,0.9995811,0.9995004,0.999768
ipip31,0.999854,0.99978524,0.999828,0.9997673,0.9998643,0.99981916,0.99988025,0.9998444,0.9999105,0.9997813,0.9997786,0.9998341,0.9997746,0.999754,0.9996945,0.9998159,0.9998335,0.99978316,0.99983174,0.9998221,0.99983513,0.99982077,0.99983394,0.99990475,0.9997783,0.99986476,0.99976975,0.99984574,0.9998135,0.9998106,0.9998241,0.9998581,0.9998122,0.99985677,0.9998531,0.99985904,0.99984896,0.99984664,0.99983466,0.99986607,0.9997528,0.9998247,0.9997934,0.99973434,0.9997461,0.9998604,0.9998113,0.9997411,0.99983776,0.99973166,0.99983805,0.9995315,0.999841,0.99980754,0.99970883,0.9997981,0.99972385,0.9997851,0.99980044,0.99985874,0.9998256,0.99979717,0.9998374,0.99983966,0.9997874,0.9997436,0.9998671,0.99984485,0.99983597,0.99979,0.9998522,0.99982655,0.99966896,0.9997906,0.99977416,0.9994037,0.9997643,0.9998225,0.99981046,0.99984866,0.9997936,0.9998567,0.99975467,0.9998249,0.9998299,0.9998529,0.9998505,0.999752,0.9996909,0.99984026,0.9997959,0.9998471,0.9998152,0.9997212,0.99963313,0.999706,0.9998617,0.9998056,0.999683,0.999632,0.9997856,0.9998583,0.9998073,0.99979997,0.9998314,0.99966556,0.9998521,0.9997404,0.9998522,0.99985534,0.99987024,0.99979705,0.99981207,0.9997974,0.9998575,0.9997823,0.99986017,0.9998594,0.9998475,0.99979234,0.99983615,0.9997904,0.9998433,0.999829,0.99984026,0.99977237,0.99983144,0.99983966,0.99978775,0.99978846,0.9998522,0.9994776,0.99974984,0.9996765,0.999843,0.9998478,0.99983686,0.999854,0.99986774,0.9998555,0.99985045,0.999833,0.9997426,0.9998315,0.9998472,0.99971277,0.99983495,0.9998414,0.99968797,0.99984646,0.999857,0.9998095,0.99968874,0.99965405,0.9998444,0.99980867,0.9998027,0.9997976,0.9996856,0.9998585,0.99970686,0.99987376,0.99981856,0.9997487,0.99987876,0.99933624,0.99986297,0.99982065,0.9998291,0.99977505,0.99986494,0.99975884,0.999847,0.9998283,0.9998404,0.99984145,0.9999247,0.99999845,0.999904,0.99985963,0.9997909,0.9998117,0.99976665,0.99981785,0.99967587,0.99977756,0.99987406,0.99987245,0.9998787,0.99980414,0.99987227,0.9998526,0.9998491,0.99984294,0.999866,0.9998558,0.999884,0.9998833,0.99979496,0.9998297,0.9998531,0.99989873,0.9997925,0.9998629,0.9998551,0.9998329,0.9998791,0.9997022,0.9997811,0.9998165,0.99981487,0.99982333,0.9998414,0.99982744,0.99978685,0.9997315,0.99982363,0.9992788,0.9998114,0.99983287,0.99985087,0.999762,0.99983203,0.99979293,0.9996778,0.9998436,0.999886,0.9998798,0.9995989,0.99978036,0.9998673,0.999849,0.9998427,0.99981195,0.9998543,0.9997872,0.9998441,0.99979824,0.9998464,0.99977607,0.99984103,0.9997993,0.9998428,0.99978596,0.9998086,0.99986356,0.99980974,0.99985385,0.9995238,0.99980867,0.99985415,0.9998529,0.99976104,0.99985844,0.999794,0.99984217,0.9998408,0.99985576,0.9997504,0.9998353,0.99985605,0.99975723,0.9998088,0.99972075,0.99977934,0.9998376,0.9997881,0.9998009,0.99980164,0.99963266,0.9998794,0.9998108,0.9998171,0.99986523,0.9998335,0.99980724,0.99981004,0.99982053,0.9997539,0.9998315,0.9997938,0.9998511,0.9998272,0.99978477,0.99983585,0.9996193,0.9995192,0.9997636
ipip61,0.99982715,0.9997699,0.99980676,0.999772,0.99984664,0.99978197,0.9998591,0.9998165,0.99991685,0.9997902,0.99976355,0.99980986,0.9997664,0.99974716,0.9997051,0.9997885,0.999822,0.9997756,0.99981856,0.9997952,0.9998311,0.9997883,0.9998377,0.99990106,0.999784,0.9998532,0.9997949,0.99985105,0.9997962,0.9997923,0.99984366,0.9998651,0.99979794,0.9998602,0.9998236,0.99984926,0.9998321,0.9998259,0.9998107,0.999846,0.9997574,0.99983364,0.9998085,0.999711,0.9997657,0.9998422,0.99982584,0.9997789,0.9998093,0.99972796,0.9998136,0.99952996,0.9998165,0.99980783,0.9997565,0.9998187,0.9996867,0.99977183,0.99976987,0.99985975,0.9998004,0.9997973,0.9998158,0.99983245,0.9997928,0.99975634,0.99983895,0.99984926,0.9998264,0.9997836,0.99983233,0.9998336,0.9996786,0.99978465,0.99979216,0.9994316,0.9997529,0.9998086,0.9998503,0.99986905,0.99978966,0.9998408,0.9997478,0.99979764,0.999814,0.9998167,0.9998251,0.9997559,0.99970114,0.9998075,0.99976265,0.9998236,0.9997941,0.9997085,0.9996438,0.9997068,0.9998089,0.9998312,0.9996721,0.9996347,0.99976987,0.9998576,0.99979144,0.99978435,0.9998104,0.9996757,0.9998197,0.9997318,0.999853,0.99982536,0.99984086,0.99977845,0.9997851,0.9997946,0.99984115,0.9998015,0.9998324,0.99986005,0.9998296,0.9997941,0.99983925,0.99978036,0.999848,0.99983186,0.99981666,0.9997965,0.99984926,0.9998296,0.99983215,0.99978185,0.99984574,0.9995661,0.9997686,0.9996875,0.9998305,0.999852,0.99984074,0.9998663,0.9998486,0.9998184,0.9998125,0.99982476,0.99976134,0.99981827,0.99982345,0.9996756,0.9998067,0.999838,0.9997112,0.9998191,0.9998707,0.9998329,0.99974114,0.9997095,0.99982023,0.9998166,0.99981546,0.9998071,0.99965626,0.9998429,0.99973434,0.99986356,0.999813,0.9997826,0.9998381,0.99936885,0.9998529,0.99984914,0.99980545,0.9997505,0.9998439,0.9997432,0.99981093,0.9998295,0.9998606,0.99982387,0.99990785,0.999904,0.99999696,0.99986696,0.9997889,0.9998528,0.99979955,0.9998452,0.9996915,0.9997792,0.9998727,0.9998709,0.9998724,0.9998405,0.99984896,0.9998417,0.99984044,0.9998618,0.9998424,0.9998277,0.9998716,0.99986416,0.9998042,0.99984646,0.99986,0.9998686,0.99979496,0.9998371,0.9998574,0.9998468,0.9998966,0.9997384,0.99980444,0.99984634,0.99982256,0.99980426,0.9998669,0.9998543,0.99982667,0.9997586,0.99984074,0.9993622,0.99981874,0.99982584,0.99985665,0.9997468,0.9998295,0.999823,0.9996691,0.9998146,0.9998712,0.99986595,0.99963725,0.9997899,0.9998707,0.99982685,0.99983823,0.9998076,0.9998229,0.99980336,0.9998486,0.9997861,0.9998485,0.9997845,0.9998164,0.9997981,0.99982256,0.99981976,0.9998038,0.99987304,0.99979687,0.99984396,0.9995578,0.9997988,0.9998737,0.9998703,0.99980104,0.99987674,0.9998247,0.99984443,0.9998306,0.9998755,0.99975896,0.99983764,0.9998441,0.99980116,0.99980754,0.9997371,0.99979496,0.99982417,0.9998124,0.9998674,0.9998219,0.999662,0.99985886,0.99982023,0.99984956,0.99986076,0.9998563,0.999825,0.99982584,0.99983287,0.9997839,0.99983877,0.99983144,0.9998352,0.9998495,0.99981123,0.999828,0.99961275,0.9995228,0.99974257
ipip91,0.99985576,0.99976015,0.9998202,0.99976003,0.99983144,0.99975616,0.99987215,0.99982554,0.99988407,0.9997715,0.9997798,0.99982923,0.99981576,0.999758,0.9996996,0.99984074,0.9998535,0.9997641,0.9998494,0.9998174,0.9998655,0.99979377,0.9998492,0.99987197,0.9997585,0.99987483,0.9997763,0.9998834,0.99982053,0.9998148,0.9998646,0.9998759,0.9998109,0.99987924,0.9998632,0.9998418,0.99987805,0.9998627,0.99986213,0.9998597,0.9997784,0.9998435,0.9998111,0.99975586,0.9997306,0.99984723,0.99981964,0.9997326,0.9998311,0.9997631,0.99981976,0.99950147,0.99984896,0.99980944,0.9997068,0.9998296,0.9996603,0.99977046,0.99977547,0.999859,0.9998502,0.99981457,0.99986553,0.9997986,0.99982154,0.9997734,0.9998838,0.999854,0.9998255,0.9997623,0.9998502,0.999863,0.9996513,0.9998034,0.9998059,0.999469,0.9997784,0.99984324,0.99984473,0.99986345,0.9997892,0.9998713,0.9998015,0.99981594,0.9998455,0.99985653,0.9998685,0.9997987,0.99970055,0.999833,0.9997914,0.9998698,0.99982953,0.9997387,0.9996471,0.9997504,0.99983025,0.9998459,0.9997266,0.9996761,0.9998584,0.9998635,0.9998479,0.99984086,0.99982494,0.99974144,0.9998719,0.99975777,0.999889,0.9998683,0.99986845,0.99979234,0.9998047,0.9998401,0.999898,0.9998147,0.99988276,0.99987644,0.9998638,0.9998396,0.999891,0.99984455,0.9998755,0.9998604,0.9998604,0.9998175,0.9998835,0.99984926,0.999794,0.99980855,0.99985594,0.9995499,0.99976426,0.9996912,0.9998492,0.9998568,0.99984074,0.9998745,0.99987715,0.9998327,0.9998457,0.99984574,0.9997728,0.99982905,0.9998379,0.999683,0.9998307,0.99983454,0.999732,0.9998421,0.9998891,0.9998448,0.9997313,0.99969196,0.9998761,0.99984545,0.9998359,0.99982065,0.99968046,0.99989533,0.9997274,0.99988824,0.9998503,0.9997509,0.9998435,0.9993668,0.9998763,0.99984205,0.9998355,0.9998031,0.99986064,0.9997581,0.9998573,0.999843,0.99987185,0.99987507,0.9999123,0.99985963,0.99986696,0.99999845,0.9998694,0.99986464,0.9998354,0.999855,0.99967366,0.99983394,0.99995565,0.9999617,0.99996424,0.9998581,0.99991,0.9999014,0.99989116,0.99987984,0.99988765,0.9998641,0.9999159,0.9998886,0.9998491,0.999843,0.9999,0.9999031,0.9998045,0.9998799,0.9998808,0.9998367,0.99992543,0.99963295,0.9998297,0.9997924,0.99982786,0.999857,0.99987423,0.99985147,0.9998241,0.9997614,0.9998762,0.9993361,0.9998429,0.99986553,0.99985784,0.99980086,0.9998807,0.99981713,0.99970615,0.9998583,0.99994093,0.9999186,0.9996277,0.9997956,0.9999447,0.99989176,0.99984974,0.99981993,0.9998803,0.99983776,0.99986196,0.9997911,0.9998655,0.9998147,0.9998511,0.9998359,0.9998601,0.9998052,0.9998532,0.99988055,0.9997586,0.999861,0.99953973,0.99980235,0.99986064,0.9998604,0.999796,0.9998698,0.9998161,0.9998914,0.9998565,0.99985445,0.9997723,0.9998532,0.9998951,0.9998166,0.9998475,0.99976623,0.99981,0.9998428,0.99981934,0.9998098,0.99983084,0.99962604,0.9998783,0.9997911,0.999826,0.99987,0.9998421,0.9998434,0.99983865,0.99983776,0.9997657,0.99984777,0.9997952,0.9998564,0.99986356,0.999787,0.99985904,0.99957013,0.99949974,0.99975044
ipip121,0.99974364,0.99971825,0.99974465,0.9997031,0.9997537,0.9997133,0.99975824,0.9997822,0.99980855,0.9997166,0.99974096,0.9997941,0.9997906,0.9997636,0.9997138,0.9997944,0.99980336,0.9997388,0.9998187,0.9997805,0.99980074,0.9997567,0.999779,0.9997983,0.99971086,0.99981695,0.999749,0.99981475,0.999812,0.9997867,0.99977255,0.99982965,0.9997555,0.99980605,0.999773,0.9997887,0.9997954,0.99976057,0.99983054,0.9998051,0.9997581,0.999783,0.99976224,0.99971616,0.99970955,0.9997702,0.999776,0.99969286,0.99978256,0.99978155,0.99976826,0.99953604,0.9997781,0.9997971,0.99970794,0.9997817,0.9996361,0.9997898,0.9997509,0.999809,0.9997724,0.99977404,0.99977934,0.99975914,0.99979925,0.9997546,0.99981594,0.99977607,0.99976104,0.99976003,0.9997473,0.99979746,0.9996395,0.99974084,0.9997857,0.99952644,0.9997788,0.9998012,0.9998,0.99980074,0.9997584,0.99980617,0.9997663,0.99973035,0.99981314,0.99977076,0.9998085,0.99980927,0.9996955,0.99977654,0.99976987,0.9997635,0.99977887,0.99978435,0.9996583,0.9997377,0.9997186,0.9997824,0.99973637,0.9997088,0.9998156,0.9997761,0.9997988,0.99982077,0.9997982,0.99977905,0.9998253,0.99971974,0.9998319,0.99978095,0.9997792,0.9997581,0.9998131,0.9998388,0.99981534,0.99980235,0.9998371,0.99979526,0.999781,0.99981105,0.9997917,0.9997907,0.9998009,0.99978936,0.99977714,0.99978155,0.9998218,0.999799,0.9997631,0.99979514,0.99976474,0.99959403,0.9997761,0.9997453,0.9997594,0.9997893,0.99978185,0.9998011,0.99977547,0.9997301,0.99976635,0.99979043,0.99974954,0.9997536,0.99980485,0.9997151,0.99980664,0.9997589,0.9997282,0.9998144,0.99980545,0.9998003,0.9997572,0.9996961,0.99976534,0.9998048,0.9998114,0.9997661,0.99971384,0.9997853,0.99974895,0.9998068,0.99976707,0.99968415,0.9997481,0.9993629,0.99976635,0.9998055,0.99976766,0.9997645,0.9997552,0.99976236,0.9997445,0.9997785,0.9997739,0.99976844,0.99982417,0.9997909,0.9997889,0.9998694,0.9999979,0.99980456,0.9997504,0.9998059,0.9996784,0.9997739,0.99984413,0.99985224,0.9998551,0.9998296,0.99984413,0.9998007,0.99979436,0.9997797,0.9998192,0.9997512,0.9998205,0.9997816,0.99982166,0.9997921,0.99981195,0.9997886,0.99978185,0.9997783,0.9998079,0.99977046,0.99980783,0.99966663,0.9998054,0.99977255,0.9997879,0.9998305,0.9997637,0.9997953,0.99979347,0.99975246,0.99981153,0.9994157,0.9998157,0.9998319,0.99977195,0.99975675,0.99980503,0.99979615,0.9996926,0.999773,0.9998038,0.9998795,0.99968374,0.9997972,0.9998937,0.99980354,0.9997802,0.9997573,0.99979484,0.99976707,0.9997861,0.99976563,0.9997984,0.9998428,0.9998488,0.99983174,0.99976414,0.99975955,0.9998263,0.999811,0.9997325,0.9997491,0.9995706,0.9997697,0.9997753,0.9997727,0.99976945,0.999788,0.9997718,0.99982446,0.99979156,0.9997898,0.99978083,0.99979603,0.99980026,0.9997903,0.9998048,0.9997264,0.9997875,0.9997686,0.99977714,0.9997505,0.99979097,0.99966145,0.99977225,0.9997577,0.9997797,0.9997739,0.99981385,0.9997962,0.9997817,0.99975914,0.9997354,0.9997995,0.99975824,0.9997701,0.9998078,0.9997415,0.9997956,0.9995691,0.9995402,0.9996929
ipip151,0.9998071,0.99977994,0.9998063,0.9997758,0.9998141,0.99976784,0.99982023,0.99978584,0.99987197,0.9997818,0.9997958,0.99980825,0.99978936,0.9997618,0.99971104,0.9997886,0.9998122,0.99977684,0.99981743,0.9997918,0.9998338,0.9997758,0.9998291,0.99985075,0.9997647,0.99984026,0.99983525,0.9998436,0.99979955,0.99983203,0.9998828,0.9998614,0.99980956,0.999846,0.9998092,0.9998156,0.9998117,0.99980545,0.99981046,0.999819,0.9997928,0.99983954,0.99981517,0.9997731,0.99978054,0.9998266,0.9998245,0.9997451,0.9998026,0.99976104,0.9997896,0.9995527,0.99982,0.9997954,0.99981844,0.9998318,0.9996783,0.99979746,0.9997765,0.99985546,0.9997999,0.99980175,0.99982244,0.99980795,0.9997891,0.9997746,0.9998243,0.99983084,0.9998172,0.99979806,0.9998034,0.9998254,0.999685,0.99978375,0.9998095,0.99949235,0.9997463,0.9998036,0.99992377,0.9999303,0.99977714,0.9998312,0.99976206,0.9997802,0.999807,0.99979234,0.999806,0.9997791,0.99972475,0.99979573,0.9997664,0.99980354,0.9997928,0.99973226,0.99969256,0.9997406,0.9997755,0.9998793,0.999721,0.99969,0.9997892,0.9998536,0.9997969,0.9997888,0.9997981,0.99971277,0.9998023,0.9997226,0.99984026,0.9998011,0.9998235,0.9997898,0.9997969,0.9998166,0.9998274,0.99980754,0.99982625,0.9998333,0.9998322,0.99980164,0.9998467,0.9998266,0.99984944,0.99984676,0.99980724,0.99984545,0.99984187,0.99982727,0.9998828,0.9997892,0.9998126,0.9995668,0.9997816,0.9997225,0.99980026,0.9998394,0.99982786,0.99986136,0.9998231,0.99978817,0.99978966,0.99980557,0.99978733,0.99980015,0.9998173,0.99969226,0.9997999,0.99982804,0.9997819,0.99981874,0.9998562,0.99984014,0.99973834,0.99972373,0.9998155,0.9998243,0.99981797,0.99980617,0.9997046,0.99982744,0.99975395,0.9998516,0.9998061,0.9997761,0.99979854,0.999391,0.9998376,0.99981993,0.999793,0.9997645,0.99981165,0.99976325,0.9997897,0.9998221,0.9999206,0.9998504,0.9998472,0.9998117,0.9998528,0.99986464,0.99980456,0.99999696,0.99982595,0.9999753,0.9997637,0.9998332,0.99986184,0.9998714,0.9998731,0.9998484,0.9998306,0.99987674,0.99986464,0.9999367,0.99984187,0.99983555,0.9998458,0.99982876,0.99981356,0.9998223,0.999837,0.9998233,0.99977094,0.999853,0.9998511,0.99984306,0.9998893,0.9996698,0.9998136,0.99979746,0.9998188,0.99979806,0.99990916,0.99987036,0.9999134,0.9997959,0.9998177,0.9993987,0.99981654,0.9998014,0.99981326,0.99979836,0.9998675,0.99982834,0.9997242,0.99982697,0.99984145,0.9998533,0.99965644,0.99978524,0.99985015,0.99986213,0.9998396,0.99978775,0.99984837,0.99985164,0.99982995,0.99976695,0.9998201,0.9997906,0.99981403,0.9998037,0.99983084,0.9998482,0.99985904,0.9998476,0.9997676,0.9998073,0.9995993,0.99978817,0.9998614,0.9998595,0.9998147,0.99986655,0.9998344,0.99983174,0.9998161,0.99984205,0.9997705,0.999809,0.9998703,0.99994195,0.99984455,0.9997587,0.9998024,0.9998196,0.9998005,0.9998066,0.9998131,0.9996752,0.99983317,0.9998156,0.9998462,0.9998329,0.999843,0.99982065,0.9998142,0.99981177,0.9997993,0.99982774,0.9998608,0.99982345,0.99982476,0.99984556,0.9998302,0.99963623,0.9995133,0.99973774
ipip181,0.999773,0.9997309,0.99976075,0.9997454,0.99977136,0.9997497,0.9997628,0.99972564,0.99980766,0.9997347,0.99971926,0.99977976,0.99974525,0.9997086,0.9996568,0.9997472,0.99976677,0.99973065,0.99976933,0.99973786,0.9998026,0.99973464,0.9997886,0.9997919,0.999728,0.9997937,0.9997617,0.9997948,0.9997625,0.9997683,0.99983233,0.9997842,0.99973,0.99979275,0.9997593,0.9997763,0.9997658,0.9997545,0.9997636,0.99977416,0.99972236,0.9997639,0.99979335,0.9997271,0.9997193,0.99979603,0.99979216,0.99970573,0.9997644,0.9997322,0.9997591,0.9995013,0.99978197,0.99972355,0.99968296,0.999779,0.9996026,0.9997216,0.999734,0.99977845,0.9997792,0.99978,0.99979293,0.99977297,0.99975616,0.9997174,0.99976933,0.999755,0.9997814,0.99970096,0.999765,0.9998037,0.9996496,0.99975663,0.99977803,0.9994377,0.99973494,0.99978125,0.99982005,0.99982953,0.9997361,0.99979454,0.99975294,0.9997489,0.9997817,0.9997481,0.99976134,0.9997288,0.99966526,0.99974024,0.9997434,0.9997816,0.9997527,0.9997362,0.999652,0.9997059,0.9997275,0.9998084,0.99970734,0.9996723,0.99979126,0.9998136,0.9997866,0.9997773,0.99977267,0.9996595,0.9997858,0.99968183,0.99979115,0.9997705,0.9997716,0.9997488,0.99977034,0.99975705,0.9997866,0.99977475,0.99978,0.9997915,0.9997788,0.99977696,0.99981445,0.9998213,0.9998356,0.999834,0.9997954,0.9997664,0.9998103,0.9997752,0.9997726,0.99976635,0.99978966,0.9995727,0.99975973,0.9996681,0.9997643,0.9998199,0.99978775,0.9998045,0.99977607,0.99975884,0.999754,0.9997728,0.9997243,0.9997456,0.9997794,0.99965996,0.9997885,0.9997959,0.99968415,0.99977976,0.99982846,0.9998198,0.99976414,0.99972296,0.9997787,0.9998179,0.99980253,0.99982756,0.9996958,0.9997919,0.9997358,0.9998199,0.9998014,0.9997226,0.9997448,0.9993468,0.99978685,0.99980754,0.9997825,0.9997864,0.99978894,0.99976075,0.9997703,0.99981004,0.99981374,0.9998159,0.9997882,0.99976665,0.99979955,0.9998354,0.9997504,0.99982595,0.99999756,0.9998187,0.9996476,0.9997904,0.99981856,0.9998245,0.99982595,0.9998281,0.9997906,0.99982613,0.9998229,0.9998257,0.99982506,0.99978596,0.999829,0.99978274,0.9998141,0.9997814,0.99981034,0.99979013,0.99974674,0.9998228,0.99984473,0.9998248,0.9998209,0.9995921,0.99973994,0.99972266,0.9998018,0.9997483,0.9998212,0.9998339,0.9998023,0.99975264,0.9997973,0.99934715,0.9997733,0.9997828,0.9997821,0.9997557,0.9998057,0.9997931,0.9996798,0.99976987,0.9998025,0.99979776,0.9995691,0.99973065,0.9998079,0.9998341,0.9997777,0.9997492,0.9997979,0.9998436,0.99979424,0.9997526,0.99981034,0.99977505,0.9997938,0.9997984,0.9998011,0.99975866,0.9998115,0.99977994,0.9997197,0.99977857,0.9995284,0.9997817,0.99979055,0.9997887,0.9997502,0.99980235,0.99976987,0.9998069,0.99976945,0.99979556,0.999753,0.9997728,0.9998266,0.99978185,0.99979204,0.9997467,0.9997178,0.9998006,0.9997841,0.99976844,0.99978846,0.9996431,0.9997712,0.9997297,0.9998086,0.99977857,0.99981064,0.9997774,0.9997846,0.9997803,0.99974495,0.9997861,0.99974847,0.9997719,0.99975985,0.99973935,0.9997784,0.9995585,0.9994639,0.99969095
ipip211,0.99980396,0.9997777,0.9998017,0.99977344,0.999814,0.9997672,0.9998199,0.9997965,0.99987406,0.9997808,0.9997948,0.99981314,0.9997859,0.9997623,0.9997123,0.9997862,0.9998157,0.9997733,0.9998152,0.99980634,0.999831,0.99978054,0.99981827,0.9998506,0.9997584,0.9998332,0.9998328,0.99983805,0.9998061,0.99983174,0.9998771,0.9998608,0.9997997,0.9998434,0.9998142,0.9998094,0.9998133,0.99980325,0.99981326,0.99981666,0.9997904,0.99983174,0.99980974,0.99976647,0.9997703,0.99981993,0.999821,0.99974275,0.99979854,0.9997655,0.99979055,0.9995439,0.9998235,0.9997976,0.9998205,0.9998299,0.99968225,0.99979746,0.9997699,0.9998506,0.9998061,0.9997904,0.9998259,0.99981165,0.99978596,0.99976075,0.9998341,0.9998224,0.99982023,0.99979824,0.99980205,0.9998148,0.99967337,0.99978405,0.99980825,0.9994799,0.99975216,0.99980325,0.9999102,0.99992156,0.9997831,0.99983037,0.9997583,0.99978346,0.99981636,0.9998023,0.99981457,0.9997788,0.9997206,0.99980646,0.9997634,0.99980557,0.99980414,0.99974185,0.99967754,0.9997373,0.9997816,0.999881,0.9997106,0.99968606,0.9997898,0.9998524,0.99980354,0.9997861,0.99980885,0.99970984,0.9998069,0.9997274,0.9998473,0.999812,0.9998268,0.9997888,0.9998001,0.9998157,0.9998345,0.99980456,0.9998288,0.9998296,0.99983287,0.9998051,0.9998446,0.99982834,0.99983764,0.99984264,0.9998097,0.9998384,0.99983853,0.9998367,0.9998798,0.9997927,0.99982,0.9995613,0.9997833,0.9997235,0.999803,0.999836,0.99982417,0.9998634,0.9998274,0.9997965,0.9997925,0.9998098,0.9997757,0.99980927,0.999818,0.99970436,0.99980843,0.9998258,0.999772,0.9998251,0.99985665,0.9998388,0.9997285,0.99971586,0.99982095,0.9998097,0.99980384,0.999801,0.9997055,0.99982786,0.9997573,0.99984884,0.9998093,0.9997644,0.99980783,0.999395,0.9998389,0.99981534,0.99980086,0.9997575,0.99980867,0.9997617,0.99979573,0.99982136,0.9999202,0.9998452,0.9998355,0.99981785,0.9998452,0.999855,0.9998059,0.9999753,0.9998187,0.9999986,0.99974936,0.9998371,0.9998566,0.99986655,0.99986774,0.99984586,0.9998319,0.9998743,0.9998618,0.99993336,0.9998412,0.99983484,0.9998439,0.9998258,0.99980813,0.9998173,0.99984425,0.9998221,0.999773,0.9998518,0.9998396,0.99983424,0.9998881,0.9996702,0.9998086,0.99980456,0.9998103,0.9997965,0.9999044,0.9998642,0.99990654,0.9997894,0.9998137,0.99938256,0.9998128,0.99980515,0.99980694,0.9998004,0.99987006,0.9998349,0.99972105,0.9998311,0.99984056,0.99986935,0.99964404,0.99978036,0.9998565,0.9998618,0.99983907,0.9997886,0.99985385,0.99985176,0.99983346,0.99978274,0.99981856,0.99978966,0.9998198,0.99980515,0.99983734,0.9998467,0.99986345,0.9998461,0.99977183,0.99980587,0.9995875,0.9997925,0.99985546,0.99985677,0.99981374,0.99986565,0.999841,0.9998403,0.9998193,0.99984133,0.99977654,0.99981034,0.9998722,0.99994653,0.99985343,0.99976933,0.999799,0.9998234,0.99979854,0.99979794,0.99981123,0.99965924,0.99983513,0.9998141,0.99984854,0.99983704,0.99984556,0.99981946,0.99981076,0.9998134,0.9997919,0.99981624,0.99986535,0.99983174,0.99982685,0.99985224,0.99983424,0.99963784,0.9995181,0.9997458
ipip241,0.99959797,0.99968535,0.9996614,0.9996522,0.99965435,0.9996872,0.9996175,0.9996509,0.99966806,0.9996685,0.9996617,0.99963325,0.9996483,0.9996318,0.9995891,0.9996239,0.99964213,0.9996093,0.9996456,0.99964,0.99964684,0.99964005,0.99963135,0.9996696,0.999597,0.99967057,0.9997043,0.9996565,0.99964935,0.9996826,0.9996166,0.99971044,0.99963903,0.9996363,0.9995977,0.999627,0.9996357,0.9995936,0.9996325,0.9996395,0.99965864,0.9996925,0.9996293,0.9996267,0.99964064,0.9996396,0.99966246,0.9995958,0.9996449,0.99960274,0.99964833,0.9995709,0.99965364,0.9996815,0.9996735,0.9996892,0.9995835,0.9997636,0.9996868,0.9996936,0.9995968,0.9996428,0.99961543,0.999627,0.99961865,0.9996425,0.9996404,0.9996691,0.999623,0.9997354,0.9995755,0.99963856,0.99959695,0.99961406,0.99970454,0.999496,0.9996129,0.99964225,0.9997483,0.99973273,0.9995915,0.99963784,0.9996305,0.9995681,0.99964136,0.9995835,0.9996253,0.9996549,0.9996207,0.99961686,0.99961156,0.99957925,0.9996401,0.9996168,0.9996237,0.9996359,0.9995534,0.9996773,0.99963987,0.9996007,0.9996613,0.9996106,0.9996244,0.99961567,0.99963063,0.9996069,0.9996259,0.9995436,0.99967176,0.99962676,0.9996235,0.99961036,0.99965787,0.9997069,0.9996367,0.9996555,0.9996392,0.9996433,0.999637,0.999666,0.9996225,0.9996494,0.9996576,0.99963,0.9996218,0.99960876,0.9996721,0.9996675,0.99967396,0.999645,0.999606,0.9994565,0.99961954,0.9996164,0.99960196,0.99963987,0.9996334,0.9997242,0.9996136,0.99954844,0.9995626,0.99960583,0.9996617,0.9995895,0.9996442,0.99962604,0.9996159,0.9996332,0.9997083,0.9996469,0.99961716,0.9996186,0.9996076,0.9996249,0.9995778,0.99965304,0.9996367,0.9996345,0.99966097,0.9996008,0.9996094,0.999645,0.9995929,0.99958843,0.9995843,0.999359,0.9996443,0.9996377,0.9996023,0.99961895,0.9995969,0.9996778,0.99957216,0.99958664,0.99964094,0.9996454,0.99972177,0.99967587,0.9996915,0.99967366,0.9996784,0.9997637,0.9996476,0.99974936,0.99999934,0.9996551,0.99964535,0.9996411,0.99965477,0.9996575,0.9996338,0.9996551,0.9996554,0.99965906,0.99963915,0.9996136,0.99964523,0.9996222,0.9996427,0.99967355,0.99964744,0.9996007,0.99965584,0.99964756,0.9996693,0.9996285,0.9996277,0.9996281,0.99965763,0.99968374,0.99965495,0.99961567,0.99964875,0.9996704,0.9997593,0.9996345,0.99964136,0.99944836,0.99972457,0.9996283,0.999597,0.9996361,0.99968463,0.99964416,0.99965805,0.99963737,0.9996248,0.9996637,0.99960333,0.99964005,0.9996723,0.9996758,0.9996472,0.99960655,0.999645,0.9996971,0.99962574,0.9996146,0.9996365,0.99964,0.9996505,0.99971217,0.9996382,0.99967885,0.9997021,0.9996843,0.99964887,0.9995822,0.9995742,0.99962556,0.99967045,0.99966735,0.99969685,0.99968,0.9996939,0.99965066,0.99964607,0.9996306,0.99964017,0.9996071,0.9996641,0.99971956,0.9996901,0.999638,0.9997161,0.9996479,0.9996331,0.9995995,0.9996425,0.99963135,0.99963313,0.9997341,0.9996204,0.999655,0.9996482,0.99965256,0.999636,0.99959207,0.9996241,0.99968636,0.999675,0.9996444,0.9996661,0.9996593,0.9996765,0.9995978,0.99950755,0.9996354
ipip271,0.9998097,0.99975926,0.9997902,0.99974996,0.9998044,0.99973947,0.9998025,0.99977213,0.9998163,0.99973863,0.99975026,0.999823,0.99979717,0.9997596,0.9996984,0.99979496,0.9998075,0.99972534,0.99981666,0.9997942,0.9998402,0.99980277,0.9998164,0.9997791,0.99971986,0.99980754,0.9997569,0.99981856,0.9997917,0.99978596,0.9998295,0.9998186,0.99974054,0.9998113,0.9998121,0.9998044,0.9997947,0.9997903,0.99980557,0.9997799,0.9997561,0.99980843,0.9997792,0.9997428,0.99971306,0.99980414,0.99978834,0.9997116,0.9997992,0.99974555,0.99977297,0.9994849,0.9998364,0.9997447,0.9996712,0.9997894,0.99965185,0.9997255,0.99977136,0.99979544,0.9998302,0.9998144,0.99984586,0.9997534,0.9997943,0.9997513,0.99982977,0.99977094,0.999774,0.99971884,0.99980783,0.99982435,0.9996375,0.99980754,0.9998184,0.9994733,0.9997286,0.99979424,0.9998074,0.99982375,0.99976665,0.999829,0.9997697,0.999766,0.99980396,0.9998018,0.99980825,0.99977773,0.99969685,0.9997916,0.99976814,0.9997983,0.99983835,0.9997563,0.999664,0.9997618,0.99977565,0.99978405,0.9997106,0.9996557,0.99981076,0.999823,0.9998145,0.999791,0.9998186,0.99966294,0.99979097,0.9997005,0.99983126,0.9998203,0.99982643,0.999775,0.9998227,0.9998233,0.9998341,0.9998033,0.9998327,0.9998153,0.9998246,0.99980885,0.9998607,0.9998719,0.99984735,0.9998625,0.9998154,0.9997675,0.99980724,0.9998251,0.99974537,0.99977815,0.99981916,0.9995537,0.9997897,0.9997129,0.99980295,0.99981886,0.9997688,0.9998293,0.9998306,0.99977887,0.999799,0.9998084,0.9997792,0.99979824,0.9998232,0.9997067,0.99978834,0.99977297,0.9997125,0.999793,0.99981487,0.99979514,0.999715,0.99974114,0.9998378,0.99979883,0.9997965,0.99980485,0.999717,0.99983114,0.99975604,0.9998428,0.99980396,0.9997477,0.9997986,0.9993684,0.99982274,0.9997741,0.9998001,0.9997667,0.99980974,0.9997495,0.9997836,0.9997856,0.9998073,0.9998217,0.9998009,0.99977756,0.9997792,0.99983394,0.9997739,0.9998332,0.9997904,0.9998371,0.9996551,0.99999696,0.9998362,0.999838,0.9998394,0.9997768,0.99981594,0.9998276,0.99982774,0.99982095,0.9998316,0.999801,0.9998194,0.99980634,0.9997351,0.9997662,0.99982816,0.99979776,0.9997431,0.9998202,0.99984276,0.99977684,0.99984187,0.99956936,0.9997765,0.9997316,0.9997903,0.99978834,0.99980927,0.99988204,0.9998134,0.999771,0.99979293,0.9992759,0.9997912,0.9998042,0.99979407,0.99976426,0.99987465,0.9997999,0.9996837,0.999803,0.9998367,0.9998324,0.999582,0.9997238,0.9998294,0.9998703,0.99984837,0.9997772,0.99986535,0.9998334,0.99981505,0.99979097,0.99981034,0.9997752,0.99981195,0.9997971,0.9998118,0.99975115,0.99982333,0.9998181,0.99975246,0.9998065,0.99954784,0.9997893,0.99979645,0.9997907,0.9997529,0.999805,0.99976957,0.99983,0.9997967,0.9998076,0.99977386,0.9997966,0.9998385,0.99979633,0.99981093,0.99972606,0.9997252,0.99985033,0.9998301,0.9997576,0.99983054,0.99966943,0.99983656,0.9997576,0.9998014,0.99984837,0.9998285,0.99983567,0.9998156,0.99979734,0.99978817,0.9998113,0.99975634,0.9998057,0.9998093,0.99974054,0.99983436,0.99957275,0.99948686,0.99973536
ipip6,0.9999093,0.9997774,0.99985236,0.9997754,0.9998664,0.99977535,0.9999137,0.9998327,0.99990034,0.99978536,0.99979883,0.99985725,0.99982625,0.9997746,0.99970907,0.9998714,0.9998825,0.99977034,0.99987775,0.9998447,0.9998954,0.9998057,0.9998761,0.99988544,0.9997891,0.99990267,0.99977124,0.99990547,0.9998473,0.99984235,0.99990404,0.999881,0.9998188,0.9999179,0.9999131,0.9998792,0.999926,0.9999143,0.99989843,0.999894,0.9997755,0.9998624,0.9998244,0.9997636,0.99974114,0.99987954,0.9998315,0.9997604,0.9998638,0.99976784,0.99983126,0.99944884,0.9998685,0.9998034,0.9997072,0.9998338,0.9996956,0.9997519,0.9997827,0.99988556,0.99989337,0.9998306,0.9999046,0.999831,0.9998374,0.99978954,0.9999204,0.99988884,0.99985933,0.9997701,0.9999092,0.9998809,0.99964833,0.9998226,0.99982387,0.9994269,0.99978715,0.9998695,0.9998517,0.99987876,0.99981356,0.99991345,0.9998162,0.9998783,0.9998763,0.99991846,0.9999197,0.9998142,0.9997197,0.99986666,0.9998173,0.99991834,0.99986583,0.9997305,0.99964035,0.9997369,0.99989057,0.9998415,0.99972564,0.9996559,0.9998778,0.9999039,0.99987316,0.9998568,0.99985933,0.99968874,0.99990183,0.99975276,0.999901,0.9999085,0.9999129,0.9998195,0.9998171,0.99985,0.9999375,0.9998215,0.99991816,0.99991745,0.9999133,0.9998475,0.99993527,0.9998521,0.9998901,0.9998854,0.9999014,0.9998203,0.99987173,0.999868,0.99980986,0.9998175,0.9999037,0.99951357,0.99977,0.9996972,0.99989384,0.9998846,0.9998587,0.9998836,0.9999164,0.99989074,0.9999036,0.9998754,0.9997952,0.99985117,0.99987346,0.999686,0.99985963,0.99986833,0.99969614,0.9998683,0.999924,0.9998545,0.9997173,0.9996818,0.9999295,0.9998413,0.99984705,0.9998258,0.999687,0.9999368,0.9997185,0.9999246,0.99988055,0.99976206,0.9998985,0.99933714,0.9999124,0.9998578,0.9998708,0.9998194,0.9999075,0.9997551,0.9999179,0.999883,0.99990994,0.99991447,0.99992126,0.99987406,0.9998727,0.99995565,0.99984413,0.99986184,0.99981856,0.9998566,0.99964535,0.9998362,0.99999756,0.9999845,0.9999868,0.9998541,0.9999496,0.99993706,0.9999387,0.9999195,0.999922,0.99991816,0.9999368,0.99993753,0.99982244,0.9998438,0.99991584,0.99993205,0.9997885,0.99992085,0.999892,0.9998554,0.9999466,0.99959934,0.9998007,0.9997678,0.9998423,0.99986696,0.99991035,0.999863,0.9998112,0.9997651,0.99989253,0.9992729,0.9998641,0.9998909,0.9998959,0.99981105,0.99989724,0.99983233,0.99971116,0.9998994,0.99996096,0.9999199,0.9995677,0.99979323,0.999931,0.99990284,0.99987906,0.9998568,0.99992245,0.9998245,0.9998934,0.9998028,0.999888,0.99980235,0.9998745,0.9998362,0.99990696,0.9998202,0.9998567,0.9998992,0.9997673,0.9999099,0.9995228,0.9998146,0.999897,0.99989617,0.9997893,0.9999032,0.99982387,0.9999084,0.9998788,0.9998822,0.9997764,0.99987763,0.9999283,0.999804,0.9998567,0.9997533,0.99981046,0.99986017,0.9998303,0.9998249,0.999846,0.9996039,0.99992365,0.99978364,0.99984837,0.99990886,0.9998541,0.9998489,0.9998449,0.9998765,0.9997757,0.9998655,0.99980813,0.9998931,0.999861,0.9997922,0.99987304,0.9995622,0.99946827,0.9997669
ipip36,0.99990344,0.9997716,0.99984694,0.99976987,0.99986166,0.999775,0.9999159,0.99983793,0.99990726,0.9997809,0.99979264,0.9998601,0.99982005,0.99976885,0.99970615,0.99986386,0.99987715,0.9997783,0.99987483,0.99984545,0.99989074,0.99981105,0.99987537,0.99989,0.9997855,0.99989873,0.99977565,0.9999042,0.99983877,0.9998449,0.9999055,0.99988556,0.9998305,0.9999148,0.99990845,0.99987435,0.9999169,0.999911,0.9998932,0.99989074,0.99977773,0.99986535,0.99982744,0.999763,0.9997375,0.99988025,0.9998329,0.99975634,0.9998625,0.9997677,0.9998333,0.9994544,0.99986744,0.99980515,0.9997216,0.9998401,0.99968183,0.99975854,0.9997828,0.99988866,0.99989116,0.99982965,0.9999099,0.9998354,0.9998367,0.9997868,0.9999198,0.9998933,0.9998613,0.9997718,0.9999085,0.99988663,0.9996531,0.9998261,0.99981743,0.99942034,0.99978673,0.99986774,0.9998607,0.9998898,0.99981844,0.99991053,0.99980795,0.99987376,0.999873,0.99991345,0.99991083,0.99980974,0.9997158,0.9998669,0.9998149,0.99991447,0.99985987,0.99973094,0.99964225,0.99972904,0.9998915,0.9998502,0.9997261,0.99965614,0.9998758,0.99990505,0.9998714,0.9998553,0.99985564,0.9996969,0.99990004,0.9997633,0.99990004,0.9999053,0.9999113,0.99981725,0.9998165,0.9998416,0.9999307,0.9998223,0.9999158,0.9999137,0.9999059,0.99984175,0.9999253,0.9998485,0.9998918,0.9998884,0.9998982,0.99982107,0.9998776,0.9998698,0.99982,0.9998185,0.999899,0.9995109,0.99977064,0.99969774,0.9998897,0.9998847,0.9998605,0.9998843,0.9999164,0.9998898,0.99990433,0.9998727,0.9997883,0.99985236,0.9998727,0.9996804,0.9998619,0.99986935,0.999702,0.9998662,0.9999226,0.99985605,0.9997187,0.9996809,0.9999289,0.9998461,0.99985164,0.9998339,0.9996801,0.99993104,0.9997208,0.9999232,0.99987924,0.99976176,0.9998936,0.9993227,0.99991256,0.99986,0.9998687,0.9998136,0.999905,0.99975073,0.9999147,0.99988645,0.9999162,0.99991566,0.9999214,0.99987245,0.9998709,0.9999617,0.99985224,0.9998714,0.9998245,0.99986655,0.9996411,0.999838,0.9999845,0.99999726,0.99998796,0.9998553,0.99994504,0.99994427,0.9999323,0.9999264,0.99992174,0.99992007,0.9999351,0.9999373,0.99982834,0.9998445,0.9999148,0.99993515,0.99978834,0.9999213,0.99989617,0.9998622,0.9999535,0.9996002,0.99980646,0.9997697,0.9998427,0.9998696,0.999913,0.9998689,0.99982333,0.99976003,0.9998861,0.99927497,0.9998571,0.999886,0.999895,0.99981326,0.9998963,0.9998322,0.9997079,0.9998977,0.99995863,0.99992436,0.999577,0.9997973,0.99993616,0.9999016,0.9998838,0.9998611,0.9999206,0.999826,0.9998946,0.9998035,0.9998865,0.9998101,0.9998796,0.9998362,0.9999029,0.99982285,0.99985707,0.99990034,0.99976575,0.9999066,0.9995189,0.99981856,0.999894,0.99989533,0.9997887,0.9999034,0.99982446,0.99990416,0.9998782,0.9998829,0.9997801,0.99988014,0.9999235,0.999812,0.99985915,0.9997473,0.9998151,0.9998655,0.9998278,0.99983,0.9998455,0.9996127,0.9999221,0.99978954,0.99985176,0.99990493,0.99986243,0.9998506,0.9998463,0.9998756,0.99978155,0.9998684,0.9998165,0.9998979,0.9998672,0.9998046,0.99987364,0.9995594,0.99946034,0.9997586
ipip66,0.9999061,0.9997784,0.9998493,0.9997723,0.9998628,0.99977833,0.99991184,0.9998358,0.999904,0.9997829,0.9997928,0.99985653,0.9998252,0.9997757,0.999705,0.9998661,0.9998815,0.9997794,0.99987876,0.9998457,0.9998952,0.9998085,0.99987626,0.9998925,0.9997853,0.9999033,0.99977446,0.9999068,0.9998465,0.9998432,0.99990696,0.9998849,0.999826,0.9999097,0.9999083,0.9998757,0.9999177,0.9999098,0.9998967,0.99989194,0.99978215,0.9998648,0.99982774,0.99976575,0.9997387,0.99987996,0.9998325,0.9997562,0.9998591,0.9997741,0.99983186,0.99946445,0.99986416,0.99981207,0.99971336,0.99984044,0.9996869,0.9997622,0.9997847,0.9998853,0.9998887,0.999827,0.999906,0.99983037,0.9998405,0.9997878,0.9999239,0.99989337,0.9998609,0.99977523,0.9999081,0.99988323,0.99965626,0.99982035,0.99982244,0.9994335,0.99978834,0.99986875,0.9998558,0.999884,0.9998143,0.9999097,0.9998109,0.9998721,0.9998757,0.9999139,0.99991506,0.9998156,0.99971414,0.9998701,0.9998144,0.9999137,0.9998593,0.999734,0.9996427,0.99973536,0.9998845,0.9998456,0.9997278,0.9996593,0.99987584,0.99990356,0.9998736,0.9998567,0.99985695,0.9997028,0.99989885,0.9997594,0.99990124,0.9999078,0.999912,0.99981624,0.99981964,0.9998472,0.99993575,0.9998228,0.9999164,0.99991316,0.9999068,0.99984825,0.9999295,0.99985206,0.99989235,0.9998869,0.9999024,0.9998242,0.9998811,0.9998714,0.9998113,0.9998228,0.99990004,0.99951786,0.9997758,0.9997014,0.99989253,0.9998861,0.9998604,0.9998828,0.99991256,0.9998892,0.9999017,0.99987245,0.99979407,0.99984765,0.9998709,0.99968874,0.9998636,0.9998684,0.99970233,0.99987435,0.99992025,0.99985427,0.9997209,0.9996817,0.9999264,0.9998466,0.9998523,0.9998313,0.99968797,0.99993265,0.99972236,0.9999216,0.9998774,0.9997591,0.99989337,0.99933076,0.9999084,0.99986124,0.9998716,0.9998178,0.9999038,0.99975675,0.99991536,0.9998865,0.9999133,0.9999157,0.9999272,0.9998787,0.9998724,0.99996424,0.9998551,0.9998731,0.99982595,0.99986774,0.99965477,0.9998394,0.9999868,0.99998796,0.99999654,0.9998592,0.9999469,0.99993664,0.9999359,0.99992174,0.9999224,0.9999174,0.99993944,0.9999398,0.99983674,0.99984825,0.9999186,0.999935,0.9997911,0.9999246,0.99989676,0.9998606,0.9999489,0.9996071,0.99980676,0.99977475,0.9998455,0.99987125,0.999912,0.99986756,0.99982154,0.99976444,0.9998915,0.9992816,0.99986356,0.999887,0.9998928,0.9998118,0.99989355,0.9998281,0.99970955,0.99989843,0.9999612,0.9999279,0.9995833,0.9998014,0.99993896,0.9999014,0.9998789,0.9998566,0.9999237,0.99982685,0.9998913,0.99980277,0.99988675,0.99981356,0.99987775,0.99984235,0.99990356,0.99982166,0.99986285,0.99990106,0.9997654,0.9999055,0.9995302,0.999819,0.99989134,0.9998917,0.99978936,0.99990165,0.9998256,0.9999086,0.99988306,0.9998798,0.9997815,0.9998794,0.999926,0.9998147,0.9998602,0.9997598,0.99981725,0.9998631,0.9998311,0.99982506,0.9998462,0.9996142,0.99992424,0.9997894,0.99984854,0.99990624,0.9998591,0.9998486,0.99984527,0.9998713,0.99978125,0.99986875,0.9998088,0.9998926,0.99986565,0.99979347,0.99987376,0.9995615,0.99946755,0.9997577
ipip96,0.9997484,0.9997446,0.9997419,0.9997545,0.9997736,0.99973994,0.99978304,0.99977916,0.9998454,0.99976975,0.9997447,0.9997809,0.99977785,0.9997487,0.9996807,0.9997626,0.9997965,0.99975437,0.9997888,0.9997701,0.99982,0.99974066,0.9997963,0.9998426,0.9997745,0.9998257,0.99979836,0.9998387,0.9997873,0.9997813,0.99982667,0.99983054,0.99976456,0.9998537,0.99977165,0.9998099,0.9997944,0.999779,0.9997936,0.9998333,0.99977946,0.9998007,0.99981534,0.9997283,0.99975085,0.99979836,0.99983585,0.99970686,0.9997774,0.9997645,0.9997885,0.99956656,0.99977505,0.99980867,0.9997362,0.99982464,0.9996318,0.99976605,0.99974096,0.99982685,0.9997654,0.99977124,0.9997846,0.9997703,0.9997903,0.9997337,0.99980706,0.99977815,0.9997992,0.9997392,0.9997686,0.9998124,0.99966806,0.9997583,0.9997902,0.9995307,0.9997918,0.9998011,0.99983865,0.9998381,0.99976146,0.9998046,0.99975723,0.9997394,0.99979633,0.999759,0.9997893,0.99976856,0.9996865,0.9997707,0.99974966,0.9997817,0.9997625,0.9997323,0.99964213,0.9997284,0.9997359,0.9998405,0.99970114,0.9996889,0.99977124,0.99983734,0.999773,0.99979496,0.99978447,0.9997453,0.9998017,0.99972355,0.9998397,0.99977434,0.9997721,0.9997506,0.9997812,0.9997832,0.9998141,0.9998234,0.99980193,0.99981475,0.9997881,0.9998418,0.999807,0.99978435,0.9998234,0.99981296,0.9997803,0.9998191,0.9998912,0.9997991,0.999814,0.9998067,0.9997913,0.999629,0.9997959,0.9996973,0.99976903,0.999829,0.99982417,0.9998377,0.99978733,0.99975824,0.99976164,0.9997998,0.99974495,0.999795,0.99978185,0.9996647,0.9998218,0.99981314,0.9997279,0.9997932,0.9998679,0.99989027,0.99979,0.99970883,0.9997709,0.999826,0.99982214,0.99981856,0.9996757,0.9998045,0.9997805,0.99983555,0.99980074,0.9997433,0.99976385,0.99938446,0.99980646,0.99984664,0.9997872,0.999741,0.99978137,0.99975663,0.9997557,0.999804,0.9998373,0.99979883,0.999825,0.99980414,0.9998405,0.9998581,0.9998296,0.9998484,0.9998281,0.99984586,0.9996575,0.9997768,0.9998541,0.9998553,0.9998592,0.9999971,0.99984217,0.99982977,0.9998272,0.9998422,0.99982667,0.9997838,0.9998924,0.9998118,0.99991584,0.9998619,0.9998855,0.9998233,0.9998184,0.9998271,0.9998278,0.9998266,0.9998593,0.9996955,0.9998244,0.9997748,0.9998119,0.99979085,0.99981457,0.99984205,0.9998271,0.99976313,0.9998616,0.99941164,0.9998127,0.9998319,0.9998039,0.9997607,0.99980825,0.99981254,0.9996841,0.9997839,0.999824,0.9998457,0.9996987,0.9997887,0.9998567,0.9998132,0.99979013,0.99975306,0.9997874,0.99982536,0.9998327,0.9997664,0.99982196,0.9998053,0.999815,0.9998079,0.99979967,0.9998271,0.9998269,0.999827,0.9997438,0.9997842,0.9995474,0.99977934,0.9998254,0.9998201,0.9998123,0.99983186,0.9998015,0.9998421,0.9998071,0.99983025,0.9997722,0.999801,0.99984205,0.9998286,0.999826,0.99978375,0.99978316,0.9997848,0.99981046,0.9998006,0.9998117,0.999649,0.999791,0.9997838,0.9998483,0.9998101,0.9998342,0.99980813,0.99980384,0.999818,0.9997524,0.99979895,0.9997911,0.99976957,0.9998147,0.99978346,0.99979484,0.99958974,0.9995181,0.9997138
ipip126,0.9998964,0.9997614,0.99983275,0.9997538,0.9998524,0.99976075,0.99990326,0.99981904,0.99988323,0.9997584,0.9997986,0.9998596,0.9998069,0.99977684,0.99968493,0.9998607,0.999879,0.99976164,0.99987364,0.99985605,0.9998814,0.9998018,0.99985296,0.9998708,0.99977875,0.9998978,0.99975353,0.9998869,0.99986917,0.9998449,0.9998756,0.9998708,0.9998055,0.9999104,0.9999122,0.9998644,0.99991447,0.9999059,0.99988467,0.9998968,0.9997649,0.9998499,0.99980575,0.9997679,0.99972034,0.9998591,0.99981433,0.99973863,0.99986917,0.9997661,0.9998169,0.99942636,0.99985105,0.9998044,0.9996946,0.9998122,0.99968296,0.99974847,0.99977076,0.9998748,0.99988604,0.99982095,0.9998937,0.9998261,0.9998313,0.999761,0.9999287,0.99987876,0.9998553,0.9997775,0.99989945,0.99986994,0.9996261,0.9998069,0.99980825,0.9994534,0.9998255,0.9998931,0.99983174,0.9998627,0.99981266,0.9999184,0.9998142,0.99987364,0.99988127,0.9999258,0.9999443,0.99981004,0.9997129,0.9998837,0.99981385,0.99990726,0.99986106,0.99973714,0.9996257,0.99971384,0.99988514,0.9998214,0.99970114,0.9996638,0.999848,0.9998901,0.99985474,0.99984044,0.99987084,0.99967957,0.99992454,0.99974686,0.9998942,0.99991333,0.9999118,0.99981433,0.9998309,0.9998434,0.9999286,0.99980736,0.99991536,0.9999054,0.9999033,0.9998429,0.9999105,0.99982774,0.99986994,0.9998687,0.99989146,0.9998024,0.9998465,0.99986637,0.99979115,0.9998178,0.9998887,0.9994994,0.99975497,0.9996991,0.99988174,0.9998721,0.99984753,0.9998686,0.999911,0.99988705,0.9999042,0.999875,0.9997737,0.99984014,0.999872,0.9996935,0.9998721,0.999863,0.99967617,0.9998848,0.9999061,0.9998425,0.9997174,0.9996623,0.9999142,0.999824,0.9998408,0.9998153,0.99968964,0.9999231,0.99970514,0.99990726,0.9998679,0.99973565,0.9998916,0.99932027,0.9998975,0.99985194,0.99987274,0.99981284,0.99989843,0.99974734,0.99991006,0.9998839,0.9998803,0.999897,0.9999057,0.99987227,0.99984896,0.99991,0.99984413,0.9998306,0.9997906,0.9998319,0.9996338,0.99981594,0.9999496,0.99994504,0.9999469,0.99984217,0.99999857,0.99991274,0.99991715,0.9998913,0.999928,0.99990845,0.99991906,0.9999286,0.9998128,0.99983424,0.99990356,0.9999198,0.99979097,0.99991375,0.99987394,0.999829,0.99991983,0.99960244,0.999786,0.99975026,0.99982864,0.99989384,0.99988097,0.99984723,0.99978983,0.9997498,0.9998831,0.9992612,0.99985445,0.9998923,0.9998835,0.99980795,0.9998792,0.9998264,0.9997183,0.999904,0.9999353,0.99991244,0.99956846,0.9998065,0.9999093,0.9998852,0.9998635,0.9998426,0.99990904,0.9997949,0.99988073,0.9998044,0.99987555,0.99979645,0.99988365,0.9998382,0.9998994,0.9998208,0.9998548,0.9998903,0.9997555,0.99989337,0.99948734,0.99980384,0.9998816,0.99988,0.99977624,0.9998885,0.9998091,0.99989295,0.99987006,0.99986434,0.9997688,0.9998656,0.9999077,0.99978024,0.99985355,0.9997379,0.9997854,0.99984515,0.9998179,0.999795,0.99983335,0.99959624,0.9999147,0.9997723,0.9998417,0.9998971,0.99984634,0.9998265,0.99982256,0.99987,0.99975383,0.9998456,0.9997902,0.9998835,0.9998469,0.99977356,0.9998629,0.9995489,0.9994543,0.99974424
ipip156,0.99990475,0.9997709,0.9998497,0.9997755,0.9998567,0.9997709,0.99990815,0.9998081,0.9998904,0.99977136,0.99981225,0.999858,0.99980265,0.99975175,0.9996992,0.99984425,0.9998682,0.9997601,0.99986434,0.99983525,0.99988353,0.99979717,0.9998704,0.9998645,0.99977064,0.99987894,0.99976337,0.999883,0.99983263,0.99986047,0.9998936,0.999871,0.9998265,0.99989045,0.99990255,0.99987423,0.9998956,0.9998978,0.9998654,0.9998733,0.9997781,0.99987036,0.9998294,0.9998204,0.9997227,0.9998621,0.9998144,0.999743,0.99985635,0.9997443,0.9998135,0.9994291,0.9998661,0.99977654,0.9997135,0.9998411,0.99966943,0.9997654,0.9997798,0.99987763,0.9998834,0.99982774,0.99990225,0.9998208,0.9998086,0.99977374,0.99990195,0.9998729,0.9998767,0.9997679,0.9999077,0.99987966,0.99964076,0.99983025,0.99980414,0.9994395,0.99976766,0.999865,0.9998592,0.999891,0.99980646,0.9999084,0.99980915,0.99986356,0.99986345,0.99990356,0.9998961,0.9997974,0.9997133,0.99985874,0.9998058,0.9999091,0.9998522,0.9997158,0.9996441,0.9997183,0.99989057,0.99984074,0.9997233,0.9996818,0.9998582,0.99990624,0.99985236,0.9998306,0.9998541,0.9996672,0.9998834,0.999732,0.9998813,0.99990314,0.99992377,0.99981534,0.999816,0.9998247,0.99991244,0.9998112,0.99989635,0.99989897,0.9999007,0.9998506,0.99991184,0.9998416,0.9998889,0.9998824,0.9998898,0.9998111,0.99986374,0.9998794,0.99982256,0.9998066,0.9999079,0.99949175,0.99977785,0.9996868,0.9998911,0.9998843,0.9998385,0.999887,0.9999249,0.9998923,0.9998979,0.99986017,0.9997737,0.9998308,0.9998596,0.99968284,0.99986106,0.99988574,0.9997062,0.9998636,0.9999143,0.99984837,0.9997178,0.99966854,0.9999211,0.9998427,0.99985105,0.9998335,0.9996842,0.9999199,0.99972385,0.99992186,0.9998618,0.9997444,0.9998906,0.9993574,0.9999108,0.9998427,0.9998661,0.99980307,0.99990517,0.9997351,0.99990505,0.999874,0.9999192,0.9999525,0.99989605,0.9998526,0.9998417,0.9999014,0.9998007,0.99987674,0.99982613,0.9998743,0.9996551,0.9998276,0.99993706,0.99994427,0.99993664,0.99982977,0.99991274,0.99999714,0.999987,0.9999292,0.99991715,0.9999639,0.9999259,0.99992174,0.99979645,0.9998141,0.99989384,0.9999064,0.99976236,0.99996585,0.9998833,0.99983984,0.9999281,0.999564,0.99977577,0.99974316,0.9998472,0.9998457,0.99991,0.9998679,0.9998261,0.99973875,0.99988335,0.9992458,0.99984527,0.99987584,0.99989486,0.9998734,0.9999002,0.99982136,0.9997551,0.99993545,0.99992454,0.99988806,0.9995333,0.99977076,0.99988514,0.9998879,0.9998752,0.9998477,0.99992317,0.99981403,0.9998742,0.9998087,0.9998864,0.999794,0.9998709,0.9998221,0.99994975,0.9998241,0.9999104,0.99989057,0.99976146,0.99990517,0.99951243,0.9998146,0.9998925,0.9998957,0.9997992,0.9999036,0.999832,0.99988633,0.9998555,0.99986875,0.9997793,0.99985003,0.9999741,0.9998173,0.99990207,0.9997797,0.9997916,0.99987763,0.99982613,0.999806,0.99983686,0.99962395,0.9999214,0.9997792,0.99984264,0.99991065,0.9998477,0.9998397,0.999848,0.999872,0.99977404,0.99986225,0.9998142,0.9999085,0.99984133,0.9997991,0.9998844,0.9995733,0.999458,0.9997551
ipip186,0.9999032,0.9997738,0.99984914,0.9997759,0.99985904,0.99977875,0.99990773,0.9998058,0.9998842,0.9997715,0.9998172,0.9998592,0.99980676,0.9997557,0.9996931,0.9998535,0.9998687,0.99975324,0.9998632,0.9998413,0.9998862,0.9997939,0.99986845,0.9998592,0.99977547,0.99988395,0.9997576,0.99988043,0.9998404,0.9998628,0.99988824,0.9998702,0.99982554,0.99989164,0.999903,0.9998783,0.99990517,0.99990004,0.9998707,0.9998717,0.99977666,0.9998697,0.9998241,0.999832,0.99972117,0.99986625,0.9998097,0.99974155,0.9998582,0.9997459,0.9998105,0.9994216,0.9998667,0.9997753,0.99970156,0.9998372,0.9996799,0.9997608,0.9997833,0.9998787,0.99988306,0.99982923,0.99989665,0.99982053,0.99981093,0.99977183,0.9999018,0.9998729,0.9998714,0.99976575,0.999912,0.9998791,0.999632,0.9998239,0.99980634,0.99943995,0.9997691,0.99986696,0.99985135,0.99988276,0.99980235,0.9999122,0.999812,0.99987173,0.99986756,0.9999092,0.9999036,0.9997976,0.99971396,0.99985844,0.99981284,0.9999127,0.9998567,0.9997231,0.99964285,0.99971676,0.99988925,0.99982893,0.99972284,0.9996857,0.9998592,0.9999089,0.9998523,0.99983335,0.9998536,0.99965763,0.99988407,0.9997246,0.99987864,0.99990743,0.9999255,0.99981755,0.9998208,0.999833,0.9999132,0.9998121,0.9999013,0.9999025,0.9999041,0.9998534,0.9999164,0.999842,0.9998825,0.9998773,0.99989694,0.9998076,0.99985594,0.99987763,0.99980974,0.9998065,0.9999091,0.99948883,0.99977344,0.99968463,0.9998957,0.99988306,0.999836,0.99988514,0.99992716,0.9998923,0.9999028,0.9998594,0.9997799,0.99982697,0.99985933,0.9996854,0.99986047,0.9998826,0.9996997,0.99986774,0.9999151,0.9998486,0.9997144,0.99966615,0.9999229,0.9998416,0.999849,0.9998287,0.99969184,0.9999214,0.99972004,0.9999206,0.99986476,0.99974203,0.9998946,0.99937063,0.99991506,0.9998407,0.999867,0.99980915,0.9999097,0.9997397,0.99991167,0.99987674,0.99991107,0.9999577,0.9998904,0.9998491,0.99984044,0.99989116,0.99979436,0.99986464,0.9998229,0.9998618,0.9996554,0.99982774,0.9999387,0.9999323,0.9999359,0.9998272,0.99991715,0.999987,0.99999845,0.999921,0.9999196,0.99996275,0.9999278,0.9999214,0.99979293,0.9998076,0.99988866,0.9999042,0.9997566,0.9999699,0.99987817,0.99983543,0.99992055,0.9995631,0.9997665,0.99974054,0.9998406,0.9998431,0.999903,0.99985635,0.9998106,0.99973834,0.9998889,0.99924034,0.99984866,0.9998834,0.9998974,0.99986637,0.99989605,0.99981296,0.99975926,0.99993676,0.9999239,0.9998812,0.9995208,0.9997701,0.9998774,0.9998897,0.9998713,0.9998463,0.9999232,0.99981135,0.9998727,0.9998111,0.9998872,0.99979186,0.9998704,0.9998233,0.9999566,0.9998175,0.99991655,0.9998859,0.9997557,0.99991095,0.99951226,0.9998149,0.99989265,0.99989367,0.999795,0.99990106,0.99982846,0.9998801,0.99985296,0.9998635,0.9997728,0.9998489,0.99997395,0.9998044,0.999888,0.9997721,0.9997849,0.99987185,0.9998286,0.9997983,0.9998378,0.99961764,0.9999209,0.9997749,0.99983925,0.99991316,0.9998394,0.9998356,0.9998441,0.9998664,0.9997654,0.99986076,0.9998034,0.9999027,0.9998337,0.9997843,0.9998833,0.999568,0.9994602,0.9997559
ipip216,0.9998908,0.9997745,0.9998385,0.9997733,0.9998607,0.999777,0.99988836,0.9997898,0.9999062,0.9997763,0.9998111,0.9998586,0.9997872,0.99975204,0.99970466,0.9998229,0.9998528,0.99978876,0.99984777,0.99981415,0.99987173,0.99979085,0.9998657,0.9998835,0.99979603,0.99987215,0.99977887,0.99987215,0.9998203,0.9998526,0.99994093,0.9998621,0.99982786,0.9998949,0.99987906,0.99985576,0.99986947,0.99987584,0.9998493,0.9998643,0.99975777,0.99984616,0.9998329,0.99976987,0.9997593,0.99986947,0.99983114,0.99976385,0.9998434,0.9997523,0.9998045,0.9994323,0.9998489,0.99976254,0.99979234,0.9998197,0.99968445,0.99975455,0.99976575,0.999876,0.99986553,0.9998219,0.99989057,0.9998589,0.9998233,0.99977994,0.9998803,0.9998853,0.9998694,0.9997789,0.99989486,0.99985963,0.9996579,0.99980634,0.99981236,0.99937046,0.99974746,0.99983734,0.99990016,0.9999352,0.9998251,0.99989396,0.99978065,0.9998751,0.99985296,0.9998834,0.9998718,0.9997747,0.9997226,0.99984694,0.9998011,0.9998983,0.9998374,0.99970555,0.9996478,0.99970585,0.99987805,0.9998885,0.9996976,0.9996342,0.9998207,0.99992627,0.9998453,0.9998226,0.9998468,0.9996459,0.99986255,0.99974483,0.99986106,0.999872,0.99989414,0.99982154,0.9998089,0.9998039,0.99989027,0.9997984,0.9998804,0.99988943,0.9998924,0.9998047,0.99990505,0.9998216,0.99987155,0.9998809,0.9998725,0.9998475,0.99982494,0.9998402,0.999887,0.9997822,0.99988407,0.9994961,0.99975896,0.9996935,0.9998629,0.9998803,0.99985874,0.9998714,0.99989027,0.9998837,0.9998919,0.9998539,0.99977756,0.99983305,0.99985856,0.99965996,0.99985075,0.99987555,0.9997024,0.999852,0.99992496,0.99987054,0.99971336,0.99967223,0.99990946,0.9998225,0.99983525,0.99981457,0.9996573,0.99990034,0.999706,0.99990094,0.99986225,0.99978435,0.9998773,0.9993341,0.9998801,0.9998531,0.99984837,0.99978185,0.99988794,0.9997322,0.99988645,0.999894,0.99997985,0.9999092,0.9998718,0.99984294,0.9998618,0.99987984,0.9997797,0.9999367,0.9998257,0.99993336,0.99965906,0.99982095,0.9999195,0.9999264,0.99992174,0.9998422,0.9998913,0.9999292,0.999921,0.9999987,0.99990207,0.9999222,0.9998888,0.9999004,0.9997972,0.99981976,0.99986565,0.9998946,0.9997451,0.9999107,0.9998786,0.99987835,0.99994856,0.9996071,0.999768,0.99976015,0.99983364,0.9998221,0.9999681,0.9998837,0.9998626,0.99977845,0.9998445,0.99925864,0.99982065,0.9998461,0.9998768,0.99981207,0.9998744,0.99984056,0.99971473,0.99989533,0.9999017,0.9998696,0.99954224,0.9997876,0.9998556,0.9998837,0.99988234,0.9998562,0.99990314,0.9998302,0.9998869,0.9997784,0.99986213,0.9997724,0.9998483,0.9997926,0.99989915,0.99987006,0.99984175,0.9998736,0.99976623,0.9998842,0.99949586,0.9997922,0.9999063,0.9999123,0.99979234,0.9999132,0.999833,0.9998533,0.999841,0.9998845,0.9997576,0.9998595,0.9999065,0.999879,0.99983984,0.9997093,0.9997895,0.99984,0.999807,0.99983644,0.99982727,0.9996195,0.99989676,0.999797,0.9998795,0.9998808,0.99986583,0.99982935,0.99982494,0.999878,0.9998021,0.9998447,0.9998762,0.9998889,0.9998296,0.9998587,0.99984664,0.99958575,0.9994274,0.99974453
ipip246,0.99990785,0.99978566,0.9998607,0.9997783,0.9998768,0.9998045,0.9999049,0.99980843,0.9998922,0.99977297,0.9998005,0.9999105,0.9998244,0.99978495,0.9997329,0.9998593,0.99989194,0.9997815,0.9998837,0.99984807,0.99990517,0.9998285,0.99988157,0.9998809,0.99981654,0.99989057,0.9997538,0.99989074,0.99986607,0.9998606,0.9998849,0.9998569,0.99980927,0.99991405,0.99990785,0.9998842,0.99989545,0.9998994,0.9998931,0.99990255,0.99975264,0.99985427,0.9998362,0.999794,0.99974304,0.9998813,0.99984133,0.99977094,0.99987674,0.999784,0.99981785,0.9994159,0.99987334,0.9997729,0.9997075,0.9998067,0.9997028,0.99976677,0.99980366,0.99986696,0.99990344,0.99984866,0.9999204,0.9998599,0.99985534,0.9998036,0.9998974,0.99987006,0.9998714,0.99977976,0.9999193,0.9998987,0.9996767,0.9998312,0.9998493,0.99942845,0.9998082,0.99989706,0.99984103,0.99987936,0.9998568,0.9999713,0.99983656,0.99989754,0.99990594,0.9999153,0.9999077,0.99980897,0.9997342,0.99986535,0.99984986,0.9999286,0.99988323,0.9997565,0.9996573,0.99974024,0.9999033,0.99981886,0.99973345,0.9996821,0.9998676,0.9999348,0.99988025,0.99986756,0.9999068,0.9996588,0.9998931,0.99975777,0.99988055,0.9999148,0.9999312,0.9998584,0.99987185,0.9998338,0.9999102,0.9998215,0.9999074,0.9999141,0.9999086,0.9998493,0.9999163,0.9998457,0.999896,0.99989784,0.99990976,0.99979967,0.9998414,0.99987197,0.99980515,0.99985677,0.9998967,0.9995136,0.99978584,0.9997257,0.99988395,0.999896,0.9998646,0.99986213,0.99992174,0.99990827,0.99992335,0.99988824,0.9997941,0.99985564,0.9999035,0.99970305,0.99993783,0.99987775,0.9996861,0.9999145,0.99992853,0.99987555,0.9997441,0.99969816,0.9999233,0.99987245,0.9998775,0.9998376,0.9997197,0.9999231,0.9997322,0.99992275,0.9998775,0.99977064,0.99990654,0.9993241,0.9998941,0.99987406,0.99988145,0.9998298,0.9999179,0.99978054,0.9999126,0.9998976,0.99988896,0.9999067,0.9998989,0.999866,0.9998424,0.99988765,0.9998192,0.99984187,0.99982506,0.9998412,0.99963915,0.9998316,0.999922,0.99992174,0.9999224,0.99982667,0.999928,0.99991715,0.9999196,0.99990207,0.9999957,0.9999222,0.9999223,0.9999116,0.99979055,0.9998278,0.9998876,0.99991226,0.99976575,0.99992114,0.99990296,0.99985814,0.99991655,0.9995915,0.99977815,0.99974066,0.9998496,0.9998565,0.99989015,0.9998686,0.9997901,0.9997853,0.99987316,0.9992513,0.9998533,0.99989074,0.9999072,0.9998077,0.99988025,0.99985063,0.9997236,0.9999118,0.99991894,0.99988663,0.99954003,0.99979734,0.9998818,0.9999229,0.9998927,0.9998741,0.99991477,0.999828,0.99989957,0.99981153,0.99989235,0.99981135,0.9998876,0.9998482,0.99990815,0.999815,0.99985224,0.9998874,0.99979186,0.99991614,0.9994959,0.999828,0.99988765,0.99988765,0.9997733,0.9998941,0.99981457,0.9998819,0.9998663,0.9998837,0.99979335,0.9998846,0.9999142,0.9997843,0.99984705,0.9997151,0.9997726,0.9998665,0.99983346,0.9998219,0.99985564,0.9996634,0.9999117,0.99977595,0.99986625,0.99989235,0.99986255,0.9998422,0.99984443,0.9998912,0.9998013,0.9998717,0.9998073,0.9998924,0.99983567,0.9997901,0.9998692,0.99956834,0.99945915,0.9997691
ipip276,0.99992543,0.99975705,0.99985373,0.9997553,0.999867,0.99976057,0.9999262,0.9997893,0.99988526,0.9997471,0.9997986,0.9998726,0.9997798,0.9997384,0.99967515,0.9998445,0.99986607,0.99975014,0.9998624,0.9998352,0.99987894,0.9997947,0.9998712,0.99986714,0.99977136,0.9998749,0.9997165,0.99986976,0.99982476,0.9998489,0.9998914,0.9998486,0.99982023,0.999889,0.99992603,0.9998715,0.9999024,0.9999183,0.9998583,0.99987584,0.9997357,0.99986595,0.99981385,0.99981034,0.99969566,0.9998675,0.9997918,0.9997472,0.9998728,0.99972,0.9998047,0.99935514,0.99986994,0.9997473,0.9996904,0.99979407,0.9996614,0.99973446,0.9997665,0.9998559,0.99990344,0.99982166,0.9999168,0.99981683,0.9998075,0.9997574,0.999907,0.99987954,0.99988407,0.9997542,0.9999346,0.9998714,0.99960864,0.99981385,0.9997964,0.99935913,0.9997518,0.9998684,0.99982584,0.9998751,0.9998216,0.99992245,0.9998009,0.9998989,0.9998693,0.9999364,0.99990857,0.9997648,0.99969983,0.9998698,0.99980384,0.99993813,0.9998612,0.9996839,0.99961805,0.9996844,0.99992806,0.9998146,0.99968916,0.99963045,0.9998357,0.9999217,0.9998576,0.9998107,0.9998625,0.99959004,0.99989086,0.9997145,0.9998704,0.9999288,0.9999454,0.9998246,0.9998076,0.9998049,0.9999171,0.9997807,0.9999046,0.99990976,0.9999121,0.99983084,0.9999162,0.9998097,0.9998688,0.99987704,0.99990505,0.9997768,0.99981797,0.9998702,0.99980015,0.9997793,0.9999179,0.9994456,0.9997462,0.9996689,0.9998979,0.9998831,0.99983156,0.9998672,0.99994415,0.9999209,0.9999294,0.9998653,0.99975955,0.9998327,0.99986446,0.99965835,0.99986756,0.9998883,0.99965066,0.99986875,0.9999228,0.9998358,0.9996845,0.99963063,0.99994105,0.99981797,0.9998296,0.9998093,0.9996559,0.99993676,0.99967945,0.9999183,0.99986213,0.9997409,0.9999173,0.99928546,0.99991155,0.9998329,0.99986434,0.9997947,0.9999244,0.9997088,0.9999288,0.9998815,0.99991316,0.99995166,0.99990076,0.9998558,0.9998277,0.9998641,0.9997512,0.99983555,0.99978596,0.99983484,0.9996136,0.999801,0.99991816,0.99992007,0.9999174,0.9997838,0.99990845,0.9999639,0.99996275,0.9999222,0.9999222,0.9999955,0.9999168,0.99993,0.99974746,0.9997865,0.99987406,0.9999194,0.9997218,0.99995595,0.9998669,0.99982685,0.9999251,0.9995158,0.99973524,0.9997054,0.9998278,0.99983484,0.99991053,0.9998438,0.99977857,0.9997083,0.99986905,0.9991566,0.9998318,0.9998705,0.99990314,0.9998459,0.9998755,0.99979573,0.99971855,0.9999414,0.9999295,0.99986947,0.9994488,0.9997492,0.9998485,0.99987435,0.99988425,0.9998564,0.9999223,0.99977267,0.99987656,0.99978936,0.99988586,0.9997512,0.999866,0.99981064,0.99995464,0.99980074,0.9998613,0.99988174,0.9997549,0.9999256,0.9994506,0.99979746,0.999891,0.9998988,0.9997551,0.99990225,0.9998044,0.99986255,0.99984324,0.9998733,0.99975073,0.9998531,0.99994487,0.9997599,0.9998586,0.9997021,0.9997465,0.9998731,0.99980694,0.99980277,0.9998244,0.99959385,0.9999397,0.99975395,0.9998381,0.99991244,0.99983823,0.99982524,0.999832,0.9998797,0.9997588,0.99986106,0.999803,0.9999263,0.99982184,0.9997891,0.99987483,0.9995323,0.9994055,0.9997431
ipip11,0.9998882,0.9997866,0.99984366,0.99979395,0.9998727,0.99979764,0.9999123,0.9998363,0.99990207,0.9998006,0.99979365,0.9998523,0.9998108,0.9997741,0.99969584,0.99984455,0.9998734,0.99977523,0.9998656,0.9998416,0.99990076,0.9998055,0.99987674,0.9998953,0.9997955,0.99990034,0.99978274,0.99990475,0.9998402,0.9998345,0.9998795,0.9998706,0.99981767,0.9999103,0.9998981,0.99988204,0.9998898,0.9999003,0.99986696,0.99989307,0.9997802,0.9998685,0.9998468,0.9997921,0.99974954,0.9998805,0.9998384,0.99975085,0.99985814,0.9997601,0.99984205,0.99949616,0.9998669,0.9998214,0.99970275,0.9998468,0.99968415,0.99977225,0.9997967,0.999877,0.9998769,0.9998277,0.9998903,0.99982095,0.999823,0.99976665,0.9999002,0.9998712,0.9998702,0.99977726,0.9999019,0.99988645,0.9996709,0.99982435,0.99981683,0.9994613,0.9997949,0.99987006,0.9998393,0.99987024,0.9998133,0.99990726,0.99980915,0.99985456,0.9998788,0.9998913,0.9998901,0.9997939,0.999701,0.9998584,0.99980956,0.99990493,0.9998566,0.99973524,0.99964255,0.9997261,0.99988365,0.99983954,0.9997204,0.99966824,0.99983835,0.9999137,0.9998527,0.99983287,0.99986064,0.9996934,0.99988747,0.99975264,0.99990267,0.9999033,0.9999073,0.99981,0.9998272,0.9998332,0.99990505,0.9998262,0.9998922,0.99990654,0.9998962,0.9998694,0.99990225,0.9998401,0.99990654,0.9998816,0.9998943,0.99980384,0.99992,0.9998761,0.9998116,0.9998309,0.99990135,0.9995271,0.99978995,0.9996931,0.99988353,0.99989974,0.99986714,0.9998894,0.99991673,0.9998953,0.99989134,0.9998751,0.9997786,0.9998598,0.999863,0.9996909,0.99987954,0.99987864,0.9997042,0.99986905,0.9999311,0.9998796,0.9997416,0.9996731,0.9999046,0.9998649,0.99985766,0.99985105,0.9996958,0.9999261,0.9997441,0.99992687,0.9998732,0.9997629,0.9998989,0.9993551,0.9999118,0.99987024,0.999875,0.99980897,0.9999165,0.99976695,0.9999005,0.9998778,0.99988806,0.9999074,0.9999232,0.999884,0.9998716,0.9999159,0.9998205,0.9998458,0.999829,0.9998439,0.99964523,0.9998194,0.9999368,0.9999351,0.99993944,0.9998924,0.99991906,0.9999259,0.9999278,0.9998888,0.9999223,0.9999168,0.9999988,0.9999301,0.9998729,0.9998566,0.99993867,0.9999441,0.9998396,0.9999555,0.9999042,0.9998551,0.99992955,0.9996132,0.9998195,0.9997628,0.9998666,0.99985915,0.9998776,0.9998604,0.9998034,0.9997457,0.99991596,0.99929273,0.9998643,0.9998924,0.9999055,0.9998218,0.9998864,0.99982405,0.9997203,0.99990404,0.99993545,0.99990946,0.99961454,0.9997937,0.9999115,0.99988216,0.9998696,0.9998378,0.9998994,0.9998112,0.9998912,0.9998283,0.9999052,0.9998236,0.99987805,0.99985653,0.9999168,0.99981636,0.9998742,0.9999059,0.9997859,0.99991757,0.9995385,0.99983877,0.9998967,0.999895,0.99979967,0.99990135,0.9998368,0.99991316,0.9998965,0.999887,0.99979985,0.9998783,0.9999364,0.99979055,0.9998747,0.9997928,0.99979776,0.9998781,0.9998492,0.9998326,0.9998506,0.9996381,0.99992085,0.9997967,0.99985963,0.99990976,0.99985945,0.99984986,0.9998619,0.99987847,0.9997666,0.99988365,0.99980974,0.999885,0.99986595,0.99979466,0.9998763,0.99957436,0.9995005,0.9997642
ipip41,0.99992967,0.99978197,0.9998565,0.9997829,0.99989325,0.9997782,0.9999474,0.9998312,0.9999075,0.9997938,0.9997913,0.9998546,0.9997934,0.99977165,0.99966395,0.99985087,0.99987644,0.9997637,0.9998707,0.99985445,0.99988705,0.99980026,0.9998808,0.9998903,0.99977773,0.9999142,0.9997716,0.9998967,0.9998439,0.99983627,0.99987835,0.9998718,0.9998183,0.9998991,0.9999277,0.99988955,0.9999114,0.99993134,0.9998692,0.9998942,0.9997869,0.99989456,0.99982864,0.99976534,0.99974453,0.9999014,0.9998302,0.9997436,0.9998716,0.99975705,0.9998439,0.99944335,0.99988204,0.9998005,0.99971145,0.9998329,0.99969465,0.99974334,0.99979,0.9998897,0.9998888,0.9998274,0.9999005,0.99982744,0.9998053,0.9997446,0.9999239,0.9998949,0.9998632,0.9997611,0.99993336,0.9998812,0.9996408,0.9998201,0.99979585,0.99936706,0.99977297,0.9998618,0.99983805,0.9998786,0.9998026,0.99991155,0.999785,0.9998841,0.99987346,0.9999255,0.9999166,0.9997811,0.99969774,0.9998762,0.99978954,0.99992406,0.9998568,0.9996968,0.99961454,0.99971175,0.999917,0.9998368,0.9996897,0.99962384,0.9998291,0.9999024,0.9998428,0.9998128,0.9998589,0.9996232,0.99990517,0.9997248,0.99989176,0.99992275,0.9999319,0.9998111,0.99982184,0.9998175,0.9999144,0.9997973,0.9998951,0.99990976,0.9999104,0.99980885,0.99991184,0.9998113,0.999889,0.99987984,0.9999035,0.99977905,0.9998532,0.9998847,0.99981505,0.9998079,0.9999176,0.9994452,0.9997654,0.99967945,0.99990684,0.99990046,0.9998617,0.99989164,0.9999356,0.9999099,0.9999137,0.99986875,0.9997696,0.9998528,0.99986565,0.9996667,0.9998515,0.9998718,0.99969333,0.99987274,0.99991393,0.99982166,0.9996767,0.99962753,0.99992085,0.9998282,0.9998322,0.99983776,0.9996655,0.99993074,0.99970233,0.9999309,0.9998643,0.9997358,0.9999208,0.9992899,0.99993354,0.9998348,0.9998747,0.9998023,0.99994326,0.99973536,0.99992025,0.9998882,0.99989754,0.9999125,0.9999197,0.9998833,0.99986416,0.9998886,0.9997816,0.99982876,0.99978274,0.9998258,0.9996222,0.99980634,0.99993753,0.9999373,0.9999398,0.9998118,0.9999286,0.99992174,0.9999214,0.9999004,0.9999116,0.99993,0.9999301,0.99999756,0.999795,0.99985373,0.99989647,0.9999467,0.9997954,0.99992937,0.9999063,0.9998596,0.9999297,0.99956584,0.99976605,0.99975014,0.9998416,0.9998453,0.9998998,0.9998534,0.99979615,0.99972665,0.9998668,0.9992122,0.9998495,0.9998639,0.9999081,0.9997883,0.9998777,0.99980646,0.9996889,0.9999061,0.99994004,0.9998906,0.99953276,0.99977046,0.99989015,0.99987155,0.9998741,0.9998443,0.99991053,0.9997822,0.9998803,0.999804,0.9998904,0.99978256,0.9998739,0.9998195,0.9999151,0.9998143,0.999834,0.9998988,0.9997784,0.9999389,0.9994928,0.99982554,0.9999223,0.9999173,0.99978566,0.9999233,0.9998306,0.9998887,0.9998775,0.99988604,0.9997944,0.9998867,0.9999192,0.99976486,0.99984324,0.99972016,0.9997819,0.9998747,0.99982363,0.9998156,0.9998374,0.9995962,0.9999579,0.9998006,0.99984634,0.99993724,0.9998514,0.9998362,0.9998401,0.9998691,0.99974614,0.99987173,0.99981225,0.99990946,0.9998473,0.99979305,0.9998781,0.99955344,0.99944955,0.9997557
ipip71,0.99971884,0.9996998,0.99971706,0.9997151,0.9997512,0.99971217,0.9997556,0.99975395,0.99981123,0.99973476,0.99972296,0.9997476,0.9997519,0.9997184,0.99963194,0.999741,0.99976355,0.9997276,0.9997559,0.99973494,0.9997795,0.99970496,0.9997643,0.9998048,0.9997208,0.99982744,0.9997759,0.999796,0.9997646,0.999741,0.99979424,0.9998117,0.99975985,0.9998078,0.99974287,0.9997697,0.9997648,0.9997473,0.99976623,0.99979764,0.9997578,0.99977237,0.9997771,0.9997437,0.99971086,0.99977815,0.9997954,0.99966,0.99975145,0.999731,0.9997817,0.999589,0.99975216,0.99979025,0.99969083,0.9997999,0.9996221,0.99973416,0.999734,0.9998034,0.9997277,0.9997413,0.99974144,0.9997464,0.99974996,0.99968696,0.99977666,0.9997453,0.9997666,0.99971145,0.99972653,0.99978185,0.9996317,0.9997299,0.99974364,0.99950397,0.999744,0.9997607,0.99980336,0.9998044,0.9997055,0.99976224,0.99971634,0.9996975,0.99976337,0.99972403,0.9997619,0.99973184,0.9996417,0.99974245,0.99972457,0.99974287,0.99972975,0.99973416,0.9996149,0.9996989,0.9996984,0.9998178,0.9996887,0.9996614,0.9997512,0.9997837,0.9997356,0.99975914,0.9997384,0.99975127,0.99977916,0.9996948,0.9998052,0.9997456,0.99973524,0.99971384,0.9997582,0.9997761,0.9997778,0.9997816,0.9997788,0.99977434,0.99975145,0.99978715,0.99976707,0.9997816,0.9997971,0.9997747,0.9997715,0.99979573,0.9998514,0.9997692,0.99977195,0.99978215,0.99975485,0.9995691,0.9997431,0.9996556,0.999741,0.99979174,0.9997867,0.99980587,0.999754,0.99972224,0.99972624,0.9997541,0.9997131,0.999747,0.9997403,0.9996524,0.9997839,0.9997826,0.99971414,0.9997743,0.99981564,0.9998299,0.99973845,0.9996662,0.9997327,0.99980193,0.9997786,0.99977845,0.99966687,0.9997745,0.99972975,0.99979866,0.9997783,0.9997014,0.9997284,0.99938804,0.9997735,0.99978966,0.99975586,0.9997419,0.99975234,0.9997509,0.9997377,0.9997724,0.99980086,0.9997804,0.9998042,0.99979496,0.9998042,0.9998491,0.99982166,0.99981356,0.9998141,0.99980813,0.9996427,0.9997351,0.99982244,0.99982834,0.99983674,0.99991584,0.9998128,0.99979645,0.99979293,0.9997972,0.99979055,0.99974746,0.9998729,0.999795,0.99999857,0.9998388,0.9998435,0.9998049,0.9997994,0.999815,0.9998056,0.99980515,0.9998243,0.99965274,0.9997904,0.9997604,0.9997728,0.9997812,0.99977714,0.9997971,0.99979174,0.9997392,0.99980646,0.9993831,0.99978215,0.99979705,0.9997604,0.99974585,0.99977964,0.99976003,0.99965656,0.99975705,0.99980265,0.999826,0.9996629,0.9997657,0.9998442,0.99980074,0.99974287,0.99971145,0.999769,0.9998027,0.9997796,0.9997563,0.9997982,0.99979824,0.99978775,0.9997886,0.9997707,0.99977124,0.9998143,0.99979264,0.99971104,0.9997449,0.99953574,0.9997477,0.9997833,0.99978405,0.9997787,0.9997917,0.99977,0.99980295,0.9997685,0.9997926,0.99974734,0.99976176,0.99980587,0.9997849,0.9997831,0.99977845,0.9997502,0.99975795,0.99976164,0.9997544,0.9997658,0.9996154,0.99976164,0.9997489,0.9997979,0.99977005,0.999806,0.99975765,0.9997731,0.9997604,0.99969655,0.99977076,0.9997543,0.99973947,0.9997841,0.99974126,0.9997659,0.99955326,0.99949807,0.99966913
ipip101,0.9997848,0.9997926,0.99978477,0.9997804,0.99983144,0.99976385,0.99982375,0.99981797,0.99986607,0.999799,0.9997704,0.9997923,0.99979925,0.99977005,0.99970543,0.99978054,0.9998034,0.9997658,0.99981207,0.9997762,0.99981797,0.999765,0.99980927,0.9998517,0.9998236,0.9998763,0.99982935,0.9998348,0.99979466,0.9997913,0.9998131,0.99983627,0.99977976,0.99988616,0.99979013,0.99981993,0.9997972,0.9998007,0.99979335,0.99986345,0.9997691,0.99983066,0.999852,0.9997523,0.99980336,0.9998823,0.99995226,0.9997457,0.9998128,0.99976456,0.999825,0.9995939,0.9998183,0.9997937,0.9997594,0.99984455,0.99969786,0.9997722,0.9997818,0.9998487,0.9997715,0.9997925,0.99978536,0.9998058,0.9997996,0.99975735,0.9998278,0.9998049,0.9998456,0.9997807,0.9997795,0.9998118,0.99965787,0.9997717,0.9997893,0.9994519,0.99977046,0.9997882,0.9998312,0.9998367,0.9997651,0.9998192,0.99975646,0.9997561,0.9998067,0.9997737,0.99980664,0.99976915,0.999696,0.9998055,0.99974716,0.99978304,0.9997701,0.9997095,0.99966407,0.99978954,0.9997611,0.999858,0.9997039,0.9997251,0.9997657,0.99980474,0.99976003,0.99978215,0.99979323,0.9997215,0.99980986,0.99973387,0.9998489,0.9997857,0.9997868,0.9997762,0.99980235,0.9997807,0.9998209,0.999805,0.99978524,0.99981064,0.9997972,0.9997915,0.9998113,0.9997833,0.9998303,0.99981165,0.99978286,0.9997969,0.99984044,0.99980694,0.99982214,0.9997905,0.99979824,0.99957097,0.99976766,0.9996904,0.9997773,0.9998321,0.9998263,0.9998481,0.99979484,0.99976057,0.99976903,0.9998045,0.9997433,0.9998062,0.99979705,0.99966615,0.9997934,0.99985176,0.99976623,0.99983406,0.99982005,0.99980325,0.9997525,0.9996771,0.9997732,0.99981785,0.9998137,0.99981916,0.9996699,0.9998141,0.9997371,0.9998289,0.99978405,0.999748,0.999773,0.9993641,0.9998237,0.99986005,0.9997962,0.99975026,0.99980325,0.9997806,0.9997597,0.99979395,0.9998252,0.99979955,0.99983543,0.9998297,0.99984646,0.999843,0.9997921,0.9998223,0.9997814,0.9998173,0.99967355,0.9997662,0.9998438,0.9998445,0.99984825,0.9998619,0.99983424,0.9998141,0.9998076,0.99981976,0.9998278,0.9997865,0.9998566,0.99985373,0.9998388,0.99999976,0.99986684,0.9998271,0.9998419,0.99981827,0.99985945,0.9998492,0.9998441,0.9996862,0.9998176,0.9997913,0.99980587,0.9997866,0.99982,0.99982363,0.9998184,0.9997701,0.99981135,0.9993992,0.99980277,0.9997963,0.9998067,0.9997496,0.99980855,0.9998157,0.9996748,0.9997855,0.9998195,0.9998204,0.9996755,0.9997907,0.9998447,0.9998067,0.9998039,0.99977565,0.99979347,0.9997836,0.9998665,0.99976456,0.99981934,0.9997878,0.9998111,0.9998013,0.99979454,0.9998594,0.9998009,0.99985194,0.9998008,0.9997962,0.9995645,0.9997823,0.99985266,0.99985015,0.99980325,0.9998499,0.9998135,0.99983215,0.9998081,0.99983567,0.9997898,0.99982697,0.99982905,0.9998004,0.9998187,0.9997783,0.99979347,0.9998018,0.9997932,0.99980706,0.99979997,0.999665,0.9998131,0.999835,0.999834,0.9998301,0.9998388,0.99980795,0.99980915,0.9998588,0.9997573,0.99980116,0.9998143,0.99979395,0.99985236,0.99980056,0.9998049,0.9996399,0.9995581,0.99974185
ipip131,0.9998487,0.9997745,0.9998131,0.9997762,0.9998444,0.9997652,0.9998798,0.99984413,0.9998813,0.9997823,0.9997888,0.99983305,0.99981,0.999774,0.9996906,0.99982935,0.99985373,0.9997594,0.9998421,0.99984086,0.9998684,0.9997969,0.9998371,0.99987406,0.99979925,0.99986124,0.99979115,0.99987984,0.9998195,0.9998079,0.99985605,0.99987125,0.99978626,0.9999201,0.9998684,0.99986243,0.999869,0.99987155,0.99983996,0.9998829,0.9997688,0.99984634,0.99982274,0.9997637,0.99972636,0.999844,0.999853,0.99974394,0.99984723,0.9997578,0.999829,0.9994914,0.9998569,0.99982756,0.9997091,0.99983746,0.99967176,0.9997483,0.99978024,0.99985635,0.9998548,0.99980557,0.9998714,0.9997999,0.99982023,0.9997527,0.9998917,0.99983835,0.99985653,0.99977297,0.99986583,0.99985594,0.9996589,0.99981964,0.99981445,0.99946636,0.9997896,0.9998527,0.9998339,0.9998568,0.9997968,0.9998818,0.9998011,0.9998162,0.99985343,0.9998632,0.99987745,0.99978656,0.99969447,0.9998509,0.9997863,0.9998684,0.999846,0.9997388,0.9996366,0.99974066,0.99985194,0.9998341,0.99970484,0.99967355,0.9998282,0.99987847,0.9998335,0.99980944,0.9998472,0.9996806,0.99986094,0.9997455,0.9999043,0.9998822,0.99987763,0.9997955,0.9998191,0.99982584,0.99990517,0.99982643,0.9998698,0.99989164,0.999871,0.9998697,0.9998828,0.99982846,0.9998693,0.99985707,0.99986124,0.99979436,0.9998868,0.9998654,0.9997958,0.9998152,0.99987775,0.99955285,0.9997771,0.9996941,0.99986887,0.9998618,0.9998403,0.99988425,0.9998916,0.99985355,0.9998536,0.9998505,0.9997676,0.9998513,0.9998421,0.9996791,0.9998432,0.99986345,0.99970216,0.9998528,0.99989915,0.99985564,0.9997459,0.99969035,0.9998789,0.99982566,0.9998293,0.9998386,0.99969953,0.99990255,0.99974567,0.9999002,0.99985933,0.9997568,0.999867,0.99938124,0.9998948,0.99987596,0.9998668,0.9997897,0.9998746,0.9997488,0.999862,0.99984616,0.9998616,0.99987614,0.9998895,0.9998531,0.99986,0.9999,0.99981195,0.999837,0.99981034,0.99984425,0.99964744,0.99982816,0.99991584,0.9999148,0.9999186,0.9998855,0.99990356,0.99989384,0.99988866,0.99986565,0.9998876,0.99987406,0.99993867,0.99989647,0.9998435,0.99986684,0.9999988,0.99990624,0.9998309,0.9999002,0.99987096,0.99983567,0.999911,0.9996099,0.99980724,0.9997634,0.99983305,0.9998493,0.999853,0.9998554,0.9998197,0.99974537,0.99988294,0.999315,0.99984646,0.9998807,0.9998652,0.9998083,0.9998765,0.99983746,0.99969405,0.99987346,0.9999149,0.9998964,0.99960864,0.9997889,0.9999086,0.9998601,0.999859,0.9998145,0.9998818,0.9998163,0.9999051,0.9998364,0.99987775,0.99979496,0.9998694,0.99984044,0.99988866,0.99982023,0.99984807,0.99989337,0.99977237,0.99987775,0.99952596,0.9998179,0.99986637,0.9998673,0.9997955,0.99987906,0.9998328,0.9999184,0.9998739,0.9998755,0.99979156,0.99985516,0.9999081,0.9998012,0.99987364,0.9998306,0.9997872,0.9998676,0.9998301,0.9998247,0.99982935,0.99962425,0.9998949,0.99978775,0.9998584,0.99988836,0.99985975,0.99984545,0.999846,0.9998932,0.9997671,0.9998463,0.99980515,0.99986565,0.9998743,0.999798,0.9998644,0.99958545,0.99951136,0.9997604
ipip161,0.9999053,0.99976647,0.99984145,0.9997681,0.9998738,0.99978596,0.9999289,0.9998169,0.999903,0.99977344,0.9997731,0.9998554,0.99977976,0.9997472,0.99967,0.999841,0.99987125,0.9997699,0.9998543,0.9998339,0.9998869,0.99979794,0.9998686,0.99989897,0.99977976,0.9998859,0.99975455,0.9998966,0.9998241,0.9998201,0.9998792,0.99986297,0.99982226,0.9999044,0.999909,0.9998688,0.999888,0.9999116,0.9998617,0.99989235,0.99973994,0.99985516,0.99982035,0.9997352,0.9997223,0.9998757,0.99981004,0.9997397,0.9998532,0.99973017,0.9998407,0.99944437,0.99986,0.99978846,0.999699,0.9997882,0.99966747,0.99973357,0.9997764,0.99986386,0.9998895,0.99980986,0.9998966,0.9998266,0.9998164,0.99975103,0.99990505,0.99989176,0.9998747,0.9997745,0.9999128,0.99986255,0.9996419,0.999808,0.99979186,0.9993399,0.9997695,0.99985087,0.9998194,0.9998674,0.99982244,0.99990183,0.9997691,0.99987596,0.99986553,0.9999144,0.9998958,0.9997629,0.9996784,0.9998605,0.99979955,0.99992496,0.999852,0.99970406,0.99959975,0.9996762,0.99991256,0.99983495,0.99967533,0.9996046,0.99981475,0.9999166,0.99984634,0.9998195,0.99985623,0.99963665,0.9998933,0.9997631,0.9998862,0.99991363,0.9999167,0.9998034,0.99980634,0.99980444,0.9999075,0.99978286,0.99989617,0.99991673,0.999905,0.9998123,0.9998914,0.9997959,0.99988824,0.999871,0.9998934,0.999788,0.99985164,0.9998545,0.999809,0.99979115,0.9998964,0.99945086,0.99974614,0.9996654,0.9998842,0.99988455,0.9998692,0.99987257,0.9999215,0.999919,0.9999125,0.9998723,0.99975246,0.9998605,0.9998642,0.99966323,0.9998569,0.9998809,0.99964917,0.99986124,0.9999288,0.99983764,0.9996805,0.99962527,0.99992234,0.9998208,0.9998177,0.99981743,0.9996525,0.99993324,0.9996833,0.9999197,0.99987507,0.9997581,0.9999234,0.9992784,0.99990165,0.9998522,0.9998707,0.9997828,0.9999317,0.9997207,0.99991655,0.9998696,0.9998913,0.9998898,0.9999203,0.99989873,0.9998686,0.9999031,0.9997886,0.9998233,0.99979013,0.9998221,0.9996007,0.99979776,0.99993205,0.99993515,0.999935,0.9998233,0.9999198,0.9999064,0.9999042,0.9998946,0.99991226,0.9999194,0.9999441,0.9999467,0.9998049,0.9998271,0.99990624,0.9999982,0.9998135,0.9999191,0.9999014,0.9998644,0.9999401,0.99958056,0.99978167,0.99974144,0.99983996,0.99984527,0.99989045,0.99985033,0.9997759,0.9997209,0.99985594,0.9992049,0.9998318,0.99986506,0.99989736,0.9997749,0.9998618,0.9998022,0.9996633,0.9998971,0.99995166,0.99990827,0.9995624,0.9997845,0.99990284,0.99987894,0.99988043,0.99984765,0.99990094,0.9997977,0.9998915,0.99979323,0.9998824,0.9997691,0.9998642,0.9998178,0.99989814,0.9998083,0.999815,0.9998943,0.9997729,0.99992156,0.99946266,0.9998065,0.9998924,0.99989945,0.99975926,0.9999012,0.9998069,0.99989027,0.9998853,0.9998924,0.999753,0.99988085,0.99991006,0.99976206,0.9998322,0.9997165,0.9997759,0.99985594,0.9998031,0.99982923,0.9998185,0.99958575,0.99993306,0.999776,0.99984735,0.99990433,0.99985087,0.999829,0.99982876,0.9998795,0.99975634,0.99985725,0.9998154,0.9998933,0.99984944,0.999807,0.9998602,0.99954957,0.99942654,0.99974775
ipip191,0.9997121,0.99977064,0.9997206,0.99978197,0.9997893,0.9997596,0.9997572,0.99978614,0.9997957,0.9997949,0.99972427,0.99972755,0.999746,0.99972725,0.9996347,0.9997332,0.99974906,0.999698,0.9997504,0.99974287,0.9997897,0.9997337,0.9997611,0.9997994,0.99970424,0.9997921,0.99979603,0.9998012,0.99974054,0.99974114,0.9997348,0.9998,0.99972934,0.99979234,0.99972636,0.999762,0.99973136,0.99972475,0.9997313,0.9997769,0.99975276,0.9997821,0.9997988,0.9996808,0.99978334,0.9997832,0.99979496,0.999664,0.9997478,0.9997212,0.99977416,0.99960244,0.99978757,0.9997828,0.99969465,0.9997928,0.99964255,0.9997471,0.9997741,0.9997914,0.99971914,0.99974793,0.99973464,0.9997332,0.9997268,0.999684,0.9997781,0.99975145,0.999764,0.9997622,0.9997229,0.99976355,0.9996623,0.9997414,0.9997536,0.9994999,0.99973816,0.9997514,0.99977034,0.9997789,0.9997067,0.99975824,0.99971044,0.9996766,0.9997606,0.99971026,0.99975073,0.99972737,0.99963135,0.99973077,0.99969554,0.99972385,0.9997402,0.9997066,0.99962574,0.9997207,0.9997052,0.99981916,0.99967504,0.99968845,0.99972016,0.9997465,0.9997135,0.99972403,0.99974746,0.99975115,0.99979347,0.9997155,0.9998268,0.99974376,0.9997352,0.9997199,0.9997771,0.9997603,0.99976546,0.9997618,0.9997412,0.9997478,0.99975085,0.99976176,0.9997514,0.99972534,0.99980384,0.99975157,0.9997338,0.9997393,0.99984574,0.999777,0.99975777,0.9997651,0.99974066,0.9995202,0.99974847,0.9996502,0.99973744,0.9997793,0.99978614,0.99980956,0.99974555,0.99972266,0.9997021,0.99976826,0.99969506,0.99977386,0.99974024,0.99967414,0.9997383,0.9997698,0.9997324,0.99976283,0.9997744,0.99976313,0.9997094,0.9996454,0.99970883,0.9997697,0.9997636,0.99978846,0.9996864,0.9997609,0.9997243,0.9997889,0.999735,0.9996862,0.99973124,0.99936754,0.99977344,0.99977785,0.99975646,0.99971724,0.99976796,0.99974406,0.99969774,0.99972206,0.99974513,0.999738,0.99979883,0.9997925,0.99979496,0.9998045,0.99978185,0.99977094,0.99974674,0.999773,0.99965584,0.9997431,0.9997885,0.99978834,0.9997911,0.9998184,0.99979097,0.99976236,0.9997566,0.9997451,0.99976575,0.9997218,0.9998396,0.9997954,0.9997994,0.9998419,0.9998309,0.9998135,0.9999964,0.9997832,0.9998274,0.99977005,0.9997787,0.99969107,0.9998288,0.99976873,0.99978167,0.99974686,0.99973327,0.9997701,0.99977535,0.9997093,0.99977624,0.9994158,0.9997758,0.9997466,0.99975044,0.99970573,0.99977607,0.99977183,0.999647,0.9997398,0.9997758,0.99980736,0.99980056,0.9997589,0.9998344,0.99976605,0.9997388,0.99969685,0.99974567,0.9997552,0.9997824,0.9997458,0.99978274,0.9997682,0.99977356,0.9997949,0.9997496,0.9997772,0.99978185,0.9998131,0.9997798,0.99974906,0.9995975,0.99977314,0.9997904,0.9997842,0.99977833,0.9997858,0.9997881,0.9998286,0.99981856,0.9997904,0.9997862,0.99979085,0.99979305,0.9997662,0.99981016,0.99978733,0.9997632,0.99978274,0.99976593,0.99973696,0.99976707,0.9996483,0.99976784,0.999796,0.99976486,0.99978256,0.99977756,0.9997761,0.99977845,0.9997597,0.99967575,0.999773,0.9997587,0.9997458,0.99981695,0.9997448,0.9997722,0.9996632,0.9995912,0.9997296
ipip221,0.9999027,0.9997715,0.99984586,0.9997779,0.99986786,0.9997899,0.9999101,0.99980414,0.9998859,0.99977523,0.9998031,0.99985504,0.99979514,0.9997502,0.9996792,0.99984235,0.9998664,0.9997531,0.999859,0.9998353,0.99989,0.99979395,0.99986506,0.99986136,0.9997746,0.99989045,0.9997624,0.9998833,0.9998349,0.9998529,0.99988854,0.99985635,0.9998173,0.9998918,0.9999007,0.99987316,0.99988955,0.99989456,0.9998542,0.9998728,0.99977064,0.99986696,0.99982923,0.99983215,0.99972516,0.99987537,0.9998127,0.9997332,0.9998602,0.99973947,0.999817,0.99943864,0.9998692,0.99978334,0.9996897,0.9998327,0.9996885,0.9997623,0.9997916,0.999875,0.99988437,0.9998253,0.99989676,0.9998254,0.9998044,0.9997547,0.99989974,0.999872,0.9998738,0.9997691,0.999911,0.9998738,0.99964035,0.9998206,0.9998037,0.999426,0.9997677,0.9998649,0.9998421,0.9998788,0.99979746,0.9999095,0.99980277,0.9998691,0.9998728,0.99990577,0.9998968,0.9997798,0.9996985,0.9998563,0.9998082,0.999911,0.99985886,0.9997222,0.9996376,0.99970394,0.9998971,0.9998285,0.9997162,0.99966836,0.99984664,0.99991035,0.9998454,0.99982345,0.99985766,0.9996474,0.99988526,0.99971956,0.9998763,0.9999056,0.99992317,0.9998179,0.9998245,0.99982494,0.9999055,0.9998032,0.99989533,0.99989843,0.99990356,0.99984175,0.9999104,0.9998423,0.99989605,0.99988,0.9999015,0.999793,0.99986696,0.9998757,0.99980646,0.99980783,0.9999096,0.9994672,0.9997712,0.9996756,0.9998915,0.9998869,0.99983764,0.9998819,0.99992913,0.99990255,0.9999051,0.99985695,0.9997674,0.999829,0.99985933,0.9996809,0.9998644,0.99988556,0.9996897,0.99987173,0.99991316,0.9998482,0.99970686,0.9996495,0.99991894,0.99983716,0.9998377,0.99983346,0.99969274,0.9999224,0.9997179,0.9999203,0.99986243,0.9997405,0.99990034,0.99935526,0.9999155,0.99983656,0.9998767,0.99981326,0.99991536,0.9997507,0.99991584,0.99988115,0.9999063,0.99994844,0.9998948,0.9998629,0.9998371,0.9998799,0.9997783,0.999853,0.9998228,0.9998518,0.99964756,0.9998202,0.99992085,0.9999213,0.9999246,0.9998271,0.99991375,0.99996585,0.9999699,0.9999107,0.99992114,0.99995595,0.9999555,0.99992937,0.999815,0.99981827,0.9999002,0.9999191,0.9997832,0.9999968,0.99989414,0.9998393,0.9999154,0.99955714,0.9997657,0.99973327,0.99985266,0.9998457,0.99989945,0.9998593,0.99980587,0.99972886,0.9998846,0.9992253,0.999844,0.9998767,0.9998966,0.9998549,0.9998944,0.99981165,0.99974954,0.9999321,0.9999202,0.99988174,0.9995334,0.9997707,0.99987364,0.9998864,0.9998653,0.9998417,0.9999227,0.99980116,0.99987143,0.99982,0.99989223,0.99978954,0.9998718,0.99982786,0.9999592,0.9998135,0.9999049,0.99989134,0.9997634,0.9999148,0.99951565,0.9998246,0.99989367,0.999895,0.9997863,0.999899,0.99982554,0.99988884,0.99987125,0.9998644,0.9997756,0.99985135,0.999965,0.99979067,0.9998855,0.9997832,0.99977565,0.999878,0.9998253,0.99979657,0.99983484,0.99961394,0.99992144,0.99977434,0.9998435,0.9999127,0.9998365,0.9998247,0.9998422,0.9998645,0.9997517,0.99986523,0.99980277,0.9999042,0.99983865,0.9997811,0.99988234,0.9995645,0.99946105,0.99975365
ipip251,0.999886,0.9998076,0.99985826,0.9998014,0.9998812,0.99981093,0.9998771,0.9998042,0.99988663,0.99979436,0.9997827,0.9998562,0.9997964,0.9997603,0.999729,0.9998165,0.99984896,0.99978334,0.9998455,0.99980235,0.9998961,0.99980664,0.9998748,0.99987537,0.9997983,0.9998784,0.99980307,0.99989235,0.9998241,0.99981976,0.99987954,0.99986273,0.999805,0.9998775,0.9998579,0.99986356,0.9998464,0.99985415,0.99984074,0.9998624,0.9997762,0.9998632,0.99985665,0.9997552,0.9997985,0.99990374,0.9998692,0.99976474,0.99985284,0.99977416,0.99983776,0.99952555,0.9998635,0.9997811,0.9997345,0.999825,0.99969184,0.999757,0.99980646,0.9998613,0.9998698,0.99985427,0.9998809,0.9998666,0.9998338,0.9997971,0.9998621,0.99984914,0.9998427,0.9997715,0.99987227,0.9998727,0.9996886,0.9998216,0.999815,0.99941754,0.99977547,0.9998391,0.999863,0.9998876,0.9998038,0.9998833,0.99979365,0.99983865,0.9998632,0.99984896,0.9998501,0.99977773,0.99969083,0.99982375,0.9998022,0.99987346,0.9998319,0.99974495,0.9996629,0.99974823,0.9998464,0.99984527,0.9997272,0.9996694,0.9998319,0.9998845,0.99982965,0.9998308,0.9998494,0.9996972,0.9998492,0.99974567,0.9998671,0.99985623,0.9998737,0.999823,0.99984264,0.9998135,0.99986166,0.9998208,0.9998556,0.99986464,0.9998607,0.99979824,0.9998926,0.9998479,0.99995756,0.9999282,0.99986726,0.9997992,0.9998807,0.99985135,0.9998242,0.9998039,0.99987626,0.9995299,0.9998155,0.9997119,0.99985594,0.99989754,0.99986035,0.9998623,0.9998735,0.9998549,0.99986386,0.9998459,0.99979424,0.9998349,0.9998631,0.99968785,0.9998441,0.99984616,0.9997238,0.9998574,0.99988353,0.9998325,0.99972934,0.9997039,0.9998717,0.99985343,0.9998522,0.999851,0.9997045,0.99987584,0.9997663,0.9999061,0.99984384,0.99978113,0.9998502,0.9993344,0.99986964,0.9998559,0.9998587,0.9998108,0.9998933,0.9997865,0.9998628,0.9998616,0.99986774,0.999867,0.9998834,0.9998551,0.9998574,0.9998808,0.9998079,0.9998511,0.99984473,0.9998396,0.9996693,0.99984276,0.999892,0.99989617,0.99989676,0.9998278,0.99987394,0.9998833,0.99987817,0.9998786,0.99990296,0.9998669,0.9999042,0.9999063,0.9998056,0.99985945,0.99987096,0.9999014,0.9998274,0.99989414,0.9999965,0.9999036,0.99989444,0.9996345,0.9998151,0.9997821,0.99990237,0.99983174,0.99988467,0.9999242,0.9998413,0.99982333,0.99983597,0.9992956,0.9998268,0.999838,0.9998769,0.9997767,0.9998743,0.9998581,0.99970686,0.99985564,0.9998856,0.99986976,0.9996468,0.9997939,0.9998828,0.9998894,0.99987614,0.999849,0.99988383,0.9998356,0.99987066,0.999799,0.9998714,0.99981904,0.9998624,0.9998386,0.999857,0.9998214,0.9998384,0.9998775,0.9998167,0.9998822,0.9995543,0.9998433,0.9998759,0.9998728,0.99979484,0.99987954,0.9998284,0.9998813,0.9998717,0.9998743,0.9998204,0.99986845,0.99988455,0.99980265,0.9998404,0.99974793,0.99978817,0.999855,0.99982953,0.99982107,0.9998404,0.9996952,0.9998817,0.99980766,0.9998461,0.999874,0.9998626,0.9998422,0.999848,0.9998633,0.99980026,0.9998696,0.99981767,0.9998559,0.9998448,0.99980235,0.99984384,0.99961376,0.9994918,0.999759
ipip281,0.999828,0.99977064,0.9998081,0.9997615,0.99984264,0.99980116,0.99982756,0.9997604,0.9998703,0.99976313,0.9997764,0.999822,0.99977255,0.99973553,0.99968714,0.99977887,0.9998024,0.99978375,0.99981844,0.9997652,0.9998447,0.9997795,0.99985576,0.99987483,0.9998211,0.9998505,0.99977136,0.9998312,0.99979013,0.99979687,0.99987364,0.99982476,0.99979705,0.99985373,0.99981225,0.999845,0.99980366,0.9998066,0.9998147,0.9998402,0.99973345,0.9998064,0.99983394,0.99973017,0.9997976,0.9999,0.9998815,0.9997496,0.99983555,0.99975264,0.9998206,0.9995197,0.9998234,0.9997428,0.99975526,0.9997731,0.9996686,0.9997189,0.99976563,0.9998335,0.99983644,0.99983424,0.99983495,0.9998657,0.9998295,0.9997655,0.9998166,0.9998188,0.99983567,0.999751,0.999836,0.9998437,0.99968547,0.9997879,0.99979144,0.99935937,0.99975073,0.99979216,0.99984723,0.9998776,0.99979824,0.999846,0.9997654,0.9998091,0.99981797,0.9998003,0.9998043,0.9997414,0.9996849,0.9997993,0.99978983,0.9998417,0.99979955,0.99973077,0.99965847,0.99973154,0.9998194,0.9998565,0.9996908,0.99964464,0.9997894,0.99988353,0.99980485,0.99982387,0.9998271,0.99966025,0.9998036,0.9997533,0.9998226,0.999804,0.9998174,0.9998057,0.9998067,0.99976337,0.9998125,0.99980193,0.99981904,0.99984276,0.99981314,0.9997598,0.9998374,0.9997979,0.99985725,0.99985486,0.99983287,0.99978894,0.9998003,0.9997783,0.9998458,0.9997437,0.99984676,0.9995163,0.9997825,0.99970084,0.9998308,0.99985355,0.99985003,0.9998285,0.9998133,0.9998166,0.9998311,0.9998217,0.99974996,0.9998248,0.9998288,0.9996573,0.9998073,0.9998435,0.9996902,0.999819,0.99987876,0.9998468,0.99974006,0.99968606,0.999833,0.9998316,0.99983144,0.99981844,0.999657,0.99982667,0.99973494,0.9998658,0.99981636,0.99979335,0.9998172,0.99932367,0.99982107,0.9998672,0.9998294,0.99977916,0.9998659,0.9997682,0.9998288,0.9998645,0.9998738,0.9998172,0.99983543,0.9998329,0.9998468,0.9998367,0.99977046,0.99984306,0.9998248,0.99983424,0.9996285,0.99977684,0.9998554,0.9998622,0.9998606,0.9998266,0.999829,0.99983984,0.99983543,0.99987835,0.99985814,0.99982685,0.9998551,0.9998596,0.99980515,0.9998492,0.99983567,0.9998644,0.99977005,0.9998393,0.9999036,0.99999857,0.9998726,0.9996515,0.9997655,0.99976194,0.9998157,0.99978274,0.99988145,0.9998596,0.9998148,0.99979615,0.9997964,0.9992944,0.99978983,0.99980676,0.99986005,0.99974024,0.9998073,0.9998345,0.99967134,0.9998201,0.99982935,0.9998377,0.99959594,0.9997887,0.99983466,0.9998421,0.9998374,0.99981165,0.99983484,0.9998111,0.99986374,0.9997661,0.9998505,0.999787,0.99982905,0.99979347,0.999808,0.99982095,0.9997801,0.99983203,0.99979717,0.999851,0.9995175,0.99981135,0.9998617,0.9998649,0.9997761,0.9998687,0.999806,0.99982196,0.99980545,0.9998785,0.9997892,0.99984324,0.9998339,0.9997947,0.99978364,0.99970156,0.9997649,0.9998069,0.9998065,0.99985075,0.9998268,0.9996506,0.999832,0.9997884,0.9998546,0.9998262,0.9998492,0.99981743,0.99982417,0.9998557,0.99977565,0.9998266,0.9998228,0.9997982,0.99979883,0.999816,0.9997777,0.99959385,0.99946725,0.9997306
ipip16,0.9999129,0.9997847,0.99985415,0.9997898,0.9998787,0.9997783,0.9999256,0.9998309,0.99993247,0.9997918,0.9998003,0.9998668,0.99981076,0.99977297,0.9997028,0.99985486,0.9998824,0.9997945,0.9998729,0.99984914,0.9998957,0.9998115,0.9998808,0.99991167,0.9997971,0.9998921,0.9997797,0.999903,0.9998371,0.9998358,0.99993587,0.99988145,0.99983126,0.99992377,0.9999096,0.9998808,0.99989367,0.99991244,0.9998656,0.9998894,0.99977434,0.9998663,0.99985117,0.99977255,0.99975336,0.99987787,0.99983776,0.99976134,0.99986756,0.99976647,0.99983793,0.99944735,0.9998768,0.99980193,0.9997395,0.99982977,0.9996845,0.9997438,0.9997864,0.9998789,0.9998891,0.99983585,0.99990594,0.99984735,0.9998318,0.9997779,0.9999126,0.9998793,0.9998802,0.99976724,0.9999152,0.99988145,0.9996536,0.9998256,0.9998156,0.99938494,0.9997744,0.9998626,0.99986494,0.99990535,0.9998321,0.9999131,0.9997954,0.9998807,0.9998704,0.9999111,0.9998985,0.9997912,0.9997127,0.9998738,0.99980783,0.9999239,0.99986106,0.99971753,0.9996366,0.9997221,0.99990106,0.9998654,0.9997011,0.9996435,0.99983,0.9999411,0.9998574,0.9998332,0.9998641,0.9996591,0.9998895,0.9997651,0.9998979,0.9999121,0.99991995,0.99982256,0.99981886,0.9998243,0.9999223,0.9998228,0.9999055,0.9999181,0.99991196,0.999841,0.99992424,0.9998411,0.9998942,0.9998968,0.9998952,0.99984133,0.999864,0.99986607,0.9998424,0.9998138,0.9999043,0.9995113,0.99977833,0.9997085,0.9998903,0.9998984,0.99986833,0.99988467,0.9999294,0.9999078,0.9999146,0.9998823,0.9997836,0.9998754,0.9998722,0.9996817,0.99986637,0.9998808,0.9996902,0.99986655,0.99994683,0.9998817,0.99971944,0.9996695,0.9999283,0.9998472,0.9998518,0.99983835,0.99967355,0.9999371,0.99972725,0.99993235,0.9998838,0.9997942,0.99991393,0.99932903,0.9999067,0.9998633,0.99986863,0.99979466,0.99991363,0.99973285,0.99990356,0.99989814,0.9999424,0.999916,0.9999138,0.9998791,0.9998966,0.99992543,0.99980783,0.9998893,0.9998209,0.9998881,0.9996277,0.99984187,0.9999466,0.9999535,0.9999489,0.9998593,0.99991983,0.9999281,0.99992055,0.99994856,0.99991655,0.9999251,0.99992955,0.9999297,0.9998243,0.9998441,0.999911,0.9999401,0.9997787,0.9999154,0.99989444,0.9998726,0.9999962,0.9996154,0.9998087,0.99978477,0.9998513,0.9998598,0.9999368,0.99989396,0.99982846,0.99977064,0.99988025,0.99923795,0.99984664,0.999877,0.99990124,0.9998126,0.9999027,0.9998456,0.9996948,0.99990237,0.9999568,0.99991184,0.9995558,0.9997881,0.99990726,0.99989533,0.9998955,0.9998616,0.99992144,0.9998314,0.9999083,0.9998091,0.9998926,0.9997937,0.99987817,0.99982107,0.99991107,0.99983966,0.99984324,0.9999045,0.99978185,0.99991876,0.99949396,0.99981576,0.99989915,0.99990356,0.99978167,0.99990827,0.99982595,0.999894,0.9998714,0.9999085,0.99977887,0.9998815,0.9999204,0.9998303,0.99985033,0.99972737,0.9997825,0.99986815,0.9998293,0.9998561,0.9998488,0.99962574,0.9999238,0.9997825,0.9998916,0.9999065,0.99988437,0.9998522,0.9998542,0.99989766,0.9997928,0.9998659,0.9998421,0.99990004,0.99986255,0.99983007,0.99987733,0.9995652,0.9994528,0.9997571
ipip46,0.9995116,0.9996468,0.9995822,0.99962217,0.99960035,0.99967396,0.9995515,0.9996403,0.9996827,0.99964476,0.9996121,0.9995979,0.99961644,0.99961555,0.9996016,0.99959487,0.99959815,0.9996168,0.99961555,0.9995924,0.9996108,0.9996075,0.99959946,0.9996767,0.9996058,0.9996274,0.9996587,0.99963534,0.99961746,0.9996067,0.9995852,0.99967736,0.99964607,0.9996247,0.9995434,0.9995905,0.99956745,0.99952805,0.99960715,0.99962544,0.9996011,0.99960685,0.9996277,0.999551,0.99970436,0.9996155,0.99965864,0.99958736,0.9995873,0.99961674,0.99961036,0.99952954,0.9995755,0.9996481,0.99962527,0.99965185,0.99952906,0.99967724,0.9996377,0.9996648,0.99955106,0.99961275,0.99955404,0.99964786,0.9996277,0.99962574,0.9996066,0.99960506,0.99961466,0.99966735,0.9995094,0.9995924,0.9995837,0.99954456,0.99964875,0.99944514,0.9996371,0.9995922,0.99967104,0.999664,0.99961585,0.9995799,0.9995602,0.9995326,0.99959975,0.99952894,0.9995802,0.9996438,0.99962705,0.9996164,0.9995992,0.99952734,0.9995768,0.9995782,0.99959266,0.99958175,0.9995006,0.9996766,0.99960834,0.9995819,0.9995866,0.9995897,0.99958223,0.9996197,0.9996135,0.9996597,0.9995997,0.99959135,0.9996535,0.9995503,0.99956477,0.9995985,0.99963355,0.9996266,0.9995937,0.9996507,0.9995897,0.9996126,0.99957055,0.9996327,0.99955696,0.99958175,0.9996056,0.99959,0.9995411,0.9996309,0.9996578,0.99959046,0.99965566,0.99960446,0.99953264,0.9994636,0.9995898,0.9995935,0.99952406,0.999615,0.99966174,0.9996435,0.9995324,0.99950314,0.9995238,0.9996212,0.9996289,0.99960387,0.999609,0.9995981,0.9996026,0.9996136,0.9996513,0.9996247,0.99959445,0.99962896,0.99963546,0.99958575,0.9995105,0.9996384,0.9996294,0.99958086,0.9995654,0.9995572,0.99957734,0.99959046,0.9995657,0.9996187,0.9995416,0.99931455,0.999568,0.99964416,0.99956423,0.9995422,0.99951744,0.99962014,0.9994941,0.99957764,0.99959934,0.999543,0.9996506,0.9997022,0.9997384,0.99963295,0.99966663,0.9996698,0.9995921,0.9996702,0.9996281,0.99956936,0.99959934,0.9996002,0.9996071,0.9996955,0.99960244,0.999564,0.9995631,0.9996071,0.9995915,0.9995158,0.9996132,0.99956584,0.99965274,0.9996862,0.9996099,0.99958056,0.99969107,0.99955714,0.9996345,0.9996515,0.9996154,0.9999972,0.9996962,0.99978405,0.9996209,0.9996054,0.99959564,0.9996396,0.999681,0.9996441,0.9996229,0.999511,0.99966806,0.9996012,0.99956274,0.9995517,0.99959916,0.9996557,0.99953777,0.99954283,0.9995675,0.9996361,0.9997139,0.9996902,0.99965197,0.99959064,0.9996064,0.9995837,0.9995477,0.9996229,0.9995939,0.9995559,0.99958533,0.99962145,0.9995952,0.9996234,0.9995391,0.99967784,0.99961543,0.99963903,0.9996259,0.99952126,0.9994665,0.99957156,0.99964124,0.999639,0.99966884,0.9996432,0.99965376,0.9996042,0.9996088,0.9996134,0.9995916,0.9996254,0.9995777,0.99965554,0.99960893,0.99957687,0.99966294,0.9995736,0.9995949,0.99959445,0.99961907,0.99960375,0.9995548,0.99970543,0.99962986,0.999581,0.99964243,0.9996235,0.9995978,0.9995703,0.9996105,0.9995944,0.9996419,0.99954647,0.99965274,0.99963367,0.9996035,0.99960214,0.99951965,0.99958545
ipip76,0.9997266,0.9997648,0.9997423,0.99975085,0.9997565,0.9997244,0.9997651,0.9997917,0.999833,0.99975836,0.99972105,0.99975216,0.99978244,0.99973977,0.9997077,0.99974144,0.99977165,0.9997269,0.99977875,0.99977016,0.9998003,0.9997475,0.9997869,0.9998205,0.9997202,0.99980575,0.9997912,0.99981743,0.99976504,0.9997662,0.9997517,0.99985504,0.99976057,0.9997945,0.99975395,0.99977136,0.99975187,0.99974364,0.99977684,0.9997722,0.9997659,0.9998201,0.9997835,0.99970925,0.9997506,0.9997669,0.9997909,0.9996843,0.999747,0.9997331,0.999776,0.9995772,0.9997909,0.99977934,0.99972266,0.9998138,0.9996123,0.99977636,0.9997641,0.99981225,0.9997328,0.99974734,0.9997475,0.9997152,0.999762,0.99974155,0.9997769,0.9997656,0.99977523,0.9997782,0.9997181,0.99978197,0.9996527,0.9997326,0.99975485,0.9995423,0.99973255,0.9997538,0.99980056,0.9997936,0.99975705,0.99976265,0.9997131,0.9996814,0.9997586,0.99971247,0.9997424,0.99977314,0.99966913,0.9997379,0.9997272,0.99972236,0.99973977,0.9997043,0.99963546,0.9997424,0.99969715,0.9998108,0.9996867,0.9996954,0.99974155,0.9997595,0.99974513,0.9997589,0.9997495,0.9998902,0.9997508,0.9997379,0.99987257,0.9997512,0.9997534,0.99973667,0.99976796,0.99978054,0.999769,0.99978256,0.99976265,0.9997609,0.99974644,0.9997888,0.99978626,0.99978167,0.9998229,0.99979603,0.9997394,0.9998224,0.99987304,0.9998222,0.9997879,0.9998038,0.999751,0.99960804,0.99977595,0.9996978,0.9997379,0.99980354,0.9997975,0.9998296,0.99976563,0.99971586,0.9997085,0.9998143,0.99975556,0.99981797,0.9997507,0.9997112,0.9997598,0.9997792,0.99979067,0.9997736,0.9997774,0.99977237,0.9997125,0.99968827,0.99972,0.99981195,0.9997944,0.99977094,0.99966633,0.99977154,0.999755,0.9997952,0.9997356,0.9997313,0.999737,0.9993945,0.99977624,0.9997894,0.9997483,0.9997047,0.9997403,0.9997383,0.9997015,0.99973303,0.99976766,0.9997582,0.99979913,0.9997811,0.99980444,0.9998297,0.9998054,0.9998136,0.99973994,0.9998086,0.99965763,0.9997765,0.9998007,0.99980646,0.99980676,0.9998244,0.999786,0.99977577,0.9997665,0.999768,0.99977815,0.99973524,0.9998195,0.99976605,0.9997904,0.9998176,0.99980724,0.99978167,0.9998288,0.9997657,0.9998151,0.9997655,0.9998087,0.9996962,0.999998,0.9998114,0.99980545,0.99978167,0.9997558,0.9998125,0.99982035,0.9997584,0.99978155,0.9994391,0.99977094,0.99976605,0.999759,0.9997254,0.99979985,0.99978316,0.99966145,0.9997433,0.9997864,0.9998232,0.9997723,0.99979705,0.99984807,0.9997774,0.9997688,0.9997256,0.9997632,0.99977213,0.99977773,0.9997432,0.9997872,0.9997896,0.99977225,0.99979347,0.9997497,0.9997918,0.9997996,0.9998537,0.9997555,0.99974334,0.9995942,0.9997687,0.9997996,0.9997948,0.9998108,0.9998023,0.9998047,0.9998041,0.9997973,0.9997784,0.99976724,0.9998031,0.99979764,0.9997915,0.9998122,0.9997514,0.9998012,0.99978197,0.9997985,0.99975437,0.99979573,0.9996804,0.9997707,0.9998062,0.99976116,0.9997951,0.9997944,0.99980766,0.9998038,0.99976134,0.9997206,0.9997865,0.99977034,0.99975806,0.9998647,0.99976957,0.99981564,0.99963135,0.99955624,0.9997198
ipip106,0.9996952,0.9997182,0.9997171,0.99970746,0.9997396,0.99970114,0.9997336,0.99978775,0.9998343,0.99972534,0.99974084,0.99972445,0.99975896,0.999724,0.9996769,0.9997401,0.99975836,0.99976206,0.9997533,0.99975055,0.99976975,0.99972606,0.9997482,0.9998089,0.9996852,0.9997901,0.999793,0.9997957,0.99976176,0.9997408,0.99973273,0.99982095,0.9997843,0.9997619,0.9997215,0.99973786,0.9997458,0.9997162,0.99974513,0.99975467,0.9998171,0.999803,0.99973446,0.9997271,0.9997277,0.9997617,0.9997674,0.9996592,0.9997472,0.9997748,0.99976164,0.9995982,0.99975216,0.9997631,0.99973464,0.9997965,0.9996342,0.99978423,0.9997553,0.99978906,0.9996851,0.9997093,0.9996984,0.99973667,0.99970734,0.9996937,0.999741,0.999721,0.9997395,0.9997369,0.99969256,0.99974775,0.9996388,0.9997167,0.99971193,0.999499,0.9997253,0.9997307,0.99980146,0.99979585,0.9997079,0.99973035,0.99968725,0.9996727,0.9997394,0.999699,0.99972653,0.9997407,0.99966365,0.9997355,0.9997027,0.9996909,0.99971426,0.99967146,0.9996265,0.99970365,0.99967325,0.99980116,0.999677,0.9996692,0.9997072,0.9997309,0.9997018,0.9997197,0.9997161,0.9997236,0.99973047,0.9996778,0.9997853,0.9997198,0.9997329,0.999721,0.9997427,0.9997544,0.9997403,0.9997648,0.99973446,0.9997374,0.9997314,0.9997332,0.9997397,0.9997538,0.99977535,0.9997503,0.9997305,0.99976236,0.9998124,0.99979144,0.9997756,0.999766,0.99971753,0.999545,0.9997316,0.99969614,0.99972004,0.99976975,0.99978495,0.99980384,0.99974287,0.9996885,0.9996831,0.99975985,0.99973446,0.99976134,0.99973524,0.9997074,0.99972606,0.99974245,0.999871,0.9997682,0.9997409,0.99973947,0.99967575,0.99963933,0.99969095,0.99975765,0.99975103,0.99973136,0.99965113,0.9997269,0.99972785,0.9997631,0.9997304,0.99971265,0.99971604,0.99944127,0.9997607,0.99973357,0.9997335,0.99969596,0.99969804,0.99972326,0.99969155,0.9997321,0.99976027,0.99974275,0.9997884,0.9998165,0.99984634,0.9997924,0.99977255,0.99979746,0.99972266,0.99980456,0.99968374,0.9997316,0.9997678,0.9997697,0.99977475,0.9997748,0.99975026,0.99974316,0.99974054,0.99976015,0.99974066,0.9997054,0.9997628,0.99975014,0.9997604,0.9997913,0.9997634,0.99974144,0.99976873,0.99973327,0.9997821,0.99976194,0.99978477,0.99978405,0.9998114,0.99999875,0.99976003,0.9997421,0.9997692,0.99978375,0.99980885,0.9997583,0.99974567,0.9994135,0.99974597,0.9997263,0.99971837,0.9997094,0.9997729,0.9997679,0.9996535,0.9997156,0.9997536,0.99978215,0.9996731,0.9997631,0.99980533,0.99975973,0.99971735,0.9996951,0.99971825,0.9997579,0.9997436,0.9997267,0.9997515,0.99976254,0.9997488,0.99974823,0.99972504,0.9997535,0.99977803,0.9997855,0.9997328,0.9996978,0.99957,0.99972695,0.99977213,0.9997655,0.99978733,0.99977607,0.99978775,0.9997564,0.9997559,0.99975693,0.9997373,0.999758,0.99975604,0.999786,0.99977505,0.9997069,0.9997694,0.99975425,0.9997363,0.99971735,0.9997384,0.9996485,0.99973875,0.99979115,0.99975055,0.99975854,0.9997846,0.99974394,0.9997531,0.99970657,0.99968785,0.99973744,0.9997687,0.99974084,0.99978125,0.9997544,0.9997821,0.9996026,0.9995803,0.999696
ipip136,0.99983317,0.99977523,0.9998251,0.99976623,0.99981964,0.9997672,0.9998386,0.9997804,0.9998557,0.99976635,0.9997593,0.99982685,0.99978024,0.99975413,0.9997099,0.9997835,0.9998252,0.9997629,0.99981743,0.9997854,0.99986106,0.9997646,0.99983114,0.9998442,0.9997598,0.9998418,0.9997789,0.99986535,0.99980026,0.9998095,0.999825,0.999839,0.9997754,0.99982876,0.99981856,0.99982905,0.99981415,0.9998162,0.99981266,0.9998264,0.9997604,0.9998325,0.9998051,0.9997328,0.99975204,0.99982274,0.9998018,0.99973047,0.9998069,0.9997501,0.9998017,0.99951375,0.9998246,0.9997707,0.99973655,0.9998173,0.9996595,0.99976563,0.99978477,0.99984795,0.99981207,0.99979615,0.99982226,0.9997975,0.99978614,0.9997602,0.99982494,0.9998161,0.9998143,0.9997649,0.9998268,0.9998367,0.9996856,0.9997866,0.9997906,0.99944603,0.99975395,0.99980855,0.9998311,0.9998442,0.99978113,0.99983716,0.99975646,0.9997883,0.999829,0.99980664,0.9998087,0.99977064,0.9996824,0.99979085,0.99976784,0.99981403,0.9997885,0.9997176,0.99964947,0.99971294,0.99979645,0.99981135,0.9997182,0.999665,0.9997864,0.9998386,0.99979305,0.99978995,0.99980634,0.99968326,0.9998091,0.9997054,0.9998308,0.9998165,0.9998328,0.99978125,0.9998108,0.999785,0.9998227,0.9998013,0.9998148,0.9998245,0.99981785,0.9997998,0.99985546,0.99981374,0.99990463,0.99988174,0.9998236,0.99978083,0.99986994,0.99985063,0.99981254,0.9998032,0.9998372,0.99956596,0.9998048,0.9996984,0.9998161,0.9998765,0.99982715,0.9998476,0.99984133,0.99980843,0.99980956,0.9998182,0.9997689,0.9998024,0.99982494,0.99970853,0.99982244,0.99981153,0.9997189,0.99982345,0.9998484,0.99981666,0.9997159,0.9996685,0.99981606,0.9998262,0.99982464,0.999813,0.99967587,0.99982995,0.9997641,0.9998637,0.9998037,0.9997433,0.9998056,0.9993569,0.99983364,0.999818,0.9998193,0.999758,0.9998273,0.9997405,0.99980235,0.9998315,0.999829,0.9998351,0.9998374,0.99981487,0.99982256,0.99982786,0.9997879,0.9998188,0.9998018,0.9998103,0.99965495,0.9997903,0.9998423,0.9998427,0.9998455,0.9998119,0.99982864,0.9998472,0.9998406,0.99983364,0.9998496,0.9998278,0.9998666,0.9998416,0.9997728,0.99980587,0.99983305,0.99983996,0.99978167,0.99985266,0.99990237,0.9998157,0.9998513,0.9996209,0.99980545,0.99976003,0.99999917,0.9997886,0.9998314,0.999871,0.9998125,0.99976766,0.9998185,0.9993105,0.99980855,0.9998233,0.9998335,0.9997622,0.99982846,0.99981946,0.9997161,0.99982977,0.99983305,0.99983424,0.99963075,0.9997609,0.999846,0.9998236,0.999822,0.99980116,0.99982816,0.9997931,0.99982005,0.999778,0.9998392,0.9997949,0.99982834,0.9998109,0.9998316,0.9998001,0.99981266,0.99984175,0.9997729,0.9998326,0.99955213,0.99980485,0.9998463,0.99984217,0.99979126,0.9998526,0.99981457,0.9998387,0.9998399,0.9998359,0.9997718,0.99981475,0.9998539,0.99977565,0.99982506,0.99973667,0.99979013,0.9998308,0.99981266,0.9997752,0.9998128,0.99973327,0.9998398,0.99979144,0.9998142,0.99984354,0.9998498,0.9998125,0.99981874,0.99981254,0.99975485,0.99982965,0.99979705,0.9998268,0.99981767,0.9997832,0.99982595,0.99959797,0.99951667,0.9997318
ipip166,0.9998176,0.999713,0.9997867,0.9996962,0.99978495,0.9997229,0.99983376,0.99978745,0.99984366,0.99970174,0.9997565,0.9998187,0.99977577,0.9997489,0.99968207,0.9998048,0.9998321,0.99973565,0.99982435,0.9998255,0.99983287,0.9997794,0.9997961,0.9998156,0.9997363,0.9998505,0.9997284,0.9998367,0.9998444,0.9997905,0.99980974,0.9998307,0.99977124,0.9998552,0.9998583,0.99980986,0.9998554,0.9998464,0.99982584,0.9998364,0.9997385,0.99981654,0.9997687,0.99976635,0.9996737,0.9998063,0.99977046,0.9997008,0.9998321,0.9997493,0.99978185,0.99943644,0.9998014,0.9997801,0.9996572,0.99977267,0.9996467,0.99973476,0.9997479,0.9998168,0.9998266,0.99979,0.9998359,0.999786,0.9997976,0.99972445,0.9998694,0.9998222,0.9998106,0.99974424,0.9998204,0.99981505,0.99960566,0.999763,0.9997712,0.9994687,0.9997967,0.9998539,0.9998015,0.9998247,0.9997742,0.9998469,0.9997713,0.999806,0.9998442,0.9998483,0.9998734,0.9997733,0.9996907,0.9998482,0.99979806,0.9998281,0.99981916,0.99974316,0.9996162,0.99969304,0.9998073,0.99977475,0.9996843,0.99965996,0.9998052,0.99982727,0.9998179,0.9997993,0.9998276,0.9996809,0.9998542,0.9997096,0.9998573,0.99985504,0.9998555,0.99981517,0.99981266,0.9998396,0.999864,0.9997802,0.9998807,0.9998456,0.99984944,0.9998108,0.9998397,0.9998176,0.99983805,0.99983937,0.99983746,0.9997715,0.999824,0.9998237,0.99974525,0.99978286,0.9998141,0.99951,0.99972177,0.9996956,0.999812,0.9998132,0.9997821,0.99982065,0.9998513,0.99981034,0.99982977,0.9998247,0.99974805,0.99979573,0.99982613,0.9996947,0.99982363,0.99981946,0.9996745,0.9998494,0.9998381,0.9998004,0.9996914,0.9996499,0.9998481,0.99978006,0.9997971,0.9997692,0.99969155,0.99986976,0.9996877,0.99984485,0.9998208,0.99970156,0.9998291,0.9993418,0.99983525,0.9997894,0.9998262,0.9998034,0.9998221,0.99973303,0.99985236,0.9998297,0.9998233,0.99984926,0.9998534,0.99982333,0.99980426,0.999857,0.9998305,0.99979806,0.9997483,0.9997965,0.99961567,0.99978834,0.99986696,0.9998696,0.99987125,0.99979085,0.99989384,0.9998457,0.9998431,0.9998221,0.9998565,0.99983484,0.99985915,0.9998453,0.9997812,0.9997866,0.9998493,0.99984527,0.99974686,0.9998457,0.99983174,0.99978274,0.9998598,0.9996054,0.99978167,0.9997421,0.9997886,0.999998,0.99982244,0.9998169,0.9997727,0.99974793,0.99982184,0.99929327,0.9998092,0.99984306,0.9998152,0.99977875,0.9998348,0.99979305,0.9996692,0.99983805,0.9998689,0.9998783,0.9995594,0.99978226,0.99987453,0.99983907,0.99981016,0.99978065,0.99985296,0.9997685,0.99982506,0.99977654,0.999827,0.9997805,0.9998536,0.9998101,0.9998449,0.999767,0.99983704,0.99985844,0.99970675,0.99982035,0.9995001,0.99976206,0.99981225,0.9998207,0.9997377,0.99982613,0.9997782,0.99984515,0.99981505,0.9998026,0.99974316,0.9998171,0.9998446,0.9997493,0.99981797,0.99970096,0.999741,0.9998016,0.99976754,0.9997469,0.9997868,0.999605,0.99983716,0.99973375,0.9998052,0.99983376,0.9998044,0.9997806,0.99978757,0.99981314,0.9997224,0.9998081,0.99974996,0.9998244,0.9998259,0.9997328,0.99983287,0.9995149,0.9994355,0.9996906
ipip196,0.99989283,0.99976313,0.99983966,0.9997625,0.99985987,0.99976707,0.9998857,0.9997885,0.99990064,0.9997646,0.99980706,0.99985206,0.9997852,0.9997426,0.99969566,0.9998164,0.9998483,0.9997936,0.9998422,0.99980307,0.99986595,0.9997832,0.9998586,0.9998804,0.9997879,0.99986815,0.9997731,0.99986774,0.99981576,0.9998395,0.9999275,0.9998527,0.9998239,0.99988925,0.9998746,0.99985,0.9998614,0.99987304,0.99984545,0.9998619,0.99975103,0.99984574,0.9998341,0.9997663,0.9997555,0.9998789,0.9998332,0.99976224,0.99984914,0.999749,0.99980265,0.9994202,0.9998448,0.9997453,0.9997813,0.99980354,0.9996837,0.9997373,0.9997598,0.99986625,0.9998613,0.9998185,0.99987775,0.99986196,0.9998124,0.99976885,0.99987084,0.99987775,0.9998614,0.9997676,0.99988544,0.9998457,0.99964374,0.99979186,0.99980044,0.9993495,0.9997389,0.99982595,0.99989325,0.99992573,0.99981344,0.99988717,0.99977374,0.9998744,0.9998441,0.9998807,0.99986655,0.9997594,0.99970764,0.99984217,0.99979585,0.9998924,0.99983037,0.99969476,0.99964225,0.99970096,0.99987155,0.9998746,0.9996898,0.9996217,0.99981564,0.9999169,0.9998375,0.99981415,0.9998416,0.99961835,0.9998516,0.99973583,0.99984676,0.9998666,0.99988806,0.9998239,0.99979854,0.9998003,0.9998857,0.9997907,0.999872,0.9998877,0.999888,0.99978906,0.9999055,0.9998213,0.9998709,0.999886,0.99986595,0.999827,0.9998115,0.9998289,0.9998772,0.9997723,0.9998779,0.9994875,0.999751,0.9996827,0.999864,0.999876,0.9998514,0.99986273,0.99988526,0.9998741,0.9998844,0.99984723,0.9997767,0.99982524,0.99985164,0.99964994,0.99983835,0.99986655,0.999696,0.9998494,0.999914,0.9998552,0.99970603,0.9996617,0.9999006,0.9998113,0.9998224,0.9998073,0.99964076,0.9998903,0.9996974,0.9998971,0.99985945,0.99979675,0.9998736,0.99933773,0.9998691,0.99983805,0.9998441,0.9997863,0.9998835,0.9997268,0.99988437,0.9998931,0.9999589,0.99990207,0.99986863,0.9998414,0.9998669,0.99987423,0.9997637,0.99990916,0.9998212,0.9999044,0.99964875,0.99980927,0.99991035,0.999913,0.999912,0.99981457,0.99988097,0.99991,0.999903,0.9999681,0.99989015,0.99991053,0.9998776,0.9998998,0.99977714,0.99982,0.999853,0.99989045,0.99973327,0.99989945,0.99988467,0.99988145,0.9999368,0.99959564,0.9997558,0.9997692,0.9998314,0.99982244,0.9999985,0.9998853,0.9998551,0.99978065,0.9998279,0.999248,0.99981797,0.99983644,0.99987227,0.99979705,0.9998647,0.999835,0.9997023,0.9998871,0.99990076,0.9998559,0.9995097,0.99977964,0.99984825,0.9998794,0.9998747,0.9998461,0.99989355,0.9998185,0.9998843,0.99977314,0.9998588,0.9997607,0.9998412,0.99978316,0.9998883,0.99985737,0.99983096,0.99986917,0.99976546,0.99988294,0.9994904,0.99978334,0.99989927,0.9999018,0.9997782,0.9999046,0.9998244,0.9998495,0.9998308,0.99988306,0.9997449,0.9998565,0.9998938,0.9998469,0.99982244,0.9996939,0.99977714,0.99983716,0.99979794,0.9998368,0.99981713,0.99960923,0.99988604,0.9997836,0.9998678,0.99986976,0.999859,0.9998124,0.9998191,0.99987215,0.99978554,0.99983126,0.999868,0.99988335,0.9998205,0.99984866,0.9998363,0.99957687,0.99941695,0.99973726
ipip226,0.999857,0.9997922,0.9998367,0.9997827,0.99984944,0.9997708,0.99984986,0.9998046,0.9998847,0.9997783,0.9997741,0.9998427,0.9997952,0.999769,0.9997387,0.9997994,0.9998434,0.9997793,0.9998351,0.99981076,0.999869,0.99980944,0.9998573,0.9998606,0.99977493,0.9998491,0.99980474,0.9998684,0.999812,0.9998118,0.99987507,0.99986494,0.99978197,0.99986535,0.9998426,0.9998495,0.9998283,0.99983156,0.99982023,0.9998357,0.9997822,0.999844,0.9998419,0.9997477,0.9997687,0.9998493,0.9998416,0.99976724,0.999832,0.99976563,0.9998171,0.99951005,0.9998499,0.9997808,0.99976254,0.9998196,0.9996825,0.99974126,0.9997882,0.9998447,0.99985164,0.99984986,0.9998676,0.99984694,0.99982256,0.9997968,0.9998537,0.9998287,0.9998268,0.9997568,0.9998495,0.9998564,0.9996712,0.9998219,0.9998227,0.99943656,0.9997717,0.9998284,0.9998804,0.9998988,0.9997946,0.9998601,0.99978054,0.9998139,0.9998322,0.9998315,0.99983186,0.99978215,0.99971193,0.9998184,0.9997948,0.9998437,0.999832,0.99974984,0.9996807,0.999747,0.999818,0.999845,0.9997119,0.99967307,0.99981594,0.9998809,0.9998289,0.9998205,0.9998405,0.9996855,0.99981993,0.9997303,0.9998596,0.99984336,0.99985904,0.9998061,0.9998337,0.9998166,0.9998595,0.99982685,0.99985224,0.9998624,0.99984527,0.9998136,0.99987996,0.99985194,0.9999208,0.99991626,0.9998403,0.9998121,0.9998607,0.9998493,0.99983716,0.99979675,0.9998654,0.9995752,0.9998241,0.99973905,0.99984616,0.99988085,0.9998318,0.99986535,0.9998663,0.9998337,0.9998371,0.9998367,0.9998052,0.9998314,0.99985003,0.9996936,0.9998322,0.99982756,0.99972343,0.9998321,0.99987537,0.9998487,0.99976015,0.9997415,0.99984926,0.9998368,0.99984133,0.9998469,0.9997076,0.9998488,0.9997943,0.9998969,0.9998358,0.9998012,0.9998447,0.9993723,0.9998594,0.9998343,0.9998319,0.99977994,0.99985003,0.9997672,0.99982554,0.999851,0.9998713,0.99985516,0.99985033,0.99982744,0.9998543,0.99985147,0.9997953,0.99987036,0.9998339,0.9998642,0.9996704,0.99988204,0.999863,0.9998689,0.99986756,0.99984205,0.99984723,0.9998679,0.99985635,0.9998837,0.9998686,0.9998438,0.9998604,0.9998534,0.9997971,0.99982363,0.9998554,0.99985033,0.9997701,0.9998593,0.9999242,0.9998596,0.99989396,0.9996396,0.9998125,0.99978375,0.999871,0.9998169,0.9998853,0.9999974,0.9998838,0.99982405,0.9998193,0.9992979,0.9998204,0.9998341,0.99985075,0.99978065,0.9998697,0.9998653,0.9997035,0.9998381,0.99986005,0.9998556,0.9996105,0.9997687,0.9998556,0.99988794,0.99988735,0.99983394,0.99988025,0.9998755,0.99986583,0.9998175,0.99985415,0.9998105,0.99984837,0.99981904,0.9998442,0.99982,0.9998373,0.99986684,0.99979645,0.99985176,0.99956185,0.99983203,0.9998585,0.99985725,0.99980503,0.9998671,0.9998315,0.999859,0.9998343,0.9998779,0.999803,0.9998331,0.9998635,0.9998197,0.99983054,0.999739,0.99976957,0.9998598,0.9998528,0.9998289,0.99985296,0.99970794,0.9998623,0.9997954,0.9998641,0.9998709,0.99987817,0.99985945,0.9998582,0.99985915,0.9998226,0.9998525,0.99983746,0.9998509,0.999849,0.99982315,0.9998595,0.9996067,0.9994854,0.99974823
ipip256,0.9997556,0.9997684,0.9997702,0.9997612,0.99978703,0.9997456,0.99977845,0.9997864,0.99984294,0.99976903,0.99977845,0.99977624,0.99978435,0.99975276,0.9997077,0.99975747,0.99979335,0.99975836,0.9997873,0.9997833,0.9998057,0.99974626,0.9997872,0.99982506,0.99973756,0.9998129,0.9998406,0.9998262,0.999781,0.9998031,0.99981606,0.9998655,0.9997899,0.9998142,0.9997719,0.9997977,0.999785,0.99976367,0.9997802,0.9997927,0.9998096,0.9998347,0.99979097,0.9997396,0.9997581,0.9997899,0.99981344,0.99971926,0.99977857,0.9997519,0.9997964,0.99959546,0.999812,0.99980897,0.999827,0.9998455,0.9996591,0.9998037,0.9997669,0.9998398,0.9997632,0.99977195,0.9997847,0.999782,0.9997681,0.9997421,0.99979967,0.9997906,0.999779,0.99978346,0.9997578,0.99979407,0.9996669,0.99976623,0.9997832,0.9994905,0.9997405,0.9997702,0.9999412,0.9999251,0.99974155,0.9997797,0.99974537,0.99972826,0.999775,0.99975145,0.99977493,0.99977297,0.9997052,0.9997665,0.9997417,0.9997536,0.99976414,0.9997193,0.99967456,0.9997391,0.99973196,0.9998652,0.99971443,0.9997041,0.9997743,0.9997894,0.9997628,0.9997626,0.9997701,0.9997245,0.99976987,0.9996903,0.9998261,0.99976903,0.99977666,0.99975204,0.99978554,0.999785,0.9997981,0.99979526,0.99978036,0.9997925,0.9997754,0.99978113,0.99980825,0.99980116,0.99984205,0.9998283,0.99977434,0.99980426,0.9998415,0.9998245,0.9998616,0.99977267,0.9997958,0.99959594,0.9997956,0.9997153,0.99978113,0.99981695,0.9997959,0.99986696,0.99978906,0.999744,0.99974036,0.9997727,0.99977183,0.99977475,0.9997819,0.9996978,0.9997574,0.9997852,0.99979913,0.9997869,0.9998007,0.9997898,0.9997303,0.9997118,0.9997566,0.99979043,0.9997871,0.9998071,0.9996875,0.99977356,0.99978614,0.9998248,0.99977684,0.9997368,0.9997573,0.99944663,0.99982095,0.99978966,0.99978465,0.99974144,0.9997651,0.99976456,0.99974364,0.99978817,0.9998542,0.9998059,0.9998059,0.99978685,0.99982667,0.9998241,0.99979347,0.9999134,0.9998023,0.99990654,0.9997593,0.9998134,0.9998112,0.99982333,0.99982154,0.9998271,0.99978983,0.9998261,0.9998106,0.9998626,0.9997901,0.99977857,0.9998034,0.99979615,0.99979174,0.9998184,0.9998197,0.9997759,0.99977535,0.99980587,0.9998413,0.9998148,0.99982846,0.999681,0.99982035,0.99980885,0.9998125,0.9997727,0.9998551,0.9998838,1.0000001,0.9997905,0.999774,0.99940807,0.99979484,0.9997815,0.9997692,0.9997658,0.99983567,0.99981976,0.99970174,0.9997862,0.99978614,0.9998224,0.9996716,0.99975747,0.9998304,0.9998245,0.9998179,0.9997603,0.9998123,0.9998424,0.9997972,0.9997814,0.99979365,0.99977887,0.9997943,0.9997905,0.999794,0.9998324,0.99982554,0.99981755,0.99976116,0.999759,0.9996025,0.9997887,0.9998453,0.9998417,0.9998519,0.9998521,0.99986064,0.9998101,0.9997911,0.99981314,0.9997741,0.9997718,0.9998225,0.99987364,0.9998328,0.99977434,0.99980783,0.9998052,0.99979395,0.9997639,0.9997904,0.9996728,0.99979943,0.99982864,0.9998063,0.99982375,0.9998297,0.99982274,0.99980956,0.99977845,0.99976695,0.9997988,0.9998574,0.9998196,0.9998267,0.999846,0.999845,0.9996489,0.9995561,0.9997337
ipip286,0.9997203,0.9997282,0.99974465,0.99972284,0.99976397,0.99971426,0.99970984,0.9997076,0.9997739,0.99971503,0.99973166,0.99977803,0.99976486,0.9997318,0.99974126,0.99973524,0.9997649,0.9997472,0.9997766,0.99973166,0.9997868,0.9997336,0.9997769,0.99976844,0.99972856,0.99978226,0.9997485,0.99976766,0.99977934,0.9997549,0.99977344,0.99980694,0.99971044,0.9997856,0.9997332,0.99975246,0.99974763,0.9997211,0.99977744,0.9997679,0.9997024,0.99975246,0.99976504,0.9997036,0.9997594,0.99977773,0.99980056,0.9997187,0.9997685,0.9997585,0.9997543,0.9995238,0.9997557,0.99970853,0.99969304,0.99972934,0.99966186,0.9997119,0.99978375,0.9997897,0.9997521,0.9997799,0.9997541,0.999793,0.99978423,0.99978626,0.99972534,0.9997091,0.9997419,0.9997072,0.99970734,0.9997771,0.9996293,0.99971175,0.99977326,0.99944186,0.9997162,0.99975,0.9997904,0.9998022,0.99974406,0.9997733,0.9997489,0.9997235,0.9997788,0.9997073,0.9997297,0.99975985,0.9996731,0.999723,0.99975413,0.99973,0.9997534,0.9997143,0.9996674,0.9997315,0.9996975,0.9997842,0.9996997,0.9996492,0.9997652,0.99978024,0.99975693,0.9997962,0.9997885,0.9996953,0.9997119,0.9996786,0.99976176,0.99971396,0.99972796,0.99975044,0.9997915,0.9997568,0.9997385,0.99978024,0.9997431,0.9997524,0.99974126,0.9997225,0.9997687,0.9997822,0.9997963,0.9998082,0.9997582,0.9997557,0.99975204,0.99974257,0.99975187,0.99972814,0.99972486,0.9995657,0.9997623,0.9997117,0.99970835,0.9997843,0.9997756,0.99975175,0.99972254,0.9996863,0.99973017,0.99977934,0.9998058,0.9997578,0.9998,0.9996822,0.99975085,0.99973893,0.999713,0.9997864,0.99976116,0.9997822,0.99972856,0.99974746,0.9997303,0.99977785,0.99977136,0.9997318,0.99965596,0.9997322,0.99974024,0.9997759,0.9997515,0.9997569,0.99970794,0.99937,0.99972594,0.9997609,0.9997505,0.9997239,0.9997267,0.99973834,0.9997127,0.9997597,0.9997656,0.99973124,0.9997355,0.9997315,0.9997586,0.9997614,0.99975246,0.9997959,0.99975264,0.9997894,0.9996345,0.999771,0.9997651,0.99976003,0.99976444,0.99976313,0.9997498,0.99973875,0.99973834,0.99977845,0.9997853,0.9997083,0.9997457,0.99972665,0.9997392,0.9997701,0.99974537,0.9997209,0.9997093,0.99972886,0.99982333,0.99979615,0.99977064,0.9996441,0.9997584,0.9997583,0.99976766,0.99974793,0.99978065,0.99982405,0.9997905,0.9999972,0.9997273,0.99934024,0.9997464,0.9997535,0.99974453,0.9996993,0.99977463,0.9998831,0.999662,0.99972594,0.99972475,0.999755,0.99964505,0.9997568,0.99976087,0.9997933,0.9998031,0.9997707,0.9997678,0.9997811,0.99977577,0.9997188,0.99976397,0.9997523,0.9997652,0.9997655,0.9997179,0.99975497,0.9997557,0.99975765,0.99974257,0.99971896,0.99951273,0.99973047,0.99975497,0.9997539,0.9997398,0.9997681,0.9997549,0.9997622,0.9997375,0.99977446,0.9997455,0.9997707,0.9997437,0.99976224,0.9997362,0.99965847,0.99970496,0.999729,0.9997492,0.9997159,0.999765,0.9996661,0.99970907,0.9997156,0.99978715,0.9997187,0.99977595,0.9997603,0.99976,0.99975985,0.99978673,0.999754,0.99974525,0.9997108,0.9997409,0.99973464,0.9997272,0.99958503,0.9994815,0.99971026
ipip21,0.99983835,0.9997434,0.9998066,0.9997507,0.99981505,0.9997538,0.99985325,0.9997895,0.99984807,0.99976194,0.99978465,0.9998266,0.99979985,0.9997721,0.99969614,0.9998359,0.9998396,0.9997314,0.99985266,0.99981695,0.99985164,0.99976975,0.9998438,0.9998436,0.9997596,0.99985725,0.9997373,0.9998567,0.9998121,0.9998188,0.99984306,0.9998411,0.99977595,0.999876,0.99985147,0.99985695,0.99986494,0.99985945,0.999834,0.99983877,0.9997585,0.99983764,0.99980044,0.99977154,0.99971396,0.99982893,0.9998067,0.9997335,0.99982333,0.9997507,0.99978447,0.99944365,0.9998251,0.9997914,0.9996774,0.9998187,0.9996514,0.99976784,0.99976295,0.99984455,0.9998386,0.999796,0.9998498,0.99976236,0.9997956,0.99975675,0.9998633,0.9998254,0.99983346,0.9997437,0.9998565,0.9998654,0.9996605,0.9997959,0.99980503,0.9995281,0.9997908,0.99985886,0.9998159,0.9998303,0.9997859,0.99986887,0.99980974,0.9998118,0.9998518,0.9998587,0.9998639,0.99979484,0.99970526,0.99982744,0.9997816,0.99986625,0.9998219,0.9997231,0.9996543,0.999722,0.9998269,0.9998001,0.9997299,0.9996955,0.9998302,0.99986774,0.99982923,0.99981093,0.9998295,0.99968123,0.99987257,0.99971116,0.9998698,0.999863,0.99986684,0.9997783,0.99980646,0.99982876,0.9998808,0.9998176,0.9998691,0.9998772,0.99986166,0.99987864,0.9998697,0.9998136,0.99984133,0.9998377,0.9998424,0.99977434,0.9998759,0.9998474,0.9997746,0.9998019,0.99987155,0.99956685,0.9997718,0.9996901,0.99984276,0.9998553,0.9998217,0.99986094,0.99987435,0.9998297,0.99984276,0.9998402,0.9997677,0.9998125,0.99983174,0.9996805,0.99983954,0.99984103,0.9997053,0.9998311,0.999888,0.99985546,0.99976563,0.9996943,0.9998582,0.99984604,0.9998493,0.9998238,0.9996889,0.9998793,0.99974066,0.99988645,0.9998284,0.99973667,0.9998419,0.9993703,0.99987644,0.99985534,0.99981904,0.9997776,0.9998571,0.9997299,0.9998422,0.9998346,0.9998406,0.99986756,0.9998724,0.99982363,0.99984074,0.9998762,0.99981153,0.9998177,0.9997973,0.9998137,0.99964136,0.99979293,0.99989253,0.9998861,0.9998915,0.9998616,0.9998831,0.99988335,0.9998889,0.9998445,0.99987316,0.99986905,0.99991596,0.9998668,0.99980646,0.99981135,0.99988294,0.99985594,0.99977624,0.9998846,0.99983597,0.9997964,0.99988025,0.9996229,0.99978155,0.99974567,0.9998185,0.99982184,0.9998279,0.9998193,0.999774,0.9997273,0.9999977,0.9993224,0.9998465,0.9998806,0.99989384,0.9998537,0.9998635,0.99980766,0.9997601,0.9998739,0.9998811,0.99986637,0.9995829,0.9997651,0.999865,0.9998218,0.9998328,0.9998063,0.9998534,0.99976903,0.99984473,0.99979585,0.99986756,0.9997978,0.99985594,0.9998317,0.99987614,0.99978733,0.9998552,0.9998602,0.9997467,0.99986464,0.999515,0.99980414,0.9998565,0.9998524,0.99979424,0.9998638,0.9998169,0.9998668,0.9998329,0.99983853,0.9997737,0.9998291,0.9998901,0.99976325,0.9998395,0.9997479,0.99976367,0.99984014,0.9998352,0.999797,0.99983495,0.9996415,0.99986786,0.9997612,0.99982727,0.99987704,0.9998336,0.9998322,0.9998468,0.9998436,0.99976957,0.99984604,0.99976534,0.9998396,0.9998261,0.9997517,0.9998582,0.9995583,0.99957293,0.9997441
ipip51,0.9991392,0.99932706,0.9992709,0.9993132,0.9992495,0.9993044,0.99918747,0.99935144,0.99930346,0.99934125,0.99930507,0.99925774,0.99933326,0.9993643,0.9993342,0.9992668,0.99926937,0.9992855,0.9992725,0.9992524,0.9992771,0.99926454,0.99928147,0.9992825,0.99926597,0.99931544,0.9994231,0.9993237,0.99930596,0.9993069,0.9992314,0.9993793,0.99934065,0.9992864,0.9991914,0.9992675,0.99925,0.9991907,0.9992711,0.99925864,0.9993452,0.99932617,0.9993118,0.999308,0.99938303,0.9992686,0.99935836,0.99932414,0.9992535,0.99933726,0.9992956,0.99933803,0.9992367,0.99936485,0.99938387,0.99939305,0.999219,0.99945253,0.9993304,0.99936754,0.9991899,0.9993363,0.999175,0.9992666,0.9993175,0.999359,0.99925685,0.9993425,0.999276,0.9994674,0.9991331,0.99928457,0.9993278,0.9992339,0.9994032,0.99930924,0.9993114,0.9992644,0.9993886,0.99933374,0.9992829,0.9992443,0.9992615,0.99916065,0.999296,0.9991595,0.99923736,0.9993912,0.9994165,0.99924207,0.99925613,0.9991469,0.9992408,0.9993151,0.9993944,0.99934685,0.99909246,0.9993926,0.9993787,0.9993751,0.9992891,0.9992087,0.99926245,0.9992747,0.9992628,0.9994438,0.99927413,0.9992687,0.9993422,0.9991882,0.9991838,0.99928,0.999321,0.99938697,0.99927074,0.999385,0.999246,0.9993227,0.99924195,0.99935675,0.9992251,0.9992926,0.99928063,0.9992467,0.99919736,0.9993551,0.9993932,0.99927783,0.999376,0.99933296,0.99918276,0.9993145,0.9993175,0.9993588,0.9991876,0.9992767,0.99932104,0.99938285,0.9991691,0.9990973,0.9991131,0.99927646,0.99937326,0.9992532,0.9992637,0.9993137,0.99927104,0.99929667,0.9994892,0.99928755,0.99923277,0.9993173,0.99943733,0.9993562,0.9991387,0.99933755,0.99932593,0.9992776,0.9993118,0.9992042,0.9993334,0.9992568,0.9992503,0.99931043,0.9991469,0.99911493,0.99923575,0.9993399,0.9992262,0.99926925,0.9991637,0.99936205,0.9991248,0.9992281,0.9992634,0.9992289,0.99929386,0.9992788,0.9993622,0.9993361,0.9994157,0.9993987,0.99934715,0.99938256,0.99944836,0.9992759,0.9992729,0.99927497,0.9992816,0.99941164,0.9992612,0.9992458,0.99924034,0.99925864,0.9992513,0.9991566,0.99929273,0.9992122,0.9993831,0.9993992,0.999315,0.9992049,0.9994158,0.9992253,0.9992956,0.9992944,0.99923795,0.999511,0.9994391,0.9994135,0.9993105,0.99929327,0.999248,0.9992979,0.99940807,0.99934024,0.9993224,0.9999959,0.99946856,0.9992963,0.99921656,0.9992809,0.9992893,0.99934614,0.99931204,0.9992178,0.99921507,0.9993106,0.9994758,0.9994224,0.999354,0.99925536,0.9992508,0.99925065,0.9991835,0.9993322,0.99927294,0.9992691,0.9992876,0.999367,0.99929374,0.9993619,0.9992173,0.9994121,0.99934775,0.99932545,0.99930304,0.9991623,0.9993546,0.99927324,0.99934137,0.99933434,0.9994387,0.9993394,0.999399,0.99932545,0.9993181,0.99925447,0.99935085,0.99932116,0.9992774,0.9994193,0.99940616,0.9993911,0.99951816,0.9992523,0.999323,0.99928695,0.99933934,0.9993496,0.999198,0.999474,0.9992992,0.9992641,0.9993042,0.9993383,0.99929976,0.99922097,0.9992935,0.9993013,0.99933815,0.99920785,0.9993695,0.9993217,0.99928427,0.99931455,0.9992517,0.9992535
ipip81,0.9998215,0.9997733,0.999819,0.999757,0.9998117,0.99976057,0.99983007,0.99979925,0.99983,0.9997701,0.99978244,0.9998187,0.9998075,0.9998068,0.9996914,0.99983156,0.9998444,0.99975234,0.99984205,0.99982643,0.9998577,0.9997794,0.99982756,0.9998186,0.9997545,0.9998582,0.99975824,0.99986875,0.9998214,0.99982244,0.9998107,0.99983096,0.999777,0.9998433,0.9998506,0.99982244,0.9998544,0.99985147,0.9998454,0.9998386,0.9997516,0.9998244,0.9997956,0.99976367,0.9997349,0.99981415,0.9997941,0.9997427,0.99983054,0.99977285,0.99978775,0.9995149,0.9998223,0.9997996,0.9996956,0.9998036,0.99968296,0.99977696,0.99978864,0.9998305,0.99984396,0.99984056,0.9998421,0.99977386,0.99981207,0.99977386,0.9998589,0.99982363,0.9998147,0.9997844,0.99981844,0.9998316,0.999682,0.99977684,0.9998752,0.9995121,0.99978423,0.9998396,0.9998083,0.99982953,0.9997793,0.9998622,0.9998061,0.9998052,0.9998412,0.99984556,0.9998596,0.9998347,0.9997838,0.99983007,0.9997815,0.99983084,0.99985266,0.99975103,0.99973196,0.99974525,0.99979824,0.9997941,0.99978083,0.9997059,0.9998453,0.9998304,0.99983656,0.99980366,0.9998542,0.9996801,0.9998502,0.9997021,0.9998482,0.99985427,0.9998541,0.9997972,0.9998219,0.9998548,0.9998791,0.9998337,0.99985725,0.9998963,0.99986386,0.9998516,0.99984837,0.9998005,0.9998272,0.99983484,0.9998414,0.99976754,0.9998265,0.9998318,0.9997694,0.9998083,0.9998242,0.9995455,0.9997656,0.99977064,0.9998213,0.9998298,0.99980795,0.99983823,0.9998417,0.99980044,0.99981767,0.99983054,0.99981606,0.99980867,0.9998396,0.99970955,0.99982446,0.9998174,0.99971384,0.9998374,0.9998375,0.9998065,0.9997893,0.9997037,0.99983305,0.9998212,0.9998208,0.99979216,0.9997346,0.99984854,0.9997265,0.9998655,0.9998275,0.9997462,0.9998295,0.99938995,0.9998346,0.99980897,0.99982446,0.99979633,0.9998276,0.99975055,0.9998185,0.9998223,0.99981666,0.99983466,0.9998584,0.9998114,0.99981874,0.9998429,0.9998157,0.99981654,0.9997733,0.9998128,0.99972457,0.9997912,0.9998641,0.9998571,0.99986356,0.9998127,0.99985445,0.99984527,0.99984866,0.99982065,0.9998533,0.9998318,0.9998643,0.9998495,0.99978215,0.99980277,0.99984646,0.9998318,0.9997758,0.999844,0.9998268,0.99978983,0.99984664,0.99966806,0.99977094,0.99974597,0.99980855,0.9998092,0.99981797,0.9998204,0.99979484,0.9997464,0.9998465,0.99946856,0.9999975,0.99985945,0.9998273,0.9997852,0.99984616,0.9998004,0.99974483,0.9998455,0.99984956,0.9998509,0.9996044,0.99975514,0.999848,0.9998249,0.9998288,0.99979347,0.999849,0.99978083,0.9998216,0.999792,0.99984384,0.9997858,0.9998512,0.9998525,0.9998446,0.99979204,0.9998182,0.99984616,0.9997505,0.99982613,0.9996138,0.99978155,0.9998549,0.9998492,0.99979687,0.99985915,0.9998198,0.9998594,0.99983954,0.9998304,0.99979115,0.9998191,0.99985236,0.9997692,0.999828,0.99975127,0.99978364,0.9998184,0.9998118,0.99977064,0.9998347,0.99969035,0.99984425,0.9997703,0.9998172,0.9998485,0.9998141,0.9998239,0.99981195,0.99980074,0.9997393,0.99984187,0.9997675,0.99982905,0.9998047,0.9997494,0.99983853,0.9995785,0.9995166,0.99975294
ipip111,0.999847,0.99974847,0.9998146,0.9997465,0.9998254,0.99976504,0.9998626,0.99979067,0.99985456,0.9997506,0.9997873,0.9998629,0.999828,0.99979013,0.9997201,0.99985534,0.9998794,0.99975866,0.99987555,0.999844,0.9998727,0.99979097,0.9998437,0.99984705,0.9997831,0.9998738,0.9997283,0.99986786,0.9998602,0.9998402,0.99984473,0.9998532,0.9997807,0.99988025,0.99987376,0.99987686,0.99988264,0.9998759,0.99988776,0.9998798,0.99974453,0.9998214,0.999804,0.9997757,0.9997087,0.99982786,0.999809,0.9997406,0.99985766,0.9997808,0.99979717,0.9994159,0.99983096,0.99978733,0.99968153,0.99979556,0.99967664,0.9997569,0.9997787,0.9998441,0.9998746,0.9998216,0.9998724,0.9998041,0.99984235,0.9997759,0.9998727,0.99983305,0.9998377,0.9997593,0.9998709,0.9998736,0.99965215,0.9997979,0.9998406,0.99944425,0.99981356,0.99987704,0.9998208,0.9998462,0.9998228,0.99988997,0.99983627,0.9998466,0.9998824,0.9998872,0.99988717,0.99981534,0.99973845,0.99984413,0.999854,0.99988097,0.9998679,0.99977005,0.9996604,0.99971795,0.9998524,0.9997975,0.99973494,0.99968576,0.99985456,0.999875,0.99987835,0.99986744,0.99989104,0.9996747,0.9998725,0.9997439,0.9998702,0.99989253,0.9998821,0.9998013,0.99984413,0.99985164,0.99989986,0.99985003,0.9999036,0.9999082,0.9998705,0.99986404,0.99988794,0.9998286,0.9998518,0.9998603,0.9998765,0.9997857,0.999825,0.99985796,0.9997761,0.99980813,0.999883,0.9995782,0.9997968,0.9997352,0.99986845,0.9998629,0.99983686,0.99986213,0.9998889,0.99985355,0.999887,0.99987334,0.9997939,0.99983317,0.9998795,0.99971765,0.9998862,0.99983835,0.99967796,0.99985915,0.9998839,0.99987036,0.99978393,0.9996966,0.9998784,0.99985963,0.99986184,0.99983305,0.99971485,0.9998855,0.9997513,0.99990165,0.99986416,0.9997583,0.99987525,0.99942607,0.9998632,0.9998585,0.99985564,0.99980915,0.99987,0.99976707,0.9998699,0.99986863,0.9998411,0.9998687,0.9998693,0.99983287,0.99982584,0.99986553,0.9998319,0.9998014,0.9997828,0.99980515,0.9996283,0.9998042,0.9998909,0.999886,0.999887,0.9998319,0.9998923,0.99987584,0.9998834,0.9998461,0.99989074,0.9998705,0.9998924,0.9998639,0.99979705,0.9997963,0.9998807,0.99986506,0.9997466,0.9998767,0.999838,0.99980676,0.999877,0.9996012,0.99976605,0.9997263,0.9998233,0.99984306,0.99983644,0.9998341,0.9997815,0.9997535,0.9998806,0.9992963,0.99985945,0.9999967,0.9998805,0.9998227,0.9998593,0.9998257,0.999712,0.9998931,0.9998823,0.9998822,0.9995389,0.999778,0.9998699,0.9998441,0.9998563,0.9998262,0.9998746,0.9997751,0.9998665,0.99984026,0.9998867,0.99982184,0.9998995,0.9998544,0.99988574,0.9997982,0.9998412,0.9998571,0.9997578,0.9998787,0.99949455,0.9998093,0.9998633,0.99986136,0.99981344,0.9998813,0.9998256,0.99986404,0.9998331,0.99986315,0.99977463,0.99984366,0.9998812,0.9997415,0.99981266,0.99972206,0.99976516,0.9998492,0.9998515,0.9998025,0.9998599,0.99964464,0.99987435,0.9997638,0.9998496,0.9998725,0.99984545,0.9998372,0.99984014,0.9998518,0.9997674,0.99985075,0.9997758,0.9998575,0.99980927,0.9997661,0.99985266,0.9995521,0.999499,0.9997328
ipip141,0.999894,0.999762,0.9998508,0.9997721,0.9998784,0.9997849,0.9998964,0.99977124,0.99987346,0.9997716,0.9997875,0.999865,0.9997932,0.9997489,0.9997081,0.99983025,0.99985296,0.9997577,0.999857,0.99980336,0.99988735,0.999797,0.999939,0.9998746,0.999817,0.99986625,0.99973524,0.9998671,0.99982035,0.9998254,0.9998798,0.9998471,0.9998048,0.9998908,0.9998759,0.9999409,0.9998731,0.99988735,0.99985015,0.9998685,0.9997466,0.9998625,0.9998156,0.9997573,0.99972725,0.99987215,0.99982715,0.9997701,0.9998566,0.99973804,0.99981016,0.9994006,0.9998653,0.9997582,0.9997088,0.9998035,0.9996885,0.9997364,0.9997776,0.99985874,0.99988,0.99984396,0.99988735,0.9998197,0.99982566,0.9997926,0.9998629,0.99986315,0.99986124,0.99974924,0.99993277,0.999926,0.9996698,0.9998449,0.99981314,0.999386,0.99976957,0.9998573,0.9998258,0.9998626,0.9998288,0.99990666,0.9998039,0.9998761,0.9998821,0.9998871,0.999869,0.99977565,0.9997032,0.9998308,0.9998141,0.99991447,0.9998568,0.9997255,0.9996286,0.9996901,0.99989533,0.9998064,0.99968785,0.9996341,0.99982214,0.99991137,0.9998456,0.9998411,0.99986917,0.99963325,0.9998666,0.9997503,0.9998636,0.9998816,0.9999028,0.99981874,0.99982387,0.9998047,0.99987996,0.9998554,0.99987507,0.99990726,0.9998774,0.9998201,0.9999018,0.9998112,0.99987733,0.9998698,0.99988765,0.9997795,0.99982184,0.9998483,0.9998133,0.9997685,0.9999421,0.9995166,0.9998249,0.9996911,0.9999208,0.9999047,0.99986315,0.9998801,0.9999118,0.99989057,0.99990124,0.99986994,0.99977374,0.9998537,0.999869,0.9996659,0.9998559,0.99986637,0.9996854,0.9998475,0.99991286,0.99985796,0.9997523,0.9996621,0.9999001,0.99989694,0.99990475,0.9998749,0.9996481,0.9998921,0.9997668,0.9999357,0.99985576,0.9997872,0.9998966,0.99933255,0.9999082,0.99988633,0.9998618,0.9998073,0.9999532,0.99975014,0.999896,0.99989456,0.9998778,0.99988306,0.9998818,0.99985087,0.99985665,0.99985784,0.99977195,0.99981326,0.9997821,0.99980694,0.999597,0.99979407,0.9998959,0.999895,0.9998928,0.9998039,0.9998835,0.99989486,0.9998974,0.9998768,0.9999072,0.99990314,0.9999055,0.9999081,0.9997604,0.9998067,0.9998652,0.99989736,0.99975044,0.9998966,0.9998769,0.99986005,0.99990124,0.99956274,0.999759,0.99971837,0.9998335,0.9998152,0.99987227,0.99985075,0.9997692,0.99974453,0.99989384,0.99921656,0.9998273,0.9998805,0.9999958,0.9997947,0.99985254,0.99982643,0.9997015,0.9998947,0.99988806,0.9998587,0.99950135,0.9997606,0.9998549,0.9998387,0.99987876,0.99985534,0.999879,0.9997611,0.99989367,0.99983865,0.9999474,0.99984515,0.9998828,0.99982095,0.999886,0.99980503,0.9998197,0.99987215,0.9998152,0.9999587,0.9995046,0.99988,0.99991167,0.9999122,0.9998105,0.9999174,0.99985003,0.9998658,0.99984205,0.9999157,0.9998022,0.9998706,0.9998945,0.9997471,0.9998148,0.999685,0.99976546,0.99987423,0.99989635,0.9998719,0.9998939,0.9996614,0.99991167,0.99978894,0.99986696,0.99991286,0.9998516,0.999889,0.9999118,0.99989015,0.99978536,0.9998994,0.999814,0.9998771,0.99982536,0.9998004,0.9998486,0.99955344,0.9994653,0.9997545
ipip171,0.9997715,0.9997064,0.9997479,0.99970245,0.9997611,0.9996876,0.99978495,0.99974567,0.99978906,0.9997033,0.99978065,0.9997845,0.99976784,0.9997195,0.9996582,0.9997925,0.99977744,0.99970055,0.9997985,0.9997736,0.99978113,0.999721,0.9997778,0.99976176,0.9996856,0.9998002,0.9997183,0.99977845,0.99977165,0.9997878,0.999791,0.9998098,0.99977684,0.99979603,0.9997955,0.99978864,0.99979156,0.99979544,0.999774,0.9997881,0.9997429,0.9997922,0.9997599,0.99981487,0.99966556,0.9997772,0.9997523,0.99965155,0.9997975,0.99970376,0.9997478,0.9994416,0.9997948,0.9997327,0.99966055,0.99979705,0.9996279,0.9997471,0.9997445,0.99979514,0.9997708,0.99976796,0.99977857,0.9997193,0.9997286,0.9996947,0.9998128,0.9997466,0.99978906,0.99970704,0.99978054,0.99979293,0.9996051,0.9997605,0.9997347,0.99948704,0.9997197,0.9997963,0.99978995,0.9998039,0.9997249,0.9998046,0.9997513,0.99973536,0.99977887,0.9997903,0.99979836,0.9997306,0.9996683,0.99980026,0.99973387,0.99978197,0.99976474,0.99969983,0.99964917,0.9997119,0.9997641,0.9997878,0.999705,0.9996962,0.99976915,0.9997933,0.99976206,0.9997336,0.9997691,0.9996458,0.99980104,0.99965155,0.9997951,0.99980587,0.99981517,0.99974376,0.9997666,0.99978846,0.9998211,0.99977255,0.99981016,0.9998028,0.99980384,0.99982023,0.99979514,0.9997933,0.99978095,0.999782,0.99978244,0.99973446,0.9997905,0.99980485,0.999747,0.99975085,0.9998031,0.99946195,0.9997196,0.99965423,0.99979144,0.9997933,0.99975026,0.99981964,0.9998278,0.99975556,0.99977255,0.99976593,0.9997048,0.9997483,0.99977,0.99965906,0.9997761,0.99978584,0.99971104,0.9997953,0.9997978,0.9997731,0.9997024,0.99962896,0.99979496,0.9997874,0.9997846,0.99977773,0.9996655,0.9998122,0.9996985,0.9998363,0.99978364,0.9997063,0.9997714,0.9994554,0.99982065,0.9997606,0.99978435,0.9997338,0.99978256,0.99968696,0.99977696,0.99976295,0.99980384,0.99985826,0.9997882,0.999762,0.9997468,0.99980086,0.99975675,0.99979836,0.9997557,0.9998004,0.9996361,0.99976426,0.99981105,0.99981326,0.9998118,0.9997607,0.99980795,0.9998734,0.99986637,0.99981207,0.9998077,0.9998459,0.9998218,0.9997883,0.99974585,0.9997496,0.9998083,0.9997749,0.99970573,0.9998549,0.9997767,0.99974024,0.9998126,0.9995517,0.9997254,0.9997094,0.9997622,0.99977875,0.99979705,0.99978065,0.9997658,0.9996993,0.9998537,0.9992809,0.9997852,0.9998227,0.9997947,0.9999973,0.99985164,0.9997674,0.99978095,0.99987394,0.9998133,0.99980146,0.9995228,0.9997202,0.9998006,0.99979216,0.9997728,0.9997461,0.9998172,0.9997345,0.99977905,0.99978364,0.99981517,0.9997498,0.9998416,0.99977344,0.999861,0.9997531,0.99986243,0.99978906,0.9996992,0.99977607,0.9994837,0.999749,0.9997895,0.99979144,0.99975276,0.99980116,0.99977523,0.99980366,0.9997569,0.9997734,0.99972576,0.9997441,0.9998685,0.9997686,0.9998322,0.99974686,0.9997201,0.99981445,0.999756,0.99971443,0.99976635,0.9996115,0.9998006,0.999723,0.9997581,0.9998112,0.9997703,0.9997604,0.99978596,0.9997738,0.99970925,0.99976885,0.99974746,0.9998036,0.99976283,0.9997336,0.9998204,0.99955773,0.999523,0.9997031
ipip201,0.99986607,0.9997935,0.99984163,0.9997913,0.9998509,0.9997604,0.99987185,0.9998363,0.99986297,0.9997891,0.9998044,0.9998427,0.99983263,0.9997823,0.9997169,0.9998519,0.99986035,0.99975896,0.99986136,0.9998554,0.99987364,0.9998147,0.99984914,0.999831,0.99975336,0.99986607,0.9997944,0.9998685,0.99982893,0.99983054,0.9998666,0.9998764,0.9998033,0.9998677,0.99987686,0.99985284,0.9998599,0.9998718,0.99984634,0.9998522,0.99979717,0.99985534,0.99980974,0.999805,0.99975026,0.9998441,0.9998133,0.999749,0.99986196,0.99977696,0.99982256,0.9994958,0.99987304,0.9998054,0.9997018,0.9998528,0.99969494,0.9997837,0.99981004,0.99985963,0.9998669,0.9998269,0.9998734,0.9997912,0.9998099,0.99976724,0.9998812,0.9998173,0.99982095,0.99976593,0.9998569,0.9998536,0.99964744,0.9998284,0.999814,0.99949425,0.9997736,0.999845,0.99985075,0.999865,0.9997899,0.99988455,0.99981457,0.9998182,0.9998576,0.9998667,0.99987596,0.9998089,0.99972194,0.9998488,0.99979466,0.9998519,0.9998581,0.9997484,0.9996639,0.99976635,0.9998422,0.9998285,0.9997261,0.99969983,0.9998462,0.99986136,0.9998364,0.9997998,0.999842,0.99968624,0.9998603,0.9997197,0.9998782,0.99988574,0.9998995,0.9997973,0.9998339,0.99984294,0.9998916,0.99982685,0.99986994,0.9998695,0.99987394,0.9998501,0.9998961,0.999869,0.9998767,0.99987096,0.9998652,0.9997864,0.9998548,0.9998762,0.9997817,0.9998152,0.9998668,0.9995091,0.999781,0.9997156,0.99986476,0.99985397,0.99981314,0.99986804,0.9998934,0.9998338,0.99984396,0.9998489,0.99979997,0.99984086,0.99984986,0.9997214,0.9998314,0.9998196,0.9997408,0.9998627,0.9998578,0.9998066,0.9997188,0.99970704,0.99987906,0.9998295,0.9998219,0.9998348,0.99972284,0.9998856,0.9997528,0.9998996,0.99984,0.99976194,0.9998607,0.9994054,0.9998898,0.9998101,0.99985236,0.9998017,0.9998656,0.9997638,0.9998522,0.99983186,0.99986327,0.9998848,0.9998626,0.99983203,0.9998295,0.9998807,0.99980503,0.9998675,0.9998057,0.99987006,0.99968463,0.99987465,0.99989724,0.9998963,0.99989355,0.99980825,0.9998792,0.9999002,0.99989605,0.9998744,0.99988025,0.9998755,0.9998864,0.9998777,0.99977964,0.99980855,0.9998765,0.9998618,0.99977607,0.9998944,0.9998743,0.9998073,0.9999027,0.99959916,0.99979985,0.9997729,0.99982846,0.9998348,0.9998647,0.9998697,0.99983567,0.99977463,0.9998635,0.9992893,0.99984616,0.9998593,0.99985254,0.99985164,0.99999845,0.99985105,0.9997438,0.99988306,0.9998969,0.9998707,0.9995856,0.99976104,0.99987906,0.99989235,0.9998634,0.99981683,0.9999221,0.99982685,0.99985653,0.9998332,0.99986064,0.99979377,0.9998802,0.9998307,0.9998848,0.9997879,0.9998716,0.9998724,0.99977994,0.9998597,0.9995733,0.9998212,0.99985325,0.9998492,0.9997878,0.99986047,0.9998258,0.99988216,0.9998533,0.99984944,0.9997897,0.99983037,0.99990517,0.9998264,0.99986887,0.9997811,0.9997681,0.9998743,0.9998211,0.99977595,0.99982744,0.99965143,0.99988586,0.9997758,0.9998218,0.9998909,0.99984014,0.9998467,0.99984884,0.99983907,0.99977833,0.9998453,0.99979186,0.999871,0.9998452,0.9997774,0.9998886,0.9995974,0.99954456,0.9997783
ipip231,0.9997981,0.9997633,0.9997921,0.99976385,0.99981904,0.99976236,0.999793,0.9997772,0.9998427,0.9997585,0.99976856,0.999824,0.9998,0.9997685,0.99979514,0.9997895,0.99982184,0.99978256,0.99983394,0.9997959,0.9998344,0.9997946,0.9998241,0.99983984,0.9997766,0.99981815,0.9997892,0.9998292,0.9998046,0.9997938,0.99983567,0.9998383,0.9997438,0.9998509,0.99979794,0.9998129,0.9998024,0.99978966,0.99981916,0.99983084,0.9997324,0.999788,0.9998088,0.99972576,0.99978375,0.9998151,0.9998333,0.99978435,0.9998202,0.9997748,0.9997947,0.9994933,0.99980944,0.9997626,0.9997432,0.99978393,0.9996746,0.99976385,0.99978656,0.99983686,0.9998273,0.9998174,0.999837,0.99983716,0.9998213,0.9998269,0.99981654,0.99979043,0.9998154,0.9997643,0.99980015,0.9998299,0.99967366,0.99977076,0.9998192,0.99944174,0.99976,0.99980557,0.99984044,0.9998568,0.99981385,0.9998432,0.9997998,0.99979633,0.99984276,0.9997985,0.99980956,0.99979895,0.99971455,0.9997952,0.9997858,0.9998015,0.99981916,0.9997409,0.9996687,0.9997392,0.9997911,0.9998339,0.9997097,0.99967647,0.99981123,0.999851,0.99981016,0.99981755,0.9998513,0.99969316,0.9998027,0.999738,0.99983746,0.99980044,0.99981767,0.9998054,0.99981755,0.99977857,0.9998223,0.99982303,0.99980396,0.99982524,0.9998133,0.9997886,0.99983215,0.9997954,0.99984163,0.99984837,0.99980664,0.99977905,0.99979794,0.9998087,0.9998102,0.9997673,0.99980944,0.99956536,0.9997905,0.9997314,0.9997907,0.99984145,0.99982977,0.9998125,0.99980646,0.99978083,0.999811,0.99983937,0.99982506,0.9998294,0.99987596,0.99968725,0.9998152,0.99980456,0.99970394,0.9998405,0.99983585,0.9998295,0.99975777,0.99977344,0.9998065,0.9998184,0.9998274,0.9997915,0.9996907,0.999813,0.99975425,0.9998488,0.9998063,0.9997822,0.9997941,0.9993641,0.9998007,0.9998312,0.99981266,0.99975044,0.9998064,0.9997524,0.9997792,0.9998297,0.99983156,0.9997941,0.99981093,0.99979293,0.999823,0.99981713,0.99979615,0.99982834,0.9997931,0.9998349,0.99964416,0.9997999,0.99983233,0.9998322,0.9998281,0.99981254,0.9998264,0.99982136,0.99981296,0.99984056,0.99985063,0.99979573,0.99982405,0.99980646,0.99976003,0.9998157,0.99983746,0.9998022,0.99977183,0.99981165,0.9998581,0.9998345,0.9998456,0.9996557,0.99978316,0.9997679,0.99981946,0.99979305,0.999835,0.9998653,0.99981976,0.9998831,0.99980766,0.99934614,0.9998004,0.9998257,0.99982643,0.9997674,0.99985105,0.99999726,0.9997022,0.99980706,0.9998045,0.9998309,0.99965084,0.9997959,0.9998343,0.9998292,0.99987024,0.9998512,0.99983656,0.9997968,0.9998542,0.9997793,0.9998316,0.9997877,0.9998459,0.99980336,0.9998044,0.9998187,0.9997955,0.9998393,0.9997891,0.9998032,0.99952364,0.9997968,0.9998281,0.99982774,0.99977565,0.9998372,0.9998103,0.999846,0.9998135,0.99984807,0.99978584,0.9998345,0.99982524,0.99981254,0.9998218,0.9997262,0.9997561,0.99980295,0.99980056,0.99978936,0.9998133,0.999674,0.9998007,0.9997742,0.9998496,0.9998056,0.9998403,0.99982554,0.9998187,0.9998427,0.9998305,0.99981505,0.99980706,0.9997976,0.99981415,0.9997935,0.99980026,0.9996146,0.9995097,0.99974555
ipip261,0.999679,0.9996514,0.9996978,0.9996526,0.9996822,0.99965084,0.9996753,0.9996455,0.9996911,0.99964964,0.9997573,0.9997084,0.99969083,0.9996885,0.99960953,0.99971586,0.999697,0.9996114,0.99972385,0.999676,0.9997124,0.99965316,0.9996982,0.999674,0.9996236,0.99971443,0.9996546,0.99970025,0.9997024,0.99976045,0.9996844,0.9997387,0.99967444,0.99969876,0.9996824,0.9996907,0.9996878,0.99967843,0.9996912,0.99967843,0.99968165,0.9997144,0.99967647,0.9997069,0.9996576,0.999688,0.9996808,0.9995993,0.99969524,0.9996571,0.9996425,0.9994483,0.9997202,0.99964595,0.9996161,0.999696,0.99960124,0.99970657,0.9997016,0.9997445,0.9996826,0.99972194,0.99968135,0.9996524,0.9996536,0.9996528,0.99969524,0.9996691,0.99970436,0.9996679,0.9996754,0.99970245,0.99958265,0.9996773,0.9997024,0.9994933,0.9996585,0.9997192,0.99973214,0.99972737,0.9996425,0.9997346,0.9997462,0.99964887,0.99970204,0.99968565,0.9997204,0.9996945,0.99964863,0.9996863,0.9996773,0.99968636,0.99970406,0.99965125,0.9996775,0.9996768,0.99966,0.9997085,0.9997025,0.9996615,0.99972194,0.9997107,0.9996953,0.9996863,0.9996944,0.99960864,0.99973345,0.99957556,0.9997142,0.9997039,0.99972034,0.99968284,0.99972004,0.99972796,0.99970937,0.99969,0.9997023,0.999699,0.99971515,0.99973255,0.9997048,0.9996964,0.99970156,0.999695,0.99968153,0.99965703,0.99970293,0.9997242,0.99967426,0.9996912,0.999695,0.99941534,0.9996559,0.9996361,0.9996764,0.99971265,0.99968225,0.99973625,0.9997138,0.9996425,0.99967176,0.9996808,0.9996726,0.9996542,0.99968976,0.9996196,0.9996938,0.99969816,0.99967057,0.99970067,0.9997128,0.99970317,0.9996574,0.9996267,0.9996768,0.99971133,0.9997134,0.9996802,0.9996344,0.9996909,0.99962825,0.9997271,0.9996609,0.9996456,0.99966675,0.9994032,0.9997131,0.999691,0.99966866,0.9996675,0.9996813,0.99964565,0.99965775,0.9996784,0.9997042,0.9997319,0.9996917,0.9996778,0.9996691,0.99970615,0.9996926,0.9997242,0.9996798,0.99972105,0.99965805,0.9996837,0.99971116,0.9997079,0.99970955,0.9996841,0.9997183,0.9997551,0.99975926,0.99971473,0.9997236,0.99971855,0.9997203,0.9996889,0.99965656,0.9996748,0.99969405,0.9996633,0.999647,0.99974954,0.99970686,0.99967134,0.9996948,0.99953777,0.99966145,0.9996535,0.9997161,0.9996692,0.9997023,0.9997035,0.99970174,0.999662,0.9997601,0.99931204,0.99974483,0.999712,0.9997015,0.99978095,0.9997438,0.9997022,0.99999815,0.9997921,0.99969226,0.9996967,0.99951786,0.99968636,0.9997058,0.9997137,0.99969757,0.9996624,0.9997105,0.9996793,0.9996727,0.999663,0.9997017,0.9996741,0.9997123,0.99972326,0.99972934,0.9996834,0.99976605,0.9997009,0.9996482,0.9996753,0.99949783,0.9996752,0.99971205,0.99970526,0.9996991,0.9997204,0.999707,0.9997167,0.99967265,0.9996776,0.9996665,0.9996591,0.999758,0.99970114,0.99973744,0.9996627,0.99966747,0.99972755,0.9996913,0.9996181,0.9996986,0.9996225,0.9996994,0.9996807,0.9996654,0.9997162,0.9996862,0.9996877,0.99970156,0.99967474,0.9996613,0.9996833,0.9996672,0.99969673,0.9996757,0.9996524,0.9997344,0.9995436,0.99952906,0.99966335
ipip291,0.9998966,0.9997533,0.99983895,0.9997513,0.999849,0.999769,0.9999056,0.9997944,0.9998708,0.99975324,0.99983096,0.999874,0.99981093,0.9997605,0.99969494,0.9998593,0.99987745,0.9997444,0.99987173,0.9998429,0.9998755,0.99978876,0.9998575,0.99984694,0.9997716,0.99987686,0.9997288,0.99986273,0.9998421,0.99986744,0.999865,0.99986374,0.99981225,0.9998908,0.99990934,0.99987495,0.99988925,0.9999052,0.99986446,0.99987674,0.9997545,0.9998555,0.99980366,0.999823,0.9997046,0.9998529,0.99979496,0.9997359,0.9998655,0.99974376,0.9998075,0.99938905,0.9998675,0.9997587,0.9996989,0.9998048,0.99968034,0.9997535,0.9997913,0.9998619,0.9998857,0.9998253,0.9998934,0.9998088,0.9998116,0.99976194,0.99989754,0.99986416,0.9998679,0.9997764,0.99991024,0.9998716,0.99964374,0.99981713,0.9998047,0.9994079,0.99977916,0.9998696,0.9998414,0.99987704,0.9998137,0.9999123,0.9998172,0.999867,0.99986655,0.9999204,0.9999101,0.9997822,0.99971896,0.99987274,0.99982023,0.99990964,0.9998728,0.9997271,0.9996383,0.9997052,0.9999032,0.9998199,0.9997118,0.9996766,0.99984264,0.99991006,0.9998608,0.9998264,0.99986637,0.9996168,0.99989194,0.9997305,0.99986804,0.9999203,0.9999309,0.9998157,0.9998315,0.99983513,0.99990743,0.99980766,0.9999036,0.999909,0.9999059,0.99984413,0.9998964,0.9998201,0.99985766,0.9998627,0.9998885,0.999774,0.9998127,0.9998684,0.9998051,0.9997926,0.9999071,0.9994531,0.9997535,0.99969,0.9998953,0.99987304,0.99983,0.99988055,0.9999311,0.99989396,0.99991053,0.9998628,0.999763,0.9998378,0.99986625,0.9996837,0.9998658,0.99986386,0.9996878,0.9998651,0.99990755,0.9998439,0.9997017,0.9996427,0.9999153,0.9998369,0.9998361,0.9998216,0.9996816,0.9999184,0.9997002,0.9999183,0.999865,0.99975556,0.99990976,0.9994148,0.99990565,0.9998361,0.99986607,0.9998044,0.9999081,0.9997293,0.9999011,0.9998708,0.9998921,0.9999286,0.9998769,0.9998436,0.9998146,0.9998583,0.999773,0.99982697,0.99976987,0.9998311,0.99963737,0.999803,0.9998994,0.9998977,0.99989843,0.9997839,0.999904,0.99993545,0.99993676,0.99989533,0.9999118,0.9999414,0.99990404,0.9999061,0.99975705,0.9997855,0.99987346,0.9998971,0.9997398,0.9999321,0.99985564,0.9998201,0.99990237,0.99954283,0.9997433,0.9997156,0.99982977,0.99983805,0.9998871,0.9998381,0.9997862,0.99972594,0.9998739,0.9992178,0.9998455,0.9998931,0.9998947,0.99987394,0.99988306,0.99980706,0.9997921,0.9999949,0.99990946,0.99986506,0.9994863,0.9997662,0.9998512,0.9998633,0.9998722,0.99984324,0.9999078,0.99977106,0.99986786,0.99981797,0.99988264,0.9997743,0.9998814,0.999822,0.9999363,0.99981433,0.9998661,0.9998721,0.99975705,0.99990815,0.9994836,0.9998069,0.9998974,0.99989814,0.9997872,0.99990237,0.9998304,0.9998635,0.9998368,0.9998659,0.99975675,0.9998439,0.99993193,0.9997659,0.9998512,0.9997195,0.9997663,0.9998749,0.9998162,0.99978757,0.99983096,0.9996242,0.99992186,0.99977463,0.99983793,0.99991256,0.99983704,0.9998252,0.99983376,0.99986947,0.9997547,0.99984396,0.9998111,0.999903,0.99981815,0.99979466,0.9998762,0.9995672,0.99947894,0.99975824
ipip26,0.99991924,0.999764,0.9998467,0.9997662,0.9998678,0.99976116,0.99993443,0.9998329,0.9999046,0.9997708,0.9997874,0.99985415,0.99980235,0.99975806,0.99966943,0.9998624,0.99987686,0.999764,0.9998647,0.99985015,0.9998825,0.9998068,0.99986553,0.9998861,0.999757,0.99988985,0.99974847,0.9998951,0.9998318,0.9998248,0.99988884,0.99987197,0.99981576,0.99990135,0.9999267,0.99986887,0.9999141,0.99992645,0.99986684,0.99987984,0.9997641,0.9998688,0.99981344,0.9997669,0.9997092,0.9998697,0.99980223,0.9997374,0.9998612,0.99974585,0.99982613,0.99941456,0.99987054,0.9997965,0.9996733,0.99980974,0.9996676,0.9997354,0.9997738,0.9998637,0.9998946,0.99982363,0.99990535,0.99980724,0.9998104,0.99974597,0.99992114,0.99987745,0.9998539,0.99975425,0.9999153,0.99987465,0.99963164,0.9998228,0.9998032,0.9993933,0.99976844,0.99986404,0.9998263,0.9998695,0.9998024,0.99991184,0.9997961,0.9998726,0.9998661,0.999923,0.999915,0.9997761,0.9996977,0.99987394,0.9997953,0.99992025,0.9998644,0.9997136,0.9996115,0.9997119,0.9999009,0.9998234,0.9996904,0.9996238,0.9998394,0.99990624,0.9998621,0.9998153,0.9998562,0.99963784,0.9998987,0.999738,0.9998991,0.99993175,0.99993104,0.999808,0.9998047,0.99984235,0.9999364,0.9998033,0.99991846,0.99991816,0.99992377,0.9998406,0.9999197,0.99984306,0.99988335,0.9998874,0.9999004,0.9997907,0.99986273,0.99987304,0.9997875,0.99980766,0.9999026,0.9994708,0.9997517,0.99967974,0.9998935,0.9998841,0.99984145,0.99987966,0.99993706,0.99990493,0.99990565,0.9998709,0.9997734,0.9998533,0.99986285,0.9996711,0.9998544,0.99986076,0.9996727,0.9998609,0.9999226,0.9998357,0.9996869,0.9996503,0.9999393,0.99982876,0.99982643,0.99981886,0.9996685,0.9999549,0.9996985,0.9999253,0.9998832,0.9997496,0.99991935,0.9993204,0.9999172,0.9998341,0.99986947,0.9998085,0.99992096,0.99972206,0.99992406,0.99986535,0.99989337,0.9999166,0.9999333,0.999886,0.9998712,0.99994093,0.9998038,0.99984145,0.9998025,0.99984056,0.9996248,0.9998367,0.99996096,0.99995863,0.9999612,0.999824,0.9999353,0.99992454,0.9999239,0.9999017,0.99991894,0.9999295,0.99993545,0.99994004,0.99980265,0.9998195,0.9999149,0.99995166,0.9997758,0.9999202,0.9998856,0.99982935,0.9999568,0.9995675,0.9997864,0.9997536,0.99983305,0.9998689,0.99990076,0.99986005,0.99978614,0.99972475,0.9998811,0.99921507,0.99984956,0.9998823,0.99988806,0.9998133,0.9998969,0.9998045,0.99969226,0.99990946,0.99999714,0.9999181,0.9995279,0.99976766,0.99991715,0.9999049,0.9998822,0.99984,0.9999194,0.99982226,0.9998857,0.99980617,0.999885,0.99978036,0.99987674,0.9998242,0.9999168,0.9997968,0.99984616,0.9999034,0.9997574,0.99991894,0.99947673,0.9998023,0.99988407,0.99988455,0.9997564,0.99989104,0.99980676,0.9999038,0.9998723,0.99987566,0.9997639,0.9998672,0.99992716,0.9997801,0.9998533,0.9997365,0.99976915,0.9998708,0.99981165,0.9998076,0.99983037,0.9995903,0.9999394,0.99976385,0.9998403,0.99991184,0.9998484,0.9998375,0.9998365,0.9998641,0.99975854,0.9998621,0.9997936,0.9999017,0.99985504,0.9997824,0.99988383,0.9995347,0.9994408,0.9997521
ipip56,0.999856,0.99977374,0.9998228,0.99976355,0.9998372,0.99978167,0.9998802,0.99983394,0.99989027,0.9997736,0.99977213,0.999844,0.99980026,0.9997776,0.99970514,0.999837,0.9998718,0.9997768,0.9998636,0.99984884,0.99987596,0.9998227,0.999845,0.9998856,0.9997629,0.99987966,0.9997829,0.9998878,0.999856,0.9998263,0.99985826,0.9998763,0.99979955,0.9998749,0.99988216,0.99984854,0.9998788,0.99987006,0.9998744,0.9998647,0.9997855,0.9998418,0.9998086,0.99974376,0.9997347,0.999843,0.99980754,0.99974155,0.99984527,0.9997846,0.999828,0.9994999,0.9998516,0.99982536,0.99971944,0.9998101,0.999665,0.9997724,0.9997825,0.9998603,0.99987614,0.99981934,0.99988335,0.99981415,0.99983174,0.999767,0.9998982,0.9998652,0.99984604,0.9997978,0.99986655,0.9998499,0.9996755,0.9998137,0.99981976,0.99944866,0.9997928,0.9998585,0.99984,0.9998712,0.9998121,0.9998721,0.9997879,0.99983245,0.999862,0.99987805,0.9998791,0.99980927,0.99971616,0.9998597,0.9998048,0.9998671,0.9998606,0.99977624,0.99965477,0.9997313,0.99985516,0.9998313,0.99971455,0.9996649,0.9998408,0.9998774,0.9998628,0.9998414,0.99986064,0.99972165,0.9998782,0.9997566,0.9998992,0.9998885,0.99988186,0.9998022,0.99982023,0.99984854,0.9998949,0.9998179,0.99990183,0.9998894,0.9998794,0.99984205,0.99987453,0.9998317,0.9998764,0.99987113,0.99986815,0.99979854,0.9998761,0.9998696,0.99979925,0.9998106,0.9998708,0.9995299,0.99978983,0.9997383,0.999859,0.99986345,0.99983937,0.9998754,0.99989194,0.9998612,0.9998725,0.99986225,0.9997717,0.9998507,0.99987674,0.99971664,0.9998555,0.99984705,0.99969965,0.99986446,0.9998931,0.9998426,0.99972254,0.99969983,0.9998845,0.9998245,0.99982685,0.9998116,0.9997174,0.9998989,0.99975246,0.99989486,0.9998533,0.99973875,0.9998734,0.99933004,0.9998749,0.9998461,0.9998576,0.99979615,0.9998736,0.9997645,0.999871,0.999853,0.99986446,0.99985653,0.9999056,0.9998798,0.99986595,0.9999186,0.9998795,0.9998533,0.99979776,0.99986935,0.9996637,0.9998324,0.9999199,0.99992436,0.9999279,0.9998457,0.99991244,0.99988806,0.9998812,0.9998696,0.99988663,0.99986947,0.99990946,0.9998906,0.999826,0.9998204,0.9998964,0.99990827,0.99980736,0.99988174,0.99986976,0.9998377,0.99991184,0.9996361,0.9998232,0.99978215,0.99983424,0.9998783,0.9998559,0.9998556,0.9998224,0.999755,0.99986637,0.9993106,0.9998509,0.9998822,0.9998587,0.99980146,0.9998707,0.9998309,0.9996967,0.99986506,0.9999181,0.99999696,0.99964345,0.99979395,0.999963,0.9998784,0.9998675,0.9998254,0.9998953,0.9998198,0.9998675,0.99981266,0.9998612,0.99981314,0.9998817,0.9998554,0.99986625,0.99979955,0.9998441,0.99989414,0.99977666,0.99986273,0.99954724,0.99982756,0.9998609,0.9998578,0.9997922,0.99987495,0.9998226,0.9999013,0.99987495,0.99987227,0.99979526,0.99986094,0.9998907,0.9998151,0.9998563,0.9997653,0.99980545,0.9998538,0.9998211,0.9998109,0.9998387,0.9996332,0.9998933,0.99979013,0.9998423,0.9998781,0.99985516,0.99983686,0.9998334,0.99984384,0.99978304,0.99985945,0.99980706,0.99986905,0.99986655,0.9997938,0.99986655,0.99957824,0.9995054,0.9997553
ipip86,0.9994438,0.9996034,0.99950504,0.99960864,0.9995375,0.9995983,0.99949557,0.99959606,0.9996093,0.9996277,0.9995268,0.99951655,0.9995832,0.9995612,0.99953365,0.99952674,0.9995447,0.9995484,0.9995545,0.99954134,0.9995755,0.99954927,0.99954545,0.9996192,0.9995099,0.9995928,0.99968064,0.9996098,0.99956024,0.9995601,0.9995256,0.9996762,0.99957293,0.9995647,0.99946815,0.99952984,0.99950904,0.99946517,0.999546,0.99956167,0.99960726,0.9995944,0.9996233,0.99948883,0.99968755,0.99956286,0.9996194,0.9994894,0.9995261,0.9995549,0.9995909,0.9995836,0.9995488,0.9996461,0.9995762,0.9996544,0.99944633,0.999668,0.9996328,0.9996498,0.99948263,0.9995707,0.99951625,0.999544,0.9995662,0.9995754,0.99956197,0.99956316,0.99955136,0.9996386,0.99943644,0.9995614,0.99954736,0.9995101,0.9995957,0.99947184,0.9995622,0.99953157,0.9996345,0.9996061,0.99952686,0.99950916,0.99951285,0.99941003,0.99953896,0.99943286,0.99949795,0.9996026,0.999486,0.9995034,0.9994945,0.99945134,0.9995101,0.99956644,0.99951947,0.9995743,0.99941236,0.9996628,0.9995576,0.9995819,0.99953985,0.99950975,0.999506,0.9995593,0.9995398,0.999768,0.9995554,0.9995532,0.999657,0.9994863,0.9994761,0.99950224,0.99958265,0.9996051,0.99952406,0.9996111,0.9995265,0.99951667,0.999506,0.99958116,0.9995056,0.9995542,0.99962294,0.9995641,0.999487,0.99961776,0.99971044,0.99958634,0.99960726,0.9995992,0.9994724,0.9994434,0.99960756,0.99953777,0.99945754,0.99957466,0.9996067,0.99961555,0.9994767,0.9994301,0.9994375,0.99957544,0.9995776,0.9995671,0.9995508,0.999547,0.9995352,0.9995574,0.99964666,0.99956894,0.99954087,0.9995776,0.99957913,0.99960357,0.9994509,0.9996043,0.9995849,0.9995621,0.99955976,0.9995133,0.9995985,0.99955815,0.99950314,0.99954194,0.999447,0.99926054,0.9995172,0.9995995,0.99951386,0.99949014,0.9994681,0.9995849,0.9994068,0.9994911,0.9995385,0.9994904,0.99960744,0.9995989,0.99963725,0.9996277,0.99968374,0.99965644,0.9995691,0.99964404,0.99960333,0.999582,0.9995677,0.999577,0.9995833,0.9996987,0.99956846,0.9995333,0.9995208,0.99954224,0.99954003,0.9994488,0.99961454,0.99953276,0.9996629,0.9996755,0.99960864,0.9995624,0.99980056,0.9995334,0.9996468,0.99959594,0.9995558,0.9997139,0.9997723,0.9996731,0.99963075,0.9995594,0.9995097,0.9996105,0.9996716,0.99964505,0.9995829,0.9994758,0.9996044,0.9995389,0.99950135,0.9995228,0.9995856,0.99965084,0.99951786,0.9994863,0.9995279,0.99964345,0.9999981,0.99967676,0.9996743,0.99956703,0.9995622,0.9995282,0.9995212,0.99961525,0.9995404,0.9995142,0.9995386,0.9996078,0.99956244,0.9996412,0.9994824,0.9996234,0.9995938,0.9996337,0.99958336,0.999453,0.999497,0.99955934,0.99957275,0.9995609,0.9996469,0.99957323,0.9996226,0.9996272,0.99963546,0.9995611,0.9996262,0.99959207,0.9995657,0.99966735,0.9996372,0.9996522,0.99965924,0.9995343,0.999569,0.99953264,0.9995823,0.99957365,0.9995042,0.99967194,0.9995633,0.9995377,0.9995942,0.9996063,0.9995728,0.9995083,0.99958545,0.99958813,0.9995801,0.99948794,0.99965864,0.99956894,0.99957085,0.9995531,0.9994965,0.99954313
ipip116,0.99972415,0.9996886,0.9997284,0.99967974,0.9997431,0.99972594,0.999745,0.99972594,0.9997989,0.9996889,0.99973595,0.99976873,0.9997309,0.9997007,0.9996987,0.9997378,0.9997521,0.9997021,0.9997521,0.99972904,0.9997779,0.9997169,0.9997566,0.9997882,0.99973285,0.99978817,0.99971616,0.99979055,0.999769,0.99976134,0.99977356,0.99985415,0.9997568,0.9997949,0.9997401,0.9997555,0.99973893,0.9997221,0.9997652,0.99978936,0.99969584,0.99976355,0.9997419,0.9996969,0.9997023,0.9997719,0.99978065,0.9997014,0.9997393,0.9997174,0.9997278,0.99944025,0.99973863,0.99970794,0.99970555,0.9997411,0.9996098,0.9997475,0.9997352,0.9998402,0.9997374,0.99973565,0.99974775,0.99978054,0.9997955,0.99974495,0.9997854,0.99980897,0.99979097,0.9997758,0.9997352,0.9997759,0.9996312,0.9997009,0.99974865,0.9994602,0.99972767,0.99975646,0.9997806,0.9997932,0.9997573,0.9997855,0.9997136,0.99973685,0.99977577,0.99973875,0.9997743,0.99973613,0.9996688,0.9997519,0.99974453,0.9997445,0.9997526,0.99968874,0.9996161,0.99966854,0.9997224,0.9998016,0.9996825,0.99963754,0.9997398,0.99977964,0.9997518,0.9997757,0.99977416,0.9997712,0.99977136,0.9997618,0.9998283,0.9997666,0.99975455,0.99975324,0.9997733,0.9997665,0.99979115,0.9997648,0.99977404,0.9997742,0.9997654,0.99978685,0.99977297,0.99973273,0.9997694,0.99975836,0.99974966,0.9997973,0.9997681,0.99974126,0.9997771,0.99973476,0.9997444,0.99951047,0.99970055,0.99965036,0.99973476,0.99977803,0.9998045,0.9997943,0.9997477,0.9997248,0.99974775,0.9997877,0.99975234,0.9997569,0.99976504,0.9996652,0.9997766,0.99979544,0.99970865,0.99979556,0.9997897,0.9997825,0.99971503,0.99969697,0.99974424,0.99977833,0.9997871,0.99972844,0.99964756,0.999763,0.9996603,0.9997611,0.9997381,0.9997441,0.99972475,0.9993669,0.9997462,0.99980104,0.99973655,0.99970543,0.9997397,0.9997108,0.9997225,0.9997641,0.99979,0.99975044,0.99978304,0.99978036,0.9997899,0.9997956,0.9997972,0.99978524,0.99973065,0.99978036,0.99964005,0.9997238,0.99979323,0.9997973,0.9998014,0.9997887,0.9998065,0.99977076,0.9997701,0.9997876,0.99979734,0.9997492,0.9997937,0.99977046,0.9997657,0.9997907,0.9997889,0.9997845,0.9997589,0.9997707,0.9997939,0.9997887,0.9997881,0.9996902,0.99979705,0.9997631,0.9997609,0.99978226,0.99977964,0.9997687,0.99975747,0.9997568,0.9997651,0.9994224,0.99975514,0.999778,0.9997606,0.9997202,0.99976104,0.9997959,0.99968636,0.9997662,0.99976766,0.99979395,0.99967676,0.9999977,0.9998006,0.9997694,0.99978894,0.99976736,0.99976015,0.99972606,0.99979615,0.9997134,0.9997819,0.99975955,0.9997702,0.99975866,0.9997583,0.9998233,0.99976695,0.99982417,0.99970156,0.99974287,0.9994871,0.9997097,0.99979794,0.9997969,0.99975824,0.9998061,0.9997617,0.9997559,0.99974406,0.99977195,0.9997073,0.99981123,0.9997751,0.9997571,0.9997561,0.99965906,0.9997755,0.99974316,0.9997383,0.9997592,0.99976456,0.9996314,0.99975544,0.9997863,0.99976957,0.99975705,0.9997777,0.9997644,0.99974555,0.99976337,0.99974805,0.99976736,0.99976975,0.9997481,0.999807,0.99975866,0.999752,0.99958766,0.999446,0.999673
ipip146,0.99984646,0.9997773,0.9998193,0.9997687,0.9998356,0.99976456,0.99987215,0.9998443,0.99988645,0.99977815,0.99977446,0.99982643,0.999815,0.9997754,0.9997171,0.9998332,0.9998603,0.99977016,0.9998578,0.99983126,0.99987245,0.9998139,0.99984866,0.9998796,0.99976265,0.9998795,0.9998143,0.9998897,0.99983364,0.9998194,0.99984235,0.99988943,0.9998083,0.99987423,0.9998652,0.9998478,0.99987334,0.99985904,0.99986964,0.9998645,0.9998011,0.9998558,0.99981344,0.99974567,0.9997384,0.9998424,0.99982035,0.99973875,0.9998385,0.999777,0.9998424,0.9995375,0.9998588,0.9998335,0.99972427,0.9998371,0.99967045,0.9997849,0.9997815,0.9998656,0.99984896,0.99981225,0.9998605,0.9997977,0.99981993,0.9997731,0.9998836,0.99985814,0.9998277,0.99979234,0.9998497,0.9998545,0.99967283,0.999815,0.99980956,0.9994831,0.9997878,0.9998438,0.99984586,0.9998641,0.99979407,0.99986506,0.99978995,0.999804,0.99986106,0.9998499,0.99986327,0.999814,0.99971294,0.99983937,0.9997951,0.99984306,0.99983597,0.9997686,0.99966353,0.9997521,0.99982876,0.99983615,0.9997222,0.99968106,0.9998482,0.99985445,0.9998407,0.9998313,0.9998338,0.9997534,0.9998647,0.99975985,0.99989855,0.9998733,0.9998695,0.9997969,0.99981016,0.999852,0.999888,0.99982995,0.99988145,0.99987346,0.9998655,0.99984056,0.99986845,0.9998369,0.9998801,0.99986166,0.9998587,0.99980146,0.9998966,0.9998679,0.99980193,0.9998194,0.99986005,0.99955326,0.99979144,0.9997187,0.99985534,0.9998624,0.9998431,0.9998845,0.999881,0.9998329,0.99984276,0.9998481,0.9997756,0.9998403,0.9998539,0.99971217,0.9998367,0.99983615,0.99974245,0.9998611,0.9998781,0.9998366,0.99973154,0.99970365,0.9998608,0.9998404,0.9998353,0.9998226,0.9997037,0.9998855,0.99975926,0.99989235,0.9998394,0.9997434,0.99984694,0.999361,0.9998803,0.99984664,0.99985814,0.99980146,0.9998623,0.99977446,0.99985224,0.9998347,0.9998509,0.9998546,0.9999038,0.9998673,0.9998707,0.9999447,0.9998937,0.99985015,0.9998079,0.9998565,0.9996723,0.9998294,0.999931,0.99993616,0.99993896,0.9998567,0.9999093,0.99988514,0.9998774,0.9998556,0.9998818,0.9998485,0.9999115,0.99989015,0.9998442,0.9998447,0.9999086,0.99990284,0.9998344,0.99987364,0.9998828,0.99983466,0.99990726,0.99965197,0.99984807,0.99980533,0.999846,0.99987453,0.99984825,0.9998556,0.9998304,0.99976087,0.999865,0.999354,0.999848,0.9998699,0.9998549,0.9998006,0.99987906,0.9998343,0.9997058,0.9998512,0.99991715,0.999963,0.9996743,0.9998006,0.99999756,0.9998798,0.9998556,0.9998157,0.999874,0.99982715,0.99986875,0.9998163,0.99986774,0.9998369,0.9998762,0.9998513,0.9998517,0.99981046,0.999858,0.9998944,0.99978375,0.9998561,0.999578,0.999835,0.99985904,0.99986273,0.9998064,0.99987084,0.9998315,0.99991894,0.9998871,0.99986315,0.9998004,0.9998568,0.99990106,0.99983066,0.99987113,0.9998019,0.9998391,0.99985653,0.9998213,0.99981,0.99983037,0.9996443,0.999884,0.99980927,0.99982744,0.999877,0.99985,0.99984545,0.99984497,0.9998406,0.9997831,0.9998568,0.99980736,0.9998566,0.99988574,0.99979573,0.9998677,0.9995986,0.9995337,0.9997552
ipip176,0.9998761,0.9997852,0.9998368,0.9997758,0.99986154,0.9997713,0.9998645,0.99981165,0.9998699,0.9997671,0.99979806,0.99986756,0.99981797,0.9997692,0.9996928,0.99983394,0.9998727,0.99977714,0.9998504,0.9998249,0.9998772,0.9998244,0.9998466,0.9998461,0.99975693,0.99987435,0.9997803,0.9998673,0.9998374,0.9998336,0.9998653,0.999858,0.9998009,0.99987125,0.9998713,0.9998382,0.9998681,0.9998573,0.99985635,0.9998577,0.9997814,0.99983317,0.9998194,0.999778,0.9997437,0.9998615,0.99982065,0.99973863,0.9998461,0.9997752,0.99981254,0.999481,0.9998775,0.9997772,0.9996918,0.9998003,0.99970543,0.9997466,0.9997917,0.9998488,0.9998678,0.9998421,0.99988955,0.9998313,0.99981844,0.9997631,0.9998713,0.99982643,0.99982333,0.9997537,0.999864,0.9998441,0.99964374,0.99982476,0.99982715,0.999419,0.9997674,0.9998439,0.99984515,0.99987525,0.99980026,0.99990344,0.9998117,0.99983996,0.9998609,0.99986655,0.9998682,0.99978316,0.9997134,0.99983305,0.9998206,0.9998741,0.9998654,0.99977386,0.9996709,0.9997648,0.9998582,0.99982435,0.9997292,0.99967074,0.99985033,0.99988794,0.999844,0.9998267,0.999854,0.9996645,0.99985015,0.99972755,0.9998565,0.99987984,0.9998903,0.9998333,0.99985194,0.9998416,0.9998838,0.9998055,0.9998827,0.9998694,0.9998874,0.9998205,0.9998869,0.9998599,0.99989116,0.9998934,0.9998756,0.9997894,0.99983454,0.9998435,0.99978304,0.9998184,0.99985886,0.99950665,0.99978024,0.9997144,0.99985087,0.9998575,0.99982744,0.99984723,0.99988675,0.99985856,0.99986607,0.9998514,0.9997886,0.9998319,0.9998581,0.99970835,0.99985784,0.99983233,0.9996984,0.99987257,0.99988025,0.99984056,0.9997133,0.999722,0.9998919,0.9998169,0.9998167,0.99981236,0.9997241,0.99988806,0.9997439,0.9998935,0.99985605,0.9997641,0.99986595,0.9993571,0.9998676,0.99980724,0.9998517,0.99982435,0.99987143,0.9997795,0.9998743,0.99984545,0.9998694,0.9998815,0.9998667,0.999849,0.99982685,0.99989176,0.99980354,0.99986213,0.9998341,0.9998618,0.9996758,0.9998703,0.99990284,0.9999016,0.9999014,0.9998132,0.9998852,0.9998879,0.9998897,0.9998837,0.9999229,0.99987435,0.99988216,0.99987155,0.99980074,0.9998067,0.9998601,0.99987894,0.99976605,0.9998864,0.9998894,0.9998421,0.99989533,0.99959064,0.9997774,0.99975973,0.9998236,0.99983907,0.9998794,0.99988794,0.9998245,0.9997933,0.9998218,0.99925536,0.9998249,0.9998441,0.9998387,0.99979216,0.99989235,0.9998292,0.9997137,0.9998633,0.9999049,0.9998784,0.99956703,0.9997694,0.9998798,0.99999833,0.99988,0.99982107,0.9999082,0.9999101,0.9998602,0.9997983,0.99984705,0.99978256,0.9998505,0.9998282,0.9998686,0.99978703,0.9998504,0.9998559,0.9997818,0.9998594,0.99953544,0.9998062,0.9998426,0.9998433,0.99975544,0.99984914,0.9997924,0.9998688,0.9998441,0.99985266,0.99977493,0.99983877,0.9998892,0.99981475,0.99983263,0.9997365,0.99975896,0.99985516,0.9997928,0.9997871,0.99980986,0.99963975,0.9998753,0.99975675,0.99983567,0.999855,0.9998425,0.9998308,0.99982035,0.9998436,0.9997974,0.999837,0.99978834,0.99985987,0.99982524,0.99977535,0.99985427,0.9995818,0.9994678,0.99977076
ipip206,0.999885,0.9997842,0.99984753,0.9997769,0.999866,0.9997961,0.99987864,0.9998039,0.99987173,0.9997704,0.99978465,0.9998721,0.9997988,0.9997752,0.9997669,0.99982524,0.9998678,0.99976945,0.99985915,0.99983126,0.9998748,0.9998306,0.9998757,0.99986416,0.9998043,0.9998515,0.99974,0.9998651,0.9998129,0.99983424,0.9998752,0.9998711,0.9997882,0.9998886,0.99988157,0.99986905,0.99985003,0.99987453,0.9998526,0.9998622,0.9997233,0.9998368,0.99983096,0.9997319,0.99975103,0.9998636,0.99983555,0.9998187,0.9998446,0.9997474,0.9998043,0.9994127,0.99986494,0.9997622,0.9997358,0.9997821,0.9996862,0.99972737,0.9997956,0.9998673,0.9999126,0.99985266,0.9999303,0.9998383,0.99986124,0.99983907,0.999883,0.9998688,0.99986875,0.9997842,0.9998932,0.99986863,0.9996695,0.9998184,0.99985164,0.9993723,0.99975944,0.99983233,0.99983925,0.999876,0.9998396,0.9998921,0.99980253,0.99986684,0.99985456,0.9998887,0.99986404,0.9997988,0.99973154,0.9998518,0.9998232,0.9998962,0.99988455,0.99975204,0.99968046,0.9997323,0.99989027,0.999819,0.99972063,0.9996536,0.9998439,0.99990535,0.99986756,0.9998405,0.9998871,0.9996462,0.99984795,0.9997623,0.99987876,0.9998819,0.99989676,0.9998309,0.9998243,0.99981385,0.9998877,0.99981385,0.9998805,0.9999077,0.99987626,0.99982053,0.99988794,0.99981236,0.9998697,0.99988633,0.99986756,0.9997909,0.9998031,0.99983907,0.99980843,0.9997694,0.9998921,0.99952775,0.99978405,0.99972117,0.9998585,0.99986845,0.99983966,0.9998585,0.99988824,0.99987084,0.9998952,0.9998693,0.9998373,0.9998574,0.99989325,0.99967986,0.99984664,0.99986124,0.99966544,0.9998487,0.99989533,0.9998374,0.9997449,0.9997799,0.99990135,0.9998343,0.999836,0.99981755,0.9996835,0.99989086,0.9997294,0.9999,0.9998545,0.99979544,0.9998917,0.99931717,0.9998684,0.9998604,0.9998523,0.9997777,0.9998882,0.99974144,0.9998623,0.99985385,0.9998745,0.9998643,0.99987024,0.9998427,0.99983823,0.99984974,0.9997802,0.9998396,0.9997777,0.99983907,0.9996472,0.99984837,0.99987906,0.9998838,0.9998789,0.99979013,0.9998635,0.9998752,0.9998713,0.99988234,0.9998927,0.99988425,0.9998696,0.9998741,0.99974287,0.9998039,0.999859,0.99988043,0.9997388,0.9998653,0.99987614,0.9998374,0.9998955,0.9996064,0.9997688,0.99971735,0.999822,0.99981016,0.9998747,0.99988735,0.9998179,0.9998031,0.9998328,0.9992508,0.9998288,0.9998563,0.99987876,0.9997728,0.9998634,0.99987024,0.99969757,0.9998722,0.9998822,0.9998675,0.9995622,0.99978894,0.9998556,0.99988,0.9999971,0.9998847,0.99990237,0.99981505,0.99989545,0.99981546,0.9998624,0.99977964,0.99985504,0.9998142,0.9998644,0.99982107,0.9998082,0.9998806,0.99980056,0.9998924,0.9995106,0.9998183,0.999878,0.99987996,0.99976474,0.9998847,0.9998121,0.9998596,0.9998348,0.9998836,0.9997772,0.99986315,0.99987197,0.99977404,0.99980724,0.99968994,0.99975944,0.99985725,0.9998277,0.9998386,0.999847,0.9996626,0.9998919,0.9997808,0.9998552,0.9998761,0.9998534,0.99990976,0.9998649,0.99990195,0.99991065,0.99987733,0.99983436,0.9998829,0.9998622,0.9998231,0.99986714,0.9995911,0.9994701,0.9997697
ipip236,0.9998462,0.9997409,0.9998168,0.999736,0.99982864,0.9997712,0.99983543,0.9997469,0.9998379,0.99972814,0.9997416,0.99984473,0.9997753,0.9997247,0.9998658,0.9998109,0.99982154,0.99974453,0.99982816,0.9997813,0.99984,0.9997755,0.9998378,0.9998327,0.9997885,0.999822,0.99969685,0.9998287,0.99978375,0.9997906,0.9998454,0.99981606,0.9997664,0.99985695,0.999832,0.99982905,0.9998306,0.99982923,0.9998365,0.9998366,0.99967015,0.9997898,0.9997859,0.9997103,0.9997256,0.99983114,0.9997943,0.99984473,0.99982136,0.99970955,0.9997793,0.9993796,0.99980825,0.99971175,0.9997009,0.99974555,0.99965423,0.9997261,0.9997665,0.9998253,0.9998549,0.99982184,0.9998755,0.99984616,0.99983656,0.99992174,0.99984795,0.9998554,0.99984235,0.99975413,0.9998595,0.999844,0.9996328,0.9997608,0.9998051,0.9993462,0.9997206,0.999803,0.99979913,0.99983495,0.99983376,0.9998601,0.99976605,0.9998529,0.99983823,0.9998567,0.99983275,0.9997726,0.99970394,0.9998155,0.99978787,0.9998724,0.999825,0.99967766,0.9996286,0.9996621,0.9998472,0.9997885,0.999691,0.99960655,0.99981964,0.9998735,0.999821,0.999816,0.9998446,0.9996189,0.99982405,0.9997336,0.99982476,0.99983287,0.9998538,0.9997906,0.99979275,0.99976236,0.9998471,0.9997772,0.99984175,0.99985784,0.99983716,0.9997722,0.9998613,0.9997704,0.99983615,0.9998492,0.99984384,0.9997615,0.9997629,0.9997895,0.99977815,0.9997351,0.9998432,0.9994846,0.999738,0.9996897,0.99982256,0.99983454,0.99981594,0.9998076,0.9998388,0.9998332,0.99987334,0.99984616,0.99979204,0.99980175,0.99985385,0.99965024,0.99983364,0.99983484,0.99962705,0.9998218,0.9998573,0.99979985,0.99970984,0.9996942,0.9998632,0.9997968,0.9998095,0.9997715,0.9996439,0.99985003,0.9996705,0.9998583,0.9998137,0.9997454,0.99983376,0.9992696,0.99981546,0.99983704,0.99980587,0.9997531,0.99985003,0.99970937,0.9998358,0.9998459,0.99984765,0.99983954,0.9998375,0.99981195,0.9998076,0.99981993,0.9997573,0.99978775,0.9997492,0.9997886,0.99960655,0.9997772,0.9998568,0.9998611,0.9998566,0.99975306,0.9998426,0.9998477,0.9998463,0.9998562,0.9998741,0.9998564,0.9998378,0.9998443,0.99971145,0.99977565,0.9998145,0.99984765,0.99969685,0.9998417,0.999849,0.99981165,0.9998616,0.9995837,0.9997256,0.9996951,0.99980116,0.99978065,0.9998461,0.99983394,0.9997603,0.9997707,0.9998063,0.99925065,0.99979347,0.9998262,0.99985534,0.9997461,0.99981683,0.9998512,0.9996624,0.99984324,0.99984,0.9998254,0.9995282,0.99976736,0.9998157,0.99982107,0.9998847,0.9999978,0.9998607,0.99974376,0.99984914,0.99973714,0.9998325,0.9997436,0.9998137,0.99978447,0.9998419,0.9997894,0.9997657,0.99983656,0.9997675,0.99985427,0.9994514,0.99977297,0.999848,0.9998487,0.99973506,0.99985355,0.9997717,0.9998052,0.9997955,0.99984664,0.9997261,0.9998505,0.99983203,0.99972224,0.9997713,0.9996313,0.9997483,0.99979657,0.99977833,0.9997939,0.9998057,0.999636,0.9998409,0.9997477,0.99981236,0.99982536,0.99981755,0.99981767,0.9997947,0.99985224,0.99980664,0.99982905,0.9997901,0.9998342,0.999806,0.9997756,0.9997935,0.99955755,0.9994221,0.99972624
ipip266,0.9999123,0.9997895,0.9998501,0.9997771,0.99986786,0.99979055,0.99989915,0.9998069,0.9998813,0.9997693,0.9997926,0.99986976,0.9998128,0.9997641,0.99970233,0.99985695,0.9998754,0.99975246,0.99987626,0.9998581,0.9998885,0.9998291,0.9998686,0.9998551,0.999776,0.9998802,0.9997439,0.99987215,0.9998414,0.9998449,0.9998927,0.9998676,0.99979544,0.99988914,0.9999112,0.9998674,0.99988663,0.9998943,0.9998815,0.9998765,0.99974865,0.99984115,0.9998153,0.9997786,0.99973154,0.99986917,0.9998095,0.99975646,0.99987465,0.9997503,0.99982184,0.99941903,0.9998857,0.99977875,0.9996797,0.9998081,0.9996865,0.9997374,0.99980444,0.999864,0.9999156,0.9998516,0.99992955,0.9998373,0.99984103,0.99978054,0.99991095,0.99985814,0.9998522,0.9997549,0.9999089,0.9998693,0.99963,0.9998277,0.99982506,0.99939173,0.9997611,0.9998639,0.9998363,0.9998791,0.9998077,0.9999148,0.99981046,0.9998715,0.99987066,0.99991536,0.99990624,0.9998018,0.9997064,0.9998674,0.99983054,0.9999152,0.9998891,0.9997621,0.99964476,0.99973387,0.99990135,0.9998235,0.99971294,0.9996545,0.9998738,0.9999127,0.99987954,0.9998369,0.9998872,0.99963933,0.99988484,0.9997349,0.9998839,0.9999214,0.99993074,0.9998202,0.9998455,0.9998343,0.9999214,0.99980146,0.9999166,0.9999008,0.999901,0.9998359,0.9999271,0.9998577,0.99988765,0.99990064,0.9999087,0.99978834,0.9998254,0.99986917,0.9997789,0.9997997,0.9999037,0.99945897,0.99977356,0.9997059,0.99989057,0.99986976,0.9998211,0.99985665,0.99992156,0.99989873,0.9999152,0.9998748,0.9997904,0.99985003,0.99988115,0.9996997,0.9998608,0.99984914,0.9996581,0.9998807,0.99989855,0.999833,0.99970394,0.99968237,0.9999341,0.9998213,0.9998251,0.9998246,0.99970716,0.99991715,0.9997164,0.99991757,0.99985844,0.9997601,0.9999108,0.9993243,0.9998928,0.9998284,0.99987257,0.99982506,0.99990666,0.99975204,0.9999129,0.9998759,0.9998928,0.99991024,0.99988073,0.9998543,0.9998229,0.9998803,0.99979484,0.99984837,0.9997979,0.99985385,0.999645,0.99986535,0.99992245,0.9999206,0.9999237,0.9997874,0.99990904,0.99992317,0.9999232,0.99990314,0.99991477,0.9999223,0.9998994,0.99991053,0.999769,0.99979347,0.9998818,0.99990094,0.99974567,0.9999227,0.99988383,0.99983484,0.99992144,0.9995477,0.9997632,0.99971825,0.99982816,0.99985296,0.99989355,0.99988025,0.9998123,0.9997678,0.9998534,0.9991835,0.999849,0.9998746,0.999879,0.9998172,0.9999221,0.99983656,0.9997105,0.9999078,0.9999194,0.9998953,0.9995212,0.99976015,0.999874,0.9999082,0.99990237,0.9998607,0.9999993,0.9998175,0.9998794,0.9998199,0.99987245,0.99977446,0.9998807,0.9998267,0.9999166,0.9997894,0.99985063,0.99987906,0.9997691,0.999899,0.9994962,0.9998124,0.9998681,0.999872,0.9997585,0.9998821,0.99980557,0.99987453,0.99984723,0.9998739,0.9997782,0.9998521,0.9999109,0.99977845,0.9998386,0.9997192,0.9997446,0.99987394,0.99981487,0.99979085,0.9998415,0.9996128,0.9999189,0.99974906,0.9998383,0.99989843,0.9998475,0.99985003,0.99983996,0.99987125,0.9997852,0.9998555,0.9997872,0.99989617,0.99983424,0.99976784,0.9998821,0.9995563,0.9994517,0.999765
ipip296,0.9997774,0.9997584,0.9997689,0.999747,0.9997896,0.9997381,0.99977684,0.9997777,0.9998308,0.99974537,0.99974996,0.99978137,0.99976933,0.9997349,0.9996581,0.99976027,0.9997863,0.9997502,0.99977034,0.99976635,0.9998112,0.9997606,0.9997849,0.99979895,0.99971753,0.9998011,0.9997956,0.9998071,0.99977195,0.999775,0.9998113,0.9998238,0.9997528,0.9998063,0.99977535,0.99977857,0.99978226,0.99976325,0.9997722,0.9997859,0.9997579,0.99978364,0.9997885,0.9997257,0.99973047,0.9997942,0.9997965,0.99969727,0.9997757,0.99973726,0.99977297,0.9995511,0.9998125,0.9997583,0.9996967,0.9997818,0.9996531,0.9997264,0.9997403,0.999793,0.9997767,0.9997867,0.9997993,0.99977577,0.99976397,0.99971443,0.9997911,0.99974555,0.9997575,0.99971396,0.99976254,0.999788,0.9996378,0.99977696,0.999786,0.99945015,0.99973476,0.9997618,0.99983585,0.9998445,0.99972904,0.9998015,0.999749,0.9997438,0.99978423,0.9997536,0.9997715,0.99974245,0.9996842,0.999751,0.99974847,0.9997731,0.99978614,0.99974805,0.9996643,0.9997501,0.9997398,0.99980915,0.99969846,0.9996661,0.9997777,0.9998181,0.999773,0.9997675,0.99978054,0.9996673,0.99976724,0.9996789,0.9998025,0.9997784,0.99978244,0.9997691,0.99978644,0.999798,0.9998037,0.999775,0.99979556,0.9997996,0.99980026,0.9997793,0.99980515,0.99981743,0.9998347,0.99983865,0.9997923,0.99976873,0.99981564,0.99978733,0.99977154,0.99977136,0.9997818,0.99955887,0.9997603,0.9997,0.9997696,0.9997993,0.9997741,0.9998177,0.9997877,0.99976206,0.99975145,0.9997753,0.99975127,0.99977016,0.99978054,0.9996752,0.99977297,0.99977213,0.9997048,0.99979275,0.99981767,0.99980617,0.9997186,0.9997236,0.9997821,0.9997818,0.9997708,0.9997939,0.9997054,0.99979484,0.9997505,0.9998228,0.9998068,0.99973166,0.9997682,0.99937886,0.99979883,0.9997681,0.9997834,0.99976516,0.99977756,0.99976,0.9997681,0.99977446,0.9998134,0.99980474,0.9997976,0.9997872,0.99980336,0.99983776,0.99976707,0.99985164,0.9998436,0.99985176,0.9996971,0.9998334,0.9998245,0.999826,0.99982685,0.99982536,0.9997949,0.99981403,0.99981135,0.9998302,0.999828,0.99977267,0.9998112,0.9997822,0.9998027,0.9997836,0.9998163,0.9997977,0.9997552,0.99980116,0.9998356,0.9998111,0.9998314,0.9996229,0.99977213,0.9997579,0.9997931,0.9997685,0.9998185,0.9998755,0.9998424,0.9997811,0.99976903,0.9993322,0.99978083,0.9997751,0.9997611,0.9997345,0.99982685,0.9997968,0.9996793,0.99977106,0.99982226,0.9998198,0.99961525,0.99972606,0.99982715,0.9999101,0.99981505,0.99974376,0.9998175,0.9999971,0.99979967,0.9997594,0.9997879,0.99975455,0.9997883,0.9997869,0.9997837,0.999758,0.99980885,0.9997954,0.9997411,0.99976444,0.9995739,0.9997668,0.9997808,0.9997798,0.9997519,0.9997939,0.9997714,0.9998171,0.9997872,0.99980056,0.9997568,0.9997655,0.9998217,0.9998216,0.9998006,0.99974465,0.9997315,0.9997987,0.99976534,0.999748,0.9997703,0.99963087,0.99978465,0.99974,0.99980265,0.9997868,0.999807,0.9997963,0.9997858,0.9997781,0.99975765,0.9997781,0.9997614,0.99977845,0.999784,0.9997593,0.99979717,0.99958533,0.99947214,0.99971867
ipip3,0.99986935,0.9997968,0.9998312,0.9997813,0.9998745,0.9997789,0.9998738,0.9998174,0.9998849,0.99977666,0.9997804,0.9998579,0.9998018,0.9997602,0.999719,0.9998176,0.9998525,0.99978226,0.9998549,0.999817,0.9998752,0.9998162,0.9998723,0.9998805,0.99987227,0.999854,0.9997667,0.9998662,0.9998196,0.99981505,0.9998839,0.9998495,0.9997827,0.9999502,0.99987,0.99988335,0.99985343,0.99986565,0.9998461,0.9998963,0.99973536,0.999835,0.9998432,0.99974203,0.99975324,0.9998749,0.9998917,0.9997988,0.9998599,0.9997601,0.99982256,0.9994348,0.9998552,0.99976915,0.9997344,0.9997988,0.99969465,0.99973583,0.99977386,0.99984515,0.9998741,0.99983877,0.999884,0.9998508,0.9998702,0.9997963,0.9998721,0.9998613,0.9998873,0.9997823,0.9998852,0.9998737,0.999664,0.99981654,0.99983263,0.99938196,0.9997856,0.99984634,0.99983346,0.9998659,0.99982923,0.9998957,0.9997842,0.99986565,0.9998727,0.9998686,0.99985814,0.9997744,0.999714,0.9998529,0.99981344,0.9998902,0.9998592,0.9997469,0.9996471,0.99973077,0.9998732,0.99983495,0.99969274,0.9996597,0.9998203,0.9999077,0.9998427,0.9998327,0.9998703,0.999649,0.9998509,0.99977267,0.9998789,0.9998674,0.99987453,0.9998338,0.9998286,0.99981225,0.9998913,0.9998348,0.99986804,0.999906,0.99987864,0.9998298,0.9998934,0.9998154,0.9998653,0.99986863,0.999866,0.99979794,0.9998222,0.99982613,0.99982405,0.9997826,0.99989027,0.9995513,0.9997886,0.99971414,0.99987596,0.99986917,0.9998539,0.99986553,0.99988097,0.999875,0.9998829,0.9998667,0.9997805,0.9998584,0.9998664,0.9996563,0.99986255,0.99988836,0.9996859,0.9998582,0.9999054,0.99986374,0.9997661,0.99970365,0.9998939,0.99984056,0.99985427,0.9998538,0.99966484,0.9998911,0.9997432,0.9998995,0.9998634,0.9997985,0.9998764,0.999329,0.9998741,0.99991715,0.99986887,0.9997888,0.99989665,0.9997723,0.99987507,0.9998731,0.9998875,0.9998689,0.99987245,0.9998441,0.9998486,0.99986196,0.9997861,0.99982995,0.99979424,0.99983346,0.99962574,0.99981505,0.9998934,0.9998946,0.9998913,0.9998327,0.99988073,0.9998742,0.9998727,0.9998869,0.99989957,0.99987656,0.9998912,0.9998803,0.9997796,0.9998665,0.9999051,0.9998915,0.9997824,0.99987143,0.99987066,0.99986374,0.9999083,0.9995939,0.99977773,0.9997436,0.99982005,0.99982506,0.9998843,0.99986583,0.9997972,0.99977577,0.99984473,0.99927294,0.9998216,0.9998665,0.99989367,0.99977905,0.99985653,0.9998542,0.9996727,0.99986786,0.9998857,0.9998675,0.9995404,0.99979615,0.99986875,0.9998602,0.99989545,0.99984914,0.9998794,0.99979967,0.99999905,0.9998449,0.9999047,0.9998103,0.9998866,0.9998292,0.9998758,0.99988174,0.99981606,0.9999163,0.9998114,0.9999001,0.9995275,0.9998401,0.99988645,0.9998907,0.99978405,0.9998869,0.9998267,0.99988604,0.9998535,0.9999089,0.99979115,0.99987686,0.9998804,0.9997832,0.9998301,0.9997188,0.9997725,0.999854,0.99984115,0.9998701,0.9998508,0.9996381,0.9998791,0.99979424,0.9998883,0.99987286,0.99986345,0.99986184,0.9998661,0.9999598,0.9998207,0.9998767,0.99984396,0.9998687,0.99987364,0.99982816,0.9998443,0.9995983,0.9994615,0.9997479
ipip33,0.9997767,0.99973905,0.9997678,0.9997362,0.99981445,0.9997258,0.99979025,0.9997815,0.9998094,0.999742,0.99974734,0.9997863,0.99979013,0.99974567,0.99966234,0.9997745,0.99978876,0.9997275,0.9997951,0.99978876,0.9998168,0.99976563,0.999826,0.9997806,0.9997389,0.99980265,0.9997402,0.9998002,0.9997768,0.9997629,0.99978083,0.9998217,0.9997473,0.99981993,0.99978876,0.99986655,0.99979043,0.9997929,0.99977744,0.9998034,0.9997574,0.99980575,0.9997654,0.99976337,0.99967724,0.99979436,0.9997847,0.9996822,0.9998106,0.9997298,0.99977744,0.9994814,0.99982977,0.9997713,0.9996659,0.9998077,0.99969494,0.9997263,0.9997683,0.9998029,0.9997934,0.9997764,0.99980104,0.999742,0.99976647,0.99970895,0.99980044,0.9997478,0.99976707,0.99971366,0.999808,0.99982834,0.9996486,0.99981755,0.99977213,0.9994352,0.99973065,0.9997809,0.99979013,0.99980235,0.9997413,0.9998092,0.99974036,0.99974644,0.99980927,0.9997857,0.99979126,0.99973655,0.99966055,0.99977714,0.9997715,0.9997822,0.9998162,0.99976754,0.999617,0.99971324,0.99978256,0.99975735,0.9996748,0.9996608,0.99977523,0.9997938,0.99978626,0.9997584,0.99980223,0.99964875,0.99979025,0.9996956,0.99981415,0.99980664,0.9998053,0.99976575,0.99980044,0.9998082,0.9998222,0.99984634,0.99981374,0.9998392,0.9998032,0.99980915,0.9998149,0.99980974,0.99980575,0.99980927,0.999816,0.9997255,0.99978787,0.99981326,0.99973816,0.99975103,0.9998593,0.9995288,0.99980277,0.9996718,0.99985254,0.99982566,0.9997868,0.99983793,0.999827,0.99979794,0.9997762,0.9997893,0.9997411,0.9997958,0.9997972,0.999683,0.99978286,0.9997712,0.999708,0.99980044,0.99979484,0.99978524,0.9997318,0.99966556,0.999794,0.9998323,0.9998238,0.9998641,0.99970174,0.99979985,0.99979544,0.9998805,0.99984014,0.99973166,0.99981344,0.99947053,0.9998461,0.99979645,0.99985397,0.99978906,0.99983,0.9997538,0.9997986,0.9997958,0.9997835,0.99981546,0.9997957,0.99979824,0.9997861,0.9997911,0.99976563,0.99976695,0.9997526,0.99978274,0.9996146,0.99979097,0.9998028,0.9998035,0.99980277,0.9997664,0.9998044,0.9998087,0.9998111,0.9997784,0.99981153,0.99978936,0.9998283,0.999804,0.9997563,0.99976456,0.9998364,0.99979323,0.9997458,0.99982,0.999799,0.9997661,0.9998091,0.9995559,0.9997432,0.9997267,0.999778,0.99977654,0.99977314,0.9998175,0.9997814,0.9997188,0.99979585,0.9992691,0.999792,0.99984026,0.99983865,0.99978364,0.9998332,0.9997793,0.999663,0.99981797,0.99980617,0.99981266,0.9995142,0.9997134,0.9998163,0.9997983,0.99981546,0.99973714,0.9998199,0.9997594,0.9998449,0.9999977,0.9998913,0.9998532,0.9998798,0.99980825,0.9998321,0.9997565,0.9998224,0.9998297,0.99977696,0.9998291,0.9995742,0.99986637,0.9998126,0.9998169,0.99979144,0.9998224,0.99982643,0.9998305,0.99979126,0.9998365,0.9998053,0.9997745,0.9998229,0.99973106,0.999798,0.9997487,0.9997274,0.9998525,0.99984896,0.99977475,0.99983203,0.99965465,0.9998205,0.9997555,0.9998105,0.99984443,0.99981725,0.99984455,0.99986887,0.9998106,0.99973375,0.99984956,0.99977756,0.99982387,0.99981016,0.99976194,0.99983376,0.99957657,0.99952054,0.9997282
ipip63,0.999871,0.9997728,0.999839,0.99978083,0.9998757,0.9997813,0.9998753,0.9997929,0.9998729,0.9997786,0.99979645,0.9998463,0.99981767,0.99975985,0.9997076,0.9998334,0.99984986,0.99977887,0.99985254,0.99980986,0.9998853,0.9998003,0.99992734,0.9998611,0.9998125,0.99986976,0.9997611,0.99986506,0.99982387,0.9998228,0.9998682,0.99986076,0.9998166,0.9998815,0.999861,0.99992394,0.9998673,0.9998684,0.99984306,0.9998669,0.9997799,0.9998708,0.9998243,0.9997892,0.99972916,0.9998681,0.99983513,0.9997591,0.9998655,0.9997609,0.9998247,0.9994551,0.9998689,0.9997782,0.9997133,0.9998317,0.999701,0.99977094,0.99979115,0.99985546,0.99985856,0.9998376,0.99986476,0.9998139,0.99982953,0.99978375,0.99986506,0.999843,0.99984884,0.9997564,0.99990016,0.99992144,0.99968976,0.9998517,0.99982256,0.99943364,0.9997773,0.9998462,0.9998322,0.9998584,0.99981254,0.99989057,0.99979764,0.99985015,0.9998783,0.99986064,0.9998569,0.9997821,0.9997134,0.9998329,0.9998105,0.9998834,0.999855,0.99975413,0.9996504,0.99972445,0.9998592,0.9998194,0.9997136,0.999672,0.9998276,0.99988455,0.99984014,0.9998293,0.99985677,0.9996796,0.9998611,0.99975336,0.999869,0.99987537,0.999879,0.99981827,0.99982786,0.9998287,0.9998807,0.9998853,0.99986845,0.99990046,0.9998692,0.999841,0.9998926,0.99983335,0.9998745,0.9998656,0.99989074,0.9997919,0.99983895,0.9998444,0.99980867,0.99978733,0.9999273,0.99956846,0.9998408,0.999704,0.9999216,0.9999041,0.9998664,0.99988467,0.9998933,0.99986976,0.99986964,0.9998657,0.99979097,0.9998501,0.9998491,0.9996997,0.9998517,0.9998597,0.99973124,0.999847,0.9998916,0.99985653,0.99978054,0.99969137,0.99987704,0.9999064,0.9999092,0.99989563,0.99968684,0.99987835,0.9997992,0.9999342,0.9998663,0.9997884,0.9998736,0.99941987,0.9998976,0.9998731,0.9998757,0.9998296,0.9999243,0.99978846,0.99987847,0.9998778,0.9998601,0.9998836,0.99988,0.9998464,0.9998485,0.9998655,0.9997984,0.9998201,0.99981034,0.99981856,0.9996365,0.99981034,0.999888,0.9998865,0.99988675,0.99982196,0.99987555,0.9998864,0.9998872,0.99986213,0.99989235,0.99988586,0.9999052,0.9998904,0.9997982,0.99981934,0.99987775,0.9998824,0.99978274,0.99989223,0.9998714,0.9998505,0.9998926,0.99958533,0.9997872,0.9997515,0.9998392,0.999827,0.9998588,0.99985415,0.99979365,0.99976397,0.99986756,0.9992876,0.99984384,0.9998867,0.9999474,0.99981517,0.99986064,0.9998316,0.9997017,0.99988264,0.999885,0.9998612,0.9995386,0.9997819,0.99986774,0.99984705,0.9998624,0.9998325,0.99987245,0.9997879,0.9999047,0.9998913,0.99999696,0.9998925,0.99990743,0.9998604,0.9999179,0.9998194,0.9998473,0.9998878,0.9998196,0.9999235,0.9995626,0.9998856,0.9998968,0.9998978,0.99982876,0.99990124,0.9998574,0.99987215,0.999845,0.99990594,0.999831,0.999863,0.9998881,0.9997633,0.99983543,0.99972916,0.9997835,0.999881,0.99989647,0.999857,0.99989927,0.9996748,0.9998947,0.99980795,0.9998677,0.9998952,0.99985737,0.9998948,0.9999148,0.9998733,0.9997765,0.9999151,0.9998175,0.99987286,0.99984336,0.99980503,0.99985003,0.9995726,0.99949414,0.99975467
ipip93,0.99974394,0.9997316,0.99975514,0.9997262,0.9997828,0.99973935,0.9997573,0.9997542,0.999797,0.9997329,0.9997355,0.99978733,0.9997916,0.99973303,0.9997058,0.99976647,0.9997834,0.99975026,0.9997877,0.99973685,0.999818,0.9997552,0.9998514,0.9997849,0.99974304,0.99981207,0.9997515,0.9998079,0.9997882,0.9997676,0.9997816,0.99980867,0.99976516,0.9997936,0.99975073,0.9998504,0.999769,0.99975145,0.99978715,0.9997835,0.9997727,0.9998146,0.99977434,0.9997426,0.9997107,0.99980414,0.99979556,0.99969494,0.9997764,0.99976104,0.99975955,0.9995069,0.99978876,0.9997432,0.9997055,0.9998076,0.999666,0.999785,0.99976665,0.9997961,0.99975157,0.99977285,0.9997616,0.9997408,0.9997788,0.99976003,0.9997716,0.9997556,0.9997646,0.999729,0.999789,0.9998692,0.9997021,0.9997946,0.99978197,0.9995123,0.99974376,0.9997787,0.9998035,0.99980205,0.9997565,0.99979436,0.9997268,0.99972713,0.9998169,0.9997424,0.99975836,0.9997589,0.99968153,0.9997514,0.9997792,0.99974674,0.9997794,0.99976784,0.99963623,0.99972063,0.99972504,0.99977416,0.9997096,0.9996842,0.99977887,0.999777,0.99977016,0.9997909,0.99977916,0.99974537,0.9997776,0.99974716,0.9998086,0.9997678,0.9997698,0.9997709,0.9998035,0.9998142,0.99977916,0.9998843,0.99979234,0.9997947,0.9997731,0.9997952,0.9997977,0.99980175,0.9998138,0.99979913,0.99977857,0.9997782,0.9998103,0.99979013,0.9997757,0.9997678,0.9998098,0.9995908,0.99983597,0.9997016,0.9998009,0.99985754,0.99983627,0.99982697,0.99978375,0.9997656,0.9997487,0.99979717,0.9997566,0.9997958,0.9997922,0.9997016,0.9997941,0.99977833,0.9997737,0.9997913,0.9997883,0.9997999,0.99975765,0.9996869,0.99974895,0.9999054,0.9999003,0.9998675,0.999706,0.99976456,0.99981713,0.99985033,0.9997781,0.9997505,0.9997687,0.9994138,0.9997997,0.9998121,0.99978924,0.9997791,0.999798,0.9997853,0.9997521,0.9997844,0.9997722,0.9997767,0.9997935,0.99977607,0.9997845,0.9998147,0.9998428,0.9997906,0.99977505,0.99978966,0.99964,0.9997752,0.99980235,0.9998101,0.99981356,0.9998053,0.99979645,0.999794,0.99979186,0.9997724,0.99981135,0.9997512,0.9998236,0.99978256,0.99979824,0.9997878,0.99979496,0.9997691,0.9997682,0.99978954,0.99981904,0.999787,0.9997937,0.99962145,0.9997896,0.99976254,0.9997949,0.9997805,0.9997607,0.9998105,0.99977887,0.9997523,0.9997978,0.999367,0.9997858,0.99982184,0.99984515,0.9997498,0.99979377,0.9997877,0.9996741,0.9997743,0.99978036,0.99981314,0.9996078,0.99975955,0.9998369,0.99978256,0.99977964,0.9997436,0.99977446,0.99975455,0.9998103,0.9998532,0.9998925,0.9999988,0.9998567,0.99984205,0.999787,0.9997717,0.9998659,0.9998205,0.9997726,0.99980533,0.9996074,0.99984556,0.9998091,0.99980795,0.99980605,0.99981564,0.99980396,0.99980044,0.99977314,0.9998147,0.99983585,0.99981153,0.9998048,0.9997578,0.9997897,0.999714,0.9997608,0.9998191,0.9998837,0.9998034,0.9998767,0.9997339,0.99978113,0.9997853,0.99980706,0.9997989,0.9998085,0.99986964,0.9998724,0.9997744,0.99974334,0.99987274,0.9997817,0.99977416,0.999803,0.9997625,0.99979013,0.9995777,0.99952686,0.99969876
ipip123,0.99985373,0.9997745,0.9998241,0.9997633,0.9998518,0.9997624,0.99986315,0.9998221,0.9998634,0.9997723,0.9997933,0.99985963,0.9998301,0.99980336,0.99970496,0.9998461,0.9998621,0.99980193,0.9998789,0.9998507,0.9998669,0.99982184,0.99985355,0.9998496,0.99977297,0.99987215,0.99977916,0.9998608,0.99986285,0.9998303,0.99985254,0.99984384,0.9997848,0.99987656,0.9998719,0.9998737,0.99987465,0.9998736,0.9998573,0.99987316,0.9997609,0.99984384,0.99982107,0.9997952,0.99973696,0.9998553,0.99982417,0.99973285,0.99990124,0.9997999,0.999824,0.9994713,0.99984646,0.9998057,0.9997106,0.99981666,0.99970055,0.9997868,0.99979925,0.9998358,0.9998626,0.9998463,0.99987143,0.99981374,0.9998196,0.9997587,0.9998727,0.99982035,0.99983156,0.99976087,0.99985874,0.99987113,0.99965715,0.9998076,0.9998278,0.9994316,0.9997995,0.9998685,0.9998288,0.999854,0.9998048,0.99988323,0.9998073,0.99983805,0.9998899,0.9998673,0.9998727,0.9998078,0.9997203,0.9998555,0.9998219,0.9998618,0.9998617,0.99981177,0.99966383,0.99974793,0.99985,0.9998039,0.9997251,0.999704,0.99982995,0.9998636,0.99984574,0.9998256,0.99989176,0.9996675,0.9998818,0.99972785,0.99985343,0.99988216,0.99987876,0.99982727,0.9998598,0.99985045,0.99988747,0.99985963,0.99989384,0.99989367,0.99987423,0.99983037,0.9998724,0.99983793,0.9998588,0.99987215,0.99987274,0.9997655,0.9998269,0.99985784,0.99979347,0.9998036,0.999874,0.99954164,0.9998055,0.99975634,0.9998648,0.99987304,0.9998279,0.9998485,0.9998811,0.99985534,0.99986863,0.99985325,0.99978644,0.99984956,0.99987507,0.99971527,0.9998609,0.9998286,0.9997073,0.9998855,0.99986345,0.99982995,0.9997709,0.9996814,0.9998645,0.9998582,0.99986583,0.9998581,0.99973553,0.9998696,0.9997689,0.99991226,0.9998676,0.9997567,0.9998678,0.99936897,0.9998672,0.99984366,0.9998802,0.9998383,0.999873,0.99978656,0.9998728,0.9998765,0.9998432,0.9998722,0.9998701,0.99984103,0.9998164,0.9998511,0.9998488,0.99981403,0.9997938,0.9998198,0.9996505,0.99981195,0.9998745,0.9998796,0.99987775,0.999815,0.99988365,0.9998709,0.9998704,0.9998483,0.9998876,0.999866,0.99987805,0.9998739,0.99978775,0.9998111,0.9998694,0.9998642,0.99977356,0.9998718,0.9998624,0.99982905,0.99987817,0.9995952,0.99977225,0.9997488,0.99982834,0.9998536,0.9998412,0.99984837,0.9997943,0.9997652,0.99985594,0.99929374,0.9998512,0.9998995,0.9998828,0.9998416,0.9998802,0.9998459,0.9997123,0.9998814,0.99987674,0.9998817,0.99956244,0.9997702,0.9998762,0.9998505,0.99985504,0.9998137,0.9998807,0.9997883,0.9998866,0.9998798,0.99990743,0.9998567,0.99999774,0.9998757,0.9998857,0.99979466,0.9998463,0.9998725,0.99979526,0.99987376,0.9995434,0.99985355,0.999854,0.9998577,0.99978715,0.9998662,0.9998306,0.9998927,0.99984664,0.9998749,0.9998411,0.9998483,0.9998732,0.99977857,0.99984294,0.9997388,0.99975944,0.999859,0.9998362,0.9998106,0.9998519,0.9996652,0.9998668,0.9997709,0.9998547,0.99986774,0.9998554,0.9998467,0.99985504,0.9998573,0.99976414,0.9998824,0.9998064,0.99986744,0.9998261,0.9997914,0.99985313,0.9995722,0.999507,0.99974126
ipip153,0.9998005,0.9997743,0.99980205,0.99975926,0.9998059,0.99976283,0.9998141,0.9997956,0.9998244,0.99976015,0.99975157,0.99981946,0.99980384,0.999772,0.99970186,0.9997995,0.9998435,0.9997629,0.99984026,0.9998097,0.9998453,0.99979675,0.9998179,0.99983114,0.9997552,0.9998434,0.99977463,0.9998403,0.9998357,0.9998307,0.99979043,0.9998221,0.99974376,0.9998263,0.9998184,0.99980867,0.9998328,0.99981606,0.9998284,0.9998248,0.99975044,0.9998326,0.9998018,0.9997496,0.9997265,0.99982274,0.9998032,0.999733,0.9998316,0.99976945,0.9997989,0.9995288,0.9998327,0.999777,0.99969786,0.9997913,0.999661,0.9998101,0.9997975,0.9998001,0.99982774,0.99980545,0.99983144,0.9997691,0.9998124,0.9997684,0.9998371,0.99979866,0.9998034,0.99977684,0.99980253,0.9998455,0.9996646,0.99978095,0.99984187,0.999521,0.999783,0.9998373,0.9998046,0.9998201,0.99978435,0.99983734,0.9998115,0.99978006,0.9998604,0.9998061,0.99981946,0.9997962,0.99970776,0.99980783,0.99978715,0.99982303,0.9998376,0.99979,0.9996801,0.9997695,0.99978006,0.9997909,0.9997364,0.99976,0.99982893,0.9998176,0.99982613,0.9998059,0.9998461,0.999715,0.99986225,0.99971765,0.99985343,0.99984545,0.999825,0.9998059,0.9998306,0.99984205,0.9998366,0.9998275,0.9998429,0.9998388,0.99982643,0.9998325,0.9998302,0.9998233,0.9998442,0.99982893,0.99983144,0.99975395,0.9998342,0.9998368,0.9997698,0.99979705,0.9998136,0.9995995,0.99979913,0.99976134,0.9998046,0.9998329,0.9997993,0.99982506,0.99982363,0.9997963,0.99980384,0.9998249,0.9997859,0.99981225,0.99983907,0.99973,0.99983007,0.9998098,0.99971944,0.99983937,0.99982893,0.99980336,0.9997822,0.99972016,0.999813,0.99983746,0.99984634,0.9998221,0.99975127,0.9998324,0.999761,0.9998554,0.9997988,0.99972594,0.999802,0.99935746,0.9998133,0.9998254,0.9998208,0.99979776,0.9998145,0.99980384,0.99980366,0.9998123,0.99978215,0.9998197,0.999858,0.9997993,0.9997981,0.9998359,0.99983174,0.9998037,0.9997984,0.99980515,0.99971217,0.9997971,0.9998362,0.9998362,0.99984235,0.9998079,0.9998382,0.9998221,0.9998233,0.9997926,0.9998482,0.99981064,0.99985653,0.9998195,0.9997886,0.9998013,0.99984044,0.9998178,0.9997949,0.99982786,0.9998386,0.99979347,0.99982107,0.9996234,0.99979347,0.99974823,0.9998109,0.9998101,0.99978316,0.99981904,0.9997905,0.9997655,0.9998317,0.9993619,0.9998525,0.9998544,0.99982095,0.99977344,0.9998307,0.99980336,0.99972326,0.999822,0.9998242,0.9998554,0.9996412,0.99975866,0.9998513,0.9998282,0.9998142,0.99978447,0.9998267,0.9997869,0.9998292,0.99980825,0.9998604,0.99984205,0.9998757,0.9999984,0.9998342,0.99976784,0.999832,0.9998566,0.99978465,0.9998139,0.99958605,0.9998189,0.9998094,0.9998107,0.9997961,0.9998213,0.9998106,0.9998561,0.99982196,0.99983454,0.9998623,0.99983907,0.9998365,0.99975926,0.99982876,0.99975055,0.99976397,0.99982035,0.9998279,0.99978465,0.9998382,0.99969244,0.9998184,0.9997613,0.9998032,0.99981964,0.9998254,0.99983275,0.9998383,0.99980825,0.99974865,0.99989897,0.999773,0.9998237,0.9998266,0.99976486,0.99983597,0.99958205,0.9995611,0.9997412
ipip183,0.9998978,0.9997541,0.99984086,0.999761,0.99985754,0.99976456,0.9999066,0.9998008,0.9998742,0.99975735,0.99980175,0.999852,0.9997936,0.99974966,0.9996789,0.9998456,0.99986863,0.99974984,0.9998587,0.99984246,0.99987334,0.9997888,0.99985546,0.9998502,0.9997671,0.9998758,0.99973613,0.99986374,0.99983245,0.99985033,0.9998752,0.99985236,0.9998051,0.9998859,0.9999026,0.9998658,0.99989593,0.9999019,0.9998521,0.99986553,0.99976027,0.99986684,0.999813,0.99983317,0.99969536,0.99985397,0.9997938,0.99973565,0.99986124,0.99973595,0.9998064,0.99938333,0.999863,0.9997653,0.99968815,0.9998168,0.999672,0.99975985,0.9997808,0.9998577,0.99988014,0.9998111,0.9998983,0.9998079,0.99980295,0.99975276,0.9999043,0.99986553,0.99987197,0.99976456,0.99990994,0.9998704,0.9996236,0.99981314,0.99981064,0.99941665,0.99976695,0.999868,0.9998288,0.99986666,0.9997991,0.99990505,0.9998026,0.99987495,0.99987227,0.9999103,0.999897,0.99977976,0.99970555,0.9998677,0.9998049,0.9999121,0.9998619,0.9997153,0.9996314,0.9996998,0.99989676,0.99981904,0.9997144,0.99967915,0.9998453,0.99989957,0.9998562,0.9998157,0.9998597,0.99962974,0.9998884,0.99971694,0.9998778,0.9999185,0.9999234,0.9998129,0.9998138,0.99983066,0.9999119,0.999805,0.999899,0.99990404,0.99990714,0.99985415,0.99990577,0.999831,0.9998672,0.9998689,0.99990064,0.9997807,0.99983525,0.99987173,0.9997959,0.99979717,0.99990785,0.99947846,0.9997601,0.9996799,0.9998962,0.9998777,0.9998286,0.9998765,0.9999269,0.9999012,0.99990416,0.99985737,0.99977183,0.99982643,0.9998526,0.99968475,0.9998669,0.9998809,0.99968314,0.9998672,0.9999056,0.99983335,0.9997152,0.99965274,0.99991757,0.9998248,0.99983466,0.99983054,0.9996931,0.9999196,0.9997058,0.9999148,0.9998634,0.9997333,0.9999022,0.9993824,0.9999087,0.9998273,0.9998782,0.9998092,0.99990416,0.9997321,0.99991655,0.9998793,0.9998963,0.99995315,0.999885,0.9998428,0.99982256,0.9998601,0.99976414,0.99983084,0.9998011,0.99983734,0.9996382,0.9998118,0.99990696,0.9999029,0.99990356,0.99979967,0.9998994,0.99994975,0.9999566,0.99989915,0.99990815,0.99995464,0.9999168,0.9999151,0.9997707,0.99979454,0.99988866,0.99989814,0.9997496,0.9999592,0.999857,0.999808,0.99991107,0.9995391,0.9997497,0.99972504,0.9998316,0.9998449,0.9998883,0.9998442,0.999794,0.9997179,0.99987614,0.9992173,0.9998446,0.99988574,0.999886,0.999861,0.9998848,0.9998044,0.99972934,0.9999363,0.9999168,0.99986625,0.9994824,0.9997583,0.9998517,0.9998686,0.9998644,0.9998419,0.9999166,0.9997837,0.9998758,0.9998321,0.9999179,0.999787,0.9998857,0.9998342,0.9999978,0.99981594,0.99989974,0.9998945,0.9997497,0.99990815,0.9994911,0.9998091,0.9998872,0.9998906,0.99978656,0.99989915,0.99982625,0.99987006,0.99984723,0.99985677,0.9997695,0.9998456,0.99994767,0.99976534,0.9998732,0.9997476,0.9997596,0.9998761,0.9998179,0.9997921,0.9998336,0.999602,0.9999188,0.99976134,0.99983925,0.99991083,0.9998294,0.99982387,0.999837,0.99986523,0.9997495,0.99986756,0.99980414,0.99991083,0.99983263,0.9997827,0.99988425,0.99954605,0.9994486,0.9997432
ipip213,0.99977195,0.9997582,0.99976724,0.99973655,0.99980515,0.999746,0.9997975,0.9997493,0.9998387,0.999746,0.99976355,0.9997989,0.99975586,0.9997248,0.9997013,0.9997525,0.99978226,0.9997508,0.9997911,0.9997463,0.9998054,0.9997384,0.9998024,0.9998223,0.9998165,0.9998127,0.99977493,0.99981385,0.9997726,0.9998117,0.9998301,0.9998331,0.99976885,0.99986094,0.99978006,0.99980825,0.99977255,0.99977607,0.99978393,0.99983025,0.99972415,0.9998124,0.99981236,0.99972606,0.9997616,0.99981064,0.99984694,0.9997479,0.9997767,0.99972665,0.9997687,0.99947536,0.99978596,0.9997406,0.9998065,0.9997908,0.99965703,0.99977154,0.9997363,0.9998381,0.9997752,0.9997794,0.9997859,0.99979943,0.9998154,0.9997587,0.99980503,0.999854,0.99985975,0.9998279,0.99979055,0.9998049,0.9996619,0.99975026,0.9998019,0.99943256,0.9997428,0.99977523,0.9998528,0.99986804,0.9997877,0.99980724,0.99972343,0.99978083,0.9997969,0.9997754,0.99978685,0.9997479,0.99972236,0.9997885,0.9997554,0.9997888,0.99976885,0.99968994,0.9996587,0.9996926,0.9997682,0.9998833,0.9996967,0.9996714,0.9997556,0.9998269,0.9997658,0.99978095,0.99979687,0.99970686,0.99978995,0.99975556,0.9998375,0.99977773,0.9997882,0.9997725,0.9997706,0.9997719,0.9998117,0.999793,0.9997839,0.99982786,0.999807,0.9997727,0.9998109,0.9997518,0.99979883,0.99979895,0.99977386,0.9998112,0.99978125,0.9997825,0.9998796,0.9997453,0.99979645,0.99954927,0.999741,0.999673,0.9997784,0.9998239,0.9998178,0.99985474,0.9997928,0.9997719,0.9997825,0.9997992,0.99974835,0.9997841,0.9997996,0.99964106,0.9997991,0.9998601,0.99975693,0.99979913,0.99983203,0.9998183,0.9997562,0.9996776,0.99978405,0.9998033,0.9998102,0.9997857,0.9996294,0.9998069,0.99970186,0.9998169,0.99978465,0.9997539,0.99977845,0.9993785,0.99980104,0.99985176,0.9997841,0.9997133,0.99979365,0.99973446,0.99976164,0.9998003,0.9998761,0.9998063,0.99980164,0.99978596,0.99981976,0.9998052,0.99975955,0.9998482,0.99975866,0.9998467,0.99967885,0.99975115,0.9998202,0.99982285,0.99982166,0.9998271,0.9998208,0.9998241,0.9998175,0.99987006,0.999815,0.99980074,0.99981636,0.9998143,0.99977124,0.9998594,0.99982023,0.9998083,0.9997772,0.9998135,0.9998214,0.99982095,0.99983966,0.99967784,0.9997918,0.9997535,0.9998001,0.999767,0.99985737,0.99982,0.9998324,0.99975497,0.99978733,0.9994121,0.99979204,0.9997982,0.99980503,0.9997531,0.9997879,0.9998187,0.9996834,0.99981433,0.9997968,0.99979955,0.9996234,0.9998233,0.99981046,0.99978703,0.99982107,0.9997894,0.9997894,0.999758,0.99988174,0.9997565,0.9998194,0.9997717,0.99979466,0.99976784,0.99981594,0.99999875,0.99979424,0.9998702,0.99976534,0.9998016,0.9995319,0.99976265,0.9999034,0.99990517,0.99984616,0.9999001,0.9998653,0.9998012,0.9997799,0.99982506,0.99973273,0.9998196,0.99982953,0.99982315,0.99980116,0.9997128,0.9998026,0.9997858,0.99978644,0.9998008,0.99980134,0.9996546,0.9998043,0.9998456,0.9998368,0.99981904,0.99982125,0.9998044,0.99979806,0.99986005,0.99978524,0.9997987,0.9998695,0.9998089,0.9998438,0.9998551,0.99980116,0.9996367,0.99948204,0.9997011
ipip243,0.9998041,0.9997557,0.99979347,0.999753,0.99980325,0.9997505,0.99981964,0.99979794,0.9998321,0.9997536,0.99980634,0.9998078,0.9997994,0.9997549,0.9997079,0.99981123,0.9998185,0.9997384,0.999825,0.99981046,0.9998336,0.9997698,0.9998166,0.99980235,0.9997256,0.9998472,0.9997847,0.9998281,0.9998234,0.9998345,0.9998118,0.9998447,0.9997917,0.9998298,0.99982566,0.9998231,0.9998252,0.9998131,0.9998186,0.9998121,0.99979866,0.99985504,0.9997991,0.9998434,0.99971896,0.9998174,0.9997918,0.999707,0.9998045,0.9997593,0.9997807,0.99951094,0.9998268,0.99977833,0.9997018,0.99983484,0.9996689,0.99979836,0.9997822,0.99983305,0.9998089,0.9997948,0.99981636,0.9997612,0.9997698,0.9997514,0.99983656,0.99979657,0.99981534,0.9997629,0.9998054,0.99983054,0.99963653,0.99978626,0.99978584,0.999573,0.9997745,0.99983346,0.9998434,0.9998482,0.9997515,0.9998424,0.99978435,0.9997693,0.99982893,0.99981076,0.9998333,0.99978817,0.9997045,0.99981,0.999784,0.9998039,0.99980843,0.99975336,0.99966115,0.99974054,0.9997743,0.999809,0.99972856,0.9997319,0.99982435,0.9998227,0.9998029,0.99980444,0.9998023,0.99972886,0.99983245,0.9997,0.99985147,0.99983436,0.99984753,0.9997802,0.9998139,0.99984807,0.99984133,0.9998134,0.9998426,0.9998243,0.99983895,0.9998448,0.9998443,0.9998439,0.9998417,0.99983084,0.9998144,0.9998,0.99985576,0.9998538,0.99979067,0.99980617,0.99982643,0.9995464,0.99978006,0.99970347,0.999817,0.9998362,0.9997991,0.9998589,0.99985194,0.99979585,0.9997974,0.9998064,0.9997673,0.9997871,0.9998085,0.9997163,0.99982315,0.999826,0.9997739,0.9998278,0.99983275,0.99981767,0.99973506,0.99969506,0.9998174,0.99983084,0.999825,0.9998146,0.9997192,0.9998398,0.9997596,0.999861,0.9998016,0.9997182,0.9998123,0.9994559,0.9998538,0.99979323,0.9998112,0.99979115,0.9998172,0.99975526,0.99981195,0.9998018,0.9998347,0.9998865,0.9998318,0.9998086,0.9998038,0.9998532,0.9998263,0.99985904,0.9998115,0.99986345,0.9997021,0.99982333,0.9998567,0.99985707,0.99986285,0.9998269,0.9998548,0.9999104,0.99991655,0.99984175,0.99985224,0.9998613,0.9998742,0.999834,0.9998143,0.9998009,0.99984807,0.999815,0.99978185,0.9999049,0.9998384,0.9997801,0.99984324,0.99961543,0.9997996,0.99977803,0.99981266,0.99983704,0.99983096,0.9998373,0.99982554,0.9997557,0.9998552,0.99934775,0.9998182,0.9998412,0.9998197,0.99986243,0.9998716,0.9997955,0.99976605,0.9998661,0.99984616,0.9998441,0.9995938,0.99976695,0.999858,0.9998504,0.9998082,0.9997657,0.99985063,0.99980885,0.99981606,0.9998224,0.9998473,0.9998659,0.9998463,0.999832,0.99989974,0.99979424,0.9999974,0.99985486,0.99974346,0.9998151,0.99958247,0.9998001,0.99982715,0.99982804,0.9998069,0.9998383,0.99981874,0.9998438,0.9998106,0.99979913,0.999792,0.99980253,0.9999227,0.99982274,0.9998884,0.99980086,0.99977475,0.999841,0.99981743,0.9997515,0.9998127,0.99965584,0.99983543,0.99977106,0.9998057,0.999851,0.9998076,0.99981344,0.9998263,0.9997976,0.9997397,0.9998317,0.99978495,0.9998405,0.99982667,0.99977106,0.99985933,0.99960285,0.9995444,0.9997283
ipip273,0.9998707,0.99978924,0.9998389,0.999779,0.99986,0.9997824,0.99989015,0.9998326,0.9998952,0.9997889,0.9997773,0.9998406,0.9997979,0.99976224,0.99971974,0.9998213,0.99986506,0.9997784,0.99985325,0.999838,0.999871,0.99982613,0.9998553,0.9998897,0.9998025,0.99987274,0.9997851,0.999882,0.9998243,0.99982786,0.999857,0.99987704,0.9997945,0.99989825,0.9998779,0.99986094,0.999862,0.9998729,0.999846,0.9998653,0.99976796,0.9998738,0.9998328,0.99974835,0.99975264,0.99985874,0.9998371,0.99976397,0.9998454,0.9997504,0.99981713,0.99947816,0.99985754,0.9998,0.9997394,0.9998255,0.9996779,0.99978375,0.99979,0.99987435,0.9998651,0.9998227,0.9998778,0.9998227,0.9998377,0.9997928,0.9998998,0.99990165,0.99988073,0.9998326,0.9998783,0.99986464,0.99968874,0.9998142,0.9998281,0.9994827,0.9997782,0.999849,0.99984187,0.99987185,0.9998229,0.99988097,0.9997726,0.9998384,0.9998588,0.9998677,0.9998667,0.99979365,0.99972636,0.99985933,0.9997933,0.9998726,0.9998589,0.9997326,0.99965113,0.9997335,0.9998637,0.9998422,0.9997077,0.99968356,0.9998275,0.9998828,0.99984026,0.99981624,0.9998556,0.99973977,0.99986166,0.99977815,0.9999358,0.9998828,0.99988866,0.9998116,0.99981356,0.9998439,0.9998855,0.99982125,0.9998778,0.9998884,0.99988526,0.99983543,0.99988234,0.99982053,0.99987787,0.99986905,0.9998617,0.9998183,0.99986917,0.9998675,0.9998329,0.999802,0.99987644,0.99952334,0.999784,0.999723,0.99986196,0.9998745,0.9998519,0.9998814,0.9998916,0.9998686,0.99986285,0.9998776,0.9998002,0.9998601,0.99986076,0.99968624,0.99985105,0.9998819,0.9997285,0.99985576,0.99988747,0.9998291,0.9997264,0.99970645,0.99987906,0.9998362,0.99984187,0.9998218,0.9996933,0.99990225,0.99973404,0.99989593,0.9998399,0.99977183,0.99987835,0.99934936,0.9998868,0.99987024,0.99986035,0.9997817,0.99987614,0.9997566,0.99986523,0.99985343,0.99988,0.99987924,0.9999078,0.99986356,0.99987304,0.99988055,0.999811,0.9998476,0.99977994,0.9998461,0.9996843,0.9998181,0.9998992,0.99990034,0.99990106,0.999827,0.9998903,0.99989057,0.9998859,0.9998736,0.9998874,0.99988174,0.9999059,0.9998988,0.99979264,0.99985194,0.99989337,0.9998943,0.9998131,0.99989134,0.9998775,0.99983203,0.9999045,0.99963903,0.9998537,0.9997855,0.99984175,0.99985844,0.99986917,0.99986684,0.99981755,0.99975765,0.9998602,0.99932545,0.99984616,0.9998571,0.99987215,0.99978906,0.9998724,0.9998393,0.9997009,0.9998721,0.9999034,0.99989414,0.9996337,0.99982417,0.9998944,0.9998559,0.9998806,0.99983656,0.99987906,0.9997954,0.9999163,0.9998297,0.9998878,0.9998205,0.9998725,0.9998566,0.9998945,0.9998702,0.99985486,0.99999887,0.99979836,0.99988467,0.99957556,0.9998318,0.9998937,0.9998942,0.99981016,0.9998939,0.99985063,0.9998871,0.99987024,0.9998741,0.99979913,0.9998894,0.9998983,0.99979717,0.999864,0.9997626,0.9998143,0.9998646,0.9998329,0.9998394,0.9998486,0.9996676,0.9999022,0.999824,0.9998485,0.9998964,0.99985635,0.9998566,0.9998581,0.9998831,0.99979764,0.9998983,0.9998453,0.9998814,0.9999345,0.9998238,0.9998841,0.9996095,0.99950224,0.9997534
ipip8,0.9997899,0.99983984,0.99981135,0.9998534,0.99991065,0.9998037,0.9997859,0.99976987,0.99981624,0.9998403,0.99974054,0.99981225,0.9997621,0.999726,0.9997016,0.99973613,0.99976945,0.9997386,0.9997927,0.99974096,0.99980706,0.9997903,0.9998332,0.99982417,0.9997697,0.99978936,0.9997679,0.9997822,0.9997429,0.99976224,0.9997634,0.9997841,0.99972683,0.9997866,0.99976265,0.9998273,0.9997445,0.9997529,0.9997476,0.9997964,0.99972194,0.99978137,0.99980533,0.99968535,0.99980664,0.99984497,0.9998263,0.9997422,0.9997988,0.99972147,0.9998147,0.9995277,0.99985194,0.9997281,0.9997155,0.99977654,0.99977,0.9997527,0.99981874,0.9997857,0.9997665,0.9998,0.99976945,0.9998037,0.99977034,0.99975157,0.999765,0.9997641,0.9997626,0.9997677,0.9997863,0.99980485,0.9996781,0.999794,0.99978834,0.99940413,0.99969447,0.9997408,0.99977833,0.9997997,0.99977475,0.99980736,0.9997429,0.9997545,0.9998028,0.9997463,0.9997534,0.99971503,0.9996688,0.9997578,0.99973404,0.9997659,0.9997814,0.9997104,0.9996448,0.99973446,0.9997784,0.9997772,0.9996516,0.9996428,0.9997402,0.99979484,0.99973774,0.99974304,0.9997922,0.9996462,0.999753,0.999697,0.99977833,0.9997542,0.99977744,0.99978006,0.99981034,0.99973404,0.99975824,0.9997919,0.99974746,0.99977744,0.9997588,0.9997352,0.9997825,0.9997492,0.99979913,0.9997848,0.9997815,0.99970734,0.99975836,0.99976707,0.99977547,0.99972004,0.999802,0.99952334,0.99980134,0.999686,0.9997951,0.9998134,0.99977994,0.99979836,0.999769,0.9997522,0.99976194,0.9997884,0.99973375,0.9998023,0.99978966,0.9996673,0.9997702,0.9997554,0.9997029,0.9997798,0.99978083,0.9997643,0.9997178,0.99966145,0.99974656,0.9997983,0.9997961,0.99979985,0.9996479,0.99975246,0.9997532,0.9998201,0.9997387,0.9997388,0.9997723,0.99932325,0.9997924,0.99978733,0.999782,0.9997231,0.99981576,0.9997716,0.99973345,0.99976,0.99976385,0.9997509,0.99980384,0.99980974,0.99979687,0.9997586,0.9997325,0.9997676,0.9997197,0.99977183,0.99964887,0.99975246,0.9997673,0.99976575,0.9997654,0.9997438,0.9997555,0.99976146,0.9997557,0.99976623,0.99979186,0.9997549,0.9997859,0.9997784,0.99971104,0.9998008,0.99977237,0.9997729,0.9997798,0.9997634,0.9998167,0.99979717,0.99978185,0.9996259,0.9997555,0.9997328,0.9997729,0.99970675,0.99976546,0.99979645,0.99976116,0.99974257,0.9997467,0.99930304,0.9997505,0.9997578,0.9998152,0.9996992,0.99977994,0.9997891,0.9996482,0.99975705,0.9997574,0.99977666,0.99958336,0.99970156,0.99978375,0.9997818,0.99980056,0.9997675,0.9997691,0.9997411,0.9998114,0.99977696,0.9998196,0.9997726,0.99979526,0.99978465,0.9997497,0.99976534,0.99974346,0.99979836,0.9999981,0.9998108,0.9995913,0.9998559,0.9998224,0.99981105,0.99977225,0.9998081,0.99979246,0.9997949,0.99977523,0.999855,0.9997737,0.9997969,0.9997761,0.9997361,0.9997664,0.9996778,0.9997538,0.999812,0.9998011,0.9997993,0.9998023,0.9996945,0.9997874,0.99981093,0.99979687,0.9997966,0.9998205,0.99981236,0.9998272,0.9997973,0.9997448,0.9998239,0.9998023,0.9997832,0.9998021,0.99978304,0.99977005,0.9997347,0.9996112,0.9998182
ipip38,0.9999267,0.99977463,0.99986726,0.9997794,0.9998973,0.9997846,0.99992967,0.99978673,0.9998807,0.9997707,0.9997844,0.99987483,0.99978703,0.99974555,0.9996841,0.9998343,0.99987024,0.9997474,0.9998613,0.9998293,0.9998992,0.99980015,0.99991024,0.99987876,0.99980897,0.9998779,0.99972653,0.9998797,0.9998241,0.9998284,0.9998819,0.99984175,0.9997895,0.9998976,0.9999119,0.99991965,0.99988574,0.9999184,0.99985456,0.9998762,0.999742,0.9998714,0.99981636,0.99975085,0.99971145,0.9998814,0.9998151,0.9997672,0.99986124,0.9997205,0.99982,0.999374,0.999889,0.9997534,0.9996998,0.99979395,0.9996869,0.99970853,0.9997714,0.99985194,0.99990404,0.99983716,0.9999047,0.9998168,0.9998249,0.9997721,0.9998903,0.99987906,0.9998663,0.9997498,0.9999613,0.99991465,0.9996449,0.9998454,0.9998124,0.99933934,0.99976116,0.99986017,0.9998198,0.99986875,0.99982935,0.9999226,0.99980736,0.9998953,0.9998887,0.9999222,0.9998935,0.99976337,0.99969053,0.99985635,0.9998067,0.9999377,0.9998746,0.99969614,0.99960744,0.99968743,0.99992746,0.99980026,0.9996689,0.9996133,0.99982816,0.9999195,0.9998578,0.999826,0.99986994,0.9995869,0.99987304,0.9997415,0.9998745,0.9999156,0.9999296,0.9998263,0.99982125,0.9997994,0.9998965,0.99982363,0.99988484,0.99991727,0.9998979,0.9998147,0.99991965,0.99981517,0.9998846,0.9998785,0.99990994,0.99976104,0.999818,0.9998607,0.99980557,0.9997744,0.99994475,0.99947166,0.9997956,0.999679,0.99992764,0.99990076,0.99985653,0.9998896,0.9999384,0.99992305,0.9999223,0.9998746,0.99976826,0.9998605,0.9998728,0.9996562,0.99985963,0.99987316,0.9996621,0.99985504,0.99992347,0.9998378,0.9997075,0.9996411,0.99993044,0.99986994,0.99986976,0.9998671,0.9996498,0.99992424,0.99972826,0.99993825,0.9998631,0.99976426,0.99992955,0.99930334,0.9999426,0.9998656,0.999882,0.9997999,0.9999705,0.99973303,0.9999219,0.9998955,0.99988455,0.9999032,0.99989766,0.99985385,0.99984396,0.999861,0.9997491,0.9998073,0.99977857,0.99980587,0.9995822,0.9998065,0.9999099,0.9999066,0.9999055,0.9997842,0.99989337,0.99990517,0.99991095,0.9998842,0.99991614,0.9999256,0.99991757,0.9999389,0.9997449,0.9997962,0.99987775,0.99992156,0.99974906,0.9999148,0.9998822,0.999851,0.99991876,0.99952126,0.99974334,0.9996978,0.9998326,0.99982035,0.99988294,0.99985176,0.999759,0.99971896,0.99986464,0.9991623,0.99982613,0.9998787,0.9999587,0.99977607,0.9998597,0.9998032,0.9996753,0.99990815,0.99991894,0.99986273,0.999453,0.99974287,0.9998561,0.9998594,0.9998924,0.99985427,0.999899,0.99976444,0.9999001,0.9998291,0.9999235,0.99980533,0.99987376,0.9998139,0.99990815,0.9998016,0.9998151,0.99988467,0.9998108,0.9999972,0.99948823,0.99986756,0.99992657,0.99992687,0.99978757,0.9999301,0.9998428,0.99987495,0.9998576,0.99990916,0.99977905,0.99987507,0.99991053,0.9997325,0.9998171,0.9996773,0.99975437,0.99988705,0.9998741,0.999864,0.99987495,0.99962085,0.99994814,0.99978155,0.999859,0.9999346,0.9998494,0.9998718,0.9998837,0.9998985,0.99977255,0.99989545,0.99981916,0.9999027,0.99983394,0.9998039,0.9998699,0.99953777,0.99944395,0.9997627
ipip68,0.99946946,0.9996082,0.9995505,0.9995765,0.9995587,0.99953026,0.999483,0.99958485,0.9995428,0.99958706,0.9995143,0.9994733,0.99955136,0.9995502,0.9994688,0.9994896,0.9995201,0.9995087,0.9995253,0.9995256,0.9995845,0.99953973,0.999558,0.99951863,0.9994995,0.99957687,0.99961287,0.9995806,0.99953395,0.9995235,0.9994875,0.9995719,0.9994919,0.9995102,0.9994741,0.99954957,0.9994922,0.9994765,0.9995056,0.9994942,0.999567,0.99955064,0.99955326,0.9995009,0.9995699,0.99953896,0.9995549,0.9994851,0.99951947,0.9995204,0.99955666,0.9995496,0.99958,0.99960375,0.9995304,0.9996187,0.99949133,0.9995767,0.9995704,0.9995739,0.9994663,0.999568,0.99947214,0.99946535,0.9995132,0.99951416,0.99951285,0.99950343,0.9994954,0.99960893,0.9994583,0.99954844,0.99950236,0.999546,0.99956137,0.99942577,0.99950105,0.9995069,0.9996048,0.99956167,0.9994483,0.99949735,0.9994912,0.99941117,0.9995298,0.999434,0.9994765,0.9995709,0.9995014,0.99947387,0.9994711,0.9994214,0.99952877,0.99952704,0.99954396,0.99956316,0.999419,0.99953127,0.9995106,0.99949974,0.99954426,0.99945796,0.9994748,0.99948555,0.99947894,0.9995163,0.9994852,0.9994204,0.9995358,0.9994493,0.9994737,0.9995332,0.9995326,0.9995788,0.9994931,0.9995783,0.99948967,0.99951524,0.99948394,0.99953836,0.99952936,0.99955964,0.9995726,0.9995388,0.9995236,0.9995094,0.9996148,0.9995517,0.99953026,0.99957615,0.99949974,0.99940807,0.9995875,0.99953246,0.9995167,0.99953514,0.9995159,0.999583,0.9994813,0.9994262,0.99939686,0.99950176,0.9995789,0.99951285,0.9994951,0.99952483,0.99947506,0.99950296,0.9996028,0.99951243,0.9994643,0.99949086,0.9995254,0.99952644,0.99943745,0.9995645,0.9995499,0.99957216,0.99953115,0.99946153,0.99959624,0.9995517,0.9994855,0.9994798,0.9994571,0.99927676,0.9995389,0.99951214,0.9995323,0.9995359,0.99948853,0.9996318,0.9994423,0.9994784,0.9995069,0.99950206,0.9995248,0.9995238,0.9995578,0.99953973,0.9995706,0.9995993,0.9995284,0.9995875,0.9995742,0.99954784,0.9995228,0.9995189,0.9995302,0.9995474,0.99948734,0.99951243,0.99951226,0.99949586,0.9994959,0.9994506,0.9995385,0.9994928,0.99953574,0.9995645,0.99952596,0.99946266,0.9995975,0.99951565,0.9995543,0.9995175,0.99949396,0.9994665,0.9995942,0.99957,0.99955213,0.9995001,0.9994904,0.99956185,0.9996025,0.99951273,0.999515,0.9993546,0.9996138,0.99949455,0.9995046,0.9994837,0.9995733,0.99952364,0.99949783,0.9994836,0.99947673,0.99954724,0.999497,0.9994871,0.999578,0.99953544,0.9995106,0.9994514,0.9994962,0.9995739,0.9995275,0.9995742,0.9995626,0.9996074,0.9995434,0.99958605,0.9994911,0.9995319,0.99958247,0.99957556,0.9995913,0.99948823,1.0,0.999661,0.9995573,0.99954516,0.9996099,0.9995422,0.9996075,0.99958545,0.9996059,0.9995309,0.99959373,0.9995047,0.9995396,0.99957603,0.99961126,0.9995914,0.9996209,0.99956787,0.99959844,0.9995186,0.999565,0.9995294,0.9994923,0.99958104,0.9995177,0.99954337,0.9995416,0.9995771,0.9995897,0.9994823,0.99948674,0.99957865,0.999529,0.9994883,0.9995794,0.9994999,0.99954766,0.9994897,0.9994332,0.99951994
ipip128,0.9998011,0.9997722,0.99979573,0.99977905,0.9998475,0.99975765,0.99980545,0.9997585,0.999821,0.99977165,0.99974185,0.9998035,0.9997752,0.99973744,0.99969876,0.9997689,0.99979335,0.9997234,0.9998183,0.9997761,0.9998467,0.999786,0.99986476,0.9998156,0.99976695,0.9998166,0.9997665,0.99982095,0.9997792,0.9997757,0.9997966,0.9998134,0.99973404,0.99981725,0.9997864,0.99987984,0.9997855,0.99979544,0.99978054,0.9998026,0.99976075,0.99981165,0.99978954,0.99972266,0.9997235,0.9998214,0.99980646,0.9997213,0.9998209,0.99973387,0.9998086,0.9995158,0.99984556,0.9997811,0.999699,0.9998019,0.9996876,0.99974465,0.99977,0.99980706,0.999814,0.9998098,0.99981743,0.9997646,0.9997719,0.9997492,0.99979687,0.99977785,0.9997819,0.9997606,0.999841,0.9998652,0.99967414,0.99984056,0.9997818,0.9994321,0.9997509,0.99979603,0.99981254,0.9998293,0.9997713,0.9998233,0.99976975,0.9997678,0.9998262,0.99978405,0.9997883,0.9997491,0.9996652,0.99977523,0.99976546,0.999801,0.9997989,0.9997354,0.9996318,0.99970794,0.99979794,0.9997664,0.9996737,0.9996498,0.99978757,0.99981195,0.99977463,0.99978006,0.99980736,0.999659,0.9997964,0.9996927,0.9998188,0.9997941,0.9998145,0.9997772,0.99979997,0.9997636,0.99979377,0.9998223,0.9997966,0.9998186,0.99977994,0.9997733,0.9998282,0.9998015,0.9998418,0.9998269,0.9998325,0.99972147,0.999813,0.9998115,0.9997646,0.99975336,0.9998627,0.9995225,0.9998498,0.99968505,0.9998529,0.99984735,0.99979687,0.9998516,0.99983394,0.99981254,0.9997887,0.9997992,0.9997387,0.99980265,0.9998052,0.999681,0.9997904,0.9997817,0.99971855,0.9997937,0.99981606,0.999789,0.9997417,0.99968135,0.9997955,0.9998543,0.9998512,0.9998849,0.9996805,0.99979895,0.99981856,0.9998851,0.9997862,0.99972034,0.99981576,0.99937844,0.9998542,0.9998305,0.99984294,0.9997843,0.9998649,0.9998096,0.99979824,0.99981713,0.9997908,0.9997998,0.9998141,0.99980867,0.9997988,0.99980235,0.9997697,0.99978817,0.9997817,0.9997925,0.99962556,0.9997893,0.9998146,0.99981856,0.999819,0.99977934,0.99980384,0.9998146,0.9998149,0.9997922,0.999828,0.99979746,0.99983877,0.99982554,0.9997477,0.9997823,0.9998179,0.9998065,0.99977314,0.9998246,0.9998433,0.99981135,0.99981576,0.99957156,0.9997687,0.99972695,0.99980485,0.99976206,0.99978334,0.99983203,0.9997887,0.99973047,0.99980414,0.99927324,0.99978155,0.9998093,0.99988,0.999749,0.9998212,0.9997968,0.9996752,0.9998069,0.9998023,0.99982756,0.99955934,0.9997097,0.999835,0.9998062,0.9998183,0.99977297,0.9998124,0.9997668,0.9998401,0.99986637,0.9998856,0.99984556,0.99985355,0.9998189,0.9998091,0.99976265,0.9998001,0.9998318,0.9998559,0.99986756,0.999661,0.99999696,0.9998462,0.99984205,0.9998202,0.9998459,0.99984986,0.99985015,0.99981695,0.99986106,0.99983203,0.9998057,0.9998292,0.9997489,0.9998077,0.9997294,0.9997556,0.99985456,0.99987525,0.9998122,0.99984944,0.9996702,0.99983346,0.9997954,0.9998154,0.99984986,0.99982435,0.99985635,0.9998822,0.99982274,0.9997483,0.9998694,0.99978215,0.9998112,0.99981433,0.9997671,0.9998199,0.99960923,0.99953306,0.9997479
ipip158,0.99987936,0.99978834,0.999843,0.999792,0.9998796,0.9997941,0.9999028,0.99980265,0.9998977,0.9998028,0.9998124,0.9998577,0.99979997,0.99976987,0.99971837,0.99982786,0.99985874,0.9997756,0.99985546,0.9998294,0.9998768,0.99978685,0.9998859,0.9998844,0.99981606,0.999889,0.99979687,0.99988353,0.99983335,0.99985737,0.9998706,0.99988383,0.99981964,0.9998955,0.9998856,0.9998942,0.9998715,0.9998864,0.9998528,0.9998783,0.999785,0.9998909,0.9998355,0.99976695,0.9997696,0.99987423,0.99984455,0.9997758,0.9998459,0.9997528,0.9998322,0.99946916,0.99986845,0.999788,0.9997984,0.99985206,0.99970794,0.9997844,0.9997891,0.9998961,0.9998601,0.9998329,0.9998674,0.9998269,0.9998307,0.9997836,0.9998772,0.9999088,0.9998793,0.999818,0.99990857,0.9998926,0.9996841,0.99982655,0.9998335,0.9994062,0.99977624,0.9998413,0.9998827,0.9999117,0.9998273,0.9998891,0.99979264,0.9998616,0.9998637,0.9998828,0.99987245,0.99979365,0.9997563,0.99985427,0.9997998,0.99988705,0.9998446,0.99970657,0.99967027,0.99971104,0.99987483,0.9998717,0.99972755,0.99967104,0.99981874,0.99989325,0.9998386,0.9998252,0.99985594,0.9996716,0.9998611,0.9997475,0.999882,0.9998762,0.99989384,0.9998166,0.99982256,0.99980587,0.99988306,0.9998364,0.9998606,0.99990284,0.99987876,0.99981767,0.99988574,0.9998023,0.99986786,0.99986136,0.9998666,0.99980575,0.9998391,0.9998631,0.99988586,0.99979,0.99990517,0.9995203,0.9997894,0.9997025,0.99988055,0.9998961,0.99986935,0.9999274,0.99990076,0.99987286,0.9998761,0.9998624,0.9997861,0.9998519,0.99985987,0.9996739,0.9998478,0.9998856,0.99977165,0.999855,0.99990314,0.99984515,0.9997519,0.99966997,0.9998775,0.99986345,0.9998616,0.9998525,0.9996647,0.9998889,0.9997381,0.99990934,0.9998489,0.99977934,0.99988765,0.99938786,0.99992216,0.9998665,0.99985677,0.9997796,0.9999087,0.9997585,0.99986714,0.9998757,0.999912,0.9998842,0.9998815,0.99985415,0.9998737,0.99986064,0.9997753,0.9998614,0.99979055,0.99985546,0.99967045,0.99979645,0.999897,0.999894,0.99989134,0.9998254,0.9998816,0.9998925,0.99989265,0.9999063,0.99988765,0.999891,0.9998967,0.9999223,0.9997833,0.99985266,0.99986637,0.9998924,0.9997904,0.99989367,0.9998759,0.9998617,0.99989915,0.99964124,0.9997996,0.99977213,0.9998463,0.99981225,0.99989927,0.9998585,0.9998453,0.99975497,0.9998565,0.99934137,0.9998549,0.9998633,0.99991167,0.9997895,0.99985325,0.9998281,0.99971205,0.9998974,0.99988407,0.9998609,0.99957275,0.99979794,0.99985904,0.9998426,0.999878,0.999848,0.9998681,0.9997808,0.99988645,0.9998126,0.9998968,0.9998091,0.999854,0.9998094,0.9998872,0.9999034,0.99982715,0.9998937,0.9998224,0.99992657,0.9995573,0.9998462,0.99999595,0.99998647,0.9998965,0.99998,0.99992263,0.9998577,0.9998495,0.9998964,0.99977916,0.99987054,0.99989724,0.999805,0.9998348,0.99972016,0.99983144,0.9998724,0.99985856,0.9998505,0.99986655,0.999668,0.99992526,0.999876,0.9998665,0.99993086,0.99986756,0.99986523,0.9998702,0.99987906,0.9997889,0.9998695,0.99988866,0.9999006,0.9998671,0.9998704,0.9998763,0.999628,0.99951977,0.9997694
ipip188,0.9998769,0.999783,0.99984473,0.9997846,0.9998771,0.99979013,0.9999037,0.99979955,0.99990207,0.9997971,0.9998132,0.9998652,0.9997983,0.99976563,0.9997192,0.99982154,0.99985754,0.9997734,0.99985254,0.9998257,0.99987537,0.99979043,0.9998857,0.999881,0.9998207,0.9998837,0.9997904,0.9998794,0.9998257,0.9998558,0.9998715,0.9998824,0.99982446,0.9998962,0.999886,0.99989384,0.99986875,0.9998871,0.99985045,0.9998788,0.9997757,0.9998884,0.99982816,0.9997729,0.99976313,0.99987155,0.99984443,0.9997817,0.9998495,0.9997453,0.9998304,0.9994636,0.9998686,0.9997854,0.9997999,0.9998462,0.999702,0.9997763,0.99978405,0.9998891,0.9998611,0.9998306,0.9998703,0.9998271,0.9998339,0.99978215,0.9998758,0.99990803,0.99988294,0.999818,0.9999078,0.99989355,0.9996812,0.9998256,0.9998339,0.99939877,0.9997719,0.9998406,0.9998824,0.9999146,0.9998372,0.9998902,0.9997912,0.99986607,0.9998674,0.999882,0.9998723,0.9997877,0.99975955,0.9998553,0.999806,0.9998851,0.9998416,0.99971056,0.9996675,0.9997036,0.9998794,0.9998711,0.9997209,0.9996624,0.9998177,0.9998951,0.9998375,0.99982274,0.9998548,0.9996639,0.99985737,0.99975437,0.99988014,0.9998791,0.9998961,0.99982476,0.9998203,0.9998078,0.99988276,0.999832,0.9998628,0.9999055,0.9998782,0.9998137,0.9998833,0.99980146,0.9998647,0.99985856,0.99986815,0.99980193,0.9998309,0.9998577,0.99988425,0.9997865,0.99990517,0.9995189,0.9997819,0.999699,0.9998853,0.9998984,0.9998702,0.9999241,0.99990207,0.9998787,0.9998777,0.9998629,0.9997832,0.9998524,0.99986184,0.9996729,0.9998489,0.9998908,0.9997637,0.99985796,0.99990106,0.99984604,0.99974793,0.99965996,0.99987787,0.9998624,0.9998619,0.99984896,0.9996641,0.99988794,0.99972886,0.99990827,0.9998465,0.99978024,0.99988765,0.99938834,0.9999202,0.99986404,0.99985677,0.99978095,0.99990964,0.999752,0.99987024,0.9998732,0.9999154,0.99988973,0.99987954,0.9998529,0.9998703,0.9998604,0.9997727,0.9998595,0.9997887,0.99985677,0.99966735,0.9997907,0.99989617,0.99989533,0.9998917,0.9998201,0.99988,0.9998957,0.99989367,0.9999123,0.99988765,0.9998988,0.999895,0.9999173,0.99978405,0.99985015,0.9998673,0.99989945,0.9997842,0.999895,0.9998728,0.9998649,0.99990356,0.999639,0.9997948,0.9997655,0.99984217,0.9998207,0.9999018,0.99985725,0.9998417,0.9997539,0.9998524,0.99933434,0.9998492,0.99986136,0.9999122,0.99979144,0.9998492,0.99982774,0.99970526,0.99989814,0.99988455,0.9998578,0.9995609,0.9997969,0.99986273,0.9998433,0.99987996,0.9998487,0.999872,0.9997798,0.9998907,0.9998169,0.9998978,0.99980795,0.9998577,0.9998107,0.9998906,0.99990517,0.99982804,0.9998942,0.99981105,0.99992687,0.99954516,0.99984205,0.99998647,0.9999962,0.99988556,0.9999805,0.9999223,0.9998562,0.99984473,0.9998966,0.99977523,0.99986887,0.99989706,0.9998012,0.9998339,0.99971807,0.99982667,0.9998738,0.9998552,0.99985135,0.99986356,0.9996668,0.9999223,0.99987096,0.9998695,0.9999266,0.999865,0.99986756,0.999874,0.9998844,0.9997897,0.9998668,0.999889,0.99990714,0.99986655,0.9998797,0.99987984,0.9996216,0.99951077,0.99977076
ipip218,0.99972594,0.9997304,0.99974567,0.9997371,0.99976814,0.9997209,0.99976623,0.9997424,0.99980927,0.9997509,0.9997748,0.9997543,0.99977005,0.99973315,0.99969745,0.999751,0.99977165,0.9997134,0.9997717,0.99975544,0.99979824,0.9997108,0.99980295,0.9997862,0.9997316,0.9998027,0.99978656,0.9998054,0.99976784,0.9997871,0.9997532,0.99984545,0.99975973,0.99978733,0.9997441,0.9998119,0.99976856,0.9997503,0.9997655,0.999783,0.9998054,0.99984086,0.9997652,0.999744,0.9997224,0.9997608,0.99978423,0.99969345,0.9997571,0.9997284,0.9997741,0.9995555,0.9997918,0.99977064,0.9997789,0.9998331,0.99965024,0.9997916,0.99974936,0.99982196,0.9997413,0.9997596,0.9997457,0.9997172,0.999759,0.99973536,0.99976385,0.999783,0.99977535,0.99977374,0.99975765,0.9998213,0.9996461,0.99975955,0.9997765,0.9995285,0.9997503,0.9997684,0.99984837,0.99983823,0.9997358,0.9997706,0.9997561,0.99970716,0.99978304,0.99973446,0.9997585,0.9997715,0.99970454,0.9997362,0.9997328,0.999744,0.99975115,0.9996966,0.9996635,0.9996943,0.9997152,0.99983734,0.99971783,0.9997064,0.9997665,0.9997642,0.9997474,0.9997773,0.9997645,0.9997456,0.9997647,0.999688,0.9998232,0.99975425,0.9997624,0.9997226,0.999762,0.9997669,0.9997707,0.9998084,0.9997584,0.999788,0.99974746,0.99978673,0.99977964,0.99975896,0.99979913,0.99977404,0.99976313,0.9997614,0.9998258,0.9998102,0.99982697,0.999755,0.99980253,0.99959534,0.9998093,0.9996862,0.9997923,0.9998086,0.9997919,0.99989533,0.9997878,0.9997249,0.99972546,0.9997723,0.9997464,0.9997605,0.99975705,0.99968255,0.9997531,0.99978006,0.9998295,0.999767,0.99978226,0.9997856,0.9997669,0.99966854,0.9997246,0.99982303,0.9998201,0.9998095,0.99965537,0.9997531,0.99979657,0.99981964,0.9997454,0.9997196,0.99974185,0.9995315,0.9998307,0.9997923,0.9997686,0.99972945,0.99977005,0.9997511,0.99972135,0.9997656,0.999801,0.9997799,0.9997775,0.99976104,0.99980104,0.999796,0.99976945,0.9998147,0.9997502,0.99981374,0.99969685,0.9997529,0.9997893,0.9997887,0.99978936,0.9998123,0.99977624,0.9997992,0.999795,0.99979234,0.9997733,0.9997551,0.99979967,0.99978566,0.9997787,0.99980325,0.9997955,0.99975926,0.99977833,0.9997863,0.99979484,0.9997761,0.99978167,0.99966884,0.9998108,0.99978733,0.99979126,0.9997377,0.9997782,0.99980503,0.9998519,0.9997398,0.99979424,0.9994387,0.99979687,0.99981344,0.9998105,0.99975276,0.9997878,0.99977565,0.9996991,0.9997872,0.9997564,0.9997922,0.9996469,0.99975824,0.9998064,0.99975544,0.99976474,0.99973506,0.9997585,0.9997519,0.99978405,0.99979144,0.99982876,0.99980605,0.99978715,0.9997961,0.99978656,0.99984616,0.9998069,0.99981016,0.99977225,0.99978757,0.9996099,0.9998202,0.9998965,0.99988556,0.9999981,0.9998947,0.99994206,0.9997928,0.99976754,0.9998034,0.9997768,0.9997673,0.999807,0.99978334,0.9998014,0.99974334,0.99981385,0.9998014,0.99985015,0.9997629,0.9998169,0.99967396,0.99979514,0.9998527,0.99977714,0.99983853,0.9997988,0.99981767,0.9998357,0.9997641,0.99971384,0.99980456,0.9998251,0.9998009,0.99981505,0.9998168,0.99982697,0.9996178,0.9996127,0.9997294
ipip248,0.9998806,0.9997866,0.9998485,0.9997889,0.9998767,0.99979746,0.9999066,0.9998067,0.9999027,0.99979764,0.9998198,0.99986625,0.9998042,0.99977326,0.99972403,0.99983495,0.9998652,0.99977803,0.99986047,0.999842,0.9998858,0.99979514,0.9998857,0.9998905,0.9998145,0.9998896,0.99979067,0.9998893,0.9998425,0.99985814,0.999873,0.9998988,0.9998248,0.9998963,0.9998914,0.9999009,0.9998777,0.99989045,0.9998613,0.9998824,0.99979246,0.9998908,0.9998284,0.99977654,0.99976397,0.9998723,0.9998451,0.9997821,0.99985254,0.9997551,0.9998357,0.9994728,0.9998754,0.99979556,0.99979556,0.9998506,0.9997045,0.9997836,0.99979705,0.9998972,0.999871,0.99983084,0.9998801,0.99983174,0.9998381,0.99979174,0.999887,0.9999056,0.99987715,0.99982333,0.9999109,0.9999,0.99968016,0.9998272,0.9998409,0.99941456,0.99978423,0.9998533,0.99988824,0.99991685,0.9998343,0.9998935,0.99980617,0.99986565,0.9998753,0.9998901,0.9998809,0.9998015,0.9997576,0.99985796,0.99981046,0.99989337,0.9998546,0.9997172,0.9996737,0.9997137,0.999879,0.9998707,0.99972963,0.99966615,0.99983245,0.99989945,0.99984974,0.9998382,0.99986684,0.999679,0.9998641,0.99975246,0.9998873,0.99988955,0.99990004,0.99981904,0.9998268,0.99981904,0.9998938,0.9998397,0.9998732,0.9999131,0.9998836,0.9998306,0.9998942,0.99981153,0.99987483,0.99986744,0.99987906,0.9998065,0.9998487,0.99987733,0.99988014,0.9997979,0.99991655,0.99954176,0.9998004,0.999709,0.99989915,0.99990255,0.99987245,0.9999436,0.99991393,0.9998814,0.9998858,0.9998684,0.999796,0.99985313,0.99987006,0.9996866,0.9998564,0.99988306,0.9997722,0.9998621,0.99990636,0.99985623,0.99976015,0.9996768,0.9998842,0.99987024,0.999869,0.9998581,0.9996745,0.99989605,0.9997533,0.99991286,0.99985516,0.9997834,0.9998918,0.99940646,0.9999296,0.9998737,0.9998589,0.99978983,0.99991393,0.99975944,0.9998774,0.9998855,0.99991333,0.9998932,0.9998899,0.99985844,0.99987674,0.9998698,0.999788,0.99986655,0.99980235,0.99986565,0.99968,0.999805,0.9999032,0.9999034,0.99990165,0.99983186,0.9998885,0.9999036,0.99990106,0.9999132,0.9998941,0.99990225,0.99990135,0.9999233,0.9997917,0.9998499,0.99987906,0.9999012,0.9997858,0.999899,0.99987954,0.9998687,0.99990827,0.9996432,0.9998023,0.99977607,0.9998526,0.99982613,0.9999046,0.9998671,0.9998521,0.9997681,0.9998638,0.9993394,0.99985915,0.9998813,0.9999174,0.99980116,0.99986047,0.9998372,0.9997204,0.99990237,0.99989104,0.99987495,0.99957323,0.9998061,0.99987084,0.99984914,0.9998847,0.99985355,0.9998821,0.9997939,0.9998869,0.9998224,0.99990124,0.99981564,0.9998662,0.9998213,0.99989915,0.9999001,0.9998383,0.9998939,0.9998081,0.9999301,0.9995422,0.9998459,0.99998,0.9999805,0.9998947,0.9999977,0.9999311,0.99986607,0.9998511,0.9998986,0.9997814,0.99986947,0.9999002,0.99980503,0.9998387,0.9997291,0.99982864,0.999878,0.99987245,0.99985194,0.9998721,0.99966955,0.9999304,0.99987394,0.9998688,0.99993384,0.99987024,0.9998723,0.9998708,0.99987656,0.99979085,0.9998706,0.9998806,0.99990684,0.9998594,0.9998712,0.99987864,0.99961525,0.9995115,0.99977714
ipip278,0.99977916,0.99975514,0.9997872,0.9997643,0.9998143,0.9997439,0.99981374,0.99977314,0.99983644,0.9997758,0.99979424,0.99979025,0.9997833,0.99974537,0.99970394,0.9997807,0.99980164,0.9997425,0.9998008,0.99979395,0.99983585,0.9997453,0.9998341,0.99982053,0.99975884,0.9998324,0.99980116,0.99983823,0.9997949,0.9998064,0.99979,0.9998664,0.99977165,0.9998311,0.9997958,0.99985373,0.99980897,0.9998066,0.99979615,0.99981904,0.9998029,0.9998674,0.9997934,0.9997607,0.9997387,0.9997985,0.9998066,0.999734,0.9997977,0.99974096,0.99980134,0.9995459,0.9998345,0.9997914,0.9997899,0.99984515,0.99967873,0.99978375,0.99977857,0.99984634,0.9998004,0.9997902,0.99980724,0.9997498,0.9997761,0.9997477,0.99980986,0.9998247,0.9998055,0.99979967,0.99980426,0.9998423,0.9996531,0.99978447,0.99980414,0.9994785,0.9997553,0.999796,0.99986565,0.99987286,0.9997734,0.99981475,0.9997812,0.9997609,0.99983037,0.9997858,0.99979985,0.9997809,0.9997247,0.99978393,0.99974555,0.9997937,0.9997953,0.99971324,0.9996717,0.9997057,0.99977297,0.99984527,0.9997157,0.9996948,0.9997879,0.9998119,0.9997853,0.9997855,0.9998087,0.99971074,0.99979514,0.9997047,0.99984825,0.999806,0.99981254,0.9997612,0.9997859,0.99978846,0.99981433,0.99982315,0.9997911,0.99983627,0.9997985,0.9997994,0.99981874,0.99978757,0.99983054,0.9998155,0.99981207,0.99975854,0.9998356,0.9998403,0.99984396,0.9997637,0.99984604,0.9995795,0.99981415,0.99969274,0.9998373,0.9998384,0.99981207,0.999911,0.9998298,0.9997798,0.9997773,0.9998029,0.9997661,0.9997985,0.9998009,0.99969286,0.99978566,0.9998114,0.99981606,0.9998065,0.99981946,0.9997949,0.99976164,0.9996736,0.99978393,0.99983186,0.99982923,0.99983126,0.999665,0.999809,0.99979866,0.9998605,0.99979293,0.9997467,0.99979466,0.9995048,0.99987805,0.9998204,0.9998185,0.9997672,0.9998222,0.9997573,0.9997894,0.9998092,0.999843,0.9998256,0.9998124,0.999794,0.9998247,0.9998161,0.9997718,0.9998344,0.99976987,0.999841,0.9996939,0.99976957,0.99982387,0.99982446,0.9998256,0.9998015,0.9998091,0.999832,0.99982846,0.999833,0.99981457,0.9998044,0.9998368,0.9998306,0.99977,0.9998135,0.9998328,0.9998069,0.9997881,0.99982554,0.9998284,0.999806,0.99982595,0.99965376,0.9998047,0.99978775,0.99981457,0.9997782,0.9998244,0.9998315,0.99986064,0.9997549,0.9998169,0.999399,0.9998198,0.9998256,0.99985003,0.99977523,0.9998258,0.9998103,0.999707,0.9998304,0.99980676,0.9998226,0.9996226,0.9997617,0.9998315,0.9997924,0.9998121,0.9997717,0.99980557,0.9997714,0.9998267,0.99982643,0.9998574,0.99980396,0.9998306,0.9998106,0.99982625,0.9998653,0.99981874,0.99985063,0.99979246,0.9998428,0.9996075,0.99984986,0.99992263,0.9999223,0.99994206,0.9999311,0.9999971,0.9998354,0.99981016,0.9998438,0.9997949,0.9997978,0.9998427,0.9998011,0.99983543,0.9997624,0.9998224,0.99983495,0.9998508,0.99979323,0.9998246,0.9996706,0.999844,0.9998535,0.99981254,0.99987584,0.99982196,0.99984413,0.99986976,0.99980825,0.9997435,0.999833,0.9998518,0.9998464,0.9998428,0.99984884,0.9998598,0.99962705,0.99958503,0.9997572
ipip13,0.9998604,0.9997939,0.99982905,0.99979746,0.99985737,0.9997574,0.9998712,0.99983615,0.9998672,0.9997983,0.99977463,0.9998289,0.9997992,0.99978447,0.9996816,0.9998207,0.9998547,0.99976206,0.9998514,0.99983305,0.99988127,0.9998085,0.9998449,0.999859,0.99975723,0.9998599,0.9998061,0.9998864,0.99982214,0.9998137,0.99984443,0.99985826,0.9997676,0.99988693,0.99986976,0.99985343,0.99986666,0.9998686,0.99984366,0.9998632,0.99978334,0.9998506,0.9998304,0.9997585,0.99974763,0.9998499,0.99982965,0.99973804,0.9998514,0.9997747,0.9998349,0.99951947,0.99986404,0.9998312,0.99969214,0.9998272,0.99969524,0.9997565,0.99979055,0.9998441,0.99986196,0.99983126,0.9998716,0.9997983,0.9998,0.9997514,0.9998843,0.9998335,0.9998278,0.99977726,0.99985904,0.9998439,0.9996702,0.9998123,0.9998277,0.9994618,0.9997797,0.9998523,0.9998271,0.9998468,0.99978423,0.9998801,0.9998162,0.999821,0.999879,0.9998537,0.99986565,0.9998017,0.9997051,0.99984497,0.9997838,0.9998619,0.9998453,0.99977195,0.99966687,0.9997625,0.99984485,0.99982077,0.9997166,0.99968904,0.9998357,0.9998626,0.9998383,0.99980384,0.9998567,0.9996758,0.99986184,0.99970967,0.9998783,0.9998742,0.99987316,0.99981654,0.9998267,0.9998387,0.99988943,0.99982893,0.9998665,0.99988306,0.9998799,0.99983877,0.999881,0.9998416,0.9998821,0.9998723,0.9998631,0.9997785,0.99987775,0.99986637,0.99978256,0.9998182,0.9998694,0.99953,0.99979323,0.9997247,0.9998561,0.9998607,0.99981934,0.9998654,0.9998834,0.99983823,0.99984497,0.9998452,0.99977404,0.9998372,0.9998517,0.9996888,0.9998372,0.99982965,0.999707,0.99986476,0.999873,0.99982995,0.99974495,0.99969476,0.99988097,0.99982846,0.99983853,0.99983346,0.9997199,0.99989873,0.9997617,0.9999051,0.9998555,0.99974126,0.9998567,0.9993502,0.99988675,0.99983597,0.9998786,0.9998116,0.9998781,0.999765,0.9998632,0.9998446,0.99984926,0.99986523,0.9998817,0.99984217,0.99984443,0.9998914,0.99982446,0.99983174,0.9998069,0.9998403,0.99965066,0.99983,0.9999084,0.99990416,0.9999086,0.9998421,0.99989295,0.99988633,0.9998801,0.9998533,0.9998819,0.99986255,0.99991316,0.9998887,0.99980295,0.99983215,0.9999184,0.99989027,0.9998286,0.99988884,0.9998813,0.99982196,0.999894,0.9996042,0.9998041,0.9997564,0.9998387,0.99984515,0.9998495,0.999859,0.9998101,0.9997622,0.9998668,0.99932545,0.9998594,0.99986404,0.9998658,0.99980366,0.99988216,0.999846,0.9997167,0.9998635,0.9999038,0.9999013,0.9996272,0.9997559,0.99991894,0.9998688,0.9998596,0.9998052,0.99987453,0.9998171,0.99988604,0.9998305,0.99987215,0.99980044,0.9998927,0.9998561,0.99987006,0.9998012,0.9998438,0.9998871,0.9997949,0.99987495,0.99958545,0.99985015,0.9998577,0.9998562,0.9997928,0.99986607,0.9998354,0.9999958,0.99990624,0.9998705,0.9998266,0.99985266,0.9999116,0.99982566,0.9999012,0.9998533,0.9997953,0.999862,0.9998241,0.9998008,0.9998281,0.99964,0.9998825,0.9997736,0.99984187,0.9998832,0.99984646,0.99984264,0.9998512,0.9998589,0.99977285,0.9998609,0.9997909,0.99985856,0.9998623,0.9997767,0.9998639,0.99960065,0.99952745,0.99977565
ipip43,0.99987113,0.9998389,0.9998427,0.99979824,0.99985075,0.9997741,0.99987274,0.99985564,0.99987394,0.99979883,0.99975896,0.9998061,0.999789,0.9998065,0.9996808,0.99980795,0.9998671,0.9997844,0.9998491,0.9998586,0.99989796,0.999833,0.9998496,0.9998805,0.99976057,0.99987435,0.99982077,0.9999054,0.99982625,0.99981356,0.9998265,0.99983895,0.9997704,0.99985296,0.9998738,0.9998321,0.99986154,0.999866,0.9998526,0.99984586,0.99976856,0.99982995,0.99980474,0.99973655,0.99975884,0.9998376,0.9997962,0.9997428,0.9998307,0.9997556,0.99983066,0.9995584,0.9998434,0.9998747,0.9997353,0.99982065,0.9996822,0.9997522,0.999796,0.9998496,0.999837,0.99980074,0.9998462,0.9997921,0.9997978,0.9997489,0.99987286,0.99983996,0.9998091,0.99978125,0.999844,0.99982697,0.99966764,0.9997839,0.99979717,0.9994376,0.99975526,0.99983305,0.9998124,0.99983144,0.9997709,0.9998589,0.99976814,0.9998182,0.9998585,0.99984616,0.9998461,0.9998356,0.9997063,0.9998257,0.9997525,0.99984294,0.99983037,0.99971765,0.99965286,0.99972045,0.999835,0.9997891,0.9996889,0.99964494,0.9998086,0.9998417,0.9998101,0.9997855,0.9998266,0.9996457,0.99984163,0.99969405,0.9998465,0.9998524,0.99985987,0.99979144,0.9997866,0.99980414,0.9998572,0.9997868,0.99984306,0.999858,0.99986255,0.99979913,0.99986744,0.9998188,0.9998904,0.9998677,0.9998719,0.99975556,0.9998815,0.9998624,0.99978906,0.9998376,0.99985135,0.99953187,0.99977887,0.99974644,0.99984294,0.9998432,0.9998211,0.9998503,0.99986726,0.9998362,0.9998321,0.9998446,0.99981266,0.9998385,0.99983716,0.9997236,0.999824,0.99981266,0.99969405,0.99985164,0.99984807,0.9997987,0.9996932,0.99967086,0.9998571,0.99979407,0.9997968,0.99978995,0.9996944,0.9998698,0.99973696,0.9998698,0.9998211,0.9997179,0.99984914,0.999317,0.999866,0.999815,0.99985933,0.9997719,0.99985784,0.9997408,0.99984735,0.99983835,0.99983305,0.99984163,0.99987775,0.9998408,0.9998306,0.9998565,0.99979156,0.9998161,0.99976945,0.9998193,0.99964607,0.9997967,0.9998788,0.9998782,0.99988306,0.9998071,0.99987006,0.9998555,0.99985296,0.999841,0.9998663,0.99984324,0.9998965,0.9998775,0.9997685,0.9998081,0.9998739,0.9998853,0.99981856,0.99987125,0.9998717,0.99980545,0.9998714,0.9996088,0.9997973,0.9997559,0.9998399,0.99981505,0.9998308,0.9998343,0.9997911,0.9997375,0.9998329,0.9993181,0.99983954,0.9998331,0.99984205,0.9997569,0.9998533,0.9998135,0.99967265,0.9998368,0.9998723,0.99987495,0.99963546,0.99974406,0.9998871,0.9998441,0.9998348,0.9997955,0.99984723,0.9997872,0.9998535,0.99979126,0.999845,0.99977314,0.99984664,0.99982196,0.99984723,0.9997799,0.9998106,0.99987024,0.99977523,0.9998576,0.9996059,0.99981695,0.9998495,0.99984473,0.99976754,0.9998511,0.99981016,0.99990624,0.9999964,0.9998463,0.9997874,0.9998339,0.99987835,0.9997908,0.9998588,0.999774,0.9998166,0.99982303,0.99980205,0.9997773,0.9998045,0.9996076,0.9998704,0.9997681,0.9998098,0.9998696,0.9998207,0.99980724,0.9998098,0.9998226,0.9997497,0.99984115,0.99977624,0.99984527,0.99983275,0.9997572,0.9998339,0.99959004,0.99951434,0.99974847
ipip73,0.99987286,0.99980116,0.99984246,0.9998049,0.999893,0.9997823,0.99987835,0.9998094,0.999904,0.99979967,0.9997867,0.9998614,0.9997985,0.9997687,0.9997163,0.99982154,0.99984753,0.9997995,0.99985045,0.999821,0.99988025,0.99982333,0.99991024,0.9999205,0.9998237,0.99986076,0.99979806,0.9998668,0.99981433,0.9998162,0.999878,0.9998549,0.9997949,0.9998941,0.99986243,0.99990135,0.99984485,0.99986094,0.99983835,0.9998799,0.99975044,0.99984485,0.99984235,0.9997361,0.9997665,0.9998751,0.99985534,0.9997899,0.9998659,0.9997585,0.99985737,0.9994995,0.999881,0.99978775,0.999769,0.9998159,0.9997004,0.9997415,0.99979824,0.9998518,0.99986976,0.99986506,0.9998843,0.9998578,0.999844,0.9997883,0.99986535,0.9998544,0.99985826,0.9997664,0.9998924,0.99988383,0.99967694,0.99982995,0.9998283,0.99938273,0.99975747,0.9998339,0.99984515,0.99988055,0.9998326,0.9998889,0.99979085,0.9998475,0.99986416,0.9998625,0.9998528,0.9997825,0.99971306,0.99983513,0.9998124,0.99989015,0.99986374,0.99976534,0.9996659,0.9997365,0.9998769,0.9998602,0.9996966,0.99965394,0.9998122,0.99990934,0.9998472,0.9998246,0.9998723,0.99964285,0.99984384,0.99977475,0.9998748,0.9998668,0.9998755,0.99981815,0.99984366,0.99980354,0.9998769,0.99984336,0.9998663,0.99989635,0.99986106,0.99981594,0.99988365,0.9998116,0.99987286,0.999872,0.9998756,0.99979764,0.99982667,0.99984187,0.9998558,0.9997783,0.99990183,0.99954975,0.99983,0.9997377,0.9998932,0.99987733,0.9998568,0.9998683,0.99988174,0.99986756,0.99988353,0.9998808,0.99978507,0.99987805,0.99986565,0.9996781,0.9998442,0.9998524,0.99968904,0.999848,0.9999132,0.99987537,0.99977916,0.99968565,0.99987453,0.99985045,0.99985844,0.99986345,0.9996597,0.9998739,0.9997727,0.9999156,0.9998576,0.99981254,0.99988437,0.9993408,0.99987316,0.9998761,0.99985856,0.9997826,0.99991167,0.99975574,0.9998518,0.99987894,0.99988127,0.99985653,0.99988616,0.99985576,0.9998755,0.99985445,0.9997898,0.99984205,0.99979556,0.99984133,0.9996306,0.9998076,0.9998822,0.9998829,0.9998798,0.99983025,0.99986434,0.99986875,0.9998635,0.9998845,0.9998837,0.9998733,0.999887,0.99988604,0.9997926,0.99983567,0.9998755,0.9998924,0.9997904,0.9998644,0.9998743,0.9998785,0.9999085,0.9996134,0.9997784,0.99975693,0.9998359,0.9998026,0.99988306,0.9998779,0.99981314,0.99977446,0.99983853,0.99925447,0.9998304,0.99986315,0.9999157,0.9997734,0.99984944,0.99984807,0.9996776,0.9998659,0.99987566,0.99987227,0.9995611,0.99977195,0.99986315,0.99985266,0.9998836,0.99984664,0.9998739,0.99980056,0.9999089,0.9998365,0.99990594,0.9998147,0.9998749,0.99983454,0.99985677,0.99982506,0.99979913,0.9998741,0.999855,0.99990916,0.9995309,0.99986106,0.9998964,0.9998966,0.9998034,0.9998986,0.9998438,0.9998705,0.9998463,0.9999969,0.9998099,0.99987674,0.99987125,0.9997859,0.99981385,0.999707,0.99978167,0.9998671,0.9998657,0.9999067,0.99987435,0.9996735,0.9998882,0.9997985,0.9998901,0.9998817,0.99989426,0.99988353,0.9998914,0.999894,0.9997888,0.99989027,0.99986964,0.9998714,0.999856,0.9998536,0.9998401,0.9996063,0.99950117,0.9997835
ipip103,0.99974835,0.99974966,0.99975353,0.999745,0.99978536,0.99970883,0.9997595,0.99976367,0.99979806,0.99975044,0.9997308,0.99976087,0.99976444,0.99975204,0.9996525,0.9997391,0.99977267,0.99972963,0.9997816,0.9997535,0.9998015,0.9997545,0.9998127,0.9997922,0.9997106,0.9998077,0.9997601,0.9997914,0.99977314,0.99975336,0.9997555,0.99978447,0.9997102,0.9997815,0.9997543,0.9998017,0.9997599,0.99975115,0.9997572,0.9997666,0.9997479,0.9998134,0.9997973,0.9997356,0.9997328,0.9997992,0.9997994,0.9996775,0.9997946,0.9997622,0.9997567,0.9995303,0.99980706,0.99975204,0.99968475,0.9997843,0.99965286,0.9997462,0.9997729,0.99976456,0.99976045,0.9997879,0.99977654,0.9997394,0.9997418,0.9997139,0.99977547,0.9997265,0.999741,0.9997202,0.9997635,0.9998231,0.9996451,0.9997964,0.99978435,0.9994703,0.9997248,0.99976766,0.9997778,0.99978423,0.99973464,0.99978495,0.9997445,0.99971193,0.9998138,0.99972564,0.9997491,0.9997536,0.9996543,0.9997366,0.99972403,0.9997501,0.99978,0.9997573,0.99963254,0.9997685,0.9997258,0.9997602,0.999683,0.9996842,0.9997566,0.9997709,0.999747,0.99974465,0.999797,0.99967605,0.99977094,0.99966955,0.99979234,0.99976885,0.9997672,0.999765,0.99979806,0.9997811,0.9997695,0.99981713,0.99976563,0.9997701,0.99975926,0.9997662,0.99977624,0.9997809,0.999802,0.99980456,0.9997728,0.99972063,0.99980634,0.9997986,0.9997469,0.99976015,0.9997865,0.9995586,0.9998183,0.9997292,0.99977374,0.9998099,0.9997662,0.9997884,0.99976975,0.9997365,0.9997355,0.99978495,0.999737,0.99978346,0.9997769,0.99967474,0.9997604,0.9997433,0.9997284,0.9997871,0.999768,0.9997618,0.9997454,0.99968255,0.99974173,0.9998218,0.99983186,0.99982333,0.99969286,0.9997583,0.99978834,0.9998385,0.9997593,0.99970937,0.99975514,0.9993503,0.99977505,0.99977744,0.99978054,0.9997648,0.9997898,0.9997797,0.9997353,0.9997773,0.99974686,0.99976647,0.9997826,0.9997504,0.99975896,0.9997723,0.99978083,0.9997705,0.999753,0.99977654,0.99964017,0.99977386,0.9997764,0.9997801,0.9997815,0.9997722,0.9997688,0.9997793,0.9997728,0.9997576,0.99979335,0.99975073,0.99979985,0.9997944,0.99974734,0.9997898,0.99979156,0.999753,0.9997862,0.9997756,0.9998204,0.9997892,0.99977887,0.9995916,0.99976724,0.9997373,0.9997718,0.99974316,0.9997449,0.999803,0.9997741,0.9997455,0.9997737,0.99935085,0.99979115,0.99977463,0.9998022,0.99972576,0.9997897,0.99978584,0.9996665,0.99975675,0.9997639,0.99979526,0.9996262,0.9997073,0.9998004,0.99977493,0.9997772,0.9997261,0.9997782,0.9997568,0.99979115,0.9998053,0.999831,0.99983585,0.9998411,0.9998623,0.9997695,0.99973273,0.999792,0.99979913,0.9997737,0.99977905,0.99959373,0.99983203,0.99977916,0.99977523,0.9997768,0.9997814,0.9997949,0.9998266,0.9997874,0.9998099,0.9999978,0.99982005,0.99979323,0.99976,0.9998178,0.99974275,0.99972314,0.9998042,0.9998296,0.99976397,0.9998239,0.99968296,0.99977374,0.99973965,0.9997833,0.9997909,0.99979794,0.99982965,0.99983686,0.9997674,0.99971664,0.9998612,0.9997404,0.99977154,0.99977434,0.9997316,0.99979126,0.9995862,0.9995062,0.99971735
ipip133,0.9998563,0.9997737,0.99981564,0.9997731,0.9998582,0.9997803,0.99986136,0.9997968,0.99987537,0.99977463,0.9997616,0.99985576,0.99980414,0.9997683,0.9997311,0.99981683,0.999848,0.9997937,0.9998467,0.9998086,0.9998648,0.99981034,0.9998691,0.99988323,0.9997918,0.9998536,0.9997486,0.99986076,0.9998156,0.999807,0.9998531,0.99983376,0.99977607,0.99987143,0.9998577,0.99984115,0.9998332,0.9998483,0.99984807,0.9998439,0.99971324,0.99983335,0.9998365,0.9997252,0.999754,0.9998626,0.9998288,0.99976957,0.9998322,0.9997721,0.99980503,0.99943805,0.99983484,0.99975777,0.9997234,0.99978256,0.99965817,0.9997837,0.9997878,0.9998323,0.9998624,0.99981415,0.9998665,0.9998258,0.99983376,0.99979776,0.9998711,0.9998849,0.99985033,0.99978405,0.9998698,0.9998665,0.9996874,0.9997936,0.99982244,0.9993856,0.9997603,0.9998225,0.9998033,0.9998424,0.9998967,0.99987525,0.9997677,0.99985564,0.9998718,0.9998562,0.9998496,0.99978924,0.99970734,0.99983674,0.9998106,0.99987453,0.9998483,0.9997201,0.9996331,0.9997155,0.99985135,0.9998276,0.99970293,0.9996441,0.999811,0.99988276,0.99984235,0.9998344,0.9998631,0.9996878,0.9998438,0.9997997,0.9998784,0.9998596,0.9998725,0.99981827,0.99982697,0.9998054,0.99985904,0.9998082,0.9998582,0.9998685,0.9998599,0.99979854,0.99987227,0.99979025,0.9998442,0.9998555,0.9998528,0.99981123,0.99981725,0.9998313,0.9998228,0.99977356,0.9998478,0.99953115,0.9997627,0.9997221,0.99983454,0.9998683,0.9998724,0.9998354,0.99986154,0.9998644,0.99986166,0.99992883,0.99977756,0.99988544,0.99985987,0.9996837,0.9998436,0.9998527,0.9996933,0.9998403,0.99988115,0.99982965,0.99973124,0.9996808,0.999859,0.9998428,0.99984515,0.99980766,0.9996715,0.99987245,0.9996969,0.9998719,0.99982685,0.9997994,0.9998685,0.99928916,0.9998336,0.99984694,0.9998381,0.9997726,0.9998715,0.99975824,0.9998404,0.9998607,0.9998553,0.9998403,0.99986786,0.9998353,0.99983764,0.9998532,0.99979603,0.999809,0.9997728,0.99981034,0.9996071,0.9997966,0.99987763,0.99988014,0.9998794,0.999801,0.9998656,0.99985003,0.9998489,0.9998595,0.9998846,0.9998531,0.9998783,0.9998867,0.99976176,0.99982697,0.99985516,0.99988085,0.99979085,0.99985135,0.99986845,0.99984324,0.9998815,0.9996254,0.9998031,0.999758,0.99981475,0.9998171,0.9998565,0.9998331,0.9997718,0.9997707,0.9998291,0.99932116,0.9998191,0.99984366,0.9998706,0.9997441,0.99983037,0.9998345,0.9996591,0.9998439,0.9998672,0.99986094,0.99959207,0.99981123,0.9998568,0.99983877,0.99986315,0.9998505,0.9998521,0.9997655,0.99987686,0.9997745,0.999863,0.99981153,0.9998483,0.99983907,0.9998456,0.9998196,0.99980253,0.9998894,0.9997969,0.99987507,0.9995047,0.9998057,0.99987054,0.99986887,0.9997673,0.99986947,0.9997978,0.99985266,0.9998339,0.99987674,0.99982005,0.9999975,0.9998552,0.9997612,0.99981093,0.99968255,0.99979216,0.9998306,0.99982995,0.9998566,0.9998527,0.9996589,0.99986565,0.99978745,0.9998466,0.9998511,0.9998391,0.99985623,0.9998412,0.9998611,0.99977374,0.9998706,0.9998243,0.9998579,0.9998764,0.99981123,0.9998324,0.9995911,0.9994574,0.9997473
ipip163,0.9998945,0.99978745,0.9998489,0.9997923,0.9998656,0.9997777,0.99990994,0.9998234,0.99988914,0.9997888,0.999812,0.9998543,0.99981433,0.9997738,0.99970305,0.99984723,0.99987197,0.9997601,0.99986523,0.99984664,0.9998898,0.99980235,0.9998674,0.9998699,0.9997762,0.99988556,0.9997976,0.9998895,0.99983793,0.9998641,0.99988043,0.99987143,0.9998202,0.9998918,0.99990284,0.9998772,0.999886,0.9998973,0.9998688,0.99987,0.9997937,0.99988717,0.9998374,0.99983513,0.99973506,0.99986607,0.99982184,0.9997417,0.99985695,0.99975574,0.99982697,0.9994628,0.99987733,0.99979496,0.9997179,0.9998506,0.9996842,0.99977744,0.9997958,0.9998733,0.9998798,0.9998292,0.9998907,0.9998104,0.99980986,0.999772,0.9998969,0.99986833,0.9998766,0.9997852,0.999901,0.999874,0.9996538,0.999833,0.99981546,0.9994657,0.9997739,0.99986696,0.99985445,0.99988127,0.99980015,0.99990845,0.99981445,0.99985313,0.99987125,0.99989307,0.9998899,0.9998047,0.9997152,0.99985886,0.9998076,0.9998971,0.99985635,0.999731,0.9996556,0.99973536,0.99988323,0.9998411,0.99972844,0.99970293,0.9998527,0.9999001,0.99984765,0.9998305,0.9998537,0.9996808,0.99987566,0.9997296,0.9998906,0.9999103,0.9999231,0.999819,0.99982345,0.9998405,0.9999067,0.9998225,0.999887,0.99989814,0.99990743,0.9998625,0.99990565,0.9998505,0.99989045,0.99988157,0.99988604,0.99981827,0.9998778,0.99989235,0.99982506,0.99982184,0.9999016,0.9995018,0.99978924,0.99970067,0.999885,0.99988645,0.99984217,0.999896,0.99992675,0.9998871,0.9998876,0.9998637,0.999783,0.9998451,0.99986255,0.9996938,0.999865,0.99988616,0.9997282,0.9998725,0.9999081,0.9998534,0.9997262,0.99967384,0.99991083,0.99985147,0.9998497,0.9998412,0.9997022,0.9999228,0.99974245,0.9999253,0.99986243,0.9997516,0.99989617,0.9993841,0.99991727,0.99984324,0.9998777,0.9998066,0.99990934,0.999746,0.99989444,0.999863,0.9999021,0.99994516,0.9998931,0.99985605,0.9998441,0.9998951,0.99980026,0.9998703,0.9998266,0.9998722,0.9996641,0.9998385,0.9999283,0.9999235,0.999926,0.99984205,0.9999077,0.9999741,0.99997395,0.9999065,0.9999142,0.99994487,0.9999364,0.9999192,0.99980587,0.99982905,0.9999081,0.99991006,0.99979305,0.999965,0.99988455,0.9998339,0.9999204,0.9995777,0.99979764,0.99975604,0.9998539,0.9998446,0.9998938,0.9998635,0.9998225,0.9997437,0.9998901,0.9992774,0.99985236,0.9998812,0.9998945,0.9998685,0.99990517,0.99982524,0.999758,0.99993193,0.99992716,0.9998907,0.9995657,0.9997751,0.99990106,0.9998892,0.99987197,0.99983203,0.9999109,0.9998217,0.9998804,0.9998229,0.9998881,0.9998048,0.9998732,0.9998365,0.99994767,0.99982953,0.9999227,0.9998983,0.9997761,0.99991053,0.9995396,0.9998292,0.99989724,0.99989706,0.999807,0.9999002,0.9998427,0.9999116,0.99987835,0.99987125,0.99979323,0.9998552,0.99999666,0.9998356,0.9999215,0.9998166,0.999811,0.9998869,0.999833,0.9998065,0.99984115,0.9996373,0.9999244,0.99979293,0.99984616,0.99992096,0.99985176,0.99984175,0.99985594,0.9998717,0.99977416,0.99986756,0.9998208,0.999905,0.9998584,0.9998045,0.99989533,0.9995949,0.99949956,0.9997694
ipip193,0.99973273,0.9997437,0.9997453,0.9997398,0.99976325,0.9997027,0.9997541,0.99975854,0.99982446,0.99974775,0.9997553,0.99974775,0.99975723,0.99974406,0.99967515,0.99972683,0.9997579,0.99974567,0.9997653,0.99974,0.999778,0.9997264,0.9997674,0.9998,0.9997064,0.9997852,0.999846,0.9997938,0.9997589,0.99978614,0.9998197,0.9998124,0.99975866,0.999787,0.99974555,0.9997532,0.99974483,0.9997363,0.9997578,0.9997612,0.9997728,0.9998054,0.9997734,0.999739,0.9997563,0.9997753,0.99978954,0.9996904,0.99975276,0.9997444,0.99975485,0.9995701,0.9997726,0.999774,0.99980044,0.99980885,0.99964744,0.9997812,0.9997293,0.9998003,0.9997261,0.9997512,0.999744,0.99975634,0.9997339,0.9997106,0.9997663,0.99975824,0.9997599,0.9997643,0.9997236,0.9997545,0.9996309,0.9997341,0.99976087,0.99947494,0.9997058,0.99974525,0.9998722,0.9998732,0.99972194,0.99976844,0.9997122,0.99970526,0.9997704,0.9997141,0.99974096,0.99973786,0.9996893,0.99974406,0.99970734,0.99972373,0.99973506,0.99970686,0.9996587,0.99972194,0.9996944,0.9998564,0.9996724,0.99967915,0.99971956,0.9997823,0.99972826,0.9997266,0.99974716,0.9996985,0.9997493,0.9996708,0.9997861,0.99973875,0.99975574,0.9997524,0.99975544,0.9997723,0.9997711,0.99978596,0.99974954,0.9997605,0.99978226,0.99975866,0.99977756,0.9997849,0.99979186,0.9997935,0.9997371,0.99980694,0.9998076,0.9997855,0.999852,0.99975103,0.9997375,0.9995389,0.9997468,0.9996953,0.9997256,0.99978477,0.99977463,0.9998103,0.9997539,0.99970543,0.9997098,0.9997479,0.9997297,0.99976104,0.9997586,0.9996552,0.99974287,0.9997665,0.99977815,0.9997834,0.999789,0.99978817,0.9997025,0.9996798,0.99975306,0.9997734,0.9997699,0.99975353,0.99966687,0.9997729,0.9997329,0.9997946,0.9997556,0.99972147,0.9997213,0.99937546,0.99977404,0.9997638,0.9997562,0.9997245,0.9997406,0.9997269,0.999718,0.99975723,0.99986553,0.99978113,0.99977857,0.99975723,0.99980116,0.9998166,0.9997903,0.99994195,0.99978185,0.99994653,0.99971956,0.99979633,0.999804,0.999812,0.9998147,0.9998286,0.99978024,0.9998173,0.9998044,0.999879,0.9997843,0.9997599,0.99979055,0.99976486,0.9997849,0.9998004,0.9998012,0.99976206,0.9997662,0.99979067,0.99980265,0.9997947,0.9998303,0.99965554,0.9997915,0.999786,0.99977565,0.9997493,0.9998469,0.9998197,0.99987364,0.99976224,0.99976325,0.9994193,0.9997692,0.9997415,0.9997471,0.9997686,0.9998264,0.99981254,0.99970114,0.9997659,0.9997801,0.9998151,0.99966735,0.9997571,0.99983066,0.99981475,0.99977404,0.99972224,0.99977845,0.9998216,0.9997832,0.99973106,0.9997633,0.9997578,0.99977857,0.99975926,0.99976534,0.99982315,0.99982274,0.99979717,0.9997361,0.9997325,0.99957603,0.9997489,0.999805,0.9998012,0.99978334,0.99980503,0.9998011,0.99982566,0.9997908,0.9997859,0.99976,0.9997612,0.9998356,0.99999726,0.9998544,0.9997753,0.99978536,0.9997634,0.9997444,0.99974686,0.9997541,0.9996432,0.9997656,0.9997887,0.9997973,0.9997766,0.9998016,0.9997684,0.99976254,0.9997558,0.9997499,0.9997658,0.9998304,0.9997648,0.9997877,0.9998169,0.99977994,0.99962884,0.99951524,0.99970514
ipip223,0.99980927,0.99976796,0.9998006,0.99977624,0.99981195,0.9997224,0.99983305,0.9998281,0.9998454,0.9997728,0.9997731,0.9997933,0.9997806,0.99976015,0.99969167,0.999781,0.9998143,0.99974245,0.99981624,0.99981004,0.99983495,0.9997855,0.99980414,0.9998279,0.99971735,0.9998413,0.99982846,0.9998452,0.999807,0.9998179,0.9998039,0.9998488,0.99978155,0.9998351,0.9998287,0.99981284,0.99982935,0.99982,0.99980503,0.99981034,0.999794,0.9998588,0.99980503,0.99980766,0.99973136,0.99980986,0.9997983,0.9997213,0.9998209,0.99974924,0.9998014,0.9995233,0.9998377,0.9997965,0.99971694,0.9998448,0.9996564,0.99979794,0.99977165,0.99983585,0.99980634,0.9997858,0.999817,0.9997583,0.9997575,0.9997333,0.9998521,0.999808,0.9998149,0.99981135,0.99980515,0.9998143,0.9996352,0.9997875,0.9997835,0.99955064,0.9997594,0.99982405,0.999838,0.99984616,0.9997583,0.9998348,0.999781,0.9997676,0.9998418,0.99980366,0.99982816,0.9997861,0.9996985,0.999813,0.9997477,0.99979883,0.99979985,0.9997244,0.99965006,0.9997363,0.9997907,0.9998203,0.9997032,0.9997283,0.9997962,0.9998198,0.9997922,0.9997683,0.99980366,0.9997073,0.99982923,0.9996868,0.99985474,0.9998352,0.9998453,0.9997855,0.9997929,0.99982226,0.9998472,0.99980766,0.9998219,0.9998258,0.9998428,0.99983877,0.9998323,0.9998236,0.9998479,0.9998343,0.99981236,0.99977195,0.999873,0.99986446,0.9997947,0.9997988,0.99982005,0.99953324,0.99977595,0.9997068,0.99981505,0.999828,0.9997844,0.9998578,0.99984556,0.99978954,0.99978894,0.9998031,0.99975467,0.99979913,0.99980426,0.99969935,0.9998062,0.99982077,0.9997677,0.9998416,0.99982893,0.9997965,0.9997166,0.99967545,0.9998314,0.9998054,0.99981123,0.99980146,0.9997058,0.9998602,0.9997543,0.9998622,0.99980223,0.9997068,0.99980414,0.99938697,0.9998595,0.99979126,0.9998306,0.9997764,0.99981743,0.9997468,0.9998093,0.99979883,0.9998309,0.99986875,0.99983954,0.9998088,0.99980754,0.9998475,0.9998048,0.99984455,0.99979204,0.99985343,0.9996901,0.99981093,0.9998567,0.99985915,0.9998602,0.999826,0.99985355,0.99990207,0.999888,0.99983984,0.99984705,0.9998586,0.9998747,0.99984324,0.9997831,0.9998187,0.99987364,0.9998322,0.99981016,0.9998855,0.9998404,0.99978364,0.99985033,0.99960893,0.9998122,0.99977505,0.99982506,0.99981797,0.99982244,0.99983054,0.9998328,0.9997362,0.9998395,0.99940616,0.999828,0.99981266,0.9998148,0.9998322,0.99986887,0.9998218,0.99973744,0.9998512,0.9998533,0.9998563,0.9996372,0.9997561,0.99987113,0.99983263,0.99980724,0.9997713,0.9998386,0.9998006,0.9998301,0.999798,0.99983543,0.9997897,0.99984294,0.99982876,0.9998732,0.99980116,0.9998884,0.999864,0.9997664,0.9998171,0.99961126,0.9998077,0.9998348,0.9998339,0.9998014,0.9998387,0.99983543,0.9999012,0.9998588,0.99981385,0.9998178,0.99981093,0.9999215,0.9998544,0.99999535,0.9998535,0.99980754,0.9998364,0.99979764,0.9997518,0.9997959,0.99964386,0.99984837,0.9997903,0.99979955,0.99985874,0.9998179,0.99980474,0.9998195,0.99980754,0.9997344,0.9998255,0.9997911,0.99984616,0.99984735,0.99977875,0.99986106,0.9996198,0.9995394,0.9997519
ipip253,0.99965554,0.9996911,0.99966586,0.9996952,0.9997046,0.99964833,0.9996924,0.9997385,0.99973065,0.99971086,0.99967843,0.9996678,0.9997052,0.99968106,0.999581,0.99967986,0.99970025,0.9996464,0.9996967,0.99970555,0.9997289,0.9996673,0.9996873,0.99970925,0.9996322,0.99973994,0.99977344,0.9997465,0.99969643,0.99970883,0.999689,0.99976367,0.99967146,0.9997346,0.99968594,0.99971473,0.99970365,0.9996817,0.9996875,0.99971974,0.9997288,0.9997405,0.9997239,0.9997181,0.99966145,0.99970275,0.9997406,0.9996135,0.9997055,0.9996697,0.9997184,0.99957085,0.9997433,0.9997717,0.99961895,0.99978876,0.99959886,0.99970984,0.999695,0.9997455,0.9996742,0.9996919,0.9996872,0.99963546,0.99966514,0.99961466,0.99972546,0.9996666,0.99971277,0.99970627,0.9996579,0.9996917,0.999602,0.99971384,0.99970156,0.99950206,0.99966156,0.9996963,0.9997503,0.9997357,0.99962515,0.9996964,0.9996861,0.9996055,0.9997071,0.9996559,0.9996991,0.9996899,0.9996078,0.9996879,0.99963915,0.9996533,0.99968684,0.9996811,0.9996053,0.99971753,0.9996375,0.99975526,0.9996597,0.99969715,0.9997032,0.9996706,0.9996717,0.9996536,0.99968183,0.9996742,0.99970263,0.9995946,0.9997662,0.99969983,0.9997015,0.999662,0.99969983,0.99973446,0.99972856,0.9997302,0.9996937,0.9997127,0.99970734,0.9997505,0.9997125,0.9997524,0.9997503,0.9997158,0.9996955,0.9996884,0.99981713,0.99976844,0.99968755,0.99973565,0.9997065,0.9995028,0.99970144,0.99961007,0.99969596,0.9997162,0.9996838,0.9997729,0.999713,0.9996472,0.99962777,0.9996814,0.99965245,0.9996892,0.99967515,0.9996245,0.9996856,0.9997256,0.9997019,0.99972993,0.9996955,0.9996955,0.99967045,0.99963045,0.9996778,0.9997135,0.99970084,0.99973655,0.9996532,0.9997255,0.99970984,0.9997515,0.9997085,0.999616,0.9996673,0.9994011,0.9997542,0.99971634,0.9997469,0.99969053,0.999687,0.9996984,0.9996693,0.9996659,0.9997103,0.9997462,0.9997277,0.99972075,0.9997371,0.99976623,0.9997264,0.9997587,0.9997467,0.99976933,0.999638,0.99972606,0.9997533,0.9997473,0.9997598,0.99978375,0.9997379,0.9997797,0.9997721,0.9997093,0.9997151,0.9997021,0.9997928,0.99972016,0.99977845,0.9997783,0.9998306,0.9997165,0.99978733,0.9997832,0.99974793,0.99970156,0.99972737,0.99957687,0.9997514,0.9997069,0.99973667,0.99970096,0.9996939,0.999739,0.99977434,0.99965847,0.9997479,0.9993911,0.99975127,0.99972206,0.999685,0.99974686,0.9997811,0.9997262,0.9996627,0.9997195,0.9997365,0.9997653,0.9996522,0.99965906,0.9998019,0.9997365,0.99968994,0.9996313,0.9997192,0.99974465,0.9997188,0.9997487,0.99972916,0.999714,0.9997388,0.99975055,0.9997476,0.9997128,0.99980086,0.9997626,0.9996778,0.9996773,0.9995914,0.9997294,0.99972016,0.99971807,0.99974334,0.9997291,0.9997624,0.9998533,0.999774,0.999707,0.99974275,0.99968255,0.9998166,0.9997753,0.9998535,0.999998,0.9997278,0.99975413,0.99970955,0.9996516,0.99970454,0.99957865,0.9997191,0.99970764,0.9996958,0.99975157,0.9997268,0.99972314,0.9997365,0.999696,0.99964494,0.99971294,0.9996827,0.99971503,0.99976265,0.9996729,0.9997633,0.99960476,0.99955255,0.999676
ipip283,0.99974513,0.99976385,0.9997823,0.9997671,0.99977946,0.9997316,0.99978715,0.9997808,0.99981767,0.999779,0.99973816,0.9997431,0.99975675,0.99972904,0.9997024,0.99974173,0.9997883,0.99973375,0.9997644,0.99975073,0.9997977,0.99972904,0.99978054,0.9998119,0.999725,0.9998077,0.99979067,0.99982333,0.9997491,0.99977034,0.9997522,0.9998334,0.99976736,0.9997788,0.9997572,0.99978465,0.9997837,0.9997653,0.9997883,0.9997705,0.9997565,0.99980044,0.99975324,0.9996888,0.99972636,0.9997653,0.9997712,0.9997038,0.9997427,0.9997069,0.9997898,0.9996078,0.9997713,0.99977857,0.9997819,0.9998353,0.99965394,0.9997743,0.99977094,0.9998517,0.9997174,0.99972814,0.99973226,0.99973464,0.9997405,0.99973905,0.9997827,0.9998598,0.99974984,0.9998236,0.9997372,0.9997627,0.9996556,0.99972874,0.99975544,0.9994609,0.99969584,0.9997336,0.99982953,0.999808,0.9997327,0.99976015,0.999693,0.9997128,0.99977225,0.9997366,0.99974996,0.99976796,0.9996941,0.99974465,0.99971163,0.9997244,0.999731,0.99966204,0.9996327,0.99967694,0.99972165,0.9997887,0.9996679,0.9996372,0.99974555,0.9997525,0.9997296,0.9997365,0.99972785,0.9997167,0.9997519,0.999698,0.99979055,0.9997402,0.99974823,0.9997209,0.9997304,0.9997618,0.99977094,0.9997611,0.99975187,0.99978495,0.9997507,0.99975574,0.99977314,0.9997445,0.99980366,0.9997626,0.9997685,0.999761,0.9998223,0.9997832,0.99980706,0.9997524,0.9997695,0.9995705,0.9997439,0.9996751,0.99976313,0.9997765,0.9997877,0.9998496,0.9997568,0.9997061,0.999716,0.99976134,0.9997558,0.99975485,0.9997559,0.9996759,0.9997438,0.99975955,0.9997707,0.99976075,0.9997631,0.999748,0.9996763,0.99963814,0.9997347,0.99976355,0.9997625,0.99974394,0.99963146,0.9997537,0.99972194,0.9997893,0.9997413,0.9996976,0.9997278,0.9994155,0.99979013,0.99977386,0.99976087,0.999704,0.9997525,0.99971765,0.99971926,0.9997513,0.9997943,0.99976575,0.99980015,0.99977934,0.99979496,0.99981,0.9997875,0.9998024,0.9997178,0.999799,0.9997161,0.9997252,0.99981046,0.9998151,0.99981725,0.99978316,0.9997854,0.9997916,0.9997849,0.9997895,0.9997726,0.9997465,0.99979776,0.9997819,0.9997502,0.99979347,0.9997872,0.9997759,0.9997632,0.99977565,0.99978817,0.9997649,0.9997825,0.99966294,0.9998012,0.9997694,0.99979013,0.999741,0.99977714,0.99976957,0.99980783,0.99970496,0.99976367,0.99951816,0.99978364,0.99976516,0.99976546,0.9997201,0.9997681,0.9997561,0.99966747,0.9997663,0.99976915,0.99980545,0.99965924,0.9997755,0.9998391,0.99975896,0.99975944,0.9997483,0.9997446,0.9997315,0.9997725,0.9997274,0.9997835,0.9997608,0.99975944,0.99976397,0.9997596,0.9998026,0.99977475,0.9998143,0.9997538,0.99975437,0.9996209,0.9997556,0.99983144,0.99982667,0.99981385,0.99982864,0.9998224,0.9997953,0.9998166,0.99978167,0.99972314,0.99979216,0.999811,0.99978536,0.99980754,0.9997278,1.0000004,0.999757,0.9997571,0.9997534,0.9997581,0.99963564,0.99977857,0.9998492,0.99975365,0.99979985,0.9997744,0.9997745,0.9997761,0.9997421,0.99971116,0.9997868,0.99980193,0.99978274,0.9998397,0.9997882,0.99977946,0.9996393,0.99957186,0.9997269
ipip18,0.99985546,0.99978346,0.99982685,0.9997889,0.99985677,0.99977076,0.9998674,0.9998088,0.99986523,0.99978626,0.99978673,0.9998601,0.99981076,0.99977225,0.9996968,0.99982667,0.99983716,0.99975675,0.9998403,0.9998184,0.99985963,0.99980795,0.9998598,0.9998386,0.99975795,0.9998473,0.99977577,0.999846,0.99980897,0.9998243,0.99984497,0.99986076,0.9997987,0.9998524,0.99986327,0.9998775,0.9998319,0.99984574,0.9998198,0.99983793,0.9997976,0.9998637,0.99981785,0.99978006,0.99973714,0.9998438,0.99981457,0.99972844,0.99984115,0.9997533,0.99980944,0.99948114,0.99992025,0.9997672,0.99971604,0.99984246,0.9997054,0.9997553,0.9998132,0.9998432,0.99984384,0.99982005,0.9998598,0.9997853,0.9997891,0.99974793,0.9998547,0.9998149,0.9998364,0.99976254,0.9998945,0.9998843,0.9996965,0.9998831,0.99983,0.9994548,0.9997489,0.99983436,0.9998374,0.99986434,0.99980265,0.9998689,0.999781,0.9998079,0.99983984,0.99985147,0.99984235,0.9997762,0.999721,0.999826,0.999805,0.9998451,0.99985546,0.9997367,0.9996788,0.99975973,0.9998674,0.9998179,0.9997235,0.99967724,0.9998189,0.99986273,0.99982893,0.9997898,0.9998402,0.999661,0.99983877,0.99973774,0.9998641,0.9998787,0.9998867,0.9998198,0.9998452,0.9998183,0.99986655,0.99984485,0.99985844,0.99986017,0.99985915,0.999835,0.9998647,0.99983233,0.9998609,0.9998503,0.9998527,0.99975896,0.99982995,0.99986744,0.9997968,0.99979377,0.9998899,0.99949783,0.99981767,0.99970025,0.99987817,0.9999109,0.9998367,0.99989206,0.9999053,0.9998658,0.9998489,0.9998433,0.9997575,0.9998438,0.99984306,0.99971896,0.99982846,0.99983555,0.99974567,0.9998341,0.9998619,0.99981487,0.9997244,0.99968463,0.9998576,0.99986273,0.99985844,0.9998776,0.9997184,0.9998657,0.9997785,0.9999126,0.99983734,0.9997747,0.9998738,0.99939567,0.9998966,0.99981993,0.9998474,0.99978757,0.99988216,0.9997527,0.999836,0.9998245,0.99983907,0.9998746,0.9998548,0.9998376,0.99982417,0.9998428,0.9997686,0.9998196,0.9998006,0.9998234,0.9996479,0.99985033,0.99986017,0.9998655,0.9998631,0.9997848,0.99984515,0.99987763,0.99987185,0.99984,0.9998665,0.9998731,0.9998781,0.9998747,0.99975795,0.9998018,0.9998676,0.99985594,0.99978274,0.999878,0.999855,0.9998069,0.99986815,0.9995736,0.99978197,0.99975425,0.9998308,0.9998016,0.99983716,0.9998598,0.9998052,0.999729,0.99984014,0.9992523,0.9998184,0.9998492,0.99987423,0.99981445,0.9998743,0.99980295,0.99972755,0.9998749,0.9998708,0.9998538,0.9995343,0.99974316,0.99985653,0.99985516,0.99985725,0.99979657,0.99987394,0.9997987,0.999854,0.9998525,0.999881,0.9998191,0.999859,0.99982035,0.9998761,0.9997858,0.999841,0.9998646,0.999812,0.99988705,0.99956787,0.99985456,0.9998724,0.9998738,0.9998014,0.999878,0.99983495,0.999862,0.99982303,0.9998671,0.9998042,0.9998306,0.9998869,0.9997634,0.9998364,0.99975413,0.999757,0.99999774,0.9998633,0.9998106,0.99986374,0.9997358,0.9999058,0.9998172,0.9998421,0.99990344,0.9998671,0.9998651,0.99987495,0.9998486,0.9997738,0.9998597,0.99981993,0.9998764,0.9998408,0.99980444,0.9998862,0.99961525,0.9995303,0.9997817
ipip48,0.99980533,0.99976313,0.9998011,0.9997579,0.9998196,0.9997527,0.9998117,0.9997631,0.9998296,0.9997577,0.999759,0.99981815,0.99979097,0.99975705,0.99971694,0.99978423,0.9998143,0.99974704,0.9998178,0.9997866,0.99985653,0.9997804,0.99989367,0.99982315,0.9997814,0.9998294,0.9997495,0.99983287,0.9997994,0.9997899,0.99981093,0.9998273,0.99975806,0.9998235,0.9997984,0.99988216,0.9998021,0.99980676,0.9998063,0.9998055,0.99976647,0.99983454,0.99980277,0.9997364,0.99972,0.99981254,0.9998119,0.99973977,0.9998001,0.99974954,0.99978685,0.99949265,0.9998324,0.99974847,0.9997301,0.99981576,0.9996573,0.99975324,0.99978024,0.9998159,0.9998156,0.9997969,0.99981993,0.99975353,0.9998113,0.9997708,0.9998087,0.9997862,0.99980056,0.99973965,0.9998474,0.9999071,0.99967647,0.9998246,0.9998142,0.99948996,0.9997689,0.9998212,0.9998169,0.99982095,0.99979866,0.9998383,0.99978775,0.9997755,0.9998326,0.99979645,0.9998023,0.99977607,0.99969816,0.99977463,0.99978775,0.9998108,0.9998171,0.9997344,0.99964446,0.9997304,0.99978375,0.99978834,0.99969405,0.9996758,0.99980104,0.99982977,0.9998127,0.99981666,0.99982345,0.9996844,0.99980116,0.9997364,0.99983877,0.99981195,0.9998178,0.9997782,0.9998152,0.9997993,0.9998201,0.999883,0.9998187,0.9998425,0.99979436,0.9998303,0.9998552,0.99981046,0.9998461,0.9998318,0.99982923,0.9997676,0.99982995,0.9998366,0.99979734,0.99977386,0.99987775,0.99963397,0.9998562,0.99971205,0.9998617,0.99986863,0.99983776,0.9998788,0.99984205,0.99980754,0.9997994,0.99983805,0.9997709,0.99983025,0.9998197,0.9997051,0.99980754,0.9998039,0.99974686,0.9997901,0.9998408,0.999833,0.99978584,0.9997141,0.9998024,0.99990326,0.999906,0.9998911,0.9996859,0.9998092,0.9998227,0.99988496,0.9998065,0.9997943,0.999817,0.99942976,0.9998524,0.9998434,0.9998108,0.9997602,0.99985427,0.99977726,0.9997865,0.9998272,0.99980444,0.99981683,0.9998178,0.9997881,0.9998124,0.99981934,0.99977714,0.9998005,0.9997841,0.99979854,0.9996331,0.9998301,0.9998303,0.9998278,0.9998311,0.99981046,0.9998179,0.99982613,0.9998286,0.999807,0.99983346,0.99980694,0.9998492,0.99982363,0.99976164,0.9997932,0.9998301,0.9998031,0.99976593,0.9998253,0.99982953,0.9998065,0.9998293,0.9995949,0.9997985,0.9997363,0.99981266,0.99976754,0.99979794,0.9998528,0.99979395,0.9997492,0.9998352,0.999323,0.9998118,0.9998515,0.99989635,0.999756,0.9998211,0.99980056,0.9996913,0.9998162,0.99981165,0.9998211,0.999569,0.9997383,0.9998213,0.9997928,0.9998277,0.99977833,0.99981487,0.99976534,0.99984115,0.99984896,0.99989647,0.9998837,0.9998362,0.9998279,0.9998179,0.99978644,0.99981743,0.9998329,0.9998011,0.9998741,0.99959844,0.99987525,0.99985856,0.9998552,0.99985015,0.99987245,0.9998508,0.9998241,0.99980205,0.9998657,0.9998296,0.99982995,0.999833,0.9997444,0.99979764,0.99970955,0.9997571,0.9998633,0.99999887,0.9998536,0.99992824,0.99972713,0.9998435,0.9998082,0.9998278,0.99988127,0.9998401,0.99990654,0.99991125,0.99982893,0.99976605,0.9998726,0.99979794,0.9998163,0.999813,0.999781,0.99983054,0.99957174,0.9995226,0.9997402
ipip78,0.9998,0.9997361,0.9997801,0.9997387,0.9998227,0.99975085,0.9998132,0.99975455,0.999855,0.9997407,0.999729,0.9998085,0.999741,0.9997099,0.99968517,0.9997489,0.9997811,0.99975973,0.99978656,0.9997449,0.9998109,0.999775,0.99985826,0.9998757,0.9998047,0.99980485,0.9997492,0.9998027,0.9997538,0.9997598,0.9998331,0.9997983,0.9997376,0.9998428,0.99978286,0.9998453,0.99976814,0.99978876,0.9997761,0.99981195,0.9996878,0.99979836,0.9998081,0.99967,0.99971735,0.9998339,0.99982804,0.99978995,0.9997849,0.99970233,0.9997819,0.99943745,0.9998044,0.9997153,0.9997839,0.99975395,0.9996326,0.99970526,0.9997348,0.9997942,0.9998042,0.9997993,0.9998164,0.9997947,0.9998047,0.9997614,0.99979585,0.99983644,0.99983966,0.99975157,0.9998348,0.999845,0.9996782,0.99977845,0.99978846,0.9993583,0.99971026,0.99977875,0.9998041,0.9998314,0.9998093,0.99982274,0.99972594,0.99978584,0.99979985,0.99978554,0.9997699,0.9997203,0.99966866,0.99977356,0.9997672,0.9998233,0.9997873,0.9997029,0.9996248,0.99967927,0.9998013,0.9998133,0.9996453,0.99961656,0.9997535,0.9998551,0.99979687,0.9997893,0.9997964,0.9996309,0.9997736,0.9997716,0.999823,0.9997907,0.99979967,0.9997806,0.99977213,0.99975324,0.99979776,0.9998058,0.9998056,0.99984384,0.99979025,0.99976736,0.9998278,0.9997498,0.999813,0.99981546,0.99979985,0.9997639,0.9997804,0.9997726,0.9998616,0.99972457,0.99984294,0.99957764,0.999781,0.9996959,0.9998207,0.99984205,0.9998472,0.99983025,0.99980897,0.99981576,0.999812,0.9998272,0.9997412,0.9998403,0.99980855,0.99961936,0.99979496,0.9998408,0.99966514,0.99977696,0.99986416,0.9998358,0.99976724,0.9997029,0.9998089,0.999834,0.9998379,0.9998265,0.9996198,0.99980915,0.9997208,0.99984884,0.999794,0.99983025,0.9998196,0.99930716,0.99980533,0.9998705,0.9997841,0.9997168,0.99984556,0.99972683,0.99977946,0.999825,0.9998419,0.99979377,0.9998386,0.9998009,0.9998674,0.9998098,0.9997505,0.9998066,0.99976844,0.99979794,0.9995995,0.9997576,0.9998249,0.99983,0.99982506,0.9998006,0.999795,0.999806,0.9997983,0.99983644,0.9998219,0.99980277,0.9998326,0.9998156,0.9997544,0.99980706,0.9998247,0.99982923,0.99973696,0.99979657,0.99982107,0.99985075,0.9998561,0.99959445,0.99975437,0.99971735,0.9997752,0.9997469,0.9998368,0.9998289,0.9997639,0.9997159,0.999797,0.99928695,0.99977064,0.9998025,0.9998719,0.99971443,0.99977595,0.99978936,0.9996181,0.99978757,0.9998076,0.9998109,0.99953264,0.9997592,0.99981,0.9997871,0.9998386,0.9997939,0.99979085,0.999748,0.9998701,0.99977475,0.999857,0.9998034,0.9998106,0.99978465,0.9997921,0.9998008,0.9997515,0.9998394,0.9997993,0.999864,0.9995186,0.9998122,0.9998505,0.99985135,0.9997629,0.99985194,0.99979323,0.9998008,0.9997773,0.9999067,0.99976397,0.9998566,0.9998065,0.99974686,0.9997518,0.9996516,0.9997534,0.9998106,0.9998536,0.9999964,0.99985486,0.999672,0.9998197,0.9997836,0.99984616,0.9998244,0.9998409,0.9998478,0.99985373,0.9998647,0.99978983,0.9998602,0.9998577,0.99981225,0.9998241,0.99984723,0.9997759,0.9995638,0.99944884,0.9997075
ipip108,0.9998175,0.99977106,0.9998022,0.9997616,0.9998303,0.99978006,0.9998178,0.9997671,0.9998351,0.99976355,0.9997564,0.99983555,0.9997987,0.9997642,0.99970657,0.99979854,0.9998243,0.9997574,0.9998301,0.99979275,0.9998619,0.99979645,0.9998946,0.9998328,0.99980366,0.999834,0.99973994,0.9998381,0.99981207,0.9998112,0.99983555,0.9998275,0.99978465,0.9998389,0.99982005,0.9998775,0.99981254,0.9998131,0.99982184,0.9998193,0.99975926,0.99983215,0.99980634,0.9997453,0.9997384,0.9998331,0.9998175,0.99974597,0.999819,0.99976313,0.99977726,0.99945706,0.9998334,0.9997482,0.9997342,0.99981403,0.9996613,0.99976313,0.99978185,0.99982536,0.9998386,0.99982375,0.9998431,0.99978805,0.99983895,0.9997948,0.9998225,0.9998125,0.99983,0.9997535,0.99986684,0.99991196,0.99971306,0.99983305,0.999843,0.9994732,0.9997616,0.99982375,0.99981743,0.9998353,0.99981797,0.99985623,0.99978185,0.99980485,0.99983543,0.9998213,0.9998248,0.9997925,0.99972826,0.999789,0.99981016,0.9998343,0.9998476,0.9997626,0.99966824,0.99974763,0.9998057,0.9998131,0.9997183,0.99968636,0.99982244,0.99985325,0.99986774,0.99983346,0.99985176,0.9997062,0.9998193,0.9997866,0.9998748,0.99983895,0.99983436,0.9998018,0.9998329,0.99982375,0.99984545,0.99988806,0.99985284,0.999865,0.99982035,0.9998336,0.9998617,0.99982667,0.9998395,0.9998409,0.999844,0.9997827,0.9998126,0.9998205,0.9998069,0.9997769,0.9998777,0.9995824,0.9998422,0.9997399,0.9998574,0.9998795,0.9998476,0.9998564,0.9998409,0.99982274,0.9998313,0.9998684,0.9997901,0.99984246,0.9998452,0.9997178,0.99982953,0.99983,0.99973637,0.9998136,0.99985313,0.99984026,0.99978805,0.9997297,0.999829,0.999908,0.9999096,0.99987924,0.99970526,0.99982756,0.9997969,0.99988776,0.99981916,0.99980813,0.99983096,0.9993813,0.99984294,0.9998512,0.9998308,0.9997827,0.9998625,0.9997863,0.9998078,0.9998401,0.9998215,0.9998317,0.99983597,0.99980164,0.9998219,0.99983084,0.99979097,0.9998131,0.99978846,0.99981123,0.9996425,0.99983054,0.999846,0.9998455,0.9998462,0.9998117,0.99983335,0.99983686,0.9998378,0.99982727,0.99985564,0.9998244,0.9998506,0.9998374,0.9997658,0.99979997,0.99982935,0.9998185,0.99976707,0.99983484,0.9998404,0.9998268,0.9998488,0.99961907,0.99979573,0.9997384,0.9998128,0.9997868,0.99981713,0.99985296,0.9997904,0.999765,0.99983495,0.99933934,0.9998347,0.9998599,0.9998939,0.99976635,0.99982744,0.9998133,0.9996986,0.99983096,0.99983037,0.9998387,0.9995823,0.99976456,0.99983037,0.99980986,0.999847,0.9998057,0.9998415,0.9997703,0.9998508,0.99983203,0.99989927,0.9998767,0.9998519,0.9998382,0.9998336,0.99980134,0.9998127,0.9998486,0.9998023,0.99987495,0.999565,0.99984944,0.99986655,0.99986356,0.9998169,0.9998721,0.9998246,0.9998281,0.9998045,0.99987435,0.9998239,0.9998527,0.99984115,0.9997541,0.9997959,0.99970454,0.9997581,0.99986374,0.99992824,0.99985486,0.99999815,0.99973994,0.999851,0.99980855,0.99984294,0.9998779,0.99985176,0.999905,0.99989396,0.999836,0.9997849,0.9998832,0.9998092,0.9998254,0.999821,0.9997873,0.99982744,0.9995781,0.9994896,0.9997336
ipip138,0.9995954,0.9996602,0.9996715,0.9996557,0.9996552,0.9996594,0.9996041,0.9996051,0.9996698,0.99965227,0.9996231,0.99974436,0.99965996,0.9996398,0.9996419,0.99961776,0.9996366,0.9996318,0.9996516,0.99959594,0.99966496,0.9996462,0.9996842,0.9996503,0.9996261,0.9996571,0.9996469,0.9996542,0.9996439,0.99963504,0.99963164,0.99967825,0.99963903,0.99964637,0.9995907,0.9996759,0.99959266,0.99958146,0.9996294,0.99964136,0.9996297,0.99967676,0.9996803,0.99961185,0.99967515,0.99965924,0.99968415,0.99962413,0.9996354,0.9996365,0.9996297,0.9994708,0.999671,0.9996022,0.9996369,0.99968827,0.9995745,0.9996823,0.99970865,0.9996633,0.9996048,0.99970335,0.99962276,0.9996428,0.99965316,0.99968374,0.99960816,0.9996218,0.9996513,0.999658,0.9996249,0.9997049,0.9996657,0.99967635,0.9997383,0.9994445,0.99960226,0.9996353,0.9996842,0.9996747,0.99968773,0.9996606,0.999622,0.9995803,0.9996618,0.99957293,0.9995889,0.99964195,0.99962616,0.99960715,0.99967784,0.99957705,0.9996482,0.9996469,0.99962276,0.99964505,0.99957836,0.999658,0.9996395,0.99959666,0.9996367,0.99964213,0.999643,0.9996348,0.99965674,0.99962217,0.9995962,0.9996239,0.9996576,0.9996081,0.99962306,0.9996845,0.9997703,0.9996802,0.99960625,0.9997407,0.9996348,0.99963695,0.99961674,0.99965745,0.9996256,0.99965346,0.99968445,0.9996721,0.9996075,0.9996417,0.99965423,0.9996648,0.9996784,0.999658,0.9996276,0.9994829,0.99971676,0.9996339,0.9996013,0.9997615,0.9997006,0.9996831,0.9996237,0.9995857,0.99958175,0.99966323,0.9996506,0.99966747,0.99967057,0.99962384,0.9996715,0.99964654,0.9996724,0.99965346,0.9996305,0.9996674,0.9996504,0.99962676,0.99957716,0.9997623,0.99974483,0.9997012,0.9996409,0.9996027,0.9996918,0.9996851,0.999618,0.99968237,0.9996012,0.9993073,0.9996194,0.9996596,0.99960625,0.999604,0.99961025,0.9996537,0.99954045,0.9996055,0.999618,0.99961656,0.999644,0.99963266,0.999662,0.99962604,0.99966145,0.9996752,0.9996431,0.99965924,0.99963135,0.99966943,0.9996039,0.9996127,0.9996142,0.999649,0.99959624,0.99962395,0.99961764,0.9996195,0.9996634,0.99959385,0.9996381,0.9995962,0.9996154,0.999665,0.99962425,0.99958575,0.9996483,0.99961394,0.9996952,0.9996506,0.99962574,0.99960375,0.9996804,0.9996485,0.99973327,0.999605,0.99960923,0.99970794,0.9996728,0.9996661,0.9996415,0.9993496,0.99969035,0.99964464,0.9996614,0.9996115,0.99965143,0.999674,0.9996225,0.9996242,0.9995903,0.9996332,0.99957365,0.9996314,0.9996443,0.99963975,0.9996626,0.999636,0.9996128,0.99963087,0.9996381,0.99965465,0.9996748,0.9997339,0.9996652,0.99969244,0.999602,0.9996546,0.99965584,0.9996676,0.9996945,0.99962085,0.9995294,0.9996702,0.999668,0.9996668,0.99967396,0.99966955,0.9996706,0.99964,0.9996076,0.9996735,0.99968296,0.9996589,0.9996373,0.9996432,0.99964386,0.99957865,0.99963564,0.9997358,0.99972713,0.999672,0.99973994,0.9999975,0.9996288,0.9997076,0.9996893,0.99965614,0.9997465,0.99971956,0.99971926,0.9996353,0.999668,0.9997131,0.9996831,0.99962676,0.99966186,0.9996712,0.9996724,0.9995531,0.99948645,0.99964833
ipip168,0.99992865,0.999782,0.99986416,0.9997801,0.9998856,0.99978024,0.9999492,0.99982995,0.99990517,0.99978405,0.99979174,0.9998738,0.99979645,0.99976605,0.9996873,0.9998521,0.9998819,0.99974877,0.9998716,0.9998645,0.9998872,0.99981326,0.9998823,0.9998848,0.9997758,0.9998948,0.99975955,0.9998921,0.9998379,0.99984723,0.9998729,0.99988246,0.999819,0.9998939,0.99993825,0.999899,0.99990195,0.99992764,0.9998698,0.99988264,0.9997894,0.99990195,0.99980843,0.9997623,0.9997182,0.9998724,0.99980766,0.99975544,0.99986595,0.9997371,0.99982893,0.99941194,0.9999003,0.9997874,0.99971217,0.999827,0.9996911,0.9997396,0.99978405,0.9998819,0.9999034,0.99982184,0.9999121,0.999812,0.9998136,0.99975777,0.99992,0.99989426,0.9998648,0.99977946,0.99995077,0.9998945,0.99965715,0.99985546,0.99981594,0.99938667,0.9997709,0.99986905,0.99984264,0.9998903,0.9998228,0.9999182,0.99979407,0.9998823,0.9998688,0.99993545,0.99991626,0.9997844,0.9997209,0.9998803,0.99980193,0.9999226,0.9998817,0.999697,0.9996276,0.9997062,0.9999259,0.99981904,0.99969083,0.9996301,0.99983615,0.99991053,0.9998604,0.999812,0.9998693,0.999619,0.99988806,0.9997301,0.9998985,0.99994683,0.99995077,0.9998178,0.99982476,0.9998233,0.9999175,0.99980724,0.9999002,0.9999166,0.9999147,0.99983156,0.9999079,0.99981934,0.99988675,0.99987656,0.9998959,0.9997738,0.9998437,0.99989694,0.99980944,0.9997997,0.9999301,0.9994481,0.9997805,0.9996859,0.99991643,0.99990064,0.99985474,0.9999101,0.9999581,0.9999196,0.99991894,0.9998735,0.9997707,0.9998663,0.9998755,0.9996803,0.9998622,0.99986935,0.9996986,0.99987024,0.9999186,0.9998255,0.9996793,0.99964124,0.9999313,0.99984306,0.99984235,0.9998425,0.99967873,0.99994063,0.9997216,0.9999376,0.99985915,0.99974686,0.99993765,0.99930114,0.9999524,0.99983716,0.99987584,0.9997896,0.99994314,0.9997234,0.9999168,0.99986804,0.9998901,0.9999133,0.999917,0.9998794,0.99985886,0.9998783,0.99977225,0.99983317,0.9997712,0.99983513,0.99963313,0.99983656,0.99992365,0.9999221,0.99992424,0.999791,0.9999147,0.9999214,0.9999209,0.99989676,0.9999117,0.9999397,0.99992085,0.9999579,0.99976164,0.9998131,0.9998949,0.99993306,0.99976784,0.99992144,0.9998817,0.999832,0.9999238,0.9995548,0.9997707,0.99973875,0.9998398,0.99983716,0.99988604,0.9998623,0.99979943,0.99970907,0.99986786,0.999198,0.99984425,0.99987435,0.99991167,0.9998006,0.99988586,0.9998007,0.9996994,0.99992186,0.9999394,0.9998933,0.9995042,0.99975544,0.999884,0.9998753,0.9998919,0.9998409,0.9999189,0.99978465,0.9998791,0.9998205,0.9998947,0.99978113,0.9998668,0.9998184,0.9999188,0.9998043,0.99983543,0.9999022,0.9997874,0.99994814,0.9994923,0.99983346,0.99992526,0.9999223,0.99979514,0.9999304,0.999844,0.9998825,0.9998704,0.9998882,0.99977374,0.99986565,0.9999244,0.9997656,0.99984837,0.9997191,0.99977857,0.9999058,0.9998435,0.9998197,0.999851,0.9996288,0.9999974,0.9998318,0.9998471,0.99996275,0.9998679,0.99985707,0.9998541,0.9998717,0.99976665,0.9998802,0.9998213,0.9999246,0.99985725,0.9998127,0.99990165,0.99956983,0.9994745,0.9997784
ipip198,0.9997397,0.9997595,0.99976164,0.9997592,0.9997994,0.9997639,0.99978393,0.99977666,0.9998353,0.9997817,0.999759,0.99978256,0.9997585,0.99973094,0.99972075,0.9997418,0.99976957,0.99972653,0.9997732,0.9997535,0.99978274,0.9997537,0.9997999,0.99981254,0.9997581,0.9998034,0.99980384,0.99979836,0.99975556,0.99977416,0.9997574,0.999852,0.999793,0.99979556,0.99975395,0.9998139,0.9997524,0.99974966,0.9997596,0.99978274,0.99979115,0.9998368,0.99976766,0.999702,0.9997623,0.99979645,0.99981415,0.99972165,0.9997603,0.9997134,0.9997866,0.9995551,0.9998065,0.9997505,0.99980694,0.9998316,0.9996741,0.9998069,0.99976104,0.9998461,0.9997277,0.99974424,0.99974364,0.9997522,0.99976736,0.9997412,0.9997772,0.99983007,0.9997805,0.99985105,0.99977106,0.9998102,0.9997076,0.99977344,0.99977565,0.999458,0.9997235,0.999746,0.99983984,0.9998436,0.9997697,0.9997766,0.999704,0.9997278,0.99976665,0.99974304,0.99975705,0.99973416,0.9997239,0.9997647,0.99973595,0.99972856,0.99975127,0.9996703,0.9996593,0.9997105,0.999736,0.99983156,0.99967825,0.9996692,0.9997335,0.9997659,0.9997433,0.9997455,0.9997574,0.99972075,0.9997578,0.99972445,0.9998151,0.99975735,0.9997697,0.9997446,0.9997771,0.99976164,0.9997693,0.9997993,0.9997561,0.99977654,0.9997601,0.9997611,0.9997581,0.99973464,0.9997903,0.9997595,0.9997451,0.9997449,0.99980325,0.9997907,0.99984473,0.9997331,0.9997886,0.9995361,0.99977255,0.99967235,0.9997745,0.99982166,0.99982274,0.9998954,0.9997736,0.9997276,0.9997307,0.9997811,0.99973446,0.99977547,0.99977577,0.99968255,0.9997588,0.9997819,0.9998338,0.9997677,0.9997766,0.9997661,0.99970204,0.99966705,0.99972695,0.99981517,0.99980146,0.9998006,0.9996552,0.9997562,0.9997445,0.99980795,0.99973905,0.99974614,0.99975336,0.9994246,0.99982184,0.9997976,0.9997519,0.99970096,0.99977523,0.9997599,0.99971145,0.9997409,0.99979895,0.9997661,0.9998089,0.9998108,0.99982023,0.9997911,0.9997577,0.9998156,0.9997297,0.9998141,0.9997341,0.9997576,0.99978364,0.99978954,0.9997894,0.9997838,0.9997723,0.9997792,0.9997749,0.999797,0.99977595,0.99975395,0.9997967,0.9998006,0.9997489,0.999835,0.99978775,0.999776,0.999796,0.99977434,0.99980766,0.9997884,0.9997825,0.99970543,0.9998062,0.99979115,0.99979144,0.99973375,0.9997836,0.9997954,0.99982864,0.9997156,0.9997612,0.999474,0.9997703,0.9997638,0.99978894,0.999723,0.9997758,0.9997742,0.9996807,0.99977463,0.99976385,0.99979013,0.99967194,0.9997863,0.99980927,0.99975675,0.9997808,0.9997477,0.99974906,0.99974,0.99979424,0.9997555,0.99980795,0.9997853,0.9997709,0.9997613,0.99976134,0.9998456,0.99977106,0.999824,0.99981093,0.99978155,0.99958104,0.9997954,0.999876,0.99987096,0.9998527,0.99987394,0.9998535,0.9997736,0.9997681,0.9997985,0.99973965,0.99978745,0.99979293,0.9997887,0.9997903,0.99970764,0.9998492,0.9998172,0.9998082,0.9997836,0.99980855,0.9997076,0.9998318,0.9999965,0.9997833,0.999841,0.9998087,0.99981153,0.9998023,0.9997694,0.99974364,0.99980426,0.99985534,0.9997912,0.9998318,0.999841,0.99980193,0.9996853,0.9995847,0.9997438
ipip228,0.9998281,0.9997624,0.9998015,0.9997883,0.9998529,0.9997637,0.9998423,0.99977607,0.9998761,0.9997943,0.9997786,0.9998549,0.9997918,0.9997667,0.99971086,0.99979657,0.99983406,0.9997894,0.9998347,0.99978954,0.9998532,0.9997855,0.99984986,0.9998611,0.9998125,0.9998412,0.9997794,0.999845,0.999816,0.9998089,0.9998832,0.9998254,0.9997742,0.9998915,0.9998322,0.99985975,0.9998252,0.999832,0.99981666,0.9998602,0.99974966,0.9998083,0.99986833,0.99974465,0.9997624,0.99984366,0.9998547,0.9997538,0.99983525,0.9997869,0.9997976,0.9994687,0.99983,0.99977136,0.9997464,0.99979734,0.9996966,0.99972934,0.9997838,0.9998298,0.99983066,0.9998252,0.9998482,0.99983984,0.99981403,0.9997694,0.99983376,0.99981666,0.99984217,0.99975395,0.9998548,0.9998544,0.9996781,0.9998167,0.9998452,0.9994,0.99977386,0.9998312,0.9998479,0.9998719,0.9998172,0.9998659,0.99977577,0.99982905,0.9998477,0.99983615,0.9998313,0.9997678,0.9997257,0.99981457,0.99980026,0.99985725,0.9998349,0.99974173,0.99966455,0.99972194,0.99982756,0.99983734,0.9997064,0.99965245,0.99979526,0.99989474,0.999817,0.9998238,0.9998592,0.9996389,0.9998221,0.9997449,0.9998356,0.9998329,0.99983895,0.9998222,0.99983305,0.99979687,0.9998563,0.9998416,0.99984497,0.99987626,0.99985695,0.99980855,0.9998618,0.9997955,0.99984556,0.999859,0.9998332,0.99982107,0.9998016,0.9998173,0.99983484,0.9997823,0.99985486,0.9995784,0.9998051,0.9997152,0.9998359,0.9998715,0.9998456,0.9998404,0.99984765,0.99983984,0.9998483,0.99984336,0.9997613,0.9998388,0.99985737,0.99966955,0.9998394,0.99984515,0.9996883,0.99982876,0.999894,0.9998851,0.999773,0.99969465,0.99984276,0.99984187,0.99984574,0.99984527,0.99968857,0.99985224,0.9997632,0.99988115,0.999856,0.9997915,0.99985003,0.9993434,0.99982816,0.99985194,0.99983674,0.99977654,0.9998554,0.99975896,0.9998199,0.9998668,0.9998827,0.9998366,0.99983317,0.9998171,0.99984956,0.999826,0.9997797,0.9998462,0.9998086,0.99984854,0.9996204,0.9998014,0.99984837,0.99985176,0.99984854,0.9998483,0.9998417,0.99984264,0.99983925,0.9998795,0.99986625,0.9998381,0.99985963,0.99984634,0.9997979,0.999834,0.9998584,0.99984735,0.99976486,0.9998435,0.9998461,0.9998546,0.9998916,0.99962986,0.99976116,0.99975055,0.9998142,0.9998052,0.9998678,0.9998641,0.9998063,0.99978715,0.99982727,0.9992992,0.9998172,0.9998496,0.99986696,0.9997581,0.9998218,0.9998496,0.9996654,0.99983793,0.9998403,0.9998423,0.9995633,0.99976957,0.99982744,0.99983567,0.9998552,0.99981236,0.9998383,0.99980265,0.9998883,0.9998105,0.9998677,0.99980706,0.9998547,0.9998032,0.99983925,0.9998368,0.9998057,0.9998485,0.99979687,0.999859,0.9995177,0.9998154,0.9998665,0.9998695,0.99977714,0.9998688,0.99981254,0.99984187,0.9998098,0.9998901,0.9997833,0.9998466,0.99984616,0.9997973,0.99979955,0.9996958,0.99975365,0.9998421,0.9998278,0.99984616,0.99984294,0.9996893,0.9998471,0.9997833,0.99999875,0.9998439,0.9998915,0.9998307,0.99983984,0.99987984,0.9997898,0.99983567,0.99983376,0.999828,0.99981695,0.9998143,0.999812,0.9995838,0.9994676,0.9997361
ipip258,0.99989855,0.9997899,0.99986076,0.9997882,0.999877,0.9997774,0.999929,0.9998377,0.99989843,0.9997935,0.999797,0.999856,0.9998069,0.9997782,0.9996949,0.99984276,0.99987036,0.9997527,0.9998606,0.9998603,0.99988294,0.999805,0.9998777,0.99987185,0.99979085,0.9998901,0.99978644,0.9998863,0.9998351,0.9998447,0.99986064,0.9998797,0.9998182,0.9998912,0.9999127,0.9999018,0.9998882,0.99990773,0.99986,0.9998689,0.99981266,0.9999058,0.9998152,0.99978346,0.99972975,0.99986595,0.99982077,0.99975693,0.9998586,0.99974567,0.9998328,0.99946135,0.9998882,0.99980253,0.9997389,0.9998625,0.9997,0.99976355,0.99979395,0.99988574,0.99987847,0.99982476,0.99988467,0.99979484,0.9998125,0.999759,0.9999015,0.999878,0.9998574,0.9997837,0.99991953,0.99989104,0.99966407,0.9998454,0.99981534,0.9994401,0.99978477,0.9998629,0.9998561,0.99988043,0.99980587,0.9998973,0.9997991,0.9998542,0.9998655,0.9999047,0.9998974,0.9997942,0.9997239,0.9998633,0.9997957,0.9998912,0.9998634,0.9997124,0.9996411,0.9997289,0.99989104,0.99982584,0.9997002,0.99967164,0.9998387,0.99988323,0.9998504,0.99981123,0.99985236,0.99965435,0.9998751,0.99972665,0.9998996,0.9999172,0.99992335,0.9998098,0.999828,0.9998301,0.9999044,0.9998269,0.99988574,0.99990463,0.99988973,0.9998441,0.9999007,0.99983656,0.99988055,0.9998671,0.99988526,0.9997836,0.9998573,0.999899,0.9998199,0.9998064,0.9999295,0.9994947,0.9997953,0.9996962,0.999914,0.99988925,0.9998445,0.999926,0.99993753,0.9998888,0.99988216,0.9998603,0.9997763,0.9998505,0.9998561,0.9997009,0.999846,0.9998627,0.9997392,0.9998632,0.99989504,0.99981886,0.99970716,0.9996545,0.9998996,0.9998494,0.99984586,0.99986297,0.9996921,0.9999134,0.99975365,0.99992776,0.9998579,0.9997616,0.9999079,0.99938387,0.9999571,0.9998384,0.9998764,0.9997907,0.9999233,0.9997467,0.9998897,0.9998635,0.9998802,0.99990636,0.9998965,0.99986523,0.99986076,0.99987,0.9997739,0.9998329,0.99977857,0.99983704,0.999655,0.99984837,0.99990886,0.99990493,0.99990624,0.9998101,0.9998971,0.99991065,0.99991316,0.9998808,0.99989235,0.99991244,0.99990976,0.99993724,0.99977005,0.9998301,0.99988836,0.99990433,0.99978256,0.9999127,0.999874,0.9998262,0.9999065,0.999581,0.9997951,0.99975854,0.99984354,0.99983376,0.99986976,0.9998709,0.99982375,0.9997187,0.99987704,0.9992641,0.9998485,0.9998725,0.99991286,0.9998112,0.9998909,0.9998056,0.9997162,0.99991256,0.99991184,0.9998781,0.9995377,0.99975705,0.999877,0.999855,0.9998761,0.99982536,0.99989843,0.9997868,0.99987286,0.99984443,0.9998952,0.9997989,0.99986774,0.99981964,0.99991083,0.99981904,0.999851,0.9998964,0.9997966,0.9999346,0.99954337,0.99984986,0.99993086,0.9999266,0.99983853,0.99993384,0.99987584,0.9998832,0.9998696,0.9998817,0.9997909,0.9998511,0.99992096,0.9997766,0.99985874,0.99975157,0.99979985,0.99990344,0.99988127,0.9998244,0.9998779,0.99965614,0.99996275,0.999841,0.9998439,0.9999969,0.999864,0.99986565,0.9998774,0.9998689,0.99976414,0.99987495,0.9998307,0.9999116,0.999864,0.9998168,0.9999167,0.99959254,0.999525,0.9997811
ipip288,0.9998459,0.99978924,0.99982697,0.9997904,0.9998534,0.9997656,0.9998511,0.9998141,0.9998945,0.9997884,0.9997828,0.99988395,0.9998085,0.99978685,0.9997299,0.9998104,0.99983627,0.99979764,0.9998409,0.99981683,0.9998479,0.9998062,0.9998459,0.9998771,0.99978274,0.9998621,0.99980325,0.9998454,0.9998208,0.9998158,0.9998678,0.9998534,0.9997905,0.9998719,0.9998385,0.99985224,0.9998206,0.99982595,0.99983025,0.9998647,0.9997647,0.9998257,0.9998392,0.9997516,0.9997619,0.9998555,0.99985236,0.99975526,0.9998393,0.99978024,0.9998284,0.9995093,0.9998585,0.9997843,0.9997566,0.9998368,0.9996983,0.999753,0.99979806,0.99984974,0.99982977,0.9998179,0.9998458,0.99983823,0.99981487,0.99977475,0.99984396,0.9998216,0.9998385,0.999774,0.9998598,0.9998622,0.9996898,0.99984676,0.99983317,0.9994463,0.99976516,0.99982965,0.99985725,0.99987787,0.9998242,0.9998627,0.99977684,0.99980557,0.99984634,0.9998351,0.9998344,0.99978274,0.99972,0.9998229,0.9998051,0.99983776,0.99982846,0.9997554,0.9996646,0.9997548,0.99982715,0.99984443,0.9997069,0.9996802,0.99980205,0.99987745,0.999822,0.9998085,0.9998451,0.9996738,0.9998259,0.9997413,0.99985343,0.99984986,0.9998446,0.9998148,0.9998729,0.9998076,0.9998552,0.9998376,0.99985373,0.9998587,0.999842,0.9998196,0.99985343,0.99982464,0.99985856,0.9998633,0.9998313,0.999818,0.999828,0.99984753,0.99983716,0.9998058,0.9998606,0.99955857,0.99981487,0.9997376,0.999836,0.9998775,0.9998433,0.9998571,0.99985474,0.99983364,0.999843,0.9998499,0.99977016,0.99984366,0.9998555,0.9997151,0.9998502,0.9998335,0.9997214,0.9998491,0.9998814,0.9998574,0.99974746,0.9997031,0.99984044,0.99984187,0.99984723,0.99985486,0.99970293,0.999856,0.9997749,0.9998841,0.9998399,0.99977386,0.99983734,0.99935484,0.9998428,0.99983495,0.99983966,0.9997628,0.999849,0.999768,0.99980694,0.99984103,0.99986225,0.9998366,0.9998524,0.9998335,0.9998563,0.9998421,0.99981385,0.999843,0.99981064,0.99984556,0.9996482,0.9998285,0.9998541,0.99986243,0.9998591,0.9998342,0.99984634,0.9998477,0.9998394,0.99986583,0.99986255,0.99983823,0.99985945,0.9998514,0.999806,0.9998388,0.99985975,0.99985087,0.99977756,0.9998365,0.9998626,0.9998492,0.99988437,0.99964243,0.9997944,0.9997846,0.9998498,0.9998044,0.999859,0.99987817,0.9998297,0.99977595,0.9998336,0.9993042,0.9998141,0.99984545,0.9998516,0.9997703,0.99984014,0.9998403,0.9996862,0.99983704,0.9998484,0.99985516,0.9995942,0.9997777,0.99985,0.9998425,0.9998534,0.99981755,0.9998475,0.999807,0.99986345,0.99981725,0.99985737,0.9998085,0.9998554,0.9998254,0.9998294,0.99982125,0.9998076,0.99985635,0.9998205,0.9998494,0.9995416,0.99982435,0.99986756,0.999865,0.9997988,0.99987024,0.99982196,0.99984646,0.9998207,0.99989426,0.99979794,0.9998391,0.99985176,0.9998016,0.9998179,0.9997268,0.9997744,0.9998671,0.9998401,0.9998409,0.99985176,0.9997465,0.9998679,0.9998087,0.9998915,0.999864,0.99999714,0.9998439,0.9998474,0.9998592,0.99978,0.9998433,0.99984366,0.9998489,0.9998423,0.9998303,0.9998372,0.99961346,0.9995264,0.9997719
ipip23,0.99981695,0.99977434,0.99980676,0.99977386,0.9998364,0.9997677,0.9998265,0.999797,0.99984026,0.9997745,0.9997718,0.99983454,0.9998085,0.99976796,0.9997388,0.99980736,0.9998279,0.9997588,0.99982536,0.9998056,0.99986154,0.99980253,0.9999078,0.99983615,0.9997843,0.9998325,0.9997555,0.9998511,0.99978393,0.99979484,0.9998282,0.999854,0.999789,0.9998524,0.9998222,0.9998912,0.9998126,0.999824,0.9998125,0.99982405,0.9997683,0.99984604,0.99981356,0.99973416,0.99974287,0.9998313,0.9998306,0.99978596,0.9998188,0.9997482,0.99980724,0.9994874,0.99985987,0.9997749,0.9997392,0.99982446,0.99967706,0.9997647,0.99979264,0.9998378,0.9998519,0.9998373,0.999864,0.99977314,0.9998487,0.9998068,0.99983686,0.99981904,0.99981546,0.9997604,0.9998613,0.9999065,0.9996968,0.99984103,0.9998391,0.99946004,0.99974847,0.9997977,0.9998274,0.99984217,0.9998187,0.99984956,0.9997905,0.9997986,0.9998353,0.99982285,0.9998217,0.99979275,0.9997311,0.99980724,0.99979705,0.9998352,0.9998536,0.9997534,0.9996776,0.99976164,0.99981797,0.9998191,0.999716,0.9996803,0.99981767,0.99984694,0.9998227,0.9998055,0.9998416,0.99970067,0.99981326,0.99975836,0.9998658,0.9998333,0.9998439,0.9997949,0.9998239,0.9998111,0.9998518,0.9998831,0.9998302,0.99986416,0.9998184,0.9998305,0.99985623,0.9998051,0.99984366,0.99984014,0.9998368,0.9997821,0.9998217,0.99982864,0.99979895,0.9997633,0.99987835,0.99959725,0.99984384,0.99972296,0.9998571,0.9998685,0.99983966,0.9998696,0.9998445,0.9998134,0.9998173,0.9998555,0.9997945,0.99985915,0.99983543,0.9996916,0.9998043,0.9998168,0.99974775,0.99980533,0.9998472,0.99982166,0.99978477,0.9997448,0.9998299,0.99989,0.99989206,0.999874,0.9996819,0.9998363,0.9998071,0.9998939,0.9998154,0.9997889,0.9998348,0.9993892,0.9998574,0.99985456,0.99982363,0.9997712,0.99985707,0.9997742,0.99980116,0.9998246,0.9998234,0.9998305,0.9998412,0.99980724,0.999825,0.9998434,0.9997962,0.99982065,0.9997774,0.99981946,0.99965256,0.99983567,0.9998489,0.9998506,0.9998486,0.99980813,0.9998265,0.9998397,0.9998356,0.99982935,0.9998422,0.99982524,0.99984986,0.9998362,0.99975765,0.99980795,0.99984545,0.999829,0.9997761,0.9998247,0.9998422,0.99981743,0.9998522,0.9996235,0.99980766,0.99974394,0.9998125,0.9997806,0.9998124,0.99985945,0.99982274,0.9997603,0.9998322,0.9993383,0.9998239,0.9998372,0.999889,0.9997604,0.9998467,0.99982554,0.9996877,0.9998252,0.9998375,0.99983686,0.9996063,0.9997644,0.99984545,0.9998308,0.99990976,0.99981767,0.99985003,0.9997963,0.99986184,0.99984455,0.9998948,0.99986964,0.9998467,0.99983275,0.99982387,0.9998044,0.99981344,0.9998566,0.99981236,0.9998718,0.9995771,0.99985635,0.99986523,0.99986756,0.99981767,0.9998723,0.99984413,0.99984264,0.99980724,0.99988353,0.99982965,0.99985623,0.99984175,0.9997684,0.99980474,0.99972314,0.9997745,0.9998651,0.99990654,0.9998478,0.999905,0.99971956,0.99985707,0.99981153,0.9998307,0.99986565,0.9998439,0.9999968,0.9999222,0.9998566,0.99982285,0.9998989,0.9998223,0.9998435,0.9998627,0.999812,0.99985635,0.99960405,0.99953485,0.99977446
ipip53,0.99982285,0.9997702,0.9998245,0.9997782,0.9998456,0.99975544,0.99983376,0.99978614,0.9998474,0.99977463,0.99977815,0.99982554,0.9998055,0.9997478,0.99970907,0.9998032,0.99981874,0.9997528,0.9998169,0.99978524,0.9998561,0.999788,0.9999056,0.9998373,0.99979585,0.99983364,0.99975914,0.99983835,0.9997837,0.9997889,0.9998277,0.99985135,0.999788,0.9998551,0.99982285,0.99990857,0.9998172,0.99982405,0.99979955,0.99983156,0.99976933,0.9998524,0.99981904,0.9997545,0.9997322,0.9998368,0.99983174,0.9997644,0.99982476,0.9997453,0.99980444,0.99949723,0.9998642,0.99976784,0.99972445,0.99983466,0.9996785,0.9997568,0.9997894,0.9998388,0.99983203,0.99982977,0.9998395,0.9997721,0.9998073,0.9997784,0.99981993,0.9998069,0.99981904,0.99974364,0.9998553,0.99989486,0.99969,0.9998475,0.9998127,0.9994665,0.9997512,0.99980843,0.9998278,0.9998365,0.9998013,0.9998484,0.99979013,0.9997977,0.9998529,0.9998105,0.9998104,0.9997698,0.9997056,0.99979305,0.9997856,0.9998373,0.9998236,0.9997567,0.99966574,0.9997633,0.999823,0.99981797,0.99970555,0.9996854,0.9998103,0.9998485,0.9998133,0.999801,0.9998272,0.9996967,0.99980986,0.99975455,0.9998574,0.9998263,0.9998356,0.99980694,0.99982387,0.99980545,0.99984014,0.9998682,0.99982405,0.9998578,0.99981207,0.9998266,0.999856,0.99981624,0.99984777,0.99983877,0.9998375,0.99978477,0.9998299,0.9998322,0.9997977,0.9997655,0.9998926,0.9995965,0.9998481,0.9997024,0.9998752,0.99986887,0.9998347,0.999873,0.99984944,0.9998183,0.99981433,0.99984145,0.9997713,0.99983937,0.9998218,0.9996933,0.9998042,0.9998219,0.9997498,0.9998141,0.99984854,0.99982876,0.9997804,0.99970424,0.99982446,0.99988747,0.99988604,0.9998846,0.99967605,0.99983007,0.9998233,0.99990267,0.99982214,0.99979764,0.9998348,0.9994181,0.9998762,0.99985355,0.9998312,0.9997879,0.9998748,0.99977267,0.99981326,0.9998232,0.999829,0.99984074,0.99983156,0.99981004,0.99982584,0.99983865,0.9997817,0.9998142,0.9997846,0.99981076,0.999636,0.9998156,0.9998449,0.9998463,0.99984527,0.99980384,0.99982256,0.999848,0.9998441,0.99982494,0.99984443,0.999832,0.9998619,0.9998401,0.9997731,0.99980915,0.999846,0.99982876,0.99977845,0.9998422,0.999848,0.99982417,0.9998542,0.9995978,0.9998038,0.9997531,0.99981874,0.99978757,0.9998191,0.9998582,0.99980956,0.99976,0.9998468,0.99929976,0.99981195,0.99984014,0.9999118,0.99978596,0.99984884,0.9998187,0.99970156,0.99983376,0.9998365,0.9998334,0.9995728,0.99974555,0.99984497,0.99982035,0.9998649,0.9997947,0.99983996,0.9997858,0.9998661,0.99986887,0.9999148,0.9998724,0.99985504,0.9998383,0.999837,0.99979806,0.9998263,0.9998581,0.9998272,0.9998837,0.9995897,0.9998822,0.9998702,0.999874,0.9998357,0.9998708,0.99986976,0.9998512,0.9998098,0.9998914,0.99983686,0.9998412,0.99985594,0.99976254,0.9998195,0.9997365,0.9997761,0.99987495,0.99991125,0.99985373,0.99989396,0.99971926,0.9998541,0.9998023,0.99983984,0.9998774,0.9998474,0.9999222,0.99999744,0.999867,0.99979794,0.99989116,0.9998221,0.9998487,0.99986076,0.9998132,0.9998936,0.9995981,0.9995513,0.99977726
ipip83,0.99986386,0.9997732,0.99982864,0.9997684,0.99985784,0.99976844,0.9998706,0.9997861,0.9998683,0.9997588,0.9997739,0.99985677,0.99979556,0.99975157,0.99972594,0.9998102,0.9998485,0.99976003,0.9998477,0.99980354,0.99986655,0.99979675,0.9998598,0.99986464,0.9998781,0.9998436,0.9997368,0.99984974,0.99980205,0.99981076,0.9998768,0.9998232,0.9997627,0.9999457,0.99986213,0.9998738,0.9998392,0.99986345,0.99983346,0.99989,0.9997019,0.9998216,0.9998354,0.9997346,0.9997435,0.9998671,0.99989146,0.9998092,0.9998592,0.99973935,0.99980587,0.9994038,0.9998451,0.99974895,0.99972117,0.9997842,0.9996656,0.9997028,0.99975973,0.9998326,0.9998791,0.99983877,0.99988735,0.9998381,0.9998557,0.9997971,0.9998626,0.9998478,0.99989974,0.9997619,0.9998861,0.9998663,0.9996506,0.9998134,0.999813,0.99936676,0.99978316,0.99984354,0.9998196,0.99985343,0.9998302,0.9998922,0.99978566,0.99986196,0.99985534,0.99986863,0.99985594,0.9997631,0.99969137,0.99984944,0.99980265,0.9998951,0.9998416,0.99972427,0.9996371,0.9997218,0.9998763,0.9998263,0.99967134,0.99965763,0.9998131,0.9999072,0.9998359,0.999827,0.9998616,0.9996229,0.999851,0.9997588,0.99986935,0.99985975,0.9998726,0.999836,0.9998172,0.99977946,0.9998762,0.9998014,0.99985343,0.99988616,0.9998553,0.9998132,0.99988496,0.99980193,0.99985594,0.9998611,0.9998562,0.99978876,0.99979764,0.99981886,0.999815,0.99976605,0.99989104,0.99954367,0.99977237,0.9996952,0.99986,0.99985784,0.99983853,0.9998499,0.9998752,0.9998711,0.99988467,0.999858,0.99976325,0.99985474,0.999858,0.99963737,0.99985576,0.99989456,0.99965274,0.9998485,0.99990296,0.9998504,0.99975634,0.99969375,0.99988675,0.9998271,0.9998445,0.99983835,0.99964637,0.9998843,0.9997207,0.99988574,0.9998481,0.9997745,0.9998707,0.99929476,0.9998633,0.9999203,0.999856,0.9997659,0.99989086,0.9997395,0.999861,0.99986494,0.99987996,0.99986136,0.99984926,0.99982053,0.99983287,0.99983776,0.99975914,0.99981177,0.9997803,0.9998134,0.99959207,0.99979734,0.9998765,0.9998756,0.9998713,0.999818,0.99987,0.999872,0.9998664,0.999878,0.9998912,0.9998797,0.99987847,0.9998691,0.9997604,0.9998588,0.9998932,0.9998795,0.9997597,0.9998645,0.9998633,0.9998557,0.99989766,0.9995703,0.99976134,0.99970657,0.99981254,0.99981314,0.99987215,0.99985915,0.99977845,0.99975985,0.9998436,0.99922097,0.99980074,0.9998518,0.99989015,0.9997738,0.99983907,0.9998427,0.99967474,0.99986947,0.9998641,0.99984384,0.9995083,0.99976337,0.9998406,0.9998436,0.99990195,0.99985224,0.99987125,0.9997781,0.9999598,0.9998106,0.9998733,0.9997744,0.9998573,0.99980825,0.99986523,0.99986005,0.9997976,0.9998831,0.9997973,0.9998985,0.9994823,0.99982274,0.99987906,0.9998844,0.9997641,0.99987656,0.99980825,0.9998589,0.9998226,0.999894,0.9997674,0.9998611,0.9998717,0.9997558,0.99980754,0.999696,0.9997421,0.9998486,0.99982893,0.9998647,0.999836,0.9996353,0.9998717,0.9997694,0.99987984,0.9998689,0.9998592,0.9998566,0.999867,0.9999975,0.9998272,0.99985117,0.99983144,0.99986154,0.9998566,0.9998197,0.9998463,0.9995825,0.99946535,0.99974483
ipip113,0.99976116,0.9997163,0.99976987,0.99970055,0.9997721,0.99973595,0.99975264,0.99970263,0.999784,0.99969625,0.9997062,0.9997947,0.9997315,0.99970496,0.99974024,0.9997234,0.99978524,0.99971384,0.9997842,0.9997225,0.99978745,0.9997598,0.99979985,0.99977666,0.99976873,0.99975884,0.9997056,0.9997793,0.99973553,0.99977386,0.999802,0.99980265,0.99972486,0.9998044,0.9997524,0.99979,0.9997416,0.99974704,0.9997647,0.9997844,0.99967057,0.9997602,0.99976254,0.9996702,0.99971,0.9997826,0.9997987,0.9997846,0.99975127,0.9997009,0.9997188,0.9994,0.99976623,0.9996883,0.99971443,0.9997185,0.9996287,0.99969345,0.99972993,0.99979454,0.9997958,0.9997745,0.9998271,0.9997706,0.99979126,0.9998011,0.99976563,0.9997828,0.99980915,0.999741,0.99977815,0.99979174,0.9996621,0.9997477,0.9997981,0.9993647,0.99969816,0.9997473,0.99978966,0.9998071,0.99977595,0.9997872,0.99972844,0.9997624,0.99977446,0.9997521,0.99973613,0.9997399,0.99968576,0.99974537,0.99975544,0.9997703,0.99977845,0.9997202,0.99966836,0.9996858,0.99976104,0.99976283,0.9996868,0.9996441,0.999768,0.9998089,0.99978226,0.99978006,0.99979895,0.9996382,0.9997489,0.99971986,0.99978316,0.9997512,0.99977034,0.99976254,0.999749,0.9997435,0.99976766,0.999771,0.9997792,0.99980193,0.9997655,0.99974495,0.9997842,0.99975055,0.99979067,0.9998016,0.99976236,0.9997436,0.9997338,0.9997445,0.9997617,0.9997118,0.99979156,0.999582,0.9997458,0.99968195,0.9997453,0.9997919,0.9997713,0.9997788,0.99976915,0.9997469,0.99977916,0.99977535,0.9997926,0.99976057,0.9998185,0.9996331,0.99977505,0.9998032,0.9996563,0.9997715,0.99979633,0.99978626,0.9997482,0.99982226,0.9997809,0.9997932,0.99979293,0.9997566,0.99964863,0.9997731,0.99971634,0.99979925,0.9997619,0.99976647,0.99976176,0.9992839,0.99976146,0.9998354,0.99974674,0.9996975,0.99976975,0.99970096,0.99973315,0.9997573,0.9997927,0.9997548,0.9997742,0.9997539,0.9997839,0.9997657,0.9997354,0.9997993,0.99974495,0.9997919,0.9996241,0.99978817,0.9997757,0.99978155,0.99978125,0.9997524,0.99975383,0.99977404,0.9997654,0.9998021,0.9998013,0.9997588,0.9997666,0.99974614,0.99969655,0.9997573,0.9997671,0.99975634,0.99967575,0.9997517,0.99980026,0.99977565,0.9997928,0.9996105,0.9997206,0.99968785,0.99975485,0.9997224,0.99978554,0.9998226,0.99976695,0.99978673,0.99976957,0.9992935,0.9997393,0.9997674,0.99978536,0.99970925,0.99977833,0.9998305,0.9996613,0.9997547,0.99975854,0.99978304,0.99958545,0.99974805,0.9997831,0.9997974,0.99991065,0.99980664,0.9997852,0.99975765,0.9998207,0.99973375,0.9997765,0.99974334,0.99976414,0.99974865,0.9997495,0.99978524,0.9997397,0.99979764,0.9997448,0.99977255,0.99948674,0.9997483,0.9997889,0.9997897,0.99971384,0.99979085,0.9997435,0.99977285,0.9997497,0.9997888,0.99971664,0.99977374,0.99977416,0.9997499,0.9997344,0.99964494,0.99971116,0.9997738,0.99976605,0.99978983,0.9997849,0.999668,0.99976665,0.99974364,0.9997898,0.99976414,0.99978,0.99982285,0.99979794,0.9998272,0.999999,0.99979824,0.99977714,0.999766,0.99978125,0.9997651,0.9997724,0.99955887,0.999471,0.99969107
ipip143,0.9998591,0.9997916,0.9998431,0.99979067,0.99986833,0.9997948,0.9998634,0.9997949,0.99986,0.9997908,0.9997595,0.9998389,0.99978775,0.99975747,0.9997173,0.99980265,0.99984944,0.99977034,0.99984294,0.9998045,0.999871,0.9998168,0.99989116,0.9998662,0.99978954,0.9998599,0.99976176,0.9998645,0.9998088,0.99980944,0.9998425,0.9998406,0.99978584,0.9998542,0.999852,0.99988794,0.99984664,0.9998546,0.9998257,0.99984205,0.99975705,0.9998779,0.99983054,0.99974483,0.9997464,0.9998733,0.9998191,0.9997755,0.99984586,0.9997429,0.99980605,0.99946994,0.99985826,0.9997691,0.99972713,0.99981135,0.9996873,0.9997987,0.99980474,0.9998335,0.99985373,0.9998328,0.99987406,0.9998016,0.99983877,0.9998007,0.9998602,0.999864,0.9998319,0.99978334,0.9998825,0.9998966,0.9996933,0.9998292,0.99984396,0.9994499,0.99974024,0.99982744,0.999822,0.9998507,0.9998097,0.9998664,0.9997773,0.9998299,0.9998656,0.9998454,0.9998311,0.9997779,0.9997061,0.9998161,0.9997899,0.9998653,0.9998588,0.9997476,0.99965394,0.99972224,0.9998444,0.9997989,0.999705,0.99966687,0.9998129,0.9998649,0.99983215,0.9998054,0.9998535,0.9996789,0.99984103,0.99974066,0.99986744,0.9998635,0.9998646,0.999816,0.9998177,0.99984,0.9998584,0.9998543,0.99985933,0.9998801,0.99986064,0.99981594,0.9998677,0.9998069,0.99987763,0.9998644,0.999866,0.9997714,0.9998364,0.999841,0.99981034,0.9997743,0.99988574,0.99956506,0.9998443,0.9997259,0.9998689,0.999881,0.999837,0.9998569,0.99987,0.9998504,0.9998507,0.9998518,0.99981296,0.99984324,0.99985725,0.99968493,0.9998342,0.9998391,0.99971426,0.9998388,0.9998659,0.999824,0.99974966,0.9997118,0.9998601,0.99987906,0.9998824,0.9998597,0.9997083,0.99986434,0.99979025,0.99991614,0.99982464,0.9997716,0.99985874,0.99933106,0.9998647,0.9998505,0.9998403,0.9997992,0.9998885,0.999773,0.99984956,0.999849,0.99984056,0.9998578,0.99989676,0.9998315,0.99983877,0.99984777,0.9997995,0.99982774,0.9997861,0.99981624,0.99968636,0.9998113,0.9998655,0.9998684,0.99986875,0.99979895,0.9998456,0.99986225,0.99986076,0.9998447,0.9998717,0.99986106,0.99988365,0.99987173,0.99977076,0.99980116,0.9998463,0.99985725,0.999773,0.99986523,0.9998696,0.9998266,0.9998659,0.9995944,0.9997865,0.99973744,0.99982965,0.9998081,0.99983126,0.9998525,0.9997988,0.999754,0.99984604,0.9993013,0.99984187,0.99985075,0.9998994,0.99976885,0.9998453,0.99981505,0.9996833,0.99984396,0.9998621,0.99985945,0.99958813,0.99976736,0.9998568,0.999837,0.99987733,0.99982905,0.9998555,0.9997781,0.9998767,0.99984956,0.9999151,0.99987274,0.9998824,0.99989897,0.99986756,0.9997987,0.9998317,0.9998983,0.9998239,0.99989545,0.99957865,0.9998694,0.9998695,0.9998668,0.99980456,0.9998706,0.999833,0.9998609,0.99984115,0.99989027,0.9998612,0.9998706,0.99986756,0.9997658,0.9998255,0.99971294,0.9997868,0.9998597,0.9998726,0.9998602,0.9998832,0.9997131,0.9998802,0.99980426,0.99983567,0.99987495,0.9998433,0.9998989,0.99989116,0.99985117,0.99979824,0.99999833,0.99983007,0.999876,0.999859,0.9998118,0.999853,0.9995936,0.9995132,0.9997611
ipip173,0.99978536,0.99975026,0.9997806,0.9997539,0.99982023,0.99974567,0.9998094,0.9997746,0.9998585,0.999764,0.99976534,0.9998096,0.9997523,0.99973065,0.999719,0.99975485,0.9997911,0.999777,0.99978924,0.99976045,0.99979544,0.9997565,0.99981296,0.99985,0.9997787,0.9998059,0.9998108,0.99980605,0.999765,0.99980867,0.9998249,0.9998285,0.99977416,0.99983126,0.99979043,0.9998119,0.99976945,0.99978673,0.9997759,0.9998039,0.99973863,0.99983954,0.9998004,0.9997066,0.9997535,0.9998156,0.999811,0.9997572,0.99977964,0.9997228,0.99977845,0.99948156,0.99981767,0.9997281,0.9999026,0.9997956,0.999664,0.9997707,0.9997434,0.9998316,0.9997824,0.9997753,0.99979025,0.99979675,0.9997822,0.99975544,0.99979526,0.99984384,0.999834,0.9998055,0.9998124,0.9998091,0.99967384,0.9997737,0.99978346,0.99938565,0.99970585,0.99976015,0.9998697,0.9998899,0.9997954,0.9998041,0.99971247,0.9997798,0.99979305,0.9997817,0.9997727,0.99972945,0.99971706,0.9997929,0.999761,0.99979067,0.99978864,0.99969125,0.999657,0.99969184,0.99979454,0.9998819,0.9996689,0.99965495,0.99973905,0.99983525,0.9997802,0.9997639,0.9997914,0.99966127,0.9997792,0.9997409,0.99982184,0.99978876,0.9998026,0.99977696,0.9997745,0.9997668,0.9997993,0.99979556,0.99978733,0.9998168,0.9998069,0.99975806,0.99979234,0.9997447,0.99980426,0.9998027,0.99977434,0.999783,0.99978065,0.9997991,0.99994004,0.9997321,0.99981195,0.99953187,0.9997558,0.9996967,0.999788,0.99983984,0.99983823,0.9998588,0.99980956,0.99979895,0.9997892,0.9998006,0.99974644,0.9998143,0.9998042,0.99964297,0.99978715,0.9998349,0.9997543,0.99979067,0.9998434,0.99981076,0.9997106,0.9996574,0.99978596,0.9998059,0.99980146,0.99979305,0.999629,0.9998005,0.9997113,0.9998331,0.9997919,0.9997816,0.999804,0.99937296,0.9998206,0.9998138,0.99978817,0.99969995,0.9998073,0.9997232,0.9997634,0.99980026,0.9998789,0.9998068,0.9998095,0.9997938,0.99983144,0.9997952,0.99975824,0.9998608,0.99974847,0.99986535,0.999675,0.99975634,0.99980813,0.9998165,0.9998088,0.9997911,0.9997902,0.9998142,0.9998034,0.9998762,0.9998073,0.999803,0.99980974,0.99981225,0.9997543,0.9998143,0.99980515,0.9998154,0.9997587,0.99980277,0.99981767,0.9998228,0.9998421,0.9996419,0.99977034,0.9997687,0.99979705,0.99974996,0.999868,0.99983746,0.9998574,0.99974525,0.99976534,0.99933815,0.9997675,0.9997758,0.999814,0.99974746,0.99979186,0.99980706,0.9996672,0.9998111,0.9997936,0.99980706,0.9995801,0.99976975,0.99980736,0.99978834,0.99983436,0.9997901,0.9997872,0.9997614,0.99984396,0.99977756,0.9998175,0.9997817,0.9998064,0.999773,0.99980414,0.9998695,0.99978495,0.9998453,0.9998023,0.99981916,0.999529,0.99978215,0.99988866,0.999889,0.9998251,0.9998806,0.9998518,0.9997909,0.99977624,0.99986964,0.9997404,0.9998243,0.9998208,0.9998304,0.9997911,0.9996827,0.99980193,0.99981993,0.99979794,0.9998577,0.9998092,0.9996831,0.9998213,0.99985534,0.99983376,0.9998307,0.99984366,0.9998223,0.9998221,0.99983144,0.99977714,0.99983007,0.9999991,0.9998531,0.9998655,0.9999686,0.9998169,0.99965423,0.99950916,0.99972624
ipip203,0.9998975,0.99976665,0.99984854,0.9997682,0.9998679,0.9997601,0.99991137,0.99982196,0.99989104,0.9997697,0.9998011,0.99986666,0.9997937,0.99975526,0.9996955,0.99983215,0.99986523,0.9997622,0.9998499,0.9998461,0.9998668,0.99979883,0.9998581,0.999863,0.9997648,0.999866,0.99975675,0.99987346,0.99981844,0.9998379,0.9998584,0.99986786,0.99981284,0.99987274,0.99990296,0.99986887,0.99988556,0.9999022,0.9998449,0.99985963,0.99976146,0.99989176,0.9998083,0.9997677,0.99969447,0.9998513,0.9997935,0.99975604,0.9998527,0.9997331,0.9998151,0.9993973,0.99988335,0.99976635,0.9997464,0.9998263,0.9996782,0.9997715,0.9997774,0.9998566,0.9998751,0.9998011,0.99989516,0.99979806,0.9998035,0.9997451,0.99989897,0.99987787,0.99986035,0.9997708,0.9999051,0.99985915,0.99962217,0.99981445,0.99980843,0.9993782,0.99974203,0.9998409,0.9998375,0.9998706,0.9998203,0.9998981,0.99977887,0.99986994,0.9998625,0.99990606,0.99988574,0.99977374,0.9997215,0.9998541,0.9997994,0.99989104,0.9998586,0.9997032,0.9996212,0.9996932,0.9998977,0.99981654,0.99969137,0.99963725,0.99982464,0.99988467,0.9998444,0.99980164,0.99985826,0.9996157,0.9998725,0.99972844,0.9998713,0.99992085,0.9999321,0.9998239,0.99981624,0.99981815,0.99990445,0.999792,0.99988365,0.9998906,0.99989676,0.9998218,0.99989253,0.99980044,0.9998629,0.99986506,0.99988276,0.9997592,0.9998273,0.99989885,0.99981827,0.9997954,0.99990135,0.9994992,0.99975896,0.9996904,0.99989146,0.999882,0.9998318,0.99988204,0.9999381,0.99990153,0.99988806,0.99985605,0.999778,0.99984246,0.9998528,0.9996758,0.99985266,0.9998652,0.99969673,0.9998673,0.9998868,0.9998111,0.9996863,0.9996392,0.9998997,0.99981153,0.9998203,0.99982476,0.99967223,0.99990106,0.9997011,0.99990535,0.99984896,0.9997417,0.99990034,0.9993563,0.9999064,0.999811,0.99986213,0.9997877,0.9998976,0.9997207,0.9998921,0.9998571,0.99988556,0.99991786,0.99988574,0.9998511,0.9998352,0.9998564,0.9997701,0.99982345,0.9997719,0.99983174,0.9996444,0.9998057,0.9998931,0.9998979,0.9998926,0.99976957,0.9998835,0.9999085,0.9999027,0.9998889,0.9998924,0.9999263,0.999885,0.99990946,0.99973947,0.99979395,0.99986565,0.9998933,0.9997458,0.9999042,0.9998559,0.9997982,0.99990004,0.99954647,0.99975806,0.99974084,0.9998268,0.9998244,0.99988335,0.9998509,0.9998196,0.9997108,0.9998396,0.99920785,0.99982905,0.9998575,0.9998771,0.9998036,0.999871,0.9997976,0.99969673,0.999903,0.9999017,0.99986905,0.99948794,0.9997481,0.9998566,0.99985987,0.9998829,0.9998342,0.99989617,0.99977845,0.9998687,0.99982387,0.99987286,0.99977416,0.99986744,0.9998237,0.99991083,0.9998089,0.9998405,0.9998814,0.9997832,0.9999027,0.9994883,0.9998112,0.9999006,0.99990714,0.9998009,0.99990684,0.9998464,0.99985856,0.99984527,0.9998714,0.99977154,0.9998579,0.999905,0.9997648,0.99984616,0.99971503,0.99978274,0.9998764,0.9998163,0.99981225,0.9998254,0.99962676,0.9999246,0.9997912,0.999828,0.9999116,0.9998489,0.9998435,0.9998487,0.99986154,0.999766,0.999876,0.9998531,0.99999803,0.99985933,0.99985546,0.9999179,0.9995743,0.99947226,0.99977016
ipip233,0.9998106,0.9997828,0.9998046,0.9997771,0.99983305,0.9997587,0.9998395,0.99983436,0.99986386,0.99978495,0.9997501,0.9998066,0.9997882,0.9997455,0.9997271,0.9997902,0.99981976,0.9997493,0.9998148,0.9998085,0.9998343,0.9997949,0.9998243,0.99985737,0.99977934,0.99983543,0.99979293,0.9998504,0.99977577,0.99978864,0.9998155,0.9998652,0.99977463,0.99986637,0.99983054,0.9998266,0.999807,0.9998178,0.9998016,0.99983144,0.9997613,0.99985415,0.9998119,0.9997182,0.99974406,0.9998233,0.9998348,0.9997572,0.9998027,0.999727,0.9998106,0.9995178,0.9998426,0.9997911,0.9997422,0.99983394,0.9996525,0.9997709,0.9997656,0.9998522,0.99982065,0.9997954,0.9998344,0.9997805,0.9998097,0.9997756,0.9998606,0.99988234,0.99984133,0.9998116,0.99982035,0.99982786,0.9996586,0.99979514,0.9997987,0.99948204,0.99974984,0.99980026,0.99982464,0.9998409,0.9998038,0.99983335,0.9997459,0.9997778,0.9998241,0.9998141,0.9998214,0.9997741,0.9997029,0.99982953,0.9997611,0.9998135,0.9998127,0.99971527,0.9996402,0.99973583,0.99980813,0.9998324,0.9996891,0.99968606,0.999793,0.99982655,0.9998015,0.9997793,0.9998121,0.99976027,0.9998199,0.99976194,0.99991614,0.9998354,0.99983734,0.99977887,0.9997924,0.9998062,0.99984777,0.99979717,0.99982214,0.9998394,0.99982613,0.9998175,0.99983644,0.9997929,0.99984133,0.99982464,0.99980587,0.9998072,0.99985886,0.999833,0.9998123,0.9997747,0.99983233,0.99954265,0.99976665,0.9996904,0.9998209,0.99983245,0.99981934,0.9998669,0.9998396,0.99980587,0.9998005,0.9998439,0.99976397,0.9998407,0.99981415,0.99967587,0.9998028,0.9998425,0.9997382,0.9998177,0.99984294,0.99979407,0.9997174,0.99969846,0.9998174,0.9998117,0.9998111,0.99980897,0.9996681,0.99984974,0.99972945,0.99985266,0.99980074,0.9997427,0.9998189,0.99935687,0.9998558,0.9998416,0.9998284,0.9997382,0.9998226,0.9997424,0.99979496,0.9997965,0.9998332,0.9998326,0.999858,0.9998272,0.9998495,0.99986356,0.9998078,0.99982476,0.99975985,0.99982685,0.9996661,0.9998093,0.999861,0.9998672,0.99986565,0.9998147,0.9998469,0.99984133,0.9998337,0.9998296,0.99983567,0.99982184,0.99986595,0.9998473,0.9997841,0.99985236,0.9998743,0.99984944,0.99981695,0.99983865,0.9998448,0.99979883,0.99986255,0.99965274,0.9998647,0.99978125,0.99981767,0.9998259,0.9998205,0.999849,0.9998267,0.9997409,0.9998261,0.9993695,0.9998047,0.99980927,0.99982536,0.99976283,0.9998452,0.99981415,0.9996757,0.99981815,0.99985504,0.99986655,0.99965864,0.999807,0.99988574,0.99982524,0.9998622,0.999806,0.99983424,0.999784,0.99987364,0.99981016,0.99984336,0.999803,0.9998261,0.9998266,0.99983263,0.9998438,0.99982667,0.9999345,0.9998021,0.99983394,0.9995794,0.99981433,0.9998671,0.99986655,0.99981505,0.9998594,0.9998428,0.9998623,0.99983275,0.999856,0.99977434,0.9998764,0.9998584,0.9997877,0.99984735,0.99976265,0.9998397,0.9998408,0.999813,0.9998241,0.999821,0.99966186,0.99985725,0.9998318,0.99981695,0.999864,0.9998423,0.9998627,0.99986076,0.9998566,0.99978125,0.999859,0.9998655,0.99985933,0.9999971,0.9998414,0.99988365,0.9996452,0.9995526,0.9997612
ipip263,0.9997651,0.9997344,0.99976707,0.9997343,0.9998013,0.9997327,0.99979883,0.99976397,0.9998467,0.9997409,0.99975884,0.9997987,0.99974316,0.9997146,0.9997143,0.9997436,0.9997717,0.9997693,0.9997703,0.9997525,0.9997798,0.99974406,0.9997999,0.999841,0.9997607,0.9997859,0.999794,0.99978805,0.99974424,0.9997948,0.99980134,0.999828,0.99977577,0.99981415,0.9997806,0.99979615,0.9997532,0.99977475,0.99976164,0.9997918,0.9997287,0.9998435,0.99978966,0.99969804,0.9997366,0.99979943,0.9997997,0.9997536,0.9997704,0.9997047,0.9997722,0.9994805,0.9998153,0.9997168,0.99989855,0.99977934,0.9996437,0.99975896,0.9997328,0.99981123,0.9997721,0.9997576,0.9997766,0.9997772,0.9997671,0.99974793,0.99977905,0.9998259,0.99982446,0.9997958,0.9997883,0.9997935,0.9996544,0.99975914,0.9997689,0.999374,0.9996939,0.9997393,0.99986106,0.99987805,0.99979264,0.9997904,0.9997078,0.9997639,0.9997784,0.9997641,0.9997548,0.9997149,0.99970233,0.99977577,0.99974674,0.9997753,0.999775,0.99967927,0.9996415,0.99967384,0.99978095,0.9998741,0.99965715,0.9996465,0.99971825,0.99982333,0.9997643,0.99975616,0.9997772,0.99966156,0.9997639,0.9997424,0.99981064,0.9997795,0.99979013,0.99976075,0.9997607,0.99975294,0.9997807,0.9997747,0.9997692,0.99979883,0.99979067,0.9997468,0.99977493,0.9997318,0.99978715,0.99978834,0.9997543,0.9997651,0.99976885,0.99979085,0.9999291,0.99971616,0.9997934,0.999533,0.99974716,0.99968153,0.99977094,0.9998252,0.9998315,0.9998488,0.9997949,0.999781,0.99976945,0.99978805,0.99973625,0.9998117,0.9997852,0.99963707,0.9997715,0.9998245,0.99974644,0.9997733,0.99982977,0.9997987,0.9996915,0.9996379,0.9997684,0.9997935,0.9997874,0.9997852,0.99961454,0.9997862,0.99970424,0.9998215,0.9997739,0.99978286,0.9997874,0.99936384,0.99980927,0.9997974,0.99976647,0.9996908,0.99979275,0.9996999,0.99974495,0.99977505,0.99986213,0.99978936,0.99979544,0.99978477,0.99981123,0.999787,0.9997415,0.99984556,0.99973935,0.99985224,0.9996593,0.99974054,0.9997922,0.9998046,0.99979347,0.99978346,0.99977356,0.9997991,0.9997843,0.9998587,0.9997901,0.9997891,0.99979466,0.99979305,0.99974126,0.99980056,0.999798,0.999807,0.9997448,0.9997811,0.99980235,0.999816,0.99983007,0.99963367,0.99976957,0.9997544,0.9997832,0.9997328,0.99984866,0.99982315,0.999846,0.99973464,0.9997517,0.9993217,0.9997494,0.9997661,0.9998004,0.9997336,0.9997774,0.9997935,0.9996524,0.99979466,0.9997824,0.9997938,0.99956894,0.99975866,0.99979573,0.99977535,0.9998231,0.9997756,0.99976784,0.9997593,0.99982816,0.99976194,0.99980503,0.9997625,0.9997914,0.99976486,0.9997827,0.9998551,0.99977106,0.9998238,0.99978304,0.9998039,0.9994999,0.9997671,0.9998704,0.9998797,0.9998168,0.9998712,0.99984884,0.9997767,0.9997572,0.9998536,0.9997316,0.99981123,0.9998045,0.9998169,0.99977875,0.9996729,0.9997882,0.99980444,0.999781,0.99984723,0.9997873,0.9996712,0.9998127,0.999841,0.9998143,0.9998168,0.9998303,0.999812,0.9998132,0.9998197,0.9997651,0.9998118,0.9999686,0.99985546,0.9998414,0.9999968,0.99981,0.99963826,0.99950826,0.99973136
ipip293,0.99984765,0.99977285,0.99983114,0.9997677,0.9998342,0.99975014,0.9998765,0.9998249,0.99987197,0.9997685,0.9997928,0.9998392,0.99981475,0.99977833,0.9997023,0.9998363,0.9998636,0.99974,0.9998473,0.99985445,0.99985915,0.99979544,0.99983555,0.99983585,0.9997567,0.9998608,0.99977183,0.9998672,0.9998241,0.9998387,0.9998284,0.99987537,0.9998028,0.9998625,0.9998773,0.9998539,0.99986,0.99986655,0.9998376,0.9998389,0.9998016,0.9998889,0.99980557,0.99978,0.99971443,0.9998192,0.9997915,0.99973565,0.99983466,0.9997544,0.99980116,0.99947923,0.9998709,0.9997978,0.99972326,0.9998531,0.9996672,0.99979657,0.99978656,0.99986017,0.9998573,0.99981153,0.9998686,0.99976516,0.9997895,0.9997448,0.99987745,0.99983793,0.99983525,0.9997728,0.99985945,0.9998487,0.99964917,0.99981946,0.99981594,0.999488,0.99977815,0.99984634,0.9998399,0.99985474,0.9997982,0.99986637,0.9997982,0.99981,0.999851,0.99986446,0.9998647,0.9998054,0.9997293,0.9998446,0.999795,0.99985635,0.99984914,0.99973655,0.99967104,0.9997503,0.99984866,0.99981725,0.9997374,0.999718,0.9998387,0.9998495,0.9998431,0.9997977,0.9998415,0.9997046,0.99985844,0.9997208,0.99989593,0.9998959,0.9999094,0.9998099,0.99983156,0.99984014,0.99988323,0.9997987,0.99986553,0.99986935,0.9998642,0.9998469,0.99986464,0.99983025,0.9998574,0.9998507,0.99985445,0.999791,0.9998518,0.99990934,0.99978906,0.9998129,0.9998717,0.9995222,0.9997803,0.99972,0.9998562,0.9998536,0.9998101,0.99989414,0.9999149,0.99985075,0.99984056,0.9998448,0.9997771,0.999831,0.99983406,0.99972,0.9998373,0.9998372,0.99975634,0.9998544,0.9998577,0.9997978,0.9997198,0.99967724,0.99985695,0.99982643,0.99981844,0.99983114,0.99970996,0.9998805,0.99975115,0.9998924,0.99982864,0.9997356,0.9998714,0.99941,0.99991226,0.99980885,0.99984473,0.9997842,0.9998578,0.9997513,0.9998466,0.9998208,0.9998469,0.9998851,0.999862,0.99983585,0.999828,0.99985904,0.9997956,0.9998302,0.9997784,0.99983424,0.9996765,0.99983436,0.99987304,0.99987364,0.99987376,0.99979484,0.9998629,0.9998844,0.9998833,0.99984664,0.9998692,0.99987483,0.9998763,0.9998781,0.9997659,0.9998049,0.9998644,0.9998602,0.9997722,0.99988234,0.99984384,0.9997777,0.99987733,0.9996035,0.99981564,0.9997821,0.99982595,0.99983287,0.9998363,0.9998595,0.999845,0.9997272,0.9998582,0.99928427,0.99983853,0.99985266,0.9998486,0.9998204,0.9998886,0.99980026,0.9997344,0.9998762,0.99988383,0.99986655,0.99957085,0.999752,0.9998677,0.99985427,0.99986714,0.9997935,0.9998821,0.99979717,0.9998443,0.99983376,0.99985003,0.99979013,0.99985313,0.99983597,0.99988425,0.99980116,0.99985933,0.9998841,0.99977005,0.9998699,0.99954766,0.9998199,0.9998763,0.99987984,0.99982697,0.99987864,0.9998598,0.9998639,0.9998339,0.9998401,0.99979126,0.9998324,0.99989533,0.99977994,0.99986106,0.9997633,0.99977946,0.9998862,0.99983054,0.9997759,0.99982744,0.9996724,0.99990165,0.99980193,0.999812,0.9999167,0.9998372,0.99985635,0.9998936,0.9998463,0.9997724,0.999853,0.9998169,0.9999179,0.99988365,0.99981,0.9999982,0.99959475,0.9995614,0.9997701
ipip58,0.9995416,0.99973994,0.99960935,0.9997564,0.99968916,0.99970526,0.9995592,0.9996297,0.99961257,0.99976563,0.9996006,0.99960005,0.9996029,0.99958247,0.99957097,0.999568,0.9995776,0.99955314,0.9995898,0.9995677,0.9995902,0.99958265,0.9995786,0.99960953,0.99960715,0.9995974,0.9996517,0.9995966,0.99956393,0.999622,0.99955887,0.99963504,0.9995624,0.9995999,0.9995515,0.99960566,0.9995315,0.99952745,0.9995607,0.999604,0.9995793,0.9995916,0.9996349,0.99953127,0.99973243,0.999618,0.9996442,0.9995827,0.9995844,0.9995691,0.9996104,0.9994681,0.9996441,0.9995812,0.9996006,0.99964094,0.9996463,0.9996342,0.99969363,0.99963266,0.99953157,0.99959075,0.99953,0.99961615,0.9995844,0.99958515,0.99956805,0.99957603,0.9995912,0.999672,0.9995303,0.99956125,0.9995995,0.9995921,0.99961096,0.99932957,0.9995267,0.9995406,0.999637,0.999641,0.99958324,0.99957526,0.99952877,0.99953294,0.99958915,0.9995213,0.99954385,0.9995595,0.9995484,0.99957806,0.9995591,0.9995079,0.99956053,0.9995384,0.99953353,0.9995919,0.99953544,0.99963814,0.99952435,0.9995219,0.9995443,0.99957,0.9995413,0.9995387,0.99956566,0.9995651,0.99954754,0.99951464,0.9995938,0.99953663,0.99956197,0.9995713,0.9996219,0.9995722,0.99955606,0.99959224,0.99953,0.99956363,0.99955964,0.9995617,0.9995476,0.9995654,0.99958783,0.99956656,0.9995325,0.9995692,0.99959904,0.9995803,0.9996315,0.9995532,0.9995521,0.99936765,0.9995856,0.9995177,0.9995465,0.9996013,0.99960786,0.9996328,0.99953693,0.9995084,0.9995137,0.9995803,0.99956465,0.9995949,0.9995798,0.9995377,0.99955535,0.99958634,0.99959797,0.9995898,0.9995548,0.9995687,0.9995289,0.99953365,0.9995088,0.9995952,0.9995803,0.9995817,0.99954695,0.9995331,0.9995641,0.9995936,0.9995297,0.9995661,0.9995388,0.999283,0.9995848,0.9996048,0.99956524,0.9995219,0.9995528,0.99960303,0.99949574,0.9995244,0.999581,0.999555,0.9995811,0.9996193,0.99961275,0.99957013,0.9995691,0.99963623,0.9995585,0.99963784,0.9995978,0.99957275,0.9995622,0.9995594,0.9995615,0.99958974,0.9995489,0.9995733,0.999568,0.99958575,0.99956834,0.9995323,0.99957436,0.99955344,0.99955326,0.9996399,0.99958545,0.99954957,0.9996632,0.9995645,0.99961376,0.99959385,0.9995652,0.99960214,0.99963135,0.9996026,0.99959797,0.9995149,0.99957687,0.9996067,0.9996489,0.99958503,0.9995583,0.99931455,0.9995785,0.9995521,0.99955344,0.99955773,0.9995974,0.9996146,0.9995436,0.9995672,0.9995347,0.99957824,0.9995531,0.99958766,0.9995986,0.9995818,0.9995911,0.99955755,0.9995563,0.99958533,0.9995983,0.99957657,0.9995726,0.9995777,0.9995722,0.99958205,0.99954605,0.9996367,0.99960285,0.9996095,0.9997347,0.99953777,0.9994897,0.99960923,0.999628,0.9996216,0.9996178,0.99961525,0.99962705,0.99960065,0.99959004,0.9996063,0.9995862,0.9995911,0.9995949,0.99962884,0.9996198,0.99960476,0.9996393,0.99961525,0.99957174,0.9995638,0.9995781,0.9995531,0.99956983,0.9996853,0.9995838,0.99959254,0.99961346,0.99960405,0.9995981,0.9995825,0.99955887,0.9995936,0.99965423,0.9995743,0.9996452,0.99963826,0.99959475,0.99999595,0.99959004,0.9996992
ipip178,0.9994237,0.99960405,0.9995086,0.9996217,0.99954814,0.9995634,0.99946374,0.9995688,0.99951595,0.9996369,0.9995303,0.9994818,0.99957335,0.999548,0.99948615,0.9995198,0.99951994,0.9994588,0.9995372,0.99953157,0.9995112,0.9994945,0.9995021,0.999511,0.99946696,0.9995225,0.99955696,0.99952173,0.99949145,0.99954116,0.9994208,0.999552,0.9994967,0.9994841,0.9994497,0.99951386,0.9994681,0.9994561,0.9994934,0.9994958,0.9995582,0.99954385,0.9995158,0.99949586,0.9995784,0.9995139,0.99955285,0.9994676,0.9994986,0.9995104,0.9995575,0.999494,0.99955904,0.9995497,0.9994898,0.99961144,0.99951375,0.99959385,0.9996288,0.99955523,0.99943703,0.9994949,0.99943286,0.99943066,0.9994765,0.9994732,0.9994729,0.99943453,0.99946856,0.99953496,0.99940336,0.9994903,0.9994739,0.9994857,0.99950594,0.99939525,0.9994795,0.9994842,0.99954647,0.99951696,0.9994443,0.9994714,0.99953705,0.99937356,0.9994988,0.99942195,0.9994538,0.9995489,0.99943775,0.9994888,0.9994487,0.99941075,0.999482,0.9994894,0.9994804,0.999542,0.99941045,0.9995354,0.9995168,0.9995619,0.9994949,0.9994372,0.99945813,0.9994747,0.9994756,0.9995,0.9995022,0.9993967,0.9995245,0.9994539,0.99946284,0.999446,0.9995306,0.9995264,0.99946547,0.99952394,0.9994508,0.9994664,0.99944705,0.9995338,0.99946004,0.99951935,0.9994967,0.99946123,0.99945605,0.99944764,0.9995551,0.9995371,0.9994917,0.9995041,0.9994747,0.9993914,0.99953705,0.9994731,0.9994651,0.99949056,0.9994904,0.9995724,0.99945736,0.99937326,0.9993916,0.9994862,0.9995044,0.9994999,0.9994787,0.99950176,0.9994658,0.9994526,0.99959314,0.99950165,0.9994509,0.99946356,0.9995124,0.9994752,0.9993846,0.9995325,0.9995087,0.9995121,0.99948895,0.9994362,0.9995567,0.9995107,0.99943715,0.99943405,0.9994266,0.99929464,0.99953306,0.9995092,0.9994838,0.9994513,0.9994384,0.9995063,0.9993772,0.9994169,0.9994355,0.99944854,0.9995004,0.9995192,0.9995228,0.99949974,0.9995402,0.9995133,0.9994639,0.9995181,0.99950755,0.99948686,0.99946827,0.99946034,0.99946755,0.9995181,0.9994543,0.999458,0.9994602,0.9994274,0.99945915,0.9994055,0.9995005,0.99944955,0.99949807,0.9995581,0.99951136,0.99942654,0.9995912,0.99946105,0.9994918,0.99946725,0.9994528,0.99951965,0.99955624,0.9995803,0.99951667,0.9994355,0.99941695,0.9994854,0.9995561,0.9994815,0.99957293,0.9992517,0.9995166,0.999499,0.9994653,0.999523,0.99954456,0.9995097,0.99952906,0.99947894,0.9994408,0.9995054,0.9994965,0.999446,0.9995337,0.9994678,0.9994701,0.9994221,0.9994517,0.99947214,0.9994615,0.99952054,0.99949414,0.99952686,0.999507,0.9995611,0.9994486,0.99948204,0.9995444,0.99950224,0.9996112,0.99944395,0.9994332,0.99953306,0.99951977,0.99951077,0.9996127,0.9995115,0.99958503,0.99952745,0.99951434,0.99950117,0.9995062,0.9994574,0.99949956,0.99951524,0.9995394,0.99955255,0.99957186,0.9995303,0.9995226,0.99944884,0.9994896,0.99948645,0.9994745,0.9995847,0.9994676,0.999525,0.9995264,0.99953485,0.9995513,0.99946535,0.999471,0.9995132,0.99950916,0.99947226,0.9995526,0.99950826,0.9995614,0.99959004,0.99999833,0.99964833
ipip208,0.99975985,0.9997963,0.9997801,0.9998268,0.9998194,0.99977094,0.9997668,0.9997589,0.9997784,0.9998143,0.9997533,0.9998004,0.9997518,0.9997026,0.9996779,0.9997448,0.9997668,0.9996885,0.99975705,0.999754,0.9997753,0.99974114,0.99976623,0.99977094,0.9997007,0.99976766,0.9997092,0.9997625,0.9997169,0.99973226,0.99971753,0.9997748,0.99971217,0.99976546,0.99975777,0.9997702,0.9997542,0.9997534,0.9997389,0.9997732,0.99969333,0.9997507,0.9997423,0.9996791,0.99973774,0.9997798,0.9997575,0.9996906,0.99975616,0.99968433,0.99976426,0.9995066,0.9998195,0.9996973,0.9996409,0.9997595,0.99972516,0.9997122,0.9998401,0.99976623,0.99975204,0.9997538,0.9997687,0.99972504,0.99972594,0.9997069,0.999766,0.99973255,0.99971443,0.99972725,0.9997585,0.9997635,0.99967337,0.9997675,0.9997785,0.9994299,0.99967295,0.99973226,0.9997424,0.99976397,0.9997583,0.9997876,0.99975216,0.9997263,0.99977416,0.99976206,0.9997528,0.9997122,0.9996489,0.9997527,0.99970776,0.9997519,0.99977845,0.99967116,0.9996228,0.99973977,0.9997639,0.9997465,0.99966127,0.99961215,0.9997535,0.9997653,0.9997418,0.9997232,0.9997676,0.99961525,0.9997268,0.9996559,0.99976,0.99976355,0.9997732,0.9997449,0.9997764,0.99972826,0.9997645,0.99974537,0.9997387,0.99975824,0.999754,0.9997423,0.9997622,0.9997291,0.9997564,0.99974924,0.9997554,0.99967855,0.99973524,0.9997556,0.9997002,0.9997147,0.99976826,0.99944204,0.9997211,0.9996436,0.9997571,0.999776,0.999763,0.9997819,0.99975705,0.99972254,0.9997361,0.9997695,0.9997098,0.9997724,0.9997572,0.99965936,0.9997287,0.9997112,0.99966794,0.99975955,0.9997486,0.9997163,0.9996396,0.9996318,0.9997407,0.9997494,0.9997367,0.99974656,0.99967104,0.9997526,0.99969274,0.9997912,0.9997258,0.99969697,0.9997525,0.9993528,0.9997866,0.99971527,0.9997419,0.9996969,0.9997604,0.99968255,0.99972326,0.9997096,0.99973893,0.9997569,0.999768,0.9997636,0.99974257,0.99975044,0.9996929,0.99973774,0.99969095,0.9997458,0.9996354,0.99973536,0.9997669,0.9997586,0.9997577,0.9997138,0.99974424,0.9997551,0.9997559,0.99974453,0.9997691,0.9997431,0.9997642,0.9997557,0.99966913,0.99974185,0.9997604,0.99974775,0.9997296,0.99975365,0.999759,0.9997306,0.9997571,0.99958545,0.9997198,0.999696,0.9997318,0.9996906,0.99973726,0.99974823,0.9997337,0.99971026,0.9997441,0.9992535,0.99975294,0.9997328,0.9997545,0.9997031,0.9997783,0.99974555,0.99966335,0.99975824,0.9997521,0.9997553,0.99954313,0.999673,0.9997552,0.99977076,0.9997697,0.99972624,0.999765,0.99971867,0.9997479,0.9997282,0.99975467,0.99969876,0.99974126,0.9997412,0.9997432,0.9997011,0.9997283,0.9997534,0.9998182,0.9997627,0.99951994,0.9997479,0.9997694,0.99977076,0.9997294,0.99977714,0.9997572,0.99977565,0.99974847,0.9997835,0.99971735,0.9997473,0.9997694,0.99970514,0.9997519,0.999676,0.9997269,0.9997817,0.9997402,0.9997075,0.9997336,0.99964833,0.9997784,0.9997438,0.9997361,0.9997811,0.9997719,0.99977446,0.99977726,0.99974483,0.99969107,0.9997611,0.99972624,0.99977016,0.9997612,0.99973136,0.9997701,0.9996992,0.99964833,0.9999978
