{
  "Gemma12": {
    "common_layer": 33,
    "n_layers": 49,
    "axes": [
      "JOY",
      "ANGER",
      "FEAR",
      "LOVE",
      "PRIDE",
      "HOPE",
      "TRUST",
      "EXCITEMENT"
    ],
    "cos": [
      [
        0.9999999999999994,
        -0.007621805920890437,
        -0.10742003514446369,
        0.25837933258065915,
        0.2539235158606668,
        0.4655862647000727,
        0.31520605197452156,
        0.42745296263951577
      ],
      [
        -0.007621805920890437,
        1.0,
        0.1024863003989332,
        -0.2702589138791123,
        -0.20603438259636656,
        -0.138708468004448,
        -0.2338413566634153,
        0.11914991109888587
      ],
      [
        -0.10742003514446369,
        0.1024863003989332,
        0.9999999999999999,
        -0.030825120187762952,
        -0.31055377668390394,
        -0.2525381528779864,
        -0.23711532065903976,
        0.08559665214876958
      ],
      [
        0.25837933258065915,
        -0.2702589138791123,
        -0.030825120187762952,
        0.9999999999999996,
        0.1578772582324163,
        0.18844498760081949,
        0.4065725433169202,
        0.19405430181422872
      ],
      [
        0.2539235158606668,
        -0.20603438259636656,
        -0.31055377668390394,
        0.1578772582324163,
        0.9999999999999999,
        0.3717832551545513,
        0.28317562749937136,
        0.10142067796530296
      ],
      [
        0.4655862647000727,
        -0.138708468004448,
        -0.2525381528779864,
        0.18844498760081949,
        0.3717832551545513,
        0.9999999999999998,
        0.19675211632326522,
        0.2856996363707149
      ],
      [
        0.31520605197452156,
        -0.2338413566634153,
        -0.23711532065903976,
        0.4065725433169202,
        0.28317562749937136,
        0.19675211632326522,
        1.0000000000000009,
        0.11818593451843906
      ],
      [
        0.42745296263951577,
        0.11914991109888587,
        0.08559665214876958,
        0.19405430181422872,
        0.10142067796530296,
        0.2856996363707149,
        0.11818593451843906,
        0.9999999999999997
      ]
    ]
  },
  "Llama8": {
    "common_layer": 22,
    "n_layers": 33,
    "axes": [
      "JOY",
      "ANGER",
      "FEAR",
      "LOVE",
      "PRIDE",
      "HOPE",
      "TRUST",
      "EXCITEMENT"
    ],
    "cos": [
      [
        1.0000000000000002,
        -0.009441144028259563,
        -0.06480243994673891,
        0.19364997965395248,
        0.07817386009112198,
        0.35640057877192105,
        0.3041823698991737,
        0.2764718979046571
      ],
      [
        -0.009441144028259563,
        0.9999999999999999,
        0.058474553768832184,
        -0.23557314936748214,
        -0.18403565230555943,
        -0.027373698693018093,
        -0.17830785424526543,
        0.14030522522143668
      ],
      [
        -0.06480243994673891,
        0.058474553768832184,
        0.9999999999999998,
        -0.06008514049010554,
        -0.18323733901296396,
        -0.1599476833876767,
        -0.21104560755383509,
        0.09098353217346909
      ],
      [
        0.19364997965395248,
        -0.23557314936748214,
        -0.06008514049010554,
        1.0000000000000002,
        0.06664624873989668,
        0.0846064945448986,
        0.3091171863501115,
        0.08626983354604673
      ],
      [
        0.07817386009112198,
        -0.18403565230555943,
        -0.18323733901296396,
        0.06664624873989668,
        0.9999999999999999,
        0.23451435264628015,
        0.050109009694958136,
        0.10486721121345237
      ],
      [
        0.35640057877192105,
        -0.027373698693018093,
        -0.1599476833876767,
        0.0846064945448986,
        0.23451435264628015,
        1.0,
        0.11411700557191011,
        0.21924504771240466
      ],
      [
        0.3041823698991737,
        -0.17830785424526543,
        -0.21104560755383509,
        0.3091171863501115,
        0.050109009694958136,
        0.11411700557191011,
        0.9999999999999999,
        0.028013964001219714
      ],
      [
        0.2764718979046571,
        0.14030522522143668,
        0.09098353217346909,
        0.08626983354604673,
        0.10486721121345237,
        0.21924504771240466,
        0.028013964001219714,
        1.0000000000000002
      ]
    ]
  },
  "Qwen7": {
    "common_layer": 19,
    "n_layers": 29,
    "axes": [
      "JOY",
      "ANGER",
      "FEAR",
      "LOVE",
      "PRIDE",
      "HOPE",
      "TRUST",
      "EXCITEMENT"
    ],
    "cos": [
      [
        1.0,
        -0.19641576263745905,
        -0.21680579158974023,
        0.4643245735602264,
        0.1984554950997634,
        0.3843272021925217,
        0.5284549060843605,
        0.4027641687142495
      ],
      [
        -0.19641576263745905,
        1.0000000000000002,
        0.11515472501361684,
        -0.3681949049860396,
        -0.268954289897732,
        -0.23521447224114372,
        -0.3165514304859253,
        0.07225065039157265
      ],
      [
        -0.21680579158974023,
        0.11515472501361684,
        1.0,
        -0.05126608296237072,
        -0.3555775879761981,
        -0.2867956890682502,
        -0.33973822888218613,
        -0.01491113796468374
      ],
      [
        0.4643245735602264,
        -0.3681949049860396,
        -0.05126608296237072,
        0.9999999999999999,
        0.20770302014187936,
        0.26132579756176194,
        0.44161767378444744,
        0.28525465497857827
      ],
      [
        0.1984554950997634,
        -0.268954289897732,
        -0.3555775879761981,
        0.20770302014187936,
        0.9999999999999999,
        0.3947505165363308,
        0.11841937995533162,
        0.3090028747275664
      ],
      [
        0.3843272021925217,
        -0.23521447224114372,
        -0.2867956890682502,
        0.26132579756176194,
        0.3947505165363308,
        0.9999999999999999,
        0.27312972668457713,
        0.30625966801097426
      ],
      [
        0.5284549060843605,
        -0.3165514304859253,
        -0.33973822888218613,
        0.44161767378444744,
        0.11841937995533162,
        0.27312972668457713,
        1.0000000000000004,
        0.056066989394411626
      ],
      [
        0.4027641687142495,
        0.07225065039157265,
        -0.01491113796468374,
        0.28525465497857827,
        0.3090028747275664,
        0.30625966801097426,
        0.056066989394411626,
        1.0000000000000002
      ]
    ]
  }
}