{
  "Gemma12": {
    "common_layer": 33,
    "n_layers": 49,
    "traits": [
      "E",
      "A",
      "C",
      "N",
      "O"
    ],
    "cos": [
      [
        0.9999999999999998,
        0.3573427495553707,
        0.23411314954623252,
        -0.12355655590115565,
        0.5654471917847507
      ],
      [
        0.3573427495553707,
        0.9999999999999994,
        0.31166107036317864,
        -0.2677198019512384,
        0.5343175778596634
      ],
      [
        0.23411314954623252,
        0.31166107036317864,
        0.9999999999999998,
        -0.19032347909284347,
        0.2697293803755392
      ],
      [
        -0.12355655590115565,
        -0.2677198019512384,
        -0.19032347909284347,
        0.9999999999999999,
        0.0002295155931237397
      ],
      [
        0.5654471917847507,
        0.5343175778596634,
        0.2697293803755392,
        0.0002295155931237397,
        1.0000000000000002
      ]
    ]
  },
  "Llama8": {
    "common_layer": 22,
    "n_layers": 33,
    "traits": [
      "E",
      "A",
      "C",
      "N",
      "O"
    ],
    "cos": [
      [
        1.0,
        0.3925962435048366,
        0.2326178968498146,
        -0.02734929209950225,
        0.6822686051865098
      ],
      [
        0.3925962435048366,
        0.9999999999999994,
        0.35046976112826284,
        -0.2318965835903333,
        0.5506781718527409
      ],
      [
        0.2326178968498146,
        0.35046976112826284,
        1.0000000000000002,
        -0.21321230575084796,
        0.3328592803771094
      ],
      [
        -0.02734929209950225,
        -0.2318965835903333,
        -0.21321230575084796,
        1.0000000000000007,
        0.027239063727234943
      ],
      [
        0.6822686051865098,
        0.5506781718527409,
        0.3328592803771094,
        0.027239063727234943,
        1.0
      ]
    ]
  },
  "Qwen7": {
    "common_layer": 19,
    "n_layers": 29,
    "traits": [
      "E",
      "A",
      "C",
      "N",
      "O"
    ],
    "cos": [
      [
        0.9999999999999999,
        0.4897652765460014,
        0.35173278592766727,
        -0.1746894489173548,
        0.6869077135803209
      ],
      [
        0.4897652765460014,
        0.9999999999999999,
        0.5184259669752782,
        -0.3780993699457458,
        0.6427909741456277
      ],
      [
        0.35173278592766727,
        0.5184259669752782,
        1.0000000000000002,
        -0.36645981381546733,
        0.4184848321529436
      ],
      [
        -0.1746894489173548,
        -0.3780993699457458,
        -0.36645981381546733,
        1.0,
        -0.08240689163968497
      ],
      [
        0.6869077135803209,
        0.6427909741456277,
        0.4184848321529436,
        -0.08240689163968497,
        0.9999999999999998
      ]
    ]
  }
}