{
  "human_source": {
    "reference": "Johnson IPIP-NEO-300 raw data via NeuroQuestAi/ipip-neo-data (GitHub)",
    "paper": "Kajonius & Johnson 2019, Europe's Journal of Psychology 15(2):260-275",
    "n_participants": 145388,
    "within_trait_mean": 0.40452589840034475,
    "across_trait_mean": -0.02131088840542792
  },
  "comparisons": {
    "meandiff-pcs": {
      "per_model_r": {
        "Gemma": 0.5887649149654668,
        "Llama": 0.5312550995098645,
        "Phi4": 0.4434683116896466,
        "Qwen": 0.5954789612747157,
        "Gemma12": 0.6322044923076572,
        "Llama8": 0.5116416695259353,
        "Qwen7": 0.6444850323372705
      },
      "cohort_mean_r": 0.5638997830872224,
      "cohort_min_r": 0.4434683116896466,
      "cohort_max_r": 0.6444850323372705
    },
    "single-zero": {
      "per_model_r": {
        "Gemma": 0.21668904462828947,
        "Llama": 0.13060051782722829,
        "Phi4": 0.1835252956617578,
        "Qwen": 0.15068360742054826,
        "Gemma12": 0.19764130337337668,
        "Llama8": 0.12258714413520813,
        "Qwen7": 0.15052202936911788
      },
      "cohort_mean_r": 0.16460699177364663,
      "cohort_min_r": 0.12258714413520813,
      "cohort_max_r": 0.21668904462828947
    },
    "single-neutral": {
      "per_model_r": {
        "Gemma": 0.0981429289183175,
        "Llama": 0.08736567883563166,
        "Phi4": 0.24277339287975985,
        "Qwen": 0.17264623493944525,
        "Gemma12": 0.06770483861732769,
        "Llama8": 0.09122456956806878,
        "Qwen7": 0.07111666969213418
      },
      "cohort_mean_r": 0.11871061620724069,
      "cohort_min_r": 0.06770483861732769,
      "cohort_max_r": 0.24277339287975985
    },
    "single-pcs": {
      "per_model_r": {
        "Gemma": 0.24224667574135017,
        "Llama": 0.1544563427778316,
        "Phi4": 0.1519663546269867,
        "Qwen": 0.13495498626658753,
        "Gemma12": 0.24015845373410172,
        "Llama8": 0.12998099551578027,
        "Qwen7": 0.1824953118157489
      },
      "cohort_mean_r": 0.1766084457826267,
      "cohort_min_r": 0.12998099551578027,
      "cohort_max_r": 0.24224667574135017
    },
    "single-ipip-mean": {
      "per_model_r": {
        "Gemma": 0.14909978773882643,
        "Llama": 0.38914303091666336,
        "Phi4": 0.540175477516196,
        "Qwen": 0.616821822606065,
        "Gemma12": 0.09539815761267303,
        "Llama8": 0.4341881736455656,
        "Qwen7": 0.05868731670150454
      },
      "cohort_mean_r": 0.3262162523910706,
      "cohort_min_r": 0.05868731670150454,
      "cohort_max_r": 0.616821822606065
    }
  }
}