{
  "ipip": {
    "models": [
      "Gemma",
      "Llama",
      "Phi4",
      "Qwen",
      "Gemma12",
      "Llama8",
      "Qwen7"
    ],
    "matrix": [
      [
        1.0,
        0.9522340597904337,
        0.9159610479789112,
        0.9339321165831942,
        0.9794498003486717,
        0.9464858164067029,
        0.9383622690439231
      ],
      [
        0.9522340597904337,
        1.0,
        0.9316570949796025,
        0.9595544722484579,
        0.9488954562822776,
        0.9760108944723046,
        0.9355425203184082
      ],
      [
        0.9159610479789112,
        0.9316570949796025,
        1.0,
        0.9235338969468253,
        0.9053455170173225,
        0.9376084578886723,
        0.8672542105355899
      ],
      [
        0.9339321165831942,
        0.9595544722484579,
        0.9235338969468253,
        1.0,
        0.9356735873806484,
        0.953930700730995,
        0.95395887959453
      ],
      [
        0.9794498003486717,
        0.9488954562822776,
        0.9053455170173225,
        0.9356735873806484,
        1.0,
        0.9494274038781214,
        0.9544046170078075
      ],
      [
        0.9464858164067029,
        0.9760108944723046,
        0.9376084578886723,
        0.953930700730995,
        0.9494274038781214,
        1.0,
        0.9223661032086498
      ],
      [
        0.9383622690439231,
        0.9355425203184082,
        0.8672542105355899,
        0.95395887959453,
        0.9544046170078075,
        0.9223661032086498,
        1.0
      ]
    ],
    "mean_pairwise_r": 0.9391232820305737
  },
  "hexaco": {
    "models": [
      "Llama",
      "Gemma",
      "Phi4",
      "Qwen",
      "Llama8",
      "Gemma12",
      "Qwen7"
    ],
    "matrix": [
      [
        1.0,
        0.9462553514881377,
        0.9479747991869393,
        0.9320199360411104,
        0.974154941401335,
        0.9340191477732884,
        0.9304454603302825
      ],
      [
        0.9462553514881377,
        1.0,
        0.9086960657943556,
        0.9043702571646133,
        0.9448141276078288,
        0.9631441758109096,
        0.9331445817192232
      ],
      [
        0.9479747991869393,
        0.9086960657943556,
        1.0,
        0.9419206335679939,
        0.9401754714644771,
        0.8852235563154721,
        0.9115777700907919
      ],
      [
        0.9320199360411104,
        0.9043702571646133,
        0.9419206335679939,
        1.0,
        0.9387720057383958,
        0.885712833431735,
        0.9430049277174948
      ],
      [
        0.974154941401335,
        0.9448141276078288,
        0.9401754714644771,
        0.9387720057383958,
        1.0,
        0.9460294148871264,
        0.9464746298766765
      ],
      [
        0.9340191477732884,
        0.9631441758109096,
        0.8852235563154721,
        0.885712833431735,
        0.9460294148871264,
        1.0,
        0.927524805670489
      ],
      [
        0.9304454603302825,
        0.9331445817192232,
        0.9115777700907919,
        0.9430049277174948,
        0.9464746298766765,
        0.927524805670489,
        1.0
      ]
    ],
    "mean_pairwise_r": 0.9326407091942227
  }
}