{
  "models": [
    "Gemma",
    "Llama",
    "Phi4",
    "Qwen",
    "Gemma12",
    "Llama8",
    "Qwen7"
  ],
  "traits": [
    "A",
    "C",
    "E",
    "N",
    "O"
  ],
  "n_personas": 50,
  "per_trait_mean_pairwise_r": {
    "A": 0.500430270636677,
    "C": 0.8186840346909308,
    "E": 0.8069745086074014,
    "N": 0.6813389875369185,
    "O": 0.8038425969557824
  },
  "per_trait_pairwise_r": {
    "A": {
      "Gemma~Llama": 0.8102424083130085,
      "Gemma~Phi4": -0.028303644257193093,
      "Gemma~Qwen": 0.8268430907956816,
      "Gemma~Gemma12": 0.7060880286126889,
      "Gemma~Llama8": 0.8756138731361937,
      "Gemma~Qwen7": 0.8961116031100733,
      "Llama~Phi4": -0.2481855264248084,
      "Llama~Qwen": 0.677272140530997,
      "Llama~Gemma12": 0.3558316857034711,
      "Llama~Llama8": 0.7861446127079781,
      "Llama~Qwen7": 0.8979308590328049,
      "Phi4~Qwen": -0.1583553543016643,
      "Phi4~Gemma12": 0.0445279656064432,
      "Phi4~Llama8": -0.21869536171740733,
      "Phi4~Qwen7": -0.16759430333242925,
      "Qwen~Gemma12": 0.5908574565905009,
      "Qwen~Llama8": 0.8587379076970489,
      "Qwen~Qwen7": 0.8329955406108477,
      "Gemma12~Llama8": 0.7302103075836781,
      "Gemma12~Qwen7": 0.54754639969274,
      "Llama8~Qwen7": 0.8932159936795636
    },
    "C": {
      "Gemma~Llama": 0.8835634732224332,
      "Gemma~Phi4": 0.914212368690228,
      "Gemma~Qwen": 0.8612126592641692,
      "Gemma~Gemma12": 0.8778839553352039,
      "Gemma~Llama8": 0.8021933057721874,
      "Gemma~Qwen7": 0.8545231562245136,
      "Llama~Phi4": 0.9237086169270061,
      "Llama~Qwen": 0.7886037433139828,
      "Llama~Gemma12": 0.8988593959261297,
      "Llama~Llama8": 0.884846478562917,
      "Llama~Qwen7": 0.7154101484822086,
      "Phi4~Qwen": 0.8388991291619374,
      "Phi4~Gemma12": 0.8022768180021377,
      "Phi4~Llama8": 0.7964722814427334,
      "Phi4~Qwen7": 0.7851683277674634,
      "Qwen~Gemma12": 0.7774002559447895,
      "Qwen~Llama8": 0.7643054070928651,
      "Qwen~Qwen7": 0.8424942575441885,
      "Gemma12~Llama8": 0.8481908728285744,
      "Gemma12~Qwen7": 0.7458319424849333,
      "Llama8~Qwen7": 0.5863081345189444
    },
    "E": {
      "Gemma~Llama": 0.8885226956599588,
      "Gemma~Phi4": 0.8317954448594376,
      "Gemma~Qwen": 0.66221970315048,
      "Gemma~Gemma12": 0.8876458846142486,
      "Gemma~Llama8": 0.9457243877056822,
      "Gemma~Qwen7": 0.8470117270177516,
      "Llama~Phi4": 0.9164426527324357,
      "Llama~Qwen": 0.6302797216520081,
      "Llama~Gemma12": 0.8049396130366812,
      "Llama~Llama8": 0.9562578770866977,
      "Llama~Qwen7": 0.9306596258978934,
      "Phi4~Qwen": 0.5263140790466395,
      "Phi4~Gemma12": 0.6617424288714098,
      "Phi4~Llama8": 0.8581078923292768,
      "Phi4~Qwen7": 0.9108392047359194,
      "Qwen~Gemma12": 0.6990855895052766,
      "Qwen~Llama8": 0.7222503012103046,
      "Qwen~Qwen7": 0.7492372020727106,
      "Gemma12~Llama8": 0.8891678340122892,
      "Gemma12~Qwen7": 0.7238012805416256,
      "Llama8~Qwen7": 0.9044195350166998
    },
    "N": {
      "Gemma~Llama": 0.6095294028213614,
      "Gemma~Phi4": 0.6068255759567536,
      "Gemma~Qwen": 0.7305013589227923,
      "Gemma~Gemma12": 0.9358067211151101,
      "Gemma~Llama8": 0.8376369642973011,
      "Gemma~Qwen7": 0.7234647441764688,
      "Llama~Phi4": 0.17411248630264162,
      "Llama~Qwen": 0.7759143588916331,
      "Llama~Gemma12": 0.5607177546458019,
      "Llama~Llama8": 0.822970104036229,
      "Llama~Qwen7": 0.8479841971278718,
      "Phi4~Qwen": 0.40471146373291317,
      "Phi4~Gemma12": 0.6555364809133762,
      "Phi4~Llama8": 0.4763453017733081,
      "Phi4~Qwen7": 0.4344930579526568,
      "Qwen~Gemma12": 0.6746183228434942,
      "Qwen~Llama8": 0.8153324554145376,
      "Qwen~Qwen7": 0.8477399963966586,
      "Gemma12~Llama8": 0.8478234596200085,
      "Gemma12~Qwen7": 0.6841163272858284,
      "Llama8~Qwen7": 0.8419382040485427
    },
    "O": {
      "Gemma~Llama": 0.846741647704407,
      "Gemma~Phi4": 0.7111674289186887,
      "Gemma~Qwen": 0.8522112456748849,
      "Gemma~Gemma12": 0.8867949837981793,
      "Gemma~Llama8": 0.9113820483874208,
      "Gemma~Qwen7": 0.9040965118579376,
      "Llama~Phi4": 0.7823280940198348,
      "Llama~Qwen": 0.7703377263281964,
      "Llama~Gemma12": 0.724146734205957,
      "Llama~Llama8": 0.9221208839754661,
      "Llama~Qwen7": 0.9214446687011429,
      "Phi4~Qwen": 0.7703330850947393,
      "Phi4~Gemma12": 0.4309937013272829,
      "Phi4~Llama8": 0.7074064101226044,
      "Phi4~Qwen7": 0.8256719258199716,
      "Qwen~Gemma12": 0.6893190722830951,
      "Qwen~Llama8": 0.8522959634810644,
      "Qwen~Qwen7": 0.8999326326331273,
      "Gemma12~Llama8": 0.8228237624369986,
      "Gemma12~Qwen7": 0.7226967208773416,
      "Llama8~Qwen7": 0.9264492884230924
    }
  }
}